{
  "ID": "8cb25625-5dce-4789-a47d-00d0d76bb2d0",
  "Version": "3.10.0.0",
  "Name": "JieSuanShareLayer",
  "Content": {
    "Content": {
      "Animation": {
        "Duration": 0,
        "Speed": 1.0,
        "Timelines": [],
        "ctype": "TimelineActionData"
      },
      "AnimationList": [],
      "ObjectData": {
        "Tag": 87,
        "Children": [
          {
            "ClipAble": false,
            "BackColorAlpha": 127,
            "ComboBoxIndex": 1,
            "SingleColor": {
              "R": 0,
              "G": 0,
              "B": 0
            },
            "FirstColor": {
              "R": 150,
              "G": 200
            },
            "EndColor": {},
            "ColorVector": {
              "ScaleY": 1.0
            },
            "TouchEnable": true,
            "AnchorPoint": {},
            "Position": {
              "X": 0.0,
              "Y": 0.0
            },
            "Scale": {
              "ScaleX": 1.0,
              "ScaleY": 1.0
            },
            "CColor": {},
            "IconVisible": false,
            "PrePosition": {
              "X": 0.0,
              "Y": 0.0
            },
            "PreSize": {
              "X": 1.0,
              "Y": 1.0
            },
            "Tag": 103,
            "ActionTag": -298998249,
            "Size": {
              "X": 1280.0,
              "Y": 720.0
            },
            "Name": "root",
            "ctype": "PanelObjectData"
          },
          {
            "FileData": {
              "Type": "Normal",
              "Path": "image/ui/common/messagebg.png",
              "Plist": ""
            },
            "BlendFunc": {
              "Src": 1,
              "Dst": 771
            },
            "AnchorPoint": {
              "ScaleX": 0.5,
              "ScaleY": 0.5
            },
            "Position": {
              "X": 417.8212,
              "Y": 345.7018
            },
            "Scale": {
              "ScaleX": -1.0,
              "ScaleY": 1.0
            },
            "CColor": {},
            "IconVisible": false,
            "PrePosition": {
              "X": 0.3264,
              "Y": 0.4801
            },
            "PreSize": {
              "X": 0.3281,
              "Y": 0.6597
            },
            "LeftMargin": 207.8212,
            "RightMargin": 652.1788,
            "TopMargin": 136.7982,
            "BottomMargin": 108.2018,
            "Tag": 101,
            "ActionTag": -1801829792,
            "Size": {
              "X": 420.0,
              "Y": 475.0
            },
            "Name": "messagebg2_1_0",
            "ctype": "SpriteObjectData"
          },
          {
            "FileData": {
              "Type": "Normal",
              "Path": "image/ui/common/messagebg.png",
              "Plist": ""
            },
            "BlendFunc": {
              "Src": 1,
              "Dst": 771
            },
            "AnchorPoint": {
              "ScaleX": 0.5,
              "ScaleY": 0.5
            },
            "Position": {
              "X": 837.8227,
              "Y": 345.5203
            },
            "Scale": {
              "ScaleX": 1.0,
              "ScaleY": 1.0
            },
            "CColor": {},
            "IconVisible": false,
            "PrePosition": {
              "X": 0.6545,
              "Y": 0.4799
            },
            "PreSize": {
              "X": 0.3281,
              "Y": 0.6597
            },
            "LeftMargin": 627.8227,
            "RightMargin": 232.1772,
            "TopMargin": 136.9797,
            "BottomMargin": 108.0203,
            "Tag": 102,
            "ActionTag": 1979262559,
            "Size": {
              "X": 420.0,
              "Y": 475.0
            },
            "Name": "messagebg2_1",
            "ctype": "SpriteObjectData"
          },
          {
            "FileData": {
              "Type": "Normal",
              "Path": "image/ui/common/commom_title_bg2.png",
              "Plist": ""
            },
            "BlendFunc": {
              "Src": 1,
              "Dst": 771
            },
            "AnchorPoint": {
              "ScaleX": 0.5,
              "ScaleY": 0.5
            },
            "Position": {
              "X": 627.8218,
              "Y": 551.9111
            },
            "Scale": {
              "ScaleX": 1.0,
              "ScaleY": 1.0
            },
            "CColor": {},
            "IconVisible": false,
            "PrePosition": {
              "X": 0.4905,
              "Y": 0.7665
            },
            "PreSize": {
              "X": 0.3297,
              "Y": 0.1181
            },
            "LeftMargin": 416.8218,
            "RightMargin": 441.1782,
            "TopMargin": 125.5889,
            "BottomMargin": 509.4111,
            "Tag": 100,
            "ActionTag": 965900922,
            "Size": {
              "X": 422.0,
              "Y": 85.0
            },
            "Name": "commom_title_bg2_4",
            "ctype": "SpriteObjectData"
          },
          {
            "FontSize": 35,
            "LabelText": "聊呗",
            "FontResource": {
              "Type": "Normal",
              "Path": "image/fonts/FZZY.TTF",
              "Plist": ""
            },
            "OutlineColor": {
              "G": 0,
              "B": 0
            },
            "ShadowColor": {
              "R": 110,
              "G": 110,
              "B": 110
            },
            "ShadowOffsetX": 2.0,
            "ShadowOffsetY": -2.0,
            "AnchorPoint": {
              "ScaleX": 0.4978,
              "ScaleY": 0.4218
            },
            "Position": {
              "X": 766.4751,
              "Y": 356.7058
            },
            "Scale": {
              "ScaleX": 1.0,
              "ScaleY": 1.0
            },
            "CColor": {},
            "IconVisible": false,
            "PrePosition": {
              "X": 0.5988,
              "Y": 0.4954
            },
            "PreSize": {
              "X": 0.057,
              "Y": 0.0556
            },
            "LeftMargin": 730.1342,
            "RightMargin": 476.8658,
            "TopMargin": 340.1671,
            "BottomMargin": 339.8329,
            "Tag": 88,
            "ActionTag": 1379135472,
            "Size": {
              "X": 73.0,
              "Y": 40.0
            },
            "Name": "Text_liaobei",
            "ctype": "TextObjectData"
          },
          {
            "FontSize": 35,
            "LabelText": "钉钉",
            "FontResource": {
              "Type": "Normal",
              "Path": "image/fonts/FZZY.TTF",
              "Plist": ""
            },
            "OutlineColor": {
              "G": 0,
              "B": 0
            },
            "ShadowColor": {
              "R": 110,
              "G": 110,
              "B": 110
            },
            "ShadowOffsetX": 2.0,
            "ShadowOffsetY": -2.0,
            "AnchorPoint": {
              "ScaleX": 0.5,
              "ScaleY": 0.5
            },
            "Position": {
              "X": 634.9453,
              "Y": 361.3069
            },
            "Scale": {
              "ScaleX": 1.0,
              "ScaleY": 1.0
            },
            "CColor": {},
            "IconVisible": false,
            "PrePosition": {
              "X": 0.4961,
              "Y": 0.5018
            },
            "PreSize": {
              "X": 0.057,
              "Y": 0.0556
            },
            "LeftMargin": 598.4453,
            "RightMargin": 608.5547,
            "TopMargin": 338.6931,
            "BottomMargin": 341.3069,
            "Tag": 89,
            "ActionTag": -2061226826,
            "Size": {
              "X": 73.0,
              "Y": 40.0
            },
            "Name": "Text_dingding",
            "ctype": "TextObjectData"
          },
          {
            "FontSize": 35,
            "LabelText": "QQ",
            "FontResource": {
              "Type": "Normal",
              "Path": "image/fonts/FZZY.TTF",
              "Plist": ""
            },
            "OutlineColor": {
              "G": 0,
              "B": 0
            },
            "ShadowColor": {
              "R": 110,
              "G": 110,
              "B": 110
            },
            "ShadowOffsetX": 2.0,
            "ShadowOffsetY": -2.0,
            "AnchorPoint": {
              "ScaleX": 0.5,
              "ScaleY": 0.5
            },
            "Position": {
              "X": 507.0624,
              "Y": 361.3069
            },
            "Scale": {
              "ScaleX": 1.0,
              "ScaleY": 1.0
            },
            "CColor": {},
            "IconVisible": false,
            "PrePosition": {
              "X": 0.3961,
              "Y": 0.5018
            },
            "PreSize": {
              "X": 0.0398,
              "Y": 0.0556
            },
            "LeftMargin": 481.5624,
            "RightMargin": 747.4376,
            "TopMargin": 338.6931,
            "BottomMargin": 341.3069,
            "Tag": 90,
            "ActionTag": -607206053,
            "Size": {
              "X": 51.0,
              "Y": 40.0
            },
            "Name": "Text_qq",
            "ctype": "TextObjectData"
          },
          {
            "FontSize": 35,
            "LabelText": "微信 ",
            "FontResource": {
              "Type": "Normal",
              "Path": "image/fonts/FZZY.TTF",
              "Plist": ""
            },
            "OutlineColor": {
              "G": 0,
              "B": 0
            },
            "ShadowColor": {
              "R": 110,
              "G": 110,
              "B": 110
            },
            "ShadowOffsetX": 2.0,
            "ShadowOffsetY": -2.0,
            "AnchorPoint": {
              "ScaleX": 0.5,
              "ScaleY": 0.5
            },
            "Position": {
              "X": 376.8257,
              "Y": 361.3069
            },
            "Scale": {
              "ScaleX": 1.0,
              "ScaleY": 1.0
            },
            "CColor": {},
            "IconVisible": false,
            "PrePosition": {
              "X": 0.2944,
              "Y": 0.5018
            },
            "PreSize": {
              "X": 0.057,
              "Y": 0.0556
            },
            "LeftMargin": 340.3257,
            "RightMargin": 866.6743,
            "TopMargin": 338.6931,
            "BottomMargin": 341.3069,
            "Tag": 91,
            "ActionTag": 1101835889,
            "Size": {
              "X": 73.0,
              "Y": 40.0
            },
            "Name": "Text_weixin",
            "ctype": "TextObjectData"
          },
          {
            "FontSize": 35,
            "LabelText": "闲聊",
            "FontResource": {
              "Type": "Normal",
              "Path": "image/fonts/FZZY.TTF",
              "Plist": ""
            },
            "OutlineColor": {
              "G": 0,
              "B": 0
            },
            "ShadowColor": {
              "R": 110,
              "G": 110,
              "B": 110
            },
            "ShadowOffsetX": 2.0,
            "ShadowOffsetY": -2.0,
            "AnchorPoint": {
              "ScaleX": 0.5,
              "ScaleY": 0.5
            },
            "Position": {
              "X": 897.7723,
              "Y": 361.3069
            },
            "Scale": {
              "ScaleX": 1.0,
              "ScaleY": 1.0
            },
            "CColor": {},
            "IconVisible": false,
            "PrePosition": {
              "X": 0.7014,
              "Y": 0.5018
            },
            "PreSize": {
              "X": 0.0555,
              "Y": 0.0556
            },
            "LeftMargin": 862.2723,
            "RightMargin": 346.7277,
            "TopMargin": 338.6931,
            "BottomMargin": 341.3069,
            "Tag": 92,
            "ActionTag": -100592907,
            "Size": {
              "X": 71.0,
              "Y": 40.0
            },
            "Name": "Text_xianliao",
            "ctype": "TextObjectData"
          },
          {
            "FileData": {
              "Type": "Normal",
              "Path": "image/ui/hall/btn_qq_info.png",
              "Plist": ""
            },
            "BlendFunc": {
              "Src": 1,
              "Dst": 771
            },
            "AnchorPoint": {
              "ScaleX": 0.5,
              "ScaleY": 0.5
            },
            "Position": {
              "X": 507.0624,
              "Y": 271.6691
            },
            "Scale": {
              "ScaleX": 1.0,
              "ScaleY": 1.0
            },
            "CColor": {},
            "IconVisible": false,
            "PrePosition": {
              "X": 0.3961,
              "Y": 0.3773
            },
            "PreSize": {
              "X": 0.0812,
              "Y": 0.1444
            },
            "LeftMargin": 455.0624,
            "RightMargin": 720.9376,
            "TopMargin": 396.3309,
            "BottomMargin": 219.6691,
            "Tag": 93,
            "ActionTag": 1640103887,
            "Size": {
              "X": 104.0,
              "Y": 104.0
            },
            "Name": "btn_qq",
            "ctype": "SpriteObjectData"
          },
          {
            "FileData": {
              "Type": "Normal",
              "Path": "image/ui/hall/btn_liaobei.png",
              "Plist": ""
            },
            "BlendFunc": {
              "Src": 1,
              "Dst": 771
            },
            "AnchorPoint": {
              "ScaleX": 0.5,
              "ScaleY": 0.5
            },
            "Position": {
              "X": 766.6343,
              "Y": 271.6691
            },
            "Scale": {
              "ScaleX": 1.0,
              "ScaleY": 1.0
            },
            "CColor": {},
            "IconVisible": false,
            "PrePosition": {
              "X": 0.5989,
              "Y": 0.3773
            },
            "PreSize": {
              "X": 0.0812,
              "Y": 0.1444
            },
            "LeftMargin": 714.6343,
            "RightMargin": 461.3657,
            "TopMargin": 396.3309,
            "BottomMargin": 219.6691,
            "Tag": 94,
            "ActionTag": -801958582,
            "Size": {
              "X": 104.0,
              "Y": 104.0
            },
            "Name": "btn_liaobei",
            "ctype": "SpriteObjectData"
          },
          {
            "FileData": {
              "Type": "Normal",
              "Path": "image/ui/hall/btn_dingding.png",
              "Plist": ""
            },
            "BlendFunc": {
              "Src": 1,
              "Dst": 771
            },
            "AnchorPoint": {
              "ScaleX": 0.5,
              "ScaleY": 0.5
            },
            "Position": {
              "X": 634.9453,
              "Y": 271.6691
            },
            "Scale": {
              "ScaleX": 1.0,
              "ScaleY": 1.0
            },
            "CColor": {},
            "IconVisible": false,
            "PrePosition": {
              "X": 0.4961,
              "Y": 0.3773
            },
            "PreSize": {
              "X": 0.0812,
              "Y": 0.1444
            },
            "LeftMargin": 582.9453,
            "RightMargin": 593.0547,
            "TopMargin": 396.3309,
            "BottomMargin": 219.6691,
            "Tag": 95,
            "ActionTag": 636108394,
            "Size": {
              "X": 104.0,
              "Y": 104.0
            },
            "Name": "btn_dingding",
            "ctype": "SpriteObjectData"
          },
          {
            "FileData": {
              "Type": "Normal",
              "Path": "appCommon/fydp/common/room_close.png",
              "Plist": ""
            },
            "BlendFunc": {
              "Src": 1,
              "Dst": 771
            },
            "AnchorPoint": {
              "ScaleX": 0.5,
              "ScaleY": 0.5
            },
            "Position": {
              "X": 1024.4243,
              "Y": 525.7631
            },
            "Scale": {
              "ScaleX": 1.0,
              "ScaleY": 1.0
            },
            "CColor": {},
            "IconVisible": false,
            "PrePosition": {
              "X": 0.8003,
              "Y": 0.7302
            },
            "PreSize": {
              "X": 0.0719,
              "Y": 0.1389
            },
            "LeftMargin": 978.4243,
            "RightMargin": 209.5757,
            "TopMargin": 144.2369,
            "BottomMargin": 475.7631,
            "Tag": 96,
            "ActionTag": -919117137,
            "Size": {
              "X": 92.0,
              "Y": 100.0
            },
            "Name": "btn_back",
            "ctype": "SpriteObjectData"
          },
          {
            "FileData": {
              "Type": "Normal",
              "Path": "image/ui/hall/btn_xianliao.png",
              "Plist": ""
            },
            "BlendFunc": {
              "Src": 1,
              "Dst": 771
            },
            "AnchorPoint": {
              "ScaleX": 0.5,
              "ScaleY": 0.5
            },
            "Position": {
              "X": 897.7723,
              "Y": 271.6691
            },
            "Scale": {
              "ScaleX": 1.0,
              "ScaleY": 1.0
            },
            "CColor": {},
            "IconVisible": false,
            "PrePosition": {
              "X": 0.7014,
              "Y": 0.3773
            },
            "PreSize": {
              "X": 0.0812,
              "Y": 0.1444
            },
            "LeftMargin": 845.7723,
            "RightMargin": 330.2277,
            "TopMargin": 396.3309,
            "BottomMargin": 219.6691,
            "Tag": 97,
            "ActionTag": 66075121,
            "Size": {
              "X": 104.0,
              "Y": 104.0
            },
            "Name": "btn_xianliao",
            "ctype": "SpriteObjectData"
          },
          {
            "FileData": {
              "Type": "Normal",
              "Path": "image/ui/hall/btn_winxin.png",
              "Plist": ""
            },
            "BlendFunc": {
              "Src": 1,
              "Dst": 771
            },
            "AnchorPoint": {
              "ScaleX": 0.5,
              "ScaleY": 0.5
            },
            "Position": {
              "X": 376.8258,
              "Y": 271.6691
            },
            "Scale": {
              "ScaleX": 1.0,
              "ScaleY": 1.0
            },
            "CColor": {},
            "IconVisible": false,
            "PrePosition": {
              "X": 0.2944,
              "Y": 0.3773
            },
            "PreSize": {
              "X": 0.0812,
              "Y": 0.1444
            },
            "LeftMargin": 324.8258,
            "RightMargin": 851.1742,
            "TopMargin": 396.3309,
            "BottomMargin": 219.6691,
            "Tag": 98,
            "ActionTag": -736133258,
            "Size": {
              "X": 104.0,
              "Y": 104.0
            },
            "Name": "btn_weixin",
            "ctype": "SpriteObjectData"
          },
          {
            "FontSize": 40,
            "LabelText": "分享",
            "FontResource": {
              "Type": "Normal",
              "Path": "image/fonts/FZZY.TTF",
              "Plist": ""
            },
            "OutlineColor": {
              "G": 0,
              "B": 0
            },
            "ShadowColor": {
              "R": 110,
              "G": 110,
              "B": 110
            },
            "ShadowOffsetX": 2.0,
            "ShadowOffsetY": -2.0,
            "AnchorPoint": {
              "ScaleX": 0.5,
              "ScaleY": 0.5
            },
            "Position": {
              "X": 623.8067,
              "Y": 553.3468
            },
            "Scale": {
              "ScaleX": 1.0,
              "ScaleY": 1.0
            },
            "CColor": {
              "R": 103,
              "G": 48,
              "B": 16
            },
            "IconVisible": false,
            "PrePosition": {
              "X": 0.4873,
              "Y": 0.7685
            },
            "PreSize": {
              "X": 0.0656,
              "Y": 0.0625
            },
            "LeftMargin": 581.8067,
            "RightMargin": 614.1933,
            "TopMargin": 144.1532,
            "BottomMargin": 530.8468,
            "Tag": 99,
            "ActionTag": -1580057662,
            "Size": {
              "X": 84.0,
              "Y": 45.0
            },
            "Name": "Text_1",
            "ctype": "TextObjectData"
          }
        ],
        "Size": {
          "X": 1280.0,
          "Y": 720.0
        },
        "Name": "Layer",
        "ctype": "LayerObjectData"
      },
      "UsedResources": [
        "../../appCommon/fydp/common/room_close.png",
        "../../image/fonts/FZZY.TTF",
        "../../image/ui/common/commom_title_bg2.png",
        "../../image/ui/common/messagebg.png",
        "../../image/ui/hall/btn_dingding.png",
        "../../image/ui/hall/btn_liaobei.png",
        "../../image/ui/hall/btn_qq_info.png",
        "../../image/ui/hall/btn_winxin.png",
        "../../image/ui/hall/btn_xianliao.png"
      ],
      "ctype": "GameFileData"
    }
  },
  "Type": "Layer"
}