{
  "ID": "737d23ac-b002-480c-93b7-f361df28cba1",
  "Version": "3.10.0.0",
  "Name": "LastReviewLayer",
  "Content": {
    "Content": {
      "Animation": {
        "Duration": 0,
        "Speed": 1.0,
        "Timelines": [],
        "ctype": "TimelineActionData"
      },
      "AnimationList": [],
      "ObjectData": {
        "Tag": 275,
        "Children": [
          {
            "ClipAble": false,
            "BackColorAlpha": 153,
            "ComboBoxIndex": 1,
            "SingleColor": {
              "R": 0,
              "G": 0,
              "B": 0
            },
            "FirstColor": {
              "R": 150,
              "G": 200
            },
            "EndColor": {},
            "ColorVector": {
              "ScaleY": 1.0
            },
            "Scale9Width": 1,
            "Scale9Height": 1,
            "TouchEnable": true,
            "AnchorPoint": {},
            "Position": {
              "X": 0.0,
              "Y": 0.0
            },
            "Scale": {
              "ScaleX": 1.0,
              "ScaleY": 1.0
            },
            "CColor": {},
            "IconVisible": false,
            "PrePosition": {
              "X": 0.0,
              "Y": 0.0
            },
            "PreSize": {
              "X": 1.0,
              "Y": 1.0
            },
            "Tag": 278,
            "Children": [
              {
                "ClipAble": false,
                "BackColorAlpha": 102,
                "SingleColor": {
                  "R": 150,
                  "G": 200
                },
                "FirstColor": {
                  "R": 150,
                  "G": 200
                },
                "EndColor": {},
                "ColorVector": {
                  "ScaleY": 1.0
                },
                "Scale9Width": 1,
                "Scale9Height": 1,
                "TouchEnable": true,
                "AnchorPoint": {},
                "Position": {
                  "X": 780.0,
                  "Y": 0.0
                },
                "Scale": {
                  "ScaleX": 1.0,
                  "ScaleY": 1.0
                },
                "CColor": {},
                "IconVisible": false,
                "PrePosition": {
                  "X": 0.6094,
                  "Y": 0.0
                },
                "PreSize": {
                  "X": 0.3906,
                  "Y": 1.0
                },
                "LeftMargin": 780.0,
                "Tag": 575,
                "ActionTag": -749620600,
                "Size": {
                  "X": 500.0,
                  "Y": 720.0
                },
                "Name": "rootbg",
                "ctype": "PanelObjectData"
              },
              {
                "FileData": {
                  "Type": "Normal",
                  "Path": "image/ui/niuniu/bg/bg_sjhg.png",
                  "Plist": ""
                },
                "BlendFunc": {
                  "Src": 1,
                  "Dst": 771
                },
                "AnchorPoint": {
                  "ScaleX": 1.0
                },
                "Position": {
                  "X": 1280.0,
                  "Y": 0.0
                },
                "Scale": {
                  "ScaleX": 1.0,
                  "ScaleY": 1.0
                },
                "CColor": {},
                "IconVisible": false,
                "PrePosition": {
                  "X": 1.0,
                  "Y": 0.0
                },
                "PreSize": {
                  "X": 0.3766,
                  "Y": 1.0
                },
                "LeftMargin": 798.0,
                "Tag": 276,
                "ActionTag": -992596530,
                "Size": {
                  "X": 482.0,
                  "Y": 720.0
                },
                "Name": "bg",
                "ctype": "SpriteObjectData"
              },
              {
                "FileData": {
                  "Type": "Normal",
                  "Path": "image/ui/niuniu/button/btClose.png",
                  "Plist": ""
                },
                "BlendFunc": {
                  "Src": 1,
                  "Dst": 771
                },
                "AnchorPoint": {
                  "ScaleX": 0.5,
                  "ScaleY": 0.5
                },
                "Position": {
                  "X": 1226.939,
                  "Y": 681.3412
                },
                "Scale": {
                  "ScaleX": 1.2,
                  "ScaleY": 1.2
                },
                "CColor": {},
                "IconVisible": false,
                "PrePosition": {
                  "X": 0.9585,
                  "Y": 0.9463
                },
                "PreSize": {
                  "X": 0.0656,
                  "Y": 0.1125
                },
                "LeftMargin": 1184.939,
                "RightMargin": 11.061,
                "TopMargin": -1.8412,
                "BottomMargin": 640.8412,
                "Tag": 394,
                "ActionTag": -1453494321,
                "Size": {
                  "X": 84.0,
                  "Y": 81.0
                },
                "Name": "close",
                "ctype": "SpriteObjectData"
              },
              {
                "IsBounceEnabled": true,
                "InnerNodeSize": {
                  "Width": 440,
                  "Height": 620
                },
                "ScrollDirectionType": "Vertical",
                "ClipAble": true,
                "BackColorAlpha": 102,
                "SingleColor": {
                  "G": 150,
                  "B": 100
                },
                "FirstColor": {
                  "G": 150,
                  "B": 100
                },
                "EndColor": {},
                "ColorVector": {
                  "ScaleY": 1.0
                },
                "Scale9Width": 1,
                "Scale9Height": 1,
                "TouchEnable": true,
                "AnchorPoint": {},
                "Position": {
                  "X": 817.03,
                  "Y": 26.0
                },
                "Scale": {
                  "ScaleX": 1.0,
                  "ScaleY": 1.0
                },
                "CColor": {},
                "IconVisible": false,
                "PrePosition": {
                  "X": 0.6383,
                  "Y": 0.0361
                },
                "PreSize": {
                  "X": 0.3438,
                  "Y": 0.8611
                },
                "LeftMargin": 817.03,
                "RightMargin": 22.97,
                "TopMargin": 74.0,
                "BottomMargin": 26.0,
                "Tag": 1106,
                "Children": [
                  {
                    "FileData": {
                      "Type": "Normal",
                      "Path": "image/ui/niuniu/bg/touxiangkuang_sjhg2.png",
                      "Plist": ""
                    },
                    "BlendFunc": {
                      "Src": 1,
                      "Dst": 771
                    },
                    "AnchorPoint": {
                      "ScaleX": 0.5,
                      "ScaleY": 0.5
                    },
                    "Position": {
                      "X": 223.2898,
                      "Y": 569.586
                    },
                    "Scale": {
                      "ScaleX": 1.0,
                      "ScaleY": 1.0
                    },
                    "CColor": {},
                    "IconVisible": false,
                    "PrePosition": {
                      "X": 0.5075,
                      "Y": 0.9187
                    },
                    "PreSize": {
                      "X": 0.9455,
                      "Y": 0.1613
                    },
                    "LeftMargin": 15.2898,
                    "RightMargin": 8.7102,
                    "TopMargin": 0.414,
                    "BottomMargin": 519.586,
                    "Tag": 291,
                    "ActionTag": -1715569898,
                    "Size": {
                      "X": 416.0,
                      "Y": 100.0
                    },
                    "Name": "touxiangkuang",
                    "ctype": "SpriteObjectData"
                  },
                  {
                    "FileData": {
                      "Type": "Normal",
                      "Path": "image/ui/niuniu/bg/touxiangkuang_sjhg.png",
                      "Plist": ""
                    },
                    "BlendFunc": {
                      "Src": 1,
                      "Dst": 771
                    },
                    "AnchorPoint": {
                      "ScaleX": 0.5,
                      "ScaleY": 0.5
                    },
                    "Position": {
                      "X": 223.3,
                      "Y": 569.586
                    },
                    "Scale": {
                      "ScaleX": 1.0,
                      "ScaleY": 1.0
                    },
                    "CColor": {},
                    "IconVisible": false,
                    "PositionPercentXEnabled": true,
                    "PrePosition": {
                      "X": 0.5075,
                      "Y": 0.9187
                    },
                    "PreSize": {
                      "X": 0.9523,
                      "Y": 0.1645
                    },
                    "LeftMargin": 13.8,
                    "RightMargin": 7.2,
                    "TopMargin": -0.586,
                    "BottomMargin": 518.586,
                    "Tag": 277,
                    "Children": [
                      {
                        "FontSize": 28,
                        "LabelText": "昵称六个字符",
                        "FontResource": {
                          "Type": "Normal",
                          "Path": "image/fonts/FZZY.TTF",
                          "Plist": ""
                        },
                        "HorizontalAlignmentType": "HT_Center",
                        "VerticalAlignmentType": "VT_Center",
                        "OutlineColor": {
                          "G": 0,
                          "B": 0
                        },
                        "ShadowColor": {
                          "R": 110,
                          "G": 110,
                          "B": 110
                        },
                        "ShadowOffsetX": 2.0,
                        "ShadowOffsetY": -2.0,
                        "AnchorPoint": {
                          "ScaleX": 0.5,
                          "ScaleY": 0.5
                        },
                        "Position": {
                          "X": 177.0293,
                          "Y": 73.0635
                        },
                        "Scale": {
                          "ScaleX": 1.0,
                          "ScaleY": 1.0
                        },
                        "CColor": {},
                        "IconVisible": false,
                        "PrePosition": {
                          "X": 0.4225,
                          "Y": 0.7163
                        },
                        "PreSize": {
                          "X": 0.4081,
                          "Y": 0.3137
                        },
                        "LeftMargin": 91.5293,
                        "RightMargin": 156.4707,
                        "TopMargin": 12.9365,
                        "BottomMargin": 57.0635,
                        "Tag": 292,
                        "ActionTag": -224404354,
                        "Size": {
                          "X": 171.0,
                          "Y": 32.0
                        },
                        "Name": "name",
                        "ctype": "TextObjectData"
                      },
                      {
                        "FileData": {
                          "Type": "Normal",
                          "Path": "image/ui/niuniu/bg/coinbanner.png",
                          "Plist": ""
                        },
                        "BlendFunc": {
                          "Src": 1,
                          "Dst": 771
                        },
                        "AnchorPoint": {
                          "ScaleX": 0.5,
                          "ScaleY": 0.5
                        },
                        "Position": {
                          "X": 166.5318,
                          "Y": 27.9997
                        },
                        "Scale": {
                          "ScaleX": 1.2,
                          "ScaleY": 1.2
                        },
                        "CColor": {},
                        "IconVisible": false,
                        "PrePosition": {
                          "X": 0.3975,
                          "Y": 0.2745
                        },
                        "PreSize": {
                          "X": 0.2124,
                          "Y": 0.3333
                        },
                        "LeftMargin": 122.0318,
                        "RightMargin": 207.9682,
                        "TopMargin": 57.0003,
                        "BottomMargin": 10.9997,
                        "Tag": 293,
                        "Children": [
                          {
                            "CharWidth": 49,
                            "CharHeight": 47,
                            "LabelText": "4",
                            "StartChar": "0",
                            "LabelAtlasFileImage_CNB": {
                              "Type": "Normal",
                              "Path": "image/ui/niuniu/fonts/cm.png",
                              "Plist": ""
                            },
                            "AnchorPoint": {
                              "ScaleX": 0.5,
                              "ScaleY": 0.5
                            },
                            "Position": {
                              "X": 20.0,
                              "Y": 17.0
                            },
                            "Scale": {
                              "ScaleX": 1.0,
                              "ScaleY": 1.0
                            },
                            "CColor": {},
                            "IconVisible": false,
                            "PositionPercentYEnabled": true,
                            "PrePosition": {
                              "X": 0.2247,
                              "Y": 0.5
                            },
                            "PreSize": {
                              "X": 0.5506,
                              "Y": 1.3824
                            },
                            "LeftMargin": -4.5,
                            "RightMargin": 44.5,
                            "TopMargin": -6.5,
                            "BottomMargin": -6.5,
                            "Tag": 294,
                            "ActionTag": -1831210205,
                            "Size": {
                              "X": 49.0,
                              "Y": 47.0
                            },
                            "Name": "fenshu",
                            "ctype": "TextAtlasObjectData"
                          },
                          {
                            "FontSize": 26,
                            "LabelText": "222",
                            "HorizontalAlignmentType": "HT_Center",
                            "VerticalAlignmentType": "VT_Center",
                            "OutlineColor": {
                              "G": 0,
                              "B": 0
                            },
                            "ShadowColor": {
                              "R": 110,
                              "G": 110,
                              "B": 110
                            },
                            "ShadowOffsetX": 2.0,
                            "ShadowOffsetY": -2.0,
                            "AnchorPoint": {
                              "ScaleX": 0.5,
                              "ScaleY": 0.5
                            },
                            "Position": {
                              "X": 60.0,
                              "Y": 17.0
                            },
                            "Scale": {
                              "ScaleX": 1.0,
                              "ScaleY": 1.0
                            },
                            "CColor": {
                              "R": 209,
                              "G": 206,
                              "B": 197
                            },
                            "IconVisible": false,
                            "PositionPercentYEnabled": true,
                            "PrePosition": {
                              "X": 0.6742,
                              "Y": 0.5
                            },
                            "PreSize": {
                              "X": 0.4944,
                              "Y": 0.9118
                            },
                            "LeftMargin": 38.0,
                            "RightMargin": 7.0,
                            "TopMargin": 1.5,
                            "BottomMargin": 1.5,
                            "Tag": 295,
                            "ActionTag": 842111928,
                            "Size": {
                              "X": 44.0,
                              "Y": 31.0
                            },
                            "Name": "num",
                            "ctype": "TextObjectData"
                          }
                        ],
                        "ActionTag": 886830711,
                        "Size": {
                          "X": 89.0,
                          "Y": 34.0
                        },
                        "Name": "chipin",
                        "ctype": "SpriteObjectData"
                      },
                      {
                        "FileData": {
                          "Type": "Normal",
                          "Path": "image/ui/niuniu/bg/head_bg.png",
                          "Plist": ""
                        },
                        "BlendFunc": {
                          "Src": 1,
                          "Dst": 771
                        },
                        "AnchorPoint": {
                          "ScaleX": 0.5,
                          "ScaleY": 0.5
                        },
                        "Position": {
                          "X": 50.0,
                          "Y": 50.0
                        },
                        "Scale": {
                          "ScaleX": 1.0,
                          "ScaleY": 1.0
                        },
                        "CColor": {},
                        "IconVisible": false,
                        "PrePosition": {
                          "X": 0.1193,
                          "Y": 0.4902
                        },
                        "PreSize": {
                          "X": 0.2005,
                          "Y": 0.8235
                        },
                        "LeftMargin": 8.0,
                        "RightMargin": 327.0,
                        "TopMargin": 10.0,
                        "BottomMargin": 8.0,
                        "Tag": 289,
                        "Children": [
                          {
                            "FileData": {
                              "Type": "Normal",
                              "Path": "image/ui/niuniu/bg/head_bg.png",
                              "Plist": ""
                            },
                            "BlendFunc": {
                              "Src": 1,
                              "Dst": 771
                            },
                            "AnchorPoint": {
                              "ScaleX": 0.5,
                              "ScaleY": 0.5
                            },
                            "Position": {
                              "X": 41.0256,
                              "Y": 39.4968
                            },
                            "Scale": {
                              "ScaleX": 1.0,
                              "ScaleY": 1.0
                            },
                            "CColor": {},
                            "IconVisible": false,
                            "PositionPercentXEnabled": true,
                            "PositionPercentYEnabled": true,
                            "PrePosition": {
                              "X": 0.4884,
                              "Y": 0.4702
                            },
                            "PreSize": {
                              "X": 1.0,
                              "Y": 1.0
                            },
                            "LeftMargin": -0.9744,
                            "RightMargin": 0.9744,
                            "TopMargin": 2.5032,
                            "BottomMargin": -2.5032,
                            "Tag": 290,
                            "ActionTag": 1871050854,
                            "Size": {
                              "X": 84.0,
                              "Y": 84.0
                            },
                            "Name": "_head",
                            "ctype": "SpriteObjectData"
                          }
                        ],
                        "ActionTag": -2037801451,
                        "Size": {
                          "X": 84.0,
                          "Y": 84.0
                        },
                        "Name": "head",
                        "ctype": "SpriteObjectData"
                      },
                      {
                        "FileData": {
                          "Type": "PlistSubImage",
                          "Path": "poker_0.png",
                          "Plist": "image/ui/niuniu/card/poker.plist"
                        },
                        "BlendFunc": {
                          "Src": 1,
                          "Dst": 771
                        },
                        "AnchorPoint": {
                          "ScaleX": 0.5,
                          "ScaleY": 0.5
                        },
                        "Position": {
                          "X": 283.0866,
                          "Y": 39.4765
                        },
                        "Scale": {
                          "ScaleX": 0.3,
                          "ScaleY": 0.3
                        },
                        "CColor": {},
                        "IconVisible": false,
                        "PrePosition": {
                          "X": 0.6756,
                          "Y": 0.387
                        },
                        "PreSize": {
                          "X": 0.3699,
                          "Y": 2.1176
                        },
                        "LeftMargin": 205.5866,
                        "RightMargin": 58.4134,
                        "TopMargin": -45.4765,
                        "BottomMargin": -68.5235,
                        "Tag": 285,
                        "ActionTag": 494815846,
                        "Size": {
                          "X": 155.0,
                          "Y": 216.0
                        },
                        "Name": "a0",
                        "ctype": "SpriteObjectData"
                      },
                      {
                        "FileData": {
                          "Type": "PlistSubImage",
                          "Path": "poker_0.png",
                          "Plist": "image/ui/niuniu/card/poker.plist"
                        },
                        "BlendFunc": {
                          "Src": 1,
                          "Dst": 771
                        },
                        "AnchorPoint": {
                          "ScaleX": 0.5,
                          "ScaleY": 0.5
                        },
                        "Position": {
                          "X": 305.0865,
                          "Y": 39.4764
                        },
                        "Scale": {
                          "ScaleX": 0.3,
                          "ScaleY": 0.3
                        },
                        "CColor": {},
                        "IconVisible": false,
                        "PrePosition": {
                          "X": 0.7281,
                          "Y": 0.387
                        },
                        "PreSize": {
                          "X": 0.3699,
                          "Y": 2.1176
                        },
                        "LeftMargin": 227.5865,
                        "RightMargin": 36.4135,
                        "TopMargin": -45.4764,
                        "BottomMargin": -68.5236,
                        "Tag": 296,
                        "ActionTag": 1850839742,
                        "Size": {
                          "X": 155.0,
                          "Y": 216.0
                        },
                        "Name": "a1",
                        "ctype": "SpriteObjectData"
                      },
                      {
                        "FileData": {
                          "Type": "PlistSubImage",
                          "Path": "poker_0.png",
                          "Plist": "image/ui/niuniu/card/poker.plist"
                        },
                        "BlendFunc": {
                          "Src": 1,
                          "Dst": 771
                        },
                        "AnchorPoint": {
                          "ScaleX": 0.5,
                          "ScaleY": 0.5
                        },
                        "Position": {
                          "X": 328.0865,
                          "Y": 39.4764
                        },
                        "Scale": {
                          "ScaleX": 0.3,
                          "ScaleY": 0.3
                        },
                        "CColor": {},
                        "IconVisible": false,
                        "PrePosition": {
                          "X": 0.783,
                          "Y": 0.387
                        },
                        "PreSize": {
                          "X": 0.3699,
                          "Y": 2.1176
                        },
                        "LeftMargin": 250.5865,
                        "RightMargin": 13.4135,
                        "TopMargin": -45.4764,
                        "BottomMargin": -68.5236,
                        "Tag": 300,
                        "ActionTag": 1748358841,
                        "Size": {
                          "X": 155.0,
                          "Y": 216.0
                        },
                        "Name": "a2",
                        "ctype": "SpriteObjectData"
                      },
                      {
                        "FileData": {
                          "Type": "PlistSubImage",
                          "Path": "poker_0.png",
                          "Plist": "image/ui/niuniu/card/poker.plist"
                        },
                        "BlendFunc": {
                          "Src": 1,
                          "Dst": 771
                        },
                        "AnchorPoint": {
                          "ScaleX": 0.5,
                          "ScaleY": 0.5
                        },
                        "Position": {
                          "X": 350.0862,
                          "Y": 39.4764
                        },
                        "Scale": {
                          "ScaleX": 0.3,
                          "ScaleY": 0.3
                        },
                        "CColor": {},
                        "IconVisible": false,
                        "PrePosition": {
                          "X": 0.8355,
                          "Y": 0.387
                        },
                        "PreSize": {
                          "X": 0.3699,
                          "Y": 2.1176
                        },
                        "LeftMargin": 272.5862,
                        "RightMargin": -8.5862,
                        "TopMargin": -45.4764,
                        "BottomMargin": -68.5236,
                        "Tag": 304,
                        "ActionTag": -398365948,
                        "Size": {
                          "X": 155.0,
                          "Y": 216.0
                        },
                        "Name": "a3",
                        "ctype": "SpriteObjectData"
                      },
                      {
                        "FileData": {
                          "Type": "PlistSubImage",
                          "Path": "poker_0.png",
                          "Plist": "image/ui/niuniu/card/poker.plist"
                        },
                        "BlendFunc": {
                          "Src": 1,
                          "Dst": 771
                        },
                        "AnchorPoint": {
                          "ScaleX": 0.5,
                          "ScaleY": 0.5
                        },
                        "Position": {
                          "X": 374.0854,
                          "Y": 39.4764
                        },
                        "Scale": {
                          "ScaleX": 0.3,
                          "ScaleY": 0.3
                        },
                        "CColor": {},
                        "IconVisible": false,
                        "PrePosition": {
                          "X": 0.8928,
                          "Y": 0.387
                        },
                        "PreSize": {
                          "X": 0.3699,
                          "Y": 2.1176
                        },
                        "LeftMargin": 296.5854,
                        "RightMargin": -32.5854,
                        "TopMargin": -45.4764,
                        "BottomMargin": -68.5236,
                        "Tag": 308,
                        "ActionTag": 1472034521,
                        "Size": {
                          "X": 155.0,
                          "Y": 216.0
                        },
                        "Name": "a4",
                        "ctype": "SpriteObjectData"
                      },
                      {
                        "FileData": {
                          "Type": "Normal",
                          "Path": "image/ui/animation/DN_niu00.png",
                          "Plist": ""
                        },
                        "BlendFunc": {
                          "Src": 1,
                          "Dst": 771
                        },
                        "AnchorPoint": {
                          "ScaleX": 0.5,
                          "ScaleY": 0.5
                        },
                        "Position": {
                          "X": 321.2054,
                          "Y": 29.1822
                        },
                        "Scale": {
                          "ScaleX": 0.6,
                          "ScaleY": 0.6
                        },
                        "CColor": {},
                        "IconVisible": false,
                        "PositionPercentXEnabled": true,
                        "PositionPercentYEnabled": true,
                        "PrePosition": {
                          "X": 0.7666,
                          "Y": 0.2861
                        },
                        "PreSize": {
                          "X": 0.3007,
                          "Y": 0.6569
                        },
                        "LeftMargin": 258.2054,
                        "RightMargin": 34.7946,
                        "TopMargin": 39.3178,
                        "BottomMargin": -4.3178,
                        "Tag": 312,
                        "ActionTag": -1785896392,
                        "Size": {
                          "X": 126.0,
                          "Y": 67.0
                        },
                        "Name": "niuniu",
                        "ctype": "SpriteObjectData"
                      }
                    ],
                    "ActionTag": -568204880,
                    "Size": {
                      "X": 419.0,
                      "Y": 102.0
                    },
                    "Name": "headbg1",
                    "ctype": "SpriteObjectData"
                  }
                ],
                "ActionTag": -514281783,
                "Size": {
                  "X": 440.0,
                  "Y": 620.0
                },
                "Name": "scrollview",
                "ctype": "ScrollViewObjectData"
              }
            ],
            "ActionTag": 2109124376,
            "Size": {
              "X": 1280.0,
              "Y": 720.0
            },
            "Name": "root",
            "ctype": "PanelObjectData"
          }
        ],
        "Size": {
          "X": 1280.0,
          "Y": 720.0
        },
        "Name": "Scene",
        "ctype": "SingleNodeObjectData"
      },
      "UsedResources": [
        "../../image/fonts/FZZY.TTF",
        "../../image/ui/animation/DN_niu00.png",
        "../../image/ui/niuniu/bg/bg_sjhg.png",
        "../../image/ui/niuniu/bg/coinbanner.png",
        "../../image/ui/niuniu/bg/head_bg.png",
        "../../image/ui/niuniu/bg/touxiangkuang_sjhg.png",
        "../../image/ui/niuniu/bg/touxiangkuang_sjhg2.png",
        "../../image/ui/niuniu/button/btClose.png",
        "../../image/ui/niuniu/card/poker.plist",
        "../../image/ui/niuniu/card/poker.png",
        "../../image/ui/niuniu/fonts/cm.png"
      ],
      "ctype": "GameFileData"
    }
  },
  "Type": "Scene"
}