{
  "ID": "ba4adf39-98b9-45fc-9ef4-05031edc50ae",
  "Version": "3.10.0.0",
  "Name": "NiuniuWanfa",
  "Content": {
    "Content": {
      "Animation": {
        "Duration": 0,
        "Speed": 1.0,
        "Timelines": [],
        "ctype": "TimelineActionData"
      },
      "AnimationList": [],
      "ObjectData": {
        "Tag": 1090,
        "Children": [
          {
            "ClipAble": false,
            "BackColorAlpha": 102,
            "ComboBoxIndex": 1,
            "SingleColor": {
              "R": 0,
              "G": 0,
              "B": 0
            },
            "FirstColor": {
              "R": 150,
              "G": 200
            },
            "EndColor": {},
            "ColorVector": {
              "ScaleY": 1.0
            },
            "Scale9Width": 1,
            "Scale9Height": 1,
            "TouchEnable": true,
            "AnchorPoint": {},
            "Position": {
              "X": 0.0,
              "Y": 0.0
            },
            "Scale": {
              "ScaleX": 1.0,
              "ScaleY": 1.0
            },
            "CColor": {},
            "IconVisible": false,
            "PrePosition": {
              "X": 0.0,
              "Y": 0.0
            },
            "PreSize": {
              "X": 1.0,
              "Y": 1.0
            },
            "Tag": 1091,
            "Children": [
              {
                "FileData": {
                  "Type": "Normal",
                  "Path": "image/ui/transparent/transparent_1280x720.png",
                  "Plist": ""
                },
                "BlendFunc": {
                  "Src": 1,
                  "Dst": 771
                },
                "AnchorPoint": {},
                "Position": {
                  "X": 0.0,
                  "Y": 1.25
                },
                "Scale": {
                  "ScaleX": 1.0,
                  "ScaleY": 1.0
                },
                "CColor": {},
                "IconVisible": false,
                "PrePosition": {
                  "X": 0.0,
                  "Y": 0.0017
                },
                "PreSize": {
                  "X": 1.0,
                  "Y": 1.0
                },
                "TopMargin": -1.25,
                "BottomMargin": 1.25,
                "Tag": 1093,
                "ActionTag": -1069979375,
                "Size": {
                  "X": 1280.0,
                  "Y": 720.0
                },
                "Name": "fake_root",
                "ctype": "SpriteObjectData"
              },
              {
                "FileData": {
                  "Type": "Normal",
                  "Path": "image/ui/room/player_info_bg.png",
                  "Plist": ""
                },
                "Scale9Enable": true,
                "Scale9OriginX": 50,
                "Scale9OriginY": 50,
                "Scale9Width": 428,
                "Scale9Height": 95,
                "AnchorPoint": {
                  "ScaleX": 0.5,
                  "ScaleY": 0.5
                },
                "Position": {
                  "X": 634.8242,
                  "Y": 349.4161
                },
                "Scale": {
                  "ScaleX": 1.0,
                  "ScaleY": 1.0
                },
                "CColor": {},
                "IconVisible": false,
                "PrePosition": {
                  "X": 0.496,
                  "Y": 0.4853
                },
                "PreSize": {
                  "X": 0.7031,
                  "Y": 0.7778
                },
                "LeftMargin": 184.8242,
                "RightMargin": 195.1758,
                "TopMargin": 90.5839,
                "BottomMargin": 69.4161,
                "Tag": 942,
                "Children": [
                  {
                    "FontSize": 32,
                    "LabelText": "付费方式",
                    "FontResource": {
                      "Type": "Normal",
                      "Path": "image/fonts/FZZY.TTF",
                      "Plist": ""
                    },
                    "OutlineColor": {
                      "R": 161,
                      "G": 81,
                      "B": 19
                    },
                    "ShadowColor": {
                      "R": 110,
                      "G": 110,
                      "B": 110
                    },
                    "ShadowOffsetX": 2.0,
                    "ShadowOffsetY": -2.0,
                    "AnchorPoint": {
                      "ScaleY": 0.5
                    },
                    "Position": {
                      "X": 126.2264,
                      "Y": 506.6636
                    },
                    "Scale": {
                      "ScaleX": 1.0,
                      "ScaleY": 1.0
                    },
                    "CColor": {
                      "R": 116,
                      "G": 132,
                      "B": 226
                    },
                    "IconVisible": false,
                    "PrePosition": {
                      "X": 0.1403,
                      "Y": 0.9048
                    },
                    "PreSize": {
                      "X": 0.1444,
                      "Y": 0.0643
                    },
                    "LeftMargin": 126.2264,
                    "RightMargin": 643.7736,
                    "TopMargin": 35.3364,
                    "BottomMargin": 488.6636,
                    "Tag": 1097,
                    "ActionTag": 748553221,
                    "Size": {
                      "X": 130.0,
                      "Y": 36.0
                    },
                    "Name": "fufei",
                    "ctype": "TextObjectData"
                  },
                  {
                    "FontSize": 32,
                    "LabelText": "局数选择",
                    "FontResource": {
                      "Type": "Normal",
                      "Path": "image/fonts/FZZY.TTF",
                      "Plist": ""
                    },
                    "OutlineColor": {
                      "R": 161,
                      "G": 81,
                      "B": 19
                    },
                    "ShadowColor": {
                      "R": 110,
                      "G": 110,
                      "B": 110
                    },
                    "ShadowOffsetX": 2.0,
                    "ShadowOffsetY": -2.0,
                    "AnchorPoint": {
                      "ScaleY": 0.5
                    },
                    "Position": {
                      "X": 126.226,
                      "Y": 459.4839
                    },
                    "Scale": {
                      "ScaleX": 1.0,
                      "ScaleY": 1.0
                    },
                    "CColor": {
                      "R": 116,
                      "G": 132,
                      "B": 226
                    },
                    "IconVisible": false,
                    "PrePosition": {
                      "X": 0.1403,
                      "Y": 0.8205
                    },
                    "PreSize": {
                      "X": 0.1456,
                      "Y": 0.0643
                    },
                    "LeftMargin": 126.226,
                    "RightMargin": 642.774,
                    "TopMargin": 82.5161,
                    "BottomMargin": 441.4839,
                    "Tag": 1099,
                    "ActionTag": -1851328623,
                    "Size": {
                      "X": 131.0,
                      "Y": 36.0
                    },
                    "Name": "jushu",
                    "ctype": "TextObjectData"
                  },
                  {
                    "FontSize": 32,
                    "LabelText": "庄家选择",
                    "FontResource": {
                      "Type": "Normal",
                      "Path": "image/fonts/FZZY.TTF",
                      "Plist": ""
                    },
                    "OutlineColor": {
                      "R": 161,
                      "G": 81,
                      "B": 19
                    },
                    "ShadowColor": {
                      "R": 110,
                      "G": 110,
                      "B": 110
                    },
                    "ShadowOffsetX": 2.0,
                    "ShadowOffsetY": -2.0,
                    "AnchorPoint": {
                      "ScaleY": 0.5
                    },
                    "Position": {
                      "X": 126.2264,
                      "Y": 407.3038
                    },
                    "Scale": {
                      "ScaleX": 1.0,
                      "ScaleY": 1.0
                    },
                    "CColor": {
                      "R": 116,
                      "G": 132,
                      "B": 226
                    },
                    "IconVisible": false,
                    "PrePosition": {
                      "X": 0.1403,
                      "Y": 0.7273
                    },
                    "PreSize": {
                      "X": 0.1456,
                      "Y": 0.0643
                    },
                    "LeftMargin": 126.2264,
                    "RightMargin": 642.7736,
                    "TopMargin": 134.6962,
                    "BottomMargin": 389.3038,
                    "Tag": 1100,
                    "ActionTag": -219299697,
                    "Size": {
                      "X": 131.0,
                      "Y": 36.0
                    },
                    "Name": "zhuangjia",
                    "ctype": "TextObjectData"
                  },
                  {
                    "FontSize": 32,
                    "LabelText": "特殊牌型",
                    "FontResource": {
                      "Type": "Normal",
                      "Path": "image/fonts/FZZY.TTF",
                      "Plist": ""
                    },
                    "OutlineColor": {
                      "R": 161,
                      "G": 81,
                      "B": 19
                    },
                    "ShadowColor": {
                      "R": 110,
                      "G": 110,
                      "B": 110
                    },
                    "ShadowOffsetX": 2.0,
                    "ShadowOffsetY": -2.0,
                    "AnchorPoint": {
                      "ScaleY": 0.5
                    },
                    "Position": {
                      "X": 126.226,
                      "Y": 359.1234
                    },
                    "Scale": {
                      "ScaleX": 1.0,
                      "ScaleY": 1.0
                    },
                    "CColor": {
                      "R": 116,
                      "G": 132,
                      "B": 226
                    },
                    "IconVisible": false,
                    "PrePosition": {
                      "X": 0.1403,
                      "Y": 0.6413
                    },
                    "PreSize": {
                      "X": 0.1456,
                      "Y": 0.0643
                    },
                    "LeftMargin": 126.226,
                    "RightMargin": 642.774,
                    "TopMargin": 182.8766,
                    "BottomMargin": 341.1234,
                    "Tag": 1101,
                    "ActionTag": 428086506,
                    "Size": {
                      "X": 131.0,
                      "Y": 36.0
                    },
                    "Name": "paixing",
                    "ctype": "TextObjectData"
                  },
                  {
                    "FontSize": 32,
                    "LabelText": "底      分",
                    "FontResource": {
                      "Type": "Normal",
                      "Path": "image/fonts/FZZY.TTF",
                      "Plist": ""
                    },
                    "OutlineColor": {
                      "R": 161,
                      "G": 81,
                      "B": 19
                    },
                    "ShadowColor": {
                      "R": 110,
                      "G": 110,
                      "B": 110
                    },
                    "ShadowOffsetX": 2.0,
                    "ShadowOffsetY": -2.0,
                    "AnchorPoint": {
                      "ScaleY": 0.5
                    },
                    "Position": {
                      "X": 126.2263,
                      "Y": 255.6117
                    },
                    "Scale": {
                      "ScaleX": 1.0,
                      "ScaleY": 1.0
                    },
                    "CColor": {
                      "R": 116,
                      "G": 132,
                      "B": 226
                    },
                    "IconVisible": false,
                    "PrePosition": {
                      "X": 0.1403,
                      "Y": 0.4564
                    },
                    "PreSize": {
                      "X": 0.1278,
                      "Y": 0.0643
                    },
                    "LeftMargin": 126.2263,
                    "RightMargin": 658.7737,
                    "TopMargin": 286.3883,
                    "BottomMargin": 237.6117,
                    "Tag": 1102,
                    "ActionTag": 163086636,
                    "Size": {
                      "X": 115.0,
                      "Y": 36.0
                    },
                    "Name": "difen",
                    "ctype": "TextObjectData"
                  },
                  {
                    "FontSize": 28,
                    "LabelText": "通比牛牛通比牛牛通比牛牛通比牛牛",
                    "FontResource": {
                      "Type": "Normal",
                      "Path": "image/fonts/FZZY.TTF",
                      "Plist": ""
                    },
                    "VerticalAlignmentType": "VT_Center",
                    "OutlineColor": {
                      "G": 0,
                      "B": 0
                    },
                    "ShadowColor": {
                      "R": 110,
                      "G": 110,
                      "B": 110
                    },
                    "ShadowOffsetX": 2.0,
                    "ShadowOffsetY": -2.0,
                    "AnchorPoint": {
                      "ScaleY": 0.5
                    },
                    "Position": {
                      "X": 275.0685,
                      "Y": 506.6642
                    },
                    "Scale": {
                      "ScaleX": 1.0,
                      "ScaleY": 1.0
                    },
                    "CColor": {
                      "R": 197,
                      "G": 213
                    },
                    "IconVisible": false,
                    "PrePosition": {
                      "X": 0.3056,
                      "Y": 0.9048
                    },
                    "PreSize": {
                      "X": 0.5,
                      "Y": 0.0571
                    },
                    "LeftMargin": 275.0685,
                    "RightMargin": 174.9315,
                    "TopMargin": 37.3358,
                    "BottomMargin": 490.6642,
                    "Tag": 1103,
                    "ActionTag": 138000546,
                    "Size": {
                      "X": 450.0,
                      "Y": 32.0
                    },
                    "Name": "fufei_value",
                    "ctype": "TextObjectData"
                  },
                  {
                    "FontSize": 28,
                    "LabelText": "99999999分",
                    "FontResource": {
                      "Type": "Normal",
                      "Path": "image/fonts/FZZY.TTF",
                      "Plist": ""
                    },
                    "VerticalAlignmentType": "VT_Center",
                    "OutlineColor": {
                      "G": 0,
                      "B": 0
                    },
                    "ShadowColor": {
                      "R": 110,
                      "G": 110,
                      "B": 110
                    },
                    "ShadowOffsetX": 2.0,
                    "ShadowOffsetY": -2.0,
                    "AnchorPoint": {
                      "ScaleY": 0.5
                    },
                    "Position": {
                      "X": 275.0679,
                      "Y": 459.1517
                    },
                    "Scale": {
                      "ScaleX": 1.0,
                      "ScaleY": 1.0
                    },
                    "CColor": {
                      "R": 197,
                      "G": 213
                    },
                    "IconVisible": false,
                    "PrePosition": {
                      "X": 0.3056,
                      "Y": 0.8199
                    },
                    "PreSize": {
                      "X": 0.1678,
                      "Y": 0.0571
                    },
                    "LeftMargin": 275.0679,
                    "RightMargin": 473.9321,
                    "TopMargin": 84.8483,
                    "BottomMargin": 443.1517,
                    "Tag": 1104,
                    "ActionTag": -1056015995,
                    "Size": {
                      "X": 151.0,
                      "Y": 32.0
                    },
                    "Name": "jushu_value",
                    "ctype": "TextObjectData"
                  },
                  {
                    "IsCustomSize": true,
                    "FontSize": 28,
                    "LabelText": "牛牛x4 牛九x3 牛八x2 牛七x2",
                    "FontResource": {
                      "Type": "Normal",
                      "Path": "image/fonts/FZZY.TTF",
                      "Plist": ""
                    },
                    "VerticalAlignmentType": "VT_Center",
                    "OutlineColor": {
                      "G": 0,
                      "B": 0
                    },
                    "ShadowColor": {
                      "R": 110,
                      "G": 110,
                      "B": 110
                    },
                    "ShadowOffsetX": 2.0,
                    "ShadowOffsetY": -2.0,
                    "AnchorPoint": {
                      "ScaleY": 0.5
                    },
                    "Position": {
                      "X": 275.0681,
                      "Y": 409.5478
                    },
                    "Scale": {
                      "ScaleX": 1.0,
                      "ScaleY": 1.0
                    },
                    "CColor": {
                      "R": 197,
                      "G": 213
                    },
                    "IconVisible": false,
                    "PrePosition": {
                      "X": 0.3056,
                      "Y": 0.7313
                    },
                    "PreSize": {
                      "X": 0.5556,
                      "Y": 0.0875
                    },
                    "LeftMargin": 275.0681,
                    "RightMargin": 124.9319,
                    "TopMargin": 125.9522,
                    "BottomMargin": 385.0478,
                    "Tag": 1105,
                    "ActionTag": -1798563529,
                    "Size": {
                      "X": 500.0,
                      "Y": 49.0
                    },
                    "Name": "zhuangjia_value",
                    "ctype": "TextObjectData"
                  },
                  {
                    "FontSize": 28,
                    "LabelText": "房主支付 闲家推注房主支付 闲家推注闲家推注\n房主支付 闲家推注房主支付 闲家推注闲家推注\n房主支付 闲家推注房主支付 闲家推注闲家推注",
                    "FontResource": {
                      "Type": "Normal",
                      "Path": "image/fonts/FZZY.TTF",
                      "Plist": ""
                    },
                    "OutlineColor": {
                      "G": 0,
                      "B": 0
                    },
                    "ShadowColor": {
                      "R": 110,
                      "G": 110,
                      "B": 110
                    },
                    "ShadowOffsetX": 2.0,
                    "ShadowOffsetY": -2.0,
                    "AnchorPoint": {
                      "ScaleY": 0.5
                    },
                    "Position": {
                      "X": 275.0676,
                      "Y": 329.9058
                    },
                    "Scale": {
                      "ScaleX": 1.0,
                      "ScaleY": 1.0
                    },
                    "CColor": {
                      "R": 197,
                      "G": 213
                    },
                    "IconVisible": false,
                    "PrePosition": {
                      "X": 0.3056,
                      "Y": 0.5891
                    },
                    "PreSize": {
                      "X": 0.6411,
                      "Y": 0.1714
                    },
                    "LeftMargin": 275.0676,
                    "RightMargin": 47.9324,
                    "TopMargin": 182.0942,
                    "BottomMargin": 281.9058,
                    "Tag": 1106,
                    "ActionTag": 449702683,
                    "Size": {
                      "X": 577.0,
                      "Y": 96.0
                    },
                    "Name": "paixing_value",
                    "ctype": "TextObjectData"
                  },
                  {
                    "FontSize": 28,
                    "LabelText": "房主支付 闲家推注房主支付 闲家推注闲家推注",
                    "FontResource": {
                      "Type": "Normal",
                      "Path": "image/fonts/FZZY.TTF",
                      "Plist": ""
                    },
                    "OutlineColor": {
                      "G": 0,
                      "B": 0
                    },
                    "ShadowColor": {
                      "R": 110,
                      "G": 110,
                      "B": 110
                    },
                    "ShadowOffsetX": 2.0,
                    "ShadowOffsetY": -2.0,
                    "AnchorPoint": {
                      "ScaleY": 0.5
                    },
                    "Position": {
                      "X": 275.0685,
                      "Y": 253.4315
                    },
                    "Scale": {
                      "ScaleX": 1.0,
                      "ScaleY": 1.0
                    },
                    "CColor": {
                      "R": 197,
                      "G": 213
                    },
                    "IconVisible": false,
                    "PrePosition": {
                      "X": 0.3056,
                      "Y": 0.4526
                    },
                    "PreSize": {
                      "X": 0.6411,
                      "Y": 0.0571
                    },
                    "LeftMargin": 275.0685,
                    "RightMargin": 47.9315,
                    "TopMargin": 290.5685,
                    "BottomMargin": 237.4315,
                    "Tag": 1162,
                    "ActionTag": 509101837,
                    "Size": {
                      "X": 577.0,
                      "Y": 32.0
                    },
                    "Name": "difen_value",
                    "ctype": "TextObjectData"
                  },
                  {
                    "FileData": {
                      "Type": "Normal",
                      "Path": "image/ui/niuniu/bg/langhua.png",
                      "Plist": ""
                    },
                    "BlendFunc": {
                      "Src": 1,
                      "Dst": 771
                    },
                    "AnchorPoint": {
                      "ScaleX": 0.5,
                      "ScaleY": 0.5
                    },
                    "Position": {
                      "X": 86.594,
                      "Y": 207.6975
                    },
                    "Scale": {
                      "ScaleX": 1.0,
                      "ScaleY": 1.0
                    },
                    "CColor": {},
                    "IconVisible": false,
                    "PrePosition": {
                      "X": 0.0962,
                      "Y": 0.3709
                    },
                    "PreSize": {
                      "X": 0.0644,
                      "Y": 0.0482
                    },
                    "LeftMargin": 57.594,
                    "RightMargin": 784.406,
                    "TopMargin": 338.8025,
                    "BottomMargin": 194.1975,
                    "Tag": 1239,
                    "ActionTag": 2101653315,
                    "Size": {
                      "X": 58.0,
                      "Y": 27.0
                    },
                    "Name": "langhua_214",
                    "ctype": "SpriteObjectData"
                  },
                  {
                    "FileData": {
                      "Type": "Normal",
                      "Path": "image/ui/niuniu/bg/langhua.png",
                      "Plist": ""
                    },
                    "BlendFunc": {
                      "Src": 1,
                      "Dst": 771
                    },
                    "AnchorPoint": {
                      "ScaleX": 0.5,
                      "ScaleY": 0.5
                    },
                    "Position": {
                      "X": 86.594,
                      "Y": 256.5305
                    },
                    "Scale": {
                      "ScaleX": 1.0,
                      "ScaleY": 1.0
                    },
                    "CColor": {},
                    "IconVisible": false,
                    "PrePosition": {
                      "X": 0.0962,
                      "Y": 0.4581
                    },
                    "PreSize": {
                      "X": 0.0644,
                      "Y": 0.0482
                    },
                    "LeftMargin": 57.594,
                    "RightMargin": 784.406,
                    "TopMargin": 289.9695,
                    "BottomMargin": 243.0305,
                    "Tag": 1240,
                    "ActionTag": -764455849,
                    "Size": {
                      "X": 58.0,
                      "Y": 27.0
                    },
                    "Name": "langhua_214_0",
                    "ctype": "SpriteObjectData"
                  },
                  {
                    "FileData": {
                      "Type": "Normal",
                      "Path": "image/ui/niuniu/bg/langhua.png",
                      "Plist": ""
                    },
                    "BlendFunc": {
                      "Src": 1,
                      "Dst": 771
                    },
                    "AnchorPoint": {
                      "ScaleX": 0.5,
                      "ScaleY": 0.5
                    },
                    "Position": {
                      "X": 86.5937,
                      "Y": 407.1357
                    },
                    "Scale": {
                      "ScaleX": 1.0,
                      "ScaleY": 1.0
                    },
                    "CColor": {},
                    "IconVisible": false,
                    "PrePosition": {
                      "X": 0.0962,
                      "Y": 0.727
                    },
                    "PreSize": {
                      "X": 0.0644,
                      "Y": 0.0482
                    },
                    "LeftMargin": 57.5937,
                    "RightMargin": 784.4064,
                    "TopMargin": 139.3643,
                    "BottomMargin": 393.6357,
                    "Tag": 1241,
                    "ActionTag": 253872285,
                    "Size": {
                      "X": 58.0,
                      "Y": 27.0
                    },
                    "Name": "langhua_214_1",
                    "ctype": "SpriteObjectData"
                  },
                  {
                    "FileData": {
                      "Type": "Normal",
                      "Path": "image/ui/niuniu/bg/langhua.png",
                      "Plist": ""
                    },
                    "BlendFunc": {
                      "Src": 1,
                      "Dst": 771
                    },
                    "AnchorPoint": {
                      "ScaleX": 0.5,
                      "ScaleY": 0.5
                    },
                    "Position": {
                      "X": 86.5925,
                      "Y": 459.3996
                    },
                    "Scale": {
                      "ScaleX": 1.0,
                      "ScaleY": 1.0
                    },
                    "CColor": {},
                    "IconVisible": false,
                    "PrePosition": {
                      "X": 0.0962,
                      "Y": 0.8204
                    },
                    "PreSize": {
                      "X": 0.0644,
                      "Y": 0.0482
                    },
                    "LeftMargin": 57.5925,
                    "RightMargin": 784.4075,
                    "TopMargin": 87.1004,
                    "BottomMargin": 445.8996,
                    "Tag": 1242,
                    "ActionTag": 189049770,
                    "Size": {
                      "X": 58.0,
                      "Y": 27.0
                    },
                    "Name": "langhua_214_2",
                    "ctype": "SpriteObjectData"
                  },
                  {
                    "FileData": {
                      "Type": "Normal",
                      "Path": "image/ui/niuniu/bg/langhua.png",
                      "Plist": ""
                    },
                    "BlendFunc": {
                      "Src": 1,
                      "Dst": 771
                    },
                    "AnchorPoint": {
                      "ScaleX": 0.5,
                      "ScaleY": 0.5
                    },
                    "Position": {
                      "X": 86.5937,
                      "Y": 506.6631
                    },
                    "Scale": {
                      "ScaleX": 1.0,
                      "ScaleY": 1.0
                    },
                    "CColor": {},
                    "IconVisible": false,
                    "PrePosition": {
                      "X": 0.0962,
                      "Y": 0.9048
                    },
                    "PreSize": {
                      "X": 0.0644,
                      "Y": 0.0482
                    },
                    "LeftMargin": 57.5937,
                    "RightMargin": 784.4064,
                    "TopMargin": 39.8369,
                    "BottomMargin": 493.1631,
                    "Tag": 1243,
                    "ActionTag": 76346202,
                    "Size": {
                      "X": 58.0,
                      "Y": 27.0
                    },
                    "Name": "langhua_214_3",
                    "ctype": "SpriteObjectData"
                  },
                  {
                    "FontSize": 32,
                    "LabelText": "高级选项",
                    "FontResource": {
                      "Type": "Normal",
                      "Path": "image/fonts/FZZY.TTF",
                      "Plist": ""
                    },
                    "OutlineColor": {
                      "R": 161,
                      "G": 81,
                      "B": 19
                    },
                    "ShadowColor": {
                      "R": 110,
                      "G": 110,
                      "B": 110
                    },
                    "ShadowOffsetX": 2.0,
                    "ShadowOffsetY": -2.0,
                    "AnchorPoint": {
                      "ScaleY": 0.5
                    },
                    "Position": {
                      "X": 126.2263,
                      "Y": 207.0085
                    },
                    "Scale": {
                      "ScaleX": 1.0,
                      "ScaleY": 1.0
                    },
                    "CColor": {
                      "R": 116,
                      "G": 132,
                      "B": 226
                    },
                    "IconVisible": false,
                    "PrePosition": {
                      "X": 0.1403,
                      "Y": 0.3697
                    },
                    "PreSize": {
                      "X": 0.1444,
                      "Y": 0.0643
                    },
                    "LeftMargin": 126.2263,
                    "RightMargin": 643.7737,
                    "TopMargin": 334.9915,
                    "BottomMargin": 189.0085,
                    "Tag": 290,
                    "ActionTag": -19218777,
                    "Size": {
                      "X": 130.0,
                      "Y": 36.0
                    },
                    "Name": "xuanxiang",
                    "ctype": "TextObjectData"
                  },
                  {
                    "FontSize": 32,
                    "LabelText": "最大抢庄",
                    "FontResource": {
                      "Type": "Normal",
                      "Path": "image/fonts/FZZY.TTF",
                      "Plist": ""
                    },
                    "OutlineColor": {
                      "R": 161,
                      "G": 81,
                      "B": 19
                    },
                    "ShadowColor": {
                      "R": 110,
                      "G": 110,
                      "B": 110
                    },
                    "ShadowOffsetX": 2.0,
                    "ShadowOffsetY": -2.0,
                    "AnchorPoint": {
                      "ScaleY": 1.0
                    },
                    "Position": {
                      "X": 126.2263,
                      "Y": 176.4049
                    },
                    "Scale": {
                      "ScaleX": 1.0,
                      "ScaleY": 1.0
                    },
                    "CColor": {
                      "R": 116,
                      "G": 132,
                      "B": 226
                    },
                    "IconVisible": false,
                    "PrePosition": {
                      "X": 0.1403,
                      "Y": 0.315
                    },
                    "PreSize": {
                      "X": 0.1444,
                      "Y": 0.0643
                    },
                    "LeftMargin": 126.2263,
                    "RightMargin": 643.7737,
                    "TopMargin": 383.5951,
                    "BottomMargin": 140.4049,
                    "Tag": 291,
                    "ActionTag": 1522023412,
                    "Size": {
                      "X": 130.0,
                      "Y": 36.0
                    },
                    "Name": "qiangzhuang",
                    "ctype": "TextObjectData"
                  },
                  {
                    "FileData": {
                      "Type": "Normal",
                      "Path": "image/ui/niuniu/bg/langhua.png",
                      "Plist": ""
                    },
                    "BlendFunc": {
                      "Src": 1,
                      "Dst": 771
                    },
                    "AnchorPoint": {
                      "ScaleX": 0.5,
                      "ScaleY": 0.5
                    },
                    "Position": {
                      "X": 86.5937,
                      "Y": 358.8712
                    },
                    "Scale": {
                      "ScaleX": 1.0,
                      "ScaleY": 1.0
                    },
                    "CColor": {},
                    "IconVisible": false,
                    "PrePosition": {
                      "X": 0.0962,
                      "Y": 0.6408
                    },
                    "PreSize": {
                      "X": 0.0644,
                      "Y": 0.0482
                    },
                    "LeftMargin": 57.5937,
                    "RightMargin": 784.4064,
                    "TopMargin": 187.6288,
                    "BottomMargin": 345.3712,
                    "Tag": 292,
                    "ActionTag": -1654941313,
                    "Size": {
                      "X": 58.0,
                      "Y": 27.0
                    },
                    "Name": "langhua_214_0_0",
                    "ctype": "SpriteObjectData"
                  },
                  {
                    "FileData": {
                      "Type": "Normal",
                      "Path": "image/ui/niuniu/bg/langhua.png",
                      "Plist": ""
                    },
                    "BlendFunc": {
                      "Src": 1,
                      "Dst": 771
                    },
                    "AnchorPoint": {
                      "ScaleX": 0.5,
                      "ScaleY": 0.5
                    },
                    "Position": {
                      "X": 86.594,
                      "Y": 158.8645
                    },
                    "Scale": {
                      "ScaleX": 1.0,
                      "ScaleY": 1.0
                    },
                    "CColor": {},
                    "IconVisible": false,
                    "PrePosition": {
                      "X": 0.0962,
                      "Y": 0.2837
                    },
                    "PreSize": {
                      "X": 0.0644,
                      "Y": 0.0482
                    },
                    "LeftMargin": 57.594,
                    "RightMargin": 784.406,
                    "TopMargin": 387.6355,
                    "BottomMargin": 145.3645,
                    "Tag": 293,
                    "ActionTag": 1998332986,
                    "Size": {
                      "X": 58.0,
                      "Y": 27.0
                    },
                    "Name": "langhua_214_0_1",
                    "ctype": "SpriteObjectData"
                  },
                  {
                    "FontSize": 28,
                    "LabelText": "房主支付 闲家推注房主支付 闲家推注闲家推注",
                    "FontResource": {
                      "Type": "Normal",
                      "Path": "image/fonts/FZZY.TTF",
                      "Plist": ""
                    },
                    "OutlineColor": {
                      "G": 0,
                      "B": 0
                    },
                    "ShadowColor": {
                      "R": 110,
                      "G": 110,
                      "B": 110
                    },
                    "ShadowOffsetX": 2.0,
                    "ShadowOffsetY": -2.0,
                    "AnchorPoint": {
                      "ScaleY": 0.5
                    },
                    "Position": {
                      "X": 275.0685,
                      "Y": 208.1236
                    },
                    "Scale": {
                      "ScaleX": 1.0,
                      "ScaleY": 1.0
                    },
                    "CColor": {
                      "R": 197,
                      "G": 213
                    },
                    "IconVisible": false,
                    "PrePosition": {
                      "X": 0.3056,
                      "Y": 0.3716
                    },
                    "PreSize": {
                      "X": 0.6411,
                      "Y": 0.0571
                    },
                    "LeftMargin": 275.0685,
                    "RightMargin": 47.9315,
                    "TopMargin": 335.8764,
                    "BottomMargin": 192.1236,
                    "Tag": 295,
                    "ActionTag": 736264260,
                    "Size": {
                      "X": 577.0,
                      "Y": 32.0
                    },
                    "Name": "xuanxiang_value",
                    "ctype": "TextObjectData"
                  },
                  {
                    "FontSize": 28,
                    "LabelText": "房主支付 闲家推注房主支付 闲家推注闲家推注",
                    "FontResource": {
                      "Type": "Normal",
                      "Path": "image/fonts/FZZY.TTF",
                      "Plist": ""
                    },
                    "VerticalAlignmentType": "VT_Center",
                    "OutlineColor": {
                      "G": 0,
                      "B": 0
                    },
                    "ShadowColor": {
                      "R": 110,
                      "G": 110,
                      "B": 110
                    },
                    "ShadowOffsetX": 2.0,
                    "ShadowOffsetY": -2.0,
                    "AnchorPoint": {
                      "ScaleY": 0.5
                    },
                    "Position": {
                      "X": 275.0685,
                      "Y": 155.815
                    },
                    "Scale": {
                      "ScaleX": 1.0,
                      "ScaleY": 1.0
                    },
                    "CColor": {
                      "R": 197,
                      "G": 213
                    },
                    "IconVisible": false,
                    "PrePosition": {
                      "X": 0.3056,
                      "Y": 0.2782
                    },
                    "PreSize": {
                      "X": 0.6411,
                      "Y": 0.0571
                    },
                    "LeftMargin": 275.0685,
                    "RightMargin": 47.9315,
                    "TopMargin": 388.1849,
                    "BottomMargin": 139.815,
                    "Tag": 296,
                    "ActionTag": -1404171071,
                    "Size": {
                      "X": 577.0,
                      "Y": 32.0
                    },
                    "Name": "wanfa_value",
                    "ctype": "TextObjectData"
                  },
                  {
                    "FontSize": 32,
                    "LabelText": "推注选项",
                    "FontResource": {
                      "Type": "Normal",
                      "Path": "image/fonts/FZZY.TTF",
                      "Plist": ""
                    },
                    "OutlineColor": {
                      "R": 161,
                      "G": 81,
                      "B": 19
                    },
                    "ShadowColor": {
                      "R": 110,
                      "G": 110,
                      "B": 110
                    },
                    "ShadowOffsetX": 2.0,
                    "ShadowOffsetY": -2.0,
                    "AnchorPoint": {
                      "ScaleY": 1.0
                    },
                    "Position": {
                      "X": 126.2263,
                      "Y": 127.8015
                    },
                    "Scale": {
                      "ScaleX": 1.0,
                      "ScaleY": 1.0
                    },
                    "CColor": {
                      "R": 116,
                      "G": 132,
                      "B": 226
                    },
                    "IconVisible": false,
                    "PrePosition": {
                      "X": 0.1403,
                      "Y": 0.2282
                    },
                    "PreSize": {
                      "X": 0.1444,
                      "Y": 0.0643
                    },
                    "LeftMargin": 126.2263,
                    "RightMargin": 643.7737,
                    "TopMargin": 432.1985,
                    "BottomMargin": 91.8015,
                    "Tag": 568,
                    "ActionTag": -119232299,
                    "Size": {
                      "X": 130.0,
                      "Y": 36.0
                    },
                    "Name": "qiangzhuang_0",
                    "ctype": "TextObjectData"
                  },
                  {
                    "FileData": {
                      "Type": "Normal",
                      "Path": "image/ui/niuniu/bg/langhua.png",
                      "Plist": ""
                    },
                    "BlendFunc": {
                      "Src": 1,
                      "Dst": 771
                    },
                    "AnchorPoint": {
                      "ScaleX": 0.5,
                      "ScaleY": 0.5
                    },
                    "Position": {
                      "X": 86.594,
                      "Y": 110.0314
                    },
                    "Scale": {
                      "ScaleX": 1.0,
                      "ScaleY": 1.0
                    },
                    "CColor": {},
                    "IconVisible": false,
                    "PrePosition": {
                      "X": 0.0962,
                      "Y": 0.1965
                    },
                    "PreSize": {
                      "X": 0.0644,
                      "Y": 0.0482
                    },
                    "LeftMargin": 57.594,
                    "RightMargin": 784.406,
                    "TopMargin": 436.4686,
                    "BottomMargin": 96.5314,
                    "Tag": 569,
                    "ActionTag": -1238344573,
                    "Size": {
                      "X": 58.0,
                      "Y": 27.0
                    },
                    "Name": "langhua_214_0_1_0",
                    "ctype": "SpriteObjectData"
                  },
                  {
                    "FontSize": 32,
                    "LabelText": "其    他",
                    "FontResource": {
                      "Type": "Normal",
                      "Path": "image/fonts/FZZY.TTF",
                      "Plist": ""
                    },
                    "OutlineColor": {
                      "R": 161,
                      "G": 81,
                      "B": 19
                    },
                    "ShadowColor": {
                      "R": 110,
                      "G": 110,
                      "B": 110
                    },
                    "ShadowOffsetX": 2.0,
                    "ShadowOffsetY": -2.0,
                    "AnchorPoint": {
                      "ScaleY": 1.0
                    },
                    "Position": {
                      "X": 126.2264,
                      "Y": 79.1983
                    },
                    "Scale": {
                      "ScaleX": 1.0,
                      "ScaleY": 1.0
                    },
                    "CColor": {
                      "R": 116,
                      "G": 132,
                      "B": 226
                    },
                    "IconVisible": false,
                    "PrePosition": {
                      "X": 0.1403,
                      "Y": 0.1414
                    },
                    "PreSize": {
                      "X": 0.11,
                      "Y": 0.0643
                    },
                    "LeftMargin": 126.2264,
                    "RightMargin": 674.7736,
                    "TopMargin": 480.8018,
                    "BottomMargin": 43.1983,
                    "Tag": 570,
                    "ActionTag": -602502887,
                    "Size": {
                      "X": 99.0,
                      "Y": 36.0
                    },
                    "Name": "qiangzhuang_0_0",
                    "ctype": "TextObjectData"
                  },
                  {
                    "FileData": {
                      "Type": "Normal",
                      "Path": "image/ui/niuniu/bg/langhua.png",
                      "Plist": ""
                    },
                    "BlendFunc": {
                      "Src": 1,
                      "Dst": 771
                    },
                    "AnchorPoint": {
                      "ScaleX": 0.5,
                      "ScaleY": 0.5
                    },
                    "Position": {
                      "X": 86.594,
                      "Y": 61.1983
                    },
                    "Scale": {
                      "ScaleX": 1.0,
                      "ScaleY": 1.0
                    },
                    "CColor": {},
                    "IconVisible": false,
                    "PrePosition": {
                      "X": 0.0962,
                      "Y": 0.1093
                    },
                    "PreSize": {
                      "X": 0.0644,
                      "Y": 0.0482
                    },
                    "LeftMargin": 57.594,
                    "RightMargin": 784.406,
                    "TopMargin": 485.3017,
                    "BottomMargin": 47.6983,
                    "Tag": 571,
                    "ActionTag": 1320824570,
                    "Size": {
                      "X": 58.0,
                      "Y": 27.0
                    },
                    "Name": "langhua_214_0_1_0_0",
                    "ctype": "SpriteObjectData"
                  },
                  {
                    "FontSize": 28,
                    "LabelText": "房主支付 闲家推注房主支付 闲家推注闲家推注",
                    "FontResource": {
                      "Type": "Normal",
                      "Path": "image/fonts/FZZY.TTF",
                      "Plist": ""
                    },
                    "VerticalAlignmentType": "VT_Center",
                    "OutlineColor": {
                      "G": 0,
                      "B": 0
                    },
                    "ShadowColor": {
                      "R": 110,
                      "G": 110,
                      "B": 110
                    },
                    "ShadowOffsetX": 2.0,
                    "ShadowOffsetY": -2.0,
                    "AnchorPoint": {
                      "ScaleY": 0.5
                    },
                    "Position": {
                      "X": 275.0685,
                      "Y": 104.5067
                    },
                    "Scale": {
                      "ScaleX": 1.0,
                      "ScaleY": 1.0
                    },
                    "CColor": {
                      "R": 197,
                      "G": 213
                    },
                    "IconVisible": false,
                    "PrePosition": {
                      "X": 0.3056,
                      "Y": 0.1866
                    },
                    "PreSize": {
                      "X": 0.6411,
                      "Y": 0.0571
                    },
                    "LeftMargin": 275.0685,
                    "RightMargin": 47.9315,
                    "TopMargin": 439.4933,
                    "BottomMargin": 88.5067,
                    "Tag": 572,
                    "ActionTag": 542241914,
                    "Size": {
                      "X": 577.0,
                      "Y": 32.0
                    },
                    "Name": "tuizhu_value",
                    "ctype": "TextObjectData"
                  },
                  {
                    "FontSize": 28,
                    "LabelText": "房主支付 闲家推注房主支付 闲家推注闲家推注",
                    "FontResource": {
                      "Type": "Normal",
                      "Path": "image/fonts/FZZY.TTF",
                      "Plist": ""
                    },
                    "VerticalAlignmentType": "VT_Center",
                    "OutlineColor": {
                      "G": 0,
                      "B": 0
                    },
                    "ShadowColor": {
                      "R": 110,
                      "G": 110,
                      "B": 110
                    },
                    "ShadowOffsetX": 2.0,
                    "ShadowOffsetY": -2.0,
                    "AnchorPoint": {
                      "ScaleY": 0.5
                    },
                    "Position": {
                      "X": 275.0685,
                      "Y": 57.1982
                    },
                    "Scale": {
                      "ScaleX": 1.0,
                      "ScaleY": 1.0
                    },
                    "CColor": {
                      "R": 197,
                      "G": 213
                    },
                    "IconVisible": false,
                    "PrePosition": {
                      "X": 0.3056,
                      "Y": 0.1021
                    },
                    "PreSize": {
                      "X": 0.6411,
                      "Y": 0.0571
                    },
                    "LeftMargin": 275.0685,
                    "RightMargin": 47.9315,
                    "TopMargin": 486.8018,
                    "BottomMargin": 41.1982,
                    "Tag": 573,
                    "ActionTag": -1891060676,
                    "Size": {
                      "X": 577.0,
                      "Y": 32.0
                    },
                    "Name": "qita_value",
                    "ctype": "TextObjectData"
                  }
                ],
                "ActionTag": 395604154,
                "Size": {
                  "X": 900.0,
                  "Y": 560.0
                },
                "Name": "panel",
                "ctype": "ImageViewObjectData"
              },
              {
                "FileData": {
                  "Type": "Normal",
                  "Path": "image/ui/niuniu/button/btClose.png",
                  "Plist": ""
                },
                "BlendFunc": {
                  "Src": 1,
                  "Dst": 771
                },
                "AnchorPoint": {
                  "ScaleX": 0.5,
                  "ScaleY": 0.5
                },
                "Position": {
                  "X": 1079.257,
                  "Y": 622.1198
                },
                "Scale": {
                  "ScaleX": 1.0,
                  "ScaleY": 1.0
                },
                "CColor": {},
                "IconVisible": false,
                "PrePosition": {
                  "X": 0.8432,
                  "Y": 0.8641
                },
                "PreSize": {
                  "X": 0.0656,
                  "Y": 0.1125
                },
                "LeftMargin": 1037.257,
                "RightMargin": 158.743,
                "TopMargin": 57.3802,
                "BottomMargin": 581.6198,
                "Tag": 1096,
                "ActionTag": -912059795,
                "Size": {
                  "X": 84.0,
                  "Y": 81.0
                },
                "Name": "btClose",
                "ctype": "SpriteObjectData"
              }
            ],
            "ActionTag": 1532292151,
            "Size": {
              "X": 1280.0,
              "Y": 720.0
            },
            "Name": "root",
            "ctype": "PanelObjectData"
          }
        ],
        "Size": {
          "X": 1280.0,
          "Y": 720.0
        },
        "Name": "Scene",
        "ctype": "SingleNodeObjectData"
      },
      "UsedResources": [
        "../../image/fonts/FZZY.TTF",
        "../../image/ui/niuniu/bg/langhua.png",
        "../../image/ui/niuniu/button/btClose.png",
        "../../image/ui/room/player_info_bg.png",
        "../../image/ui/transparent/transparent_1280x720.png"
      ],
      "ctype": "GameFileData"
    }
  },
  "Type": "Scene"
}