{
  "ID": "a6670716-5600-4f34-b8db-38ff2109f733",
  "Version": "2.3.4",
  "Name": "Loading",
  "Content": {
    "Content": {
      "Animation": {
        "Duration": 0,
        "Speed": 1.0,
        "Timelines": [],
        "ctype": "TimelineActionData"
      },
      "AnimationList": [],
      "ObjectData": {
        "Tag": 62,
        "Children": [
          {
            "FontSize": 35,
            "LabelText": "游戏登录中............................游戏登录中............................",
            "FontResource": {
              "Type": "Normal",
              "Path": "image/fonts/FZZY.TTF",
              "Plist": ""
            },
            "HorizontalAlignmentType": "HT_Center",
            "VerticalAlignmentType": "VT_Center",
            "OutlineColor": {
              "G": 0,
              "B": 0
            },
            "ShadowColor": {
              "R": 110,
              "G": 110,
              "B": 110
            },
            "ShadowOffsetX": 2.0,
            "ShadowOffsetY": -2.0,
            "AnchorPoint": {
              "ScaleX": 0.5,
              "ScaleY": 0.5
            },
            "Position": {
              "X": 640.0,
              "Y": 191.012
            },
            "Scale": {
              "ScaleX": 1.0,
              "ScaleY": 1.0
            },
            "CColor": {},
            "IconVisible": false,
            "PrePosition": {
              "X": 0.5,
              "Y": 0.2653
            },
            "PreSize": {
              "X": 0.668,
              "Y": 0.0556
            },
            "LeftMargin": 212.5,
            "RightMargin": 212.5,
            "TopMargin": 508.988,
            "BottomMargin": 171.012,
            "Tag": 113,
            "ActionTag": -379310227,
            "Size": {
              "X": 855.0,
              "Y": 40.0
            },
            "Name": "content",
            "ctype": "TextObjectData"
          }
        ],
        "Size": {
          "X": 1280.0,
          "Y": 720.0
        },
        "Name": "Layer",
        "ctype": "LayerObjectData"
      },
      "UsedResources": [
        "../../image/fonts/FZZY.TTF"
      ],
      "ctype": "GameFileData"
    }
  },
  "Type": "Layer"
}