{
  "ID": "13456a63-ca76-4b4b-9c75-636f12321c94",
  "Version": "3.10.0.0",
  "Name": "boluodai_liuguang",
  "Content": {
    "Content": {
      "Animation": {
        "Duration": 90,
        "Speed": 1.0,
        "Timelines": [
          {
            "ActionTag": 1119883429,
            "Property": "Position",
            "Frames": [
              {
                "X": 0.0,
                "Y": 0.0,
                "FrameIndex": 90,
                "EasingData": {
                  "Type": 0
                },
                "ctype": "PointFrameData"
              }
            ],
            "ctype": "TimelineData"
          },
          {
            "ActionTag": 1119883429,
            "Property": "Scale",
            "Frames": [
              {
                "X": 1.0,
                "Y": 1.0,
                "FrameIndex": 90,
                "EasingData": {
                  "Type": 0
                },
                "ctype": "ScaleValueFrameData"
              }
            ],
            "ctype": "TimelineData"
          },
          {
            "ActionTag": 1119883429,
            "Property": "RotationSkew",
            "Frames": [
              {
                "X": 0.0,
                "Y": 0.0,
                "FrameIndex": 90,
                "EasingData": {
                  "Type": 0
                },
                "ctype": "ScaleValueFrameData"
              }
            ],
            "ctype": "TimelineData"
          },
          {
            "ActionTag": 1119883429,
            "Property": "FileData",
            "Frames": [
              {
                "TextureFile": {
                  "Type": "PlistSubImage",
                  "Path": "boluodai_liuguang01.png",
                  "Plist": "image/ui/animation/boluodai_liuguang.plist"
                },
                "FrameIndex": 0,
                "Tween": false,
                "ctype": "TextureFrameData"
              },
              {
                "TextureFile": {
                  "Type": "PlistSubImage",
                  "Path": "boluodai_liuguang02.png",
                  "Plist": "image/ui/animation/boluodai_liuguang.plist"
                },
                "FrameIndex": 3,
                "Tween": false,
                "ctype": "TextureFrameData"
              },
              {
                "TextureFile": {
                  "Type": "PlistSubImage",
                  "Path": "boluodai_liuguang03.png",
                  "Plist": "image/ui/animation/boluodai_liuguang.plist"
                },
                "FrameIndex": 6,
                "Tween": false,
                "ctype": "TextureFrameData"
              },
              {
                "TextureFile": {
                  "Type": "PlistSubImage",
                  "Path": "boluodai_liuguang04.png",
                  "Plist": "image/ui/animation/boluodai_liuguang.plist"
                },
                "FrameIndex": 9,
                "Tween": false,
                "ctype": "TextureFrameData"
              },
              {
                "TextureFile": {
                  "Type": "PlistSubImage",
                  "Path": "boluodai_liuguang05.png",
                  "Plist": "image/ui/animation/boluodai_liuguang.plist"
                },
                "FrameIndex": 12,
                "Tween": false,
                "ctype": "TextureFrameData"
              },
              {
                "TextureFile": {
                  "Type": "PlistSubImage",
                  "Path": "boluodai_liuguang06.png",
                  "Plist": "image/ui/animation/boluodai_liuguang.plist"
                },
                "FrameIndex": 15,
                "Tween": false,
                "ctype": "TextureFrameData"
              },
              {
                "TextureFile": {
                  "Type": "PlistSubImage",
                  "Path": "boluodai_liuguang07.png",
                  "Plist": "image/ui/animation/boluodai_liuguang.plist"
                },
                "FrameIndex": 18,
                "Tween": false,
                "ctype": "TextureFrameData"
              },
              {
                "TextureFile": {
                  "Type": "PlistSubImage",
                  "Path": "boluodai_liuguang08.png",
                  "Plist": "image/ui/animation/boluodai_liuguang.plist"
                },
                "FrameIndex": 21,
                "Tween": false,
                "ctype": "TextureFrameData"
              },
              {
                "TextureFile": {
                  "Type": "PlistSubImage",
                  "Path": "boluodai_liuguang09.png",
                  "Plist": "image/ui/animation/boluodai_liuguang.plist"
                },
                "FrameIndex": 24,
                "Tween": false,
                "ctype": "TextureFrameData"
              },
              {
                "TextureFile": {
                  "Type": "PlistSubImage",
                  "Path": "boluodai_liuguang10.png",
                  "Plist": "image/ui/animation/boluodai_liuguang.plist"
                },
                "FrameIndex": 27,
                "Tween": false,
                "ctype": "TextureFrameData"
              },
              {
                "TextureFile": {
                  "Type": "PlistSubImage",
                  "Path": "boluodai_liuguang11.png",
                  "Plist": "image/ui/animation/boluodai_liuguang.plist"
                },
                "FrameIndex": 30,
                "Tween": false,
                "ctype": "TextureFrameData"
              },
              {
                "TextureFile": {
                  "Type": "PlistSubImage",
                  "Path": "boluodai_liuguang12.png",
                  "Plist": "image/ui/animation/boluodai_liuguang.plist"
                },
                "FrameIndex": 33,
                "Tween": false,
                "ctype": "TextureFrameData"
              },
              {
                "TextureFile": {
                  "Type": "PlistSubImage",
                  "Path": "boluodai_liuguang13.png",
                  "Plist": "image/ui/animation/boluodai_liuguang.plist"
                },
                "FrameIndex": 36,
                "Tween": false,
                "ctype": "TextureFrameData"
              },
              {
                "TextureFile": {
                  "Type": "PlistSubImage",
                  "Path": "boluodai_liuguang14.png",
                  "Plist": "image/ui/animation/boluodai_liuguang.plist"
                },
                "FrameIndex": 39,
                "Tween": false,
                "ctype": "TextureFrameData"
              },
              {
                "TextureFile": {
                  "Type": "PlistSubImage",
                  "Path": "boluodai_liuguang15.png",
                  "Plist": "image/ui/animation/boluodai_liuguang.plist"
                },
                "FrameIndex": 42,
                "Tween": false,
                "ctype": "TextureFrameData"
              },
              {
                "TextureFile": {
                  "Type": "PlistSubImage",
                  "Path": "boluodai_liuguang01.png",
                  "Plist": "image/ui/animation/boluodai_liuguang.plist"
                },
                "FrameIndex": 45,
                "Tween": false,
                "ctype": "TextureFrameData"
              },
              {
                "TextureFile": {
                  "Type": "PlistSubImage",
                  "Path": "boluodai_liuguang02.png",
                  "Plist": "image/ui/animation/boluodai_liuguang.plist"
                },
                "FrameIndex": 48,
                "Tween": false,
                "ctype": "TextureFrameData"
              },
              {
                "TextureFile": {
                  "Type": "PlistSubImage",
                  "Path": "boluodai_liuguang03.png",
                  "Plist": "image/ui/animation/boluodai_liuguang.plist"
                },
                "FrameIndex": 51,
                "Tween": false,
                "ctype": "TextureFrameData"
              },
              {
                "TextureFile": {
                  "Type": "PlistSubImage",
                  "Path": "boluodai_liuguang04.png",
                  "Plist": "image/ui/animation/boluodai_liuguang.plist"
                },
                "FrameIndex": 54,
                "Tween": false,
                "ctype": "TextureFrameData"
              },
              {
                "TextureFile": {
                  "Type": "PlistSubImage",
                  "Path": "boluodai_liuguang05.png",
                  "Plist": "image/ui/animation/boluodai_liuguang.plist"
                },
                "FrameIndex": 57,
                "Tween": false,
                "ctype": "TextureFrameData"
              },
              {
                "TextureFile": {
                  "Type": "PlistSubImage",
                  "Path": "boluodai_liuguang06.png",
                  "Plist": "image/ui/animation/boluodai_liuguang.plist"
                },
                "FrameIndex": 60,
                "Tween": false,
                "ctype": "TextureFrameData"
              },
              {
                "TextureFile": {
                  "Type": "PlistSubImage",
                  "Path": "boluodai_liuguang07.png",
                  "Plist": "image/ui/animation/boluodai_liuguang.plist"
                },
                "FrameIndex": 63,
                "Tween": false,
                "ctype": "TextureFrameData"
              },
              {
                "TextureFile": {
                  "Type": "PlistSubImage",
                  "Path": "boluodai_liuguang08.png",
                  "Plist": "image/ui/animation/boluodai_liuguang.plist"
                },
                "FrameIndex": 66,
                "Tween": false,
                "ctype": "TextureFrameData"
              },
              {
                "TextureFile": {
                  "Type": "PlistSubImage",
                  "Path": "boluodai_liuguang09.png",
                  "Plist": "image/ui/animation/boluodai_liuguang.plist"
                },
                "FrameIndex": 69,
                "Tween": false,
                "ctype": "TextureFrameData"
              },
              {
                "TextureFile": {
                  "Type": "PlistSubImage",
                  "Path": "boluodai_liuguang10.png",
                  "Plist": "image/ui/animation/boluodai_liuguang.plist"
                },
                "FrameIndex": 72,
                "Tween": false,
                "ctype": "TextureFrameData"
              },
              {
                "TextureFile": {
                  "Type": "PlistSubImage",
                  "Path": "boluodai_liuguang11.png",
                  "Plist": "image/ui/animation/boluodai_liuguang.plist"
                },
                "FrameIndex": 75,
                "Tween": false,
                "ctype": "TextureFrameData"
              },
              {
                "TextureFile": {
                  "Type": "PlistSubImage",
                  "Path": "boluodai_liuguang12.png",
                  "Plist": "image/ui/animation/boluodai_liuguang.plist"
                },
                "FrameIndex": 78,
                "Tween": false,
                "ctype": "TextureFrameData"
              },
              {
                "TextureFile": {
                  "Type": "PlistSubImage",
                  "Path": "boluodai_liuguang13.png",
                  "Plist": "image/ui/animation/boluodai_liuguang.plist"
                },
                "FrameIndex": 81,
                "Tween": false,
                "ctype": "TextureFrameData"
              },
              {
                "TextureFile": {
                  "Type": "PlistSubImage",
                  "Path": "boluodai_liuguang14.png",
                  "Plist": "image/ui/animation/boluodai_liuguang.plist"
                },
                "FrameIndex": 84,
                "Tween": false,
                "ctype": "TextureFrameData"
              },
              {
                "TextureFile": {
                  "Type": "PlistSubImage",
                  "Path": "boluodai_liuguang15.png",
                  "Plist": "image/ui/animation/boluodai_liuguang.plist"
                },
                "FrameIndex": 87,
                "Tween": false,
                "ctype": "TextureFrameData"
              },
              {
                "TextureFile": {
                  "Type": "PlistSubImage",
                  "Path": "boluodai_liuguang15.png",
                  "Plist": "image/ui/animation/boluodai_liuguang.plist"
                },
                "FrameIndex": 90,
                "Tween": false,
                "ctype": "TextureFrameData"
              }
            ],
            "ctype": "TimelineData"
          },
          {
            "ActionTag": 1119883429,
            "Property": "BlendFunc",
            "Frames": [
              {
                "Src": 770,
                "Dst": 1,
                "FrameIndex": 0,
                "Tween": false,
                "ctype": "BlendFuncFrameData"
              }
            ],
            "ctype": "TimelineData"
          },
          {
            "ActionTag": 306781367,
            "Property": "Position",
            "Frames": [
              {
                "X": 0.0,
                "Y": 0.0,
                "FrameIndex": 38,
                "EasingData": {
                  "Type": 0
                },
                "ctype": "PointFrameData"
              }
            ],
            "ctype": "TimelineData"
          },
          {
            "ActionTag": 306781367,
            "Property": "Scale",
            "Frames": [
              {
                "X": 1.0,
                "Y": 1.0,
                "FrameIndex": 38,
                "EasingData": {
                  "Type": 0
                },
                "ctype": "ScaleValueFrameData"
              }
            ],
            "ctype": "TimelineData"
          },
          {
            "ActionTag": 306781367,
            "Property": "RotationSkew",
            "Frames": [
              {
                "X": 0.0,
                "Y": 0.0,
                "FrameIndex": 38,
                "EasingData": {
                  "Type": 0
                },
                "ctype": "ScaleValueFrameData"
              }
            ],
            "ctype": "TimelineData"
          },
          {
            "ActionTag": 306781367,
            "Property": "FileData",
            "Frames": [
              {
                "TextureFile": {
                  "Type": "PlistSubImage",
                  "Path": "boluodai2_liuguang01.png",
                  "Plist": "image/ui/animation/boluodai_liuguang.plist"
                },
                "FrameIndex": 0,
                "Tween": false,
                "ctype": "TextureFrameData"
              },
              {
                "TextureFile": {
                  "Type": "PlistSubImage",
                  "Path": "boluodai2_liuguang02.png",
                  "Plist": "image/ui/animation/boluodai_liuguang.plist"
                },
                "FrameIndex": 2,
                "Tween": false,
                "ctype": "TextureFrameData"
              },
              {
                "TextureFile": {
                  "Type": "PlistSubImage",
                  "Path": "boluodai2_liuguang03.png",
                  "Plist": "image/ui/animation/boluodai_liuguang.plist"
                },
                "FrameIndex": 4,
                "Tween": false,
                "ctype": "TextureFrameData"
              },
              {
                "TextureFile": {
                  "Type": "PlistSubImage",
                  "Path": "boluodai2_liuguang04.png",
                  "Plist": "image/ui/animation/boluodai_liuguang.plist"
                },
                "FrameIndex": 6,
                "Tween": false,
                "ctype": "TextureFrameData"
              },
              {
                "TextureFile": {
                  "Type": "PlistSubImage",
                  "Path": "boluodai2_liuguang05.png",
                  "Plist": "image/ui/animation/boluodai_liuguang.plist"
                },
                "FrameIndex": 8,
                "Tween": false,
                "ctype": "TextureFrameData"
              },
              {
                "TextureFile": {
                  "Type": "PlistSubImage",
                  "Path": "boluodai2_liuguang06.png",
                  "Plist": "image/ui/animation/boluodai_liuguang.plist"
                },
                "FrameIndex": 10,
                "Tween": false,
                "ctype": "TextureFrameData"
              },
              {
                "TextureFile": {
                  "Type": "PlistSubImage",
                  "Path": "boluodai2_liuguang07.png",
                  "Plist": "image/ui/animation/boluodai_liuguang.plist"
                },
                "FrameIndex": 12,
                "Tween": false,
                "ctype": "TextureFrameData"
              },
              {
                "TextureFile": {
                  "Type": "PlistSubImage",
                  "Path": "boluodai2_liuguang08.png",
                  "Plist": "image/ui/animation/boluodai_liuguang.plist"
                },
                "FrameIndex": 14,
                "Tween": false,
                "ctype": "TextureFrameData"
              },
              {
                "TextureFile": {
                  "Type": "PlistSubImage",
                  "Path": "boluodai2_liuguang09.png",
                  "Plist": "image/ui/animation/boluodai_liuguang.plist"
                },
                "FrameIndex": 16,
                "Tween": false,
                "ctype": "TextureFrameData"
              },
              {
                "TextureFile": {
                  "Type": "PlistSubImage",
                  "Path": "boluodai2_liuguang10.png",
                  "Plist": "image/ui/animation/boluodai_liuguang.plist"
                },
                "FrameIndex": 18,
                "Tween": false,
                "ctype": "TextureFrameData"
              },
              {
                "TextureFile": {
                  "Type": "PlistSubImage",
                  "Path": "boluodai2_liuguang11.png",
                  "Plist": "image/ui/animation/boluodai_liuguang.plist"
                },
                "FrameIndex": 20,
                "Tween": false,
                "ctype": "TextureFrameData"
              },
              {
                "TextureFile": {
                  "Type": "PlistSubImage",
                  "Path": "boluodai2_liuguang12.png",
                  "Plist": "image/ui/animation/boluodai_liuguang.plist"
                },
                "FrameIndex": 22,
                "Tween": false,
                "ctype": "TextureFrameData"
              },
              {
                "TextureFile": {
                  "Type": "PlistSubImage",
                  "Path": "boluodai2_liuguang13.png",
                  "Plist": "image/ui/animation/boluodai_liuguang.plist"
                },
                "FrameIndex": 24,
                "Tween": false,
                "ctype": "TextureFrameData"
              },
              {
                "TextureFile": {
                  "Type": "PlistSubImage",
                  "Path": "boluodai2_liuguang14.png",
                  "Plist": "image/ui/animation/boluodai_liuguang.plist"
                },
                "FrameIndex": 26,
                "Tween": false,
                "ctype": "TextureFrameData"
              },
              {
                "TextureFile": {
                  "Type": "PlistSubImage",
                  "Path": "boluodai2_liuguang15.png",
                  "Plist": "image/ui/animation/boluodai_liuguang.plist"
                },
                "FrameIndex": 28,
                "Tween": false,
                "ctype": "TextureFrameData"
              },
              {
                "TextureFile": {
                  "Type": "PlistSubImage",
                  "Path": "boluodai2_liuguang16.png",
                  "Plist": "image/ui/animation/boluodai_liuguang.plist"
                },
                "FrameIndex": 30,
                "Tween": false,
                "ctype": "TextureFrameData"
              },
              {
                "TextureFile": {
                  "Type": "PlistSubImage",
                  "Path": "boluodai2_liuguang17.png",
                  "Plist": "image/ui/animation/boluodai_liuguang.plist"
                },
                "FrameIndex": 32,
                "Tween": false,
                "ctype": "TextureFrameData"
              },
              {
                "TextureFile": {
                  "Type": "PlistSubImage",
                  "Path": "boluodai2_liuguang18.png",
                  "Plist": "image/ui/animation/boluodai_liuguang.plist"
                },
                "FrameIndex": 34,
                "Tween": false,
                "ctype": "TextureFrameData"
              },
              {
                "TextureFile": {
                  "Type": "PlistSubImage",
                  "Path": "boluodai2_liuguang19.png",
                  "Plist": "image/ui/animation/boluodai_liuguang.plist"
                },
                "FrameIndex": 36,
                "Tween": false,
                "ctype": "TextureFrameData"
              },
              {
                "TextureFile": {
                  "Type": "PlistSubImage",
                  "Path": "boluodai2_liuguang19.png",
                  "Plist": "image/ui/animation/boluodai_liuguang.plist"
                },
                "FrameIndex": 38,
                "Tween": false,
                "ctype": "TextureFrameData"
              }
            ],
            "ctype": "TimelineData"
          },
          {
            "ActionTag": 306781367,
            "Property": "BlendFunc",
            "Frames": [
              {
                "Src": 770,
                "Dst": 1,
                "FrameIndex": 0,
                "Tween": false,
                "ctype": "BlendFuncFrameData"
              },
              {
                "Src": 770,
                "Dst": 1,
                "FrameIndex": 38,
                "Tween": false,
                "ctype": "BlendFuncFrameData"
              }
            ],
            "ctype": "TimelineData"
          },
          {
            "ActionTag": 306781367,
            "Property": "VisibleForFrame",
            "Frames": [
              {
                "Value": true,
                "FrameIndex": 0,
                "Tween": false,
                "ctype": "BoolFrameData"
              },
              {
                "Value": true,
                "FrameIndex": 36,
                "Tween": false,
                "ctype": "BoolFrameData"
              },
              {
                "Value": false,
                "FrameIndex": 38,
                "Tween": false,
                "ctype": "BoolFrameData"
              }
            ],
            "ctype": "TimelineData"
          },
          {
            "ActionTag": -1746174315,
            "Property": "Position",
            "Frames": [
              {
                "X": 0.0,
                "Y": 0.0,
                "FrameIndex": 0,
                "EasingData": {
                  "Type": 0
                },
                "ctype": "PointFrameData"
              }
            ],
            "ctype": "TimelineData"
          },
          {
            "ActionTag": -1746174315,
            "Property": "Scale",
            "Frames": [
              {
                "X": 1.0,
                "Y": 1.0,
                "FrameIndex": 0,
                "EasingData": {
                  "Type": 0
                },
                "ctype": "ScaleValueFrameData"
              }
            ],
            "ctype": "TimelineData"
          },
          {
            "ActionTag": -1746174315,
            "Property": "RotationSkew",
            "Frames": [
              {
                "X": 0.0,
                "Y": 0.0,
                "FrameIndex": 0,
                "EasingData": {
                  "Type": 0
                },
                "ctype": "ScaleValueFrameData"
              }
            ],
            "ctype": "TimelineData"
          },
          {
            "ActionTag": -669702425,
            "Property": "Position",
            "Frames": [
              {
                "X": 0.0,
                "Y": 0.0,
                "FrameIndex": 38,
                "EasingData": {
                  "Type": 0
                },
                "ctype": "PointFrameData"
              }
            ],
            "ctype": "TimelineData"
          },
          {
            "ActionTag": -669702425,
            "Property": "Scale",
            "Frames": [
              {
                "X": 1.0,
                "Y": 1.0,
                "FrameIndex": 38,
                "EasingData": {
                  "Type": 0
                },
                "ctype": "ScaleValueFrameData"
              }
            ],
            "ctype": "TimelineData"
          },
          {
            "ActionTag": -669702425,
            "Property": "RotationSkew",
            "Frames": [
              {
                "X": 0.0,
                "Y": 0.0,
                "FrameIndex": 38,
                "EasingData": {
                  "Type": 0
                },
                "ctype": "ScaleValueFrameData"
              }
            ],
            "ctype": "TimelineData"
          },
          {
            "ActionTag": -669702425,
            "Property": "FileData",
            "Frames": [
              {
                "TextureFile": {
                  "Type": "PlistSubImage",
                  "Path": "boluodai2_liuguang01.png",
                  "Plist": "image/ui/animation/boluodai_liuguang.plist"
                },
                "FrameIndex": 0,
                "Tween": false,
                "ctype": "TextureFrameData"
              },
              {
                "TextureFile": {
                  "Type": "PlistSubImage",
                  "Path": "boluodai2_liuguang02.png",
                  "Plist": "image/ui/animation/boluodai_liuguang.plist"
                },
                "FrameIndex": 2,
                "Tween": false,
                "ctype": "TextureFrameData"
              },
              {
                "TextureFile": {
                  "Type": "PlistSubImage",
                  "Path": "boluodai2_liuguang03.png",
                  "Plist": "image/ui/animation/boluodai_liuguang.plist"
                },
                "FrameIndex": 4,
                "Tween": false,
                "ctype": "TextureFrameData"
              },
              {
                "TextureFile": {
                  "Type": "PlistSubImage",
                  "Path": "boluodai2_liuguang04.png",
                  "Plist": "image/ui/animation/boluodai_liuguang.plist"
                },
                "FrameIndex": 6,
                "Tween": false,
                "ctype": "TextureFrameData"
              },
              {
                "TextureFile": {
                  "Type": "PlistSubImage",
                  "Path": "boluodai2_liuguang05.png",
                  "Plist": "image/ui/animation/boluodai_liuguang.plist"
                },
                "FrameIndex": 8,
                "Tween": false,
                "ctype": "TextureFrameData"
              },
              {
                "TextureFile": {
                  "Type": "PlistSubImage",
                  "Path": "boluodai2_liuguang06.png",
                  "Plist": "image/ui/animation/boluodai_liuguang.plist"
                },
                "FrameIndex": 10,
                "Tween": false,
                "ctype": "TextureFrameData"
              },
              {
                "TextureFile": {
                  "Type": "PlistSubImage",
                  "Path": "boluodai2_liuguang07.png",
                  "Plist": "image/ui/animation/boluodai_liuguang.plist"
                },
                "FrameIndex": 12,
                "Tween": false,
                "ctype": "TextureFrameData"
              },
              {
                "TextureFile": {
                  "Type": "PlistSubImage",
                  "Path": "boluodai2_liuguang08.png",
                  "Plist": "image/ui/animation/boluodai_liuguang.plist"
                },
                "FrameIndex": 14,
                "Tween": false,
                "ctype": "TextureFrameData"
              },
              {
                "TextureFile": {
                  "Type": "PlistSubImage",
                  "Path": "boluodai2_liuguang09.png",
                  "Plist": "image/ui/animation/boluodai_liuguang.plist"
                },
                "FrameIndex": 16,
                "Tween": false,
                "ctype": "TextureFrameData"
              },
              {
                "TextureFile": {
                  "Type": "PlistSubImage",
                  "Path": "boluodai2_liuguang10.png",
                  "Plist": "image/ui/animation/boluodai_liuguang.plist"
                },
                "FrameIndex": 18,
                "Tween": false,
                "ctype": "TextureFrameData"
              },
              {
                "TextureFile": {
                  "Type": "PlistSubImage",
                  "Path": "boluodai2_liuguang11.png",
                  "Plist": "image/ui/animation/boluodai_liuguang.plist"
                },
                "FrameIndex": 20,
                "Tween": false,
                "ctype": "TextureFrameData"
              },
              {
                "TextureFile": {
                  "Type": "PlistSubImage",
                  "Path": "boluodai2_liuguang12.png",
                  "Plist": "image/ui/animation/boluodai_liuguang.plist"
                },
                "FrameIndex": 22,
                "Tween": false,
                "ctype": "TextureFrameData"
              },
              {
                "TextureFile": {
                  "Type": "PlistSubImage",
                  "Path": "boluodai2_liuguang13.png",
                  "Plist": "image/ui/animation/boluodai_liuguang.plist"
                },
                "FrameIndex": 24,
                "Tween": false,
                "ctype": "TextureFrameData"
              },
              {
                "TextureFile": {
                  "Type": "PlistSubImage",
                  "Path": "boluodai2_liuguang14.png",
                  "Plist": "image/ui/animation/boluodai_liuguang.plist"
                },
                "FrameIndex": 26,
                "Tween": false,
                "ctype": "TextureFrameData"
              },
              {
                "TextureFile": {
                  "Type": "PlistSubImage",
                  "Path": "boluodai2_liuguang15.png",
                  "Plist": "image/ui/animation/boluodai_liuguang.plist"
                },
                "FrameIndex": 28,
                "Tween": false,
                "ctype": "TextureFrameData"
              },
              {
                "TextureFile": {
                  "Type": "PlistSubImage",
                  "Path": "boluodai2_liuguang16.png",
                  "Plist": "image/ui/animation/boluodai_liuguang.plist"
                },
                "FrameIndex": 30,
                "Tween": false,
                "ctype": "TextureFrameData"
              },
              {
                "TextureFile": {
                  "Type": "PlistSubImage",
                  "Path": "boluodai2_liuguang17.png",
                  "Plist": "image/ui/animation/boluodai_liuguang.plist"
                },
                "FrameIndex": 32,
                "Tween": false,
                "ctype": "TextureFrameData"
              },
              {
                "TextureFile": {
                  "Type": "PlistSubImage",
                  "Path": "boluodai2_liuguang18.png",
                  "Plist": "image/ui/animation/boluodai_liuguang.plist"
                },
                "FrameIndex": 34,
                "Tween": false,
                "ctype": "TextureFrameData"
              },
              {
                "TextureFile": {
                  "Type": "PlistSubImage",
                  "Path": "boluodai2_liuguang19.png",
                  "Plist": "image/ui/animation/boluodai_liuguang.plist"
                },
                "FrameIndex": 36,
                "Tween": false,
                "ctype": "TextureFrameData"
              },
              {
                "TextureFile": {
                  "Type": "PlistSubImage",
                  "Path": "boluodai2_liuguang19.png",
                  "Plist": "image/ui/animation/boluodai_liuguang.plist"
                },
                "FrameIndex": 38,
                "Tween": false,
                "ctype": "TextureFrameData"
              }
            ],
            "ctype": "TimelineData"
          },
          {
            "ActionTag": -669702425,
            "Property": "BlendFunc",
            "Frames": [
              {
                "Src": 770,
                "Dst": 1,
                "FrameIndex": 0,
                "Tween": false,
                "ctype": "BlendFuncFrameData"
              },
              {
                "Src": 770,
                "Dst": 1,
                "FrameIndex": 38,
                "Tween": false,
                "ctype": "BlendFuncFrameData"
              }
            ],
            "ctype": "TimelineData"
          },
          {
            "ActionTag": -669702425,
            "Property": "VisibleForFrame",
            "Frames": [
              {
                "Value": true,
                "FrameIndex": 0,
                "Tween": false,
                "ctype": "BoolFrameData"
              },
              {
                "Value": true,
                "FrameIndex": 36,
                "Tween": false,
                "ctype": "BoolFrameData"
              },
              {
                "Value": false,
                "FrameIndex": 38,
                "Tween": false,
                "ctype": "BoolFrameData"
              }
            ],
            "ctype": "TimelineData"
          },
          {
            "ActionTag": -382575022,
            "Property": "Position",
            "Frames": [
              {
                "X": 0.0,
                "Y": 0.0,
                "FrameIndex": 0,
                "EasingData": {
                  "Type": 0
                },
                "ctype": "PointFrameData"
              }
            ],
            "ctype": "TimelineData"
          },
          {
            "ActionTag": -382575022,
            "Property": "Scale",
            "Frames": [
              {
                "X": 1.0,
                "Y": 1.0,
                "FrameIndex": 0,
                "EasingData": {
                  "Type": 0
                },
                "ctype": "ScaleValueFrameData"
              }
            ],
            "ctype": "TimelineData"
          },
          {
            "ActionTag": -382575022,
            "Property": "RotationSkew",
            "Frames": [
              {
                "X": 0.0,
                "Y": 0.0,
                "FrameIndex": 0,
                "EasingData": {
                  "Type": 0
                },
                "ctype": "ScaleValueFrameData"
              }
            ],
            "ctype": "TimelineData"
          },
          {
            "ActionTag": -1251027484,
            "Property": "Position",
            "Frames": [
              {
                "X": 0.0,
                "Y": 0.0,
                "FrameIndex": 0,
                "EasingData": {
                  "Type": 0
                },
                "ctype": "PointFrameData"
              }
            ],
            "ctype": "TimelineData"
          },
          {
            "ActionTag": -1251027484,
            "Property": "Scale",
            "Frames": [
              {
                "X": 2.4,
                "Y": 2.4,
                "FrameIndex": 0,
                "EasingData": {
                  "Type": 0
                },
                "ctype": "ScaleValueFrameData"
              }
            ],
            "ctype": "TimelineData"
          }
        ],
        "ctype": "TimelineActionData"
      },
      "AnimationList": [
        {
          "StartIndex": 0,
          "EndIndex": 90,
          "Name": "action",
          "ctype": "AnimationInfoData"
        }
      ],
      "ObjectData": {
        "Tag": 3,
        "Children": [
          {
            "AnchorPoint": {},
            "Position": {
              "X": 0.0,
              "Y": 0.0
            },
            "Scale": {
              "ScaleX": 2.4,
              "ScaleY": 2.4
            },
            "CColor": {},
            "IconVisible": true,
            "PrePosition": {
              "X": 0.0,
              "Y": 0.0
            },
            "PreSize": {
              "X": 0.0,
              "Y": 0.0
            },
            "Tag": 9,
            "Children": [
              {
                "AnchorPoint": {},
                "Position": {
                  "X": 0.0,
                  "Y": 0.0
                },
                "Scale": {
                  "ScaleX": 1.0,
                  "ScaleY": 1.0
                },
                "CColor": {},
                "IconVisible": true,
                "PrePosition": {
                  "X": 0.0,
                  "Y": 0.0
                },
                "PreSize": {
                  "X": 0.0,
                  "Y": 0.0
                },
                "Tag": 5,
                "Children": [
                  {
                    "FileData": {
                      "Type": "PlistSubImage",
                      "Path": "boluodai_liuguang01.png",
                      "Plist": "image/ui/animation/boluodai_liuguang.plist"
                    },
                    "BlendFunc": {
                      "Src": 770,
                      "Dst": 1
                    },
                    "AnchorPoint": {
                      "ScaleX": 0.5,
                      "ScaleY": 0.5
                    },
                    "Position": {
                      "X": 0.0,
                      "Y": 0.0
                    },
                    "Scale": {
                      "ScaleX": 1.0,
                      "ScaleY": 1.0
                    },
                    "CColor": {},
                    "IconVisible": false,
                    "PrePosition": {
                      "X": 0.0,
                      "Y": 0.0
                    },
                    "PreSize": {
                      "X": 0.0,
                      "Y": 0.0
                    },
                    "LeftMargin": -59.5,
                    "RightMargin": -59.5,
                    "TopMargin": -17.5,
                    "BottomMargin": -17.5,
                    "Tag": 10,
                    "ActionTag": 1119883429,
                    "Size": {
                      "X": 119.0,
                      "Y": 35.0
                    },
                    "Name": "Sprite_4",
                    "ctype": "SpriteObjectData"
                  }
                ],
                "ActionTag": -1772056317,
                "Size": {
                  "X": 0.0,
                  "Y": 0.0
                },
                "Name": "Node_1",
                "ctype": "SingleNodeObjectData"
              },
              {
                "AnchorPoint": {},
                "Position": {
                  "X": 0.0,
                  "Y": 0.0
                },
                "Scale": {
                  "ScaleX": 1.0,
                  "ScaleY": 1.0
                },
                "CColor": {},
                "IconVisible": true,
                "PrePosition": {
                  "X": 0.0,
                  "Y": 0.0
                },
                "PreSize": {
                  "X": 0.0,
                  "Y": 0.0
                },
                "Tag": 7,
                "Children": [
                  {
                    "FileData": {
                      "Type": "PlistSubImage",
                      "Path": "boluodai2_liuguang01.png",
                      "Plist": "image/ui/animation/boluodai_liuguang.plist"
                    },
                    "BlendFunc": {
                      "Src": 770,
                      "Dst": 1
                    },
                    "AnchorPoint": {
                      "ScaleX": 0.5,
                      "ScaleY": 0.5
                    },
                    "Position": {
                      "X": 0.0,
                      "Y": 0.0
                    },
                    "Scale": {
                      "ScaleX": 1.0,
                      "ScaleY": 1.0
                    },
                    "CColor": {},
                    "IconVisible": false,
                    "PrePosition": {
                      "X": 0.0,
                      "Y": 0.0
                    },
                    "PreSize": {
                      "X": 0.0,
                      "Y": 0.0
                    },
                    "LeftMargin": -59.5,
                    "RightMargin": -59.5,
                    "TopMargin": -17.5,
                    "BottomMargin": -17.5,
                    "Tag": 8,
                    "ActionTag": 306781367,
                    "Size": {
                      "X": 119.0,
                      "Y": 35.0
                    },
                    "Name": "Sprite_3",
                    "ctype": "SpriteObjectData"
                  }
                ],
                "ActionTag": -1746174315,
                "Size": {
                  "X": 0.0,
                  "Y": 0.0
                },
                "Name": "Node_2",
                "ctype": "SingleNodeObjectData"
              },
              {
                "AnchorPoint": {},
                "Position": {
                  "X": 0.0,
                  "Y": 0.0
                },
                "Scale": {
                  "ScaleX": 1.0,
                  "ScaleY": 1.0
                },
                "CColor": {},
                "IconVisible": true,
                "PrePosition": {
                  "X": 0.0,
                  "Y": 0.0
                },
                "PreSize": {
                  "X": 0.0,
                  "Y": 0.0
                },
                "Tag": 11,
                "Children": [
                  {
                    "FileData": {
                      "Type": "PlistSubImage",
                      "Path": "boluodai2_liuguang01.png",
                      "Plist": "image/ui/animation/boluodai_liuguang.plist"
                    },
                    "BlendFunc": {
                      "Src": 770,
                      "Dst": 1
                    },
                    "AnchorPoint": {
                      "ScaleX": 0.5,
                      "ScaleY": 0.5
                    },
                    "Position": {
                      "X": 0.0,
                      "Y": 0.0
                    },
                    "Scale": {
                      "ScaleX": 1.0,
                      "ScaleY": 1.0
                    },
                    "CColor": {},
                    "IconVisible": false,
                    "PrePosition": {
                      "X": 0.0,
                      "Y": 0.0
                    },
                    "PreSize": {
                      "X": 0.0,
                      "Y": 0.0
                    },
                    "LeftMargin": -59.5,
                    "RightMargin": -59.5,
                    "TopMargin": -17.5,
                    "BottomMargin": -17.5,
                    "Tag": 12,
                    "ActionTag": -669702425,
                    "Size": {
                      "X": 119.0,
                      "Y": 35.0
                    },
                    "Name": "Sprite_3",
                    "ctype": "SpriteObjectData"
                  }
                ],
                "ActionTag": -382575022,
                "Size": {
                  "X": 0.0,
                  "Y": 0.0
                },
                "Name": "Node_2_0",
                "ctype": "SingleNodeObjectData"
              }
            ],
            "ActionTag": -1251027484,
            "Size": {
              "X": 0.0,
              "Y": 0.0
            },
            "Name": "Node_3",
            "ctype": "SingleNodeObjectData"
          }
        ],
        "Size": {
          "X": 0.0,
          "Y": 0.0
        },
        "Name": "Node",
        "ctype": "SingleNodeObjectData"
      },
      "UsedResources": [
        "../../image/ui/animation/boluodai_liuguang.plist",
        "../../image/ui/animation/boluodai_liuguang.png"
      ],
      "ctype": "GameFileData"
    }
  },
  "Type": "Node"
}