{
  "ID": "91ecc94a-9057-4b4f-b2a8-7d44e57e8984",
  "Version": "3.10.0.0",
  "Name": "animTou",
  "Content": {
    "Content": {
      "Animation": {
        "Duration": 49,
        "Speed": 1.0,
        "ActivedAnimationName": "action",
        "Timelines": [
          {
            "ActionTag": -874909033,
            "Property": "FileData",
            "Frames": [
              {
                "TextureFile": {
                  "Type": "PlistSubImage",
                  "Path": "tou01.png",
                  "Plist": "submodules/kaokao/image/common/tou.plist"
                },
                "FrameIndex": 0,
                "Tween": false,
                "ctype": "TextureFrameData"
              },
              {
                "TextureFile": {
                  "Type": "PlistSubImage",
                  "Path": "tou02.png",
                  "Plist": "submodules/kaokao/image/common/tou.plist"
                },
                "FrameIndex": 6,
                "Tween": false,
                "ctype": "TextureFrameData"
              },
              {
                "TextureFile": {
                  "Type": "PlistSubImage",
                  "Path": "tou03.png",
                  "Plist": "submodules/kaokao/image/common/tou.plist"
                },
                "FrameIndex": 13,
                "Tween": false,
                "ctype": "TextureFrameData"
              },
              {
                "TextureFile": {
                  "Type": "PlistSubImage",
                  "Path": "tou04.png",
                  "Plist": "submodules/kaokao/image/common/tou.plist"
                },
                "FrameIndex": 20,
                "Tween": false,
                "ctype": "TextureFrameData"
              },
              {
                "TextureFile": {
                  "Type": "PlistSubImage",
                  "Path": "tou05.png",
                  "Plist": "submodules/kaokao/image/common/tou.plist"
                },
                "FrameIndex": 26,
                "Tween": false,
                "ctype": "TextureFrameData"
              },
              {
                "TextureFile": {
                  "Type": "PlistSubImage",
                  "Path": "tou06.png",
                  "Plist": "submodules/kaokao/image/common/tou.plist"
                },
                "FrameIndex": 32,
                "Tween": false,
                "ctype": "TextureFrameData"
              },
              {
                "TextureFile": {
                  "Type": "PlistSubImage",
                  "Path": "tou07.png",
                  "Plist": "submodules/kaokao/image/common/tou.plist"
                },
                "FrameIndex": 38,
                "Tween": false,
                "ctype": "TextureFrameData"
              },
              {
                "TextureFile": {
                  "Type": "PlistSubImage",
                  "Path": "tou08.png",
                  "Plist": "submodules/kaokao/image/common/tou.plist"
                },
                "FrameIndex": 42,
                "Tween": false,
                "ctype": "TextureFrameData"
              },
              {
                "TextureFile": {
                  "Type": "PlistSubImage",
                  "Path": "tou09.png",
                  "Plist": "submodules/kaokao/image/common/tou.plist"
                },
                "FrameIndex": 46,
                "Tween": false,
                "ctype": "TextureFrameData"
              },
              {
                "TextureFile": {
                  "Type": "PlistSubImage",
                  "Path": "tou10.png",
                  "Plist": "submodules/kaokao/image/common/tou.plist"
                },
                "FrameIndex": 49,
                "Tween": false,
                "ctype": "TextureFrameData"
              }
            ],
            "ctype": "TimelineData"
          }
        ],
        "ctype": "TimelineActionData"
      },
      "AnimationList": [
        {
          "StartIndex": 0,
          "EndIndex": 49,
          "Name": "action",
          "ctype": "AnimationInfoData"
        }
      ],
      "ObjectData": {
        "Tag": 124,
        "Children": [
          {
            "FileData": {
              "Type": "PlistSubImage",
              "Path": "tou08.png",
              "Plist": "submodules/kaokao/image/common/tou.plist"
            },
            "BlendFunc": {
              "Src": 1,
              "Dst": 771
            },
            "AnchorPoint": {
              "ScaleX": 0.5,
              "ScaleY": 0.5
            },
            "Position": {
              "X": 0.0,
              "Y": -40.0
            },
            "Scale": {
              "ScaleX": 1.0,
              "ScaleY": 1.0
            },
            "CColor": {},
            "IconVisible": false,
            "PrePosition": {
              "X": 0.0,
              "Y": 0.0
            },
            "PreSize": {
              "X": 0.0,
              "Y": 0.0
            },
            "LeftMargin": -250.0,
            "RightMargin": -250.0,
            "TopMargin": -210.0,
            "BottomMargin": -290.0,
            "Tag": 125,
            "ActionTag": -874909033,
            "Size": {
              "X": 500.0,
              "Y": 500.0
            },
            "Name": "Sprite_1",
            "ctype": "SpriteObjectData"
          }
        ],
        "Size": {
          "X": 0.0,
          "Y": 0.0
        },
        "Name": "Node",
        "ctype": "SingleNodeObjectData"
      },
      "UsedResources": [
        "../image/common/tou.plist",
        "../image/common/tou.png"
      ],
      "ctype": "GameFileData"
    }
  },
  "Type": "Node"
}