{
  "ID": "9c5ab772-52ce-4325-b9ff-4571776485ac",
  "Version": "3.10.0.0",
  "Name": "animAn",
  "Content": {
    "Content": {
      "Animation": {
        "Duration": 54,
        "Speed": 1.0,
        "ActivedAnimationName": "action",
        "Timelines": [
          {
            "ActionTag": -509743333,
            "Property": "FileData",
            "Frames": [
              {
                "TextureFile": {
                  "Type": "PlistSubImage",
                  "Path": "an01.png",
                  "Plist": "submodules/kaokao/image/common/an.plist"
                },
                "FrameIndex": 0,
                "Tween": false,
                "ctype": "TextureFrameData"
              },
              {
                "TextureFile": {
                  "Type": "PlistSubImage",
                  "Path": "an02.png",
                  "Plist": "submodules/kaokao/image/common/an.plist"
                },
                "FrameIndex": 5,
                "Tween": false,
                "ctype": "TextureFrameData"
              },
              {
                "TextureFile": {
                  "Type": "PlistSubImage",
                  "Path": "an03.png",
                  "Plist": "submodules/kaokao/image/common/an.plist"
                },
                "FrameIndex": 10,
                "Tween": false,
                "ctype": "TextureFrameData"
              },
              {
                "TextureFile": {
                  "Type": "PlistSubImage",
                  "Path": "an04.png",
                  "Plist": "submodules/kaokao/image/common/an.plist"
                },
                "FrameIndex": 15,
                "Tween": false,
                "ctype": "TextureFrameData"
              },
              {
                "TextureFile": {
                  "Type": "PlistSubImage",
                  "Path": "an05.png",
                  "Plist": "submodules/kaokao/image/common/an.plist"
                },
                "FrameIndex": 20,
                "Tween": false,
                "ctype": "TextureFrameData"
              },
              {
                "TextureFile": {
                  "Type": "PlistSubImage",
                  "Path": "an06.png",
                  "Plist": "submodules/kaokao/image/common/an.plist"
                },
                "FrameIndex": 26,
                "Tween": false,
                "ctype": "TextureFrameData"
              },
              {
                "TextureFile": {
                  "Type": "PlistSubImage",
                  "Path": "an07.png",
                  "Plist": "submodules/kaokao/image/common/an.plist"
                },
                "FrameIndex": 32,
                "Tween": false,
                "ctype": "TextureFrameData"
              },
              {
                "TextureFile": {
                  "Type": "PlistSubImage",
                  "Path": "an08.png",
                  "Plist": "submodules/kaokao/image/common/an.plist"
                },
                "FrameIndex": 38,
                "Tween": false,
                "ctype": "TextureFrameData"
              },
              {
                "TextureFile": {
                  "Type": "PlistSubImage",
                  "Path": "an09.png",
                  "Plist": "submodules/kaokao/image/common/an.plist"
                },
                "FrameIndex": 45,
                "Tween": false,
                "ctype": "TextureFrameData"
              },
              {
                "TextureFile": {
                  "Type": "PlistSubImage",
                  "Path": "an10.png",
                  "Plist": "submodules/kaokao/image/common/an.plist"
                },
                "FrameIndex": 54,
                "Tween": false,
                "ctype": "TextureFrameData"
              }
            ],
            "ctype": "TimelineData"
          }
        ],
        "ctype": "TimelineActionData"
      },
      "AnimationList": [
        {
          "StartIndex": 0,
          "EndIndex": 56,
          "Name": "action",
          "ctype": "AnimationInfoData"
        }
      ],
      "ObjectData": {
        "Tag": 252,
        "Children": [
          {
            "FileData": {
              "Type": "PlistSubImage",
              "Path": "an04.png",
              "Plist": "submodules/kaokao/image/common/an.plist"
            },
            "BlendFunc": {
              "Src": 1,
              "Dst": 771
            },
            "AnchorPoint": {
              "ScaleX": 0.5,
              "ScaleY": 0.5
            },
            "Position": {
              "X": 1.6198,
              "Y": -1.6192
            },
            "Scale": {
              "ScaleX": 1.0,
              "ScaleY": 1.0
            },
            "CColor": {},
            "IconVisible": false,
            "PrePosition": {
              "X": 0.0,
              "Y": 0.0
            },
            "PreSize": {
              "X": 0.0,
              "Y": 0.0
            },
            "LeftMargin": -248.3802,
            "RightMargin": -251.6198,
            "TopMargin": -248.3808,
            "BottomMargin": -251.6192,
            "Tag": 263,
            "ActionTag": -509743333,
            "Size": {
              "X": 500.0,
              "Y": 500.0
            },
            "Name": "Sprite_11",
            "ctype": "SpriteObjectData"
          }
        ],
        "Size": {
          "X": 0.0,
          "Y": 0.0
        },
        "Name": "Node",
        "ctype": "SingleNodeObjectData"
      },
      "UsedResources": [
        "../image/common/an.plist",
        "../image/common/an.png"
      ],
      "ctype": "GameFileData"
    }
  },
  "Type": "Node"
}