{
  "ID": "0b2b98a5-58bc-4bd8-8961-8473be5dc53f",
  "Version": "3.10.0.0",
  "Name": "animPiao",
  "Content": {
    "Content": {
      "Animation": {
        "Duration": 54,
        "Speed": 1.0,
        "ActivedAnimationName": "action",
        "Timelines": [
          {
            "ActionTag": -1489875016,
            "Property": "FileData",
            "Frames": [
              {
                "TextureFile": {
                  "Type": "PlistSubImage",
                  "Path": "piao01.png",
                  "Plist": "submodules/kaokao/image/common/piao.plist"
                },
                "FrameIndex": 0,
                "Tween": false,
                "ctype": "TextureFrameData"
              },
              {
                "TextureFile": {
                  "Type": "PlistSubImage",
                  "Path": "piao02.png",
                  "Plist": "submodules/kaokao/image/common/piao.plist"
                },
                "FrameIndex": 6,
                "Tween": false,
                "ctype": "TextureFrameData"
              },
              {
                "TextureFile": {
                  "Type": "PlistSubImage",
                  "Path": "piao03.png",
                  "Plist": "submodules/kaokao/image/common/piao.plist"
                },
                "FrameIndex": 12,
                "Tween": false,
                "ctype": "TextureFrameData"
              },
              {
                "TextureFile": {
                  "Type": "PlistSubImage",
                  "Path": "piao04.png",
                  "Plist": "submodules/kaokao/image/common/piao.plist"
                },
                "FrameIndex": 18,
                "Tween": false,
                "ctype": "TextureFrameData"
              },
              {
                "TextureFile": {
                  "Type": "PlistSubImage",
                  "Path": "piao05.png",
                  "Plist": "submodules/kaokao/image/common/piao.plist"
                },
                "FrameIndex": 24,
                "Tween": false,
                "ctype": "TextureFrameData"
              },
              {
                "TextureFile": {
                  "Type": "PlistSubImage",
                  "Path": "piao06.png",
                  "Plist": "submodules/kaokao/image/common/piao.plist"
                },
                "FrameIndex": 30,
                "Tween": false,
                "ctype": "TextureFrameData"
              },
              {
                "TextureFile": {
                  "Type": "PlistSubImage",
                  "Path": "piao07.png",
                  "Plist": "submodules/kaokao/image/common/piao.plist"
                },
                "FrameIndex": 36,
                "Tween": false,
                "ctype": "TextureFrameData"
              },
              {
                "TextureFile": {
                  "Type": "PlistSubImage",
                  "Path": "piao08.png",
                  "Plist": "submodules/kaokao/image/common/piao.plist"
                },
                "FrameIndex": 42,
                "Tween": false,
                "ctype": "TextureFrameData"
              },
              {
                "TextureFile": {
                  "Type": "PlistSubImage",
                  "Path": "piao09.png",
                  "Plist": "submodules/kaokao/image/common/piao.plist"
                },
                "FrameIndex": 48,
                "Tween": false,
                "ctype": "TextureFrameData"
              },
              {
                "TextureFile": {
                  "Type": "PlistSubImage",
                  "Path": "piao10.png",
                  "Plist": "submodules/kaokao/image/common/piao.plist"
                },
                "FrameIndex": 54,
                "Tween": false,
                "ctype": "TextureFrameData"
              }
            ],
            "ctype": "TimelineData"
          }
        ],
        "ctype": "TimelineActionData"
      },
      "AnimationList": [
        {
          "StartIndex": 0,
          "EndIndex": 54,
          "Name": "action",
          "ctype": "AnimationInfoData"
        }
      ],
      "ObjectData": {
        "Tag": 118,
        "Children": [
          {
            "FileData": {
              "Type": "PlistSubImage",
              "Path": "piao08.png",
              "Plist": "submodules/kaokao/image/common/piao.plist"
            },
            "BlendFunc": {
              "Src": 1,
              "Dst": 771
            },
            "AnchorPoint": {
              "ScaleX": 0.5,
              "ScaleY": 0.5
            },
            "Position": {
              "X": 2.0176,
              "Y": -2.0176
            },
            "Scale": {
              "ScaleX": 1.0,
              "ScaleY": 1.0
            },
            "CColor": {},
            "IconVisible": false,
            "PrePosition": {
              "X": 0.0,
              "Y": 0.0
            },
            "PreSize": {
              "X": 0.0,
              "Y": 0.0
            },
            "LeftMargin": -20.9824,
            "RightMargin": -25.0176,
            "TopMargin": -20.9824,
            "BottomMargin": -25.0176,
            "Tag": 123,
            "ActionTag": -1489875016,
            "Size": {
              "X": 500.0,
              "Y": 500.0
            },
            "Name": "Sprite_1",
            "ctype": "SpriteObjectData"
          }
        ],
        "Size": {
          "X": 0.0,
          "Y": 0.0
        },
        "Name": "Node",
        "ctype": "SingleNodeObjectData"
      },
      "UsedResources": [
        "../image/common/piao.plist",
        "../image/common/piao.png"
      ],
      "ctype": "GameFileData"
    }
  },
  "Type": "Node"
}