{
  "ID": "335d159e-12f6-4611-887d-1138f2f5423d",
  "Version": "3.10.0.0",
  "Name": "animChi",
  "Content": {
    "Content": {
      "Animation": {
        "Duration": 54,
        "Speed": 1.0,
        "ActivedAnimationName": "action",
        "Timelines": [
          {
            "ActionTag": 1344818584,
            "Property": "FileData",
            "Frames": [
              {
                "TextureFile": {
                  "Type": "PlistSubImage",
                  "Path": "eat01.png",
                  "Plist": "submodules/kaokao/image/common/eat.plist"
                },
                "FrameIndex": 0,
                "Tween": false,
                "ctype": "TextureFrameData"
              },
              {
                "TextureFile": {
                  "Type": "PlistSubImage",
                  "Path": "eat02.png",
                  "Plist": "submodules/kaokao/image/common/eat.plist"
                },
                "FrameIndex": 6,
                "Tween": false,
                "ctype": "TextureFrameData"
              },
              {
                "TextureFile": {
                  "Type": "PlistSubImage",
                  "Path": "eat03.png",
                  "Plist": "submodules/kaokao/image/common/eat.plist"
                },
                "FrameIndex": 12,
                "Tween": false,
                "ctype": "TextureFrameData"
              },
              {
                "TextureFile": {
                  "Type": "PlistSubImage",
                  "Path": "eat04.png",
                  "Plist": "submodules/kaokao/image/common/eat.plist"
                },
                "FrameIndex": 18,
                "Tween": false,
                "ctype": "TextureFrameData"
              },
              {
                "TextureFile": {
                  "Type": "PlistSubImage",
                  "Path": "eat05.png",
                  "Plist": "submodules/kaokao/image/common/eat.plist"
                },
                "FrameIndex": 24,
                "Tween": false,
                "ctype": "TextureFrameData"
              },
              {
                "TextureFile": {
                  "Type": "PlistSubImage",
                  "Path": "eat06.png",
                  "Plist": "submodules/kaokao/image/common/eat.plist"
                },
                "FrameIndex": 30,
                "Tween": false,
                "ctype": "TextureFrameData"
              },
              {
                "TextureFile": {
                  "Type": "PlistSubImage",
                  "Path": "eat07.png",
                  "Plist": "submodules/kaokao/image/common/eat.plist"
                },
                "FrameIndex": 36,
                "Tween": false,
                "ctype": "TextureFrameData"
              },
              {
                "TextureFile": {
                  "Type": "PlistSubImage",
                  "Path": "eat08.png",
                  "Plist": "submodules/kaokao/image/common/eat.plist"
                },
                "FrameIndex": 42,
                "Tween": false,
                "ctype": "TextureFrameData"
              },
              {
                "TextureFile": {
                  "Type": "PlistSubImage",
                  "Path": "eat09.png",
                  "Plist": "submodules/kaokao/image/common/eat.plist"
                },
                "FrameIndex": 48,
                "Tween": false,
                "ctype": "TextureFrameData"
              },
              {
                "TextureFile": {
                  "Type": "PlistSubImage",
                  "Path": "eat10.png",
                  "Plist": "submodules/kaokao/image/common/eat.plist"
                },
                "FrameIndex": 54,
                "Tween": false,
                "ctype": "TextureFrameData"
              }
            ],
            "ctype": "TimelineData"
          }
        ],
        "ctype": "TimelineActionData"
      },
      "AnimationList": [
        {
          "StartIndex": 0,
          "EndIndex": 54,
          "Name": "action",
          "ctype": "AnimationInfoData"
        }
      ],
      "ObjectData": {
        "Tag": 119,
        "Children": [
          {
            "FileData": {
              "Type": "PlistSubImage",
              "Path": "eat01.png",
              "Plist": "submodules/kaokao/image/common/eat.plist"
            },
            "BlendFunc": {
              "Src": 1,
              "Dst": 771
            },
            "AnchorPoint": {
              "ScaleX": 0.5,
              "ScaleY": 0.5
            },
            "Position": {
              "X": 2.0176,
              "Y": -1.4675
            },
            "Scale": {
              "ScaleX": 1.0,
              "ScaleY": 1.0
            },
            "CColor": {},
            "IconVisible": false,
            "PrePosition": {
              "X": 0.0,
              "Y": 0.0
            },
            "PreSize": {
              "X": 0.0,
              "Y": 0.0
            },
            "LeftMargin": -247.9824,
            "RightMargin": -252.0176,
            "TopMargin": -248.5325,
            "BottomMargin": -251.4675,
            "Tag": 120,
            "ActionTag": 1344818584,
            "Size": {
              "X": 500.0,
              "Y": 500.0
            },
            "Name": "Sprite_1",
            "ctype": "SpriteObjectData"
          }
        ],
        "Size": {
          "X": 0.0,
          "Y": 0.0
        },
        "Name": "Node",
        "ctype": "SingleNodeObjectData"
      },
      "UsedResources": [
        "../image/common/eat.plist",
        "../image/common/eat.png"
      ],
      "ctype": "GameFileData"
    }
  },
  "Type": "Node"
}