{
  "ID": "50d835b2-f1b4-4eb5-989b-33d4b285a45b",
  "Version": "3.10.0.0",
  "Name": "CreateWanfa",
  "Content": {
    "Content": {
      "Animation": {
        "Duration": 0,
        "Speed": 1.0,
        "Timelines": [],
        "ctype": "TimelineActionData"
      },
      "AnimationList": [],
      "ObjectData": {
        "Tag": 44,
        "Children": [
          {
            "FontSize": 33,
            "LabelText": "付费方式：",
            "FontResource": {
              "Type": "Normal",
              "Path": "image/fonts/FZZY.TTF",
              "Plist": ""
            },
            "OutlineColor": {
              "R": 203,
              "G": 188,
              "B": 119
            },
            "ShadowColor": {
              "R": 110,
              "G": 110,
              "B": 110
            },
            "ShadowOffsetX": 2.0,
            "ShadowOffsetY": -2.0,
            "AnchorPoint": {
              "ScaleY": 0.5
            },
            "Position": {
              "X": 297.157,
              "Y": 580.0
            },
            "Scale": {
              "ScaleX": 1.0,
              "ScaleY": 1.0
            },
            "CColor": {
              "R": 140,
              "G": 112,
              "B": 71
            },
            "IconVisible": false,
            "PrePosition": {
              "X": 0.0,
              "Y": 0.0
            },
            "PreSize": {
              "X": 0.0,
              "Y": 0.0
            },
            "LeftMargin": 297.157,
            "RightMargin": -443.157,
            "TopMargin": -599.0,
            "BottomMargin": 561.0,
            "Tag": 48,
            "ActionTag": -1080949291,
            "Size": {
              "X": 146.0,
              "Y": 38.0
            },
            "Name": "word_fufei",
            "ctype": "TextObjectData"
          },
          {
            "FontSize": 33,
            "LabelText": "局数选择：",
            "FontResource": {
              "Type": "Normal",
              "Path": "image/fonts/FZZY.TTF",
              "Plist": ""
            },
            "OutlineColor": {
              "R": 203,
              "G": 188,
              "B": 119
            },
            "ShadowColor": {
              "R": 110,
              "G": 110,
              "B": 110
            },
            "ShadowOffsetX": 2.0,
            "ShadowOffsetY": -2.0,
            "AnchorPoint": {
              "ScaleY": 0.5
            },
            "Position": {
              "X": 297.157,
              "Y": 529.9996
            },
            "Scale": {
              "ScaleX": 1.0,
              "ScaleY": 1.0
            },
            "CColor": {
              "R": 140,
              "G": 112,
              "B": 71
            },
            "IconVisible": false,
            "PrePosition": {
              "X": 0.0,
              "Y": 0.0
            },
            "PreSize": {
              "X": 0.0,
              "Y": 0.0
            },
            "LeftMargin": 297.157,
            "RightMargin": -443.157,
            "TopMargin": -548.9996,
            "BottomMargin": 510.9996,
            "Tag": 47,
            "ActionTag": 1811939745,
            "Size": {
              "X": 146.0,
              "Y": 38.0
            },
            "Name": "word_jushu",
            "ctype": "TextObjectData"
          },
          {
            "FontSize": 33,
            "LabelText": "选       漂：",
            "FontResource": {
              "Type": "Normal",
              "Path": "image/fonts/FZZY.TTF",
              "Plist": ""
            },
            "OutlineColor": {
              "R": 203,
              "G": 188,
              "B": 119
            },
            "ShadowColor": {
              "R": 110,
              "G": 110,
              "B": 110
            },
            "ShadowOffsetX": 2.0,
            "ShadowOffsetY": -2.0,
            "AnchorPoint": {
              "ScaleY": 0.5
            },
            "Position": {
              "X": 297.157,
              "Y": 329.9999
            },
            "Scale": {
              "ScaleX": 1.0,
              "ScaleY": 1.0
            },
            "RotationSkewX": 1.3395,
            "RotationSkewY": 1.3395,
            "CColor": {
              "R": 140,
              "G": 112,
              "B": 71
            },
            "IconVisible": false,
            "PrePosition": {
              "X": 0.0,
              "Y": 0.0
            },
            "PreSize": {
              "X": 0.0,
              "Y": 0.0
            },
            "LeftMargin": 297.157,
            "RightMargin": -433.157,
            "TopMargin": -348.9999,
            "BottomMargin": 310.9999,
            "Tag": 46,
            "ActionTag": 209825279,
            "Size": {
              "X": 136.0,
              "Y": 38.0
            },
            "Name": "word_xzxp",
            "ctype": "TextObjectData"
          },
          {
            "FontSize": 33,
            "LabelText": "玩       法：",
            "FontResource": {
              "Type": "Normal",
              "Path": "image/fonts/FZZY.TTF",
              "Plist": ""
            },
            "OutlineColor": {
              "R": 203,
              "G": 188,
              "B": 119
            },
            "ShadowColor": {
              "R": 110,
              "G": 110,
              "B": 110
            },
            "ShadowOffsetX": 2.0,
            "ShadowOffsetY": -2.0,
            "AnchorPoint": {
              "ScaleY": 0.5
            },
            "Position": {
              "X": 297.157,
              "Y": 180.0
            },
            "Scale": {
              "ScaleX": 1.0,
              "ScaleY": 1.0
            },
            "CColor": {
              "R": 140,
              "G": 112,
              "B": 71
            },
            "IconVisible": false,
            "PrePosition": {
              "X": 0.0,
              "Y": 0.0
            },
            "PreSize": {
              "X": 0.0,
              "Y": 0.0
            },
            "LeftMargin": 297.157,
            "RightMargin": -433.157,
            "TopMargin": -199.0,
            "BottomMargin": 161.0,
            "Tag": 45,
            "ActionTag": 764156903,
            "Size": {
              "X": 136.0,
              "Y": 38.0
            },
            "Name": "word_wf",
            "ctype": "TextObjectData"
          },
          {
            "FontSize": 33,
            "LabelText": "皮       皮：",
            "FontResource": {
              "Type": "Normal",
              "Path": "image/fonts/FZZY.TTF",
              "Plist": ""
            },
            "OutlineColor": {
              "R": 203,
              "G": 188,
              "B": 119
            },
            "ShadowColor": {
              "R": 110,
              "G": 110,
              "B": 110
            },
            "ShadowOffsetX": 2.0,
            "ShadowOffsetY": -2.0,
            "AnchorPoint": {
              "ScaleY": 0.5
            },
            "Position": {
              "X": 297.157,
              "Y": 429.9998
            },
            "Scale": {
              "ScaleX": 1.0,
              "ScaleY": 1.0
            },
            "CColor": {
              "R": 140,
              "G": 112,
              "B": 71
            },
            "IconVisible": false,
            "PrePosition": {
              "X": 0.0,
              "Y": 0.0
            },
            "PreSize": {
              "X": 0.0,
              "Y": 0.0
            },
            "LeftMargin": 297.157,
            "RightMargin": -433.157,
            "TopMargin": -448.9998,
            "BottomMargin": 410.9998,
            "Tag": 6,
            "ActionTag": -358177214,
            "Size": {
              "X": 136.0,
              "Y": 38.0
            },
            "Name": "word_bpls",
            "ctype": "TextObjectData"
          },
          {
            "FontSize": 33,
            "LabelText": "人       数：",
            "FontResource": {
              "Type": "Normal",
              "Path": "image/fonts/FZZY.TTF",
              "Plist": ""
            },
            "OutlineColor": {
              "R": 203,
              "G": 188,
              "B": 119
            },
            "ShadowColor": {
              "R": 110,
              "G": 110,
              "B": 110
            },
            "ShadowOffsetX": 2.0,
            "ShadowOffsetY": -2.0,
            "AnchorPoint": {
              "ScaleY": 0.5
            },
            "Position": {
              "X": 297.1568,
              "Y": 479.9998
            },
            "Scale": {
              "ScaleX": 1.0,
              "ScaleY": 1.0
            },
            "RotationSkewX": -1.3587,
            "RotationSkewY": -1.3587,
            "CColor": {
              "R": 140,
              "G": 112,
              "B": 71
            },
            "IconVisible": false,
            "PrePosition": {
              "X": 0.0,
              "Y": 0.0
            },
            "PreSize": {
              "X": 0.0,
              "Y": 0.0
            },
            "LeftMargin": 297.1568,
            "RightMargin": -433.1568,
            "TopMargin": -498.9998,
            "BottomMargin": 460.9998,
            "Tag": 1334,
            "ActionTag": 1967226016,
            "Size": {
              "X": 136.0,
              "Y": 38.0
            },
            "Name": "word_csqp",
            "ctype": "TextObjectData"
          },
          {
            "FontSize": 33,
            "LabelText": "封       顶：",
            "FontResource": {
              "Type": "Normal",
              "Path": "image/fonts/FZZY.TTF",
              "Plist": ""
            },
            "OutlineColor": {
              "R": 203,
              "G": 188,
              "B": 119
            },
            "ShadowColor": {
              "R": 110,
              "G": 110,
              "B": 110
            },
            "ShadowOffsetX": 2.0,
            "ShadowOffsetY": -2.0,
            "AnchorPoint": {
              "ScaleY": 0.5
            },
            "Position": {
              "X": 297.1573,
              "Y": 379.9999
            },
            "Scale": {
              "ScaleX": 1.0,
              "ScaleY": 1.0
            },
            "CColor": {
              "R": 140,
              "G": 112,
              "B": 71
            },
            "IconVisible": false,
            "PrePosition": {
              "X": 0.0,
              "Y": 0.0
            },
            "PreSize": {
              "X": 0.0,
              "Y": 0.0
            },
            "LeftMargin": 297.1573,
            "RightMargin": -433.1573,
            "TopMargin": -398.9999,
            "BottomMargin": 360.9999,
            "Tag": 1335,
            "ActionTag": 1474942690,
            "Size": {
              "X": 136.0,
              "Y": 38.0
            },
            "Name": "word_xzbs",
            "ctype": "TextObjectData"
          },
          {
            "FontSize": 33,
            "LabelText": "番 型 牌 ：",
            "FontResource": {
              "Type": "Normal",
              "Path": "image/fonts/FZZY.TTF",
              "Plist": ""
            },
            "OutlineColor": {
              "R": 203,
              "G": 188,
              "B": 119
            },
            "ShadowColor": {
              "R": 110,
              "G": 110,
              "B": 110
            },
            "ShadowOffsetX": 2.0,
            "ShadowOffsetY": -2.0,
            "AnchorPoint": {
              "ScaleY": 0.5
            },
            "Position": {
              "X": 297.157,
              "Y": 229.9999
            },
            "Scale": {
              "ScaleX": 1.0,
              "ScaleY": 1.0
            },
            "CColor": {
              "R": 140,
              "G": 112,
              "B": 71
            },
            "IconVisible": false,
            "PrePosition": {
              "X": 0.0,
              "Y": 0.0
            },
            "PreSize": {
              "X": 0.0,
              "Y": 0.0
            },
            "LeftMargin": 297.157,
            "RightMargin": -434.157,
            "TopMargin": -248.9999,
            "BottomMargin": 210.9999,
            "Tag": 198,
            "ActionTag": -188175698,
            "Size": {
              "X": 137.0,
              "Y": 38.0
            },
            "Name": "word_xzfx",
            "ctype": "TextObjectData"
          },
          {
            "FontSize": 33,
            "LabelText": "选       当：",
            "FontResource": {
              "Type": "Normal",
              "Path": "image/fonts/FZZY.TTF",
              "Plist": ""
            },
            "OutlineColor": {
              "R": 203,
              "G": 188,
              "B": 119
            },
            "ShadowColor": {
              "R": 110,
              "G": 110,
              "B": 110
            },
            "ShadowOffsetX": 2.0,
            "ShadowOffsetY": -2.0,
            "AnchorPoint": {
              "ScaleY": 0.5
            },
            "Position": {
              "X": 297.157,
              "Y": 279.9999
            },
            "Scale": {
              "ScaleX": 1.0398,
              "ScaleY": 1.0
            },
            "CColor": {
              "R": 140,
              "G": 112,
              "B": 71
            },
            "IconVisible": false,
            "PrePosition": {
              "X": 0.0,
              "Y": 0.0
            },
            "PreSize": {
              "X": 0.0,
              "Y": 0.0
            },
            "LeftMargin": 297.157,
            "RightMargin": -433.157,
            "TopMargin": -298.9999,
            "BottomMargin": 260.9999,
            "Tag": 199,
            "ActionTag": 477360411,
            "Size": {
              "X": 136.0,
              "Y": 38.0
            },
            "Name": "word_xzxd",
            "ctype": "TextObjectData"
          },
          {
            "FileData": {
              "Type": "Normal",
              "Path": "submodules/kaokao/image/ui/wanfa_small_bg.png",
              "Plist": ""
            },
            "BlendFunc": {
              "Src": 1,
              "Dst": 771
            },
            "AnchorPoint": {
              "ScaleX": 0.5,
              "ScaleY": 0.5
            },
            "Position": {
              "X": 1045.8185,
              "Y": 379.9995
            },
            "Scale": {
              "ScaleX": 1.0,
              "ScaleY": 1.0
            },
            "CColor": {},
            "IconVisible": false,
            "PrePosition": {
              "X": 0.0,
              "Y": 0.0
            },
            "PreSize": {
              "X": 0.0,
              "Y": 0.0
            },
            "LeftMargin": 875.8185,
            "RightMargin": -1215.8185,
            "TopMargin": -401.9995,
            "BottomMargin": 357.9995,
            "Tag": 200,
            "ActionTag": 970853576,
            "Size": {
              "X": 340.0,
              "Y": 44.0
            },
            "Name": "wanfa_small_bg",
            "ctype": "SpriteObjectData"
          }
        ],
        "Size": {
          "X": 0.0,
          "Y": 0.0
        },
        "Name": "Node",
        "ctype": "SingleNodeObjectData"
      },
      "UsedResources": [
        "../../../image/fonts/FZZY.TTF",
        "../image/ui/wanfa_small_bg.png"
      ],
      "ctype": "GameFileData"
    }
  },
  "Type": "Node"
}