{
  "ID": "28a099c0-c7a0-4d36-804b-7ecfc4ff9a4b",
  "Version": "3.10.0.0",
  "Name": "ThreePlayersLayer",
  "Content": {
    "Content": {
      "Animation": {
        "Duration": 0,
        "Speed": 1.0,
        "Timelines": [],
        "ctype": "TimelineActionData"
      },
      "AnimationList": [],
      "ObjectData": {
        "Tag": 1025,
        "Children": [
          {
            "AnchorPoint": {},
            "Position": {
              "X": 368.4497,
              "Y": 481.1995
            },
            "Scale": {
              "ScaleX": 1.0,
              "ScaleY": 1.0
            },
            "CColor": {},
            "IconVisible": true,
            "PrePosition": {
              "X": 0.2879,
              "Y": 0.6683
            },
            "PreSize": {
              "X": 0.0,
              "Y": 0.0
            },
            "LeftMargin": 368.4497,
            "RightMargin": 911.5503,
            "TopMargin": 238.8005,
            "BottomMargin": 481.1995,
            "Tag": 1150,
            "ActionTag": 1694780022,
            "Size": {
              "X": 0.0,
              "Y": 0.0
            },
            "Name": "nCards2",
            "ctype": "SingleNodeObjectData"
          },
          {
            "AnchorPoint": {},
            "Position": {
              "X": 912.8187,
              "Y": 479.1817
            },
            "Scale": {
              "ScaleX": 1.0,
              "ScaleY": 1.0
            },
            "CColor": {},
            "IconVisible": true,
            "PrePosition": {
              "X": 0.7131,
              "Y": 0.6655
            },
            "PreSize": {
              "X": 0.0,
              "Y": 0.0
            },
            "LeftMargin": 912.8187,
            "RightMargin": 367.1813,
            "TopMargin": 240.8183,
            "BottomMargin": 479.1817,
            "Tag": 1151,
            "ActionTag": -1983827804,
            "Size": {
              "X": 0.0,
              "Y": 0.0
            },
            "Name": "nCards1",
            "ctype": "SingleNodeObjectData"
          },
          {
            "ClipAble": false,
            "BackColorAlpha": 102,
            "SingleColor": {
              "R": 150,
              "G": 200
            },
            "FirstColor": {
              "R": 150,
              "G": 200
            },
            "EndColor": {},
            "ColorVector": {
              "ScaleY": 1.0
            },
            "Scale9Width": 1,
            "Scale9Height": 1,
            "TouchEnable": true,
            "AnchorPoint": {},
            "Position": {
              "X": 0.0004,
              "Y": 100.2999
            },
            "Scale": {
              "ScaleX": 1.0,
              "ScaleY": 1.0
            },
            "CColor": {},
            "IconVisible": false,
            "PrePosition": {
              "X": 0.0,
              "Y": 0.1393
            },
            "PreSize": {
              "X": 0.0391,
              "Y": 0.0694
            },
            "LeftMargin": 0.0004,
            "RightMargin": 1229.9996,
            "TopMargin": 569.7001,
            "BottomMargin": 100.2999,
            "Tag": 1798,
            "ActionTag": 497880443,
            "Size": {
              "X": 50.0,
              "Y": 50.0
            },
            "Name": "open0",
            "ctype": "PanelObjectData"
          },
          {
            "ClipAble": false,
            "BackColorAlpha": 102,
            "SingleColor": {
              "R": 150,
              "G": 200
            },
            "FirstColor": {
              "R": 150,
              "G": 200
            },
            "EndColor": {},
            "ColorVector": {
              "ScaleY": 1.0
            },
            "Scale9Width": 1,
            "Scale9Height": 1,
            "TouchEnable": true,
            "AnchorPoint": {
              "ScaleX": 1.0
            },
            "Position": {
              "X": 1291.343,
              "Y": 431.6116
            },
            "Scale": {
              "ScaleX": 1.0,
              "ScaleY": 1.0
            },
            "CColor": {},
            "IconVisible": false,
            "PrePosition": {
              "X": 1.0089,
              "Y": 0.5995
            },
            "PreSize": {
              "X": 0.0391,
              "Y": 0.0694
            },
            "LeftMargin": 1241.343,
            "RightMargin": -11.343,
            "TopMargin": 238.3884,
            "BottomMargin": 431.6116,
            "Tag": 1799,
            "ActionTag": -1834339949,
            "Size": {
              "X": 50.0,
              "Y": 50.0
            },
            "Name": "open1",
            "ctype": "PanelObjectData"
          },
          {
            "ClipAble": false,
            "BackColorAlpha": 102,
            "SingleColor": {
              "R": 150,
              "G": 200
            },
            "FirstColor": {
              "R": 150,
              "G": 200
            },
            "EndColor": {},
            "ColorVector": {
              "ScaleY": 1.0
            },
            "Scale9Width": 1,
            "Scale9Height": 1,
            "TouchEnable": true,
            "AnchorPoint": {},
            "Position": {
              "X": 3.0006,
              "Y": 430.6132
            },
            "Scale": {
              "ScaleX": 1.0,
              "ScaleY": 1.0
            },
            "CColor": {},
            "IconVisible": false,
            "PrePosition": {
              "X": 0.0023,
              "Y": 0.5981
            },
            "PreSize": {
              "X": 0.0391,
              "Y": 0.0694
            },
            "LeftMargin": 3.0006,
            "RightMargin": 1226.9994,
            "TopMargin": 239.3868,
            "BottomMargin": 430.6132,
            "Tag": 1800,
            "ActionTag": 758499842,
            "Size": {
              "X": 50.0,
              "Y": 50.0
            },
            "Name": "open2",
            "ctype": "PanelObjectData"
          },
          {
            "ClipAble": false,
            "BackColorAlpha": 102,
            "SingleColor": {
              "R": 150,
              "G": 200
            },
            "FirstColor": {
              "R": 150,
              "G": 200
            },
            "EndColor": {},
            "ColorVector": {
              "ScaleY": 1.0
            },
            "Scale9Width": 1,
            "Scale9Height": 1,
            "TouchEnable": true,
            "AnchorPoint": {
              "ScaleX": 1.0
            },
            "Position": {
              "X": 1287.3486,
              "Y": 167.5769
            },
            "Scale": {
              "ScaleX": 1.0,
              "ScaleY": 1.0
            },
            "CColor": {},
            "IconVisible": false,
            "PrePosition": {
              "X": 1.0057,
              "Y": 0.2327
            },
            "PreSize": {
              "X": 0.0391,
              "Y": 0.0694
            },
            "LeftMargin": 1237.3486,
            "RightMargin": -7.3486,
            "TopMargin": 502.4231,
            "BottomMargin": 167.5769,
            "Tag": 1801,
            "ActionTag": 957831955,
            "Size": {
              "X": 50.0,
              "Y": 50.0
            },
            "Name": "out0",
            "ctype": "PanelObjectData"
          },
          {
            "ClipAble": false,
            "BackColorAlpha": 102,
            "SingleColor": {
              "R": 150,
              "G": 200
            },
            "FirstColor": {
              "R": 150,
              "G": 200
            },
            "EndColor": {},
            "ColorVector": {
              "ScaleY": 1.0
            },
            "Scale9Width": 1,
            "Scale9Height": 1,
            "TouchEnable": true,
            "AnchorPoint": {
              "ScaleX": 1.0
            },
            "Position": {
              "X": 1288.3434,
              "Y": 309.8926
            },
            "Scale": {
              "ScaleX": 1.0,
              "ScaleY": 1.0
            },
            "CColor": {},
            "IconVisible": false,
            "PrePosition": {
              "X": 1.0065,
              "Y": 0.4304
            },
            "PreSize": {
              "X": 0.0391,
              "Y": 0.0694
            },
            "LeftMargin": 1238.3434,
            "RightMargin": -8.3434,
            "TopMargin": 360.1074,
            "BottomMargin": 309.8926,
            "Tag": 1802,
            "ActionTag": -1969230272,
            "Size": {
              "X": 50.0,
              "Y": 50.0
            },
            "Name": "out1",
            "ctype": "PanelObjectData"
          },
          {
            "ClipAble": false,
            "BackColorAlpha": 102,
            "SingleColor": {
              "R": 150,
              "G": 200
            },
            "FirstColor": {
              "R": 150,
              "G": 200
            },
            "EndColor": {},
            "ColorVector": {
              "ScaleY": 1.0
            },
            "Scale9Width": 1,
            "Scale9Height": 1,
            "TouchEnable": true,
            "AnchorPoint": {},
            "Position": {
              "X": 0.0008,
              "Y": 308.8933
            },
            "Scale": {
              "ScaleX": 1.0,
              "ScaleY": 1.0
            },
            "CColor": {},
            "IconVisible": false,
            "PrePosition": {
              "X": 0.0,
              "Y": 0.429
            },
            "PreSize": {
              "X": 0.0391,
              "Y": 0.0694
            },
            "LeftMargin": 0.0008,
            "RightMargin": 1229.9991,
            "TopMargin": 361.1067,
            "BottomMargin": 308.8933,
            "Tag": 1803,
            "ActionTag": 1175733113,
            "Size": {
              "X": 50.0,
              "Y": 50.0
            },
            "Name": "out2",
            "ctype": "PanelObjectData"
          },
          {
            "AnchorPoint": {},
            "Position": {
              "X": 899.32,
              "Y": 458.821
            },
            "Scale": {
              "ScaleX": 0.95,
              "ScaleY": 0.95
            },
            "CColor": {},
            "IconVisible": true,
            "PrePosition": {
              "X": 0.7026,
              "Y": 0.6373
            },
            "PreSize": {
              "X": 0.0,
              "Y": 0.0
            },
            "LeftMargin": 899.32,
            "RightMargin": 380.68,
            "TopMargin": 261.179,
            "BottomMargin": 458.821,
            "Tag": 117,
            "ActionTag": 1697836545,
            "Size": {
              "X": 0.0,
              "Y": 0.0
            },
            "Name": "cache1",
            "ctype": "SingleNodeObjectData"
          },
          {
            "AnchorPoint": {},
            "Position": {
              "X": 382.19,
              "Y": 458.822
            },
            "Scale": {
              "ScaleX": 0.95,
              "ScaleY": 0.95
            },
            "CColor": {},
            "IconVisible": true,
            "PrePosition": {
              "X": 0.2986,
              "Y": 0.6373
            },
            "PreSize": {
              "X": 0.0,
              "Y": 0.0
            },
            "LeftMargin": 382.19,
            "RightMargin": 897.81,
            "TopMargin": 261.178,
            "BottomMargin": 458.822,
            "Tag": 116,
            "ActionTag": 1106425410,
            "Size": {
              "X": 0.0,
              "Y": 0.0
            },
            "Name": "cache2",
            "ctype": "SingleNodeObjectData"
          },
          {
            "AnchorPoint": {},
            "Position": {
              "X": 642.2792,
              "Y": 435.4
            },
            "Scale": {
              "ScaleX": 1.0,
              "ScaleY": 1.0
            },
            "CColor": {},
            "IconVisible": true,
            "PrePosition": {
              "X": 0.5018,
              "Y": 0.6047
            },
            "PreSize": {
              "X": 0.0,
              "Y": 0.0
            },
            "LeftMargin": 642.2792,
            "RightMargin": 637.7208,
            "TopMargin": 284.6,
            "BottomMargin": 435.4,
            "Tag": 110,
            "ActionTag": 1262043801,
            "Size": {
              "X": 0.0,
              "Y": 0.0
            },
            "Name": "cache00",
            "ctype": "SingleNodeObjectData"
          },
          {
            "AnchorPoint": {},
            "Position": {
              "X": 46.7522,
              "Y": 666.576
            },
            "Scale": {
              "ScaleX": 1.0,
              "ScaleY": 1.0
            },
            "CColor": {},
            "IconVisible": true,
            "PositionPercentYEnabled": true,
            "PrePosition": {
              "X": 0.0365,
              "Y": 0.9258
            },
            "PreSize": {
              "X": 0.0,
              "Y": 0.0
            },
            "LeftMargin": 46.7522,
            "RightMargin": 1233.2478,
            "TopMargin": 53.424,
            "BottomMargin": 666.576,
            "Tag": 1126,
            "Children": [
              {
                "FileData": {
                  "Type": "Normal",
                  "Path": "submodules/kaokao/image/ui/zhang_bg.png",
                  "Plist": ""
                },
                "BlendFunc": {
                  "Src": 1,
                  "Dst": 771
                },
                "AnchorPoint": {
                  "ScaleX": 0.5,
                  "ScaleY": 0.5
                },
                "Position": {
                  "X": 0.6119,
                  "Y": -58.9141
                },
                "Scale": {
                  "ScaleX": 1.0,
                  "ScaleY": 1.0
                },
                "CColor": {},
                "IconVisible": false,
                "PrePosition": {
                  "X": 0.0,
                  "Y": 0.0
                },
                "PreSize": {
                  "X": 0.0,
                  "Y": 0.0
                },
                "LeftMargin": -28.3881,
                "RightMargin": -29.6119,
                "TopMargin": 42.9141,
                "BottomMargin": -74.9141,
                "Tag": 233,
                "ActionTag": -123056285,
                "Size": {
                  "X": 58.0,
                  "Y": 32.0
                },
                "Name": "Sprite_7_0",
                "ctype": "SpriteObjectData"
              },
              {
                "FontSize": 22,
                "LabelText": "15张 ",
                "HorizontalAlignmentType": "HT_Center",
                "VerticalAlignmentType": "VT_Center",
                "OutlineColor": {
                  "G": 0,
                  "B": 0
                },
                "ShadowColor": {
                  "R": 110,
                  "G": 110,
                  "B": 110
                },
                "ShadowOffsetX": 2.0,
                "ShadowOffsetY": -2.0,
                "AnchorPoint": {
                  "ScaleY": 0.5
                },
                "Position": {
                  "X": -26.9316,
                  "Y": -58.9141
                },
                "Scale": {
                  "ScaleX": 1.0,
                  "ScaleY": 1.0
                },
                "RotationSkewY": 0.0001,
                "CColor": {
                  "G": 247,
                  "B": 51
                },
                "IconVisible": false,
                "PrePosition": {
                  "X": 0.0,
                  "Y": 0.0
                },
                "PreSize": {
                  "X": 0.0,
                  "Y": 0.0
                },
                "LeftMargin": -26.9316,
                "RightMargin": -26.0684,
                "TopMargin": 45.9141,
                "BottomMargin": -71.9141,
                "Tag": 234,
                "ActionTag": -74236081,
                "Size": {
                  "X": 53.0,
                  "Y": 26.0
                },
                "Alpha": 204,
                "Name": "txt_count",
                "ctype": "TextObjectData"
              },
              {
                "FileData": {
                  "Type": "PlistSubImage",
                  "Path": "SCCP/Resources/GameResources/GameUI/bg_nickName.png",
                  "Plist": "submodules/kaokao/image/SCCPGameRes.plist"
                },
                "BlendFunc": {
                  "Src": 1,
                  "Dst": 771
                },
                "AnchorPoint": {
                  "ScaleX": 0.5,
                  "ScaleY": 0.5
                },
                "Position": {
                  "X": 91.0849,
                  "Y": 20.3952
                },
                "Scale": {
                  "ScaleX": -1.0,
                  "ScaleY": 1.0
                },
                "CColor": {},
                "IconVisible": false,
                "PrePosition": {
                  "X": 0.0,
                  "Y": 0.0
                },
                "PreSize": {
                  "X": 0.0,
                  "Y": 0.0
                },
                "LeftMargin": 37.0849,
                "RightMargin": -145.0849,
                "TopMargin": -32.8952,
                "BottomMargin": 7.8952,
                "Tag": 227,
                "ActionTag": -1082004354,
                "Size": {
                  "X": 108.0,
                  "Y": 25.0
                },
                "Name": "Sprite_3_0",
                "ctype": "SpriteObjectData"
              },
              {
                "FontSize": 22,
                "LabelText": "最多五个字 ",
                "FontResource": {
                  "Type": "Normal",
                  "Path": "image/fonts/FZZY.TTF",
                  "Plist": ""
                },
                "HorizontalAlignmentType": "HT_Center",
                "VerticalAlignmentType": "VT_Center",
                "OutlineColor": {
                  "R": 0,
                  "G": 0,
                  "B": 0
                },
                "OutlineEnabled": true,
                "ShadowColor": {
                  "R": 110,
                  "G": 110,
                  "B": 110
                },
                "ShadowOffsetX": 2.0,
                "ShadowOffsetY": -2.0,
                "AnchorPoint": {
                  "ScaleY": 0.5
                },
                "Position": {
                  "X": 38.7901,
                  "Y": 20.3951
                },
                "Scale": {
                  "ScaleX": 1.0,
                  "ScaleY": 1.0
                },
                "CColor": {},
                "IconVisible": false,
                "PrePosition": {
                  "X": 0.0,
                  "Y": 0.0
                },
                "PreSize": {
                  "X": 0.0,
                  "Y": 0.0
                },
                "LeftMargin": 38.7901,
                "RightMargin": -152.7901,
                "TopMargin": -33.8951,
                "BottomMargin": 6.8951,
                "Tag": 228,
                "ActionTag": 1196259079,
                "Size": {
                  "X": 114.0,
                  "Y": 27.0
                },
                "Name": "txtUserName",
                "ctype": "TextObjectData"
              },
              {
                "FileData": {
                  "Type": "Normal",
                  "Path": "submodules/kaokao/image/ui/fen_bg.png",
                  "Plist": ""
                },
                "BlendFunc": {
                  "Src": 1,
                  "Dst": 771
                },
                "AnchorPoint": {
                  "ScaleX": 0.5,
                  "ScaleY": 0.5
                },
                "Position": {
                  "X": 75.4958,
                  "Y": -19.9726
                },
                "Scale": {
                  "ScaleX": 1.0,
                  "ScaleY": 1.0
                },
                "CColor": {},
                "IconVisible": false,
                "PrePosition": {
                  "X": 0.0,
                  "Y": 0.0
                },
                "PreSize": {
                  "X": 0.0,
                  "Y": 0.0
                },
                "LeftMargin": 36.9958,
                "RightMargin": -113.9958,
                "TopMargin": 1.9726,
                "BottomMargin": -37.9726,
                "Tag": 229,
                "ActionTag": 1467042407,
                "Size": {
                  "X": 77.0,
                  "Y": 36.0
                },
                "Name": "Sprite_2_0",
                "ctype": "SpriteObjectData"
              },
              {
                "FontSize": 22,
                "LabelText": "    0     ",
                "FontResource": {
                  "Type": "Normal",
                  "Path": "image/fonts/FZZY.TTF",
                  "Plist": ""
                },
                "HorizontalAlignmentType": "HT_Center",
                "VerticalAlignmentType": "VT_Center",
                "OutlineColor": {
                  "G": 0,
                  "B": 0
                },
                "ShadowColor": {
                  "R": 110,
                  "G": 110,
                  "B": 110
                },
                "ShadowOffsetX": 2.0,
                "ShadowOffsetY": -2.0,
                "AnchorPoint": {
                  "ScaleX": 0.5,
                  "ScaleY": 0.5
                },
                "Position": {
                  "X": 75.2306,
                  "Y": -21.0894
                },
                "Scale": {
                  "ScaleX": 1.0,
                  "ScaleY": 1.0
                },
                "CColor": {},
                "IconVisible": false,
                "PrePosition": {
                  "X": 0.0,
                  "Y": 0.0
                },
                "PreSize": {
                  "X": 0.0,
                  "Y": 0.0
                },
                "LeftMargin": 45.2306,
                "RightMargin": -105.2306,
                "TopMargin": 8.5894,
                "BottomMargin": -33.5894,
                "Tag": 230,
                "ActionTag": 1200943662,
                "Size": {
                  "X": 60.0,
                  "Y": 25.0
                },
                "Alpha": 204,
                "Name": "txtScore",
                "ctype": "TextObjectData"
              },
              {
                "FileData": {
                  "Type": "Normal",
                  "Path": "submodules/kaokao/image/ui/point_bg.png",
                  "Plist": ""
                },
                "BlendFunc": {
                  "Src": 1,
                  "Dst": 771
                },
                "AnchorPoint": {
                  "ScaleX": 0.5,
                  "ScaleY": 0.5
                },
                "Position": {
                  "X": 78.0269,
                  "Y": -58.9141
                },
                "Scale": {
                  "ScaleX": 1.0,
                  "ScaleY": 1.0
                },
                "CColor": {},
                "IconVisible": false,
                "PrePosition": {
                  "X": 0.0,
                  "Y": 0.0
                },
                "PreSize": {
                  "X": 0.0,
                  "Y": 0.0
                },
                "LeftMargin": 38.0269,
                "RightMargin": -118.0269,
                "TopMargin": 42.9141,
                "BottomMargin": -74.9141,
                "Tag": 231,
                "ActionTag": -950827708,
                "Size": {
                  "X": 80.0,
                  "Y": 32.0
                },
                "Name": "pointBg_0",
                "ctype": "SpriteObjectData"
              },
              {
                "FontSize": 22,
                "LabelText": "15点  ",
                "HorizontalAlignmentType": "HT_Center",
                "VerticalAlignmentType": "VT_Center",
                "OutlineColor": {
                  "G": 0,
                  "B": 0
                },
                "ShadowColor": {
                  "R": 110,
                  "G": 110,
                  "B": 110
                },
                "ShadowOffsetX": 2.0,
                "ShadowOffsetY": -2.0,
                "AnchorPoint": {
                  "ScaleY": 0.5
                },
                "Position": {
                  "X": 49.4997,
                  "Y": -58.9141
                },
                "Scale": {
                  "ScaleX": 0.9877,
                  "ScaleY": 1.0
                },
                "RotationSkewY": 0.0001,
                "CColor": {
                  "G": 247,
                  "B": 51
                },
                "IconVisible": false,
                "PrePosition": {
                  "X": 0.0,
                  "Y": 0.0
                },
                "PreSize": {
                  "X": 0.0,
                  "Y": 0.0
                },
                "LeftMargin": 49.4997,
                "RightMargin": -108.4997,
                "TopMargin": 45.9141,
                "BottomMargin": -71.9141,
                "Tag": 232,
                "ActionTag": -192701182,
                "Size": {
                  "X": 59.0,
                  "Y": 26.0
                },
                "Alpha": 204,
                "Name": "txt_point",
                "ctype": "TextObjectData"
              },
              {
                "FileData": {
                  "Type": "Normal",
                  "Path": "appCommon/fydp/common/transparent/transparent_80x80.png",
                  "Plist": ""
                },
                "BlendFunc": {
                  "Src": 1,
                  "Dst": 771
                },
                "AnchorPoint": {
                  "ScaleX": 0.5,
                  "ScaleY": 0.5
                },
                "Position": {
                  "X": 0.0,
                  "Y": 0.0
                },
                "Scale": {
                  "ScaleX": 0.8,
                  "ScaleY": 0.8
                },
                "CColor": {},
                "IconVisible": false,
                "PositionPercentXEnabled": true,
                "PositionPercentYEnabled": true,
                "PrePosition": {
                  "X": 0.0,
                  "Y": 0.0
                },
                "PreSize": {
                  "X": 0.0,
                  "Y": 0.0
                },
                "LeftMargin": -40.0,
                "RightMargin": -40.0,
                "TopMargin": -40.0,
                "BottomMargin": -40.0,
                "Tag": 1134,
                "ActionTag": 933107232,
                "Size": {
                  "X": 80.0,
                  "Y": 80.0
                },
                "Name": "head",
                "ctype": "SpriteObjectData"
              },
              {
                "FileData": {
                  "Type": "Normal",
                  "Path": "submodules/kaokao/image/common/ltqp3.png",
                  "Plist": ""
                },
                "BlendFunc": {
                  "Src": 1,
                  "Dst": 771
                },
                "AnchorPoint": {
                  "ScaleY": 1.0
                },
                "Position": {
                  "X": 158.0217,
                  "Y": -31.038
                },
                "Scale": {
                  "ScaleX": 1.0,
                  "ScaleY": 1.0
                },
                "CColor": {},
                "IconVisible": false,
                "PrePosition": {
                  "X": 0.0,
                  "Y": 0.0
                },
                "PreSize": {
                  "X": 0.0,
                  "Y": 0.0
                },
                "LeftMargin": 158.0217,
                "RightMargin": -292.0217,
                "TopMargin": 31.038,
                "BottomMargin": -93.038,
                "Tag": 1133,
                "ActionTag": -655500008,
                "Size": {
                  "X": 134.0,
                  "Y": 62.0
                },
                "Name": "qp",
                "ctype": "SpriteObjectData"
              },
              {
                "FileData": {
                  "Type": "Normal",
                  "Path": "submodules/kaokao/image/ui/head_bg.png",
                  "Plist": ""
                },
                "BlendFunc": {
                  "Src": 1,
                  "Dst": 771
                },
                "AnchorPoint": {
                  "ScaleX": 0.5,
                  "ScaleY": 0.5
                },
                "Position": {
                  "X": 0.0,
                  "Y": 0.0
                },
                "Scale": {
                  "ScaleX": 1.0,
                  "ScaleY": 1.0
                },
                "CColor": {},
                "IconVisible": false,
                "PrePosition": {
                  "X": 0.0,
                  "Y": 0.0
                },
                "PreSize": {
                  "X": 0.0,
                  "Y": 0.0
                },
                "LeftMargin": -40.0,
                "RightMargin": -40.0,
                "TopMargin": -40.0,
                "BottomMargin": -40.0,
                "Tag": 1132,
                "ActionTag": 403480249,
                "Size": {
                  "X": 80.0,
                  "Y": 80.0
                },
                "Name": "head2",
                "ctype": "SpriteObjectData"
              },
              {
                "FileData": {
                  "Type": "PlistSubImage",
                  "Path": "SCCP/Resources/GameResources/BasicUI/ready.png",
                  "Plist": "submodules/kaokao/image/SCCPGameRes.plist"
                },
                "BlendFunc": {
                  "Src": 1,
                  "Dst": 771
                },
                "AnchorPoint": {
                  "ScaleX": 0.5308,
                  "ScaleY": 0.4246
                },
                "Position": {
                  "X": 245.6254,
                  "Y": -145.3263
                },
                "Scale": {
                  "ScaleX": 1.0,
                  "ScaleY": 1.0
                },
                "CColor": {},
                "IconVisible": false,
                "PrePosition": {
                  "X": 0.0,
                  "Y": 0.0
                },
                "PreSize": {
                  "X": 0.0,
                  "Y": 0.0
                },
                "LeftMargin": 213.2466,
                "RightMargin": -274.2466,
                "TopMargin": 127.4889,
                "BottomMargin": -158.4889,
                "Tag": 302,
                "ActionTag": -1740640848,
                "Size": {
                  "X": 61.0,
                  "Y": 31.0
                },
                "Name": "ok",
                "ctype": "SpriteObjectData"
              },
              {
                "FileData": {
                  "Type": "Normal",
                  "Path": "submodules/kaokao/image/ui/icon_piao.png",
                  "Plist": ""
                },
                "BlendFunc": {
                  "Src": 1,
                  "Dst": 771
                },
                "AnchorPoint": {
                  "ScaleX": 0.5,
                  "ScaleY": 0.5
                },
                "Position": {
                  "X": -24.0412,
                  "Y": -23.7103
                },
                "Scale": {
                  "ScaleX": 1.0,
                  "ScaleY": 1.0
                },
                "CColor": {},
                "IconVisible": false,
                "PrePosition": {
                  "X": 0.0,
                  "Y": 0.0
                },
                "PreSize": {
                  "X": 0.0,
                  "Y": 0.0
                },
                "LeftMargin": -44.5412,
                "RightMargin": 3.5412,
                "TopMargin": 3.2103,
                "BottomMargin": -44.2103,
                "Tag": 334,
                "ActionTag": -68725688,
                "Size": {
                  "X": 41.0,
                  "Y": 41.0
                },
                "Name": "piao",
                "ctype": "SpriteObjectData"
              },
              {
                "FileData": {
                  "Type": "Normal",
                  "Path": "submodules/kaokao/image/ui/icon_dang.png",
                  "Plist": ""
                },
                "BlendFunc": {
                  "Src": 1,
                  "Dst": 771
                },
                "AnchorPoint": {
                  "ScaleX": 0.5,
                  "ScaleY": 0.5
                },
                "Position": {
                  "X": 23.2337,
                  "Y": 26.4661
                },
                "Scale": {
                  "ScaleX": 1.0,
                  "ScaleY": 1.0
                },
                "CColor": {},
                "IconVisible": false,
                "PrePosition": {
                  "X": 0.0,
                  "Y": 0.0
                },
                "PreSize": {
                  "X": 0.0,
                  "Y": 0.0
                },
                "LeftMargin": 2.7337,
                "RightMargin": -43.7337,
                "TopMargin": -46.9661,
                "BottomMargin": 5.9661,
                "Tag": 337,
                "ActionTag": 455026940,
                "Size": {
                  "X": 41.0,
                  "Y": 41.0
                },
                "Name": "dang",
                "ctype": "SpriteObjectData"
              },
              {
                "FileData": {
                  "Type": "Normal",
                  "Path": "submodules/kaokao/image/ui/icon_zhuang.png",
                  "Plist": ""
                },
                "BlendFunc": {
                  "Src": 1,
                  "Dst": 771
                },
                "AnchorPoint": {
                  "ScaleX": 0.5,
                  "ScaleY": 0.5
                },
                "Position": {
                  "X": -25.1259,
                  "Y": 26.874
                },
                "Scale": {
                  "ScaleX": 1.0,
                  "ScaleY": 1.0
                },
                "CColor": {},
                "IconVisible": false,
                "PrePosition": {
                  "X": 0.0,
                  "Y": 0.0
                },
                "PreSize": {
                  "X": 0.0,
                  "Y": 0.0
                },
                "LeftMargin": -45.6259,
                "RightMargin": 4.6259,
                "TopMargin": -47.374,
                "BottomMargin": 6.374,
                "Tag": 333,
                "ActionTag": 302459594,
                "Size": {
                  "X": 41.0,
                  "Y": 41.0
                },
                "Name": "zhuang",
                "ctype": "SpriteObjectData"
              }
            ],
            "ActionTag": 1166961089,
            "Size": {
              "X": 0.0,
              "Y": 0.0
            },
            "Name": "info2",
            "ctype": "SingleNodeObjectData"
          },
          {
            "AnchorPoint": {},
            "Position": {
              "X": 1231.2319,
              "Y": 666.576
            },
            "Scale": {
              "ScaleX": 1.0,
              "ScaleY": 1.0
            },
            "CColor": {},
            "IconVisible": true,
            "PositionPercentXEnabled": true,
            "PositionPercentYEnabled": true,
            "PrePosition": {
              "X": 0.9619,
              "Y": 0.9258
            },
            "PreSize": {
              "X": 0.0,
              "Y": 0.0
            },
            "LeftMargin": 1231.2319,
            "RightMargin": 48.7681,
            "TopMargin": 53.424,
            "BottomMargin": 666.576,
            "Tag": 1117,
            "Children": [
              {
                "FileData": {
                  "Type": "Normal",
                  "Path": "submodules/kaokao/image/ui/zhang_bg.png",
                  "Plist": ""
                },
                "BlendFunc": {
                  "Src": 1,
                  "Dst": 771
                },
                "AnchorPoint": {
                  "ScaleX": 0.5,
                  "ScaleY": 0.5
                },
                "Position": {
                  "X": 0.8977,
                  "Y": -58.9141
                },
                "Scale": {
                  "ScaleX": 1.0,
                  "ScaleY": 1.0
                },
                "CColor": {},
                "IconVisible": false,
                "PrePosition": {
                  "X": 0.0,
                  "Y": 0.0
                },
                "PreSize": {
                  "X": 0.0,
                  "Y": 0.0
                },
                "LeftMargin": -28.1023,
                "RightMargin": -29.8977,
                "TopMargin": 42.9141,
                "BottomMargin": -74.9141,
                "Tag": 225,
                "ActionTag": -1330046055,
                "Size": {
                  "X": 58.0,
                  "Y": 32.0
                },
                "Name": "Sprite_7",
                "ctype": "SpriteObjectData"
              },
              {
                "FileData": {
                  "Type": "PlistSubImage",
                  "Path": "SCCP/Resources/GameResources/GameUI/bg_nickName.png",
                  "Plist": "submodules/kaokao/image/SCCPGameRes.plist"
                },
                "BlendFunc": {
                  "Src": 1,
                  "Dst": 771
                },
                "AnchorPoint": {
                  "ScaleX": 0.5,
                  "ScaleY": 0.5
                },
                "Position": {
                  "X": -100.4165,
                  "Y": 19.7302
                },
                "Scale": {
                  "ScaleX": 1.0,
                  "ScaleY": 1.0
                },
                "CColor": {},
                "IconVisible": false,
                "PrePosition": {
                  "X": 0.0,
                  "Y": 0.0
                },
                "PreSize": {
                  "X": 0.0,
                  "Y": 0.0
                },
                "LeftMargin": -154.4165,
                "RightMargin": 46.4165,
                "TopMargin": -32.2302,
                "BottomMargin": 7.2302,
                "Tag": 219,
                "ActionTag": 1723543886,
                "Size": {
                  "X": 108.0,
                  "Y": 25.0
                },
                "Name": "Sprite_3_0",
                "ctype": "SpriteObjectData"
              },
              {
                "FontSize": 22,
                "LabelText": "最多五个字 ",
                "FontResource": {
                  "Type": "Normal",
                  "Path": "image/fonts/FZZY.TTF",
                  "Plist": ""
                },
                "HorizontalAlignmentType": "HT_Center",
                "VerticalAlignmentType": "VT_Center",
                "OutlineColor": {
                  "R": 0,
                  "G": 0,
                  "B": 0
                },
                "OutlineEnabled": true,
                "ShadowColor": {
                  "R": 110,
                  "G": 110,
                  "B": 110
                },
                "ShadowOffsetX": 2.0,
                "ShadowOffsetY": -2.0,
                "AnchorPoint": {
                  "ScaleX": 1.0,
                  "ScaleY": 0.5
                },
                "Position": {
                  "X": -42.7122,
                  "Y": 19.7299
                },
                "Scale": {
                  "ScaleX": 1.0,
                  "ScaleY": 1.0
                },
                "CColor": {},
                "IconVisible": false,
                "PrePosition": {
                  "X": 0.0,
                  "Y": 0.0
                },
                "PreSize": {
                  "X": 0.0,
                  "Y": 0.0
                },
                "LeftMargin": -156.7122,
                "RightMargin": 42.7122,
                "TopMargin": -33.2299,
                "BottomMargin": 6.2299,
                "Tag": 220,
                "ActionTag": 1284174596,
                "Size": {
                  "X": 114.0,
                  "Y": 27.0
                },
                "Name": "txtUserName",
                "ctype": "TextObjectData"
              },
              {
                "FileData": {
                  "Type": "Normal",
                  "Path": "submodules/kaokao/image/ui/fen_bg.png",
                  "Plist": ""
                },
                "BlendFunc": {
                  "Src": 1,
                  "Dst": 771
                },
                "AnchorPoint": {
                  "ScaleX": 0.5,
                  "ScaleY": 0.5
                },
                "Position": {
                  "X": -77.3364,
                  "Y": -19.3045
                },
                "Scale": {
                  "ScaleX": -1.0,
                  "ScaleY": 1.0
                },
                "CColor": {},
                "IconVisible": false,
                "PrePosition": {
                  "X": 0.0,
                  "Y": 0.0
                },
                "PreSize": {
                  "X": 0.0,
                  "Y": 0.0
                },
                "LeftMargin": -115.8364,
                "RightMargin": 38.8364,
                "TopMargin": 1.3045,
                "BottomMargin": -37.3045,
                "Tag": 221,
                "ActionTag": 2061812184,
                "Size": {
                  "X": 77.0,
                  "Y": 36.0
                },
                "Name": "Sprite_2_0",
                "ctype": "SpriteObjectData"
              },
              {
                "FontSize": 22,
                "LabelText": "    0     ",
                "FontResource": {
                  "Type": "Normal",
                  "Path": "image/fonts/FZZY.TTF",
                  "Plist": ""
                },
                "HorizontalAlignmentType": "HT_Center",
                "VerticalAlignmentType": "VT_Center",
                "OutlineColor": {
                  "G": 0,
                  "B": 0
                },
                "ShadowColor": {
                  "R": 110,
                  "G": 110,
                  "B": 110
                },
                "ShadowOffsetX": 2.0,
                "ShadowOffsetY": -2.0,
                "AnchorPoint": {
                  "ScaleX": 0.5,
                  "ScaleY": 0.5
                },
                "Position": {
                  "X": -76.6012,
                  "Y": -21.4223
                },
                "Scale": {
                  "ScaleX": 1.0,
                  "ScaleY": 1.0
                },
                "CColor": {},
                "IconVisible": false,
                "PrePosition": {
                  "X": 0.0,
                  "Y": 0.0
                },
                "PreSize": {
                  "X": 0.0,
                  "Y": 0.0
                },
                "LeftMargin": -106.6012,
                "RightMargin": 46.6012,
                "TopMargin": 8.9223,
                "BottomMargin": -33.9223,
                "Tag": 222,
                "ActionTag": -1282924333,
                "Size": {
                  "X": 60.0,
                  "Y": 25.0
                },
                "Alpha": 204,
                "Name": "txtScore",
                "ctype": "TextObjectData"
              },
              {
                "FileData": {
                  "Type": "Normal",
                  "Path": "submodules/kaokao/image/ui/point_bg.png",
                  "Plist": ""
                },
                "BlendFunc": {
                  "Src": 1,
                  "Dst": 771
                },
                "AnchorPoint": {
                  "ScaleX": 0.5,
                  "ScaleY": 0.5
                },
                "Position": {
                  "X": -74.4935,
                  "Y": -58.9141
                },
                "Scale": {
                  "ScaleX": 1.0,
                  "ScaleY": 1.0
                },
                "CColor": {},
                "IconVisible": false,
                "PrePosition": {
                  "X": 0.0,
                  "Y": 0.0
                },
                "PreSize": {
                  "X": 0.0,
                  "Y": 0.0
                },
                "LeftMargin": -114.4935,
                "RightMargin": 34.4935,
                "TopMargin": 42.9141,
                "BottomMargin": -74.9141,
                "Tag": 223,
                "ActionTag": -917074920,
                "Size": {
                  "X": 80.0,
                  "Y": 32.0
                },
                "Name": "pointBg_0",
                "ctype": "SpriteObjectData"
              },
              {
                "FontSize": 22,
                "LabelText": "15点  ",
                "FontResource": {
                  "Type": "Normal",
                  "Path": "image/fonts/FZZY.TTF",
                  "Plist": ""
                },
                "HorizontalAlignmentType": "HT_Center",
                "VerticalAlignmentType": "VT_Center",
                "OutlineColor": {
                  "R": 0,
                  "G": 0,
                  "B": 0
                },
                "OutlineEnabled": true,
                "ShadowColor": {
                  "R": 110,
                  "G": 110,
                  "B": 110
                },
                "ShadowOffsetX": 2.0,
                "ShadowOffsetY": -2.0,
                "AnchorPoint": {
                  "ScaleY": 0.5
                },
                "Position": {
                  "X": -99.0204,
                  "Y": -58.9141
                },
                "Scale": {
                  "ScaleX": 1.0,
                  "ScaleY": 1.0
                },
                "RotationSkewY": 0.0001,
                "CColor": {
                  "G": 247,
                  "B": 51
                },
                "IconVisible": false,
                "PrePosition": {
                  "X": 0.0,
                  "Y": 0.0
                },
                "PreSize": {
                  "X": 0.0,
                  "Y": 0.0
                },
                "LeftMargin": -99.0204,
                "RightMargin": 51.0204,
                "TopMargin": 45.4141,
                "BottomMargin": -72.4141,
                "Tag": 224,
                "ActionTag": 2147287915,
                "Size": {
                  "X": 48.0,
                  "Y": 27.0
                },
                "Alpha": 204,
                "Name": "txt_point",
                "ctype": "TextObjectData"
              },
              {
                "FileData": {
                  "Type": "Normal",
                  "Path": "submodules/kaokao/image/common/ltqp1.png",
                  "Plist": ""
                },
                "BlendFunc": {
                  "Src": 1,
                  "Dst": 771
                },
                "AnchorPoint": {
                  "ScaleX": 1.0,
                  "ScaleY": 1.0
                },
                "Position": {
                  "X": -159.6351,
                  "Y": -31.0679
                },
                "Scale": {
                  "ScaleX": 1.0,
                  "ScaleY": 1.0
                },
                "CColor": {},
                "IconVisible": false,
                "PrePosition": {
                  "X": 0.0,
                  "Y": 0.0
                },
                "PreSize": {
                  "X": 0.0,
                  "Y": 0.0
                },
                "LeftMargin": -293.6351,
                "RightMargin": 159.6351,
                "TopMargin": 31.0679,
                "BottomMargin": -93.0679,
                "Tag": 1125,
                "ActionTag": -2066192299,
                "Size": {
                  "X": 134.0,
                  "Y": 62.0
                },
                "Name": "qp",
                "ctype": "SpriteObjectData"
              },
              {
                "FileData": {
                  "Type": "Normal",
                  "Path": "appCommon/fydp/common/transparent/transparent_80x80.png",
                  "Plist": ""
                },
                "BlendFunc": {
                  "Src": 1,
                  "Dst": 771
                },
                "AnchorPoint": {
                  "ScaleX": 0.5,
                  "ScaleY": 0.5
                },
                "Position": {
                  "X": 0.0,
                  "Y": 0.0
                },
                "Scale": {
                  "ScaleX": 0.8,
                  "ScaleY": 0.8
                },
                "CColor": {},
                "IconVisible": false,
                "PositionPercentXEnabled": true,
                "PositionPercentYEnabled": true,
                "PrePosition": {
                  "X": 0.0,
                  "Y": 0.0
                },
                "PreSize": {
                  "X": 0.0,
                  "Y": 0.0
                },
                "LeftMargin": -40.0,
                "RightMargin": -40.0,
                "TopMargin": -40.0,
                "BottomMargin": -40.0,
                "Tag": 1124,
                "ActionTag": 937421455,
                "Size": {
                  "X": 80.0,
                  "Y": 80.0
                },
                "Name": "head",
                "ctype": "SpriteObjectData"
              },
              {
                "FileData": {
                  "Type": "Normal",
                  "Path": "submodules/kaokao/image/ui/head_bg.png",
                  "Plist": ""
                },
                "BlendFunc": {
                  "Src": 1,
                  "Dst": 771
                },
                "AnchorPoint": {
                  "ScaleX": 0.5,
                  "ScaleY": 0.5
                },
                "Position": {
                  "X": 0.0,
                  "Y": 0.0
                },
                "Scale": {
                  "ScaleX": 1.0,
                  "ScaleY": 1.0
                },
                "CColor": {},
                "IconVisible": false,
                "PrePosition": {
                  "X": 0.0,
                  "Y": 0.0
                },
                "PreSize": {
                  "X": 0.0,
                  "Y": 0.0
                },
                "LeftMargin": -40.0,
                "RightMargin": -40.0,
                "TopMargin": -40.0,
                "BottomMargin": -40.0,
                "Tag": 1123,
                "ActionTag": -838843188,
                "Size": {
                  "X": 80.0,
                  "Y": 80.0
                },
                "Name": "head1",
                "ctype": "SpriteObjectData"
              },
              {
                "FileData": {
                  "Type": "PlistSubImage",
                  "Path": "SCCP/Resources/GameResources/BasicUI/ready.png",
                  "Plist": "submodules/kaokao/image/SCCPGameRes.plist"
                },
                "BlendFunc": {
                  "Src": 1,
                  "Dst": 771
                },
                "AnchorPoint": {
                  "ScaleX": 0.5,
                  "ScaleY": 0.5
                },
                "Position": {
                  "X": -252.2518,
                  "Y": -142.9894
                },
                "Scale": {
                  "ScaleX": 1.0,
                  "ScaleY": 1.0
                },
                "CColor": {},
                "IconVisible": false,
                "PrePosition": {
                  "X": 0.0,
                  "Y": 0.0
                },
                "PreSize": {
                  "X": 0.0,
                  "Y": 0.0
                },
                "LeftMargin": -282.7518,
                "RightMargin": 221.7518,
                "TopMargin": 127.4894,
                "BottomMargin": -158.4894,
                "Tag": 301,
                "ActionTag": 1570263140,
                "Size": {
                  "X": 61.0,
                  "Y": 31.0
                },
                "Name": "ok",
                "ctype": "SpriteObjectData"
              },
              {
                "FontSize": 22,
                "LabelText": "15张  ",
                "FontResource": {
                  "Type": "Normal",
                  "Path": "image/fonts/FZZY.TTF",
                  "Plist": ""
                },
                "HorizontalAlignmentType": "HT_Center",
                "VerticalAlignmentType": "VT_Center",
                "OutlineColor": {
                  "R": 0,
                  "G": 0,
                  "B": 0
                },
                "OutlineEnabled": true,
                "ShadowColor": {
                  "R": 110,
                  "G": 110,
                  "B": 110
                },
                "ShadowOffsetX": 2.0,
                "ShadowOffsetY": -2.0,
                "AnchorPoint": {
                  "ScaleY": 0.5
                },
                "Position": {
                  "X": -23.6449,
                  "Y": -58.9141
                },
                "Scale": {
                  "ScaleX": 1.0,
                  "ScaleY": 1.0
                },
                "RotationSkewY": 0.0001,
                "CColor": {
                  "G": 247,
                  "B": 51
                },
                "IconVisible": false,
                "PrePosition": {
                  "X": 0.0,
                  "Y": 0.0
                },
                "PreSize": {
                  "X": 0.0,
                  "Y": 0.0
                },
                "LeftMargin": -23.6449,
                "RightMargin": -24.3551,
                "TopMargin": 45.4141,
                "BottomMargin": -72.4141,
                "Tag": 226,
                "ActionTag": 1019313815,
                "Size": {
                  "X": 48.0,
                  "Y": 27.0
                },
                "Alpha": 204,
                "Name": "txt_count",
                "ctype": "TextObjectData"
              },
              {
                "FileData": {
                  "Type": "Normal",
                  "Path": "submodules/kaokao/image/ui/icon_zhuang.png",
                  "Plist": ""
                },
                "BlendFunc": {
                  "Src": 1,
                  "Dst": 771
                },
                "AnchorPoint": {
                  "ScaleX": 0.5,
                  "ScaleY": 0.5
                },
                "Position": {
                  "X": 25.0828,
                  "Y": 25.2913
                },
                "Scale": {
                  "ScaleX": 1.0,
                  "ScaleY": 1.0
                },
                "CColor": {},
                "IconVisible": false,
                "PrePosition": {
                  "X": 0.0,
                  "Y": 0.0
                },
                "PreSize": {
                  "X": 0.0,
                  "Y": 0.0
                },
                "LeftMargin": 4.5828,
                "RightMargin": -45.5828,
                "TopMargin": -45.7913,
                "BottomMargin": 4.7913,
                "Tag": 332,
                "ActionTag": 2144659693,
                "Size": {
                  "X": 41.0,
                  "Y": 41.0
                },
                "Name": "zhuang",
                "ctype": "SpriteObjectData"
              },
              {
                "FileData": {
                  "Type": "Normal",
                  "Path": "submodules/kaokao/image/ui/icon_dang.png",
                  "Plist": ""
                },
                "BlendFunc": {
                  "Src": 1,
                  "Dst": 771
                },
                "AnchorPoint": {
                  "ScaleX": 0.5,
                  "ScaleY": 0.5
                },
                "Position": {
                  "X": -25.2375,
                  "Y": 26.2382
                },
                "Scale": {
                  "ScaleX": 1.0,
                  "ScaleY": 1.0
                },
                "CColor": {},
                "IconVisible": false,
                "PrePosition": {
                  "X": 0.0,
                  "Y": 0.0
                },
                "PreSize": {
                  "X": 0.0,
                  "Y": 0.0
                },
                "LeftMargin": -45.7375,
                "RightMargin": 4.7375,
                "TopMargin": -46.7382,
                "BottomMargin": 5.7382,
                "Tag": 336,
                "ActionTag": -1698536797,
                "Size": {
                  "X": 41.0,
                  "Y": 41.0
                },
                "Name": "dang",
                "ctype": "SpriteObjectData"
              },
              {
                "FileData": {
                  "Type": "Normal",
                  "Path": "submodules/kaokao/image/ui/icon_piao.png",
                  "Plist": ""
                },
                "BlendFunc": {
                  "Src": 1,
                  "Dst": 771
                },
                "AnchorPoint": {
                  "ScaleX": 0.5,
                  "ScaleY": 0.5
                },
                "Position": {
                  "X": 25.1673,
                  "Y": -22.2927
                },
                "Scale": {
                  "ScaleX": 1.0,
                  "ScaleY": 1.0
                },
                "CColor": {},
                "IconVisible": false,
                "PrePosition": {
                  "X": 0.0,
                  "Y": 0.0
                },
                "PreSize": {
                  "X": 0.0,
                  "Y": 0.0
                },
                "LeftMargin": 4.6673,
                "RightMargin": -45.6673,
                "TopMargin": 1.7927,
                "BottomMargin": -42.7927,
                "Tag": 331,
                "ActionTag": 390090179,
                "Size": {
                  "X": 41.0,
                  "Y": 41.0
                },
                "Name": "piao",
                "ctype": "SpriteObjectData"
              }
            ],
            "ActionTag": 1653656788,
            "Size": {
              "X": 0.0,
              "Y": 0.0
            },
            "Name": "info1",
            "ctype": "SingleNodeObjectData"
          },
          {
            "AnchorPoint": {},
            "Position": {
              "X": 57.1652,
              "Y": 56.5457
            },
            "Scale": {
              "ScaleX": 1.0,
              "ScaleY": 1.0
            },
            "CColor": {},
            "IconVisible": true,
            "PrePosition": {
              "X": 0.0447,
              "Y": 0.0785
            },
            "PreSize": {
              "X": 0.0,
              "Y": 0.0
            },
            "LeftMargin": 57.1652,
            "RightMargin": 1222.8348,
            "TopMargin": 663.4543,
            "BottomMargin": 56.5457,
            "Tag": 1108,
            "Children": [
              {
                "FileData": {
                  "Type": "PlistSubImage",
                  "Path": "SCCP/Resources/GameResources/GameUI/bg_nickName.png",
                  "Plist": "submodules/kaokao/image/SCCPGameRes.plist"
                },
                "BlendFunc": {
                  "Src": 1,
                  "Dst": 771
                },
                "AnchorPoint": {
                  "ScaleX": 0.5,
                  "ScaleY": 0.5
                },
                "Position": {
                  "X": 99.0848,
                  "Y": 20.3943
                },
                "Scale": {
                  "ScaleX": -1.0,
                  "ScaleY": 1.0
                },
                "CColor": {},
                "IconVisible": false,
                "PrePosition": {
                  "X": 0.0,
                  "Y": 0.0
                },
                "PreSize": {
                  "X": 0.0,
                  "Y": 0.0
                },
                "LeftMargin": 45.0848,
                "RightMargin": -153.0848,
                "TopMargin": -32.8943,
                "BottomMargin": 7.8943,
                "Tag": 217,
                "ActionTag": 1868440767,
                "Size": {
                  "X": 108.0,
                  "Y": 25.0
                },
                "Name": "Sprite_3",
                "ctype": "SpriteObjectData"
              },
              {
                "FontSize": 22,
                "LabelText": "最多五个字",
                "FontResource": {
                  "Type": "Normal",
                  "Path": "image/fonts/FZZY.TTF",
                  "Plist": ""
                },
                "HorizontalAlignmentType": "HT_Center",
                "VerticalAlignmentType": "VT_Center",
                "OutlineColor": {
                  "R": 0,
                  "G": 0,
                  "B": 0
                },
                "OutlineEnabled": true,
                "ShadowColor": {
                  "R": 110,
                  "G": 110,
                  "B": 110
                },
                "ShadowOffsetX": 2.0,
                "ShadowOffsetY": -2.0,
                "AnchorPoint": {
                  "ScaleY": 0.5
                },
                "Position": {
                  "X": 46.7901,
                  "Y": 20.3948
                },
                "Scale": {
                  "ScaleX": 1.0,
                  "ScaleY": 1.0
                },
                "CColor": {},
                "IconVisible": false,
                "PrePosition": {
                  "X": 0.0,
                  "Y": 0.0
                },
                "PreSize": {
                  "X": 0.0,
                  "Y": 0.0
                },
                "LeftMargin": 46.7901,
                "RightMargin": -160.7901,
                "TopMargin": -33.8948,
                "BottomMargin": 6.8948,
                "Tag": 1111,
                "ActionTag": 28714572,
                "Size": {
                  "X": 114.0,
                  "Y": 27.0
                },
                "Name": "txtUserName",
                "ctype": "TextObjectData"
              },
              {
                "FileData": {
                  "Type": "Normal",
                  "Path": "submodules/kaokao/image/ui/fen_bg.png",
                  "Plist": ""
                },
                "BlendFunc": {
                  "Src": 1,
                  "Dst": 771
                },
                "AnchorPoint": {
                  "ScaleX": 0.5,
                  "ScaleY": 0.5
                },
                "Position": {
                  "X": 81.4959,
                  "Y": -22.9732
                },
                "Scale": {
                  "ScaleX": 1.0,
                  "ScaleY": 1.0
                },
                "CColor": {},
                "IconVisible": false,
                "PrePosition": {
                  "X": 0.0,
                  "Y": 0.0
                },
                "PreSize": {
                  "X": 0.0,
                  "Y": 0.0
                },
                "LeftMargin": 42.9959,
                "RightMargin": -119.9959,
                "TopMargin": 4.9732,
                "BottomMargin": -40.9732,
                "Tag": 216,
                "ActionTag": -1531384820,
                "Size": {
                  "X": 77.0,
                  "Y": 36.0
                },
                "Name": "Sprite_2",
                "ctype": "SpriteObjectData"
              },
              {
                "FontSize": 22,
                "LabelText": "    0      ",
                "FontResource": {
                  "Type": "Normal",
                  "Path": "image/fonts/FZZY.TTF",
                  "Plist": ""
                },
                "HorizontalAlignmentType": "HT_Center",
                "VerticalAlignmentType": "VT_Center",
                "OutlineColor": {
                  "G": 0,
                  "B": 0
                },
                "ShadowColor": {
                  "R": 110,
                  "G": 110,
                  "B": 110
                },
                "ShadowOffsetX": 2.0,
                "ShadowOffsetY": -2.0,
                "AnchorPoint": {
                  "ScaleX": 0.5,
                  "ScaleY": 0.5
                },
                "Position": {
                  "X": 81.2306,
                  "Y": -24.0903
                },
                "Scale": {
                  "ScaleX": 1.0,
                  "ScaleY": 1.0
                },
                "CColor": {},
                "IconVisible": false,
                "PrePosition": {
                  "X": 0.0,
                  "Y": 0.0
                },
                "PreSize": {
                  "X": 0.0,
                  "Y": 0.0
                },
                "LeftMargin": 48.2306,
                "RightMargin": -114.2306,
                "TopMargin": 11.5903,
                "BottomMargin": -36.5903,
                "Tag": 1113,
                "ActionTag": -513272410,
                "Size": {
                  "X": 66.0,
                  "Y": 25.0
                },
                "Alpha": 204,
                "Name": "txtScore",
                "ctype": "TextObjectData"
              },
              {
                "FileData": {
                  "Type": "Normal",
                  "Path": "submodules/kaokao/image/ui/point_bg.png",
                  "Plist": ""
                },
                "BlendFunc": {
                  "Src": 1,
                  "Dst": 771
                },
                "AnchorPoint": {
                  "ScaleX": 0.5,
                  "ScaleY": 0.5
                },
                "Position": {
                  "X": 160.5238,
                  "Y": -24.4433
                },
                "Scale": {
                  "ScaleX": 1.0,
                  "ScaleY": 1.0
                },
                "CColor": {},
                "IconVisible": false,
                "PrePosition": {
                  "X": 0.0,
                  "Y": 0.0
                },
                "PreSize": {
                  "X": 0.0,
                  "Y": 0.0
                },
                "LeftMargin": 120.5238,
                "RightMargin": -200.5238,
                "TopMargin": 8.4433,
                "BottomMargin": -40.4433,
                "Tag": 215,
                "ActionTag": 982305633,
                "Size": {
                  "X": 80.0,
                  "Y": 32.0
                },
                "Name": "pointBg",
                "ctype": "SpriteObjectData"
              },
              {
                "FileData": {
                  "Type": "Normal",
                  "Path": "submodules/kaokao/image/common/ltqp2.png",
                  "Plist": ""
                },
                "BlendFunc": {
                  "Src": 1,
                  "Dst": 771
                },
                "AnchorPoint": {},
                "Position": {
                  "X": 40.8733,
                  "Y": 48.5563
                },
                "Scale": {
                  "ScaleX": 1.0,
                  "ScaleY": 1.0
                },
                "CColor": {},
                "IconVisible": false,
                "PrePosition": {
                  "X": 0.0,
                  "Y": 0.0
                },
                "PreSize": {
                  "X": 0.0,
                  "Y": 0.0
                },
                "LeftMargin": 40.8733,
                "RightMargin": -162.8733,
                "TopMargin": -121.5563,
                "BottomMargin": 48.5563,
                "Tag": 1115,
                "ActionTag": -247934322,
                "Size": {
                  "X": 122.0,
                  "Y": 73.0
                },
                "Name": "qp",
                "ctype": "SpriteObjectData"
              },
              {
                "FileData": {
                  "Type": "Normal",
                  "Path": "appCommon/fydp/common/transparent/transparent_80x80.png",
                  "Plist": ""
                },
                "BlendFunc": {
                  "Src": 1,
                  "Dst": 771
                },
                "AnchorPoint": {
                  "ScaleX": 0.5,
                  "ScaleY": 0.5
                },
                "Position": {
                  "X": 1.0,
                  "Y": 0.0
                },
                "Scale": {
                  "ScaleX": 0.98,
                  "ScaleY": 0.98
                },
                "CColor": {},
                "IconVisible": false,
                "PositionPercentYEnabled": true,
                "PrePosition": {
                  "X": 0.0,
                  "Y": 0.0
                },
                "PreSize": {
                  "X": 0.0,
                  "Y": 0.0
                },
                "LeftMargin": -39.0,
                "RightMargin": -41.0,
                "TopMargin": -40.0,
                "BottomMargin": -40.0,
                "Tag": 1116,
                "ActionTag": -1634798220,
                "Size": {
                  "X": 80.0,
                  "Y": 80.0
                },
                "Name": "head",
                "ctype": "SpriteObjectData"
              },
              {
                "FileData": {
                  "Type": "Normal",
                  "Path": "submodules/kaokao/image/ui/head_bg.png",
                  "Plist": ""
                },
                "BlendFunc": {
                  "Src": 1,
                  "Dst": 771
                },
                "AnchorPoint": {
                  "ScaleX": 0.5,
                  "ScaleY": 0.5
                },
                "Position": {
                  "X": 1.0,
                  "Y": 0.0
                },
                "Scale": {
                  "ScaleX": 1.2,
                  "ScaleY": 1.2
                },
                "CColor": {},
                "IconVisible": false,
                "PrePosition": {
                  "X": 0.0,
                  "Y": 0.0
                },
                "PreSize": {
                  "X": 0.0,
                  "Y": 0.0
                },
                "LeftMargin": -39.0,
                "RightMargin": -41.0,
                "TopMargin": -40.0,
                "BottomMargin": -40.0,
                "Tag": 1114,
                "ActionTag": -1820505335,
                "Size": {
                  "X": 80.0,
                  "Y": 80.0
                },
                "Name": "head0",
                "ctype": "SpriteObjectData"
              },
              {
                "FileData": {
                  "Type": "Normal",
                  "Path": "submodules/kaokao/image/ui/icon_piao.png",
                  "Plist": ""
                },
                "BlendFunc": {
                  "Src": 1,
                  "Dst": 771
                },
                "AnchorPoint": {
                  "ScaleX": 0.5,
                  "ScaleY": 0.5
                },
                "Position": {
                  "X": -33.7486,
                  "Y": -28.7502
                },
                "Scale": {
                  "ScaleX": 1.0,
                  "ScaleY": 1.0
                },
                "CColor": {},
                "IconVisible": false,
                "PrePosition": {
                  "X": 0.0,
                  "Y": 0.0
                },
                "PreSize": {
                  "X": 0.0,
                  "Y": 0.0
                },
                "LeftMargin": -54.2486,
                "RightMargin": 13.2486,
                "TopMargin": 8.2502,
                "BottomMargin": -49.2502,
                "Tag": 329,
                "ActionTag": -1440705781,
                "Size": {
                  "X": 41.0,
                  "Y": 41.0
                },
                "Name": "piao",
                "ctype": "SpriteObjectData"
              },
              {
                "FileData": {
                  "Type": "Normal",
                  "Path": "submodules/kaokao/image/ui/icon_zhuang.png",
                  "Plist": ""
                },
                "BlendFunc": {
                  "Src": 1,
                  "Dst": 771
                },
                "AnchorPoint": {
                  "ScaleX": 0.5,
                  "ScaleY": 0.5
                },
                "Position": {
                  "X": -32.833,
                  "Y": 32.8335
                },
                "Scale": {
                  "ScaleX": 1.0,
                  "ScaleY": 1.0
                },
                "CColor": {},
                "IconVisible": false,
                "PrePosition": {
                  "X": 0.0,
                  "Y": 0.0
                },
                "PreSize": {
                  "X": 0.0,
                  "Y": 0.0
                },
                "LeftMargin": -53.333,
                "RightMargin": 12.333,
                "TopMargin": -53.3335,
                "BottomMargin": 12.3335,
                "Tag": 330,
                "ActionTag": 1080297232,
                "Size": {
                  "X": 41.0,
                  "Y": 41.0
                },
                "Name": "zhuang",
                "ctype": "SpriteObjectData"
              },
              {
                "FileData": {
                  "Type": "Normal",
                  "Path": "submodules/kaokao/image/ui/icon_dang.png",
                  "Plist": ""
                },
                "BlendFunc": {
                  "Src": 1,
                  "Dst": 771
                },
                "AnchorPoint": {
                  "ScaleX": 0.5,
                  "ScaleY": 0.5
                },
                "Position": {
                  "X": 32.238,
                  "Y": 34.4613
                },
                "Scale": {
                  "ScaleX": 1.0,
                  "ScaleY": 1.0
                },
                "CColor": {},
                "IconVisible": false,
                "PrePosition": {
                  "X": 0.0,
                  "Y": 0.0
                },
                "PreSize": {
                  "X": 0.0,
                  "Y": 0.0
                },
                "LeftMargin": 11.738,
                "RightMargin": -52.738,
                "TopMargin": -54.9613,
                "BottomMargin": 13.9613,
                "Tag": 335,
                "ActionTag": 1442627181,
                "Size": {
                  "X": 41.0,
                  "Y": 41.0
                },
                "Name": "dang",
                "ctype": "SpriteObjectData"
              },
              {
                "FileData": {
                  "Type": "PlistSubImage",
                  "Path": "SCCP/Resources/GameResources/BasicUI/ready.png",
                  "Plist": "submodules/kaokao/image/SCCPGameRes.plist"
                },
                "BlendFunc": {
                  "Src": 1,
                  "Dst": 771
                },
                "AnchorPoint": {
                  "ScaleX": 0.5,
                  "ScaleY": 0.5
                },
                "Position": {
                  "X": 233.3347,
                  "Y": 148.7433
                },
                "Scale": {
                  "ScaleX": 1.0,
                  "ScaleY": 1.0
                },
                "CColor": {},
                "IconVisible": false,
                "PrePosition": {
                  "X": 0.0,
                  "Y": 0.0
                },
                "PreSize": {
                  "X": 0.0,
                  "Y": 0.0
                },
                "LeftMargin": 202.8347,
                "RightMargin": -263.8347,
                "TopMargin": -164.2433,
                "BottomMargin": 133.2433,
                "Tag": 300,
                "ActionTag": 59503171,
                "Size": {
                  "X": 61.0,
                  "Y": 31.0
                },
                "Name": "ok",
                "ctype": "SpriteObjectData"
              },
              {
                "FontSize": 22,
                "LabelText": "15点  ",
                "HorizontalAlignmentType": "HT_Center",
                "VerticalAlignmentType": "VT_Center",
                "OutlineColor": {
                  "G": 0,
                  "B": 0
                },
                "ShadowColor": {
                  "R": 110,
                  "G": 110,
                  "B": 110
                },
                "ShadowOffsetX": 2.0,
                "ShadowOffsetY": -2.0,
                "AnchorPoint": {
                  "ScaleY": 0.5
                },
                "Position": {
                  "X": 131.9956,
                  "Y": -24.8551
                },
                "Scale": {
                  "ScaleX": 1.0,
                  "ScaleY": 1.0
                },
                "RotationSkewY": 0.0001,
                "CColor": {
                  "G": 247,
                  "B": 51
                },
                "IconVisible": false,
                "PrePosition": {
                  "X": 0.0,
                  "Y": 0.0
                },
                "PreSize": {
                  "X": 0.0,
                  "Y": 0.0
                },
                "LeftMargin": 131.9956,
                "RightMargin": -190.9956,
                "TopMargin": 11.8551,
                "BottomMargin": -37.8551,
                "Tag": 218,
                "ActionTag": 2009900222,
                "Size": {
                  "X": 59.0,
                  "Y": 26.0
                },
                "Alpha": 204,
                "Name": "txt_point",
                "ctype": "TextObjectData"
              }
            ],
            "ActionTag": -1151928207,
            "Size": {
              "X": 0.0,
              "Y": 0.0
            },
            "Name": "info0",
            "ctype": "SingleNodeObjectData"
          },
          {
            "AnchorPoint": {},
            "Position": {
              "X": 0.0,
              "Y": 4.8591
            },
            "Scale": {
              "ScaleX": 1.0,
              "ScaleY": 1.0
            },
            "CColor": {},
            "IconVisible": true,
            "PrePosition": {
              "X": 0.0,
              "Y": 0.0067
            },
            "PreSize": {
              "X": 0.0,
              "Y": 0.0
            },
            "RightMargin": 1280.0,
            "TopMargin": 715.1409,
            "BottomMargin": 4.8591,
            "Tag": 1152,
            "ActionTag": 1788049661,
            "Size": {
              "X": 0.0,
              "Y": 0.0
            },
            "Name": "nCards0",
            "ctype": "SingleNodeObjectData"
          },
          {
            "AnchorPoint": {},
            "Position": {
              "X": 641.9003,
              "Y": 370.25
            },
            "Scale": {
              "ScaleX": 0.95,
              "ScaleY": 0.95
            },
            "CColor": {},
            "IconVisible": true,
            "PrePosition": {
              "X": 0.5015,
              "Y": 0.5142
            },
            "PreSize": {
              "X": 0.0,
              "Y": 0.0
            },
            "LeftMargin": 641.9003,
            "RightMargin": 638.0997,
            "TopMargin": 349.75,
            "BottomMargin": 370.25,
            "Tag": 115,
            "ActionTag": -1916811909,
            "Size": {
              "X": 0.0,
              "Y": 0.0
            },
            "Name": "cache0",
            "ctype": "SingleNodeObjectData"
          },
          {
            "FileData": {
              "Type": "PlistSubImage",
              "Path": "bandeng.png",
              "Plist": "submodules/kaokao/image/common/cards.plist"
            },
            "BlendFunc": {
              "Src": 1,
              "Dst": 771
            },
            "AnchorPoint": {
              "ScaleX": 0.5,
              "ScaleY": 0.5
            },
            "Position": {
              "X": -150.6338,
              "Y": -56.6901
            },
            "Scale": {
              "ScaleX": 1.0,
              "ScaleY": 1.0
            },
            "CColor": {},
            "IconVisible": false,
            "PrePosition": {
              "X": -0.1177,
              "Y": -0.0787
            },
            "PreSize": {
              "X": 0.0484,
              "Y": 0.0764
            },
            "LeftMargin": -181.6338,
            "RightMargin": 1399.6338,
            "TopMargin": 749.1901,
            "BottomMargin": -84.1901,
            "Tag": 248,
            "ActionTag": -1229469059,
            "Size": {
              "X": 62.0,
              "Y": 55.0
            },
            "Name": "bandeng_1",
            "ctype": "SpriteObjectData"
          },
          {
            "FileData": {
              "Type": "PlistSubImage",
              "Path": "SCCP/Resources/GameResources/GameResult/result_big_lose.png",
              "Plist": "submodules/kaokao/image/SCCPGameRes.plist"
            },
            "BlendFunc": {
              "Src": 1,
              "Dst": 771
            },
            "AnchorPoint": {
              "ScaleX": 0.5,
              "ScaleY": 0.5
            },
            "Position": {
              "X": 641.0173,
              "Y": 553.79
            },
            "Scale": {
              "ScaleX": 1.3,
              "ScaleY": 1.3
            },
            "CColor": {},
            "IconVisible": false,
            "PrePosition": {
              "X": 0.5008,
              "Y": 0.7692
            },
            "PreSize": {
              "X": 0.2383,
              "Y": 0.1
            },
            "LeftMargin": 488.5173,
            "RightMargin": 486.4827,
            "TopMargin": 130.21,
            "BottomMargin": 517.79,
            "Tag": 321,
            "Children": [
              {
                "FontSize": 24,
                "LabelText": "等待其他玩家选择是否",
                "OutlineColor": {
                  "G": 0,
                  "B": 0
                },
                "ShadowColor": {
                  "R": 110,
                  "G": 110,
                  "B": 110
                },
                "ShadowOffsetX": 2.0,
                "ShadowOffsetY": -2.0,
                "AnchorPoint": {
                  "ScaleX": 1.0,
                  "ScaleY": 0.5
                },
                "Position": {
                  "X": 252.1927,
                  "Y": 36.1274
                },
                "Scale": {
                  "ScaleX": 1.0,
                  "ScaleY": 1.0
                },
                "CColor": {},
                "IconVisible": false,
                "PrePosition": {
                  "X": 0.8269,
                  "Y": 0.5018
                },
                "PreSize": {
                  "X": 0.7869,
                  "Y": 0.3889
                },
                "LeftMargin": 12.1927,
                "RightMargin": 52.8073,
                "TopMargin": 21.8726,
                "BottomMargin": 22.1274,
                "Tag": 322,
                "ActionTag": 1566505674,
                "Size": {
                  "X": 240.0,
                  "Y": 28.0
                },
                "Name": "Text_11",
                "ctype": "TextObjectData"
              },
              {
                "FontSize": 24,
                "LabelText": "“飘”",
                "OutlineColor": {
                  "G": 0,
                  "B": 0
                },
                "ShadowColor": {
                  "R": 110,
                  "G": 110,
                  "B": 110
                },
                "ShadowOffsetX": 2.0,
                "ShadowOffsetY": -2.0,
                "AnchorPoint": {
                  "ScaleY": 0.5
                },
                "Position": {
                  "X": 257.0457,
                  "Y": 36.1274
                },
                "Scale": {
                  "ScaleX": 1.0,
                  "ScaleY": 1.0
                },
                "CColor": {
                  "G": 165,
                  "B": 0
                },
                "IconVisible": false,
                "PrePosition": {
                  "X": 0.8428,
                  "Y": 0.5018
                },
                "PreSize": {
                  "X": 0.1311,
                  "Y": 0.3889
                },
                "LeftMargin": 257.0457,
                "RightMargin": 7.9543,
                "TopMargin": 21.8726,
                "BottomMargin": 22.1274,
                "Tag": 323,
                "ActionTag": 1969912559,
                "Size": {
                  "X": 40.0,
                  "Y": 28.0
                },
                "Name": "Text_11_0",
                "ctype": "TextObjectData"
              }
            ],
            "ActionTag": -1070734169,
            "Size": {
              "X": 305.0,
              "Y": 72.0
            },
            "Name": "word_piao_bg",
            "ctype": "SpriteObjectData"
          },
          {
            "FileData": {
              "Type": "PlistSubImage",
              "Path": "SCCP/Resources/GameResources/GameUI/state_piao.png",
              "Plist": "submodules/kaokao/image/SCCPGameRes.plist"
            },
            "BlendFunc": {
              "Src": 1,
              "Dst": 771
            },
            "AnchorPoint": {
              "ScaleX": 0.5,
              "ScaleY": 0.5
            },
            "Position": {
              "X": 1011.3727,
              "Y": 564.2348
            },
            "Scale": {
              "ScaleX": 1.0,
              "ScaleY": 1.0
            },
            "CColor": {},
            "IconVisible": false,
            "PrePosition": {
              "X": 0.7901,
              "Y": 0.7837
            },
            "PreSize": {
              "X": 0.0898,
              "Y": 0.0444
            },
            "LeftMargin": 953.8727,
            "RightMargin": 211.1273,
            "TopMargin": 139.7652,
            "BottomMargin": 548.2348,
            "Tag": 325,
            "ActionTag": -1693085988,
            "Size": {
              "X": 115.0,
              "Y": 32.0
            },
            "Name": "piaoBg1",
            "ctype": "SpriteObjectData"
          },
          {
            "FileData": {
              "Type": "PlistSubImage",
              "Path": "SCCP/Resources/GameResources/GameUI/state_piao.png",
              "Plist": "submodules/kaokao/image/SCCPGameRes.plist"
            },
            "BlendFunc": {
              "Src": 1,
              "Dst": 771
            },
            "AnchorPoint": {
              "ScaleX": 0.5,
              "ScaleY": 0.5
            },
            "Position": {
              "X": 260.0484,
              "Y": 559.1231
            },
            "Scale": {
              "ScaleX": 1.0,
              "ScaleY": 1.0
            },
            "CColor": {},
            "IconVisible": false,
            "PrePosition": {
              "X": 0.2032,
              "Y": 0.7766
            },
            "PreSize": {
              "X": 0.0898,
              "Y": 0.0444
            },
            "LeftMargin": 202.5484,
            "RightMargin": 962.4516,
            "TopMargin": 144.8769,
            "BottomMargin": 543.1231,
            "Tag": 326,
            "ActionTag": -1218021962,
            "Size": {
              "X": 115.0,
              "Y": 32.0
            },
            "Name": "piaoBg2",
            "ctype": "SpriteObjectData"
          }
        ],
        "Size": {
          "X": 1280.0,
          "Y": 720.0
        },
        "Name": "node",
        "ctype": "SingleNodeObjectData"
      },
      "UsedResources": [
        "../../../appCommon/fydp/common/transparent/transparent_80x80.png",
        "../../../image/fonts/FZZY.TTF",
        "../image/common/cards.plist",
        "../image/common/cards.png",
        "../image/common/ltqp1.png",
        "../image/common/ltqp2.png",
        "../image/common/ltqp3.png",
        "../image/SCCPGameRes.plist",
        "../image/SCCPGameRes.png",
        "../image/ui/fen_bg.png",
        "../image/ui/head_bg.png",
        "../image/ui/icon_dang.png",
        "../image/ui/icon_piao.png",
        "../image/ui/icon_zhuang.png",
        "../image/ui/point_bg.png",
        "../image/ui/zhang_bg.png"
      ],
      "ctype": "GameFileData"
    }
  },
  "Type": "Scene"
}