{
  "ID": "ecbb64c9-6bae-42be-a3d4-a90e551b9969",
  "Version": "3.10.0.0",
  "Name": "ChiPanel",
  "Content": {
    "Content": {
      "Animation": {
        "Duration": 0,
        "Speed": 1.0,
        "Timelines": [],
        "ctype": "TimelineActionData"
      },
      "AnimationList": [],
      "ObjectData": {
        "Children": [
          {
            "ClipAble": false,
            "BackColorAlpha": 102,
            "ComboBoxIndex": 1,
            "SingleColor": {
              "R": 85,
              "G": 85,
              "B": 85
            },
            "FirstColor": {
              "R": 150,
              "G": 200
            },
            "EndColor": {},
            "ColorVector": {
              "ScaleY": 1.0
            },
            "Scale9Width": 1,
            "Scale9Height": 1,
            "TouchEnable": true,
            "AnchorPoint": {},
            "Position": {
              "X": 0.0,
              "Y": 0.0
            },
            "Scale": {
              "ScaleX": 1.0,
              "ScaleY": 1.0
            },
            "CColor": {},
            "IconVisible": false,
            "PositionPercentXEnabled": true,
            "PositionPercentYEnabled": true,
            "PrePosition": {
              "X": 0.0,
              "Y": 0.0
            },
            "PercentWidthEnable": true,
            "PercentHeightEnable": true,
            "PercentWidthEnabled": true,
            "PercentHeightEnabled": true,
            "PreSize": {
              "X": 1.0,
              "Y": 1.0
            },
            "Tag": 282,
            "Children": [
              {
                "FileData": {
                  "Type": "Normal",
                  "Path": "image/ui/majiang/tishi/tishibg1.png",
                  "Plist": ""
                },
                "Scale9Enable": true,
                "Scale9OriginX": 138,
                "Scale9OriginY": 156,
                "Scale9Width": 144,
                "Scale9Height": 103,
                "AnchorPoint": {
                  "ScaleY": 0.5
                },
                "Position": {
                  "X": 640.0,
                  "Y": 360.2654
                },
                "Scale": {
                  "ScaleX": 1.0,
                  "ScaleY": 1.0
                },
                "CColor": {},
                "IconVisible": false,
                "PositionPercentXEnabled": true,
                "PositionPercentYEnabled": true,
                "PrePosition": {
                  "X": 0.5,
                  "Y": 0.5004
                },
                "PreSize": {
                  "X": 0.3281,
                  "Y": 0.5764
                },
                "LeftMargin": 640.0,
                "RightMargin": 220.0,
                "TopMargin": 152.2346,
                "BottomMargin": 152.7654,
                "Tag": 3811,
                "ActionTag": -1507957594,
                "Size": {
                  "X": 420.0,
                  "Y": 415.0
                },
                "Name": "Image_1",
                "ctype": "ImageViewObjectData"
              },
              {
                "FlipX": true,
                "FileData": {
                  "Type": "Normal",
                  "Path": "image/ui/majiang/tishi/tishibg1.png",
                  "Plist": ""
                },
                "Scale9Enable": true,
                "Scale9OriginX": 138,
                "Scale9OriginY": 156,
                "Scale9Width": 144,
                "Scale9Height": 103,
                "AnchorPoint": {
                  "ScaleY": 0.5
                },
                "Position": {
                  "X": 640.0,
                  "Y": 360.2654
                },
                "Scale": {
                  "ScaleX": 1.0,
                  "ScaleY": 1.0
                },
                "CColor": {},
                "IconVisible": false,
                "PositionPercentXEnabled": true,
                "PositionPercentYEnabled": true,
                "PrePosition": {
                  "X": 0.5,
                  "Y": 0.5004
                },
                "PreSize": {
                  "X": 0.3281,
                  "Y": 0.5764
                },
                "LeftMargin": 640.0,
                "RightMargin": 220.0,
                "TopMargin": 152.2346,
                "BottomMargin": 152.7654,
                "Tag": 3810,
                "ActionTag": 1818633089,
                "Size": {
                  "X": 420.0,
                  "Y": 415.0
                },
                "Name": "Image_1_0",
                "ctype": "ImageViewObjectData"
              },
              {
                "AnchorPoint": {},
                "Position": {
                  "X": 422.4,
                  "Y": 324.0
                },
                "Scale": {
                  "ScaleX": 1.0,
                  "ScaleY": 1.0
                },
                "CColor": {},
                "IconVisible": true,
                "PositionPercentXEnabled": true,
                "PositionPercentYEnabled": true,
                "PrePosition": {
                  "X": 0.33,
                  "Y": 0.45
                },
                "PreSize": {
                  "X": 0.0,
                  "Y": 0.0
                },
                "LeftMargin": 422.4,
                "RightMargin": 857.6,
                "TopMargin": 396.0,
                "BottomMargin": 324.0,
                "Tag": 286,
                "Children": [
                  {
                    "FileData": {
                      "Type": "PlistSubImage",
                      "Path": "p2s18.png",
                      "Plist": "image/ui/majiang/pai.plist"
                    },
                    "BlendFunc": {
                      "Src": 1,
                      "Dst": 771
                    },
                    "AnchorPoint": {
                      "ScaleX": 0.5,
                      "ScaleY": 0.5
                    },
                    "Position": {
                      "X": -62.0,
                      "Y": 0.0
                    },
                    "Scale": {
                      "ScaleX": 1.0,
                      "ScaleY": 1.0
                    },
                    "CColor": {},
                    "IconVisible": false,
                    "PrePosition": {
                      "X": 0.0,
                      "Y": 0.0
                    },
                    "PreSize": {
                      "X": 0.0,
                      "Y": 0.0
                    },
                    "LeftMargin": -93.0,
                    "RightMargin": 31.0,
                    "TopMargin": -44.5,
                    "BottomMargin": -44.5,
                    "Tag": 283,
                    "ActionTag": -336397519,
                    "Size": {
                      "X": 62.0,
                      "Y": 89.0
                    },
                    "Name": "0",
                    "ctype": "SpriteObjectData"
                  },
                  {
                    "FileData": {
                      "Type": "PlistSubImage",
                      "Path": "p2s18.png",
                      "Plist": "image/ui/majiang/pai.plist"
                    },
                    "BlendFunc": {
                      "Src": 1,
                      "Dst": 771
                    },
                    "AnchorPoint": {
                      "ScaleX": 0.5,
                      "ScaleY": 0.5
                    },
                    "Position": {
                      "X": 0.0,
                      "Y": 0.0
                    },
                    "Scale": {
                      "ScaleX": 1.0,
                      "ScaleY": 1.0
                    },
                    "CColor": {},
                    "IconVisible": false,
                    "PrePosition": {
                      "X": 0.0,
                      "Y": 0.0
                    },
                    "PreSize": {
                      "X": 0.0,
                      "Y": 0.0
                    },
                    "LeftMargin": -31.0,
                    "RightMargin": -31.0,
                    "TopMargin": -44.5,
                    "BottomMargin": -44.5,
                    "Tag": 285,
                    "ActionTag": -8021436,
                    "Size": {
                      "X": 62.0,
                      "Y": 89.0
                    },
                    "Name": "1",
                    "ctype": "SpriteObjectData"
                  },
                  {
                    "FileData": {
                      "Type": "PlistSubImage",
                      "Path": "p2s18.png",
                      "Plist": "image/ui/majiang/pai.plist"
                    },
                    "BlendFunc": {
                      "Src": 1,
                      "Dst": 771
                    },
                    "AnchorPoint": {
                      "ScaleX": 0.5,
                      "ScaleY": 0.5
                    },
                    "Position": {
                      "X": 62.0,
                      "Y": 0.0
                    },
                    "Scale": {
                      "ScaleX": 1.0,
                      "ScaleY": 1.0
                    },
                    "CColor": {},
                    "IconVisible": false,
                    "PrePosition": {
                      "X": 0.0,
                      "Y": 0.0
                    },
                    "PreSize": {
                      "X": 0.0,
                      "Y": 0.0
                    },
                    "LeftMargin": 31.0,
                    "RightMargin": -93.0,
                    "TopMargin": -44.5,
                    "BottomMargin": -44.5,
                    "Tag": 284,
                    "ActionTag": 1490082060,
                    "Size": {
                      "X": 62.0,
                      "Y": 89.0
                    },
                    "Name": "2",
                    "ctype": "SpriteObjectData"
                  }
                ],
                "ActionTag": 1310640450,
                "Size": {
                  "X": 0.0,
                  "Y": 0.0
                },
                "Name": "g0",
                "ctype": "SingleNodeObjectData"
              },
              {
                "AnchorPoint": {},
                "Position": {
                  "X": 640.0,
                  "Y": 324.0
                },
                "Scale": {
                  "ScaleX": 1.0,
                  "ScaleY": 1.0
                },
                "CColor": {},
                "IconVisible": true,
                "PositionPercentXEnabled": true,
                "PositionPercentYEnabled": true,
                "PrePosition": {
                  "X": 0.5,
                  "Y": 0.45
                },
                "PreSize": {
                  "X": 0.0,
                  "Y": 0.0
                },
                "LeftMargin": 640.0,
                "RightMargin": 640.0,
                "TopMargin": 396.0,
                "BottomMargin": 324.0,
                "Tag": 289,
                "Children": [
                  {
                    "FileData": {
                      "Type": "PlistSubImage",
                      "Path": "p2s18.png",
                      "Plist": "image/ui/majiang/pai.plist"
                    },
                    "BlendFunc": {
                      "Src": 1,
                      "Dst": 771
                    },
                    "AnchorPoint": {
                      "ScaleX": 0.5,
                      "ScaleY": 0.5
                    },
                    "Position": {
                      "X": -62.0,
                      "Y": 0.0
                    },
                    "Scale": {
                      "ScaleX": 1.0,
                      "ScaleY": 1.0
                    },
                    "CColor": {},
                    "IconVisible": false,
                    "PrePosition": {
                      "X": 0.0,
                      "Y": 0.0
                    },
                    "PreSize": {
                      "X": 0.0,
                      "Y": 0.0
                    },
                    "LeftMargin": -93.0,
                    "RightMargin": 31.0,
                    "TopMargin": -44.5,
                    "BottomMargin": -44.5,
                    "Tag": 290,
                    "ActionTag": 508952169,
                    "Size": {
                      "X": 62.0,
                      "Y": 89.0
                    },
                    "Name": "0",
                    "ctype": "SpriteObjectData"
                  },
                  {
                    "FileData": {
                      "Type": "PlistSubImage",
                      "Path": "p2s18.png",
                      "Plist": "image/ui/majiang/pai.plist"
                    },
                    "BlendFunc": {
                      "Src": 1,
                      "Dst": 771
                    },
                    "AnchorPoint": {
                      "ScaleX": 0.5,
                      "ScaleY": 0.5
                    },
                    "Position": {
                      "X": 0.0,
                      "Y": 0.0
                    },
                    "Scale": {
                      "ScaleX": 1.0,
                      "ScaleY": 1.0
                    },
                    "CColor": {},
                    "IconVisible": false,
                    "PrePosition": {
                      "X": 0.0,
                      "Y": 0.0
                    },
                    "PreSize": {
                      "X": 0.0,
                      "Y": 0.0
                    },
                    "LeftMargin": -31.0,
                    "RightMargin": -31.0,
                    "TopMargin": -44.5,
                    "BottomMargin": -44.5,
                    "Tag": 291,
                    "ActionTag": -1053470803,
                    "Size": {
                      "X": 62.0,
                      "Y": 89.0
                    },
                    "Name": "1",
                    "ctype": "SpriteObjectData"
                  },
                  {
                    "FileData": {
                      "Type": "PlistSubImage",
                      "Path": "p2s18.png",
                      "Plist": "image/ui/majiang/pai.plist"
                    },
                    "BlendFunc": {
                      "Src": 1,
                      "Dst": 771
                    },
                    "AnchorPoint": {
                      "ScaleX": 0.5,
                      "ScaleY": 0.5
                    },
                    "Position": {
                      "X": 62.0,
                      "Y": 0.0
                    },
                    "Scale": {
                      "ScaleX": 1.0,
                      "ScaleY": 1.0
                    },
                    "CColor": {},
                    "IconVisible": false,
                    "PrePosition": {
                      "X": 0.0,
                      "Y": 0.0
                    },
                    "PreSize": {
                      "X": 0.0,
                      "Y": 0.0
                    },
                    "LeftMargin": 31.0,
                    "RightMargin": -93.0,
                    "TopMargin": -44.5,
                    "BottomMargin": -44.5,
                    "Tag": 292,
                    "ActionTag": -1500693943,
                    "Size": {
                      "X": 62.0,
                      "Y": 89.0
                    },
                    "Name": "2",
                    "ctype": "SpriteObjectData"
                  }
                ],
                "ActionTag": 206589431,
                "Size": {
                  "X": 0.0,
                  "Y": 0.0
                },
                "Name": "g1",
                "ctype": "SingleNodeObjectData"
              },
              {
                "AnchorPoint": {},
                "Position": {
                  "X": 857.6,
                  "Y": 324.0
                },
                "Scale": {
                  "ScaleX": 1.0,
                  "ScaleY": 1.0
                },
                "CColor": {},
                "IconVisible": true,
                "PositionPercentXEnabled": true,
                "PositionPercentYEnabled": true,
                "PrePosition": {
                  "X": 0.67,
                  "Y": 0.45
                },
                "PreSize": {
                  "X": 0.0,
                  "Y": 0.0
                },
                "LeftMargin": 857.6,
                "RightMargin": 422.4,
                "TopMargin": 396.0,
                "BottomMargin": 324.0,
                "Tag": 294,
                "Children": [
                  {
                    "FileData": {
                      "Type": "PlistSubImage",
                      "Path": "p2s18.png",
                      "Plist": "image/ui/majiang/pai.plist"
                    },
                    "BlendFunc": {
                      "Src": 1,
                      "Dst": 771
                    },
                    "AnchorPoint": {
                      "ScaleX": 0.5,
                      "ScaleY": 0.5
                    },
                    "Position": {
                      "X": -62.0,
                      "Y": 0.0
                    },
                    "Scale": {
                      "ScaleX": 1.0,
                      "ScaleY": 1.0
                    },
                    "CColor": {},
                    "IconVisible": false,
                    "PrePosition": {
                      "X": 0.0,
                      "Y": 0.0
                    },
                    "PreSize": {
                      "X": 0.0,
                      "Y": 0.0
                    },
                    "LeftMargin": -93.0,
                    "RightMargin": 31.0,
                    "TopMargin": -44.5,
                    "BottomMargin": -44.5,
                    "Tag": 295,
                    "ActionTag": 2087339213,
                    "Size": {
                      "X": 62.0,
                      "Y": 89.0
                    },
                    "Name": "0",
                    "ctype": "SpriteObjectData"
                  },
                  {
                    "FileData": {
                      "Type": "PlistSubImage",
                      "Path": "p2s18.png",
                      "Plist": "image/ui/majiang/pai.plist"
                    },
                    "BlendFunc": {
                      "Src": 1,
                      "Dst": 771
                    },
                    "AnchorPoint": {
                      "ScaleX": 0.5,
                      "ScaleY": 0.5
                    },
                    "Position": {
                      "X": 0.0,
                      "Y": 0.0
                    },
                    "Scale": {
                      "ScaleX": 1.0,
                      "ScaleY": 1.0
                    },
                    "CColor": {},
                    "IconVisible": false,
                    "PrePosition": {
                      "X": 0.0,
                      "Y": 0.0
                    },
                    "PreSize": {
                      "X": 0.0,
                      "Y": 0.0
                    },
                    "LeftMargin": -31.0,
                    "RightMargin": -31.0,
                    "TopMargin": -44.5,
                    "BottomMargin": -44.5,
                    "Tag": 296,
                    "ActionTag": -36668385,
                    "Size": {
                      "X": 62.0,
                      "Y": 89.0
                    },
                    "Name": "1",
                    "ctype": "SpriteObjectData"
                  },
                  {
                    "FileData": {
                      "Type": "PlistSubImage",
                      "Path": "p2s18.png",
                      "Plist": "image/ui/majiang/pai.plist"
                    },
                    "BlendFunc": {
                      "Src": 1,
                      "Dst": 771
                    },
                    "AnchorPoint": {
                      "ScaleX": 0.5,
                      "ScaleY": 0.5
                    },
                    "Position": {
                      "X": 62.0,
                      "Y": 0.0
                    },
                    "Scale": {
                      "ScaleX": 1.0,
                      "ScaleY": 1.0
                    },
                    "CColor": {},
                    "IconVisible": false,
                    "PrePosition": {
                      "X": 0.0,
                      "Y": 0.0
                    },
                    "PreSize": {
                      "X": 0.0,
                      "Y": 0.0
                    },
                    "LeftMargin": 31.0,
                    "RightMargin": -93.0,
                    "TopMargin": -44.5,
                    "BottomMargin": -44.5,
                    "Tag": 297,
                    "ActionTag": 910379191,
                    "Size": {
                      "X": 62.0,
                      "Y": 89.0
                    },
                    "Name": "2",
                    "ctype": "SpriteObjectData"
                  }
                ],
                "ActionTag": 1894653326,
                "Size": {
                  "X": 0.0,
                  "Y": 0.0
                },
                "Name": "g2",
                "ctype": "SingleNodeObjectData"
              },
              {
                "IsCustomSize": true,
                "FontSize": 40,
                "LabelText": "请选择要吃的牌型",
                "FontResource": {
                  "Type": "Normal",
                  "Path": "image/fonts/FZZY.TTF",
                  "Plist": ""
                },
                "HorizontalAlignmentType": "HT_Center",
                "VerticalAlignmentType": "VT_Center",
                "OutlineColor": {
                  "R": 0,
                  "G": 0,
                  "B": 0
                },
                "ShadowColor": {
                  "R": 110,
                  "G": 110,
                  "B": 110
                },
                "ShadowOffsetX": 2.0,
                "ShadowOffsetY": -2.0,
                "AnchorPoint": {
                  "ScaleX": 0.5,
                  "ScaleY": 0.5
                },
                "Position": {
                  "X": 640.0,
                  "Y": 450.359
                },
                "Scale": {
                  "ScaleX": 1.0,
                  "ScaleY": 1.0
                },
                "CColor": {},
                "IconVisible": false,
                "PositionPercentXEnabled": true,
                "PrePosition": {
                  "X": 0.5,
                  "Y": 0.6255
                },
                "PercentWidthEnable": true,
                "PercentWidthEnabled": true,
                "PreSize": {
                  "X": 0.3455,
                  "Y": 0.0709
                },
                "LeftMargin": 418.88,
                "RightMargin": 418.88,
                "TopMargin": 244.109,
                "BottomMargin": 424.827,
                "Tag": 93,
                "ActionTag": -1782992018,
                "Size": {
                  "X": 442.24,
                  "Y": 51.064
                },
                "Name": "lb_title",
                "ctype": "TextObjectData"
              },
              {
                "FileData": {
                  "Type": "Normal",
                  "Path": "image/ui/room/room_close.png",
                  "Plist": ""
                },
                "BlendFunc": {
                  "Src": 1,
                  "Dst": 771
                },
                "AnchorPoint": {
                  "ScaleX": 0.5,
                  "ScaleY": 0.5
                },
                "Position": {
                  "X": 1030.8842,
                  "Y": 517.4282
                },
                "Scale": {
                  "ScaleX": 1.0,
                  "ScaleY": 1.0
                },
                "CColor": {},
                "IconVisible": false,
                "PrePosition": {
                  "X": 0.8054,
                  "Y": 0.7187
                },
                "PreSize": {
                  "X": 0.0719,
                  "Y": 0.1389
                },
                "LeftMargin": 984.8842,
                "RightMargin": 203.1158,
                "TopMargin": 152.5718,
                "BottomMargin": 467.4282,
                "Tag": 3812,
                "ActionTag": 727345295,
                "Size": {
                  "X": 92.0,
                  "Y": 100.0
                },
                "Name": "btn_close",
                "ctype": "SpriteObjectData"
              }
            ],
            "ActionTag": 919516530,
            "Size": {
              "X": 1280.0,
              "Y": 720.0
            },
            "Name": "root",
            "ctype": "PanelObjectData"
          }
        ],
        "Size": {
          "X": 1280.0,
          "Y": 720.0
        },
        "Name": "Scene",
        "ctype": "SingleNodeObjectData"
      },
      "UsedResources": [
        "../../image/fonts/FZZY.TTF",
        "../../image/ui/majiang/pai.plist",
        "../../image/ui/majiang/pai.png",
        "../../image/ui/majiang/tishi/tishibg1.png",
        "../../image/ui/room/room_close.png"
      ],
      "ctype": "GameFileData"
    }
  },
  "Type": "Scene"
}