{
  "ID": "31b369b5-12a6-4da4-b39e-7d9fec08b4b1",
  "Version": "3.10.0.0",
  "Name": "HaidipaiLayer",
  "Content": {
    "Content": {
      "Animation": {
        "Duration": 0,
        "Speed": 1.0,
        "Timelines": [],
        "ctype": "TimelineActionData"
      },
      "AnimationList": [],
      "ObjectData": {
        "Children": [
          {
            "ClipAble": false,
            "BackColorAlpha": 76,
            "ComboBoxIndex": 1,
            "SingleColor": {
              "R": 85,
              "G": 85,
              "B": 85
            },
            "FirstColor": {
              "R": 150,
              "G": 200
            },
            "EndColor": {},
            "ColorVector": {
              "ScaleY": 1.0
            },
            "Scale9Width": 1,
            "Scale9Height": 1,
            "TouchEnable": true,
            "AnchorPoint": {},
            "Position": {
              "X": 1.4005,
              "Y": 0.0
            },
            "Scale": {
              "ScaleX": 1.0,
              "ScaleY": 1.0
            },
            "CColor": {},
            "IconVisible": false,
            "PrePosition": {
              "X": 0.0011,
              "Y": 0.0
            },
            "PercentWidthEnable": true,
            "PercentHeightEnable": true,
            "PercentWidthEnabled": true,
            "PercentHeightEnabled": true,
            "PreSize": {
              "X": 1.0,
              "Y": 1.0
            },
            "LeftMargin": 1.4005,
            "RightMargin": -1.4005,
            "Tag": 197,
            "Children": [
              {
                "FileData": {
                  "Type": "Normal",
                  "Path": "image/ui/transparent/transparent_1280x720.png",
                  "Plist": ""
                },
                "BlendFunc": {
                  "Src": 770,
                  "Dst": 771
                },
                "AnchorPoint": {},
                "Position": {
                  "X": 0.0,
                  "Y": 0.0
                },
                "Scale": {
                  "ScaleX": 1.0,
                  "ScaleY": 1.0
                },
                "CColor": {},
                "IconVisible": false,
                "PositionPercentXEnabled": true,
                "PositionPercentYEnabled": true,
                "PrePosition": {
                  "X": 0.0,
                  "Y": 0.0
                },
                "PreSize": {
                  "X": 1.0,
                  "Y": 1.0
                },
                "Tag": 65,
                "ActionTag": -912358068,
                "Size": {
                  "X": 1280.0,
                  "Y": 720.0
                },
                "Name": "fake_root",
                "ctype": "SpriteObjectData"
              },
              {
                "ClipAble": false,
                "BackColorAlpha": 102,
                "SingleColor": {
                  "R": 150,
                  "G": 200
                },
                "FirstColor": {
                  "R": 150,
                  "G": 200
                },
                "EndColor": {},
                "ColorVector": {
                  "ScaleY": 1.0
                },
                "TouchEnable": true,
                "AnchorPoint": {},
                "Position": {
                  "X": 0.0,
                  "Y": 0.0
                },
                "Scale": {
                  "ScaleX": 1.0,
                  "ScaleY": 1.0
                },
                "CColor": {},
                "IconVisible": false,
                "PrePosition": {
                  "X": 0.0,
                  "Y": 0.0
                },
                "PercentWidthEnable": true,
                "PercentHeightEnable": true,
                "PercentWidthEnabled": true,
                "PercentHeightEnabled": true,
                "PreSize": {
                  "X": 1.0,
                  "Y": 1.0
                },
                "Tag": 3823,
                "Children": [
                  {
                    "FlipX": true,
                    "FileData": {
                      "Type": "Normal",
                      "Path": "image/ui/majiang/tishi/tishibg1.png",
                      "Plist": ""
                    },
                    "Scale9Enable": true,
                    "Scale9OriginX": 138,
                    "Scale9OriginY": 156,
                    "Scale9Width": 144,
                    "Scale9Height": 103,
                    "AnchorPoint": {
                      "ScaleY": 0.5
                    },
                    "Position": {
                      "X": 640.0,
                      "Y": 360.2654
                    },
                    "Scale": {
                      "ScaleX": 1.0,
                      "ScaleY": 1.0
                    },
                    "CColor": {},
                    "IconVisible": false,
                    "PositionPercentXEnabled": true,
                    "PositionPercentYEnabled": true,
                    "PrePosition": {
                      "X": 0.5,
                      "Y": 0.5004
                    },
                    "PreSize": {
                      "X": 0.3281,
                      "Y": 0.6389
                    },
                    "LeftMargin": 640.0,
                    "RightMargin": 220.0,
                    "TopMargin": 129.7346,
                    "BottomMargin": 130.2654,
                    "Tag": 3824,
                    "ActionTag": -1596616038,
                    "Size": {
                      "X": 420.0,
                      "Y": 460.0
                    },
                    "Name": "Image_1_0",
                    "ctype": "ImageViewObjectData"
                  },
                  {
                    "FileData": {
                      "Type": "Normal",
                      "Path": "image/ui/majiang/tishi/tishibg1.png",
                      "Plist": ""
                    },
                    "Scale9Enable": true,
                    "Scale9OriginX": 138,
                    "Scale9OriginY": 156,
                    "Scale9Width": 144,
                    "Scale9Height": 103,
                    "AnchorPoint": {
                      "ScaleY": 0.5
                    },
                    "Position": {
                      "X": 640.0,
                      "Y": 360.2654
                    },
                    "Scale": {
                      "ScaleX": 1.0,
                      "ScaleY": 1.0
                    },
                    "CColor": {},
                    "IconVisible": false,
                    "PositionPercentXEnabled": true,
                    "PositionPercentYEnabled": true,
                    "PrePosition": {
                      "X": 0.5,
                      "Y": 0.5004
                    },
                    "PreSize": {
                      "X": 0.3281,
                      "Y": 0.6389
                    },
                    "LeftMargin": 640.0,
                    "RightMargin": 220.0,
                    "TopMargin": 129.7346,
                    "BottomMargin": 130.2654,
                    "Tag": 3825,
                    "ActionTag": 936982043,
                    "Size": {
                      "X": 420.0,
                      "Y": 460.0
                    },
                    "Name": "Image_1",
                    "ctype": "ImageViewObjectData"
                  },
                  {
                    "IsCustomSize": true,
                    "FontSize": 30,
                    "LabelText": "请选择是否要海底牌, 优先级按以下顺序\n\n【王小明】 未选择\n【王小明】 未选择\n【王小明】 未选择\n【王小明】 未选择\n",
                    "FontResource": {
                      "Type": "Normal",
                      "Path": "image/fonts/FZZY.TTF",
                      "Plist": ""
                    },
                    "OutlineColor": {
                      "R": 0,
                      "G": 0,
                      "B": 0
                    },
                    "ShadowColor": {
                      "R": 110,
                      "G": 110,
                      "B": 110
                    },
                    "ShadowOffsetX": 2.0,
                    "ShadowOffsetY": -2.0,
                    "AnchorPoint": {
                      "ScaleX": 0.5,
                      "ScaleY": 1.0
                    },
                    "Position": {
                      "X": 640.0,
                      "Y": 505.5938
                    },
                    "Scale": {
                      "ScaleX": 1.0,
                      "ScaleY": 1.0028
                    },
                    "CColor": {},
                    "IconVisible": false,
                    "PositionPercentXEnabled": true,
                    "PrePosition": {
                      "X": 0.5,
                      "Y": 0.7022
                    },
                    "PreSize": {
                      "X": 0.4688,
                      "Y": 0.3398
                    },
                    "LeftMargin": 340.0,
                    "RightMargin": 340.0,
                    "TopMargin": 214.4062,
                    "BottomMargin": 260.9238,
                    "Tag": 234,
                    "ActionTag": 564154279,
                    "Size": {
                      "X": 600.0,
                      "Y": 244.67
                    },
                    "Name": "lb_content",
                    "ctype": "TextObjectData"
                  },
                  {
                    "FileData": {
                      "Type": "Normal",
                      "Path": "image/ui/majiang/tishi/title_haidi.png",
                      "Plist": ""
                    },
                    "BlendFunc": {
                      "Src": 1,
                      "Dst": 771
                    },
                    "AnchorPoint": {
                      "ScaleX": 0.5,
                      "ScaleY": 0.5
                    },
                    "Position": {
                      "X": 640.0,
                      "Y": 561.91
                    },
                    "Scale": {
                      "ScaleX": 1.0,
                      "ScaleY": 1.0
                    },
                    "CColor": {},
                    "IconVisible": false,
                    "PositionPercentXEnabled": true,
                    "PrePosition": {
                      "X": 0.5,
                      "Y": 0.7804
                    },
                    "PreSize": {
                      "X": 0.3273,
                      "Y": 0.1597
                    },
                    "LeftMargin": 430.5,
                    "RightMargin": 430.5,
                    "TopMargin": 100.59,
                    "BottomMargin": 504.41,
                    "Tag": 969,
                    "ActionTag": -1006521613,
                    "Size": {
                      "X": 419.0,
                      "Y": 115.0
                    },
                    "Name": "title",
                    "ctype": "SpriteObjectData"
                  },
                  {
                    "FileData": {
                      "Type": "Normal",
                      "Path": "image/ui/majiang/tishi/btn_yao.png",
                      "Plist": ""
                    },
                    "BlendFunc": {
                      "Src": 1,
                      "Dst": 771
                    },
                    "AnchorPoint": {
                      "ScaleX": 0.5,
                      "ScaleY": 0.5
                    },
                    "Position": {
                      "X": 448.0,
                      "Y": 212.4102
                    },
                    "Scale": {
                      "ScaleX": 1.0,
                      "ScaleY": 1.0
                    },
                    "CColor": {},
                    "IconVisible": false,
                    "PositionPercentXEnabled": true,
                    "PrePosition": {
                      "X": 0.35,
                      "Y": 0.295
                    },
                    "PreSize": {
                      "X": 0.1641,
                      "Y": 0.0847
                    },
                    "LeftMargin": 343.0,
                    "RightMargin": 727.0,
                    "TopMargin": 477.0898,
                    "BottomMargin": 181.9102,
                    "Tag": 1438,
                    "Children": [
                      {
                        "FontSize": 45,
                        "LabelText": "要",
                        "FontResource": {
                          "Type": "Normal",
                          "Path": "image/fonts/FZZY.TTF",
                          "Plist": ""
                        },
                        "OutlineSize": 2,
                        "OutlineColor": {
                          "R": 61,
                          "G": 55,
                          "B": 55
                        },
                        "OutlineEnabled": true,
                        "ShadowColor": {
                          "R": 110,
                          "G": 110,
                          "B": 110
                        },
                        "ShadowOffsetX": 2.0,
                        "ShadowOffsetY": -2.0,
                        "AnchorPoint": {
                          "ScaleX": 0.5,
                          "ScaleY": 0.5
                        },
                        "Position": {
                          "X": 105.0,
                          "Y": 34.4101
                        },
                        "Scale": {
                          "ScaleX": 1.0,
                          "ScaleY": 1.0
                        },
                        "CColor": {},
                        "IconVisible": false,
                        "PositionPercentXEnabled": true,
                        "PositionPercentYEnabled": true,
                        "PrePosition": {
                          "X": 0.5,
                          "Y": 0.5641
                        },
                        "PreSize": {
                          "X": 0.2333,
                          "Y": 0.9016
                        },
                        "LeftMargin": 80.5,
                        "RightMargin": 80.5,
                        "TopMargin": -0.9101,
                        "BottomMargin": 6.9101,
                        "Tag": 1439,
                        "ActionTag": -1716157231,
                        "Size": {
                          "X": 49.0,
                          "Y": 55.0
                        },
                        "VisibleForFrame": false,
                        "Name": "_",
                        "ctype": "TextObjectData"
                      }
                    ],
                    "ActionTag": 947787026,
                    "Size": {
                      "X": 210.0,
                      "Y": 61.0
                    },
                    "Name": "btn_ok",
                    "ctype": "SpriteObjectData"
                  },
                  {
                    "FileData": {
                      "Type": "Normal",
                      "Path": "image/ui/majiang/tishi/btn_buyao.png",
                      "Plist": ""
                    },
                    "BlendFunc": {
                      "Src": 1,
                      "Dst": 771
                    },
                    "AnchorPoint": {
                      "ScaleX": 0.5,
                      "ScaleY": 0.5
                    },
                    "Position": {
                      "X": 832.0,
                      "Y": 212.4101
                    },
                    "Scale": {
                      "ScaleX": 1.0,
                      "ScaleY": 1.0
                    },
                    "CColor": {},
                    "IconVisible": false,
                    "PositionPercentXEnabled": true,
                    "PrePosition": {
                      "X": 0.65,
                      "Y": 0.295
                    },
                    "PreSize": {
                      "X": 0.1641,
                      "Y": 0.0847
                    },
                    "LeftMargin": 727.0,
                    "RightMargin": 343.0,
                    "TopMargin": 477.0899,
                    "BottomMargin": 181.9101,
                    "Tag": 1440,
                    "Children": [
                      {
                        "FontSize": 45,
                        "LabelText": "不 要",
                        "FontResource": {
                          "Type": "Normal",
                          "Path": "image/fonts/FZZY.TTF",
                          "Plist": ""
                        },
                        "OutlineSize": 2,
                        "OutlineColor": {
                          "R": 61,
                          "G": 55,
                          "B": 55
                        },
                        "OutlineEnabled": true,
                        "ShadowColor": {
                          "R": 110,
                          "G": 110,
                          "B": 110
                        },
                        "ShadowOffsetX": 2.0,
                        "ShadowOffsetY": -2.0,
                        "AnchorPoint": {
                          "ScaleX": 0.5,
                          "ScaleY": 0.5
                        },
                        "Position": {
                          "X": 105.0,
                          "Y": 35.3861
                        },
                        "Scale": {
                          "ScaleX": 1.0,
                          "ScaleY": 1.0
                        },
                        "CColor": {},
                        "IconVisible": false,
                        "PositionPercentXEnabled": true,
                        "PositionPercentYEnabled": true,
                        "PrePosition": {
                          "X": 0.5,
                          "Y": 0.5801
                        },
                        "PreSize": {
                          "X": 0.5,
                          "Y": 0.9016
                        },
                        "LeftMargin": 52.5,
                        "RightMargin": 52.5,
                        "TopMargin": -1.8861,
                        "BottomMargin": 7.8861,
                        "Tag": 1441,
                        "ActionTag": -1778992532,
                        "Size": {
                          "X": 105.0,
                          "Y": 55.0
                        },
                        "VisibleForFrame": false,
                        "Name": "_",
                        "ctype": "TextObjectData"
                      }
                    ],
                    "ActionTag": 1630655880,
                    "Size": {
                      "X": 210.0,
                      "Y": 61.0
                    },
                    "Name": "btn_cancel",
                    "ctype": "SpriteObjectData"
                  }
                ],
                "ActionTag": 665292338,
                "Size": {
                  "X": 1280.0,
                  "Y": 720.0
                },
                "Name": "panel",
                "ctype": "PanelObjectData"
              }
            ],
            "ActionTag": -33404820,
            "Size": {
              "X": 1280.0,
              "Y": 720.0
            },
            "Name": "root",
            "ctype": "PanelObjectData"
          }
        ],
        "Size": {
          "X": 1280.0,
          "Y": 720.0
        },
        "Name": "Scene",
        "ctype": "SingleNodeObjectData"
      },
      "UsedResources": [
        "../../image/fonts/FZZY.TTF",
        "../../image/ui/majiang/tishi/btn_buyao.png",
        "../../image/ui/majiang/tishi/btn_yao.png",
        "../../image/ui/majiang/tishi/tishibg1.png",
        "../../image/ui/majiang/tishi/title_haidi.png",
        "../../image/ui/transparent/transparent_1280x720.png"
      ],
      "ctype": "GameFileData"
    }
  },
  "Type": "Scene"
}