{
  "ID": "1c919726-237a-4071-a6ab-b94b685b7156",
  "Version": "3.10.0.0",
  "Name": "PlayBackLayer",
  "Content": {
    "Content": {
      "Animation": {
        "Duration": 0,
        "Speed": 1.0,
        "Timelines": [],
        "ctype": "TimelineActionData"
      },
      "AnimationList": [],
      "ObjectData": {
        "Tag": 119,
        "Children": [
          {
            "FileData": {
              "Type": "Normal",
              "Path": "image/ui/transparent/transparent_1280x720.png",
              "Plist": ""
            },
            "BlendFunc": {
              "Src": 770,
              "Dst": 771
            },
            "AnchorPoint": {
              "ScaleX": 0.5,
              "ScaleY": 0.5
            },
            "Position": {
              "X": 638.72,
              "Y": 360.0
            },
            "Scale": {
              "ScaleX": 1.0,
              "ScaleY": 1.0
            },
            "CColor": {},
            "IconVisible": false,
            "PositionPercentXEnabled": true,
            "PositionPercentYEnabled": true,
            "PrePosition": {
              "X": 0.499,
              "Y": 0.5
            },
            "PreSize": {
              "X": 1.0,
              "Y": 1.0
            },
            "LeftMargin": -1.28,
            "RightMargin": 1.28,
            "Tag": 14,
            "Children": [
              {
                "FileData": {
                  "Type": "Normal",
                  "Path": "image/ui/majiang/maScene/bg_sea.png",
                  "Plist": ""
                },
                "BlendFunc": {
                  "Src": 770,
                  "Dst": 771
                },
                "AnchorPoint": {
                  "ScaleX": 0.5,
                  "ScaleY": 0.5
                },
                "Position": {
                  "X": 640.0,
                  "Y": 252.0
                },
                "Scale": {
                  "ScaleX": 1.0,
                  "ScaleY": 1.0
                },
                "CColor": {},
                "IconVisible": false,
                "PositionPercentXEnabled": true,
                "PositionPercentYEnabled": true,
                "PrePosition": {
                  "X": 0.5,
                  "Y": 0.35
                },
                "PreSize": {
                  "X": 0.3672,
                  "Y": 0.1472
                },
                "LeftMargin": 405.0,
                "RightMargin": 405.0,
                "TopMargin": 415.0,
                "BottomMargin": 199.0,
                "Tag": 11,
                "ActionTag": 1609028265,
                "Size": {
                  "X": 470.0,
                  "Y": 106.0
                },
                "Name": "bg_searchpai",
                "ctype": "SpriteObjectData"
              },
              {
                "FileData": {
                  "Type": "Normal",
                  "Path": "image/ui/majiang/maScene/back_searchpai.png",
                  "Plist": ""
                },
                "BlendFunc": {
                  "Src": 770,
                  "Dst": 771
                },
                "AnchorPoint": {
                  "ScaleX": 0.5,
                  "ScaleY": 0.5
                },
                "Position": {
                  "X": 471.04,
                  "Y": 252.0
                },
                "Scale": {
                  "ScaleX": 1.0,
                  "ScaleY": 1.0
                },
                "CColor": {},
                "IconVisible": false,
                "PositionPercentXEnabled": true,
                "PositionPercentYEnabled": true,
                "PrePosition": {
                  "X": 0.368,
                  "Y": 0.35
                },
                "PreSize": {
                  "X": 0.0391,
                  "Y": 0.0569
                },
                "LeftMargin": 446.04,
                "RightMargin": 783.96,
                "TopMargin": 447.5,
                "BottomMargin": 231.5,
                "Tag": 10,
                "ActionTag": -548959817,
                "Size": {
                  "X": 50.0,
                  "Y": 41.0
                },
                "Name": "back_searchpai",
                "ctype": "SpriteObjectData"
              },
              {
                "FileData": {
                  "Type": "Normal",
                  "Path": "image/ui/majiang/maScene/next_searchpai.png",
                  "Plist": ""
                },
                "BlendFunc": {
                  "Src": 770,
                  "Dst": 771
                },
                "AnchorPoint": {
                  "ScaleX": 0.5,
                  "ScaleY": 0.5
                },
                "Position": {
                  "X": 697.984,
                  "Y": 252.0
                },
                "Scale": {
                  "ScaleX": 1.0,
                  "ScaleY": 1.0
                },
                "CColor": {},
                "IconVisible": false,
                "PositionPercentXEnabled": true,
                "PositionPercentYEnabled": true,
                "PrePosition": {
                  "X": 0.5453,
                  "Y": 0.35
                },
                "PreSize": {
                  "X": 0.0391,
                  "Y": 0.0569
                },
                "LeftMargin": 672.984,
                "RightMargin": 557.016,
                "TopMargin": 447.5,
                "BottomMargin": 231.5,
                "Tag": 15,
                "ActionTag": 1860340794,
                "Size": {
                  "X": 50.0,
                  "Y": 41.0
                },
                "Name": "next_searchpai",
                "ctype": "SpriteObjectData"
              },
              {
                "FileData": {
                  "Type": "Normal",
                  "Path": "image/ui/majiang/maScene/pause_searchpai.png",
                  "Plist": ""
                },
                "BlendFunc": {
                  "Src": 770,
                  "Dst": 771
                },
                "AnchorPoint": {
                  "ScaleX": 0.5,
                  "ScaleY": 0.5
                },
                "Position": {
                  "X": 584.064,
                  "Y": 252.0
                },
                "Scale": {
                  "ScaleX": 1.0,
                  "ScaleY": 1.0
                },
                "CColor": {},
                "IconVisible": false,
                "PositionPercentXEnabled": true,
                "PositionPercentYEnabled": true,
                "PrePosition": {
                  "X": 0.4563,
                  "Y": 0.35
                },
                "PreSize": {
                  "X": 0.0375,
                  "Y": 0.0778
                },
                "LeftMargin": 560.064,
                "RightMargin": 671.936,
                "TopMargin": 440.0,
                "BottomMargin": 224.0,
                "Tag": 12,
                "ActionTag": 396275557,
                "Size": {
                  "X": 48.0,
                  "Y": 56.0
                },
                "Name": "pause_searchpai",
                "ctype": "SpriteObjectData"
              },
              {
                "FileData": {
                  "Type": "Normal",
                  "Path": "image/ui/majiang/maScene/play_searchpai.png",
                  "Plist": ""
                },
                "BlendFunc": {
                  "Src": 770,
                  "Dst": 771
                },
                "AnchorPoint": {
                  "ScaleX": 0.5263,
                  "ScaleY": 0.4842
                },
                "Position": {
                  "X": 584.064,
                  "Y": 252.0
                },
                "Scale": {
                  "ScaleX": 1.0,
                  "ScaleY": 1.0
                },
                "CColor": {},
                "IconVisible": false,
                "PositionPercentXEnabled": true,
                "PositionPercentYEnabled": true,
                "PrePosition": {
                  "X": 0.4563,
                  "Y": 0.35
                },
                "PreSize": {
                  "X": 0.0375,
                  "Y": 0.075
                },
                "LeftMargin": 558.8016,
                "RightMargin": 673.1984,
                "TopMargin": 440.1468,
                "BottomMargin": 225.8532,
                "Tag": 13,
                "ActionTag": 1482300526,
                "Size": {
                  "X": 48.0,
                  "Y": 54.0
                },
                "Name": "play_searchpai",
                "ctype": "SpriteObjectData"
              },
              {
                "FileData": {
                  "Type": "Normal",
                  "Path": "image/ui/majiang/maScene/btn_back.png",
                  "Plist": ""
                },
                "BlendFunc": {
                  "Src": 770,
                  "Dst": 771
                },
                "AnchorPoint": {
                  "ScaleX": 0.5,
                  "ScaleY": 0.5
                },
                "Position": {
                  "X": 808.0,
                  "Y": 252.0
                },
                "Scale": {
                  "ScaleX": 1.0,
                  "ScaleY": 1.0
                },
                "CColor": {},
                "IconVisible": false,
                "PositionPercentYEnabled": true,
                "PrePosition": {
                  "X": 0.6313,
                  "Y": 0.35
                },
                "PreSize": {
                  "X": 0.0422,
                  "Y": 0.0694
                },
                "LeftMargin": 781.0,
                "RightMargin": 445.0,
                "TopMargin": 443.0,
                "BottomMargin": 227.0,
                "Tag": 93,
                "ActionTag": 1535668952,
                "Size": {
                  "X": 54.0,
                  "Y": 50.0
                },
                "Name": "btn_close",
                "ctype": "SpriteObjectData"
              }
            ],
            "ActionTag": -478004560,
            "Size": {
              "X": 1280.0,
              "Y": 720.0
            },
            "Name": "root",
            "ctype": "SpriteObjectData"
          },
          {
            "ClipAble": false,
            "BackColorAlpha": 102,
            "SingleColor": {
              "R": 150,
              "G": 200
            },
            "FirstColor": {
              "R": 150,
              "G": 200
            },
            "EndColor": {},
            "ColorVector": {
              "ScaleY": 1.0
            },
            "Scale9Width": 1,
            "Scale9Height": 1,
            "TouchEnable": true,
            "AnchorPoint": {},
            "Position": {
              "X": 937.984,
              "Y": 140.4
            },
            "Scale": {
              "ScaleX": 1.0,
              "ScaleY": 1.0
            },
            "CColor": {},
            "IconVisible": false,
            "PositionPercentXEnabled": true,
            "PositionPercentYEnabled": true,
            "PrePosition": {
              "X": 0.7328,
              "Y": 0.195
            },
            "PreSize": {
              "X": 0.0781,
              "Y": 0.5556
            },
            "LeftMargin": 937.984,
            "RightMargin": 242.016,
            "TopMargin": 179.6,
            "BottomMargin": 140.4,
            "Tag": 304,
            "Children": [
              {
                "FileData": {
                  "Type": "Normal",
                  "Path": "image/ui/majiang/cpghRep/1_3bg.png",
                  "Plist": ""
                },
                "BlendFunc": {
                  "Src": 770,
                  "Dst": 771
                },
                "AnchorPoint": {
                  "ScaleX": 0.5,
                  "ScaleY": 0.5
                },
                "Position": {
                  "X": 49.0,
                  "Y": 200.0
                },
                "Scale": {
                  "ScaleX": 1.0,
                  "ScaleY": 1.0
                },
                "CColor": {},
                "IconVisible": false,
                "PositionPercentXEnabled": true,
                "PositionPercentYEnabled": true,
                "PrePosition": {
                  "X": 0.49,
                  "Y": 0.5
                },
                "PreSize": {
                  "X": 0.7,
                  "Y": 0.975
                },
                "LeftMargin": 14.0,
                "RightMargin": 16.0,
                "TopMargin": 5.0,
                "BottomMargin": 5.0,
                "Tag": 305,
                "ActionTag": -320975737,
                "Size": {
                  "X": 70.0,
                  "Y": 390.0
                },
                "Name": "sp_bg",
                "ctype": "SpriteObjectData"
              },
              {
                "FileData": {
                  "Type": "PlistSubImage",
                  "Path": "p0s27.png",
                  "Plist": "image/ui/majiang/pai.plist"
                },
                "BlendFunc": {
                  "Src": 770,
                  "Dst": 771
                },
                "AnchorPoint": {
                  "ScaleX": 0.5,
                  "ScaleY": 0.5
                },
                "Position": {
                  "X": 49.9994,
                  "Y": 48.0
                },
                "Scale": {
                  "ScaleX": 1.0,
                  "ScaleY": 1.0
                },
                "CColor": {},
                "IconVisible": false,
                "PositionPercentYEnabled": true,
                "PrePosition": {
                  "X": 0.5,
                  "Y": 0.12
                },
                "PreSize": {
                  "X": 0.62,
                  "Y": 0.2225
                },
                "LeftMargin": 18.9994,
                "RightMargin": 19.0006,
                "TopMargin": 307.5,
                "BottomMargin": 3.5,
                "Tag": 306,
                "ActionTag": 76799088,
                "Size": {
                  "X": 62.0,
                  "Y": 89.0
                },
                "Name": "sp_pai",
                "ctype": "SpriteObjectData"
              },
              {
                "FileData": {
                  "Type": "Normal",
                  "Path": "image/ui/majiang/cpghRep/ischi_0.png",
                  "Plist": ""
                },
                "BlendFunc": {
                  "Src": 770,
                  "Dst": 771
                },
                "AnchorPoint": {
                  "ScaleX": 0.5,
                  "ScaleY": 0.5
                },
                "Position": {
                  "X": 50.0,
                  "Y": 361.0
                },
                "Scale": {
                  "ScaleX": 1.0,
                  "ScaleY": 1.0
                },
                "CColor": {},
                "IconVisible": false,
                "PositionPercentXEnabled": true,
                "PositionPercentYEnabled": true,
                "PrePosition": {
                  "X": 0.5,
                  "Y": 0.9025
                },
                "PreSize": {
                  "X": 0.52,
                  "Y": 0.0975
                },
                "LeftMargin": 24.0,
                "RightMargin": 24.0,
                "TopMargin": 19.5,
                "BottomMargin": 341.5,
                "Tag": 307,
                "ActionTag": 768228462,
                "Size": {
                  "X": 52.0,
                  "Y": 39.0
                },
                "Name": "sp_0",
                "ctype": "SpriteObjectData"
              },
              {
                "FileData": {
                  "Type": "Normal",
                  "Path": "image/ui/majiang/cpghRep/ispeng_0.png",
                  "Plist": ""
                },
                "BlendFunc": {
                  "Src": 770,
                  "Dst": 771
                },
                "AnchorPoint": {
                  "ScaleX": 0.5,
                  "ScaleY": 0.5
                },
                "Position": {
                  "X": 50.0,
                  "Y": 310.0
                },
                "Scale": {
                  "ScaleX": 1.0,
                  "ScaleY": 1.0
                },
                "CColor": {},
                "IconVisible": false,
                "PositionPercentXEnabled": true,
                "PositionPercentYEnabled": true,
                "PrePosition": {
                  "X": 0.5,
                  "Y": 0.775
                },
                "PreSize": {
                  "X": 0.52,
                  "Y": 0.0975
                },
                "LeftMargin": 24.0,
                "RightMargin": 24.0,
                "TopMargin": 70.5,
                "BottomMargin": 290.5,
                "Tag": 308,
                "ActionTag": 1650448799,
                "Size": {
                  "X": 52.0,
                  "Y": 39.0
                },
                "Name": "sp_1",
                "ctype": "SpriteObjectData"
              },
              {
                "FileData": {
                  "Type": "Normal",
                  "Path": "image/ui/majiang/cpghRep/isgang_0.png",
                  "Plist": ""
                },
                "BlendFunc": {
                  "Src": 770,
                  "Dst": 771
                },
                "AnchorPoint": {
                  "ScaleX": 0.5,
                  "ScaleY": 0.5
                },
                "Position": {
                  "X": 50.0,
                  "Y": 259.0
                },
                "Scale": {
                  "ScaleX": 1.0,
                  "ScaleY": 1.0
                },
                "CColor": {},
                "IconVisible": false,
                "PositionPercentXEnabled": true,
                "PositionPercentYEnabled": true,
                "PrePosition": {
                  "X": 0.5,
                  "Y": 0.6475
                },
                "PreSize": {
                  "X": 0.52,
                  "Y": 0.0975
                },
                "LeftMargin": 24.0,
                "RightMargin": 24.0,
                "TopMargin": 121.5,
                "BottomMargin": 239.5,
                "Tag": 309,
                "ActionTag": 1968816920,
                "Size": {
                  "X": 52.0,
                  "Y": 39.0
                },
                "Name": "sp_2",
                "ctype": "SpriteObjectData"
              },
              {
                "FileData": {
                  "Type": "Normal",
                  "Path": "image/ui/majiang/cpghRep/isting_0.png",
                  "Plist": ""
                },
                "BlendFunc": {
                  "Src": 770,
                  "Dst": 771
                },
                "AnchorPoint": {
                  "ScaleX": 0.5,
                  "ScaleY": 0.5
                },
                "Position": {
                  "X": 50.0,
                  "Y": 207.0
                },
                "Scale": {
                  "ScaleX": 1.0,
                  "ScaleY": 1.0
                },
                "CColor": {},
                "IconVisible": false,
                "PositionPercentXEnabled": true,
                "PositionPercentYEnabled": true,
                "PrePosition": {
                  "X": 0.5,
                  "Y": 0.5175
                },
                "PreSize": {
                  "X": 0.52,
                  "Y": 0.0975
                },
                "LeftMargin": 24.0,
                "RightMargin": 24.0,
                "TopMargin": 173.5,
                "BottomMargin": 187.5,
                "Tag": 310,
                "ActionTag": 2100981975,
                "Size": {
                  "X": 52.0,
                  "Y": 39.0
                },
                "Name": "sp_5",
                "ctype": "SpriteObjectData"
              },
              {
                "FileData": {
                  "Type": "Normal",
                  "Path": "image/ui/majiang/cpghRep/ishu_0.png",
                  "Plist": ""
                },
                "BlendFunc": {
                  "Src": 770,
                  "Dst": 771
                },
                "AnchorPoint": {
                  "ScaleX": 0.5,
                  "ScaleY": 0.5
                },
                "Position": {
                  "X": 50.0,
                  "Y": 153.0
                },
                "Scale": {
                  "ScaleX": 1.0,
                  "ScaleY": 1.0
                },
                "CColor": {},
                "IconVisible": false,
                "PositionPercentXEnabled": true,
                "PositionPercentYEnabled": true,
                "PrePosition": {
                  "X": 0.5,
                  "Y": 0.3825
                },
                "PreSize": {
                  "X": 0.52,
                  "Y": 0.0975
                },
                "LeftMargin": 24.0,
                "RightMargin": 24.0,
                "TopMargin": 227.5,
                "BottomMargin": 133.5,
                "Tag": 311,
                "ActionTag": -1859908155,
                "Size": {
                  "X": 52.0,
                  "Y": 39.0
                },
                "Name": "sp_3",
                "ctype": "SpriteObjectData"
              },
              {
                "FileData": {
                  "Type": "Normal",
                  "Path": "image/ui/majiang/cpghRep/isguo_0.png",
                  "Plist": ""
                },
                "BlendFunc": {
                  "Src": 770,
                  "Dst": 771
                },
                "AnchorPoint": {
                  "ScaleX": 0.5,
                  "ScaleY": 0.5
                },
                "Position": {
                  "X": 50.0,
                  "Y": 103.0
                },
                "Scale": {
                  "ScaleX": 1.0,
                  "ScaleY": 1.0
                },
                "CColor": {},
                "IconVisible": false,
                "PositionPercentXEnabled": true,
                "PositionPercentYEnabled": true,
                "PrePosition": {
                  "X": 0.5,
                  "Y": 0.2575
                },
                "PreSize": {
                  "X": 0.52,
                  "Y": 0.0975
                },
                "LeftMargin": 24.0,
                "RightMargin": 24.0,
                "TopMargin": 277.5,
                "BottomMargin": 83.5,
                "Tag": 312,
                "ActionTag": 2117055034,
                "Size": {
                  "X": 52.0,
                  "Y": 39.0
                },
                "Name": "sp_4",
                "ctype": "SpriteObjectData"
              }
            ],
            "ActionTag": 1142215492,
            "Size": {
              "X": 100.0,
              "Y": 400.0
            },
            "VisibleForFrame": false,
            "Name": "cpghRep1",
            "ctype": "PanelObjectData"
          },
          {
            "ClipAble": false,
            "BackColorAlpha": 102,
            "SingleColor": {
              "R": 150,
              "G": 200
            },
            "FirstColor": {
              "R": 150,
              "G": 200
            },
            "EndColor": {},
            "ColorVector": {
              "ScaleY": 1.0
            },
            "Scale9Width": 1,
            "Scale9Height": 1,
            "TouchEnable": true,
            "AnchorPoint": {},
            "Position": {
              "X": 237.824,
              "Y": 140.4
            },
            "Scale": {
              "ScaleX": 1.0,
              "ScaleY": 1.0
            },
            "CColor": {},
            "IconVisible": false,
            "PositionPercentXEnabled": true,
            "PositionPercentYEnabled": true,
            "PrePosition": {
              "X": 0.1858,
              "Y": 0.195
            },
            "PreSize": {
              "X": 0.0781,
              "Y": 0.5556
            },
            "LeftMargin": 237.824,
            "RightMargin": 942.176,
            "TopMargin": 179.6,
            "BottomMargin": 140.4,
            "Tag": 313,
            "Children": [
              {
                "FileData": {
                  "Type": "Normal",
                  "Path": "image/ui/majiang/cpghRep/1_3bg.png",
                  "Plist": ""
                },
                "BlendFunc": {
                  "Src": 770,
                  "Dst": 771
                },
                "AnchorPoint": {
                  "ScaleX": 0.5,
                  "ScaleY": 0.5
                },
                "Position": {
                  "X": 50.0,
                  "Y": 200.0
                },
                "Scale": {
                  "ScaleX": 1.0,
                  "ScaleY": 1.0
                },
                "CColor": {},
                "IconVisible": false,
                "PositionPercentXEnabled": true,
                "PositionPercentYEnabled": true,
                "PrePosition": {
                  "X": 0.5,
                  "Y": 0.5
                },
                "PreSize": {
                  "X": 0.7,
                  "Y": 0.975
                },
                "LeftMargin": 15.0,
                "RightMargin": 15.0,
                "TopMargin": 5.0,
                "BottomMargin": 5.0,
                "Tag": 314,
                "ActionTag": 1147523844,
                "Size": {
                  "X": 70.0,
                  "Y": 390.0
                },
                "Name": "sp_bg",
                "ctype": "SpriteObjectData"
              },
              {
                "FileData": {
                  "Type": "PlistSubImage",
                  "Path": "p0s27.png",
                  "Plist": "image/ui/majiang/pai.plist"
                },
                "BlendFunc": {
                  "Src": 770,
                  "Dst": 771
                },
                "AnchorPoint": {
                  "ScaleX": 0.5,
                  "ScaleY": 0.5
                },
                "Position": {
                  "X": 49.9994,
                  "Y": 48.0
                },
                "Scale": {
                  "ScaleX": 1.0,
                  "ScaleY": 1.0
                },
                "CColor": {},
                "IconVisible": false,
                "PositionPercentYEnabled": true,
                "PrePosition": {
                  "X": 0.5,
                  "Y": 0.12
                },
                "PreSize": {
                  "X": 0.62,
                  "Y": 0.2225
                },
                "LeftMargin": 18.9994,
                "RightMargin": 19.0006,
                "TopMargin": 307.5,
                "BottomMargin": 3.5,
                "Tag": 315,
                "ActionTag": -848989583,
                "Size": {
                  "X": 62.0,
                  "Y": 89.0
                },
                "Name": "sp_pai",
                "ctype": "SpriteObjectData"
              },
              {
                "FileData": {
                  "Type": "Normal",
                  "Path": "image/ui/majiang/cpghRep/ischi_0.png",
                  "Plist": ""
                },
                "BlendFunc": {
                  "Src": 770,
                  "Dst": 771
                },
                "AnchorPoint": {
                  "ScaleX": 0.5,
                  "ScaleY": 0.5
                },
                "Position": {
                  "X": 50.28,
                  "Y": 361.0
                },
                "Scale": {
                  "ScaleX": 1.0,
                  "ScaleY": 1.0
                },
                "CColor": {},
                "IconVisible": false,
                "PositionPercentXEnabled": true,
                "PositionPercentYEnabled": true,
                "PrePosition": {
                  "X": 0.5028,
                  "Y": 0.9025
                },
                "PreSize": {
                  "X": 0.52,
                  "Y": 0.0975
                },
                "LeftMargin": 24.28,
                "RightMargin": 23.72,
                "TopMargin": 19.5,
                "BottomMargin": 341.5,
                "Tag": 316,
                "ActionTag": 607643607,
                "Size": {
                  "X": 52.0,
                  "Y": 39.0
                },
                "Name": "sp_0",
                "ctype": "SpriteObjectData"
              },
              {
                "FileData": {
                  "Type": "Normal",
                  "Path": "image/ui/majiang/cpghRep/ispeng_0.png",
                  "Plist": ""
                },
                "BlendFunc": {
                  "Src": 770,
                  "Dst": 771
                },
                "AnchorPoint": {
                  "ScaleX": 0.5,
                  "ScaleY": 0.5
                },
                "Position": {
                  "X": 50.0,
                  "Y": 310.0
                },
                "Scale": {
                  "ScaleX": 1.0,
                  "ScaleY": 1.0
                },
                "CColor": {},
                "IconVisible": false,
                "PositionPercentXEnabled": true,
                "PositionPercentYEnabled": true,
                "PrePosition": {
                  "X": 0.5,
                  "Y": 0.775
                },
                "PreSize": {
                  "X": 0.52,
                  "Y": 0.0975
                },
                "LeftMargin": 24.0,
                "RightMargin": 24.0,
                "TopMargin": 70.5,
                "BottomMargin": 290.5,
                "Tag": 317,
                "ActionTag": 194192126,
                "Size": {
                  "X": 52.0,
                  "Y": 39.0
                },
                "Name": "sp_1",
                "ctype": "SpriteObjectData"
              },
              {
                "FileData": {
                  "Type": "Normal",
                  "Path": "image/ui/majiang/cpghRep/isgang_0.png",
                  "Plist": ""
                },
                "BlendFunc": {
                  "Src": 770,
                  "Dst": 771
                },
                "AnchorPoint": {
                  "ScaleX": 0.5,
                  "ScaleY": 0.5
                },
                "Position": {
                  "X": 50.0,
                  "Y": 259.0
                },
                "Scale": {
                  "ScaleX": 1.0,
                  "ScaleY": 1.0
                },
                "CColor": {},
                "IconVisible": false,
                "PositionPercentXEnabled": true,
                "PositionPercentYEnabled": true,
                "PrePosition": {
                  "X": 0.5,
                  "Y": 0.6475
                },
                "PreSize": {
                  "X": 0.52,
                  "Y": 0.0975
                },
                "LeftMargin": 24.0,
                "RightMargin": 24.0,
                "TopMargin": 121.5,
                "BottomMargin": 239.5,
                "Tag": 318,
                "ActionTag": -1000091376,
                "Size": {
                  "X": 52.0,
                  "Y": 39.0
                },
                "Name": "sp_2",
                "ctype": "SpriteObjectData"
              },
              {
                "FileData": {
                  "Type": "Normal",
                  "Path": "image/ui/majiang/cpghRep/isting_0.png",
                  "Plist": ""
                },
                "BlendFunc": {
                  "Src": 770,
                  "Dst": 771
                },
                "AnchorPoint": {
                  "ScaleX": 0.5,
                  "ScaleY": 0.5
                },
                "Position": {
                  "X": 50.0,
                  "Y": 207.0
                },
                "Scale": {
                  "ScaleX": 1.0,
                  "ScaleY": 1.0
                },
                "CColor": {},
                "IconVisible": false,
                "PositionPercentXEnabled": true,
                "PositionPercentYEnabled": true,
                "PrePosition": {
                  "X": 0.5,
                  "Y": 0.5175
                },
                "PreSize": {
                  "X": 0.52,
                  "Y": 0.0975
                },
                "LeftMargin": 24.0,
                "RightMargin": 24.0,
                "TopMargin": 173.5,
                "BottomMargin": 187.5,
                "Tag": 319,
                "ActionTag": -3331663,
                "Size": {
                  "X": 52.0,
                  "Y": 39.0
                },
                "Name": "sp_5",
                "ctype": "SpriteObjectData"
              },
              {
                "FileData": {
                  "Type": "Normal",
                  "Path": "image/ui/majiang/cpghRep/ishu_0.png",
                  "Plist": ""
                },
                "BlendFunc": {
                  "Src": 770,
                  "Dst": 771
                },
                "AnchorPoint": {
                  "ScaleX": 0.5,
                  "ScaleY": 0.5
                },
                "Position": {
                  "X": 50.0,
                  "Y": 153.0
                },
                "Scale": {
                  "ScaleX": 1.0,
                  "ScaleY": 1.0
                },
                "CColor": {},
                "IconVisible": false,
                "PositionPercentXEnabled": true,
                "PositionPercentYEnabled": true,
                "PrePosition": {
                  "X": 0.5,
                  "Y": 0.3825
                },
                "PreSize": {
                  "X": 0.52,
                  "Y": 0.0975
                },
                "LeftMargin": 24.0,
                "RightMargin": 24.0,
                "TopMargin": 227.5,
                "BottomMargin": 133.5,
                "Tag": 320,
                "ActionTag": -215369987,
                "Size": {
                  "X": 52.0,
                  "Y": 39.0
                },
                "Name": "sp_3",
                "ctype": "SpriteObjectData"
              },
              {
                "FileData": {
                  "Type": "Normal",
                  "Path": "image/ui/majiang/cpghRep/isguo_0.png",
                  "Plist": ""
                },
                "BlendFunc": {
                  "Src": 770,
                  "Dst": 771
                },
                "AnchorPoint": {
                  "ScaleX": 0.5,
                  "ScaleY": 0.5
                },
                "Position": {
                  "X": 50.0,
                  "Y": 103.0
                },
                "Scale": {
                  "ScaleX": 1.0,
                  "ScaleY": 1.0
                },
                "CColor": {},
                "IconVisible": false,
                "PositionPercentXEnabled": true,
                "PositionPercentYEnabled": true,
                "PrePosition": {
                  "X": 0.5,
                  "Y": 0.2575
                },
                "PreSize": {
                  "X": 0.52,
                  "Y": 0.0975
                },
                "LeftMargin": 24.0,
                "RightMargin": 24.0,
                "TopMargin": 277.5,
                "BottomMargin": 83.5,
                "Tag": 321,
                "ActionTag": 164664975,
                "Size": {
                  "X": 52.0,
                  "Y": 39.0
                },
                "Name": "sp_4",
                "ctype": "SpriteObjectData"
              }
            ],
            "ActionTag": 1748863664,
            "Size": {
              "X": 100.0,
              "Y": 400.0
            },
            "VisibleForFrame": false,
            "Name": "cpghRep3",
            "ctype": "PanelObjectData"
          },
          {
            "ClipAble": false,
            "BackColorAlpha": 102,
            "SingleColor": {
              "R": 150,
              "G": 200
            },
            "FirstColor": {
              "R": 150,
              "G": 200
            },
            "EndColor": {},
            "ColorVector": {
              "ScaleY": 1.0
            },
            "Scale9Width": 1,
            "Scale9Height": 1,
            "TouchEnable": true,
            "AnchorPoint": {},
            "Position": {
              "X": 354.048,
              "Y": 494.568
            },
            "Scale": {
              "ScaleX": 1.0,
              "ScaleY": 1.0
            },
            "CColor": {},
            "IconVisible": false,
            "PositionPercentXEnabled": true,
            "PositionPercentYEnabled": true,
            "PrePosition": {
              "X": 0.2766,
              "Y": 0.6869
            },
            "PreSize": {
              "X": 0.3023,
              "Y": 0.1389
            },
            "LeftMargin": 354.048,
            "RightMargin": 538.952,
            "TopMargin": 125.432,
            "BottomMargin": 494.568,
            "Tag": 322,
            "Children": [
              {
                "FileData": {
                  "Type": "Normal",
                  "Path": "image/ui/majiang/cpghRep/0_2bg.png",
                  "Plist": ""
                },
                "BlendFunc": {
                  "Src": 770,
                  "Dst": 771
                },
                "AnchorPoint": {
                  "ScaleX": 0.5,
                  "ScaleY": 0.5
                },
                "Position": {
                  "X": 193.5,
                  "Y": 50.0
                },
                "Scale": {
                  "ScaleX": 1.0,
                  "ScaleY": 1.0
                },
                "CColor": {},
                "IconVisible": false,
                "PositionPercentXEnabled": true,
                "PositionPercentYEnabled": true,
                "PrePosition": {
                  "X": 0.5,
                  "Y": 0.5
                },
                "PreSize": {
                  "X": 1.0,
                  "Y": 0.72
                },
                "TopMargin": 14.0,
                "BottomMargin": 14.0,
                "Tag": 323,
                "ActionTag": 520040535,
                "Size": {
                  "X": 387.0,
                  "Y": 72.0
                },
                "Name": "sp_bg",
                "ctype": "SpriteObjectData"
              },
              {
                "FileData": {
                  "Type": "PlistSubImage",
                  "Path": "p0s27.png",
                  "Plist": "image/ui/majiang/pai.plist"
                },
                "BlendFunc": {
                  "Src": 770,
                  "Dst": 771
                },
                "AnchorPoint": {
                  "ScaleX": 0.5,
                  "ScaleY": 0.5
                },
                "Position": {
                  "X": 38.7,
                  "Y": 53.0
                },
                "Scale": {
                  "ScaleX": 1.0,
                  "ScaleY": 1.0
                },
                "CColor": {},
                "IconVisible": false,
                "PositionPercentXEnabled": true,
                "PrePosition": {
                  "X": 0.1,
                  "Y": 0.53
                },
                "PreSize": {
                  "X": 0.1602,
                  "Y": 0.89
                },
                "LeftMargin": 7.7,
                "RightMargin": 317.3,
                "TopMargin": 2.5,
                "BottomMargin": 8.5,
                "Tag": 324,
                "ActionTag": 1731776312,
                "Size": {
                  "X": 62.0,
                  "Y": 89.0
                },
                "Name": "sp_pai",
                "ctype": "SpriteObjectData"
              },
              {
                "FileData": {
                  "Type": "Normal",
                  "Path": "image/ui/majiang/cpghRep/ischi_0.png",
                  "Plist": ""
                },
                "BlendFunc": {
                  "Src": 770,
                  "Dst": 771
                },
                "AnchorPoint": {
                  "ScaleX": 0.5,
                  "ScaleY": 0.5
                },
                "Position": {
                  "X": 92.88,
                  "Y": 53.0
                },
                "Scale": {
                  "ScaleX": 1.0,
                  "ScaleY": 1.0
                },
                "CColor": {},
                "IconVisible": false,
                "PositionPercentXEnabled": true,
                "PrePosition": {
                  "X": 0.24,
                  "Y": 0.53
                },
                "PreSize": {
                  "X": 0.1344,
                  "Y": 0.39
                },
                "LeftMargin": 66.88,
                "RightMargin": 268.12,
                "TopMargin": 27.5,
                "BottomMargin": 33.5,
                "Tag": 325,
                "ActionTag": -1974519527,
                "Size": {
                  "X": 52.0,
                  "Y": 39.0
                },
                "Name": "sp_0",
                "ctype": "SpriteObjectData"
              },
              {
                "FileData": {
                  "Type": "Normal",
                  "Path": "image/ui/majiang/cpghRep/ispeng_0.png",
                  "Plist": ""
                },
                "BlendFunc": {
                  "Src": 770,
                  "Dst": 771
                },
                "AnchorPoint": {
                  "ScaleX": 0.5,
                  "ScaleY": 0.5
                },
                "Position": {
                  "X": 143.19,
                  "Y": 53.0
                },
                "Scale": {
                  "ScaleX": 1.0,
                  "ScaleY": 1.0
                },
                "CColor": {},
                "IconVisible": false,
                "PositionPercentXEnabled": true,
                "PrePosition": {
                  "X": 0.37,
                  "Y": 0.53
                },
                "PreSize": {
                  "X": 0.1344,
                  "Y": 0.39
                },
                "LeftMargin": 117.19,
                "RightMargin": 217.81,
                "TopMargin": 27.5,
                "BottomMargin": 33.5,
                "Tag": 326,
                "ActionTag": 1451406294,
                "Size": {
                  "X": 52.0,
                  "Y": 39.0
                },
                "Name": "sp_1",
                "ctype": "SpriteObjectData"
              },
              {
                "FileData": {
                  "Type": "Normal",
                  "Path": "image/ui/majiang/cpghRep/isgang_0.png",
                  "Plist": ""
                },
                "BlendFunc": {
                  "Src": 770,
                  "Dst": 771
                },
                "AnchorPoint": {
                  "ScaleX": 0.5,
                  "ScaleY": 0.5
                },
                "Position": {
                  "X": 197.37,
                  "Y": 53.0
                },
                "Scale": {
                  "ScaleX": 1.0,
                  "ScaleY": 1.0
                },
                "CColor": {},
                "IconVisible": false,
                "PositionPercentXEnabled": true,
                "PrePosition": {
                  "X": 0.51,
                  "Y": 0.53
                },
                "PreSize": {
                  "X": 0.1344,
                  "Y": 0.39
                },
                "LeftMargin": 171.37,
                "RightMargin": 163.63,
                "TopMargin": 27.5,
                "BottomMargin": 33.5,
                "Tag": 327,
                "ActionTag": 543665364,
                "Size": {
                  "X": 52.0,
                  "Y": 39.0
                },
                "Name": "sp_2",
                "ctype": "SpriteObjectData"
              },
              {
                "FileData": {
                  "Type": "Normal",
                  "Path": "image/ui/majiang/cpghRep/isting_0.png",
                  "Plist": ""
                },
                "BlendFunc": {
                  "Src": 770,
                  "Dst": 771
                },
                "AnchorPoint": {
                  "ScaleX": 0.5,
                  "ScaleY": 0.5
                },
                "Position": {
                  "X": 247.68,
                  "Y": 53.0
                },
                "Scale": {
                  "ScaleX": 1.0,
                  "ScaleY": 1.0
                },
                "CColor": {},
                "IconVisible": false,
                "PositionPercentXEnabled": true,
                "PrePosition": {
                  "X": 0.64,
                  "Y": 0.53
                },
                "PreSize": {
                  "X": 0.1344,
                  "Y": 0.39
                },
                "LeftMargin": 221.68,
                "RightMargin": 113.32,
                "TopMargin": 27.5,
                "BottomMargin": 33.5,
                "Tag": 328,
                "ActionTag": -491260632,
                "Size": {
                  "X": 52.0,
                  "Y": 39.0
                },
                "Name": "sp_5",
                "ctype": "SpriteObjectData"
              },
              {
                "FileData": {
                  "Type": "Normal",
                  "Path": "image/ui/majiang/cpghRep/ishu_0.png",
                  "Plist": ""
                },
                "BlendFunc": {
                  "Src": 770,
                  "Dst": 771
                },
                "AnchorPoint": {
                  "ScaleX": 0.5,
                  "ScaleY": 0.5
                },
                "Position": {
                  "X": 297.99,
                  "Y": 53.0
                },
                "Scale": {
                  "ScaleX": 1.0,
                  "ScaleY": 1.0
                },
                "CColor": {},
                "IconVisible": false,
                "PositionPercentXEnabled": true,
                "PrePosition": {
                  "X": 0.77,
                  "Y": 0.53
                },
                "PreSize": {
                  "X": 0.1344,
                  "Y": 0.39
                },
                "LeftMargin": 271.99,
                "RightMargin": 63.01,
                "TopMargin": 27.5,
                "BottomMargin": 33.5,
                "Tag": 329,
                "ActionTag": -88498586,
                "Size": {
                  "X": 52.0,
                  "Y": 39.0
                },
                "Name": "sp_3",
                "ctype": "SpriteObjectData"
              },
              {
                "FileData": {
                  "Type": "Normal",
                  "Path": "image/ui/majiang/cpghRep/isguo_0.png",
                  "Plist": ""
                },
                "BlendFunc": {
                  "Src": 770,
                  "Dst": 771
                },
                "AnchorPoint": {
                  "ScaleX": 0.5,
                  "ScaleY": 0.5
                },
                "Position": {
                  "X": 348.3,
                  "Y": 53.0
                },
                "Scale": {
                  "ScaleX": 1.0,
                  "ScaleY": 1.0
                },
                "CColor": {},
                "IconVisible": false,
                "PositionPercentXEnabled": true,
                "PrePosition": {
                  "X": 0.9,
                  "Y": 0.53
                },
                "PreSize": {
                  "X": 0.1344,
                  "Y": 0.39
                },
                "LeftMargin": 322.3,
                "RightMargin": 12.7,
                "TopMargin": 27.5,
                "BottomMargin": 33.5,
                "Tag": 330,
                "ActionTag": 1852137576,
                "Size": {
                  "X": 52.0,
                  "Y": 39.0
                },
                "Name": "sp_4",
                "ctype": "SpriteObjectData"
              }
            ],
            "ActionTag": 1228016154,
            "Size": {
              "X": 387.0,
              "Y": 100.0
            },
            "VisibleForFrame": false,
            "Name": "cpghRep0",
            "ctype": "PanelObjectData"
          },
          {
            "ClipAble": false,
            "BackColorAlpha": 102,
            "SingleColor": {
              "R": 150,
              "G": 200
            },
            "FirstColor": {
              "R": 150,
              "G": 200
            },
            "EndColor": {},
            "ColorVector": {
              "ScaleY": 1.0
            },
            "Scale9Width": 1,
            "Scale9Height": 1,
            "TouchEnable": true,
            "AnchorPoint": {},
            "Position": {
              "X": 549.9997,
              "Y": 114.768
            },
            "Scale": {
              "ScaleX": 1.0,
              "ScaleY": 1.0
            },
            "CColor": {},
            "IconVisible": false,
            "PositionPercentYEnabled": true,
            "PrePosition": {
              "X": 0.4297,
              "Y": 0.1594
            },
            "PreSize": {
              "X": 0.3023,
              "Y": 0.1389
            },
            "LeftMargin": 549.9997,
            "RightMargin": 343.0003,
            "TopMargin": 505.232,
            "BottomMargin": 114.768,
            "Tag": 331,
            "Children": [
              {
                "FileData": {
                  "Type": "Normal",
                  "Path": "image/ui/majiang/cpghRep/0_2bg.png",
                  "Plist": ""
                },
                "BlendFunc": {
                  "Src": 770,
                  "Dst": 771
                },
                "AnchorPoint": {
                  "ScaleX": 0.5,
                  "ScaleY": 0.5
                },
                "Position": {
                  "X": 193.5,
                  "Y": 50.0
                },
                "Scale": {
                  "ScaleX": 1.0,
                  "ScaleY": 1.0
                },
                "CColor": {},
                "IconVisible": false,
                "PositionPercentXEnabled": true,
                "PositionPercentYEnabled": true,
                "PrePosition": {
                  "X": 0.5,
                  "Y": 0.5
                },
                "PreSize": {
                  "X": 1.0,
                  "Y": 0.72
                },
                "TopMargin": 14.0,
                "BottomMargin": 14.0,
                "Tag": 332,
                "ActionTag": -243091906,
                "Size": {
                  "X": 387.0,
                  "Y": 72.0
                },
                "Name": "sp_bg",
                "ctype": "SpriteObjectData"
              },
              {
                "FileData": {
                  "Type": "PlistSubImage",
                  "Path": "p0s27.png",
                  "Plist": "image/ui/majiang/pai.plist"
                },
                "BlendFunc": {
                  "Src": 770,
                  "Dst": 771
                },
                "AnchorPoint": {
                  "ScaleX": 0.5,
                  "ScaleY": 0.5
                },
                "Position": {
                  "X": 38.7,
                  "Y": 53.0
                },
                "Scale": {
                  "ScaleX": 1.0,
                  "ScaleY": 1.0
                },
                "CColor": {},
                "IconVisible": false,
                "PositionPercentXEnabled": true,
                "PrePosition": {
                  "X": 0.1,
                  "Y": 0.53
                },
                "PreSize": {
                  "X": 0.1602,
                  "Y": 0.89
                },
                "LeftMargin": 7.7,
                "RightMargin": 317.3,
                "TopMargin": 2.5,
                "BottomMargin": 8.5,
                "Tag": 333,
                "ActionTag": -1511637195,
                "Size": {
                  "X": 62.0,
                  "Y": 89.0
                },
                "Name": "sp_pai",
                "ctype": "SpriteObjectData"
              },
              {
                "FileData": {
                  "Type": "Normal",
                  "Path": "image/ui/majiang/cpghRep/ischi_0.png",
                  "Plist": ""
                },
                "BlendFunc": {
                  "Src": 770,
                  "Dst": 771
                },
                "AnchorPoint": {
                  "ScaleX": 0.5,
                  "ScaleY": 0.5
                },
                "Position": {
                  "X": 92.88,
                  "Y": 53.0
                },
                "Scale": {
                  "ScaleX": 1.0,
                  "ScaleY": 1.0
                },
                "CColor": {},
                "IconVisible": false,
                "PositionPercentXEnabled": true,
                "PrePosition": {
                  "X": 0.24,
                  "Y": 0.53
                },
                "PreSize": {
                  "X": 0.1344,
                  "Y": 0.39
                },
                "LeftMargin": 66.88,
                "RightMargin": 268.12,
                "TopMargin": 27.5,
                "BottomMargin": 33.5,
                "Tag": 334,
                "ActionTag": 1995972284,
                "Size": {
                  "X": 52.0,
                  "Y": 39.0
                },
                "Name": "sp_0",
                "ctype": "SpriteObjectData"
              },
              {
                "FileData": {
                  "Type": "Normal",
                  "Path": "image/ui/majiang/cpghRep/ispeng_0.png",
                  "Plist": ""
                },
                "BlendFunc": {
                  "Src": 770,
                  "Dst": 771
                },
                "AnchorPoint": {
                  "ScaleX": 0.5,
                  "ScaleY": 0.5
                },
                "Position": {
                  "X": 143.19,
                  "Y": 53.0
                },
                "Scale": {
                  "ScaleX": 1.0,
                  "ScaleY": 1.0
                },
                "CColor": {},
                "IconVisible": false,
                "PositionPercentXEnabled": true,
                "PrePosition": {
                  "X": 0.37,
                  "Y": 0.53
                },
                "PreSize": {
                  "X": 0.1344,
                  "Y": 0.39
                },
                "LeftMargin": 117.19,
                "RightMargin": 217.81,
                "TopMargin": 27.5,
                "BottomMargin": 33.5,
                "Tag": 335,
                "ActionTag": -253040782,
                "Size": {
                  "X": 52.0,
                  "Y": 39.0
                },
                "Name": "sp_1",
                "ctype": "SpriteObjectData"
              },
              {
                "FileData": {
                  "Type": "Normal",
                  "Path": "image/ui/majiang/cpghRep/isgang_0.png",
                  "Plist": ""
                },
                "BlendFunc": {
                  "Src": 770,
                  "Dst": 771
                },
                "AnchorPoint": {
                  "ScaleX": 0.5,
                  "ScaleY": 0.5
                },
                "Position": {
                  "X": 197.37,
                  "Y": 53.0
                },
                "Scale": {
                  "ScaleX": 1.0,
                  "ScaleY": 1.0
                },
                "CColor": {},
                "IconVisible": false,
                "PositionPercentXEnabled": true,
                "PrePosition": {
                  "X": 0.51,
                  "Y": 0.53
                },
                "PreSize": {
                  "X": 0.1344,
                  "Y": 0.39
                },
                "LeftMargin": 171.37,
                "RightMargin": 163.63,
                "TopMargin": 27.5,
                "BottomMargin": 33.5,
                "Tag": 336,
                "ActionTag": 1624580101,
                "Size": {
                  "X": 52.0,
                  "Y": 39.0
                },
                "Name": "sp_2",
                "ctype": "SpriteObjectData"
              },
              {
                "FileData": {
                  "Type": "Normal",
                  "Path": "image/ui/majiang/cpghRep/isting_0.png",
                  "Plist": ""
                },
                "BlendFunc": {
                  "Src": 770,
                  "Dst": 771
                },
                "AnchorPoint": {
                  "ScaleX": 0.5,
                  "ScaleY": 0.5
                },
                "Position": {
                  "X": 247.68,
                  "Y": 53.0
                },
                "Scale": {
                  "ScaleX": 1.0,
                  "ScaleY": 1.0
                },
                "CColor": {},
                "IconVisible": false,
                "PositionPercentXEnabled": true,
                "PrePosition": {
                  "X": 0.64,
                  "Y": 0.53
                },
                "PreSize": {
                  "X": 0.1344,
                  "Y": 0.39
                },
                "LeftMargin": 221.68,
                "RightMargin": 113.32,
                "TopMargin": 27.5,
                "BottomMargin": 33.5,
                "Tag": 337,
                "ActionTag": 1083211531,
                "Size": {
                  "X": 52.0,
                  "Y": 39.0
                },
                "Name": "sp_5",
                "ctype": "SpriteObjectData"
              },
              {
                "FileData": {
                  "Type": "Normal",
                  "Path": "image/ui/majiang/cpghRep/ishu_0.png",
                  "Plist": ""
                },
                "BlendFunc": {
                  "Src": 770,
                  "Dst": 771
                },
                "AnchorPoint": {
                  "ScaleX": 0.5,
                  "ScaleY": 0.5
                },
                "Position": {
                  "X": 297.99,
                  "Y": 53.0
                },
                "Scale": {
                  "ScaleX": 1.0,
                  "ScaleY": 1.0
                },
                "CColor": {},
                "IconVisible": false,
                "PositionPercentXEnabled": true,
                "PrePosition": {
                  "X": 0.77,
                  "Y": 0.53
                },
                "PreSize": {
                  "X": 0.1344,
                  "Y": 0.39
                },
                "LeftMargin": 271.99,
                "RightMargin": 63.01,
                "TopMargin": 27.5,
                "BottomMargin": 33.5,
                "Tag": 338,
                "ActionTag": -1402644168,
                "Size": {
                  "X": 52.0,
                  "Y": 39.0
                },
                "Name": "sp_3",
                "ctype": "SpriteObjectData"
              },
              {
                "FileData": {
                  "Type": "Normal",
                  "Path": "image/ui/majiang/cpghRep/isguo_0.png",
                  "Plist": ""
                },
                "BlendFunc": {
                  "Src": 770,
                  "Dst": 771
                },
                "AnchorPoint": {
                  "ScaleX": 0.5,
                  "ScaleY": 0.5
                },
                "Position": {
                  "X": 348.3,
                  "Y": 53.0
                },
                "Scale": {
                  "ScaleX": 1.0,
                  "ScaleY": 1.0
                },
                "CColor": {},
                "IconVisible": false,
                "PositionPercentXEnabled": true,
                "PrePosition": {
                  "X": 0.9,
                  "Y": 0.53
                },
                "PreSize": {
                  "X": 0.1344,
                  "Y": 0.39
                },
                "LeftMargin": 322.3,
                "RightMargin": 12.7,
                "TopMargin": 27.5,
                "BottomMargin": 33.5,
                "Tag": 339,
                "ActionTag": -1383842978,
                "Size": {
                  "X": 52.0,
                  "Y": 39.0
                },
                "Name": "sp_4",
                "ctype": "SpriteObjectData"
              }
            ],
            "ActionTag": 1193663420,
            "Size": {
              "X": 387.0,
              "Y": 100.0
            },
            "VisibleForFrame": false,
            "Name": "cpghRep2",
            "ctype": "PanelObjectData"
          },
          {
            "FileData": {
              "Type": "Normal",
              "Path": "image/ui/majiang/maScene/btn_guize.png",
              "Plist": ""
            },
            "BlendFunc": {
              "Src": 1,
              "Dst": 771
            },
            "AnchorPoint": {
              "ScaleX": 1.0,
              "ScaleY": 1.0
            },
            "Position": {
              "X": 111.1944,
              "Y": 557.7754
            },
            "Scale": {
              "ScaleX": 1.0,
              "ScaleY": 1.0
            },
            "CColor": {},
            "IconVisible": false,
            "PrePosition": {
              "X": 0.0869,
              "Y": 0.7747
            },
            "PreSize": {
              "X": 0.0703,
              "Y": 0.0681
            },
            "LeftMargin": 21.1944,
            "RightMargin": 1168.8057,
            "TopMargin": 162.2246,
            "BottomMargin": 508.7754,
            "Tag": 192,
            "Children": [
              {
                "FontSize": 24,
                "LabelText": "长沙麻将——",
                "FontResource": {
                  "Type": "Normal",
                  "Path": "image/fonts/FZZY.TTF",
                  "Plist": ""
                },
                "VerticalAlignmentType": "VT_Center",
                "OutlineColor": {
                  "G": 0,
                  "B": 0
                },
                "ShadowColor": {
                  "R": 110,
                  "G": 110,
                  "B": 110
                },
                "ShadowOffsetX": 2.0,
                "ShadowOffsetY": -2.0,
                "AnchorPoint": {
                  "ScaleX": 0.5,
                  "ScaleY": 0.5
                },
                "Position": {
                  "X": 73.3816,
                  "Y": 66.9284
                },
                "Scale": {
                  "ScaleX": 1.0,
                  "ScaleY": 1.0
                },
                "CColor": {},
                "IconVisible": false,
                "PrePosition": {
                  "X": 0.8154,
                  "Y": 1.3659
                },
                "PreSize": {
                  "X": 1.6444,
                  "Y": 0.551
                },
                "LeftMargin": -0.6184,
                "RightMargin": -57.3816,
                "TopMargin": -31.4284,
                "BottomMargin": 53.4284,
                "Tag": 193,
                "ActionTag": -1679674943,
                "Size": {
                  "X": 148.0,
                  "Y": 27.0
                },
                "Name": "title",
                "ctype": "TextObjectData"
              }
            ],
            "ActionTag": -2144737803,
            "Size": {
              "X": 90.0,
              "Y": 49.0
            },
            "VisibleForFrame": false,
            "Name": "btn_wanfa",
            "ctype": "SpriteObjectData"
          }
        ],
        "Size": {
          "X": 1280.0,
          "Y": 720.0
        },
        "Name": "Layer",
        "ctype": "LayerObjectData"
      },
      "UsedResources": [
        "../../image/fonts/FZZY.TTF",
        "../../image/ui/majiang/cpghRep/0_2bg.png",
        "../../image/ui/majiang/cpghRep/1_3bg.png",
        "../../image/ui/majiang/cpghRep/ischi_0.png",
        "../../image/ui/majiang/cpghRep/isgang_0.png",
        "../../image/ui/majiang/cpghRep/isguo_0.png",
        "../../image/ui/majiang/cpghRep/ishu_0.png",
        "../../image/ui/majiang/cpghRep/ispeng_0.png",
        "../../image/ui/majiang/cpghRep/isting_0.png",
        "../../image/ui/majiang/maScene/back_searchpai.png",
        "../../image/ui/majiang/maScene/bg_sea.png",
        "../../image/ui/majiang/maScene/btn_back.png",
        "../../image/ui/majiang/maScene/btn_guize.png",
        "../../image/ui/majiang/maScene/next_searchpai.png",
        "../../image/ui/majiang/maScene/pause_searchpai.png",
        "../../image/ui/majiang/maScene/play_searchpai.png",
        "../../image/ui/majiang/pai.plist",
        "../../image/ui/majiang/pai.png",
        "../../image/ui/transparent/transparent_1280x720.png"
      ],
      "ctype": "GameFileData"
    }
  },
  "Type": "Layer"
}