{
  "ID": "ce8ce310-4502-480e-8608-1c158c128c60",
  "Version": "3.10.0.0",
  "Name": "CuoPaiLayer",
  "Content": {
    "Content": {
      "Animation": {
        "Duration": 0,
        "Speed": 1.0,
        "Timelines": [],
        "ctype": "TimelineActionData"
      },
      "AnimationList": [],
      "ObjectData": {
        "Tag": 945,
        "Children": [
          {
            "ClipAble": false,
            "BackColorAlpha": 102,
            "ComboBoxIndex": 1,
            "SingleColor": {
              "R": 0,
              "G": 0,
              "B": 0
            },
            "FirstColor": {
              "R": 150,
              "G": 200
            },
            "EndColor": {},
            "ColorVector": {
              "ScaleY": 1.0
            },
            "Scale9Width": 1,
            "Scale9Height": 1,
            "TouchEnable": true,
            "AnchorPoint": {},
            "Position": {
              "X": 0.0,
              "Y": 0.0
            },
            "Scale": {
              "ScaleX": 1.0,
              "ScaleY": 1.0
            },
            "CColor": {},
            "IconVisible": false,
            "PrePosition": {
              "X": 0.0,
              "Y": 0.0
            },
            "PreSize": {
              "X": 1.0,
              "Y": 1.0
            },
            "Tag": 946,
            "Children": [
              {
                "FileData": {
                  "Type": "Normal",
                  "Path": "image/ui/room/room_close.png",
                  "Plist": ""
                },
                "BlendFunc": {
                  "Src": 1,
                  "Dst": 771
                },
                "AnchorPoint": {
                  "ScaleX": 0.5,
                  "ScaleY": 0.5
                },
                "Position": {
                  "X": 1225.116,
                  "Y": 669.241
                },
                "Scale": {
                  "ScaleX": 1.0,
                  "ScaleY": 1.0
                },
                "CColor": {},
                "IconVisible": false,
                "PrePosition": {
                  "X": 0.9571,
                  "Y": 0.9295
                },
                "PreSize": {
                  "X": 0.0719,
                  "Y": 0.1389
                },
                "LeftMargin": 1179.116,
                "RightMargin": 8.884,
                "TopMargin": 0.759,
                "BottomMargin": 619.241,
                "Tag": 1246,
                "ActionTag": 902623270,
                "Size": {
                  "X": 92.0,
                  "Y": 100.0
                },
                "Name": "close",
                "ctype": "SpriteObjectData"
              },
              {
                "AnchorPoint": {},
                "Position": {
                  "X": 640.0,
                  "Y": 490.82
                },
                "Scale": {
                  "ScaleX": 0.8,
                  "ScaleY": 0.8
                },
                "CColor": {},
                "IconVisible": true,
                "PositionPercentXEnabled": true,
                "PrePosition": {
                  "X": 0.5,
                  "Y": 0.6817
                },
                "PreSize": {
                  "X": 0.0,
                  "Y": 0.0
                },
                "LeftMargin": 640.0,
                "RightMargin": 640.0,
                "TopMargin": 229.18,
                "BottomMargin": 490.82,
                "Tag": 345,
                "Children": [
                  {
                    "FileData": {
                      "Type": "PlistSubImage",
                      "Path": "poker_0.png",
                      "Plist": "image/ui/niuniu/card/poker.plist"
                    },
                    "BlendFunc": {
                      "Src": 1,
                      "Dst": 771
                    },
                    "AnchorPoint": {
                      "ScaleX": 0.5,
                      "ScaleY": 0.5
                    },
                    "Position": {
                      "X": -340.0,
                      "Y": 142.6502
                    },
                    "Scale": {
                      "ScaleX": 1.0,
                      "ScaleY": 1.0
                    },
                    "CColor": {},
                    "IconVisible": false,
                    "PrePosition": {
                      "X": 0.0,
                      "Y": 0.0
                    },
                    "PreSize": {
                      "X": 0.0,
                      "Y": 0.0
                    },
                    "LeftMargin": -418.5,
                    "RightMargin": 261.5,
                    "TopMargin": -251.6502,
                    "BottomMargin": 33.6502,
                    "Tag": 329,
                    "ActionTag": -1481792142,
                    "Size": {
                      "X": 157.0,
                      "Y": 218.0
                    },
                    "Name": "a0",
                    "ctype": "SpriteObjectData"
                  },
                  {
                    "FileData": {
                      "Type": "PlistSubImage",
                      "Path": "poker_0.png",
                      "Plist": "image/ui/niuniu/card/poker.plist"
                    },
                    "BlendFunc": {
                      "Src": 1,
                      "Dst": 771
                    },
                    "AnchorPoint": {
                      "ScaleX": 0.5,
                      "ScaleY": 0.5
                    },
                    "Position": {
                      "X": -170.0,
                      "Y": 142.6502
                    },
                    "Scale": {
                      "ScaleX": 1.0,
                      "ScaleY": 1.0
                    },
                    "CColor": {},
                    "IconVisible": false,
                    "PrePosition": {
                      "X": 0.0,
                      "Y": 0.0
                    },
                    "PreSize": {
                      "X": 0.0,
                      "Y": 0.0
                    },
                    "LeftMargin": -248.5,
                    "RightMargin": 91.5,
                    "TopMargin": -251.6502,
                    "BottomMargin": 33.6502,
                    "Tag": 333,
                    "ActionTag": -972889657,
                    "Size": {
                      "X": 157.0,
                      "Y": 218.0
                    },
                    "Name": "a1",
                    "ctype": "SpriteObjectData"
                  },
                  {
                    "FileData": {
                      "Type": "PlistSubImage",
                      "Path": "poker_0.png",
                      "Plist": "image/ui/niuniu/card/poker.plist"
                    },
                    "BlendFunc": {
                      "Src": 1,
                      "Dst": 771
                    },
                    "AnchorPoint": {
                      "ScaleX": 0.5,
                      "ScaleY": 0.5
                    },
                    "Position": {
                      "X": 0.0001,
                      "Y": 142.6502
                    },
                    "Scale": {
                      "ScaleX": 1.0,
                      "ScaleY": 1.0
                    },
                    "CColor": {},
                    "IconVisible": false,
                    "PrePosition": {
                      "X": 0.0,
                      "Y": 0.0
                    },
                    "PreSize": {
                      "X": 0.0,
                      "Y": 0.0
                    },
                    "LeftMargin": -78.4999,
                    "RightMargin": -78.5001,
                    "TopMargin": -251.6502,
                    "BottomMargin": 33.6502,
                    "Tag": 337,
                    "ActionTag": -1225257953,
                    "Size": {
                      "X": 157.0,
                      "Y": 218.0
                    },
                    "Name": "a2",
                    "ctype": "SpriteObjectData"
                  },
                  {
                    "FileData": {
                      "Type": "PlistSubImage",
                      "Path": "poker_0.png",
                      "Plist": "image/ui/niuniu/card/poker.plist"
                    },
                    "BlendFunc": {
                      "Src": 1,
                      "Dst": 771
                    },
                    "AnchorPoint": {
                      "ScaleX": 0.5,
                      "ScaleY": 0.5
                    },
                    "Position": {
                      "X": 170.0,
                      "Y": 142.6502
                    },
                    "Scale": {
                      "ScaleX": 1.0,
                      "ScaleY": 1.0
                    },
                    "CColor": {},
                    "IconVisible": false,
                    "PrePosition": {
                      "X": 0.0,
                      "Y": 0.0
                    },
                    "PreSize": {
                      "X": 0.0,
                      "Y": 0.0
                    },
                    "LeftMargin": 91.5,
                    "RightMargin": -248.5,
                    "TopMargin": -251.6502,
                    "BottomMargin": 33.6502,
                    "Tag": 341,
                    "ActionTag": -1993036610,
                    "Size": {
                      "X": 157.0,
                      "Y": 218.0
                    },
                    "Name": "a3",
                    "ctype": "SpriteObjectData"
                  }
                ],
                "ActionTag": 1630240783,
                "Size": {
                  "X": 0.0,
                  "Y": 0.0
                },
                "Name": "top",
                "ctype": "SingleNodeObjectData"
              },
              {
                "AnchorPoint": {},
                "Position": {
                  "X": 640.0,
                  "Y": 0.0
                },
                "Scale": {
                  "ScaleX": 1.0,
                  "ScaleY": 1.0
                },
                "CColor": {},
                "IconVisible": true,
                "PositionPercentXEnabled": true,
                "PrePosition": {
                  "X": 0.5,
                  "Y": 0.0
                },
                "PreSize": {
                  "X": 0.0,
                  "Y": 0.0
                },
                "LeftMargin": 640.0,
                "RightMargin": 640.0,
                "TopMargin": 720.0,
                "Tag": 28,
                "Children": [
                  {
                    "FileData": {
                      "Type": "Normal",
                      "Path": "image/ui/niuniu/cuocard/spades_1.png",
                      "Plist": ""
                    },
                    "BlendFunc": {
                      "Src": 1,
                      "Dst": 771
                    },
                    "AnchorPoint": {
                      "ScaleX": 0.5,
                      "ScaleY": 0.5
                    },
                    "Position": {
                      "X": 0.0,
                      "Y": -258.0003
                    },
                    "Scale": {
                      "ScaleX": 0.75,
                      "ScaleY": 0.75
                    },
                    "RotationSkewX": 90.0,
                    "RotationSkewY": 90.0,
                    "CColor": {},
                    "IconVisible": false,
                    "PrePosition": {
                      "X": 0.0,
                      "Y": 0.0
                    },
                    "PreSize": {
                      "X": 0.0,
                      "Y": 0.0
                    },
                    "LeftMargin": -340.0,
                    "RightMargin": -340.0,
                    "TopMargin": 22.0003,
                    "BottomMargin": -494.0003,
                    "Tag": 1175,
                    "Children": [
                      {
                        "FileData": {
                          "Type": "PlistSubImage",
                          "Path": "spades_num_1.png",
                          "Plist": "image/ui/niuniu/cuocard/cuocard_big.plist"
                        },
                        "BlendFunc": {
                          "Src": 1,
                          "Dst": 771
                        },
                        "AnchorPoint": {
                          "ScaleX": 0.5,
                          "ScaleY": 0.5
                        },
                        "Position": {
                          "X": 99.8308,
                          "Y": 46.1531
                        },
                        "Scale": {
                          "ScaleX": 1.0,
                          "ScaleY": 1.0
                        },
                        "RotationSkewX": -90.0,
                        "RotationSkewY": -90.0,
                        "CColor": {},
                        "IconVisible": false,
                        "PrePosition": {
                          "X": 0.1468,
                          "Y": 0.0978
                        },
                        "PreSize": {
                          "X": 0.0971,
                          "Y": 0.3559
                        },
                        "LeftMargin": 66.8308,
                        "RightMargin": 547.1692,
                        "TopMargin": 341.8469,
                        "BottomMargin": -37.8469,
                        "Tag": 825,
                        "ActionTag": -413134017,
                        "Size": {
                          "X": 66.0,
                          "Y": 168.0
                        },
                        "Name": "jiao1",
                        "ctype": "SpriteObjectData"
                      },
                      {
                        "FileData": {
                          "Type": "PlistSubImage",
                          "Path": "spades_num_1.png",
                          "Plist": "image/ui/niuniu/cuocard/cuocard_big.plist"
                        },
                        "BlendFunc": {
                          "Src": 1,
                          "Dst": 771
                        },
                        "AnchorPoint": {
                          "ScaleX": 0.5,
                          "ScaleY": 0.5
                        },
                        "Position": {
                          "X": 581.3559,
                          "Y": 428.4268
                        },
                        "Scale": {
                          "ScaleX": 1.0,
                          "ScaleY": 1.0
                        },
                        "RotationSkewX": 90.0,
                        "RotationSkewY": 90.0,
                        "CColor": {},
                        "IconVisible": false,
                        "PrePosition": {
                          "X": 0.8549,
                          "Y": 0.9077
                        },
                        "PreSize": {
                          "X": 0.0971,
                          "Y": 0.3559
                        },
                        "LeftMargin": 548.3559,
                        "RightMargin": 65.6441,
                        "TopMargin": -40.4268,
                        "BottomMargin": 344.4268,
                        "Tag": 826,
                        "ActionTag": 1941945904,
                        "Size": {
                          "X": 66.0,
                          "Y": 168.0
                        },
                        "Name": "jiao2",
                        "ctype": "SpriteObjectData"
                      }
                    ],
                    "ActionTag": -726984563,
                    "Size": {
                      "X": 680.0,
                      "Y": 472.0
                    },
                    "Name": "a0",
                    "ctype": "SpriteObjectData"
                  }
                ],
                "ActionTag": 31210830,
                "Size": {
                  "X": 0.0,
                  "Y": 0.0
                },
                "Name": "pai",
                "ctype": "SingleNodeObjectData"
              }
            ],
            "ActionTag": 1514376105,
            "Size": {
              "X": 1280.0,
              "Y": 720.0
            },
            "Name": "root",
            "ctype": "PanelObjectData"
          }
        ],
        "Size": {
          "X": 1280.0,
          "Y": 720.0
        },
        "Name": "Scene",
        "ctype": "SingleNodeObjectData"
      },
      "UsedResources": [
        "../../image/ui/niuniu/card/poker.plist",
        "../../image/ui/niuniu/card/poker.png",
        "../../image/ui/niuniu/cuocard/cuocard_big.plist",
        "../../image/ui/niuniu/cuocard/cuocard_big.png",
        "../../image/ui/niuniu/cuocard/spades_1.png",
        "../../image/ui/room/room_close.png"
      ],
      "ctype": "GameFileData"
    }
  },
  "Type": "Scene"
}