{
  "ID": "ba4adf39-98b9-45fc-9ef4-05031edc50ae",
  "Version": "3.10.0.0",
  "Name": "NiuniuWanfa",
  "Content": {
    "Content": {
      "Animation": {
        "Duration": 0,
        "Speed": 1.0,
        "Timelines": [],
        "ctype": "TimelineActionData"
      },
      "AnimationList": [],
      "ObjectData": {
        "Tag": 1090,
        "Children": [
          {
            "ClipAble": false,
            "BackColorAlpha": 102,
            "ComboBoxIndex": 1,
            "SingleColor": {
              "R": 0,
              "G": 0,
              "B": 0
            },
            "FirstColor": {
              "R": 150,
              "G": 200
            },
            "EndColor": {},
            "ColorVector": {
              "ScaleY": 1.0
            },
            "Scale9Width": 1,
            "Scale9Height": 1,
            "TouchEnable": true,
            "AnchorPoint": {},
            "Position": {
              "X": 0.0,
              "Y": 0.0
            },
            "Scale": {
              "ScaleX": 1.0,
              "ScaleY": 1.0
            },
            "CColor": {},
            "IconVisible": false,
            "PrePosition": {
              "X": 0.0,
              "Y": 0.0
            },
            "PreSize": {
              "X": 1.0,
              "Y": 1.0
            },
            "Tag": 1091,
            "Children": [
              {
                "FileData": {
                  "Type": "Normal",
                  "Path": "image/ui/transparent/transparent_1280x720.png",
                  "Plist": ""
                },
                "BlendFunc": {
                  "Src": 1,
                  "Dst": 771
                },
                "AnchorPoint": {},
                "Position": {
                  "X": 0.0,
                  "Y": 1.25
                },
                "Scale": {
                  "ScaleX": 1.0,
                  "ScaleY": 1.0
                },
                "CColor": {},
                "IconVisible": false,
                "PrePosition": {
                  "X": 0.0,
                  "Y": 0.0017
                },
                "PreSize": {
                  "X": 1.0,
                  "Y": 1.0
                },
                "TopMargin": -1.25,
                "BottomMargin": 1.25,
                "Tag": 1093,
                "ActionTag": -1069979375,
                "Size": {
                  "X": 1280.0,
                  "Y": 720.0
                },
                "Name": "fake_root",
                "ctype": "SpriteObjectData"
              },
              {
                "FileData": {
                  "Type": "Normal",
                  "Path": "image/ui/room/player_info_bg.png",
                  "Plist": ""
                },
                "Scale9Enable": true,
                "Scale9OriginX": 50,
                "Scale9OriginY": 50,
                "Scale9Width": 428,
                "Scale9Height": 95,
                "AnchorPoint": {
                  "ScaleX": 0.5,
                  "ScaleY": 0.5
                },
                "Position": {
                  "X": 634.8242,
                  "Y": 349.4161
                },
                "Scale": {
                  "ScaleX": 1.0,
                  "ScaleY": 1.0
                },
                "CColor": {},
                "IconVisible": false,
                "PrePosition": {
                  "X": 0.496,
                  "Y": 0.4853
                },
                "PreSize": {
                  "X": 0.7031,
                  "Y": 0.7778
                },
                "LeftMargin": 184.8242,
                "RightMargin": 195.1758,
                "TopMargin": 90.5839,
                "BottomMargin": 69.4161,
                "Tag": 942,
                "Children": [
                  {
                    "FontSize": 32,
                    "LabelText": "付费方式",
                    "FontResource": {
                      "Type": "Normal",
                      "Path": "image/fonts/FZZY.TTF",
                      "Plist": ""
                    },
                    "OutlineColor": {
                      "R": 161,
                      "G": 81,
                      "B": 19
                    },
                    "ShadowColor": {
                      "R": 110,
                      "G": 110,
                      "B": 110
                    },
                    "ShadowOffsetX": 2.0,
                    "ShadowOffsetY": -2.0,
                    "AnchorPoint": {
                      "ScaleY": 0.5
                    },
                    "Position": {
                      "X": 126.2269,
                      "Y": 498.6436
                    },
                    "Scale": {
                      "ScaleX": 1.0,
                      "ScaleY": 1.0
                    },
                    "CColor": {
                      "R": 116,
                      "G": 132,
                      "B": 226
                    },
                    "IconVisible": false,
                    "PrePosition": {
                      "X": 0.1403,
                      "Y": 0.8904
                    },
                    "PreSize": {
                      "X": 0.1444,
                      "Y": 0.0643
                    },
                    "LeftMargin": 126.2269,
                    "RightMargin": 643.7731,
                    "TopMargin": 43.3564,
                    "BottomMargin": 480.6436,
                    "Tag": 1097,
                    "ActionTag": 748553221,
                    "Size": {
                      "X": 130.0,
                      "Y": 36.0
                    },
                    "Name": "fufei",
                    "ctype": "TextObjectData"
                  },
                  {
                    "FontSize": 32,
                    "LabelText": "局数选择",
                    "FontResource": {
                      "Type": "Normal",
                      "Path": "image/fonts/FZZY.TTF",
                      "Plist": ""
                    },
                    "OutlineColor": {
                      "R": 161,
                      "G": 81,
                      "B": 19
                    },
                    "ShadowColor": {
                      "R": 110,
                      "G": 110,
                      "B": 110
                    },
                    "ShadowOffsetX": 2.0,
                    "ShadowOffsetY": -2.0,
                    "AnchorPoint": {
                      "ScaleY": 0.5
                    },
                    "Position": {
                      "X": 126.2269,
                      "Y": 447.4633
                    },
                    "Scale": {
                      "ScaleX": 1.0,
                      "ScaleY": 1.0
                    },
                    "CColor": {
                      "R": 116,
                      "G": 132,
                      "B": 226
                    },
                    "IconVisible": false,
                    "PrePosition": {
                      "X": 0.1403,
                      "Y": 0.799
                    },
                    "PreSize": {
                      "X": 0.1456,
                      "Y": 0.0643
                    },
                    "LeftMargin": 126.2269,
                    "RightMargin": 642.7731,
                    "TopMargin": 94.5367,
                    "BottomMargin": 429.4633,
                    "Tag": 1099,
                    "ActionTag": -1851328623,
                    "Size": {
                      "X": 131.0,
                      "Y": 36.0
                    },
                    "Name": "jushu",
                    "ctype": "TextObjectData"
                  },
                  {
                    "FontSize": 32,
                    "LabelText": "庄家选择",
                    "FontResource": {
                      "Type": "Normal",
                      "Path": "image/fonts/FZZY.TTF",
                      "Plist": ""
                    },
                    "OutlineColor": {
                      "R": 161,
                      "G": 81,
                      "B": 19
                    },
                    "ShadowColor": {
                      "R": 110,
                      "G": 110,
                      "B": 110
                    },
                    "ShadowOffsetX": 2.0,
                    "ShadowOffsetY": -2.0,
                    "AnchorPoint": {
                      "ScaleY": 0.5
                    },
                    "Position": {
                      "X": 126.2269,
                      "Y": 396.2829
                    },
                    "Scale": {
                      "ScaleX": 1.0,
                      "ScaleY": 1.0
                    },
                    "CColor": {
                      "R": 116,
                      "G": 132,
                      "B": 226
                    },
                    "IconVisible": false,
                    "PrePosition": {
                      "X": 0.1403,
                      "Y": 0.7076
                    },
                    "PreSize": {
                      "X": 0.1456,
                      "Y": 0.0643
                    },
                    "LeftMargin": 126.2269,
                    "RightMargin": 642.7731,
                    "TopMargin": 145.7171,
                    "BottomMargin": 378.2829,
                    "Tag": 1100,
                    "ActionTag": -219299697,
                    "Size": {
                      "X": 131.0,
                      "Y": 36.0
                    },
                    "Name": "zhuangjia",
                    "ctype": "TextObjectData"
                  },
                  {
                    "FontSize": 32,
                    "LabelText": "特殊牌型",
                    "FontResource": {
                      "Type": "Normal",
                      "Path": "image/fonts/FZZY.TTF",
                      "Plist": ""
                    },
                    "OutlineColor": {
                      "R": 161,
                      "G": 81,
                      "B": 19
                    },
                    "ShadowColor": {
                      "R": 110,
                      "G": 110,
                      "B": 110
                    },
                    "ShadowOffsetX": 2.0,
                    "ShadowOffsetY": -2.0,
                    "AnchorPoint": {
                      "ScaleY": 0.5
                    },
                    "Position": {
                      "X": 126.2264,
                      "Y": 345.1025
                    },
                    "Scale": {
                      "ScaleX": 1.0,
                      "ScaleY": 1.0
                    },
                    "CColor": {
                      "R": 116,
                      "G": 132,
                      "B": 226
                    },
                    "IconVisible": false,
                    "PrePosition": {
                      "X": 0.1403,
                      "Y": 0.6163
                    },
                    "PreSize": {
                      "X": 0.1456,
                      "Y": 0.0643
                    },
                    "LeftMargin": 126.2264,
                    "RightMargin": 642.7736,
                    "TopMargin": 196.8975,
                    "BottomMargin": 327.1025,
                    "Tag": 1101,
                    "ActionTag": 428086506,
                    "Size": {
                      "X": 131.0,
                      "Y": 36.0
                    },
                    "Name": "paixing",
                    "ctype": "TextObjectData"
                  },
                  {
                    "FontSize": 32,
                    "LabelText": "底      分",
                    "FontResource": {
                      "Type": "Normal",
                      "Path": "image/fonts/FZZY.TTF",
                      "Plist": ""
                    },
                    "OutlineColor": {
                      "R": 161,
                      "G": 81,
                      "B": 19
                    },
                    "ShadowColor": {
                      "R": 110,
                      "G": 110,
                      "B": 110
                    },
                    "ShadowOffsetX": 2.0,
                    "ShadowOffsetY": -2.0,
                    "AnchorPoint": {
                      "ScaleY": 0.5
                    },
                    "Position": {
                      "X": 126.2265,
                      "Y": 271.5898
                    },
                    "Scale": {
                      "ScaleX": 1.0,
                      "ScaleY": 1.0
                    },
                    "CColor": {
                      "R": 116,
                      "G": 132,
                      "B": 226
                    },
                    "IconVisible": false,
                    "PrePosition": {
                      "X": 0.1403,
                      "Y": 0.485
                    },
                    "PreSize": {
                      "X": 0.1278,
                      "Y": 0.0643
                    },
                    "LeftMargin": 126.2265,
                    "RightMargin": 658.7735,
                    "TopMargin": 270.4102,
                    "BottomMargin": 253.5898,
                    "Tag": 1102,
                    "ActionTag": 163086636,
                    "Size": {
                      "X": 115.0,
                      "Y": 36.0
                    },
                    "Name": "difen",
                    "ctype": "TextObjectData"
                  },
                  {
                    "FontSize": 28,
                    "LabelText": "通比牛牛通比牛牛通比牛牛通比牛牛",
                    "FontResource": {
                      "Type": "Normal",
                      "Path": "image/fonts/FZZY.TTF",
                      "Plist": ""
                    },
                    "VerticalAlignmentType": "VT_Center",
                    "OutlineColor": {
                      "G": 0,
                      "B": 0
                    },
                    "ShadowColor": {
                      "R": 110,
                      "G": 110,
                      "B": 110
                    },
                    "ShadowOffsetX": 2.0,
                    "ShadowOffsetY": -2.0,
                    "AnchorPoint": {
                      "ScaleY": 0.5
                    },
                    "Position": {
                      "X": 275.0687,
                      "Y": 498.6442
                    },
                    "Scale": {
                      "ScaleX": 1.0,
                      "ScaleY": 1.0
                    },
                    "CColor": {
                      "R": 197,
                      "G": 213
                    },
                    "IconVisible": false,
                    "PrePosition": {
                      "X": 0.3056,
                      "Y": 0.8904
                    },
                    "PreSize": {
                      "X": 0.5,
                      "Y": 0.0571
                    },
                    "LeftMargin": 275.0687,
                    "RightMargin": 174.9313,
                    "TopMargin": 45.3558,
                    "BottomMargin": 482.6442,
                    "Tag": 1103,
                    "ActionTag": 138000546,
                    "Size": {
                      "X": 450.0,
                      "Y": 32.0
                    },
                    "Name": "fufei_value",
                    "ctype": "TextObjectData"
                  },
                  {
                    "FontSize": 28,
                    "LabelText": "99999999分",
                    "FontResource": {
                      "Type": "Normal",
                      "Path": "image/fonts/FZZY.TTF",
                      "Plist": ""
                    },
                    "VerticalAlignmentType": "VT_Center",
                    "OutlineColor": {
                      "G": 0,
                      "B": 0
                    },
                    "ShadowColor": {
                      "R": 110,
                      "G": 110,
                      "B": 110
                    },
                    "ShadowOffsetX": 2.0,
                    "ShadowOffsetY": -2.0,
                    "AnchorPoint": {
                      "ScaleY": 0.5
                    },
                    "Position": {
                      "X": 275.0687,
                      "Y": 447.1311
                    },
                    "Scale": {
                      "ScaleX": 1.0,
                      "ScaleY": 1.0
                    },
                    "CColor": {
                      "R": 197,
                      "G": 213
                    },
                    "IconVisible": false,
                    "PrePosition": {
                      "X": 0.3056,
                      "Y": 0.7984
                    },
                    "PreSize": {
                      "X": 0.1678,
                      "Y": 0.0571
                    },
                    "LeftMargin": 275.0687,
                    "RightMargin": 473.9313,
                    "TopMargin": 96.8689,
                    "BottomMargin": 431.1311,
                    "Tag": 1104,
                    "ActionTag": -1056015995,
                    "Size": {
                      "X": 151.0,
                      "Y": 32.0
                    },
                    "Name": "jushu_value",
                    "ctype": "TextObjectData"
                  },
                  {
                    "IsCustomSize": true,
                    "FontSize": 28,
                    "LabelText": "牛牛x4 牛九x3 牛八x2 牛七x2",
                    "FontResource": {
                      "Type": "Normal",
                      "Path": "image/fonts/FZZY.TTF",
                      "Plist": ""
                    },
                    "VerticalAlignmentType": "VT_Center",
                    "OutlineColor": {
                      "G": 0,
                      "B": 0
                    },
                    "ShadowColor": {
                      "R": 110,
                      "G": 110,
                      "B": 110
                    },
                    "ShadowOffsetX": 2.0,
                    "ShadowOffsetY": -2.0,
                    "AnchorPoint": {
                      "ScaleY": 0.5
                    },
                    "Position": {
                      "X": 275.0687,
                      "Y": 398.5271
                    },
                    "Scale": {
                      "ScaleX": 1.0,
                      "ScaleY": 1.0
                    },
                    "CColor": {
                      "R": 197,
                      "G": 213
                    },
                    "IconVisible": false,
                    "PrePosition": {
                      "X": 0.3056,
                      "Y": 0.7117
                    },
                    "PreSize": {
                      "X": 0.5556,
                      "Y": 0.0875
                    },
                    "LeftMargin": 275.0687,
                    "RightMargin": 124.9313,
                    "TopMargin": 136.9729,
                    "BottomMargin": 374.0271,
                    "Tag": 1105,
                    "ActionTag": -1798563529,
                    "Size": {
                      "X": 500.0,
                      "Y": 49.0
                    },
                    "Name": "zhuangjia_value",
                    "ctype": "TextObjectData"
                  },
                  {
                    "FontSize": 28,
                    "LabelText": "房主支付 闲家推注房主支付 闲家推注闲家推注\n房主支付 闲家推注房主支付 闲家推注闲家推注",
                    "FontResource": {
                      "Type": "Normal",
                      "Path": "image/fonts/FZZY.TTF",
                      "Plist": ""
                    },
                    "OutlineColor": {
                      "G": 0,
                      "B": 0
                    },
                    "ShadowColor": {
                      "R": 110,
                      "G": 110,
                      "B": 110
                    },
                    "ShadowOffsetX": 2.0,
                    "ShadowOffsetY": -2.0,
                    "AnchorPoint": {
                      "ScaleY": 0.5
                    },
                    "Position": {
                      "X": 275.0687,
                      "Y": 325.7175
                    },
                    "Scale": {
                      "ScaleX": 1.0,
                      "ScaleY": 1.0
                    },
                    "CColor": {
                      "R": 197,
                      "G": 213
                    },
                    "IconVisible": false,
                    "PrePosition": {
                      "X": 0.3056,
                      "Y": 0.5816
                    },
                    "PreSize": {
                      "X": 0.6411,
                      "Y": 0.1143
                    },
                    "LeftMargin": 275.0687,
                    "RightMargin": 47.9313,
                    "TopMargin": 202.2825,
                    "BottomMargin": 293.7175,
                    "Tag": 1106,
                    "ActionTag": 449702683,
                    "Size": {
                      "X": 577.0,
                      "Y": 64.0
                    },
                    "Name": "paixing_value",
                    "ctype": "TextObjectData"
                  },
                  {
                    "FontSize": 28,
                    "LabelText": "房主支付 闲家推注房主支付 闲家推注闲家推注",
                    "FontResource": {
                      "Type": "Normal",
                      "Path": "image/fonts/FZZY.TTF",
                      "Plist": ""
                    },
                    "OutlineColor": {
                      "G": 0,
                      "B": 0
                    },
                    "ShadowColor": {
                      "R": 110,
                      "G": 110,
                      "B": 110
                    },
                    "ShadowOffsetX": 2.0,
                    "ShadowOffsetY": -2.0,
                    "AnchorPoint": {
                      "ScaleY": 0.5
                    },
                    "Position": {
                      "X": 275.0687,
                      "Y": 269.4097
                    },
                    "Scale": {
                      "ScaleX": 1.0,
                      "ScaleY": 1.0
                    },
                    "CColor": {
                      "R": 197,
                      "G": 213
                    },
                    "IconVisible": false,
                    "PrePosition": {
                      "X": 0.3056,
                      "Y": 0.4811
                    },
                    "PreSize": {
                      "X": 0.6411,
                      "Y": 0.0571
                    },
                    "LeftMargin": 275.0687,
                    "RightMargin": 47.9313,
                    "TopMargin": 274.5903,
                    "BottomMargin": 253.4097,
                    "Tag": 1162,
                    "ActionTag": 509101837,
                    "Size": {
                      "X": 577.0,
                      "Y": 32.0
                    },
                    "Name": "difen_value",
                    "ctype": "TextObjectData"
                  },
                  {
                    "FileData": {
                      "Type": "Normal",
                      "Path": "image/ui/niuniu/bg/langhua.png",
                      "Plist": ""
                    },
                    "BlendFunc": {
                      "Src": 1,
                      "Dst": 771
                    },
                    "AnchorPoint": {
                      "ScaleX": 0.5,
                      "ScaleY": 0.5
                    },
                    "Position": {
                      "X": 86.5943,
                      "Y": 223.6756
                    },
                    "Scale": {
                      "ScaleX": 1.0,
                      "ScaleY": 1.0
                    },
                    "CColor": {},
                    "IconVisible": false,
                    "PrePosition": {
                      "X": 0.0962,
                      "Y": 0.3994
                    },
                    "PreSize": {
                      "X": 0.0644,
                      "Y": 0.0482
                    },
                    "LeftMargin": 57.5943,
                    "RightMargin": 784.4057,
                    "TopMargin": 322.8244,
                    "BottomMargin": 210.1756,
                    "Tag": 1239,
                    "ActionTag": 2101653315,
                    "Size": {
                      "X": 58.0,
                      "Y": 27.0
                    },
                    "Name": "langhua_214",
                    "ctype": "SpriteObjectData"
                  },
                  {
                    "FileData": {
                      "Type": "Normal",
                      "Path": "image/ui/niuniu/bg/langhua.png",
                      "Plist": ""
                    },
                    "BlendFunc": {
                      "Src": 1,
                      "Dst": 771
                    },
                    "AnchorPoint": {
                      "ScaleX": 0.5,
                      "ScaleY": 0.5
                    },
                    "Position": {
                      "X": 86.5943,
                      "Y": 272.5086
                    },
                    "Scale": {
                      "ScaleX": 1.0,
                      "ScaleY": 1.0
                    },
                    "CColor": {},
                    "IconVisible": false,
                    "PrePosition": {
                      "X": 0.0962,
                      "Y": 0.4866
                    },
                    "PreSize": {
                      "X": 0.0644,
                      "Y": 0.0482
                    },
                    "LeftMargin": 57.5943,
                    "RightMargin": 784.4057,
                    "TopMargin": 273.9914,
                    "BottomMargin": 259.0086,
                    "Tag": 1240,
                    "ActionTag": -764455849,
                    "Size": {
                      "X": 58.0,
                      "Y": 27.0
                    },
                    "Name": "langhua_214_0",
                    "ctype": "SpriteObjectData"
                  },
                  {
                    "FileData": {
                      "Type": "Normal",
                      "Path": "image/ui/niuniu/bg/langhua.png",
                      "Plist": ""
                    },
                    "BlendFunc": {
                      "Src": 1,
                      "Dst": 771
                    },
                    "AnchorPoint": {
                      "ScaleX": 0.5,
                      "ScaleY": 0.5
                    },
                    "Position": {
                      "X": 86.5943,
                      "Y": 396.115
                    },
                    "Scale": {
                      "ScaleX": 1.0,
                      "ScaleY": 1.0
                    },
                    "CColor": {},
                    "IconVisible": false,
                    "PrePosition": {
                      "X": 0.0962,
                      "Y": 0.7073
                    },
                    "PreSize": {
                      "X": 0.0644,
                      "Y": 0.0482
                    },
                    "LeftMargin": 57.5943,
                    "RightMargin": 784.4057,
                    "TopMargin": 150.385,
                    "BottomMargin": 382.615,
                    "Tag": 1241,
                    "ActionTag": 253872285,
                    "Size": {
                      "X": 58.0,
                      "Y": 27.0
                    },
                    "Name": "langhua_214_1",
                    "ctype": "SpriteObjectData"
                  },
                  {
                    "FileData": {
                      "Type": "Normal",
                      "Path": "image/ui/niuniu/bg/langhua.png",
                      "Plist": ""
                    },
                    "BlendFunc": {
                      "Src": 1,
                      "Dst": 771
                    },
                    "AnchorPoint": {
                      "ScaleX": 0.5,
                      "ScaleY": 0.5
                    },
                    "Position": {
                      "X": 86.5943,
                      "Y": 447.3794
                    },
                    "Scale": {
                      "ScaleX": 1.0,
                      "ScaleY": 1.0
                    },
                    "CColor": {},
                    "IconVisible": false,
                    "PrePosition": {
                      "X": 0.0962,
                      "Y": 0.7989
                    },
                    "PreSize": {
                      "X": 0.0644,
                      "Y": 0.0482
                    },
                    "LeftMargin": 57.5943,
                    "RightMargin": 784.4057,
                    "TopMargin": 99.1206,
                    "BottomMargin": 433.8794,
                    "Tag": 1242,
                    "ActionTag": 189049770,
                    "Size": {
                      "X": 58.0,
                      "Y": 27.0
                    },
                    "Name": "langhua_214_2",
                    "ctype": "SpriteObjectData"
                  },
                  {
                    "FileData": {
                      "Type": "Normal",
                      "Path": "image/ui/niuniu/bg/langhua.png",
                      "Plist": ""
                    },
                    "BlendFunc": {
                      "Src": 1,
                      "Dst": 771
                    },
                    "AnchorPoint": {
                      "ScaleX": 0.5,
                      "ScaleY": 0.5
                    },
                    "Position": {
                      "X": 86.5943,
                      "Y": 498.6436
                    },
                    "Scale": {
                      "ScaleX": 1.0,
                      "ScaleY": 1.0
                    },
                    "CColor": {},
                    "IconVisible": false,
                    "PrePosition": {
                      "X": 0.0962,
                      "Y": 0.8904
                    },
                    "PreSize": {
                      "X": 0.0644,
                      "Y": 0.0482
                    },
                    "LeftMargin": 57.5943,
                    "RightMargin": 784.4057,
                    "TopMargin": 47.8564,
                    "BottomMargin": 485.1436,
                    "Tag": 1243,
                    "ActionTag": 76346202,
                    "Size": {
                      "X": 58.0,
                      "Y": 27.0
                    },
                    "Name": "langhua_214_3",
                    "ctype": "SpriteObjectData"
                  },
                  {
                    "FontSize": 32,
                    "LabelText": "高级选项",
                    "FontResource": {
                      "Type": "Normal",
                      "Path": "image/fonts/FZZY.TTF",
                      "Plist": ""
                    },
                    "OutlineColor": {
                      "R": 161,
                      "G": 81,
                      "B": 19
                    },
                    "ShadowColor": {
                      "R": 110,
                      "G": 110,
                      "B": 110
                    },
                    "ShadowOffsetX": 2.0,
                    "ShadowOffsetY": -2.0,
                    "AnchorPoint": {
                      "ScaleY": 0.5
                    },
                    "Position": {
                      "X": 126.2265,
                      "Y": 222.9865
                    },
                    "Scale": {
                      "ScaleX": 1.0,
                      "ScaleY": 1.0
                    },
                    "CColor": {
                      "R": 116,
                      "G": 132,
                      "B": 226
                    },
                    "IconVisible": false,
                    "PrePosition": {
                      "X": 0.1403,
                      "Y": 0.3982
                    },
                    "PreSize": {
                      "X": 0.1444,
                      "Y": 0.0643
                    },
                    "LeftMargin": 126.2265,
                    "RightMargin": 643.7735,
                    "TopMargin": 319.0135,
                    "BottomMargin": 204.9865,
                    "Tag": 290,
                    "ActionTag": -19218777,
                    "Size": {
                      "X": 130.0,
                      "Y": 36.0
                    },
                    "Name": "xuanxiang",
                    "ctype": "TextObjectData"
                  },
                  {
                    "FontSize": 32,
                    "LabelText": "最大抢庄",
                    "FontResource": {
                      "Type": "Normal",
                      "Path": "image/fonts/FZZY.TTF",
                      "Plist": ""
                    },
                    "OutlineColor": {
                      "R": 161,
                      "G": 81,
                      "B": 19
                    },
                    "ShadowColor": {
                      "R": 110,
                      "G": 110,
                      "B": 110
                    },
                    "ShadowOffsetX": 2.0,
                    "ShadowOffsetY": -2.0,
                    "AnchorPoint": {
                      "ScaleY": 1.0
                    },
                    "Position": {
                      "X": 126.2265,
                      "Y": 192.3831
                    },
                    "Scale": {
                      "ScaleX": 1.0,
                      "ScaleY": 1.0
                    },
                    "CColor": {
                      "R": 116,
                      "G": 132,
                      "B": 226
                    },
                    "IconVisible": false,
                    "PrePosition": {
                      "X": 0.1403,
                      "Y": 0.3435
                    },
                    "PreSize": {
                      "X": 0.1444,
                      "Y": 0.0643
                    },
                    "LeftMargin": 126.2265,
                    "RightMargin": 643.7735,
                    "TopMargin": 367.6169,
                    "BottomMargin": 156.3831,
                    "Tag": 291,
                    "ActionTag": 1522023412,
                    "Size": {
                      "X": 130.0,
                      "Y": 36.0
                    },
                    "Name": "qiangzhuang",
                    "ctype": "TextObjectData"
                  },
                  {
                    "FileData": {
                      "Type": "Normal",
                      "Path": "image/ui/niuniu/bg/langhua.png",
                      "Plist": ""
                    },
                    "BlendFunc": {
                      "Src": 1,
                      "Dst": 771
                    },
                    "AnchorPoint": {
                      "ScaleX": 0.5,
                      "ScaleY": 0.5
                    },
                    "Position": {
                      "X": 86.5943,
                      "Y": 344.8506
                    },
                    "Scale": {
                      "ScaleX": 1.0,
                      "ScaleY": 1.0
                    },
                    "CColor": {},
                    "IconVisible": false,
                    "PrePosition": {
                      "X": 0.0962,
                      "Y": 0.6158
                    },
                    "PreSize": {
                      "X": 0.0644,
                      "Y": 0.0482
                    },
                    "LeftMargin": 57.5943,
                    "RightMargin": 784.4057,
                    "TopMargin": 201.6494,
                    "BottomMargin": 331.3506,
                    "Tag": 292,
                    "ActionTag": -1654941313,
                    "Size": {
                      "X": 58.0,
                      "Y": 27.0
                    },
                    "Name": "langhua_214_0_0",
                    "ctype": "SpriteObjectData"
                  },
                  {
                    "FileData": {
                      "Type": "Normal",
                      "Path": "image/ui/niuniu/bg/langhua.png",
                      "Plist": ""
                    },
                    "BlendFunc": {
                      "Src": 1,
                      "Dst": 771
                    },
                    "AnchorPoint": {
                      "ScaleX": 0.5,
                      "ScaleY": 0.5
                    },
                    "Position": {
                      "X": 86.5943,
                      "Y": 174.8426
                    },
                    "Scale": {
                      "ScaleX": 1.0,
                      "ScaleY": 1.0
                    },
                    "CColor": {},
                    "IconVisible": false,
                    "PrePosition": {
                      "X": 0.0962,
                      "Y": 0.3122
                    },
                    "PreSize": {
                      "X": 0.0644,
                      "Y": 0.0482
                    },
                    "LeftMargin": 57.5943,
                    "RightMargin": 784.4057,
                    "TopMargin": 371.6574,
                    "BottomMargin": 161.3426,
                    "Tag": 293,
                    "ActionTag": 1998332986,
                    "Size": {
                      "X": 58.0,
                      "Y": 27.0
                    },
                    "Name": "langhua_214_0_1",
                    "ctype": "SpriteObjectData"
                  },
                  {
                    "FontSize": 28,
                    "LabelText": "房主支付 闲家推注房主支付 闲家推注闲家推注",
                    "FontResource": {
                      "Type": "Normal",
                      "Path": "image/fonts/FZZY.TTF",
                      "Plist": ""
                    },
                    "OutlineColor": {
                      "G": 0,
                      "B": 0
                    },
                    "ShadowColor": {
                      "R": 110,
                      "G": 110,
                      "B": 110
                    },
                    "ShadowOffsetX": 2.0,
                    "ShadowOffsetY": -2.0,
                    "AnchorPoint": {
                      "ScaleY": 0.5
                    },
                    "Position": {
                      "X": 275.0687,
                      "Y": 224.1019
                    },
                    "Scale": {
                      "ScaleX": 1.0,
                      "ScaleY": 1.0
                    },
                    "CColor": {
                      "R": 197,
                      "G": 213
                    },
                    "IconVisible": false,
                    "PrePosition": {
                      "X": 0.3056,
                      "Y": 0.4002
                    },
                    "PreSize": {
                      "X": 0.6411,
                      "Y": 0.0571
                    },
                    "LeftMargin": 275.0687,
                    "RightMargin": 47.9313,
                    "TopMargin": 319.8981,
                    "BottomMargin": 208.1019,
                    "Tag": 295,
                    "ActionTag": 736264260,
                    "Size": {
                      "X": 577.0,
                      "Y": 32.0
                    },
                    "Name": "xuanxiang_value",
                    "ctype": "TextObjectData"
                  },
                  {
                    "FontSize": 28,
                    "LabelText": "房主支付 闲家推注房主支付 闲家推注闲家推注",
                    "FontResource": {
                      "Type": "Normal",
                      "Path": "image/fonts/FZZY.TTF",
                      "Plist": ""
                    },
                    "VerticalAlignmentType": "VT_Center",
                    "OutlineColor": {
                      "G": 0,
                      "B": 0
                    },
                    "ShadowColor": {
                      "R": 110,
                      "G": 110,
                      "B": 110
                    },
                    "ShadowOffsetX": 2.0,
                    "ShadowOffsetY": -2.0,
                    "AnchorPoint": {
                      "ScaleY": 0.5
                    },
                    "Position": {
                      "X": 275.0687,
                      "Y": 171.7933
                    },
                    "Scale": {
                      "ScaleX": 1.0,
                      "ScaleY": 1.0
                    },
                    "CColor": {
                      "R": 197,
                      "G": 213
                    },
                    "IconVisible": false,
                    "PrePosition": {
                      "X": 0.3056,
                      "Y": 0.3068
                    },
                    "PreSize": {
                      "X": 0.6411,
                      "Y": 0.0571
                    },
                    "LeftMargin": 275.0687,
                    "RightMargin": 47.9313,
                    "TopMargin": 372.2067,
                    "BottomMargin": 155.7933,
                    "Tag": 296,
                    "ActionTag": -1404171071,
                    "Size": {
                      "X": 577.0,
                      "Y": 32.0
                    },
                    "Name": "wanfa_value",
                    "ctype": "TextObjectData"
                  },
                  {
                    "FontSize": 32,
                    "LabelText": "推注选项",
                    "FontResource": {
                      "Type": "Normal",
                      "Path": "image/fonts/FZZY.TTF",
                      "Plist": ""
                    },
                    "OutlineColor": {
                      "R": 161,
                      "G": 81,
                      "B": 19
                    },
                    "ShadowColor": {
                      "R": 110,
                      "G": 110,
                      "B": 110
                    },
                    "ShadowOffsetX": 2.0,
                    "ShadowOffsetY": -2.0,
                    "AnchorPoint": {
                      "ScaleY": 1.0
                    },
                    "Position": {
                      "X": 126.2265,
                      "Y": 143.7798
                    },
                    "Scale": {
                      "ScaleX": 1.0,
                      "ScaleY": 1.0
                    },
                    "CColor": {
                      "R": 116,
                      "G": 132,
                      "B": 226
                    },
                    "IconVisible": false,
                    "PrePosition": {
                      "X": 0.1403,
                      "Y": 0.2567
                    },
                    "PreSize": {
                      "X": 0.1444,
                      "Y": 0.0643
                    },
                    "LeftMargin": 126.2265,
                    "RightMargin": 643.7735,
                    "TopMargin": 416.2202,
                    "BottomMargin": 107.7798,
                    "Tag": 568,
                    "ActionTag": -119232299,
                    "Size": {
                      "X": 130.0,
                      "Y": 36.0
                    },
                    "Name": "qiangzhuang_0",
                    "ctype": "TextObjectData"
                  },
                  {
                    "FileData": {
                      "Type": "Normal",
                      "Path": "image/ui/niuniu/bg/langhua.png",
                      "Plist": ""
                    },
                    "BlendFunc": {
                      "Src": 1,
                      "Dst": 771
                    },
                    "AnchorPoint": {
                      "ScaleX": 0.5,
                      "ScaleY": 0.5
                    },
                    "Position": {
                      "X": 86.5943,
                      "Y": 126.0095
                    },
                    "Scale": {
                      "ScaleX": 1.0,
                      "ScaleY": 1.0
                    },
                    "CColor": {},
                    "IconVisible": false,
                    "PrePosition": {
                      "X": 0.0962,
                      "Y": 0.225
                    },
                    "PreSize": {
                      "X": 0.0644,
                      "Y": 0.0482
                    },
                    "LeftMargin": 57.5943,
                    "RightMargin": 784.4057,
                    "TopMargin": 420.4905,
                    "BottomMargin": 112.5095,
                    "Tag": 569,
                    "ActionTag": -1238344573,
                    "Size": {
                      "X": 58.0,
                      "Y": 27.0
                    },
                    "Name": "langhua_214_0_1_0",
                    "ctype": "SpriteObjectData"
                  },
                  {
                    "FontSize": 32,
                    "LabelText": "其    他",
                    "FontResource": {
                      "Type": "Normal",
                      "Path": "image/fonts/FZZY.TTF",
                      "Plist": ""
                    },
                    "OutlineColor": {
                      "R": 161,
                      "G": 81,
                      "B": 19
                    },
                    "ShadowColor": {
                      "R": 110,
                      "G": 110,
                      "B": 110
                    },
                    "ShadowOffsetX": 2.0,
                    "ShadowOffsetY": -2.0,
                    "AnchorPoint": {
                      "ScaleY": 1.0
                    },
                    "Position": {
                      "X": 126.2269,
                      "Y": 95.1765
                    },
                    "Scale": {
                      "ScaleX": 1.0,
                      "ScaleY": 1.0
                    },
                    "CColor": {
                      "R": 116,
                      "G": 132,
                      "B": 226
                    },
                    "IconVisible": false,
                    "PrePosition": {
                      "X": 0.1403,
                      "Y": 0.17
                    },
                    "PreSize": {
                      "X": 0.11,
                      "Y": 0.0643
                    },
                    "LeftMargin": 126.2269,
                    "RightMargin": 674.7731,
                    "TopMargin": 464.8235,
                    "BottomMargin": 59.1765,
                    "Tag": 570,
                    "ActionTag": -602502887,
                    "Size": {
                      "X": 99.0,
                      "Y": 36.0
                    },
                    "Name": "qiangzhuang_0_0",
                    "ctype": "TextObjectData"
                  },
                  {
                    "FileData": {
                      "Type": "Normal",
                      "Path": "image/ui/niuniu/bg/langhua.png",
                      "Plist": ""
                    },
                    "BlendFunc": {
                      "Src": 1,
                      "Dst": 771
                    },
                    "AnchorPoint": {
                      "ScaleX": 0.5,
                      "ScaleY": 0.5
                    },
                    "Position": {
                      "X": 86.5943,
                      "Y": 77.1765
                    },
                    "Scale": {
                      "ScaleX": 1.0,
                      "ScaleY": 1.0
                    },
                    "CColor": {},
                    "IconVisible": false,
                    "PrePosition": {
                      "X": 0.0962,
                      "Y": 0.1378
                    },
                    "PreSize": {
                      "X": 0.0644,
                      "Y": 0.0482
                    },
                    "LeftMargin": 57.5943,
                    "RightMargin": 784.4057,
                    "TopMargin": 469.3235,
                    "BottomMargin": 63.6765,
                    "Tag": 571,
                    "ActionTag": 1320824570,
                    "Size": {
                      "X": 58.0,
                      "Y": 27.0
                    },
                    "Name": "langhua_214_0_1_0_0",
                    "ctype": "SpriteObjectData"
                  },
                  {
                    "FontSize": 28,
                    "LabelText": "房主支付 闲家推注房主支付 闲家推注闲家推注",
                    "FontResource": {
                      "Type": "Normal",
                      "Path": "image/fonts/FZZY.TTF",
                      "Plist": ""
                    },
                    "VerticalAlignmentType": "VT_Center",
                    "OutlineColor": {
                      "G": 0,
                      "B": 0
                    },
                    "ShadowColor": {
                      "R": 110,
                      "G": 110,
                      "B": 110
                    },
                    "ShadowOffsetX": 2.0,
                    "ShadowOffsetY": -2.0,
                    "AnchorPoint": {
                      "ScaleY": 0.5
                    },
                    "Position": {
                      "X": 275.0687,
                      "Y": 120.4849
                    },
                    "Scale": {
                      "ScaleX": 1.0,
                      "ScaleY": 1.0
                    },
                    "CColor": {
                      "R": 197,
                      "G": 213
                    },
                    "IconVisible": false,
                    "PrePosition": {
                      "X": 0.3056,
                      "Y": 0.2152
                    },
                    "PreSize": {
                      "X": 0.6411,
                      "Y": 0.0571
                    },
                    "LeftMargin": 275.0687,
                    "RightMargin": 47.9313,
                    "TopMargin": 423.5151,
                    "BottomMargin": 104.4849,
                    "Tag": 572,
                    "ActionTag": 542241914,
                    "Size": {
                      "X": 577.0,
                      "Y": 32.0
                    },
                    "Name": "tuizhu_value",
                    "ctype": "TextObjectData"
                  },
                  {
                    "FontSize": 28,
                    "LabelText": "房主支付 闲家推注房主支付 闲家推注闲家推注",
                    "FontResource": {
                      "Type": "Normal",
                      "Path": "image/fonts/FZZY.TTF",
                      "Plist": ""
                    },
                    "VerticalAlignmentType": "VT_Center",
                    "OutlineColor": {
                      "G": 0,
                      "B": 0
                    },
                    "ShadowColor": {
                      "R": 110,
                      "G": 110,
                      "B": 110
                    },
                    "ShadowOffsetX": 2.0,
                    "ShadowOffsetY": -2.0,
                    "AnchorPoint": {
                      "ScaleY": 0.5
                    },
                    "Position": {
                      "X": 275.0687,
                      "Y": 73.1764
                    },
                    "Scale": {
                      "ScaleX": 1.0,
                      "ScaleY": 1.0
                    },
                    "CColor": {
                      "R": 197,
                      "G": 213
                    },
                    "IconVisible": false,
                    "PrePosition": {
                      "X": 0.3056,
                      "Y": 0.1307
                    },
                    "PreSize": {
                      "X": 0.6411,
                      "Y": 0.0571
                    },
                    "LeftMargin": 275.0687,
                    "RightMargin": 47.9313,
                    "TopMargin": 470.8236,
                    "BottomMargin": 57.1764,
                    "Tag": 573,
                    "ActionTag": -1891060676,
                    "Size": {
                      "X": 577.0,
                      "Y": 32.0
                    },
                    "Name": "qita_value",
                    "ctype": "TextObjectData"
                  }
                ],
                "ActionTag": 395604154,
                "Size": {
                  "X": 900.0,
                  "Y": 560.0
                },
                "Name": "panel",
                "ctype": "ImageViewObjectData"
              },
              {
                "FileData": {
                  "Type": "Normal",
                  "Path": "image/ui/niuniu/button/btClose.png",
                  "Plist": ""
                },
                "BlendFunc": {
                  "Src": 1,
                  "Dst": 771
                },
                "AnchorPoint": {
                  "ScaleX": 0.5,
                  "ScaleY": 0.5
                },
                "Position": {
                  "X": 1079.257,
                  "Y": 622.1198
                },
                "Scale": {
                  "ScaleX": 1.0,
                  "ScaleY": 1.0
                },
                "CColor": {},
                "IconVisible": false,
                "PrePosition": {
                  "X": 0.8432,
                  "Y": 0.8641
                },
                "PreSize": {
                  "X": 0.0656,
                  "Y": 0.1125
                },
                "LeftMargin": 1037.257,
                "RightMargin": 158.743,
                "TopMargin": 57.3802,
                "BottomMargin": 581.6198,
                "Tag": 1096,
                "ActionTag": -912059795,
                "Size": {
                  "X": 84.0,
                  "Y": 81.0
                },
                "Name": "btClose",
                "ctype": "SpriteObjectData"
              }
            ],
            "ActionTag": 1532292151,
            "Size": {
              "X": 1280.0,
              "Y": 720.0
            },
            "Name": "root",
            "ctype": "PanelObjectData"
          }
        ],
        "Size": {
          "X": 1280.0,
          "Y": 720.0
        },
        "Name": "Scene",
        "ctype": "SingleNodeObjectData"
      },
      "UsedResources": [
        "../../image/fonts/FZZY.TTF",
        "../../image/ui/niuniu/bg/langhua.png",
        "../../image/ui/niuniu/button/btClose.png",
        "../../image/ui/room/player_info_bg.png",
        "../../image/ui/transparent/transparent_1280x720.png"
      ],
      "ctype": "GameFileData"
    }
  },
  "Type": "Scene"
}