{"skeleton":{"hash":"dWjTnwW6eu9gNtnSVbAvE1AS19E","spine":"3.6.36","width":0,"height":0,"images":"./images/"},"bones":[{"name":"root"},{"name":"z","parent":"root"},{"name":"gong","parent":"z"},{"name":"gon","parent":"gong","x":-0.18,"y":13.93},{"name":"bone","parent":"gon","length":22.66,"rotation":-4.87,"x":20.47,"y":4.56},{"name":"bone2","parent":"bone","length":22.44,"rotation":-27.46,"x":22.81,"y":0.12},{"name":"bone3","parent":"bone2","length":20.33,"rotation":-27.17,"x":22.44},{"name":"bone4","parent":"bone3","length":13.1,"rotation":51.07,"x":20.33},{"name":"bone5","parent":"gon","length":24.56,"rotation":-175.91,"x":-22.76,"y":3.86},{"name":"bone6","parent":"bone5","length":21.5,"rotation":29.07,"x":24.59,"y":0.09},{"name":"bone7","parent":"bone6","length":20.21,"rotation":26.93,"x":21.5},{"name":"bone8","parent":"bone7","length":13.25,"rotation":-54.89,"x":20.21},{"name":"jian","parent":"z","x":0.16,"y":63.87},{"name":"fire","parent":"jian","x":-0.16,"y":-21.54,"scaleY":1.5},{"name":"jian2","parent":"z","x":0.16,"y":63.87},{"name":"fire2","parent":"jian2","x":-0.16,"y":-21.54,"scaleY":1.5},{"name":"jian3","parent":"z","x":0.16,"y":63.87},{"name":"fire3","parent":"jian3","x":-0.16,"y":-21.54,"scaleY":1.5},{"name":"gongjianhuo","parent":"gong","rotation":-90,"x":-2.28,"y":-13.66},{"name":"gongxian","parent":"gon","x":0.24,"y":-30.05},{"name":"jian_zong","parent":"z","scaleX":0,"scaleY":0},{"name":"quan3","parent":"z","y":50.96,"scaleX":1.424,"scaleY":0.672},{"name":"quan4","parent":"z","y":103.96,"scaleX":0.931,"scaleY":0.439},{"name":"xian","parent":"jian","x":-0.64,"y":6.76},{"name":"xian2","parent":"jian2","x":-0.64,"y":6.76},{"name":"xian3","parent":"jian3","x":-0.64,"y":6.76},{"name":"xishou","parent":"jian","x":-0.16,"y":-63.87},{"name":"xishou2","parent":"jian","x":-0.16,"y":-63.87},{"name":"zhuomian_hancheng","parent":"root","x":116.81,"y":97.75}],"slots":[{"name":"zhuomian_hancheng","bone":"zhuomian_hancheng"},{"name":"gon","bone":"gon"},{"name":"jian_1_1","bone":"jian"},{"name":"jian_1_4","bone":"jian","color":"ffbcbcff","blend":"additive"},{"name":"jian_1_2","bone":"jian2"},{"name":"jian_1_5","bone":"jian2","color":"ffbcbcff","blend":"additive"},{"name":"jian_1_3","bone":"jian3"},{"name":"jian_1_6","bone":"jian3","color":"ffbcbcff","blend":"additive"},{"name":"gongxian","bone":"gongxian"},{"name":"jian_1 _2","bone":"jian"},{"name":"jian_1 _3","bone":"jian2"},{"name":"jian_1 _4","bone":"jian3"},{"name":"xian","bone":"xian"},{"name":"xian2","bone":"xian2"},{"name":"xian3","bone":"xian3"},{"name":"jian_2","bone":"jian"},{"name":"jian_5","bone":"jian","color":"ff7d7dff","blend":"additive"},{"name":"jian_3","bone":"jian2"},{"name":"jian_6","bone":"jian2","color":"ff7d7dff","blend":"additive"},{"name":"jian_4","bone":"jian3"},{"name":"jian_7","bone":"jian3","color":"ff7d7dff","blend":"additive"},{"name":"fire01","bone":"fire","color":"ff8e8eff","blend":"additive"},{"name":"fire2","bone":"fire3","color":"ff8e8eff","blend":"additive"},{"name":"fire1","bone":"fire2","color":"ff8e8eff","blend":"additive"},{"name":"gongjianhuo2_01","bone":"gongjianhuo","color":"ff8e8eff","blend":"additive"},{"name":"xishou01","bone":"xishou","color":"ffa6a6ff","blend":"additive"},{"name":"xishou1","bone":"xishou2","color":"ffa6a6ff","blend":"additive"},{"name":"quan","bone":"quan3","blend":"additive"},{"name":"quan2","bone":"quan4","blend":"additive"}],"skins":{"default":{"fire01":{"fire01":{"width":117,"height":112},"fire02":{"width":117,"height":112},"fire03":{"width":117,"height":112},"fire04":{"width":117,"height":112},"fire05":{"width":117,"height":112},"fire06":{"width":117,"height":112},"fire07":{"width":117,"height":112},"fire08":{"width":117,"height":112},"fire09":{"width":117,"height":112},"fire10":{"width":117,"height":112},"fire11":{"width":117,"height":112},"fire12":{"width":117,"height":112}},"fire1":{"fire01":{"width":117,"height":112},"fire02":{"width":117,"height":112},"fire03":{"width":117,"height":112},"fire04":{"width":117,"height":112},"fire05":{"width":117,"height":112},"fire06":{"width":117,"height":112},"fire07":{"width":117,"height":112},"fire08":{"width":117,"height":112},"fire09":{"width":117,"height":112},"fire10":{"width":117,"height":112},"fire11":{"width":117,"height":112},"fire12":{"width":117,"height":112}},"fire2":{"fire01":{"width":117,"height":112},"fire02":{"width":117,"height":112},"fire03":{"width":117,"height":112},"fire04":{"width":117,"height":112},"fire05":{"width":117,"height":112},"fire06":{"width":117,"height":112},"fire07":{"width":117,"height":112},"fire08":{"width":117,"height":112},"fire09":{"width":117,"height":112},"fire10":{"width":117,"height":112},"fire11":{"width":117,"height":112},"fire12":{"width":117,"height":112}},"gon":{"gon":{"type":"mesh","uvs":[0.83602,0.3273,0.88533,0.44878,1,0.72118,1,1,0.92519,1,0.07509,1,0,1,0,0.7578,0.1201,0.42232,0.17187,0.31176,0.38585,0,0.61802,0,0.38093,0.63063,0.6197,0.62466,0.61917,0.15747,0.61991,0.29251,0.61917,0.40994,0.61917,0.51953,0.38556,0.13658,0.38339,0.268,0.38231,0.39943,0.38247,0.52058,0.75992,0.23647,0.93895,0.64904,0.23198,0.25186,0.06489,0.66973,0.7383,0.41162,0.84479,0.59356,0.89427,0.80962,0.25102,0.43721,0.15206,0.59641,0.1015,0.81815,0.04234,0.88069,0.94806,0.87216,0.35075,0.11014,0.34618,0.3861,0.64037,0.11014,0.65181,0.39013,0.29608,0.18053,0.30543,0.40263,0.19976,0.506,0.08267,0.55674,0.12756,0.7099,0.03401,0.71576,0.07052,0.85913,0.69901,0.16034,0.6921,0.40681,0.79918,0.50114,0.8716,0.70331,0.92226,0.55117,0.96946,0.69419,0.92341,0.84937,0.34608,0.57185,0.30808,0.55599,0.26648,0.55599,0.22088,0.60145,0.18429,0.69243,0.15709,0.78863,0.12869,0.89329,0.11229,0.93557,0.08949,0.98314,0.6462,0.5768,0.68688,0.5543,0.72756,0.5543,0.77864,0.5943,0.81458,0.6718,0.84054,0.74808,0.85922,0.82419,0.87323,0.89928,0.88997,0.94145,0.91135,0.98072],"triangles":[12,68,58,12,58,57,57,56,12,12,21,13,21,17,13,68,12,13,68,13,67,62,67,13,62,13,61,56,55,12,55,52,12,12,52,21,13,17,61,61,17,62,52,53,21,39,20,21,39,35,20,21,16,17,21,20,16,46,17,16,16,20,15,15,20,19,16,15,37,14,15,19,14,19,18,20,35,19,14,18,11,18,10,11,35,24,19,24,9,10,15,14,45,19,38,18,11,0,22,14,11,36,18,34,10,68,59,58,68,5,60,68,60,59,5,6,60,6,32,60,6,7,32,60,32,59,32,44,59,59,44,58,44,31,58,32,7,44,44,7,31,7,43,31,31,43,42,42,43,25,43,7,41,25,43,41,7,8,41,31,42,57,57,42,56,56,42,30,42,25,30,56,30,55,25,41,30,30,41,40,41,8,40,58,31,57,54,55,40,55,30,40,40,29,54,40,8,29,29,8,9,55,54,53,29,53,54,52,55,53,39,53,29,39,29,9,35,39,24,39,9,24,24,38,19,18,38,34,38,24,10,34,38,10,39,21,53,3,70,33,33,2,3,4,5,70,70,5,69,3,4,70,70,69,33,33,68,51,33,69,68,51,67,28,51,68,67,33,51,2,51,28,2,28,50,2,28,48,50,48,23,50,49,2,50,50,23,49,2,49,1,69,5,68,66,67,64,64,65,66,67,66,28,66,48,28,66,65,48,23,48,27,48,65,27,27,49,23,27,47,49,47,1,49,65,64,27,27,64,47,64,63,47,47,26,1,26,0,1,0,26,22,64,67,62,64,62,63,47,63,26,26,63,46,63,62,46,46,16,37,22,26,46,22,46,15,46,37,15,15,45,22,14,36,45,11,22,45,45,36,11,62,17,46],"vertices":[4,4,39.78,7.66,0.26049,5,11.58,14.52,0.42227,6,-16.29,7.96,0.26887,7,-16.82,33.49,0.04837,4,4,49.59,-0.04,0.10376,5,23.84,12.21,0.36622,6,-4.33,11.51,0.43124,7,-6.55,26.42,0.09879,2,6,22.86,20.11,0.1099,7,17.23,10.67,0.8901,1,7,20.09,-8.64,1,2,6,32.66,-1.72,0.09663,7,6.4,-10.67,0.90337,2,10,32.08,1.45,0.11327,11,5.64,10.54,0.88673,1,11,19.47,9.29,1,2,10,24.31,-19.04,0.13564,11,17.94,-7.6,0.86436,4,8,48.93,-1.79,0.09863,9,20.36,-13.47,0.34153,10,-7.12,-11.5,0.4352,11,-6.32,-28.97,0.12465,4,8,38.82,-8.83,0.33581,9,8.11,-14.72,0.37066,10,-18.61,-7.05,0.23813,11,-16.55,-35.81,0.05541,1,3,-22.53,31.73,1,1,3,20.43,31.73,1,1,3,-23.44,-12.41,1,1,3,20.74,-12,1,1,3,20.64,20.71,1,1,3,20.78,11.26,1,1,3,20.64,3.04,1,1,3,20.64,-4.64,1,1,3,-22.58,22.17,1,1,3,-22.98,12.97,1,1,3,-23.18,3.77,1,1,3,-23.15,-4.71,1,3,4,25.21,12.8,0.43193,5,-3.72,12.37,0.44917,6,-28.91,-0.94,0.1189,3,5,39.72,5.68,0.1092,6,12.78,12.94,0.4479,7,5.32,14.01,0.4429,3,8,27.43,-12.22,0.47792,9,-3.5,-12.14,0.43357,10,-27.79,0.49,0.08852,3,9,38.38,-4.56,0.11992,10,12.98,-11.71,0.44375,11,5.42,-12.65,0.43634,3,4,22.27,0.25,0.46549,5,-0.54,-0.13,0.38576,6,-20.38,-10.61,0.14874,4,4,42.98,-10.77,0.11445,5,22.92,-0.36,0.36803,6,0.59,-0.1,0.40947,7,-12.48,15.29,0.10804,3,5,38.74,-8.24,0.1471,6,18.27,0.11,0.40704,7,-1.21,1.68,0.44587,3,8,24.84,0.97,0.39986,9,0.65,0.65,0.46886,10,-18.3,10.02,0.13128,4,8,43.9,10.78,0.11757,9,22.07,-0.04,0.30718,10,0.49,-0.29,0.42479,11,-11.1,-16.3,0.15046,3,9,38.39,7.84,0.13119,10,18.61,-0.66,0.40002,11,-0.38,-1.69,0.46879,2,10,27.86,-7.96,0.29034,11,10.92,1.68,0.70966,2,6,27.09,6.46,0.27469,7,9.27,-1.2,0.72531,2,8,4.81,-20.55,0.69106,3,-29.02,24.02,0.30894,2,8,7.03,-1.34,0.60072,3,-29.86,4.7,0.39928,2,4,2.43,19.73,0.70409,3,24.56,24.02,0.29591,2,4,6.2,0.38,0.66325,3,26.68,4.42,0.33675,3,8,15.25,-16.36,0.80257,9,-16.15,-9.84,0.15,10,-38.03,8.28,0.04743,3,8,14.63,-0.73,0.7575,9,-9.1,4.12,0.1725,10,-25.41,17.53,0.07,4,8,34.65,5.1,0.26007,9,11.22,-0.51,0.39125,10,-9.39,4.2,0.27613,11,-20.46,-21.81,0.07256,4,8,56.51,7.1,0.04864,9,31.3,-9.38,0.22648,10,4.49,-12.81,0.43254,11,1.43,-20.23,0.29234,4,8,48.99,18.38,0.05674,9,30.21,4.13,0.23883,10,9.64,-0.26,0.41425,11,-5.87,-8.8,0.29018,4,8,66.28,17.56,0.00158,9,44.93,-4.99,0.06525,10,18.63,-15.06,0.29402,11,11.4,-9.96,0.63915,3,9,44.76,7.11,0.05805,10,23.96,-4.2,0.34005,11,5.59,0.65,0.6019,3,4,13.53,17.15,0.67374,5,-16.09,10.84,0.25873,6,-39.22,-7.95,0.06754,3,4,13.73,-0.15,0.6741,5,-7.94,-4.42,0.23521,6,-25.01,-17.8,0.09069,4,4,34.02,-5.04,0.27486,5,12.33,0.59,0.37606,6,-9.26,-4.09,0.2911,7,-21.78,20.46,0.05798,4,4,48.58,-18,0.05889,5,31.22,-4.2,0.25029,6,9.73,0.27,0.42038,7,-6.45,8.42,0.27044,4,4,57.01,-6.6,0.05202,5,33.44,9.81,0.2358,6,5.31,13.75,0.43256,7,1.26,20.33,0.27961,4,4,66.56,-15.83,6.3E-4,5,46.18,6.02,0.0558,6,18.37,16.2,0.27765,7,11.37,11.71,0.66592,3,5,44.79,-7.71,0.06279,6,23.4,3.34,0.33321,7,4.53,-0.29,0.604,2,8,7.97,11.63,0.37066,3,-29.88,-8.3,0.62934,3,8,14.91,10.02,0.7031,9,-3.64,13.38,0.2269,10,-16.35,23.31,0.07,3,8,22.58,9.47,0.38758,9,2.81,9.17,0.40699,10,-12.52,16.64,0.20543,4,8,31.22,12.04,0.28089,9,11.61,7.22,0.37812,10,-5.55,10.92,0.26816,11,-23.75,-14.8,0.07283,4,8,38.43,17.91,0.17056,9,20.76,8.85,0.33354,10,3.35,8.23,0.33187,11,-16.43,-9.07,0.16402,4,8,43.93,24.27,0.0548,9,28.65,11.73,0.26692,10,11.69,7.22,0.40168,11,-10.81,-2.82,0.2766,3,9,37.06,14.99,0.14192,10,20.66,6.32,0.40573,11,-4.91,4,0.45235,3,9,41.22,15.81,0.07531,10,24.74,5.17,0.30863,11,-1.62,6.68,0.61606,3,9,46.57,16.29,0.01959,10,29.73,3.17,0.17115,11,2.88,9.61,0.80926,2,4,6.28,-12.72,0.39619,3,25.64,-8.65,0.60381,3,4,13.64,-10.51,0.56384,5,-3.23,-13.66,0.27173,6,-16.6,-23.88,0.16443,4,4,21.14,-9.87,0.42678,5,3.12,-9.64,0.33801,6,-12.78,-17.39,0.20437,7,-34.34,14.84,0.03085,4,4,30.79,-11.86,0.29013,5,12.61,-6.95,0.36798,6,-5.57,-10.67,0.28329,7,-24.58,13.45,0.0586,4,4,37.88,-16.7,0.18266,5,21.13,-7.98,0.34003,6,2.47,-7.69,0.34404,7,-17.21,9.06,0.13327,4,4,43.12,-21.61,0.07639,5,28.04,-9.92,0.30145,6,9.51,-6.27,0.40224,7,-11.67,4.48,0.21992,4,4,47.01,-26.63,0.03332,5,33.81,-12.57,0.20576,6,15.86,-5.99,0.41015,7,-7.47,-0.28,0.35076,3,5,38.81,-15.63,0.11517,6,21.7,-6.43,0.41559,7,-4.14,-5.1,0.46924,3,5,43.01,-16.47,0.05139,6,25.82,-5.26,0.28062,7,-0.64,-7.57,0.66799,4,4,57.55,-36.73,3.0E-5,5,47.82,-16.67,0.01684,6,30.19,-3.25,0.15981,7,3.67,-9.71,0.82333],"hull":12,"edges":[20,22,6,4,12,14,2,4,22,0,0,2,18,20,14,16,16,18,10,12,6,8,8,10],"width":185,"height":70}},"gongjianhuo2_01":{"gongjianhuo2_01":{"width":54,"height":45},"gongjianhuo2_02":{"width":54,"height":45},"gongjianhuo2_03":{"width":54,"height":45},"gongjianhuo2_04":{"width":54,"height":45},"gongjianhuo2_05":{"width":54,"height":45},"gongjianhuo2_06":{"width":54,"height":45},"gongjianhuo2_07":{"width":54,"height":45},"gongjianhuo2_08":{"width":54,"height":45},"gongjianhuo2_09":{"width":54,"height":45},"gongjianhuo2_10":{"width":54,"height":45},"gongjianhuo2_11":{"width":54,"height":45},"gongjianhuo2_12":{"rotation":90,"width":54,"height":45}},"gongxian":{"gongxian":{"type":"mesh","uvs":[1,1,0.51003,1,0,1,0,0,0.51072,0,1,0],"triangles":[4,1,3,1,4,0,4,5,0,1,2,3],"vertices":[1,7,0.4,-4.66,1,1,19,-0.07,-1.39,1,1,11,-0.17,4.22,1,1,11,-0.44,1.23,1,1,19,0.03,1.61,1,1,7,-0.04,-1.69,1],"hull":6,"edges":[4,6,0,10,6,8,8,10,0,2,2,4],"width":147,"height":3}},"jian_1 _2":{"jian_1 _2":{"x":-5.14,"y":-119.88,"width":14,"height":35}},"jian_1 _3":{"jian_1 _2":{"x":-5.14,"y":-119.88,"width":14,"height":35}},"jian_1 _4":{"jian_1 _2":{"x":-5.14,"y":-119.88,"width":14,"height":35}},"jian_1_1":{"jian_1_1":{"x":-0.64,"y":-59.38,"width":23,"height":156}},"jian_1_2":{"jian_1_1":{"x":-0.64,"y":-59.38,"width":23,"height":156}},"jian_1_3":{"jian_1_1":{"x":-0.64,"y":-59.38,"width":23,"height":156}},"jian_1_4":{"jian_1_1":{"x":-0.64,"y":-59.38,"width":23,"height":156}},"jian_1_5":{"jian_1_1":{"x":-0.64,"y":-59.38,"width":23,"height":156}},"jian_1_6":{"jian_1_1":{"x":-0.64,"y":-59.38,"width":23,"height":156}},"jian_2":{"jian_2":{"x":-0.64,"y":-63.88,"width":23,"height":147}},"jian_3":{"jian_2":{"x":-0.64,"y":-63.88,"width":23,"height":147}},"jian_4":{"jian_2":{"x":-0.64,"y":-63.88,"width":23,"height":147}},"jian_5":{"jian_2":{"x":-0.64,"y":-63.88,"width":23,"height":147}},"jian_6":{"jian_2":{"x":-0.64,"y":-63.88,"width":23,"height":147}},"jian_7":{"jian_2":{"x":-0.64,"y":-63.88,"width":23,"height":147}},"quan":{"quan":{"width":64,"height":64}},"quan2":{"quan":{"width":64,"height":64}},"xian":{"xian":{"x":-0.5,"y":-1.14,"width":34,"height":10}},"xian2":{"xian":{"x":-0.5,"y":-1.14,"width":34,"height":10}},"xian3":{"xian":{"x":-0.5,"y":-1.14,"width":34,"height":10}},"xishou01":{"xishou01":{"width":95,"height":78},"xishou02":{"width":95,"height":78},"xishou03":{"width":95,"height":78},"xishou04":{"width":95,"height":78},"xishou05":{"width":95,"height":78},"xishou06":{"width":95,"height":78},"xishou07":{"width":95,"height":78},"xishou08":{"width":95,"height":78},"xishou09":{"width":95,"height":78},"xishou10":{"width":95,"height":78},"xishou11":{"width":95,"height":78},"xishou12":{"width":95,"height":78},"xishou13":{"width":95,"height":78},"xishou14":{"width":95,"height":78}},"xishou1":{"xishou01":{"width":95,"height":78},"xishou02":{"width":95,"height":78},"xishou03":{"width":95,"height":78},"xishou04":{"width":95,"height":78},"xishou05":{"width":95,"height":78},"xishou06":{"width":95,"height":78},"xishou07":{"width":95,"height":78},"xishou08":{"width":95,"height":78},"xishou09":{"width":95,"height":78},"xishou10":{"width":95,"height":78},"xishou11":{"width":95,"height":78},"xishou12":{"width":95,"height":78},"xishou13":{"width":95,"height":78},"xishou14":{"width":95,"height":78}}}},"animations":{"gongjian1":{"slots":{"gon":{"color":[{"time":2.8333,"color":"fffffffe"},{"time":3.1667,"color":"ffffff00","curve":"stepped"},{"time":3.5,"color":"ffffff00"}],"attachment":[{"time":0,"name":"gon"},{"time":1.1,"name":"gon"},{"time":1.1333,"name":"gon"},{"time":1.1667,"name":"gon"},{"time":1.2,"name":"gon"},{"time":1.3,"name":"gon"},{"time":1.8,"name":"gon"},{"time":1.8333,"name":"gon"},{"time":1.8667,"name":"gon"},{"time":1.9,"name":"gon"},{"time":1.9667,"name":"gon"},{"time":2.3,"name":"gon"},{"time":2.3333,"name":"gon"},{"time":2.3667,"name":"gon"},{"time":2.4,"name":"gon"}]},"gongjianhuo2_01":{"attachment":[{"time":0.8,"name":"gongjianhuo2_01"},{"time":0.8333,"name":"gongjianhuo2_02"},{"time":0.8667,"name":"gongjianhuo2_03"},{"time":0.9,"name":"gongjianhuo2_04"},{"time":0.9333,"name":"gongjianhuo2_05"},{"time":0.9667,"name":"gongjianhuo2_06"},{"time":1,"name":"gongjianhuo2_07"},{"time":1.0333,"name":"gongjianhuo2_08"},{"time":1.0667,"name":"gongjianhuo2_09"},{"time":1.1,"name":"gongjianhuo2_10"},{"time":1.1333,"name":"gongjianhuo2_11"},{"time":1.1667,"name":"gongjianhuo2_12"},{"time":1.2,"name":null},{"time":1.5,"name":"gongjianhuo2_01"},{"time":1.5333,"name":"gongjianhuo2_02"},{"time":1.5667,"name":"gongjianhuo2_03"},{"time":1.6,"name":"gongjianhuo2_04"},{"time":1.6333,"name":"gongjianhuo2_05"},{"time":1.6667,"name":"gongjianhuo2_06"},{"time":1.7,"name":"gongjianhuo2_07"},{"time":1.7333,"name":"gongjianhuo2_08"},{"time":1.7667,"name":"gongjianhuo2_09"},{"time":1.8,"name":"gongjianhuo2_10"},{"time":1.8333,"name":"gongjianhuo2_11"},{"time":1.8667,"name":"gongjianhuo2_12"},{"time":1.9,"name":null},{"time":2,"name":"gongjianhuo2_01"},{"time":2.0333,"name":"gongjianhuo2_02"},{"time":2.0667,"name":"gongjianhuo2_03"},{"time":2.1,"name":"gongjianhuo2_04"},{"time":2.1333,"name":"gongjianhuo2_05"},{"time":2.1667,"name":"gongjianhuo2_06"},{"time":2.2,"name":"gongjianhuo2_07"},{"time":2.2333,"name":"gongjianhuo2_08"},{"time":2.2667,"name":"gongjianhuo2_09"},{"time":2.3,"name":"gongjianhuo2_10"},{"time":2.3333,"name":"gongjianhuo2_11"},{"time":2.3667,"name":"gongjianhuo2_12"},{"time":2.4,"name":null}]},"gongxian":{"color":[{"time":2.8333,"color":"ffffffff"},{"time":3.1667,"color":"ffffff00"}],"attachment":[{"time":0,"name":"gongxian"},{"time":1.1,"name":"gongxian"},{"time":1.1333,"name":"gongxian"},{"time":1.1667,"name":"gongxian"},{"time":1.2,"name":"gongxian"},{"time":1.3,"name":"gongxian"},{"time":1.8,"name":"gongxian"},{"time":1.8333,"name":"gongxian"},{"time":1.8667,"name":"gongxian"},{"time":1.9,"name":"gongxian"},{"time":1.9667,"name":"gongxian"},{"time":2.3,"name":"gongxian"},{"time":2.3333,"name":"gongxian"},{"time":2.3667,"name":"gongxian"},{"time":2.4,"name":"gongxian"}]},"jian_2":{"attachment":[{"time":0,"name":null},{"time":1.1,"name":null}]},"jian_3":{"attachment":[{"time":1.3,"name":null},{"time":1.8,"name":null}]},"jian_4":{"attachment":[{"time":1.9667,"name":null},{"time":2.3,"name":null}]},"jian_5":{"attachment":[{"time":0,"name":null},{"time":1,"name":null},{"time":1.1,"name":null}]},"jian_6":{"attachment":[{"time":1.3,"name":null},{"time":1.8,"name":null}]},"jian_7":{"attachment":[{"time":1.9667,"name":null},{"time":2.3,"name":null}]},"jian_1 _2":{"attachment":[{"time":0,"name":"jian_1 _2"},{"time":1.1,"name":"jian_1 _2"},{"time":1.1333,"name":null}]},"jian_1 _3":{"attachment":[{"time":1.3,"name":"jian_1 _2"},{"time":1.8,"name":"jian_1 _2"},{"time":1.8333,"name":null}]},"jian_1 _4":{"attachment":[{"time":1.9667,"name":"jian_1 _2"},{"time":2.3,"name":"jian_1 _2"},{"time":2.3333,"name":null}]},"jian_1_1":{"attachment":[{"time":0,"name":"jian_1_1"},{"time":1.1,"name":"jian_1_1"},{"time":1.1333,"name":null}]},"jian_1_2":{"attachment":[{"time":1.3,"name":"jian_1_1"},{"time":1.8,"name":"jian_1_1"},{"time":1.8333,"name":null}]},"jian_1_3":{"attachment":[{"time":1.9667,"name":"jian_1_1"},{"time":2.3,"name":"jian_1_1"},{"time":2.3333,"name":null}]},"jian_1_4":{"color":[{"time":0,"color":"ffbcbc00","curve":"stepped"},{"time":0.5667,"color":"ffbcbc00"},{"time":0.7333,"color":"ffbcbcfe"}],"attachment":[{"time":0,"name":"jian_1_1"},{"time":1.1,"name":"jian_1_1"},{"time":1.1333,"name":null}]},"jian_1_5":{"color":[{"time":0,"color":"ffbcbc00","curve":"stepped"},{"time":1.5,"color":"ffbcbc00"},{"time":1.7,"color":"ffbcbcfe"}],"attachment":[{"time":1.3,"name":"jian_1_1"},{"time":1.8,"name":"jian_1_1"},{"time":1.8333,"name":null}]},"jian_1_6":{"color":[{"time":0,"color":"ffbcbc00","curve":"stepped"},{"time":2.1,"color":"ffbcbc00"},{"time":2.2667,"color":"ffbcbcfe"}],"attachment":[{"time":1.9667,"name":"jian_1_1"},{"time":2.3,"name":"jian_1_1"},{"time":2.3333,"name":null}]},"quan":{"color":[{"time":1.0667,"color":"fffffffe"},{"time":1.3333,"color":"ffffff00","curve":"stepped"},{"time":1.7333,"color":"ffffff00"},{"time":1.7667,"color":"fffffffe"},{"time":2.0333,"color":"ffffff00","curve":"stepped"},{"time":2.2333,"color":"ffffff00"},{"time":2.2667,"color":"fffffffe"},{"time":2.5333,"color":"ffffff00"}],"attachment":[{"time":1.0667,"name":"quan"},{"time":1.7667,"name":"quan"},{"time":2.2667,"name":"quan"}]},"quan2":{"color":[{"time":1.1,"color":"fffffffe"},{"time":1.4,"color":"ffffff00","curve":"stepped"},{"time":1.7667,"color":"ffffff00"},{"time":1.8,"color":"fffffffe"},{"time":2.1,"color":"ffffff00","curve":"stepped"},{"time":2.2667,"color":"ffffff00"},{"time":2.3,"color":"fffffffe"},{"time":2.6,"color":"ffffff00"}],"attachment":[{"time":1.1,"name":"quan"},{"time":1.8,"name":"quan"},{"time":2.3,"name":"quan"}]},"xian":{"attachment":[{"time":0,"name":null},{"time":1.1,"name":null}]},"xian2":{"attachment":[{"time":1.3,"name":null},{"time":1.8,"name":null}]},"xian3":{"attachment":[{"time":1.9667,"name":null},{"time":2.3,"name":null}]},"xishou01":{"attachment":[{"time":0,"name":null},{"time":0.2,"name":"xishou01"},{"time":0.2667,"name":"xishou02"},{"time":0.3333,"name":"xishou03"},{"time":0.4,"name":"xishou04"},{"time":0.4667,"name":"xishou05"},{"time":0.5333,"name":"xishou06"},{"time":0.6,"name":"xishou07"},{"time":0.6667,"name":"xishou08"},{"time":0.7333,"name":"xishou09"},{"time":0.8,"name":"xishou10"},{"time":0.8667,"name":"xishou11"},{"time":0.9333,"name":"xishou12"},{"time":1,"name":"xishou13"},{"time":1.0667,"name":null},{"time":1.1333,"name":null}]},"xishou1":{"attachment":[{"time":0,"name":null},{"time":0.3333,"name":"xishou07"},{"time":0.4,"name":"xishou08"},{"time":0.4667,"name":"xishou09"},{"time":0.5333,"name":"xishou10"},{"time":0.6,"name":"xishou11"},{"time":0.6667,"name":"xishou12"},{"time":0.7333,"name":"xishou13"},{"time":0.8,"name":"xishou14"},{"time":0.8667,"name":null}]}},"bones":{"xian":{"rotate":[{"time":0,"angle":0,"curve":"stepped"},{"time":1.1,"angle":0}],"translate":[{"time":0,"x":0,"y":0,"curve":"stepped"},{"time":1.1,"x":0,"y":0}]},"gongxian":{"rotate":[{"time":0,"angle":0,"curve":"stepped"},{"time":1.1,"angle":0,"curve":"stepped"},{"time":1.1333,"angle":0,"curve":"stepped"},{"time":1.1667,"angle":0,"curve":"stepped"},{"time":1.2,"angle":0,"curve":"stepped"},{"time":1.3,"angle":0,"curve":"stepped"},{"time":1.8,"angle":0,"curve":"stepped"},{"time":1.8333,"angle":0,"curve":"stepped"},{"time":1.8667,"angle":0,"curve":"stepped"},{"time":1.9,"angle":0,"curve":"stepped"},{"time":1.9667,"angle":0,"curve":"stepped"},{"time":2.3,"angle":0,"curve":"stepped"},{"time":2.3333,"angle":0,"curve":"stepped"},{"time":2.3667,"angle":0,"curve":"stepped"},{"time":2.4,"angle":0}],"translate":[{"time":0,"x":0,"y":0},{"time":0.5333,"x":0,"y":-63.02,"curve":"stepped"},{"time":1.0333,"x":0,"y":-63.02},{"time":1.0667,"x":0,"y":-7.64},{"time":1.1,"x":0,"y":12.8},{"time":1.1333,"x":0,"y":-11.13},{"time":1.1667,"x":0,"y":3.77},{"time":1.2,"x":0,"y":0,"curve":"stepped"},{"time":1.3,"x":0,"y":0},{"time":1.5333,"x":0,"y":-63.02,"curve":"stepped"},{"time":1.7333,"x":0,"y":-63.02},{"time":1.7667,"x":0,"y":-7.64},{"time":1.8,"x":0,"y":12.8},{"time":1.8333,"x":0,"y":-11.13},{"time":1.8667,"x":0,"y":3.77},{"time":1.9,"x":0,"y":0,"curve":"stepped"},{"time":1.9667,"x":0,"y":0},{"time":2.1333,"x":0,"y":-63.02,"curve":"stepped"},{"time":2.2333,"x":0,"y":-63.02},{"time":2.2667,"x":0,"y":-7.64},{"time":2.3,"x":0,"y":12.8},{"time":2.3333,"x":0,"y":-11.13},{"time":2.3667,"x":0,"y":3.77},{"time":2.4,"x":0,"y":0}]},"gon":{"rotate":[{"time":0,"angle":0,"curve":"stepped"},{"time":1.1,"angle":0,"curve":"stepped"},{"time":1.1333,"angle":0,"curve":"stepped"},{"time":1.1667,"angle":0,"curve":"stepped"},{"time":1.2,"angle":0,"curve":"stepped"},{"time":1.3,"angle":0,"curve":"stepped"},{"time":1.8,"angle":0,"curve":"stepped"},{"time":1.8333,"angle":0,"curve":"stepped"},{"time":1.8667,"angle":0,"curve":"stepped"},{"time":1.9,"angle":0,"curve":"stepped"},{"time":1.9667,"angle":0,"curve":"stepped"},{"time":2.3,"angle":0,"curve":"stepped"},{"time":2.3333,"angle":0,"curve":"stepped"},{"time":2.3667,"angle":0,"curve":"stepped"},{"time":2.4,"angle":0}],"translate":[{"time":0,"x":0,"y":0,"curve":"stepped"},{"time":1.1,"x":0,"y":0,"curve":"stepped"},{"time":1.1333,"x":0,"y":0,"curve":"stepped"},{"time":1.1667,"x":0,"y":0,"curve":"stepped"},{"time":1.2,"x":0,"y":0,"curve":"stepped"},{"time":1.3,"x":0,"y":0,"curve":"stepped"},{"time":1.8,"x":0,"y":0,"curve":"stepped"},{"time":1.8333,"x":0,"y":0,"curve":"stepped"},{"time":1.8667,"x":0,"y":0,"curve":"stepped"},{"time":1.9,"x":0,"y":0,"curve":"stepped"},{"time":1.9667,"x":0,"y":0,"curve":"stepped"},{"time":2.3,"x":0,"y":0,"curve":"stepped"},{"time":2.3333,"x":0,"y":0,"curve":"stepped"},{"time":2.3667,"x":0,"y":0,"curve":"stepped"},{"time":2.4,"x":0,"y":0}]},"gong":{"rotate":[{"time":0,"angle":0,"curve":"stepped"},{"time":1.1,"angle":0,"curve":"stepped"},{"time":1.1333,"angle":0,"curve":"stepped"},{"time":1.1667,"angle":0,"curve":"stepped"},{"time":1.2,"angle":0,"curve":"stepped"},{"time":1.3,"angle":0,"curve":"stepped"},{"time":1.8,"angle":0,"curve":"stepped"},{"time":1.8333,"angle":0,"curve":"stepped"},{"time":1.8667,"angle":0,"curve":"stepped"},{"time":1.9,"angle":0,"curve":"stepped"},{"time":1.9667,"angle":0,"curve":"stepped"},{"time":2.3,"angle":0,"curve":"stepped"},{"time":2.3333,"angle":0,"curve":"stepped"},{"time":2.3667,"angle":0,"curve":"stepped"},{"time":2.4,"angle":0}],"translate":[{"time":0,"x":0,"y":0},{"time":0.3667,"x":0,"y":3},{"time":0.4,"x":0.46,"y":1.7},{"time":0.4333,"x":-1.76,"y":3.84},{"time":0.4667,"x":0,"y":1.84},{"time":0.5,"x":-0.58,"y":3},{"time":0.5333,"x":0,"y":3},{"time":0.5667,"x":-2.8,"y":2.67},{"time":0.6,"x":4.89,"y":2.33},{"time":0.6333,"x":-1.99,"y":2.67},{"time":0.6667,"x":3.59,"y":2.33},{"time":0.7,"x":-0.73,"y":2.67},{"time":0.7333,"x":2.37,"y":-2.35},{"time":0.7667,"x":-2.85,"y":2.67},{"time":0.8,"x":-2.27,"y":2.33},{"time":0.8333,"x":3.87,"y":2.22},{"time":0.8667,"x":-0.65,"y":2.33},{"time":0.9,"x":0.13,"y":3.48},{"time":0.9333,"x":-2.59,"y":2.33},{"time":1,"x":-0.73,"y":2.67},{"time":1.0333,"x":0,"y":3},{"time":1.1,"x":-4.52,"y":-57.27},{"time":1.1333,"x":0,"y":8.39},{"time":1.1667,"x":0.82,"y":-20.26},{"time":1.2,"x":0,"y":0,"curve":"stepped"},{"time":1.3,"x":0,"y":0},{"time":1.4,"x":-0.73,"y":2.67},{"time":1.4333,"x":2.96,"y":1.93},{"time":1.4667,"x":-3.51,"y":5.45},{"time":1.5,"x":-1.75,"y":0.5},{"time":1.5333,"x":0,"y":3},{"time":1.5667,"x":-3.46,"y":5.49},{"time":1.6,"x":0.21,"y":2.33},{"time":1.6333,"x":0.24,"y":-1.24},{"time":1.6667,"x":-2.07,"y":2.33},{"time":1.7,"x":1.55,"y":1.01},{"time":1.7333,"x":0,"y":3},{"time":1.8,"x":0,"y":-16.63},{"time":1.8333,"x":0,"y":6.57},{"time":1.8667,"x":0,"y":-4.13},{"time":1.9,"x":0,"y":0,"curve":"stepped"},{"time":1.9667,"x":0,"y":0},{"time":2.0333,"x":-0.73,"y":2.67},{"time":2.0667,"x":-2.31,"y":1.04},{"time":2.1,"x":0.5,"y":5.13},{"time":2.1333,"x":-4.43,"y":3},{"time":2.1667,"x":-0.73,"y":2.67},{"time":2.2,"x":-2.25,"y":3.08},{"time":2.2333,"x":0,"y":3},{"time":2.3,"x":0,"y":-17.97},{"time":2.3333,"x":0,"y":6.57},{"time":2.3667,"x":0,"y":-5},{"time":2.4,"x":0,"y":0}]},"bone":{"rotate":[{"time":0,"angle":0},{"time":0.5333,"angle":-9.02,"curve":"stepped"},{"time":1.0333,"angle":-9.02},{"time":1.1,"angle":3.02},{"time":1.1333,"angle":-4.03},{"time":1.1667,"angle":0.77},{"time":1.2,"angle":0,"curve":"stepped"},{"time":1.3,"angle":0},{"time":1.5333,"angle":-9.02,"curve":"stepped"},{"time":1.7333,"angle":-9.02},{"time":1.8,"angle":3.02},{"time":1.8333,"angle":-4.03},{"time":1.8667,"angle":0.77},{"time":1.9,"angle":0,"curve":"stepped"},{"time":1.9667,"angle":0},{"time":2.1333,"angle":-9.02,"curve":"stepped"},{"time":2.2333,"angle":-9.02},{"time":2.3,"angle":3.02},{"time":2.3333,"angle":-4.03},{"time":2.3667,"angle":0.77},{"time":2.4,"angle":0}],"translate":[{"time":0,"x":0,"y":0,"curve":"stepped"},{"time":1.1,"x":0,"y":0,"curve":"stepped"},{"time":1.1333,"x":0,"y":0,"curve":"stepped"},{"time":1.1667,"x":0,"y":0,"curve":"stepped"},{"time":1.2,"x":0,"y":0,"curve":"stepped"},{"time":1.3,"x":0,"y":0,"curve":"stepped"},{"time":1.8,"x":0,"y":0,"curve":"stepped"},{"time":1.8333,"x":0,"y":0,"curve":"stepped"},{"time":1.8667,"x":0,"y":0,"curve":"stepped"},{"time":1.9,"x":0,"y":0,"curve":"stepped"},{"time":1.9667,"x":0,"y":0,"curve":"stepped"},{"time":2.3,"x":0,"y":0,"curve":"stepped"},{"time":2.3333,"x":0,"y":0,"curve":"stepped"},{"time":2.3667,"x":0,"y":0,"curve":"stepped"},{"time":2.4,"x":0,"y":0}]},"bone2":{"rotate":[{"time":0,"angle":0},{"time":0.5333,"angle":-8.2,"curve":"stepped"},{"time":1.0333,"angle":-8.2},{"time":1.1,"angle":3.91},{"time":1.1333,"angle":-2.5},{"time":1.1667,"angle":-1.15},{"time":1.2,"angle":0,"curve":"stepped"},{"time":1.3,"angle":0},{"time":1.5333,"angle":-8.2,"curve":"stepped"},{"time":1.7333,"angle":-8.2},{"time":1.8,"angle":3.91},{"time":1.8333,"angle":-2.5},{"time":1.8667,"angle":-1.15},{"time":1.9,"angle":0,"curve":"stepped"},{"time":1.9667,"angle":0},{"time":2.1333,"angle":-8.2,"curve":"stepped"},{"time":2.2333,"angle":-8.2},{"time":2.3,"angle":3.91},{"time":2.3333,"angle":-2.5},{"time":2.3667,"angle":-1.15},{"time":2.4,"angle":0}],"translate":[{"time":0,"x":0,"y":0,"curve":"stepped"},{"time":1.1,"x":0,"y":0,"curve":"stepped"},{"time":1.1333,"x":0,"y":0,"curve":"stepped"},{"time":1.1667,"x":0,"y":0,"curve":"stepped"},{"time":1.2,"x":0,"y":0,"curve":"stepped"},{"time":1.3,"x":0,"y":0,"curve":"stepped"},{"time":1.8,"x":0,"y":0,"curve":"stepped"},{"time":1.8333,"x":0,"y":0,"curve":"stepped"},{"time":1.8667,"x":0,"y":0,"curve":"stepped"},{"time":1.9,"x":0,"y":0,"curve":"stepped"},{"time":1.9667,"x":0,"y":0,"curve":"stepped"},{"time":2.3,"x":0,"y":0,"curve":"stepped"},{"time":2.3333,"x":0,"y":0,"curve":"stepped"},{"time":2.3667,"x":0,"y":0,"curve":"stepped"},{"time":2.4,"x":0,"y":0}]},"bone3":{"rotate":[{"time":0,"angle":0},{"time":0.5333,"angle":-7.16,"curve":"stepped"},{"time":1.0333,"angle":-7.16},{"time":1.1,"angle":6.91},{"time":1.1333,"angle":-3.33},{"time":1.1667,"angle":2.05},{"time":1.2,"angle":0,"curve":"stepped"},{"time":1.3,"angle":0},{"time":1.5333,"angle":-7.16,"curve":"stepped"},{"time":1.7333,"angle":-7.16},{"time":1.8,"angle":6.91},{"time":1.8333,"angle":-3.33},{"time":1.8667,"angle":2.05},{"time":1.9,"angle":0,"curve":"stepped"},{"time":1.9667,"angle":0},{"time":2.1333,"angle":-7.16,"curve":"stepped"},{"time":2.2333,"angle":-7.16},{"time":2.3,"angle":6.91},{"time":2.3333,"angle":-3.33},{"time":2.3667,"angle":2.05},{"time":2.4,"angle":0}],"translate":[{"time":0,"x":0,"y":0,"curve":"stepped"},{"time":1.1,"x":0,"y":0,"curve":"stepped"},{"time":1.1333,"x":0,"y":0,"curve":"stepped"},{"time":1.1667,"x":0,"y":0,"curve":"stepped"},{"time":1.2,"x":0,"y":0,"curve":"stepped"},{"time":1.3,"x":0,"y":0,"curve":"stepped"},{"time":1.8,"x":0,"y":0,"curve":"stepped"},{"time":1.8333,"x":0,"y":0,"curve":"stepped"},{"time":1.8667,"x":0,"y":0,"curve":"stepped"},{"time":1.9,"x":0,"y":0,"curve":"stepped"},{"time":1.9667,"x":0,"y":0,"curve":"stepped"},{"time":2.3,"x":0,"y":0,"curve":"stepped"},{"time":2.3333,"x":0,"y":0,"curve":"stepped"},{"time":2.3667,"x":0,"y":0,"curve":"stepped"},{"time":2.4,"x":0,"y":0}]},"bone4":{"rotate":[{"time":0,"angle":0},{"time":0.5333,"angle":-8.8,"curve":"stepped"},{"time":1.0333,"angle":-8.8},{"time":1.1,"angle":2.56},{"time":1.1333,"angle":-4.23},{"time":1.1667,"angle":1.29},{"time":1.2,"angle":0,"curve":"stepped"},{"time":1.3,"angle":0},{"time":1.5333,"angle":-8.8,"curve":"stepped"},{"time":1.7333,"angle":-8.8},{"time":1.8,"angle":2.56},{"time":1.8333,"angle":-4.23},{"time":1.8667,"angle":1.29},{"time":1.9,"angle":0,"curve":"stepped"},{"time":1.9667,"angle":0},{"time":2.1333,"angle":-8.8,"curve":"stepped"},{"time":2.2333,"angle":-8.8},{"time":2.3,"angle":2.56},{"time":2.3333,"angle":-4.23},{"time":2.3667,"angle":1.29},{"time":2.4,"angle":0}],"translate":[{"time":0,"x":0,"y":0,"curve":"stepped"},{"time":1.1,"x":0,"y":0,"curve":"stepped"},{"time":1.1333,"x":0,"y":0,"curve":"stepped"},{"time":1.1667,"x":0,"y":0,"curve":"stepped"},{"time":1.2,"x":0,"y":0,"curve":"stepped"},{"time":1.3,"x":0,"y":0,"curve":"stepped"},{"time":1.8,"x":0,"y":0,"curve":"stepped"},{"time":1.8333,"x":0,"y":0,"curve":"stepped"},{"time":1.8667,"x":0,"y":0,"curve":"stepped"},{"time":1.9,"x":0,"y":0,"curve":"stepped"},{"time":1.9667,"x":0,"y":0,"curve":"stepped"},{"time":2.3,"x":0,"y":0,"curve":"stepped"},{"time":2.3333,"x":0,"y":0,"curve":"stepped"},{"time":2.3667,"x":0,"y":0,"curve":"stepped"},{"time":2.4,"x":0,"y":0}]},"bone5":{"rotate":[{"time":0,"angle":0},{"time":0.5333,"angle":8.65,"curve":"stepped"},{"time":1.0333,"angle":8.65},{"time":1.1,"angle":355.25},{"time":1.1333,"angle":2.18},{"time":1.1667,"angle":-1.29},{"time":1.2,"angle":0,"curve":"stepped"},{"time":1.3,"angle":0},{"time":1.5333,"angle":8.65,"curve":"stepped"},{"time":1.7333,"angle":8.65},{"time":1.8,"angle":355.25},{"time":1.8333,"angle":2.18},{"time":1.8667,"angle":-1.29},{"time":1.9,"angle":0,"curve":"stepped"},{"time":1.9667,"angle":0},{"time":2.1333,"angle":8.65,"curve":"stepped"},{"time":2.2333,"angle":8.65},{"time":2.3,"angle":355.25},{"time":2.3333,"angle":2.18},{"time":2.3667,"angle":-1.29},{"time":2.4,"angle":0}],"translate":[{"time":0,"x":0,"y":0,"curve":"stepped"},{"time":1.1,"x":0,"y":0,"curve":"stepped"},{"time":1.1333,"x":0,"y":0,"curve":"stepped"},{"time":1.1667,"x":0,"y":0,"curve":"stepped"},{"time":1.2,"x":0,"y":0,"curve":"stepped"},{"time":1.3,"x":0,"y":0,"curve":"stepped"},{"time":1.8,"x":0,"y":0,"curve":"stepped"},{"time":1.8333,"x":0,"y":0,"curve":"stepped"},{"time":1.8667,"x":0,"y":0,"curve":"stepped"},{"time":1.9,"x":0,"y":0,"curve":"stepped"},{"time":1.9667,"x":0,"y":0,"curve":"stepped"},{"time":2.3,"x":0,"y":0,"curve":"stepped"},{"time":2.3333,"x":0,"y":0,"curve":"stepped"},{"time":2.3667,"x":0,"y":0,"curve":"stepped"},{"time":2.4,"x":0,"y":0}]},"bone6":{"rotate":[{"time":0,"angle":0},{"time":0.5333,"angle":8.83,"curve":"stepped"},{"time":1.0333,"angle":8.83},{"time":1.1,"angle":-5.6},{"time":1.1333,"angle":3.21},{"time":1.1667,"angle":-0.29},{"time":1.2,"angle":0,"curve":"stepped"},{"time":1.3,"angle":0},{"time":1.5333,"angle":8.83,"curve":"stepped"},{"time":1.7333,"angle":8.83},{"time":1.8,"angle":-5.6},{"time":1.8333,"angle":3.21},{"time":1.8667,"angle":-0.29},{"time":1.9,"angle":0,"curve":"stepped"},{"time":1.9667,"angle":0},{"time":2.1333,"angle":8.83,"curve":"stepped"},{"time":2.2333,"angle":8.83},{"time":2.3,"angle":-5.6},{"time":2.3333,"angle":3.21},{"time":2.3667,"angle":-0.29},{"time":2.4,"angle":0}],"translate":[{"time":0,"x":0,"y":0,"curve":"stepped"},{"time":1.1,"x":0,"y":0,"curve":"stepped"},{"time":1.1333,"x":0,"y":0,"curve":"stepped"},{"time":1.1667,"x":0,"y":0,"curve":"stepped"},{"time":1.2,"x":0,"y":0,"curve":"stepped"},{"time":1.3,"x":0,"y":0,"curve":"stepped"},{"time":1.8,"x":0,"y":0,"curve":"stepped"},{"time":1.8333,"x":0,"y":0,"curve":"stepped"},{"time":1.8667,"x":0,"y":0,"curve":"stepped"},{"time":1.9,"x":0,"y":0,"curve":"stepped"},{"time":1.9667,"x":0,"y":0,"curve":"stepped"},{"time":2.3,"x":0,"y":0,"curve":"stepped"},{"time":2.3333,"x":0,"y":0,"curve":"stepped"},{"time":2.3667,"x":0,"y":0,"curve":"stepped"},{"time":2.4,"x":0,"y":0}]},"bone7":{"rotate":[{"time":0,"angle":0},{"time":0.5333,"angle":4.74,"curve":"stepped"},{"time":1.0333,"angle":4.74},{"time":1.1,"angle":-2.73},{"time":1.1333,"angle":3.21},{"time":1.1667,"angle":-1.33},{"time":1.2,"angle":0,"curve":"stepped"},{"time":1.3,"angle":0},{"time":1.5333,"angle":4.74,"curve":"stepped"},{"time":1.7333,"angle":4.74},{"time":1.8,"angle":-2.73},{"time":1.8333,"angle":3.21},{"time":1.8667,"angle":-1.33},{"time":1.9,"angle":0,"curve":"stepped"},{"time":1.9667,"angle":0},{"time":2.1333,"angle":4.74,"curve":"stepped"},{"time":2.2333,"angle":4.74},{"time":2.3,"angle":-2.73},{"time":2.3333,"angle":3.21},{"time":2.3667,"angle":-1.33},{"time":2.4,"angle":0}],"translate":[{"time":0,"x":0,"y":0,"curve":"stepped"},{"time":1.1,"x":0,"y":0,"curve":"stepped"},{"time":1.1333,"x":0,"y":0,"curve":"stepped"},{"time":1.1667,"x":0,"y":0,"curve":"stepped"},{"time":1.2,"x":0,"y":0,"curve":"stepped"},{"time":1.3,"x":0,"y":0,"curve":"stepped"},{"time":1.8,"x":0,"y":0,"curve":"stepped"},{"time":1.8333,"x":0,"y":0,"curve":"stepped"},{"time":1.8667,"x":0,"y":0,"curve":"stepped"},{"time":1.9,"x":0,"y":0,"curve":"stepped"},{"time":1.9667,"x":0,"y":0,"curve":"stepped"},{"time":2.3,"x":0,"y":0,"curve":"stepped"},{"time":2.3333,"x":0,"y":0,"curve":"stepped"},{"time":2.3667,"x":0,"y":0,"curve":"stepped"},{"time":2.4,"x":0,"y":0}]},"bone8":{"rotate":[{"time":0,"angle":0},{"time":0.5333,"angle":5.77,"curve":"stepped"},{"time":1.0333,"angle":5.77},{"time":1.1,"angle":-4.37},{"time":1.1333,"angle":4.76},{"time":1.1667,"angle":-3.88},{"time":1.2,"angle":0,"curve":"stepped"},{"time":1.3,"angle":0},{"time":1.5333,"angle":5.77,"curve":"stepped"},{"time":1.7333,"angle":5.77},{"time":1.8,"angle":-4.37},{"time":1.8333,"angle":4.76},{"time":1.8667,"angle":-3.88},{"time":1.9,"angle":0,"curve":"stepped"},{"time":1.9667,"angle":0},{"time":2.1333,"angle":5.77,"curve":"stepped"},{"time":2.2333,"angle":5.77},{"time":2.3,"angle":-4.37},{"time":2.3333,"angle":4.76},{"time":2.3667,"angle":-3.88},{"time":2.4,"angle":0}],"translate":[{"time":0,"x":0,"y":0,"curve":"stepped"},{"time":1.1,"x":0,"y":0,"curve":"stepped"},{"time":1.1333,"x":0,"y":0,"curve":"stepped"},{"time":1.1667,"x":0,"y":0,"curve":"stepped"},{"time":1.2,"x":0,"y":0,"curve":"stepped"},{"time":1.3,"x":0,"y":0,"curve":"stepped"},{"time":1.8,"x":0,"y":0,"curve":"stepped"},{"time":1.8333,"x":0,"y":0,"curve":"stepped"},{"time":1.8667,"x":0,"y":0,"curve":"stepped"},{"time":1.9,"x":0,"y":0,"curve":"stepped"},{"time":1.9667,"x":0,"y":0,"curve":"stepped"},{"time":2.3,"x":0,"y":0,"curve":"stepped"},{"time":2.3333,"x":0,"y":0,"curve":"stepped"},{"time":2.3667,"x":0,"y":0,"curve":"stepped"},{"time":2.4,"x":0,"y":0}]},"z":{"rotate":[{"time":0,"angle":0}],"translate":[{"time":0,"x":0,"y":0}]},"jian":{"translate":[{"time":0,"x":0,"y":49.04},{"time":0.4,"x":0.46,"y":1.43},{"time":0.4333,"x":-1.42,"y":-1.26},{"time":0.4667,"x":-0.94,"y":-6.23},{"time":0.5,"x":-1.05,"y":-9.47},{"time":0.5333,"x":0,"y":-12.7},{"time":0.5667,"x":-2.7,"y":-12.7},{"time":0.6,"x":5.29,"y":-12.7},{"time":0.6333,"x":-1.88,"y":-12.7},{"time":0.6667,"x":3.98,"y":-12.7},{"time":0.7,"x":-0.62,"y":-12.7},{"time":0.7333,"x":2.76,"y":-17.38},{"time":0.7667,"x":-2.74,"y":-12.7},{"time":0.8,"x":-1.88,"y":-12.7},{"time":0.8333,"x":3.98,"y":-13.15},{"time":0.8667,"x":-0.25,"y":-12.7},{"time":0.9,"x":0.23,"y":-11.89},{"time":0.9333,"x":-2.2,"y":-12.7},{"time":1,"x":-0.62,"y":-12.7},{"time":1.0333,"x":0,"y":-12.7},{"time":1.1,"x":0.32,"y":123.51}]},"jian2":{"translate":[{"time":1.3,"x":0,"y":49.04},{"time":1.4333,"x":2.75,"y":13.36},{"time":1.4667,"x":-0.94,"y":7.45},{"time":1.5,"x":-0.47,"y":-6.35},{"time":1.5333,"x":0,"y":-12.7},{"time":1.5667,"x":-3.35,"y":-9.87},{"time":1.6,"x":0.6,"y":-12.7},{"time":1.6333,"x":0.35,"y":-16.61},{"time":1.6667,"x":-1.68,"y":-12.7},{"time":1.7,"x":1.66,"y":-14.36},{"time":1.7333,"x":0,"y":-12.7},{"time":1.8,"x":0,"y":145.64}]},"xian2":{"rotate":[{"time":1.3,"angle":0,"curve":"stepped"},{"time":1.8,"angle":0}],"translate":[{"time":1.3,"x":0,"y":0,"curve":"stepped"},{"time":1.8,"x":0,"y":0}]},"jian3":{"translate":[{"time":1.9667,"x":0,"y":49.04},{"time":2.0333,"x":0,"y":24.35},{"time":2.0667,"x":-2.52,"y":10.7},{"time":2.1,"x":-0.03,"y":1.46},{"time":2.1333,"x":-4.43,"y":-12.7},{"time":2.1667,"x":-0.62,"y":-12.7},{"time":2.2,"x":-1.85,"y":-11.96},{"time":2.2333,"x":0,"y":-12.7},{"time":2.3,"x":0,"y":145.64}]},"xian3":{"rotate":[{"time":1.9667,"angle":0,"curve":"stepped"},{"time":2.3,"angle":0}],"translate":[{"time":1.9667,"x":0,"y":0,"curve":"stepped"},{"time":2.3,"x":0,"y":0}]},"gongjianhuo":{"scale":[{"time":0.8,"x":3.896,"y":3.543}]},"xishou":{"translate":[{"time":0,"x":0,"y":76.26}],"scale":[{"time":0,"x":-1.63,"y":1.632}]},"xishou2":{"rotate":[{"time":0,"angle":-85.62}],"translate":[{"time":0,"x":0,"y":65.62}],"scale":[{"time":0,"x":-1.63,"y":1.632}]},"quan3":{"scale":[{"time":1.0667,"x":1,"y":0.815},{"time":1.3333,"x":1.812,"y":1.477},{"time":1.7667,"x":1,"y":0.815},{"time":2.0333,"x":1.812,"y":1.477},{"time":2.2667,"x":1,"y":0.815},{"time":2.5333,"x":1.812,"y":1.477}]},"quan4":{"scale":[{"time":1.1,"x":1,"y":0.862},{"time":1.4,"x":1.812,"y":1.562},{"time":1.8,"x":1,"y":0.862},{"time":2.1,"x":1.812,"y":1.562},{"time":2.3,"x":1,"y":0.862},{"time":2.6,"x":1.812,"y":1.562}]}}},"gongjian2":{"slots":{"fire01":{"attachment":[{"time":1.1333,"name":"fire03"},{"time":1.1667,"name":"fire04"},{"time":1.2,"name":"fire05"},{"time":1.2333,"name":"fire06"},{"time":1.2667,"name":"fire07"},{"time":1.3,"name":"fire08"},{"time":1.3333,"name":"fire09"},{"time":1.3667,"name":"fire10"},{"time":1.4,"name":"fire11"},{"time":1.4333,"name":"fire12"},{"time":1.4667,"name":null}]},"fire1":{"attachment":[{"time":1.8333,"name":"fire03"},{"time":1.8667,"name":"fire04"},{"time":1.9,"name":"fire05"},{"time":1.9333,"name":"fire06"},{"time":1.9667,"name":"fire07"},{"time":2,"name":"fire08"},{"time":2.0333,"name":"fire09"},{"time":2.0667,"name":"fire10"},{"time":2.1,"name":"fire11"},{"time":2.1333,"name":"fire12"},{"time":2.1667,"name":null}]},"fire2":{"attachment":[{"time":2.3333,"name":"fire03"},{"time":2.3667,"name":"fire04"},{"time":2.4,"name":"fire05"},{"time":2.4333,"name":"fire06"},{"time":2.4667,"name":"fire07"},{"time":2.5,"name":"fire08"},{"time":2.5333,"name":"fire09"},{"time":2.5667,"name":"fire10"},{"time":2.6,"name":"fire11"},{"time":2.6333,"name":"fire12"},{"time":2.6667,"name":null}]},"jian_2":{"attachment":[{"time":1.1667,"name":"jian_2"}]},"jian_3":{"attachment":[{"time":1.8667,"name":"jian_2"}]},"jian_4":{"attachment":[{"time":2.3667,"name":"jian_2"}]},"jian_5":{"color":[{"time":1.1667,"color":"ff7d7dfe","curve":"stepped"},{"time":1.3333,"color":"ff7d7dfe"},{"time":1.7667,"color":"ff7d7d00"}],"attachment":[{"time":1.1667,"name":"jian_2"}]},"jian_6":{"color":[{"time":1.8667,"color":"ff7d7dfe","curve":"stepped"},{"time":2.0333,"color":"ff7d7dfe"},{"time":2.4333,"color":"ff7d7d00"}],"attachment":[{"time":1.8667,"name":"jian_2"}]},"jian_7":{"color":[{"time":2.3667,"color":"ff7d7dfe","curve":"stepped"},{"time":2.5333,"color":"ff7d7dfe"},{"time":2.9333,"color":"ff7d7d00"}],"attachment":[{"time":2.3667,"name":"jian_2"}]},"jian_1 _2":{"attachment":[{"time":1.1333,"name":null},{"time":1.1667,"name":"jian_1 _2"}]},"jian_1 _3":{"attachment":[{"time":1.8333,"name":null},{"time":1.8667,"name":"jian_1 _2"}]},"jian_1 _4":{"attachment":[{"time":2.3333,"name":null},{"time":2.3667,"name":"jian_1 _2"}]},"jian_1_1":{"attachment":[{"time":1.1333,"name":"jian_1_1"},{"time":1.1667,"name":null}]},"jian_1_2":{"attachment":[{"time":1.8333,"name":"jian_1_1"},{"time":1.8667,"name":null}]},"jian_1_3":{"attachment":[{"time":2.3333,"name":"jian_1_1"},{"time":2.3667,"name":null}]},"jian_1_4":{"attachment":[{"time":1.1333,"name":"jian_1_1"},{"time":1.1667,"name":null}]},"jian_1_5":{"attachment":[{"time":1.8333,"name":"jian_1_1"},{"time":1.8667,"name":null}]},"jian_1_6":{"attachment":[{"time":2.3333,"name":"jian_1_1"},{"time":2.3667,"name":null}]},"xian":{"attachment":[{"time":1.1667,"name":"xian"},{"time":1.2667,"name":"xian"}]},"xian2":{"attachment":[{"time":1.8667,"name":"xian"},{"time":1.9667,"name":"xian"}]},"xian3":{"attachment":[{"time":2.3667,"name":"xian"},{"time":2.4667,"name":"xian"}]},"xishou01":{"attachment":[{"time":1.1333,"name":null}]}},"bones":{"xian":{"rotate":[{"time":1.1667,"angle":0,"curve":"stepped"},{"time":1.2333,"angle":0,"curve":"stepped"},{"time":1.2667,"angle":0}],"translate":[{"time":1.1667,"x":0,"y":0,"curve":"stepped"},{"time":1.2333,"x":0,"y":0,"curve":"stepped"},{"time":1.2667,"x":0,"y":0}]},"jian":{"rotate":[{"time":1.1667,"angle":0},{"time":1.2,"angle":-5},{"time":1.2333,"angle":5},{"time":1.2667,"angle":-4.5},{"time":1.3,"angle":4.5},{"time":1.3333,"angle":-4},{"time":1.3667,"angle":4},{"time":1.4,"angle":-3.5},{"time":1.4333,"angle":3.5},{"time":1.4667,"angle":-3},{"time":1.5,"angle":3},{"time":1.5333,"angle":-2.5},{"time":1.5667,"angle":2.5},{"time":1.6,"angle":-2},{"time":1.6333,"angle":2},{"time":1.6667,"angle":-1.5},{"time":1.7,"angle":1.5},{"time":1.7333,"angle":-1},{"time":1.7667,"angle":1},{"time":1.8,"angle":-0.5},{"time":1.8333,"angle":0.5},{"time":1.8667,"angle":0,"curve":"stepped"},{"time":2.3,"angle":0}],"translate":[{"time":1.1333,"x":0,"y":861.85},{"time":1.1667,"x":0.82,"y":931.94},{"time":1.2333,"x":0,"y":926.01},{"time":1.3,"x":0,"y":927.85}]},"jian2":{"rotate":[{"time":1.8667,"angle":0},{"time":1.9,"angle":-5},{"time":1.9333,"angle":5},{"time":1.9667,"angle":-4.5},{"time":2,"angle":4.5},{"time":2.0333,"angle":-4},{"time":2.0667,"angle":4},{"time":2.1,"angle":-3.5},{"time":2.1333,"angle":3.5},{"time":2.1667,"angle":-3},{"time":2.2,"angle":3},{"time":2.2333,"angle":-2.5},{"time":2.2667,"angle":2.5},{"time":2.3,"angle":-2},{"time":2.3333,"angle":2},{"time":2.3667,"angle":-1.5},{"time":2.4,"angle":1.5},{"time":2.4333,"angle":-1},{"time":2.4667,"angle":1},{"time":2.5,"angle":-0.5},{"time":2.5333,"angle":0.5},{"time":2.5667,"angle":0,"curve":"stepped"},{"time":3,"angle":0}],"translate":[{"time":1.8333,"x":-23.18,"y":824.77},{"time":1.8667,"x":-21.63,"y":902.06},{"time":1.9333,"x":-21.63,"y":898.26},{"time":2,"x":-21.63,"y":899.31}]},"xian2":{"rotate":[{"time":1.8667,"angle":0,"curve":"stepped"},{"time":1.9333,"angle":0,"curve":"stepped"},{"time":1.9667,"angle":0}],"translate":[{"time":1.8667,"x":0,"y":0,"curve":"stepped"},{"time":1.9333,"x":0,"y":0,"curve":"stepped"},{"time":1.9667,"x":0,"y":0}]},"jian3":{"rotate":[{"time":2.3667,"angle":0},{"time":2.4,"angle":-5},{"time":2.4333,"angle":5},{"time":2.4667,"angle":-4.5},{"time":2.5,"angle":4.5},{"time":2.5333,"angle":-4},{"time":2.5667,"angle":4},{"time":2.6,"angle":-3.5},{"time":2.6333,"angle":3.5},{"time":2.6667,"angle":-3},{"time":2.7,"angle":3},{"time":2.7333,"angle":-2.5},{"time":2.7667,"angle":2.5},{"time":2.8,"angle":-2},{"time":2.8333,"angle":2},{"time":2.8667,"angle":-1.5},{"time":2.9,"angle":1.5},{"time":2.9333,"angle":-1},{"time":2.9667,"angle":1},{"time":3,"angle":-0.5},{"time":3.0333,"angle":0.5},{"time":3.0667,"angle":0,"curve":"stepped"},{"time":3.5,"angle":0}],"translate":[{"time":2.3333,"x":26.41,"y":856.75},{"time":2.3667,"x":28.09,"y":920.49},{"time":2.4333,"x":28.09,"y":916.27},{"time":2.5,"x":28.09,"y":918.3}]},"xian3":{"rotate":[{"time":2.3667,"angle":0,"curve":"stepped"},{"time":2.4333,"angle":0,"curve":"stepped"},{"time":2.4667,"angle":0}],"translate":[{"time":2.3667,"x":0,"y":0,"curve":"stepped"},{"time":2.4333,"x":0,"y":0,"curve":"stepped"},{"time":2.4667,"x":0,"y":0}]},"z":{"translate":[{"time":0,"x":0,"y":-958.98}]}}}}}