{"skeleton":{"hash":"iNHO/mFmsftqpqOWE9iRir0wDTg","spine":"3.6.36","width":0,"height":0,"images":"./images/"},"bones":[{"name":"root"},{"name":"zong","parent":"root"},{"name":"qifu","parent":"zong","x":0.63,"y":5.03},{"name":"beijing","parent":"qifu","x":0.06,"y":5.84},{"name":"shizitou","parent":"qifu","x":-1.7,"y":70.09},{"name":"biyan","parent":"shizitou","x":-0.34,"y":-8.82},{"name":"bone","parent":"root"},{"name":"zhua1","parent":"qifu","length":21.52,"rotation":-147.93,"x":-19.16,"y":61.78},{"name":"bone2","parent":"zhua1","length":16.89,"rotation":74.05,"x":30.12,"y":-0.51},{"name":"zhua2","parent":"qifu","length":21.52,"rotation":146.9,"x":21.45,"y":60.43,"scaleX":-1},{"name":"bone3","parent":"zhua2","length":16.89,"rotation":74.05,"x":30.12,"y":-0.51},{"name":"bone4","parent":"root","rotation":-57.56},{"name":"juanzhou_zong","parent":"root"},{"name":"bone5","parent":"juanzhou_zong"},{"name":"bone6","parent":"root"},{"name":"deng","parent":"qifu","x":-49.2,"y":1.47},{"name":"deng2","parent":"qifu","x":49.61,"y":11.72},{"name":"deng3","parent":"qifu","x":30.75,"y":-23.13},{"name":"fangsheguang","parent":"zong","y":51.92,"scaleX":0.703,"scaleY":0.703},{"name":"juanzhou_1","parent":"shizitou","x":-0.31,"y":-30.77},{"name":"juanzhou_2","parent":"juanzhou_zong","y":6.34},{"name":"juanzhou_s","parent":"juanzhou_1","x":0.79,"y":-109.64},{"name":"juanzhou_s2","parent":"juanzhou_2","x":0.79,"y":-12.62},{"name":"liuguang","parent":"zong","y":46.82},{"name":"yunwu","parent":"qifu","x":44.92,"y":-14.69},{"name":"yunwu_s2","parent":"qifu","x":-40.96,"y":-39.57},{"name":"yunwu_s3","parent":"qifu","x":27.6,"y":-50.8},{"name":"zhuomian","parent":"root","x":505.18,"y":143.47},{"name":"zi","parent":"juanzhou_1","x":-0.22,"y":-8.75},{"name":"zi2","parent":"juanzhou_2","x":-0.22,"y":-8.75},{"name":"zui","parent":"shizitou","x":-0.31,"y":-19.47}],"slots":[{"name":"zhuomian_hancheng","bone":"zhuomian"},{"name":"fangsheguang","bone":"fangsheguang","blend":"additive"},{"name":"juanzhou_s","bone":"juanzhou_s"},{"name":"juanzhou_s4","bone":"juanzhou_s2"},{"name":"juanzhou_s2","bone":"juanzhou_1"},{"name":"juanzhou_s3","bone":"juanzhou_2"},{"name":"yunwu_s","bone":"yunwu"},{"name":"yunwu_s2","bone":"yunwu_s2"},{"name":"yunwu_s3","bone":"yunwu_s3"},{"name":"zi_s","bone":"zi"},{"name":"shizitou_s","bone":"shizitou"},{"name":"beijing","bone":"beijing"},{"name":"yunwu","bone":"yunwu"},{"name":"yunwu2","bone":"yunwu_s2"},{"name":"yunwu3","bone":"yunwu_s3"},{"name":"deng","bone":"deng"},{"name":"zhuazi1","bone":"zhua1"},{"name":"zhuazi2","bone":"zhua2"},{"name":"zui","bone":"zui"},{"name":"zi","bone":"zi"},{"name":"zi2","bone":"zi2"},{"name":"liuguang1","bone":"liuguang","color":"ffc5c5ff","blend":"additive"},{"name":"juanzhou_1","bone":"juanzhou_1"},{"name":"juanzhou_2","bone":"juanzhou_2"},{"name":"juanzhou_3","bone":"juanzhou_s"},{"name":"juanzhou_4","bone":"juanzhou_s2"},{"name":"shizitou","bone":"shizitou"},{"name":"biyan","bone":"biyan"},{"name":"deng2","bone":"deng2"},{"name":"deng3","bone":"deng3"},{"name":"kuoshanguang","bone":"bone","color":"ffe649ff","blend":"additive"},{"name":"kuoshanguang2","bone":"bone4","color":"ffe649ff","blend":"additive"},{"name":"baodianguang","bone":"bone5","blend":"additive"},{"name":"baodianguang2","bone":"bone6","blend":"additive"}],"skins":{"default":{"baodianguang":{"baodianguang":{"width":100,"height":100}},"baodianguang2":{"baodianguang":{"width":100,"height":100}},"beijing":{"beijing":{"x":-0.36,"y":-5.96,"width":164,"height":136}},"biyan":{"biyan":{"x":0.24,"y":-0.88,"width":67,"height":25}},"deng":{"deng":{"x":-0.25,"y":-6.84,"width":24,"height":43}},"deng2":{"deng2":{"x":-0.55,"y":-5.12,"width":21,"height":32}},"deng3":{"deng3":{"x":0.91,"y":-3.68,"width":16,"height":24}},"fangsheguang":{"fangsheguang":{"width":220,"height":220}},"juanzhou_1":{"juanzhou_1":{"x":0.72,"y":-0.43,"width":80,"height":16}},"juanzhou_2":{"juanzhou_1":{"x":0.72,"y":-0.43,"width":80,"height":16}},"juanzhou_3":{"juanzhou_1":{"x":-0.07,"y":-0.29,"width":80,"height":16}},"juanzhou_4":{"juanzhou_1":{"x":-0.07,"y":-0.29,"width":80,"height":16}},"juanzhou_s":{"juanzhou_s":{"x":-0.07,"y":-0.79,"width":84,"height":20}},"juanzhou_s2":{"juanzhou_s":{"x":0.72,"y":-0.76,"width":84,"height":20}},"juanzhou_s3":{"juanzhou_s":{"x":0.72,"y":-0.76,"width":84,"height":20}},"juanzhou_s4":{"juanzhou_s":{"x":-0.07,"y":-0.79,"width":84,"height":20}},"kuoshanguang":{"kuoshanguang":{"width":128,"height":128}},"kuoshanguang2":{"kuoshanguang":{"width":128,"height":128}},"liuguang1":{"liuguang1":{"x":-0.77,"width":48,"height":110}},"shizitou":{"shizitou":{"type":"mesh","uvs":[0,0,0.14286,0,0.28571,0,0.42857,0,0.49643,0,0.57143,0,0.71429,0,0.85714,0,1,0,1,0.33333,1,0.66667,1,0.84654,1,1,0.85714,1,0.71429,1,0.57143,1,0.42857,1,0.28571,1,0.14286,1,0,1,0,0.84215,0,0.66667,0,0.33333,0.14286,0.33333,0.28571,0.33333,0.42857,0.33333,0.57143,0.33333,0.71429,0.33333,0.85714,0.33333,0.14286,0.66667,0.28571,0.66667,0.42857,0.66667,0.57143,0.66667,0.71429,0.66667,0.85714,0.66667,0.49312,0.48618,0.49654,0.12098,0.14225,0.84215,0.28866,0.84215,0.43236,0.84215,0.57606,0.84215,0.71705,0.84215,0.85533,0.84654,0.13998,0.92679,0.22813,0.95979,0.30699,0.95379,0.38957,0.89079,0.45252,0.79629,0.53695,0.79479,0.61396,0.88929,0.6854,0.94929,0.77818,0.95379,0.85303,0.92099,0.63506,0.80042,0.80393,0.78417,0.37171,0.79067,0.18877,0.78742,0.49356,0.4517,0.49477,0.32885,0.454,0.76389,0.48991,0.78288,0.53343,0.76054,0.49402,0.68544,0.49522,0.18429,0.4195,0.2082,0.56837,0.2082],"triangles":[36,4,5,3,36,64,36,3,4,65,36,5,63,36,65,64,2,3,63,64,36,58,64,63,58,63,65,22,0,1,23,1,2,22,1,23,24,23,2,64,24,2,25,24,64,58,25,64,6,65,5,27,26,65,58,65,26,28,27,6,27,65,6,9,28,7,28,6,7,9,7,8,57,25,58,57,58,26,57,24,25,21,22,23,29,23,24,21,23,29,35,30,24,29,24,30,57,35,24,31,30,35,27,57,26,27,35,57,33,32,35,62,31,35,34,33,27,33,35,27,10,34,28,34,27,28,10,28,9,32,62,35,61,62,32,59,31,62,59,62,61,60,59,61,54,33,34,56,29,30,55,30,31,55,31,59,38,56,30,53,48,61,60,61,48,47,55,59,47,59,60,53,32,33,41,53,33,53,61,32,37,20,21,29,37,21,39,55,47,56,37,29,55,38,30,40,48,53,54,41,33,42,54,34,34,10,11,42,34,11,49,40,53,49,53,41,46,55,39,38,55,46,42,41,54,42,51,41,43,20,37,50,49,41,51,50,41,42,52,51,45,38,46,38,37,56,44,38,45,44,37,38,43,37,44,19,20,43,18,43,44,19,43,18,17,44,45,18,44,17,16,46,39,45,46,16,17,45,16,48,47,60,15,40,49,15,49,50,48,40,47,40,39,47,15,39,40,16,39,15,14,50,51,15,50,14,11,52,42,12,13,52,51,52,13,14,51,13,12,52,11],"vertices":[-47.6,26.8,-33.74,26.8,-19.88,26.8,-6.03,26.8,0.56,26.8,7.83,26.8,21.69,26.8,35.55,26.8,49.4,26.8,49.4,6.8,49.4,-13.2,49.4,-23.99,49.4,-33.2,35.55,-33.2,21.69,-33.2,7.83,-33.2,-6.03,-33.2,-19.88,-33.2,-33.74,-33.2,-47.6,-33.2,-47.6,-23.73,-47.6,-13.2,-47.6,6.8,-33.74,6.8,-19.88,6.8,-6.03,6.8,7.83,6.8,21.69,6.8,35.55,6.8,-33.74,-13.2,-19.88,-13.2,-6.03,-13.2,7.83,-13.2,21.69,-13.2,35.55,-13.2,0.24,-2.37,0.57,19.54,-33.8,-23.73,-19.6,-23.73,-5.66,-23.73,8.28,-23.73,21.96,-23.73,35.37,-23.99,-34.02,-28.81,-25.47,-30.79,-17.82,-30.43,-9.81,-26.65,-3.7,-20.98,4.49,-20.89,11.96,-26.56,18.89,-30.16,27.89,-30.43,35.15,-28.46,14,-21.23,30.38,-20.25,-11.54,-20.64,-29.29,-20.45,0.28,-0.3,0.4,7.07,-3.56,-19.03,-0.08,-20.17,4.15,-18.83,0.32,-14.33,0.44,15.74,-6.91,14.31,7.53,14.31],"hull":23,"edges":[0,2,2,4,4,6,10,12,12,14,14,16,16,18,18,20,24,26,26,28,28,30,30,32,32,34,34,36,36,38,42,44,44,0,38,40,40,42,20,22,22,24,6,8,8,10],"width":97,"height":60}},"shizitou_s":{"shizitou_s":{"type":"mesh","uvs":[0,0,0.14286,0,0.28571,0,0.35704,0,0.42857,0,0.57143,0,0.6454,0,0.71429,0,0.85714,0,1,0,1,0.33333,1,0.66667,1,1,0.85714,1,0.71429,1,0.57143,1,0.42857,1,0.28571,1,0.14286,1,0,1,0,0.66667,0,0.33333,0.14286,0.33333,0.28571,0.33333,0.42857,0.33333,0.57143,0.33333,0.71429,0.33333,0.85714,0.33333,0.14286,0.66667,0.28571,0.66667,0.42857,0.66667,0.57143,0.66667,0.71429,0.66667,0.85714,0.66667,0.49972,0.02261],"triangles":[34,4,5,21,0,1,22,1,2,21,1,22,23,2,3,22,2,23,24,23,3,3,4,24,34,24,4,25,5,6,34,5,25,24,34,25,27,26,7,6,7,26,25,6,26,10,27,8,27,7,8,10,8,9,20,21,22,28,22,23,20,22,28,30,29,23,28,23,29,31,30,24,30,23,24,32,31,25,31,24,25,33,32,26,32,25,26,11,33,27,33,26,27,11,27,10,19,20,28,18,28,29,19,28,18,17,29,30,18,29,17,16,30,31,17,30,16,15,31,32,16,31,15,14,32,33,15,32,14,13,33,11,14,33,13,13,11,12],"vertices":[-49.6,28.8,-35.31,28.8,-21.03,28.8,-13.89,28.8,-6.74,28.8,7.55,28.8,14.94,28.8,21.83,28.8,36.12,28.8,50.4,28.8,50.4,7.47,50.4,-13.87,50.4,-35.2,36.12,-35.2,21.83,-35.2,7.55,-35.2,-6.74,-35.2,-21.03,-35.2,-35.31,-35.2,-49.6,-35.2,-49.6,-13.87,-49.6,7.47,-35.31,7.47,-21.03,7.47,-6.74,7.47,7.55,7.47,21.83,7.47,36.12,7.47,-35.31,-13.87,-21.03,-13.87,-6.74,-13.87,7.55,-13.87,21.83,-13.87,36.12,-13.87,0.38,27.35],"hull":22,"edges":[0,2,2,4,8,10,14,16,16,18,18,20,20,22,22,24,24,26,26,28,28,30,30,32,32,34,34,36,36,38,38,40,40,42,42,0,4,6,6,8,10,12,12,14],"width":100,"height":64}},"yunwu":{"yunwu":{"x":-1.22,"y":-0.43,"width":54,"height":14}},"yunwu2":{"yunwu2":{"x":1.66,"y":-0.04,"width":54,"height":13}},"yunwu3":{"yunwu3":{"x":2.6,"y":-0.32,"width":69,"height":26}},"yunwu_s":{"yunwu_s":{"x":-1.72,"y":-0.43,"width":57,"height":18}},"yunwu_s2":{"yunwu_s2":{"x":1.16,"y":-0.04,"width":57,"height":17}},"yunwu_s3":{"yunwu_s3":{"x":2.6,"y":0.18,"width":73,"height":29}},"zhuazi1":{"zhuazi1":{"type":"mesh","uvs":[1,0.45176,0.44558,0.93402,0.34104,1,0.13456,1,0.05876,0.88579,0,0.70773,0,0.43692,0.05615,0.21805,0.18422,0.11789,0.29922,0.05853,0.45081,0,1,0,0.82456,0.4666,0.6991,0.47402,0.5841,0.49998,0.57888,0.65208,0.53706,0.79305],"triangles":[1,2,4,2,3,4,1,16,0,1,4,16,4,5,16,16,5,15,5,6,15,15,6,14,8,14,6,8,6,7,14,8,9,0,16,12,16,15,12,15,13,12,15,14,13,9,10,14,14,10,13,12,13,11,0,12,11,11,13,10],"vertices":[2,7,2.29,15.38,0.97873,8,7.64,31.13,0.02127,2,7,30.31,21.19,0.06626,8,20.92,5.78,0.93374,2,7,35.33,21.55,0.00518,8,22.65,1.06,0.99482,1,8,22.04,-8.01,1,1,8,18.28,-11.1,1,1,8,12.6,-13.31,1,1,8,4.22,-12.74,1,1,8,-2.38,-9.82,1,2,7,32.56,-6.51,0.02242,8,-5.1,-3.99,0.97758,2,7,27.17,-6.53,0.35606,8,-6.6,1.18,0.64394,2,7,20.28,-5.98,0.94651,8,-7.96,7.96,0.05349,1,7,-2.45,2.21,1,2,7,9.71,13.2,0.91837,8,7.58,23.39,0.08163,2,7,14.98,11.55,0.8209,8,7.44,17.87,0.1791,2,7,20.01,10.59,0.65042,8,7.9,12.77,0.34958,2,7,21.83,14.95,0.46172,8,12.59,12.22,0.53828,2,7,25.04,18.44,0.26128,8,16.83,10.09,0.73872],"hull":12,"edges":[0,22,4,6,10,12,20,22,0,2,2,4,6,8,8,10,12,14,14,16,16,18,18,20],"width":44,"height":31}},"zhuazi2":{"zhuazi1":{"type":"mesh","uvs":[1,0.45176,0.44558,0.93402,0.34104,1,0.13456,1,0.05876,0.88579,0,0.70773,0,0.43692,0.05615,0.21805,0.18422,0.11789,0.29922,0.05853,0.45081,0,1,0,0.82456,0.4666,0.6991,0.47402,0.5841,0.49998,0.57888,0.65208,0.53706,0.79305],"triangles":[1,2,4,2,3,4,1,16,0,1,4,16,4,5,16,16,5,15,5,6,15,15,6,14,8,14,6,8,6,7,14,8,9,0,16,12,16,15,12,15,13,12,15,14,13,9,10,14,14,10,13,12,13,11,0,12,11,11,13,10],"vertices":[2,9,2.29,15.38,0.97873,10,7.64,31.13,0.02127,2,9,30.31,21.19,0.06626,10,20.92,5.78,0.93374,2,9,35.33,21.55,0.00518,10,22.65,1.06,0.99482,1,10,22.04,-8.01,1,1,10,18.28,-11.1,1,1,10,12.6,-13.31,1,1,10,4.22,-12.74,1,1,10,-2.38,-9.82,1,2,9,32.56,-6.51,0.02242,10,-5.1,-3.99,0.97758,2,9,27.17,-6.53,0.35606,10,-6.6,1.18,0.64394,2,9,20.28,-5.98,0.94651,10,-7.96,7.96,0.05349,1,9,-2.45,2.21,1,2,9,9.71,13.2,0.91837,10,7.58,23.39,0.08163,2,9,14.98,11.55,0.8209,10,7.44,17.87,0.1791,2,9,20.01,10.59,0.65042,10,7.9,12.77,0.34958,2,9,21.83,14.95,0.46172,10,12.59,12.22,0.53828,2,9,25.04,18.44,0.26128,10,16.83,10.09,0.73872],"hull":12,"edges":[0,22,4,6,10,12,20,22,0,2,2,4,6,8,8,10,12,14,14,16,16,18,18,20],"width":44,"height":31}},"zi":{"zi":{"type":"mesh","uvs":[0,0,1,0,1,0.08333,0,0.08333],"triangles":[0,1,2,3,0,2],"vertices":[-23.06,8.32,24.94,8.32,24.94,-0.84,-23.06,-0.84],"hull":4,"edges":[2,4,6,0,0,2,4,6],"width":48,"height":110},"zi2":{"type":"mesh","path":"zi","uvs":[0,0,1,0,1,0.08333,1,0.16667,0,0.16667,0,0.08333],"triangles":[0,1,2,5,0,2,5,2,3,4,5,3],"vertices":[-23.06,8.32,24.94,8.32,24.94,-0.84,24.94,-10.01,-23.06,-10.01,-23.06,-0.84],"hull":6,"edges":[2,4,4,6,8,10,10,0,0,2,6,8],"width":48,"height":110},"zi3":{"type":"mesh","path":"zi","uvs":[0,0,1,0,1,0.08333,1,0.16667,1,0.25,0,0.25,0,0.16667,0,0.08333],"triangles":[0,1,2,7,0,2,7,2,3,6,7,3,6,3,4,5,6,4],"vertices":[-23.06,8.32,24.94,8.32,24.94,-0.84,24.94,-10.01,24.94,-19.18,-23.06,-19.18,-23.06,-10.01,-23.06,-0.84],"hull":8,"edges":[2,4,4,6,6,8,10,12,12,14,14,0,0,2,8,10],"width":48,"height":110},"zi4":{"type":"mesh","path":"zi","uvs":[0,0,1,0,1,0.08333,1,0.16667,1,0.25,1,0.33333,1,0.41667,0,0.41667,0,0.33333,0,0.25,0,0.16667,0,0.08333],"triangles":[0,1,2,11,0,2,11,2,3,10,11,3,10,3,4,9,10,4,9,4,5,8,9,5,8,5,6,7,8,6],"vertices":[-23.06,8.32,24.94,8.32,24.94,-0.84,24.94,-10.01,24.94,-19.18,24.94,-28.34,24.94,-37.51,-23.06,-37.51,-23.06,-28.34,-23.06,-19.18,-23.06,-10.01,-23.06,-0.84],"hull":12,"edges":[2,4,4,6,6,8,8,10,10,12,14,16,16,18,18,20,20,22,22,0,0,2,12,14],"width":48,"height":110},"zi5":{"type":"mesh","path":"zi","uvs":[0,0,1,0,1,0.08333,1,0.16667,1,0.25,1,0.33333,1,0.41667,1,0.5,1,0.58333,0,0.58333,0,0.5,0,0.41667,0,0.33333,0,0.25,0,0.16667,0,0.08333],"triangles":[0,1,2,15,0,2,15,2,3,14,15,3,14,3,4,13,14,4,13,4,5,12,13,5,12,5,6,11,12,6,11,6,7,10,11,7,10,7,8,9,10,8],"vertices":[-23.06,8.32,24.94,8.32,24.94,-0.84,24.94,-10.01,24.94,-19.18,24.94,-28.34,24.94,-37.51,24.94,-46.68,24.94,-55.84,-23.06,-55.84,-23.06,-46.68,-23.06,-37.51,-23.06,-28.34,-23.06,-19.18,-23.06,-10.01,-23.06,-0.84],"hull":16,"edges":[2,4,4,6,6,8,8,10,10,12,12,14,14,16,18,20,20,22,22,24,24,26,26,28,28,30,30,0,0,2,16,18],"width":48,"height":110},"zi6":{"type":"mesh","path":"zi","uvs":[0,0,1,0,1,0.08333,1,0.16667,1,0.25,1,0.33333,1,0.41667,1,0.5,1,0.58333,1,0.66667,1,0.75,0,0.75,0,0.66667,0,0.58333,0,0.5,0,0.41667,0,0.33333,0,0.25,0,0.16667,0,0.08333],"triangles":[0,1,2,19,0,2,19,2,3,18,19,3,18,3,4,17,18,4,17,4,5,16,17,5,16,5,6,15,16,6,15,6,7,14,15,7,14,7,8,13,14,8,13,8,9,12,13,9,12,9,10,11,12,10],"vertices":[-23.06,8.32,24.94,8.32,24.94,-0.84,24.94,-10.01,24.94,-19.18,24.94,-28.34,24.94,-37.51,24.94,-46.68,24.94,-55.84,24.94,-65.01,24.94,-74.18,-23.06,-74.18,-23.06,-65.01,-23.06,-55.84,-23.06,-46.68,-23.06,-37.51,-23.06,-28.34,-23.06,-19.18,-23.06,-10.01,-23.06,-0.84],"hull":20,"edges":[2,4,4,6,6,8,8,10,10,12,12,14,14,16,16,18,18,20,22,24,24,26,26,28,28,30,30,32,32,34,34,36,36,38,38,0,0,2,20,22],"width":48,"height":110},"zi7":{"type":"mesh","path":"zi","uvs":[0,0,1,0,1,0.08333,1,0.16667,1,0.25,1,0.33333,1,0.41667,1,0.5,1,0.58333,1,0.66667,1,0.75,1,0.83333,1,0.91667,1,1,0,1,0,0.91667,0,0.83333,0,0.75,0,0.66667,0,0.58333,0,0.5,0,0.41667,0,0.33333,0,0.25,0,0.16667,0,0.08333],"triangles":[0,1,2,25,0,2,25,2,3,24,25,3,24,3,4,23,24,4,23,4,5,22,23,5,22,5,6,21,22,6,21,6,7,20,21,7,20,7,8,19,20,8,19,8,9,18,19,9,18,9,10,17,18,10,17,10,11,16,17,11,16,11,12,15,16,12,13,14,15,13,15,12],"vertices":[-23.06,8.32,24.94,8.32,24.94,-0.84,24.94,-10.01,24.94,-19.18,24.94,-28.34,24.94,-37.51,24.94,-46.68,24.94,-55.84,24.94,-65.01,24.94,-74.18,24.94,-83.34,24.94,-92.51,24.94,-101.68,-23.06,-101.68,-23.06,-92.51,-23.06,-83.34,-23.06,-74.18,-23.06,-65.01,-23.06,-55.84,-23.06,-46.68,-23.06,-37.51,-23.06,-28.34,-23.06,-19.18,-23.06,-10.01,-23.06,-0.84],"hull":26,"edges":[2,4,4,6,6,8,8,10,10,12,12,14,14,16,16,18,18,20,20,22,22,24,24,26,28,30,30,32,32,34,34,36,36,38,38,40,40,42,42,44,44,46,46,48,48,50,50,0,0,2,26,28],"width":48,"height":110}},"zi2":{"zi":{"type":"mesh","uvs":[0,0,1,0,1,0.08333,0,0.08333],"triangles":[0,1,2,3,0,2],"vertices":[-23.06,5.86,24.94,5.86,24.94,-3.31,-23.06,-3.31],"hull":4,"edges":[2,4,6,0,0,2,4,6],"width":48,"height":110}},"zi_s":{"zi_s":{"x":0.94,"y":-94.18,"width":52,"height":19}},"zui":{"zui":{"type":"mesh","uvs":[1,0.40214,1,0.63449,1,1,0.69968,1,0.51042,1,0.30659,1,0,1,0,0.45265,0,0,1,0,0.03726,0.6648,0.15615,0.90051,0.8477,0.91735,0.18284,0.74224,0.36968,0.89378,0.51527,0.90051,0.65601,0.88031,0.77733,0.83316,0.86468,0.76582,0.12704,0.59745,0.92049,0.5402,0.35027,0.6648,0.55652,0.6951,0.74821,0.63786],"triangles":[23,8,9,7,21,19,23,9,0,21,7,8,20,0,1,0,20,23,10,7,19,23,21,8,22,21,23,13,19,21,10,19,13,18,23,20,18,20,1,17,23,18,22,23,17,16,22,17,14,21,22,15,14,22,13,21,14,16,15,22,11,10,13,11,13,14,12,17,18,6,7,10,6,10,11,5,11,14,6,11,5,4,14,15,5,14,4,3,16,17,3,17,12,4,15,16,3,4,16,18,1,2,12,18,2,3,12,2],"vertices":[34.72,-3.44,34.72,-14.82,34.72,-32.73,14.3,-32.73,1.43,-32.73,-12.43,-32.73,-33.28,-32.73,-33.28,-5.91,-33.28,16.27,34.72,16.27,-30.75,-16.31,-22.66,-27.86,24.36,-28.68,-20.85,-20.1,-8.14,-27.53,1.76,-27.86,11.33,-26.87,19.58,-24.56,25.52,-21.26,-24.64,-13.01,29.31,-10.2,-9.46,-16.31,4.56,-17.79,17.6,-14.99],"hull":10,"edges":[16,18,10,12,8,10,4,6,6,8,4,2,2,0,0,18,12,14,14,16],"width":68,"height":49}}}},"animations":{"qifu":{"slots":{"baodianguang":{"color":[{"time":0.1333,"color":"fffffffe"},{"time":0.2667,"color":"ffffff00"}],"attachment":[{"time":0,"name":"baodianguang"}]},"beijing":{"attachment":[{"time":0,"name":null}]},"deng":{"attachment":[{"time":0,"name":null}]},"deng2":{"attachment":[{"time":0,"name":null}]},"deng3":{"attachment":[{"time":0,"name":null}]},"juanzhou_1":{"attachment":[{"time":0,"name":null}]},"juanzhou_2":{"attachment":[{"time":0.0333,"name":"juanzhou_1"},{"time":0.9667,"name":null}]},"juanzhou_3":{"attachment":[{"time":0,"name":null}]},"juanzhou_4":{"attachment":[{"time":0.0667,"name":"juanzhou_1"},{"time":0.9667,"name":null}]},"juanzhou_s":{"attachment":[{"time":0,"name":null}]},"juanzhou_s3":{"attachment":[{"time":0.0333,"name":"juanzhou_s"},{"time":0.9667,"name":null}]},"juanzhou_s4":{"attachment":[{"time":0.0667,"name":"juanzhou_s"},{"time":0.9667,"name":null}]},"shizitou":{"attachment":[{"time":0,"name":null}]},"shizitou_s":{"attachment":[{"time":0,"name":null}]},"yunwu":{"attachment":[{"time":0,"name":null}]},"yunwu2":{"attachment":[{"time":0,"name":null}]},"yunwu3":{"attachment":[{"time":0,"name":null}]},"yunwu_s":{"attachment":[{"time":0,"name":null}]},"yunwu_s2":{"attachment":[{"time":0,"name":null}]},"yunwu_s3":{"attachment":[{"time":0,"name":null}]},"zhuazi1":{"attachment":[{"time":0,"name":null}]},"zhuazi2":{"attachment":[{"time":0,"name":null}]},"zi":{"attachment":[{"time":0,"name":null}]},"zi2":{"attachment":[{"time":0.0667,"name":"zi"},{"time":0.9667,"name":null}]},"zui":{"attachment":[{"time":0,"name":null}]}},"bones":{"juanzhou_2":{"scale":[{"time":0.0333,"x":0.576,"y":0.576},{"time":0.1333,"x":1.3,"y":1.3},{"time":0.2333,"x":1,"y":1},{"time":0.3333,"x":1.15,"y":1.15},{"time":0.4333,"x":1.1,"y":1.1}]},"bone5":{"scale":[{"time":0,"x":0.924,"y":0.924,"curve":[0,0.4,0.75,1]},{"time":0.2667,"x":2.807,"y":1.112}]}}},"qifu2":{"slots":{"beijing":{"attachment":[{"time":0,"name":null},{"time":0.0333,"name":"beijing"},{"time":0.3,"name":"beijing"}]},"biyan":{"attachment":[{"time":0.8667,"name":"biyan"},{"time":0.9667,"name":null},{"time":1.7333,"name":"biyan"},{"time":1.8333,"name":null},{"time":3,"name":"biyan"},{"time":3.1,"name":null}]},"deng":{"attachment":[{"time":0,"name":null},{"time":0.0333,"name":"deng"},{"time":0.3,"name":"deng"}]},"deng2":{"attachment":[{"time":0,"name":null},{"time":0.0333,"name":"deng2"},{"time":0.3,"name":"deng2"}]},"deng3":{"attachment":[{"time":0,"name":null},{"time":0.0333,"name":"deng3"},{"time":0.3,"name":"deng3"}]},"fangsheguang":{"color":[{"time":1.4667,"color":"ffffff00"},{"time":1.6333,"color":"fffffffe"}],"attachment":[{"time":1.4667,"name":"fangsheguang"}]},"juanzhou_1":{"attachment":[{"time":0,"name":null},{"time":0.3,"name":"juanzhou_1"}]},"juanzhou_3":{"attachment":[{"time":0,"name":null},{"time":0.3,"name":"juanzhou_1"}]},"juanzhou_s":{"attachment":[{"time":0,"name":null},{"time":0.3,"name":"juanzhou_s"}]},"kuoshanguang":{"color":[{"time":0,"color":"ffcd38fe"},{"time":0.2,"color":"ffcd39d4"},{"time":0.3,"color":"ffcd3700"}],"attachment":[{"time":0,"name":"kuoshanguang"}]},"kuoshanguang2":{"color":[{"time":0.0333,"color":"ffcd38fe"},{"time":0.2333,"color":"ffb422d4"},{"time":0.3667,"color":"ffb42100"}],"attachment":[{"time":0.0333,"name":"kuoshanguang"}]},"liuguang1":{"attachment":[{"time":2.1333,"name":"liuguang1"},{"time":2.4667,"name":null}]},"shizitou":{"attachment":[{"time":0,"name":null},{"time":0.0333,"name":"shizitou"},{"time":0.3,"name":"shizitou"}]},"shizitou_s":{"attachment":[{"time":0,"name":null},{"time":0.0333,"name":"shizitou_s"},{"time":0.3,"name":"shizitou_s"}]},"yunwu":{"attachment":[{"time":0,"name":null},{"time":0.0333,"name":"yunwu"},{"time":0.3,"name":"yunwu"}]},"yunwu2":{"attachment":[{"time":0,"name":null},{"time":0.0333,"name":"yunwu2"},{"time":0.3,"name":"yunwu2"}]},"yunwu3":{"attachment":[{"time":0,"name":null},{"time":0.0333,"name":"yunwu3"},{"time":0.3,"name":"yunwu3"}]},"yunwu_s":{"attachment":[{"time":0,"name":null},{"time":0.0333,"name":"yunwu_s"},{"time":0.3,"name":"yunwu_s"}]},"yunwu_s2":{"attachment":[{"time":0,"name":null},{"time":0.0333,"name":"yunwu_s2"},{"time":0.3,"name":"yunwu_s2"}]},"yunwu_s3":{"attachment":[{"time":0,"name":null},{"time":0.0333,"name":"yunwu_s3"},{"time":0.3,"name":"yunwu_s3"}]},"zhuazi1":{"attachment":[{"time":0,"name":null},{"time":0.0333,"name":"zhuazi1"},{"time":0.3,"name":"zhuazi1"}]},"zhuazi2":{"attachment":[{"time":0,"name":null},{"time":0.0333,"name":"zhuazi1"},{"time":0.3,"name":"zhuazi1"}]},"zi":{"attachment":[{"time":0,"name":null},{"time":0.3,"name":"zi"},{"time":1.4333,"name":"zi"},{"time":1.4667,"name":"zi2"},{"time":1.5,"name":"zi3"},{"time":1.5333,"name":"zi4"},{"time":1.5667,"name":"zi5"},{"time":1.6,"name":"zi6"},{"time":1.6333,"name":"zi7"},{"time":1.7,"name":"zi7"}]},"zi_s":{"attachment":[{"time":1.6333,"name":"zi_s"},{"time":1.7,"name":null},{"time":1.7667,"name":"zi_s"}]},"zui":{"attachment":[{"time":0,"name":null},{"time":0.3,"name":"zui"}]}},"bones":{"qifu":{"rotate":[{"time":0.0333,"angle":0,"curve":"stepped"},{"time":0.3,"angle":0}],"translate":[{"time":0.0333,"x":0,"y":0,"curve":"stepped"},{"time":0.3,"x":0,"y":0,"curve":"stepped"},{"time":0.6667,"x":0,"y":0},{"time":0.7333,"x":0,"y":-2.63},{"time":0.8,"x":0,"y":0}],"scale":[{"time":0.0333,"x":1,"y":1,"curve":"stepped"},{"time":0.3,"x":1,"y":1}]},"beijing":{"rotate":[{"time":0.0333,"angle":0,"curve":"stepped"},{"time":0.3,"angle":0}],"translate":[{"time":0.0333,"x":0,"y":0,"curve":"stepped"},{"time":0.3,"x":0,"y":0}]},"yunwu":{"rotate":[{"time":0.0333,"angle":0,"curve":"stepped"},{"time":0.3,"angle":0}],"translate":[{"time":0.0333,"x":-11.7,"y":0,"curve":"stepped"},{"time":0.3,"x":-11.7,"y":0},{"time":3.6333,"x":16.46,"y":0}]},"yunwu_s2":{"rotate":[{"time":0.0333,"angle":0,"curve":"stepped"},{"time":0.3,"angle":0}],"translate":[{"time":0.0333,"x":15.6,"y":0,"curve":"stepped"},{"time":0.3,"x":15.6,"y":0},{"time":3.6333,"x":-7.36,"y":0}]},"yunwu_s3":{"rotate":[{"time":0.0333,"angle":0,"curve":"stepped"},{"time":0.3,"angle":0}],"translate":[{"time":0.0333,"x":-13.37,"y":0,"curve":"stepped"},{"time":0.3,"x":-13.37,"y":0},{"time":3.6333,"x":-1.98,"y":0}]},"shizitou":{"rotate":[{"time":0.0333,"angle":0,"curve":"stepped"},{"time":0.3,"angle":0}],"translate":[{"time":0.0333,"x":0,"y":-39.09,"curve":"stepped"},{"time":0.3,"x":0,"y":-39.09},{"time":0.5,"x":0,"y":24.36},{"time":0.5333,"x":0,"y":29.89},{"time":0.5667,"x":0,"y":26.75},{"time":0.7333,"x":0,"y":-3.06},{"time":0.8333,"x":0,"y":1.13},{"time":0.9,"x":0,"y":0,"curve":"stepped"},{"time":1,"x":0,"y":0,"curve":[0,0.2,0.75,1]},{"time":1.3333,"x":0,"y":15.04,"curve":[0.25,0,1,0.9]},{"time":1.4333,"x":0,"y":-4.63},{"time":1.5,"x":0,"y":0.57},{"time":1.5667,"x":0,"y":0}],"scale":[{"time":0.0333,"x":0.85,"y":0.85,"curve":"stepped"},{"time":0.3,"x":0.85,"y":0.85,"curve":"stepped"},{"time":0.5,"x":0.85,"y":0.85},{"time":0.5667,"x":1,"y":1}]},"juanzhou_1":{"translate":[{"time":0.3,"x":0,"y":0,"curve":"stepped"},{"time":1,"x":0,"y":0,"curve":[0,0.2,0.75,1]},{"time":1.3333,"x":0,"y":7.17,"curve":[0.25,0,1,0.9]},{"time":1.4333,"x":0,"y":0}]},"biyan":{"rotate":[{"time":0.3,"angle":0}],"translate":[{"time":0.3,"x":0,"y":0}]},"juanzhou_s":{"translate":[{"time":0.3,"x":0,"y":98.98,"curve":"stepped"},{"time":1.4333,"x":0,"y":98.98,"curve":[0.25,0,1,0.8]},{"time":1.6333,"x":0,"y":-3.34,"curve":[0.25,0,0.75,1]},{"time":1.7,"x":0,"y":10.62,"curve":[0.25,0,0.75,1]},{"time":1.7667,"x":0,"y":-1.84,"curve":[0.25,0,0.75,1]},{"time":1.8333,"x":0,"y":5.09,"curve":[0.25,0,0.75,1]},{"time":1.9,"x":0,"y":-2.05,"curve":[0.25,0,0.75,1]},{"time":2,"x":0,"y":3.61,"curve":[0.25,0,0.75,1]},{"time":2.1,"x":0,"y":0}]},"deng":{"rotate":[{"time":0.0333,"angle":-6.85,"curve":"stepped"},{"time":0.3,"angle":-6.85},{"time":3.6333,"angle":0}],"translate":[{"time":0.0333,"x":4.49,"y":-13.16,"curve":"stepped"},{"time":0.3,"x":4.49,"y":-13.16},{"time":3.6333,"x":0,"y":3.91}]},"deng2":{"rotate":[{"time":0.0333,"angle":9.61,"curve":"stepped"},{"time":0.3,"angle":9.61},{"time":3.6333,"angle":0}],"translate":[{"time":0.0333,"x":-6.66,"y":-9.85,"curve":"stepped"},{"time":0.3,"x":-6.66,"y":-9.85},{"time":3.6333,"x":0.87,"y":6.09}]},"deng3":{"rotate":[{"time":0.0333,"angle":9.19,"curve":"stepped"},{"time":0.3,"angle":9.19},{"time":3.6333,"angle":0}],"translate":[{"time":0.0333,"x":-6.66,"y":-10.32,"curve":"stepped"},{"time":0.3,"x":-6.66,"y":-10.32},{"time":3.6333,"x":0,"y":4.78}]},"zhua1":{"rotate":[{"time":0.0333,"angle":-21.43,"curve":"stepped"},{"time":0.3,"angle":-21.43},{"time":0.5,"angle":-4.15},{"time":0.5667,"angle":315.11},{"time":0.7,"angle":0}],"translate":[{"time":0.0333,"x":16.8,"y":-41.56,"curve":"stepped"},{"time":0.3,"x":16.8,"y":-41.56},{"time":0.5,"x":0.94,"y":10.01},{"time":0.5667,"x":-4.34,"y":13.65},{"time":0.7,"x":0,"y":0}]},"zhua2":{"rotate":[{"time":0.0333,"angle":27.81,"curve":"stepped"},{"time":0.3,"angle":27.81},{"time":0.5,"angle":3.95},{"time":0.5667,"angle":-319.77},{"time":0.7,"angle":0}],"translate":[{"time":0.0333,"x":-22.57,"y":-41.56,"curve":"stepped"},{"time":0.3,"x":-22.57,"y":-41.56},{"time":0.5,"x":-6.22,"y":10.01},{"time":0.5667,"x":-0.77,"y":13.65},{"time":0.7,"x":0,"y":0}]},"bone3":{"rotate":[{"time":0.3,"angle":-47.47},{"time":0.5667,"angle":-34.71},{"time":0.7,"angle":0}]},"bone2":{"rotate":[{"time":0.3,"angle":-39.92},{"time":0.5667,"angle":-22.79},{"time":0.7,"angle":0}]},"fangsheguang":{"rotate":[{"time":0.0333,"angle":0,"curve":"stepped"},{"time":0.3,"angle":0},{"time":3.6333,"angle":150}]},"liuguang":{"translate":[{"time":2.1333,"x":0,"y":-14.6},{"time":2.2333,"x":0,"y":-46.65},{"time":2.4667,"x":0,"y":-114.75}],"scale":[{"time":2.1333,"x":1,"y":0.213},{"time":2.1667,"x":1,"y":0.413},{"time":2.2,"x":1,"y":0.862},{"time":2.2333,"x":1,"y":1,"curve":"stepped"},{"time":2.3,"x":1,"y":1,"curve":"stepped"},{"time":2.3667,"x":1,"y":1},{"time":2.4,"x":1,"y":0.804},{"time":2.4667,"x":1,"y":0.172}]},"zong":{"scale":[{"time":0.0333,"x":0.558,"y":0.558,"curve":[0,0.29,0.75,1]},{"time":0.2,"x":1.05,"y":1.05},{"time":0.3,"x":1,"y":1}]},"bone":{"scale":[{"time":0,"x":1,"y":1,"curve":[0,0.87,0.75,1]},{"time":0.3,"x":2.5,"y":2.5}]},"bone4":{"scale":[{"time":0.0333,"x":1,"y":1,"curve":[0,0.9,0.75,1]},{"time":0.3667,"x":2.7,"y":2.7}]}},"deform":{"default":{"shizitou":{"shizitou":[{"time":0.0333,"curve":"stepped"},{"time":0.3,"curve":"stepped"},{"time":0.9,"curve":"stepped"},{"time":1,"curve":[0,0.2,0.75,1]},{"time":1.3333,"offset":1,"vertices":[-2.2,-2.12299,-4.25238,0,-2.71001,0,-0.99819,0,-1.071,0,-0.99818,0,-2.24498,1.35101,-3.91501,-0.19299,-1.98,0,2.54877,0,4.87242,0,6.55779,0,4.29983,0,3.13383,0,3.40584,0,3.13383,0,3.34582,0,2.91183,0,3.66385,0,4.61784,0,5.78341,1.0E-5,3.7494,0,2.68019,0,7.445,0,11.36976,0,10.66874,0,11.00773,0,11.13138,0,7.67121,-1.43498,10.40239,-0.41,10.18239,-0.071,13.25936,0.46401,13.08532,1.0E-5,11.15938,1.23002,9.02936,0,10.63896,-1.0E-5,4.92697,0,5.20802,0,7.96701,1.21099,7.71224,-2.07599,7.88539,0,7.51897,0,4.94397,0,5.2172,0,4.59242,0,4.63189,0,4.81898,0,8.54539,-0.605,8.16976,0,4.804,1.0E-5,4.63399,1.0E-5,4.72096,0,4.7346,1.0E-5,8.73595,1.02501,8.82893,1.0E-5,8.60497,0,8.36998,0,11.85793,0,10.89598,0,10.49594,0,8.46997,0,10.73996,0,14.11092,0,6.84299,0,7.452,0,7.45197],"curve":[0.25,0,1,0.9]},{"time":1.4333}]},"shizitou_s":{"shizitou_s":[{"time":0.0333,"curve":"stepped"},{"time":0.3,"curve":"stepped"},{"time":0.9,"curve":"stepped"},{"time":1,"curve":[0,0.2,0.75,1]},{"time":1.3333,"vertices":[1.428,-2.31598,-2.509,-5.67999,0,-1.67996,0,-1.52798,1.0E-5,0.04102,0,-0.10599,1.0E-5,-1.14601,1.0E-5,-2.76999,1.361,-4.43602,-0.6,-4.22598,-0.20401,3.06898,1.0E-5,5.01299,0,2.42204,0,2.42204,0,2.42204,0,2.42204,0,2.42204,0,2.42204,0,2.42204,0,2.42204,1.0E-5,4.16599,0,2.466,0,6.16197,0,8.74196,0,7.18198,0,7.18198,0,8.67596,0,5.95798,1.0E-5,5.37599,1.0E-5,5.37599,1.0E-5,5.37599,1.0E-5,5.37599,1.0E-5,5.37599,1.0E-5,5.37599,1.0E-5,-1.62801],"curve":[0.25,0,1,0.9]},{"time":1.4333}]},"zi":{"zi7":[{"time":1.6333},{"time":1.7,"offset":25,"vertices":[1.74899,-1.0E-5,6.35997,1.0E-5,6.51899,0,0.159]},{"time":1.7333,"offset":25,"vertices":[-0.5565,0,3.17999,0,3.25949,0,0.0795]},{"time":1.7667}]},"zui":{"zui":[{"time":0.3,"curve":"stepped"},{"time":0.9,"curve":"stepped"},{"time":1},{"time":1.0667,"offset":1,"vertices":[2.047,0,0,0,0,0,1.69099,0,1.95804,0,2.84801,0,0,0,2.492,0,0,0,0,0,1.60199,0,1.33499,0,1.06796,0,1.60201,1.0E-5,0.88995,0,1.60196,-1.0E-5,1.60201,0,1.51299,0,2.40297,0,1.24599,0,1.15698]},{"time":1.3333,"offset":1,"vertices":[2.047,0,1.91997,1.0E-5,3.83997,-1.0E-5,3.99498,0,4.26205,0,4.384,0,4.79997,0,2.492,0,0,0,0,0,1.60199,0,3.44698,0,2.41197,0,1.60201,1.0E-5,3.38599,0,3.90596,-1.0E-5,4.09799,0,4.20099,0,4.32298,0,1.24599,0,1.15698]},{"time":1.4333}]}}},"drawOrder":[{"time":0.0333,"offsets":[{"slot":"shizitou_s","offset":-8},{"slot":"zhuazi1","offset":-12},{"slot":"zhuazi2","offset":-14},{"slot":"zui","offset":-13},{"slot":"zi","offset":-13},{"slot":"juanzhou_1","offset":-11},{"slot":"juanzhou_3","offset":-12},{"slot":"shizitou","offset":-13}]},{"time":0.3,"offsets":[{"slot":"shizitou_s","offset":-8},{"slot":"zhuazi1","offset":-12},{"slot":"zhuazi2","offset":-14},{"slot":"zui","offset":-13},{"slot":"zi","offset":-13},{"slot":"juanzhou_1","offset":-11},{"slot":"juanzhou_3","offset":-12},{"slot":"shizitou","offset":-13}]},{"time":0.5667}]}}}