{
  "ID": "b22e1bec-93f0-4aba-99cf-a053c870e0f1",
  "Version": "3.10.0.0",
  "Name": "MessageBox",
  "Content": {
    "Content": {
      "Animation": {
        "Duration": 0,
        "Speed": 1.0,
        "Timelines": [],
        "ctype": "TimelineActionData"
      },
      "AnimationList": [],
      "ObjectData": {
        "Children": [
          {
            "ClipAble": false,
            "BackColorAlpha": 127,
            "SingleColor": {
              "R": 0,
              "G": 0,
              "B": 0
            },
            "FirstColor": {
              "R": 150,
              "G": 200
            },
            "EndColor": {},
            "ColorVector": {
              "ScaleY": 1.0
            },
            "Scale9Width": 1,
            "Scale9Height": 1,
            "TouchEnable": true,
            "AnchorPoint": {
              "ScaleX": 0.5,
              "ScaleY": 0.5
            },
            "Position": {
              "X": 640.0,
              "Y": 360.0
            },
            "Scale": {
              "ScaleX": 1.0,
              "ScaleY": 1.0
            },
            "CColor": {},
            "IconVisible": false,
            "PrePosition": {
              "X": 0.5,
              "Y": 0.5
            },
            "PercentWidthEnable": true,
            "PercentHeightEnable": true,
            "PercentWidthEnabled": true,
            "PercentHeightEnabled": true,
            "PreSize": {
              "X": 1.0,
              "Y": 1.0
            },
            "Tag": 197,
            "Children": [
              {
                "FileData": {
                  "Type": "Normal",
                  "Path": "image/ui/common/transparent_1280x720.png",
                  "Plist": ""
                },
                "BlendFunc": {
                  "Src": 1,
                  "Dst": 771
                },
                "AnchorPoint": {},
                "Position": {
                  "X": 0.0,
                  "Y": 0.0
                },
                "Scale": {
                  "ScaleX": 1.0,
                  "ScaleY": 1.0
                },
                "CColor": {},
                "IconVisible": false,
                "PositionPercentXEnabled": true,
                "PositionPercentYEnabled": true,
                "PrePosition": {
                  "X": 0.0,
                  "Y": 0.0
                },
                "PreSize": {
                  "X": 1.0,
                  "Y": 1.0
                },
                "Tag": 65,
                "ActionTag": -912358068,
                "Size": {
                  "X": 1280.0,
                  "Y": 720.0
                },
                "Name": "fake_root",
                "ctype": "SpriteObjectData"
              },
              {
                "FileData": {
                  "Type": "Normal",
                  "Path": "image/ui/common/common_bg4.png",
                  "Plist": ""
                },
                "BlendFunc": {
                  "Src": 1,
                  "Dst": 771
                },
                "AnchorPoint": {
                  "ScaleY": 0.5
                },
                "Position": {
                  "X": 640.0,
                  "Y": 365.4078
                },
                "Scale": {
                  "ScaleX": 1.0,
                  "ScaleY": -1.0
                },
                "RotationSkewX": 180.0,
                "RotationSkewY": 180.0,
                "CColor": {},
                "IconVisible": false,
                "PositionPercentXEnabled": true,
                "PrePosition": {
                  "X": 0.5,
                  "Y": 0.5075
                },
                "PreSize": {
                  "X": 0.2422,
                  "Y": 0.4958
                },
                "LeftMargin": 640.0,
                "RightMargin": 330.0,
                "TopMargin": 176.0922,
                "BottomMargin": 186.9078,
                "Tag": 425,
                "ActionTag": -1801537037,
                "Size": {
                  "X": 310.0,
                  "Y": 357.0
                },
                "Name": "common_bg4_28",
                "ctype": "SpriteObjectData"
              },
              {
                "FileData": {
                  "Type": "Normal",
                  "Path": "image/ui/common/common_bg4.png",
                  "Plist": ""
                },
                "Scale9OriginX": 42,
                "Scale9OriginY": 42,
                "Scale9Width": 226,
                "Scale9Height": 273,
                "AnchorPoint": {
                  "ScaleY": 0.5
                },
                "Position": {
                  "X": 640.0,
                  "Y": 365.2242
                },
                "Scale": {
                  "ScaleX": 1.0,
                  "ScaleY": 1.0
                },
                "CColor": {},
                "IconVisible": false,
                "PositionPercentXEnabled": true,
                "PrePosition": {
                  "X": 0.5,
                  "Y": 0.5073
                },
                "PreSize": {
                  "X": 0.2422,
                  "Y": 0.4958
                },
                "LeftMargin": 640.0,
                "RightMargin": 330.0,
                "TopMargin": 176.2758,
                "BottomMargin": 186.7242,
                "Tag": 135,
                "Children": [
                  {
                    "IsCustomSize": true,
                    "FontSize": 24,
                    "LabelText": "亲爱的玩家，建议您选择微信登录。游客模式下的游戏数据在更换设备时将无法找回，确定登录吗亲爱的玩家，建议您选择微信登录。游客模式下的游戏数据在更换设备时将无法找回，确定登录吗",
                    "FontResource": {
                      "Type": "Normal",
                      "Path": "image/fonts/FZZY.TTF",
                      "Plist": ""
                    },
                    "HorizontalAlignmentType": "HT_Center",
                    "VerticalAlignmentType": "VT_Center",
                    "OutlineColor": {
                      "R": 61,
                      "G": 55,
                      "B": 55
                    },
                    "ShadowColor": {
                      "R": 110,
                      "G": 110,
                      "B": 110
                    },
                    "ShadowOffsetX": 2.0,
                    "ShadowOffsetY": -2.0,
                    "AnchorPoint": {
                      "ScaleX": 0.5,
                      "ScaleY": 1.0
                    },
                    "Position": {
                      "X": -1.581,
                      "Y": 306.4729
                    },
                    "Scale": {
                      "ScaleX": 1.0,
                      "ScaleY": 1.0
                    },
                    "CColor": {
                      "R": 197,
                      "G": 213
                    },
                    "IconVisible": false,
                    "PositionPercentXEnabled": true,
                    "PrePosition": {
                      "X": -0.0051,
                      "Y": 0.8585
                    },
                    "PreSize": {
                      "X": 1.7742,
                      "Y": 0.5535
                    },
                    "LeftMargin": -276.581,
                    "RightMargin": 36.581,
                    "TopMargin": 50.5271,
                    "BottomMargin": 108.8806,
                    "Tag": 234,
                    "ActionTag": 564154279,
                    "Size": {
                      "X": 550.0,
                      "Y": 197.5923
                    },
                    "Name": "lb_content",
                    "ctype": "TextObjectData"
                  },
                  {
                    "FileData": {
                      "Type": "Normal",
                      "Path": "image/ui/btn/btn_quxiao.png",
                      "Plist": ""
                    },
                    "BlendFunc": {
                      "Src": 1,
                      "Dst": 771
                    },
                    "AnchorPoint": {
                      "ScaleX": 0.5,
                      "ScaleY": 0.5
                    },
                    "Position": {
                      "X": 143.654,
                      "Y": 50.1457
                    },
                    "Scale": {
                      "ScaleX": 1.0,
                      "ScaleY": 1.0
                    },
                    "CColor": {},
                    "IconVisible": false,
                    "PositionPercentXEnabled": true,
                    "PrePosition": {
                      "X": 0.4634,
                      "Y": 0.1405
                    },
                    "PreSize": {
                      "X": 0.6774,
                      "Y": 0.1709
                    },
                    "LeftMargin": 38.654,
                    "RightMargin": 61.346,
                    "TopMargin": 276.3543,
                    "BottomMargin": 19.6457,
                    "Tag": 194,
                    "ActionTag": -440483787,
                    "Size": {
                      "X": 210.0,
                      "Y": 61.0
                    },
                    "Name": "btn_cancel",
                    "ctype": "SpriteObjectData"
                  },
                  {
                    "FileData": {
                      "Type": "Normal",
                      "Path": "appCommon/fydp/common/btn_queding.png",
                      "Plist": ""
                    },
                    "BlendFunc": {
                      "Src": 1,
                      "Dst": 771
                    },
                    "AnchorPoint": {
                      "ScaleX": 0.5,
                      "ScaleY": 0.5
                    },
                    "Position": {
                      "X": -130.572,
                      "Y": 50.1458
                    },
                    "Scale": {
                      "ScaleX": 1.0,
                      "ScaleY": 1.0
                    },
                    "CColor": {},
                    "IconVisible": false,
                    "PositionPercentXEnabled": true,
                    "PrePosition": {
                      "X": -0.4212,
                      "Y": 0.1405
                    },
                    "PreSize": {
                      "X": 0.6774,
                      "Y": 0.1709
                    },
                    "LeftMargin": -235.572,
                    "RightMargin": 335.572,
                    "TopMargin": 276.3542,
                    "BottomMargin": 19.6458,
                    "Tag": 195,
                    "ActionTag": 1253255466,
                    "Size": {
                      "X": 210.0,
                      "Y": 61.0
                    },
                    "Name": "btn_ok",
                    "ctype": "SpriteObjectData"
                  },
                  {
                    "FileData": {
                      "Type": "Normal",
                      "Path": "image/ui/common/btn_confirmbg.png",
                      "Plist": ""
                    },
                    "BlendFunc": {
                      "Src": 1,
                      "Dst": 771
                    },
                    "AnchorPoint": {
                      "ScaleX": 0.5,
                      "ScaleY": 0.5
                    },
                    "Position": {
                      "X": -131.5769,
                      "Y": 48.6047
                    },
                    "Scale": {
                      "ScaleX": 1.0,
                      "ScaleY": 1.0
                    },
                    "CColor": {},
                    "IconVisible": false,
                    "PrePosition": {
                      "X": -0.4244,
                      "Y": 0.1361
                    },
                    "PreSize": {
                      "X": 0.6774,
                      "Y": 0.1709
                    },
                    "LeftMargin": -236.5769,
                    "RightMargin": 336.5769,
                    "TopMargin": 277.8953,
                    "BottomMargin": 18.1047,
                    "Tag": 10,
                    "Children": [
                      {
                        "FontSize": 30,
                        "LabelText": "确定",
                        "FontResource": {
                          "Type": "Normal",
                          "Path": "image/fonts/FZZY.TTF",
                          "Plist": ""
                        },
                        "OutlineSize": 3,
                        "OutlineColor": {
                          "R": 180,
                          "G": 63,
                          "B": 28
                        },
                        "OutlineEnabled": true,
                        "ShadowColor": {
                          "R": 110,
                          "G": 110,
                          "B": 110
                        },
                        "ShadowOffsetX": 2.0,
                        "ShadowOffsetY": -2.0,
                        "AnchorPoint": {
                          "ScaleX": 0.5,
                          "ScaleY": 0.5
                        },
                        "Position": {
                          "X": 105.0,
                          "Y": 30.5
                        },
                        "Scale": {
                          "ScaleX": 1.0,
                          "ScaleY": 1.0
                        },
                        "CColor": {},
                        "IconVisible": false,
                        "PositionPercentXEnabled": true,
                        "PositionPercentYEnabled": true,
                        "PrePosition": {
                          "X": 0.5,
                          "Y": 0.5
                        },
                        "PreSize": {
                          "X": 0.3095,
                          "Y": 0.6557
                        },
                        "LeftMargin": 72.5,
                        "RightMargin": 72.5,
                        "TopMargin": 10.5,
                        "BottomMargin": 10.5,
                        "Tag": 11,
                        "ActionTag": 2054724933,
                        "Size": {
                          "X": 65.0,
                          "Y": 40.0
                        },
                        "Name": "text",
                        "ctype": "TextObjectData"
                      }
                    ],
                    "ActionTag": 1031011764,
                    "Size": {
                      "X": 210.0,
                      "Y": 61.0
                    },
                    "Name": "btn_ok2",
                    "ctype": "SpriteObjectData"
                  },
                  {
                    "FileData": {
                      "Type": "Normal",
                      "Path": "image/ui/common/btn_cancelbg.png",
                      "Plist": ""
                    },
                    "BlendFunc": {
                      "Src": 1,
                      "Dst": 771
                    },
                    "AnchorPoint": {
                      "ScaleX": 0.5,
                      "ScaleY": 0.5
                    },
                    "Position": {
                      "X": 145.5442,
                      "Y": 48.6047
                    },
                    "Scale": {
                      "ScaleX": 1.0,
                      "ScaleY": 1.0
                    },
                    "CColor": {},
                    "IconVisible": false,
                    "PrePosition": {
                      "X": 0.4695,
                      "Y": 0.1361
                    },
                    "PreSize": {
                      "X": 0.6774,
                      "Y": 0.1709
                    },
                    "LeftMargin": 40.5442,
                    "RightMargin": 59.4558,
                    "TopMargin": 277.8953,
                    "BottomMargin": 18.1047,
                    "Tag": 9,
                    "Children": [
                      {
                        "FontSize": 30,
                        "LabelText": "取消",
                        "FontResource": {
                          "Type": "Normal",
                          "Path": "image/fonts/FZZY.TTF",
                          "Plist": ""
                        },
                        "OutlineSize": 3,
                        "OutlineColor": {
                          "R": 184,
                          "G": 68,
                          "B": 201
                        },
                        "OutlineEnabled": true,
                        "ShadowColor": {
                          "R": 110,
                          "G": 110,
                          "B": 110
                        },
                        "ShadowOffsetX": 2.0,
                        "ShadowOffsetY": -2.0,
                        "AnchorPoint": {
                          "ScaleX": 0.5,
                          "ScaleY": 0.5
                        },
                        "Position": {
                          "X": 105.0,
                          "Y": 30.5
                        },
                        "Scale": {
                          "ScaleX": 1.0,
                          "ScaleY": 1.0
                        },
                        "CColor": {},
                        "IconVisible": false,
                        "PositionPercentXEnabled": true,
                        "PositionPercentYEnabled": true,
                        "PrePosition": {
                          "X": 0.5,
                          "Y": 0.5
                        },
                        "PreSize": {
                          "X": 0.3048,
                          "Y": 0.6557
                        },
                        "LeftMargin": 73.0,
                        "RightMargin": 73.0,
                        "TopMargin": 10.5,
                        "BottomMargin": 10.5,
                        "Tag": 12,
                        "ActionTag": -1191746060,
                        "Size": {
                          "X": 64.0,
                          "Y": 40.0
                        },
                        "Name": "text",
                        "ctype": "TextObjectData"
                      }
                    ],
                    "ActionTag": -759546057,
                    "Size": {
                      "X": 210.0,
                      "Y": 61.0
                    },
                    "Name": "btn_cancel2",
                    "ctype": "SpriteObjectData"
                  }
                ],
                "ActionTag": -1771382172,
                "Size": {
                  "X": 310.0,
                  "Y": 357.0
                },
                "Name": "panel",
                "ctype": "ImageViewObjectData"
              }
            ],
            "ActionTag": -33404820,
            "Size": {
              "X": 1280.0,
              "Y": 720.0
            },
            "Name": "root",
            "ctype": "PanelObjectData"
          }
        ],
        "Size": {
          "X": 1280.0,
          "Y": 720.0
        },
        "Name": "Scene",
        "ctype": "SingleNodeObjectData"
      },
      "UsedResources": [
        "../../appCommon/fydp/common/btn_queding.png",
        "../../image/fonts/FZZY.TTF",
        "../../image/ui/btn/btn_quxiao.png",
        "../../image/ui/common/btn_cancelbg.png",
        "../../image/ui/common/btn_confirmbg.png",
        "../../image/ui/common/common_bg4.png",
        "../../image/ui/common/transparent_1280x720.png"
      ],
      "ctype": "GameFileData"
    }
  },
  "Type": "Scene"
}