{
  "ID": "ddcec6fd-12b7-4936-b986-7a156648453e",
  "Version": "3.10.0.0",
  "Name": "ChatErrorNode",
  "Content": {
    "Content": {
      "Animation": {
        "Duration": 0,
        "Speed": 1.0,
        "Timelines": [],
        "ctype": "TimelineActionData"
      },
      "AnimationList": [],
      "ObjectData": {
        "Tag": 52,
        "Children": [
          {
            "FileData": {
              "Type": "Normal",
              "Path": "image/ui/room/sp_dibu.png",
              "Plist": ""
            },
            "BlendFunc": {
              "Src": 1,
              "Dst": 771
            },
            "AnchorPoint": {
              "ScaleX": 0.5,
              "ScaleY": 0.5
            },
            "Position": {
              "X": 0.0,
              "Y": 0.0
            },
            "Scale": {
              "ScaleX": 1.0,
              "ScaleY": 1.0
            },
            "CColor": {},
            "IconVisible": false,
            "PositionPercentXEnabled": true,
            "PositionPercentYEnabled": true,
            "PrePosition": {
              "X": 0.0,
              "Y": 0.0
            },
            "PreSize": {
              "X": 0.0,
              "Y": 0.0
            },
            "LeftMargin": -130.0,
            "RightMargin": -130.0,
            "TopMargin": -129.5,
            "BottomMargin": -129.5,
            "Tag": 27,
            "ActionTag": -1745691153,
            "Size": {
              "X": 260.0,
              "Y": 259.0
            },
            "Name": "sp_dibu_5",
            "ctype": "SpriteObjectData"
          },
          {
            "FileData": {
              "Type": "Normal",
              "Path": "image/ui/room/sp_tanhao.png",
              "Plist": ""
            },
            "BlendFunc": {
              "Src": 1,
              "Dst": 771
            },
            "AnchorPoint": {
              "ScaleX": 0.5,
              "ScaleY": 0.5
            },
            "Position": {
              "X": 0.0,
              "Y": 26.908
            },
            "Scale": {
              "ScaleX": 1.0,
              "ScaleY": 1.0
            },
            "CColor": {},
            "IconVisible": false,
            "PositionPercentXEnabled": true,
            "PrePosition": {
              "X": 0.0,
              "Y": 0.0
            },
            "PreSize": {
              "X": 0.0,
              "Y": 0.0
            },
            "LeftMargin": -21.0,
            "RightMargin": -21.0,
            "TopMargin": -91.908,
            "BottomMargin": -38.092,
            "Tag": 21,
            "ActionTag": 1241616636,
            "Size": {
              "X": 42.0,
              "Y": 130.0
            },
            "Name": "sp_tanhao_1",
            "ctype": "SpriteObjectData"
          },
          {
            "FileData": {
              "Type": "Normal",
              "Path": "image/ui/room/sp_tooshort.png",
              "Plist": ""
            },
            "BlendFunc": {
              "Src": 1,
              "Dst": 771
            },
            "AnchorPoint": {
              "ScaleX": 0.5,
              "ScaleY": 0.5
            },
            "Position": {
              "X": 0.0,
              "Y": -75.0157
            },
            "Scale": {
              "ScaleX": 1.0,
              "ScaleY": 1.0
            },
            "CColor": {},
            "IconVisible": false,
            "PositionPercentXEnabled": true,
            "PrePosition": {
              "X": 0.0,
              "Y": 0.0
            },
            "PreSize": {
              "X": 0.0,
              "Y": 0.0
            },
            "LeftMargin": -73.0,
            "RightMargin": -73.0,
            "TopMargin": 63.0157,
            "BottomMargin": -87.0157,
            "Tag": 30,
            "ActionTag": -1012026194,
            "Size": {
              "X": 146.0,
              "Y": 24.0
            },
            "Name": "sp_tooshort_1",
            "ctype": "SpriteObjectData"
          }
        ],
        "Size": {
          "X": 0.0,
          "Y": 0.0
        },
        "Name": "Node",
        "ctype": "SingleNodeObjectData"
      },
      "UsedResources": [
        "../../image/ui/room/sp_dibu.png",
        "../../image/ui/room/sp_tanhao.png",
        "../../image/ui/room/sp_tooshort.png"
      ],
      "ctype": "GameFileData"
    }
  },
  "Type": "Node"
}