{
  "ID": "1e5f4fc0-60d4-43b5-834b-3ff4ad5482ac",
  "Version": "3.10.0.0",
  "Name": "DaiKaiItem",
  "Content": {
    "Content": {
      "Animation": {
        "Duration": 0,
        "Speed": 1.0,
        "Timelines": [],
        "ctype": "TimelineActionData"
      },
      "AnimationList": [],
      "ObjectData": {
        "Tag": 323,
        "Children": [
          {
            "ClipAble": false,
            "SingleColor": {},
            "FirstColor": {
              "R": 150,
              "G": 200
            },
            "EndColor": {},
            "ColorVector": {
              "ScaleY": 1.0
            },
            "Scale9Width": 1,
            "Scale9Height": 1,
            "AnchorPoint": {},
            "Position": {
              "X": 0.0,
              "Y": 0.0
            },
            "Scale": {
              "ScaleX": 1.0,
              "ScaleY": 1.0
            },
            "CColor": {},
            "IconVisible": false,
            "PrePosition": {
              "X": 0.0,
              "Y": 0.0
            },
            "PreSize": {
              "X": 1.0,
              "Y": 1.0
            },
            "Tag": 503,
            "Children": [
              {
                "FileData": {
                  "Type": "Normal",
                  "Path": "image/ui/history/history_detailcell2.png",
                  "Plist": ""
                },
                "Scale9Enable": true,
                "Scale9OriginX": 22,
                "Scale9OriginY": 22,
                "Scale9Width": 14,
                "Scale9Height": 14,
                "AnchorPoint": {
                  "ScaleX": 0.5,
                  "ScaleY": 0.5
                },
                "Position": {
                  "X": 600.0,
                  "Y": 120.0
                },
                "Scale": {
                  "ScaleX": 1.0,
                  "ScaleY": 1.0
                },
                "CColor": {},
                "IconVisible": false,
                "PositionPercentXEnabled": true,
                "PositionPercentYEnabled": true,
                "PrePosition": {
                  "X": 0.5,
                  "Y": 0.5
                },
                "PreSize": {
                  "X": 0.9833,
                  "Y": 0.9583
                },
                "LeftMargin": 10.0,
                "RightMargin": 10.0,
                "TopMargin": 5.0,
                "BottomMargin": 5.0,
                "Tag": 543,
                "ActionTag": 1391454310,
                "Size": {
                  "X": 1180.0,
                  "Y": 230.0
                },
                "Name": "cellbg",
                "ctype": "ImageViewObjectData"
              },
              {
                "FileData": {
                  "Type": "Normal",
                  "Path": "appCommon/fydp/common/history_detailcell1.png",
                  "Plist": ""
                },
                "Scale9Enable": true,
                "Scale9OriginX": 22,
                "Scale9OriginY": 22,
                "Scale9Width": 14,
                "Scale9Height": 14,
                "AnchorPoint": {
                  "ScaleX": 0.5,
                  "ScaleY": 0.5
                },
                "Position": {
                  "X": 600.0,
                  "Y": 120.0
                },
                "Scale": {
                  "ScaleX": 1.0,
                  "ScaleY": 1.0
                },
                "CColor": {},
                "IconVisible": false,
                "PositionPercentXEnabled": true,
                "PositionPercentYEnabled": true,
                "PrePosition": {
                  "X": 0.5,
                  "Y": 0.5
                },
                "PreSize": {
                  "X": 0.9833,
                  "Y": 0.9583
                },
                "LeftMargin": 10.0,
                "RightMargin": 10.0,
                "TopMargin": 5.0,
                "BottomMargin": 5.0,
                "Tag": 522,
                "ActionTag": 994531624,
                "Size": {
                  "X": 1180.0,
                  "Y": 230.0
                },
                "Name": "cellbg2",
                "ctype": "ImageViewObjectData"
              }
            ],
            "ActionTag": 842546825,
            "Size": {
              "X": 1200.0,
              "Y": 240.0
            },
            "Name": "bgPanel",
            "ctype": "PanelObjectData"
          },
          {
            "FontSize": 26,
            "LabelText": "8888-88-88 88:88:88 ",
            "FontResource": {
              "Type": "Normal",
              "Path": "image/fonts/FZZY.TTF",
              "Plist": ""
            },
            "VerticalAlignmentType": "VT_Center",
            "OutlineColor": {
              "R": 124,
              "G": 100,
              "B": 100
            },
            "ShadowColor": {
              "R": 110,
              "G": 110,
              "B": 110
            },
            "ShadowOffsetX": 2.0,
            "ShadowOffsetY": -2.0,
            "AnchorPoint": {
              "ScaleY": 0.5
            },
            "Position": {
              "X": 155.2652,
              "Y": 195.48
            },
            "Scale": {
              "ScaleX": 1.0,
              "ScaleY": 1.0
            },
            "CColor": {
              "R": 124,
              "G": 100,
              "B": 100
            },
            "IconVisible": false,
            "PrePosition": {
              "X": 0.1294,
              "Y": 0.8145
            },
            "PreSize": {
              "X": 0.2092,
              "Y": 0.125
            },
            "LeftMargin": 155.2652,
            "RightMargin": 793.7348,
            "TopMargin": 29.52,
            "BottomMargin": 180.48,
            "Tag": 326,
            "ActionTag": 770783726,
            "Size": {
              "X": 251.0,
              "Y": 30.0
            },
            "Name": "lb_time",
            "ctype": "TextObjectData"
          },
          {
            "FontSize": 26,
            "LabelText": "1234567",
            "FontResource": {
              "Type": "Normal",
              "Path": "image/fonts/FZZY.TTF",
              "Plist": ""
            },
            "VerticalAlignmentType": "VT_Center",
            "OutlineColor": {
              "R": 124,
              "G": 100,
              "B": 100
            },
            "ShadowColor": {
              "R": 110,
              "G": 110,
              "B": 110
            },
            "ShadowOffsetX": 2.0,
            "ShadowOffsetY": -2.0,
            "AnchorPoint": {
              "ScaleY": 0.5
            },
            "Position": {
              "X": 39.9499,
              "Y": 195.4802
            },
            "Scale": {
              "ScaleX": 1.0,
              "ScaleY": 1.0
            },
            "CColor": {
              "R": 124,
              "G": 100,
              "B": 100
            },
            "IconVisible": false,
            "PrePosition": {
              "X": 0.0333,
              "Y": 0.8145
            },
            "PreSize": {
              "X": 0.0792,
              "Y": 0.125
            },
            "LeftMargin": 39.9499,
            "RightMargin": 1065.05,
            "TopMargin": 29.5198,
            "BottomMargin": 180.4802,
            "Tag": 327,
            "ActionTag": 1839076227,
            "Size": {
              "X": 95.0,
              "Y": 30.0
            },
            "Name": "lb_roomid",
            "ctype": "TextObjectData"
          },
          {
            "FileData": {
              "Type": "Normal",
              "Path": "image/defaultHead.jpg",
              "Plist": ""
            },
            "BlendFunc": {
              "Src": 770,
              "Dst": 771
            },
            "AnchorPoint": {
              "ScaleX": 0.5,
              "ScaleY": 0.5
            },
            "Position": {
              "X": 65.6112,
              "Y": 106.7943
            },
            "Scale": {
              "ScaleX": 0.6,
              "ScaleY": 0.6
            },
            "CColor": {},
            "IconVisible": false,
            "PrePosition": {
              "X": 0.0547,
              "Y": 0.445
            },
            "PreSize": {
              "X": 0.11,
              "Y": 0.55
            },
            "LeftMargin": -0.3888,
            "RightMargin": 1068.3888,
            "TopMargin": 67.2057,
            "BottomMargin": 40.7943,
            "Tag": 448,
            "ActionTag": -1158184168,
            "Size": {
              "X": 132.0,
              "Y": 132.0
            },
            "Name": "header1",
            "ctype": "SpriteObjectData"
          },
          {
            "FontSize": 22,
            "LabelText": "名字留六",
            "FontResource": {
              "Type": "Normal",
              "Path": "image/fonts/FZZY.TTF",
              "Plist": ""
            },
            "OutlineColor": {
              "R": 124,
              "G": 100,
              "B": 100
            },
            "ShadowColor": {
              "R": 110,
              "G": 110,
              "B": 110
            },
            "ShadowOffsetX": 2.0,
            "ShadowOffsetY": -2.0,
            "AnchorPoint": {
              "ScaleX": 0.5,
              "ScaleY": 0.5
            },
            "Position": {
              "X": 64.9484,
              "Y": 47.5989
            },
            "Scale": {
              "ScaleX": 1.0,
              "ScaleY": 1.0
            },
            "CColor": {
              "R": 124,
              "G": 100,
              "B": 100
            },
            "IconVisible": false,
            "PrePosition": {
              "X": 0.0541,
              "Y": 0.1983
            },
            "PreSize": {
              "X": 0.0758,
              "Y": 0.1042
            },
            "LeftMargin": 19.4484,
            "RightMargin": 1089.5516,
            "TopMargin": 179.9011,
            "BottomMargin": 35.0989,
            "Tag": 292,
            "ActionTag": -102168069,
            "Size": {
              "X": 91.0,
              "Y": 25.0
            },
            "Name": "lb_nickname1",
            "ctype": "TextObjectData"
          },
          {
            "FileData": {
              "Type": "Normal",
              "Path": "image/defaultHead.jpg",
              "Plist": ""
            },
            "BlendFunc": {
              "Src": 770,
              "Dst": 771
            },
            "AnchorPoint": {
              "ScaleX": 0.5,
              "ScaleY": 0.5
            },
            "Position": {
              "X": 183.7496,
              "Y": 106.7943
            },
            "Scale": {
              "ScaleX": 0.6,
              "ScaleY": 0.6
            },
            "CColor": {},
            "IconVisible": false,
            "PrePosition": {
              "X": 0.1531,
              "Y": 0.445
            },
            "PreSize": {
              "X": 0.11,
              "Y": 0.55
            },
            "LeftMargin": 117.7496,
            "RightMargin": 950.2504,
            "TopMargin": 67.2057,
            "BottomMargin": 40.7943,
            "Tag": 449,
            "ActionTag": 828080271,
            "Size": {
              "X": 132.0,
              "Y": 132.0
            },
            "Name": "header2",
            "ctype": "SpriteObjectData"
          },
          {
            "FontSize": 22,
            "LabelText": "名字留六",
            "FontResource": {
              "Type": "Normal",
              "Path": "image/fonts/FZZY.TTF",
              "Plist": ""
            },
            "OutlineColor": {
              "R": 124,
              "G": 100,
              "B": 100
            },
            "ShadowColor": {
              "R": 110,
              "G": 110,
              "B": 110
            },
            "ShadowOffsetX": 2.0,
            "ShadowOffsetY": -2.0,
            "AnchorPoint": {
              "ScaleX": 0.5,
              "ScaleY": 0.5
            },
            "Position": {
              "X": 182.7558,
              "Y": 47.5989
            },
            "Scale": {
              "ScaleX": 1.0,
              "ScaleY": 1.0
            },
            "CColor": {
              "R": 124,
              "G": 100,
              "B": 100
            },
            "IconVisible": false,
            "PrePosition": {
              "X": 0.1523,
              "Y": 0.1983
            },
            "PreSize": {
              "X": 0.0758,
              "Y": 0.1042
            },
            "LeftMargin": 137.2558,
            "RightMargin": 971.7442,
            "TopMargin": 179.9011,
            "BottomMargin": 35.0989,
            "Tag": 328,
            "ActionTag": 28152261,
            "Size": {
              "X": 91.0,
              "Y": 25.0
            },
            "Name": "lb_nickname2",
            "ctype": "TextObjectData"
          },
          {
            "FileData": {
              "Type": "Normal",
              "Path": "image/defaultHead.jpg",
              "Plist": ""
            },
            "BlendFunc": {
              "Src": 770,
              "Dst": 771
            },
            "AnchorPoint": {
              "ScaleX": 0.5,
              "ScaleY": 0.5
            },
            "Position": {
              "X": 301.8882,
              "Y": 106.7943
            },
            "Scale": {
              "ScaleX": 0.6,
              "ScaleY": 0.6
            },
            "CColor": {},
            "IconVisible": false,
            "PrePosition": {
              "X": 0.2516,
              "Y": 0.445
            },
            "PreSize": {
              "X": 0.11,
              "Y": 0.55
            },
            "LeftMargin": 235.8882,
            "RightMargin": 832.1118,
            "TopMargin": 67.2057,
            "BottomMargin": 40.7943,
            "Tag": 450,
            "ActionTag": -843056041,
            "Size": {
              "X": 132.0,
              "Y": 132.0
            },
            "Name": "header3",
            "ctype": "SpriteObjectData"
          },
          {
            "FontSize": 22,
            "LabelText": "名字留六",
            "FontResource": {
              "Type": "Normal",
              "Path": "image/fonts/FZZY.TTF",
              "Plist": ""
            },
            "OutlineColor": {
              "R": 124,
              "G": 100,
              "B": 100
            },
            "ShadowColor": {
              "R": 110,
              "G": 110,
              "B": 110
            },
            "ShadowOffsetX": 2.0,
            "ShadowOffsetY": -2.0,
            "AnchorPoint": {
              "ScaleX": 0.5,
              "ScaleY": 0.5
            },
            "Position": {
              "X": 300.5632,
              "Y": 47.5989
            },
            "Scale": {
              "ScaleX": 1.0,
              "ScaleY": 1.0
            },
            "CColor": {
              "R": 124,
              "G": 100,
              "B": 100
            },
            "IconVisible": false,
            "PrePosition": {
              "X": 0.2505,
              "Y": 0.1983
            },
            "PreSize": {
              "X": 0.0758,
              "Y": 0.1042
            },
            "LeftMargin": 255.0632,
            "RightMargin": 853.9368,
            "TopMargin": 179.9011,
            "BottomMargin": 35.0989,
            "Tag": 294,
            "ActionTag": -174781001,
            "Size": {
              "X": 91.0,
              "Y": 25.0
            },
            "Name": "lb_nickname3",
            "ctype": "TextObjectData"
          },
          {
            "FileData": {
              "Type": "Normal",
              "Path": "image/defaultHead.jpg",
              "Plist": ""
            },
            "BlendFunc": {
              "Src": 770,
              "Dst": 771
            },
            "AnchorPoint": {
              "ScaleX": 0.5,
              "ScaleY": 0.5
            },
            "Position": {
              "X": 420.0279,
              "Y": 106.7943
            },
            "Scale": {
              "ScaleX": 0.6,
              "ScaleY": 0.6
            },
            "CColor": {},
            "IconVisible": false,
            "PrePosition": {
              "X": 0.35,
              "Y": 0.445
            },
            "PreSize": {
              "X": 0.11,
              "Y": 0.55
            },
            "LeftMargin": 354.0279,
            "RightMargin": 713.9721,
            "TopMargin": 67.2057,
            "BottomMargin": 40.7943,
            "Tag": 451,
            "ActionTag": 222203770,
            "Size": {
              "X": 132.0,
              "Y": 132.0
            },
            "Name": "header4",
            "ctype": "SpriteObjectData"
          },
          {
            "FontSize": 22,
            "LabelText": "名字留六",
            "FontResource": {
              "Type": "Normal",
              "Path": "image/fonts/FZZY.TTF",
              "Plist": ""
            },
            "OutlineColor": {
              "R": 124,
              "G": 100,
              "B": 100
            },
            "ShadowColor": {
              "R": 110,
              "G": 110,
              "B": 110
            },
            "ShadowOffsetX": 2.0,
            "ShadowOffsetY": -2.0,
            "AnchorPoint": {
              "ScaleX": 0.5,
              "ScaleY": 0.5
            },
            "Position": {
              "X": 418.3708,
              "Y": 47.5989
            },
            "Scale": {
              "ScaleX": 1.0,
              "ScaleY": 1.0
            },
            "CColor": {
              "R": 124,
              "G": 100,
              "B": 100
            },
            "IconVisible": false,
            "PrePosition": {
              "X": 0.3486,
              "Y": 0.1983
            },
            "PreSize": {
              "X": 0.0758,
              "Y": 0.1042
            },
            "LeftMargin": 372.8708,
            "RightMargin": 736.1292,
            "TopMargin": 179.9011,
            "BottomMargin": 35.0989,
            "Tag": 293,
            "ActionTag": 659627002,
            "Size": {
              "X": 91.0,
              "Y": 25.0
            },
            "Name": "lb_nickname4",
            "ctype": "TextObjectData"
          },
          {
            "FileData": {
              "Type": "Normal",
              "Path": "image/defaultHead.jpg",
              "Plist": ""
            },
            "BlendFunc": {
              "Src": 770,
              "Dst": 771
            },
            "AnchorPoint": {
              "ScaleX": 0.5,
              "ScaleY": 0.5
            },
            "Position": {
              "X": 538.1671,
              "Y": 106.7943
            },
            "Scale": {
              "ScaleX": 0.6,
              "ScaleY": 0.6
            },
            "CColor": {},
            "IconVisible": false,
            "PrePosition": {
              "X": 0.4485,
              "Y": 0.445
            },
            "PreSize": {
              "X": 0.11,
              "Y": 0.55
            },
            "LeftMargin": 472.1671,
            "RightMargin": 595.8329,
            "TopMargin": 67.2057,
            "BottomMargin": 40.7943,
            "Tag": 1053,
            "ActionTag": -1982333776,
            "Size": {
              "X": 132.0,
              "Y": 132.0
            },
            "Name": "header5",
            "ctype": "SpriteObjectData"
          },
          {
            "FontSize": 22,
            "LabelText": "名字留六",
            "FontResource": {
              "Type": "Normal",
              "Path": "image/fonts/FZZY.TTF",
              "Plist": ""
            },
            "OutlineColor": {
              "R": 124,
              "G": 100,
              "B": 100
            },
            "ShadowColor": {
              "R": 110,
              "G": 110,
              "B": 110
            },
            "ShadowOffsetX": 2.0,
            "ShadowOffsetY": -2.0,
            "AnchorPoint": {
              "ScaleX": 0.5,
              "ScaleY": 0.5
            },
            "Position": {
              "X": 536.1782,
              "Y": 47.5989
            },
            "Scale": {
              "ScaleX": 1.0,
              "ScaleY": 1.0
            },
            "CColor": {
              "R": 124,
              "G": 100,
              "B": 100
            },
            "IconVisible": false,
            "PrePosition": {
              "X": 0.4468,
              "Y": 0.1983
            },
            "PreSize": {
              "X": 0.0758,
              "Y": 0.1042
            },
            "LeftMargin": 490.6782,
            "RightMargin": 618.3218,
            "TopMargin": 179.9011,
            "BottomMargin": 35.0989,
            "Tag": 1054,
            "ActionTag": -1761382445,
            "Size": {
              "X": 91.0,
              "Y": 25.0
            },
            "Name": "lb_nickname5",
            "ctype": "TextObjectData"
          },
          {
            "FileData": {
              "Type": "Normal",
              "Path": "image/defaultHead.jpg",
              "Plist": ""
            },
            "BlendFunc": {
              "Src": 770,
              "Dst": 771
            },
            "AnchorPoint": {
              "ScaleX": 0.5,
              "ScaleY": 0.5
            },
            "Position": {
              "X": 656.3063,
              "Y": 106.7943
            },
            "Scale": {
              "ScaleX": 0.6,
              "ScaleY": 0.6
            },
            "CColor": {},
            "IconVisible": false,
            "PrePosition": {
              "X": 0.5469,
              "Y": 0.445
            },
            "PreSize": {
              "X": 0.11,
              "Y": 0.55
            },
            "LeftMargin": 590.3063,
            "RightMargin": 477.6937,
            "TopMargin": 67.2057,
            "BottomMargin": 40.7943,
            "Tag": 1055,
            "ActionTag": -24288247,
            "Size": {
              "X": 132.0,
              "Y": 132.0
            },
            "Name": "header6",
            "ctype": "SpriteObjectData"
          },
          {
            "FontSize": 22,
            "LabelText": "名字留六",
            "FontResource": {
              "Type": "Normal",
              "Path": "image/fonts/FZZY.TTF",
              "Plist": ""
            },
            "OutlineColor": {
              "R": 124,
              "G": 100,
              "B": 100
            },
            "ShadowColor": {
              "R": 110,
              "G": 110,
              "B": 110
            },
            "ShadowOffsetX": 2.0,
            "ShadowOffsetY": -2.0,
            "AnchorPoint": {
              "ScaleX": 0.5,
              "ScaleY": 0.5
            },
            "Position": {
              "X": 653.9857,
              "Y": 47.5989
            },
            "Scale": {
              "ScaleX": 1.0,
              "ScaleY": 1.0
            },
            "CColor": {
              "R": 124,
              "G": 100,
              "B": 100
            },
            "IconVisible": false,
            "PrePosition": {
              "X": 0.545,
              "Y": 0.1983
            },
            "PreSize": {
              "X": 0.0758,
              "Y": 0.1042
            },
            "LeftMargin": 608.4857,
            "RightMargin": 500.5143,
            "TopMargin": 179.9011,
            "BottomMargin": 35.0989,
            "Tag": 1056,
            "ActionTag": 996347553,
            "Size": {
              "X": 91.0,
              "Y": 25.0
            },
            "Name": "lb_nickname6",
            "ctype": "TextObjectData"
          },
          {
            "IsCustomSize": true,
            "FontSize": 22,
            "LabelText": "随州卡五星／两人玩／8倍封顶／部分亮／见四归／两人玩／8倍封顶／部分亮／见四归部分亮／见四归部分亮／见四归部分亮／见四归部分亮／部分亮／亮亮",
            "FontResource": {
              "Type": "Normal",
              "Path": "image/fonts/FZZY.TTF",
              "Plist": ""
            },
            "OutlineColor": {
              "R": 124,
              "G": 100,
              "B": 100
            },
            "ShadowColor": {
              "R": 110,
              "G": 110,
              "B": 110
            },
            "ShadowOffsetX": 2.0,
            "ShadowOffsetY": -2.0,
            "AnchorPoint": {
              "ScaleY": 1.0
            },
            "Position": {
              "X": 574.7159,
              "Y": 231.8535
            },
            "Scale": {
              "ScaleX": 1.0,
              "ScaleY": 1.0
            },
            "CColor": {
              "R": 124,
              "G": 100,
              "B": 100
            },
            "IconVisible": false,
            "PrePosition": {
              "X": 0.4789,
              "Y": 0.9661
            },
            "PreSize": {
              "X": 0.4,
              "Y": 0.5
            },
            "LeftMargin": 574.7159,
            "RightMargin": 145.2842,
            "TopMargin": 8.1465,
            "BottomMargin": 111.8535,
            "Tag": 430,
            "ActionTag": -1356164462,
            "Size": {
              "X": 480.0,
              "Y": 120.0
            },
            "Name": "lb_wanfa",
            "ctype": "TextObjectData"
          },
          {
            "FileData": {
              "Type": "Normal",
              "Path": "image/ui/room2/button_yq.png",
              "Plist": ""
            },
            "BlendFunc": {
              "Src": 1,
              "Dst": 771
            },
            "AnchorPoint": {
              "ScaleX": 0.5,
              "ScaleY": 0.5
            },
            "Position": {
              "X": 1122.8877,
              "Y": 67.1912
            },
            "Scale": {
              "ScaleX": 1.0,
              "ScaleY": 1.0
            },
            "CColor": {},
            "IconVisible": false,
            "PrePosition": {
              "X": 0.9357,
              "Y": 0.28
            },
            "PreSize": {
              "X": 0.0983,
              "Y": 0.2417
            },
            "LeftMargin": 1063.8877,
            "RightMargin": 18.1123,
            "TopMargin": 143.8088,
            "BottomMargin": 38.1912,
            "Tag": 433,
            "ActionTag": -1612435378,
            "Size": {
              "X": 118.0,
              "Y": 58.0
            },
            "Name": "button_yq",
            "ctype": "SpriteObjectData"
          },
          {
            "FileData": {
              "Type": "Normal",
              "Path": "image/ui/room2/btn_jiesan.png",
              "Plist": ""
            },
            "BlendFunc": {
              "Src": 1,
              "Dst": 771
            },
            "AnchorPoint": {
              "ScaleX": 0.5,
              "ScaleY": 0.5
            },
            "Position": {
              "X": 1122.8877,
              "Y": 149.2668
            },
            "Scale": {
              "ScaleX": 1.0,
              "ScaleY": 1.0
            },
            "CColor": {},
            "IconVisible": false,
            "PrePosition": {
              "X": 0.9357,
              "Y": 0.6219
            },
            "PreSize": {
              "X": 0.0983,
              "Y": 0.2417
            },
            "LeftMargin": 1063.8877,
            "RightMargin": 18.1123,
            "TopMargin": 61.7332,
            "BottomMargin": 120.2668,
            "Tag": 506,
            "ActionTag": -12059332,
            "Size": {
              "X": 118.0,
              "Y": 58.0
            },
            "Name": "button_js",
            "ctype": "SpriteObjectData"
          },
          {
            "FontSize": 26,
            "LabelText": "未开始(00/00)",
            "FontResource": {
              "Type": "Normal",
              "Path": "image/fonts/FZZY.TTF",
              "Plist": ""
            },
            "VerticalAlignmentType": "VT_Center",
            "OutlineColor": {
              "R": 124,
              "G": 100,
              "B": 100
            },
            "ShadowColor": {
              "R": 110,
              "G": 110,
              "B": 110
            },
            "ShadowOffsetX": 2.0,
            "ShadowOffsetY": -2.0,
            "AnchorPoint": {
              "ScaleY": 0.5
            },
            "Position": {
              "X": 426.0051,
              "Y": 195.48
            },
            "Scale": {
              "ScaleX": 1.0,
              "ScaleY": 1.0
            },
            "CColor": {
              "R": 124,
              "G": 100,
              "B": 100
            },
            "IconVisible": false,
            "PrePosition": {
              "X": 0.355,
              "Y": 0.8145
            },
            "PreSize": {
              "X": 0.1325,
              "Y": 0.125
            },
            "LeftMargin": 426.0051,
            "RightMargin": 614.9949,
            "TopMargin": 29.52,
            "BottomMargin": 180.48,
            "Tag": 447,
            "ActionTag": 986508010,
            "Size": {
              "X": 159.0,
              "Y": 30.0
            },
            "Name": "lb_state",
            "ctype": "TextObjectData"
          },
          {
            "FileData": {
              "Type": "Normal",
              "Path": "image/defaultHead.jpg",
              "Plist": ""
            },
            "BlendFunc": {
              "Src": 770,
              "Dst": 771
            },
            "AnchorPoint": {
              "ScaleX": 0.5,
              "ScaleY": 0.5
            },
            "Position": {
              "X": 774.4451,
              "Y": 106.7943
            },
            "Scale": {
              "ScaleX": 0.6,
              "ScaleY": 0.6
            },
            "CColor": {},
            "IconVisible": false,
            "PrePosition": {
              "X": 0.6454,
              "Y": 0.445
            },
            "PreSize": {
              "X": 0.11,
              "Y": 0.55
            },
            "LeftMargin": 708.4451,
            "RightMargin": 359.5549,
            "TopMargin": 67.2057,
            "BottomMargin": 40.7943,
            "Tag": 393,
            "ActionTag": 1306786897,
            "Size": {
              "X": 132.0,
              "Y": 132.0
            },
            "Name": "header7",
            "ctype": "SpriteObjectData"
          },
          {
            "FileData": {
              "Type": "Normal",
              "Path": "image/defaultHead.jpg",
              "Plist": ""
            },
            "BlendFunc": {
              "Src": 770,
              "Dst": 771
            },
            "AnchorPoint": {
              "ScaleX": 0.5,
              "ScaleY": 0.5
            },
            "Position": {
              "X": 892.5834,
              "Y": 106.7943
            },
            "Scale": {
              "ScaleX": 0.6,
              "ScaleY": 0.6
            },
            "CColor": {},
            "IconVisible": false,
            "PrePosition": {
              "X": 0.7438,
              "Y": 0.445
            },
            "PreSize": {
              "X": 0.11,
              "Y": 0.55
            },
            "LeftMargin": 826.5834,
            "RightMargin": 241.4166,
            "TopMargin": 67.2057,
            "BottomMargin": 40.7943,
            "Tag": 394,
            "ActionTag": 1116183687,
            "Size": {
              "X": 132.0,
              "Y": 132.0
            },
            "Name": "header8",
            "ctype": "SpriteObjectData"
          },
          {
            "FileData": {
              "Type": "Normal",
              "Path": "image/defaultHead.jpg",
              "Plist": ""
            },
            "BlendFunc": {
              "Src": 770,
              "Dst": 771
            },
            "AnchorPoint": {
              "ScaleX": 0.5,
              "ScaleY": 0.5
            },
            "Position": {
              "X": 1010.7217,
              "Y": 106.7943
            },
            "Scale": {
              "ScaleX": 0.6,
              "ScaleY": 0.6
            },
            "CColor": {},
            "IconVisible": false,
            "PrePosition": {
              "X": 0.8423,
              "Y": 0.445
            },
            "PreSize": {
              "X": 0.11,
              "Y": 0.55
            },
            "LeftMargin": 944.7217,
            "RightMargin": 123.2783,
            "TopMargin": 67.2057,
            "BottomMargin": 40.7943,
            "Tag": 395,
            "ActionTag": 242665233,
            "Size": {
              "X": 132.0,
              "Y": 132.0
            },
            "Name": "header9",
            "ctype": "SpriteObjectData"
          },
          {
            "FontSize": 22,
            "LabelText": "名字留六",
            "FontResource": {
              "Type": "Normal",
              "Path": "image/fonts/FZZY.TTF",
              "Plist": ""
            },
            "OutlineColor": {
              "R": 124,
              "G": 100,
              "B": 100
            },
            "ShadowColor": {
              "R": 110,
              "G": 110,
              "B": 110
            },
            "ShadowOffsetX": 2.0,
            "ShadowOffsetY": -2.0,
            "AnchorPoint": {
              "ScaleX": 0.5,
              "ScaleY": 0.5
            },
            "Position": {
              "X": 771.7931,
              "Y": 47.5989
            },
            "Scale": {
              "ScaleX": 1.0,
              "ScaleY": 1.0
            },
            "CColor": {
              "R": 124,
              "G": 100,
              "B": 100
            },
            "IconVisible": false,
            "PrePosition": {
              "X": 0.6432,
              "Y": 0.1983
            },
            "PreSize": {
              "X": 0.0758,
              "Y": 0.1042
            },
            "LeftMargin": 726.2931,
            "RightMargin": 382.7069,
            "TopMargin": 179.9011,
            "BottomMargin": 35.0989,
            "Tag": 396,
            "ActionTag": -1117156920,
            "Size": {
              "X": 91.0,
              "Y": 25.0
            },
            "Name": "lb_nickname7",
            "ctype": "TextObjectData"
          },
          {
            "FontSize": 22,
            "LabelText": "名字留六",
            "FontResource": {
              "Type": "Normal",
              "Path": "image/fonts/FZZY.TTF",
              "Plist": ""
            },
            "OutlineColor": {
              "R": 124,
              "G": 100,
              "B": 100
            },
            "ShadowColor": {
              "R": 110,
              "G": 110,
              "B": 110
            },
            "ShadowOffsetX": 2.0,
            "ShadowOffsetY": -2.0,
            "AnchorPoint": {
              "ScaleX": 0.5,
              "ScaleY": 0.5
            },
            "Position": {
              "X": 889.6006,
              "Y": 47.5989
            },
            "Scale": {
              "ScaleX": 1.0,
              "ScaleY": 1.0
            },
            "CColor": {
              "R": 124,
              "G": 100,
              "B": 100
            },
            "IconVisible": false,
            "PrePosition": {
              "X": 0.7413,
              "Y": 0.1983
            },
            "PreSize": {
              "X": 0.0758,
              "Y": 0.1042
            },
            "LeftMargin": 844.1006,
            "RightMargin": 264.8994,
            "TopMargin": 179.9011,
            "BottomMargin": 35.0989,
            "Tag": 397,
            "ActionTag": -1750090221,
            "Size": {
              "X": 91.0,
              "Y": 25.0
            },
            "Name": "lb_nickname8",
            "ctype": "TextObjectData"
          },
          {
            "FontSize": 22,
            "LabelText": "名字留六",
            "FontResource": {
              "Type": "Normal",
              "Path": "image/fonts/FZZY.TTF",
              "Plist": ""
            },
            "OutlineColor": {
              "R": 124,
              "G": 100,
              "B": 100
            },
            "ShadowColor": {
              "R": 110,
              "G": 110,
              "B": 110
            },
            "ShadowOffsetX": 2.0,
            "ShadowOffsetY": -2.0,
            "AnchorPoint": {
              "ScaleX": 0.5,
              "ScaleY": 0.5
            },
            "Position": {
              "X": 1007.4081,
              "Y": 47.5989
            },
            "Scale": {
              "ScaleX": 1.0,
              "ScaleY": 1.0
            },
            "CColor": {
              "R": 124,
              "G": 100,
              "B": 100
            },
            "IconVisible": false,
            "PrePosition": {
              "X": 0.8395,
              "Y": 0.1983
            },
            "PreSize": {
              "X": 0.0758,
              "Y": 0.1042
            },
            "LeftMargin": 961.9081,
            "RightMargin": 147.0919,
            "TopMargin": 179.9011,
            "BottomMargin": 35.0989,
            "Tag": 398,
            "ActionTag": 1204235011,
            "Size": {
              "X": 91.0,
              "Y": 25.0
            },
            "Name": "lb_nickname9",
            "ctype": "TextObjectData"
          },
          {
            "FontSize": 22,
            "LabelText": "-00000",
            "FontResource": {
              "Type": "Normal",
              "Path": "image/fonts/FZZY.TTF",
              "Plist": ""
            },
            "OutlineColor": {
              "R": 124,
              "G": 100,
              "B": 100
            },
            "ShadowColor": {
              "R": 110,
              "G": 110,
              "B": 110
            },
            "ShadowOffsetX": 2.0,
            "ShadowOffsetY": -2.0,
            "AnchorPoint": {
              "ScaleX": 0.5,
              "ScaleY": 0.5
            },
            "Position": {
              "X": 67.8195,
              "Y": 19.7766
            },
            "Scale": {
              "ScaleX": 1.0,
              "ScaleY": 1.0
            },
            "CColor": {
              "R": 124,
              "G": 100,
              "B": 100
            },
            "IconVisible": false,
            "PrePosition": {
              "X": 0.0565,
              "Y": 0.0824
            },
            "PreSize": {
              "X": 0.0633,
              "Y": 0.1042
            },
            "LeftMargin": 29.8195,
            "RightMargin": 1094.1805,
            "TopMargin": 207.7234,
            "BottomMargin": 7.2766,
            "Tag": 399,
            "ActionTag": 575079552,
            "Size": {
              "X": 76.0,
              "Y": 25.0
            },
            "Name": "lb_score1",
            "ctype": "TextObjectData"
          },
          {
            "FontSize": 22,
            "LabelText": "-00000",
            "FontResource": {
              "Type": "Normal",
              "Path": "image/fonts/FZZY.TTF",
              "Plist": ""
            },
            "OutlineColor": {
              "R": 124,
              "G": 100,
              "B": 100
            },
            "ShadowColor": {
              "R": 110,
              "G": 110,
              "B": 110
            },
            "ShadowOffsetX": 2.0,
            "ShadowOffsetY": -2.0,
            "AnchorPoint": {
              "ScaleX": 0.5,
              "ScaleY": 0.5
            },
            "Position": {
              "X": 185.6268,
              "Y": 19.7766
            },
            "Scale": {
              "ScaleX": 1.0,
              "ScaleY": 1.0
            },
            "CColor": {
              "R": 124,
              "G": 100,
              "B": 100
            },
            "IconVisible": false,
            "PrePosition": {
              "X": 0.1547,
              "Y": 0.0824
            },
            "PreSize": {
              "X": 0.0633,
              "Y": 0.1042
            },
            "LeftMargin": 147.6268,
            "RightMargin": 976.3732,
            "TopMargin": 207.7234,
            "BottomMargin": 7.2766,
            "Tag": 400,
            "ActionTag": 1053814868,
            "Size": {
              "X": 76.0,
              "Y": 25.0
            },
            "Name": "lb_score2",
            "ctype": "TextObjectData"
          },
          {
            "FontSize": 22,
            "LabelText": "-00000",
            "FontResource": {
              "Type": "Normal",
              "Path": "image/fonts/FZZY.TTF",
              "Plist": ""
            },
            "OutlineColor": {
              "R": 124,
              "G": 100,
              "B": 100
            },
            "ShadowColor": {
              "R": 110,
              "G": 110,
              "B": 110
            },
            "ShadowOffsetX": 2.0,
            "ShadowOffsetY": -2.0,
            "AnchorPoint": {
              "ScaleX": 0.5,
              "ScaleY": 0.5
            },
            "Position": {
              "X": 303.4341,
              "Y": 19.7766
            },
            "Scale": {
              "ScaleX": 1.0,
              "ScaleY": 1.0
            },
            "CColor": {
              "R": 124,
              "G": 100,
              "B": 100
            },
            "IconVisible": false,
            "PrePosition": {
              "X": 0.2529,
              "Y": 0.0824
            },
            "PreSize": {
              "X": 0.0633,
              "Y": 0.1042
            },
            "LeftMargin": 265.4341,
            "RightMargin": 858.5659,
            "TopMargin": 207.7234,
            "BottomMargin": 7.2766,
            "Tag": 401,
            "ActionTag": -445434175,
            "Size": {
              "X": 76.0,
              "Y": 25.0
            },
            "Name": "lb_score3",
            "ctype": "TextObjectData"
          },
          {
            "FontSize": 22,
            "LabelText": "-00000",
            "FontResource": {
              "Type": "Normal",
              "Path": "image/fonts/FZZY.TTF",
              "Plist": ""
            },
            "OutlineColor": {
              "R": 124,
              "G": 100,
              "B": 100
            },
            "ShadowColor": {
              "R": 110,
              "G": 110,
              "B": 110
            },
            "ShadowOffsetX": 2.0,
            "ShadowOffsetY": -2.0,
            "AnchorPoint": {
              "ScaleX": 0.5,
              "ScaleY": 0.5
            },
            "Position": {
              "X": 421.2418,
              "Y": 19.7766
            },
            "Scale": {
              "ScaleX": 1.0,
              "ScaleY": 1.0
            },
            "CColor": {
              "R": 124,
              "G": 100,
              "B": 100
            },
            "IconVisible": false,
            "PrePosition": {
              "X": 0.351,
              "Y": 0.0824
            },
            "PreSize": {
              "X": 0.0633,
              "Y": 0.1042
            },
            "LeftMargin": 383.2418,
            "RightMargin": 740.7582,
            "TopMargin": 207.7234,
            "BottomMargin": 7.2766,
            "Tag": 402,
            "ActionTag": -1138850017,
            "Size": {
              "X": 76.0,
              "Y": 25.0
            },
            "Name": "lb_score4",
            "ctype": "TextObjectData"
          },
          {
            "FontSize": 22,
            "LabelText": "-00000",
            "FontResource": {
              "Type": "Normal",
              "Path": "image/fonts/FZZY.TTF",
              "Plist": ""
            },
            "OutlineColor": {
              "R": 124,
              "G": 100,
              "B": 100
            },
            "ShadowColor": {
              "R": 110,
              "G": 110,
              "B": 110
            },
            "ShadowOffsetX": 2.0,
            "ShadowOffsetY": -2.0,
            "AnchorPoint": {
              "ScaleX": 0.5,
              "ScaleY": 0.5
            },
            "Position": {
              "X": 539.0493,
              "Y": 19.7766
            },
            "Scale": {
              "ScaleX": 1.0,
              "ScaleY": 1.0
            },
            "CColor": {
              "R": 124,
              "G": 100,
              "B": 100
            },
            "IconVisible": false,
            "PrePosition": {
              "X": 0.4492,
              "Y": 0.0824
            },
            "PreSize": {
              "X": 0.0633,
              "Y": 0.1042
            },
            "LeftMargin": 501.0493,
            "RightMargin": 622.9507,
            "TopMargin": 207.7234,
            "BottomMargin": 7.2766,
            "Tag": 403,
            "ActionTag": -1148940280,
            "Size": {
              "X": 76.0,
              "Y": 25.0
            },
            "Name": "lb_score5",
            "ctype": "TextObjectData"
          },
          {
            "FontSize": 22,
            "LabelText": "-00000",
            "FontResource": {
              "Type": "Normal",
              "Path": "image/fonts/FZZY.TTF",
              "Plist": ""
            },
            "OutlineColor": {
              "R": 124,
              "G": 100,
              "B": 100
            },
            "ShadowColor": {
              "R": 110,
              "G": 110,
              "B": 110
            },
            "ShadowOffsetX": 2.0,
            "ShadowOffsetY": -2.0,
            "AnchorPoint": {
              "ScaleX": 0.5,
              "ScaleY": 0.5
            },
            "Position": {
              "X": 656.8563,
              "Y": 19.7766
            },
            "Scale": {
              "ScaleX": 1.0,
              "ScaleY": 1.0
            },
            "CColor": {
              "R": 124,
              "G": 100,
              "B": 100
            },
            "IconVisible": false,
            "PrePosition": {
              "X": 0.5474,
              "Y": 0.0824
            },
            "PreSize": {
              "X": 0.0633,
              "Y": 0.1042
            },
            "LeftMargin": 618.8563,
            "RightMargin": 505.1437,
            "TopMargin": 207.7234,
            "BottomMargin": 7.2766,
            "Tag": 404,
            "ActionTag": -302796153,
            "Size": {
              "X": 76.0,
              "Y": 25.0
            },
            "Name": "lb_score6",
            "ctype": "TextObjectData"
          },
          {
            "FontSize": 22,
            "LabelText": "-00000",
            "FontResource": {
              "Type": "Normal",
              "Path": "image/fonts/FZZY.TTF",
              "Plist": ""
            },
            "OutlineColor": {
              "R": 124,
              "G": 100,
              "B": 100
            },
            "ShadowColor": {
              "R": 110,
              "G": 110,
              "B": 110
            },
            "ShadowOffsetX": 2.0,
            "ShadowOffsetY": -2.0,
            "AnchorPoint": {
              "ScaleX": 0.5,
              "ScaleY": 0.5
            },
            "Position": {
              "X": 774.6639,
              "Y": 19.7766
            },
            "Scale": {
              "ScaleX": 1.0,
              "ScaleY": 1.0
            },
            "CColor": {
              "R": 124,
              "G": 100,
              "B": 100
            },
            "IconVisible": false,
            "PrePosition": {
              "X": 0.6456,
              "Y": 0.0824
            },
            "PreSize": {
              "X": 0.0633,
              "Y": 0.1042
            },
            "LeftMargin": 736.6639,
            "RightMargin": 387.3361,
            "TopMargin": 207.7234,
            "BottomMargin": 7.2766,
            "Tag": 405,
            "ActionTag": -375963527,
            "Size": {
              "X": 76.0,
              "Y": 25.0
            },
            "Name": "lb_score7",
            "ctype": "TextObjectData"
          },
          {
            "FontSize": 22,
            "LabelText": "-00000",
            "FontResource": {
              "Type": "Normal",
              "Path": "image/fonts/FZZY.TTF",
              "Plist": ""
            },
            "OutlineColor": {
              "R": 124,
              "G": 100,
              "B": 100
            },
            "ShadowColor": {
              "R": 110,
              "G": 110,
              "B": 110
            },
            "ShadowOffsetX": 2.0,
            "ShadowOffsetY": -2.0,
            "AnchorPoint": {
              "ScaleX": 0.5,
              "ScaleY": 0.5
            },
            "Position": {
              "X": 892.4719,
              "Y": 19.7766
            },
            "Scale": {
              "ScaleX": 1.0,
              "ScaleY": 1.0
            },
            "CColor": {
              "R": 124,
              "G": 100,
              "B": 100
            },
            "IconVisible": false,
            "PrePosition": {
              "X": 0.7437,
              "Y": 0.0824
            },
            "PreSize": {
              "X": 0.0633,
              "Y": 0.1042
            },
            "LeftMargin": 854.4719,
            "RightMargin": 269.5281,
            "TopMargin": 207.7234,
            "BottomMargin": 7.2766,
            "Tag": 406,
            "ActionTag": -1877482006,
            "Size": {
              "X": 76.0,
              "Y": 25.0
            },
            "Name": "lb_score8",
            "ctype": "TextObjectData"
          },
          {
            "FontSize": 22,
            "LabelText": "-00000",
            "FontResource": {
              "Type": "Normal",
              "Path": "image/fonts/FZZY.TTF",
              "Plist": ""
            },
            "OutlineColor": {
              "R": 124,
              "G": 100,
              "B": 100
            },
            "ShadowColor": {
              "R": 110,
              "G": 110,
              "B": 110
            },
            "ShadowOffsetX": 2.0,
            "ShadowOffsetY": -2.0,
            "AnchorPoint": {
              "ScaleX": 0.5,
              "ScaleY": 0.5
            },
            "Position": {
              "X": 1010.2792,
              "Y": 19.7766
            },
            "Scale": {
              "ScaleX": 1.0,
              "ScaleY": 1.0
            },
            "CColor": {
              "R": 124,
              "G": 100,
              "B": 100
            },
            "IconVisible": false,
            "PrePosition": {
              "X": 0.8419,
              "Y": 0.0824
            },
            "PreSize": {
              "X": 0.0633,
              "Y": 0.1042
            },
            "LeftMargin": 972.2792,
            "RightMargin": 151.7208,
            "TopMargin": 207.7234,
            "BottomMargin": 7.2766,
            "Tag": 407,
            "ActionTag": 1208814777,
            "Size": {
              "X": 76.0,
              "Y": 25.0
            },
            "Name": "lb_score9",
            "ctype": "TextObjectData"
          },
          {
            "FontSize": 26,
            "LabelText": "结束结束了",
            "FontResource": {
              "Type": "Normal",
              "Path": "image/fonts/FZZY.TTF",
              "Plist": ""
            },
            "VerticalAlignmentType": "VT_Center",
            "OutlineColor": {
              "R": 124,
              "G": 100,
              "B": 100
            },
            "ShadowColor": {
              "R": 110,
              "G": 110,
              "B": 110
            },
            "ShadowOffsetX": 2.0,
            "ShadowOffsetY": -2.0,
            "AnchorPoint": {
              "ScaleY": 0.5
            },
            "Position": {
              "X": 1063.4058,
              "Y": 208.5201
            },
            "Scale": {
              "ScaleX": 1.0,
              "ScaleY": 1.0
            },
            "CColor": {
              "R": 124,
              "G": 100,
              "B": 100
            },
            "IconVisible": false,
            "PrePosition": {
              "X": 0.8862,
              "Y": 0.8688
            },
            "PreSize": {
              "X": 0.1108,
              "Y": 0.125
            },
            "LeftMargin": 1063.4058,
            "RightMargin": 3.5942,
            "TopMargin": 16.4799,
            "BottomMargin": 193.5201,
            "Tag": 252,
            "ActionTag": -816584766,
            "Size": {
              "X": 133.0,
              "Y": 30.0
            },
            "Name": "lb_end",
            "ctype": "TextObjectData"
          }
        ],
        "Size": {
          "X": 1200.0,
          "Y": 240.0
        },
        "Name": "Layer",
        "ctype": "LayerObjectData"
      },
      "UsedResources": [
        "../../appCommon/fydp/common/history_detailcell1.png",
        "../../image/defaultHead.jpg",
        "../../image/fonts/FZZY.TTF",
        "../../image/ui/history/history_detailcell2.png",
        "../../image/ui/room2/btn_jiesan.png",
        "../../image/ui/room2/button_yq.png"
      ],
      "ctype": "GameFileData"
    }
  },
  "Type": "Layer"
}