{
  "ID": "e360fca2-e2d2-429f-9df1-1a5b3f770bb7",
  "Version": "3.10.0.0",
  "Name": "DN_niu_tonghuashun",
  "Content": {
    "Content": {
      "Animation": {
        "Duration": 80,
        "Speed": 1.0,
        "Timelines": [
          {
            "ActionTag": -1011640156,
            "Property": "Position",
            "Frames": [
              {
                "X": 0.0,
                "Y": 0.0,
                "FrameIndex": 0,
                "EasingData": {
                  "Type": 0
                },
                "ctype": "PointFrameData"
              },
              {
                "X": 0.0,
                "Y": 0.0,
                "FrameIndex": 10,
                "EasingData": {
                  "Type": 0
                },
                "ctype": "PointFrameData"
              },
              {
                "X": 0.0,
                "Y": 0.0,
                "FrameIndex": 20,
                "EasingData": {
                  "Type": 0
                },
                "ctype": "PointFrameData"
              }
            ],
            "ctype": "TimelineData"
          },
          {
            "ActionTag": -1011640156,
            "Property": "Scale",
            "Frames": [
              {
                "X": 0.5,
                "Y": 0.5,
                "FrameIndex": 0,
                "EasingData": {
                  "Type": 0
                },
                "ctype": "ScaleValueFrameData"
              },
              {
                "X": 1.7,
                "Y": 1.0,
                "FrameIndex": 10,
                "EasingData": {
                  "Type": 0
                },
                "ctype": "ScaleValueFrameData"
              },
              {
                "X": 1.7,
                "Y": 1.0,
                "FrameIndex": 20,
                "EasingData": {
                  "Type": 0
                },
                "ctype": "ScaleValueFrameData"
              }
            ],
            "ctype": "TimelineData"
          },
          {
            "ActionTag": -1011640156,
            "Property": "RotationSkew",
            "Frames": [
              {
                "X": 0.0,
                "Y": 0.0,
                "FrameIndex": 0,
                "EasingData": {
                  "Type": 0
                },
                "ctype": "ScaleValueFrameData"
              },
              {
                "X": 0.0,
                "Y": 0.0,
                "FrameIndex": 10,
                "EasingData": {
                  "Type": 0
                },
                "ctype": "ScaleValueFrameData"
              },
              {
                "X": 0.0,
                "Y": 0.0,
                "FrameIndex": 20,
                "EasingData": {
                  "Type": 0
                },
                "ctype": "ScaleValueFrameData"
              }
            ],
            "ctype": "TimelineData"
          },
          {
            "ActionTag": -1011640156,
            "Property": "Alpha",
            "Frames": [
              {
                "Value": 0,
                "FrameIndex": 0,
                "EasingData": {
                  "Type": 0
                },
                "ctype": "IntFrameData"
              },
              {
                "Value": 216,
                "FrameIndex": 10,
                "EasingData": {
                  "Type": 0
                },
                "ctype": "IntFrameData"
              },
              {
                "Value": 216,
                "FrameIndex": 20,
                "EasingData": {
                  "Type": 0
                },
                "ctype": "IntFrameData"
              }
            ],
            "ctype": "TimelineData"
          },
          {
            "ActionTag": 212544240,
            "Property": "Position",
            "Frames": [
              {
                "X": 70.5331,
                "Y": -16.7457,
                "FrameIndex": 24,
                "EasingData": {
                  "Type": 0
                },
                "ctype": "PointFrameData"
              },
              {
                "X": 71.6481,
                "Y": 1.0989,
                "FrameIndex": 25,
                "EasingData": {
                  "Type": 0
                },
                "ctype": "PointFrameData"
              },
              {
                "X": 70.5331,
                "Y": -16.7457,
                "FrameIndex": 30,
                "EasingData": {
                  "Type": 0
                },
                "ctype": "PointFrameData"
              }
            ],
            "ctype": "TimelineData"
          },
          {
            "ActionTag": 212544240,
            "Property": "Scale",
            "Frames": [
              {
                "X": 1.0,
                "Y": 1.0,
                "FrameIndex": 24,
                "EasingData": {
                  "Type": 0
                },
                "ctype": "ScaleValueFrameData"
              },
              {
                "X": 1.0,
                "Y": 1.0,
                "FrameIndex": 30,
                "EasingData": {
                  "Type": 0
                },
                "ctype": "ScaleValueFrameData"
              }
            ],
            "ctype": "TimelineData"
          },
          {
            "ActionTag": 212544240,
            "Property": "RotationSkew",
            "Frames": [
              {
                "X": 0.0,
                "Y": 0.0,
                "FrameIndex": 24,
                "EasingData": {
                  "Type": 0
                },
                "ctype": "ScaleValueFrameData"
              },
              {
                "X": 60.5087,
                "Y": 60.5095,
                "FrameIndex": 25,
                "EasingData": {
                  "Type": 0
                },
                "ctype": "ScaleValueFrameData"
              },
              {
                "X": 0.0,
                "Y": 0.0,
                "FrameIndex": 30,
                "EasingData": {
                  "Type": 0
                },
                "ctype": "ScaleValueFrameData"
              }
            ],
            "ctype": "TimelineData"
          },
          {
            "ActionTag": 212544240,
            "Property": "AnchorPoint",
            "Frames": [
              {
                "X": 0.1591,
                "Y": 0.4409,
                "FrameIndex": 24,
                "EasingData": {
                  "Type": 0
                },
                "ctype": "ScaleValueFrameData"
              },
              {
                "X": 0.1591,
                "Y": 0.4409,
                "FrameIndex": 30,
                "EasingData": {
                  "Type": 0
                },
                "ctype": "ScaleValueFrameData"
              }
            ],
            "ctype": "TimelineData"
          },
          {
            "ActionTag": 212544240,
            "Property": "VisibleForFrame",
            "Frames": [
              {
                "Value": false,
                "FrameIndex": 24,
                "Tween": false,
                "ctype": "BoolFrameData"
              },
              {
                "Value": true,
                "FrameIndex": 25,
                "Tween": false,
                "ctype": "BoolFrameData"
              },
              {
                "Value": true,
                "FrameIndex": 30,
                "Tween": false,
                "ctype": "BoolFrameData"
              }
            ],
            "ctype": "TimelineData"
          },
          {
            "ActionTag": -558197978,
            "Property": "Position",
            "Frames": [
              {
                "X": -48.5885,
                "Y": 30.2488,
                "FrameIndex": 28,
                "EasingData": {
                  "Type": 0
                },
                "ctype": "PointFrameData"
              },
              {
                "X": -74.0887,
                "Y": -9.8455,
                "FrameIndex": 29,
                "EasingData": {
                  "Type": 0
                },
                "ctype": "PointFrameData"
              },
              {
                "X": -74.0885,
                "Y": 23.2423,
                "FrameIndex": 36,
                "EasingData": {
                  "Type": 0
                },
                "ctype": "PointFrameData"
              }
            ],
            "ctype": "TimelineData"
          },
          {
            "ActionTag": -558197978,
            "Property": "Scale",
            "Frames": [
              {
                "X": 1.0,
                "Y": 1.0,
                "FrameIndex": 28,
                "EasingData": {
                  "Type": 0
                },
                "ctype": "ScaleValueFrameData"
              },
              {
                "X": 1.0,
                "Y": 1.0,
                "FrameIndex": 36,
                "EasingData": {
                  "Type": 0
                },
                "ctype": "ScaleValueFrameData"
              }
            ],
            "ctype": "TimelineData"
          },
          {
            "ActionTag": -558197978,
            "Property": "RotationSkew",
            "Frames": [
              {
                "X": 0.0,
                "Y": 0.0,
                "FrameIndex": 28,
                "EasingData": {
                  "Type": 0
                },
                "ctype": "ScaleValueFrameData"
              },
              {
                "X": -63.6032,
                "Y": -63.6031,
                "FrameIndex": 29,
                "EasingData": {
                  "Type": 0
                },
                "ctype": "ScaleValueFrameData"
              },
              {
                "X": 0.0,
                "Y": 0.0,
                "FrameIndex": 36,
                "EasingData": {
                  "Type": 0
                },
                "ctype": "ScaleValueFrameData"
              }
            ],
            "ctype": "TimelineData"
          },
          {
            "ActionTag": -558197978,
            "Property": "VisibleForFrame",
            "Frames": [
              {
                "Value": false,
                "FrameIndex": 28,
                "Tween": false,
                "ctype": "BoolFrameData"
              },
              {
                "Value": true,
                "FrameIndex": 29,
                "Tween": false,
                "ctype": "BoolFrameData"
              },
              {
                "Value": true,
                "FrameIndex": 36,
                "Tween": false,
                "ctype": "BoolFrameData"
              }
            ],
            "ctype": "TimelineData"
          },
          {
            "ActionTag": -558197978,
            "Property": "AnchorPoint",
            "Frames": [
              {
                "X": 0.0,
                "Y": 0.1312,
                "FrameIndex": 29,
                "EasingData": {
                  "Type": 0
                },
                "ctype": "ScaleValueFrameData"
              },
              {
                "X": 0.0,
                "Y": 0.1312,
                "FrameIndex": 36,
                "EasingData": {
                  "Type": 0
                },
                "ctype": "ScaleValueFrameData"
              }
            ],
            "ctype": "TimelineData"
          },
          {
            "ActionTag": -1273415238,
            "Property": "Position",
            "Frames": [
              {
                "X": 84.6176,
                "Y": 17.6536,
                "FrameIndex": 33,
                "EasingData": {
                  "Type": 0
                },
                "ctype": "PointFrameData"
              },
              {
                "X": 84.6176,
                "Y": 17.6536,
                "FrameIndex": 34,
                "EasingData": {
                  "Type": 0
                },
                "ctype": "PointFrameData"
              },
              {
                "X": 84.6176,
                "Y": 17.6536,
                "FrameIndex": 37,
                "EasingData": {
                  "Type": 0
                },
                "ctype": "PointFrameData"
              },
              {
                "X": 84.6176,
                "Y": 17.6536,
                "FrameIndex": 41,
                "EasingData": {
                  "Type": 0
                },
                "ctype": "PointFrameData"
              }
            ],
            "ctype": "TimelineData"
          },
          {
            "ActionTag": -1273415238,
            "Property": "Scale",
            "Frames": [
              {
                "X": 0.5927,
                "Y": 0.5927,
                "FrameIndex": 34,
                "EasingData": {
                  "Type": 0
                },
                "ctype": "ScaleValueFrameData"
              },
              {
                "X": 1.0599,
                "Y": 1.0599,
                "FrameIndex": 37,
                "EasingData": {
                  "Type": 0
                },
                "ctype": "ScaleValueFrameData"
              },
              {
                "X": 1.0,
                "Y": 1.0,
                "FrameIndex": 41,
                "EasingData": {
                  "Type": 0
                },
                "ctype": "ScaleValueFrameData"
              }
            ],
            "ctype": "TimelineData"
          },
          {
            "ActionTag": -1273415238,
            "Property": "RotationSkew",
            "Frames": [
              {
                "X": 0.0,
                "Y": 0.0,
                "FrameIndex": 34,
                "EasingData": {
                  "Type": 0
                },
                "ctype": "ScaleValueFrameData"
              },
              {
                "X": 0.0,
                "Y": 0.0,
                "FrameIndex": 37,
                "EasingData": {
                  "Type": 0
                },
                "ctype": "ScaleValueFrameData"
              },
              {
                "X": 0.0,
                "Y": 0.0,
                "FrameIndex": 41,
                "EasingData": {
                  "Type": 0
                },
                "ctype": "ScaleValueFrameData"
              }
            ],
            "ctype": "TimelineData"
          },
          {
            "ActionTag": -1273415238,
            "Property": "AnchorPoint",
            "Frames": [
              {
                "X": 0.2071,
                "Y": 0.2232,
                "FrameIndex": 33,
                "EasingData": {
                  "Type": 0
                },
                "ctype": "ScaleValueFrameData"
              },
              {
                "X": 0.2071,
                "Y": 0.2232,
                "FrameIndex": 34,
                "EasingData": {
                  "Type": 0
                },
                "ctype": "ScaleValueFrameData"
              },
              {
                "X": 0.2071,
                "Y": 0.2232,
                "FrameIndex": 37,
                "EasingData": {
                  "Type": 0
                },
                "ctype": "ScaleValueFrameData"
              },
              {
                "X": 0.2071,
                "Y": 0.2232,
                "FrameIndex": 41,
                "EasingData": {
                  "Type": 0
                },
                "ctype": "ScaleValueFrameData"
              }
            ],
            "ctype": "TimelineData"
          },
          {
            "ActionTag": -1273415238,
            "Property": "VisibleForFrame",
            "Frames": [
              {
                "Value": false,
                "FrameIndex": 33,
                "Tween": false,
                "ctype": "BoolFrameData"
              },
              {
                "Value": true,
                "FrameIndex": 34,
                "Tween": false,
                "ctype": "BoolFrameData"
              },
              {
                "Value": true,
                "FrameIndex": 37,
                "Tween": false,
                "ctype": "BoolFrameData"
              },
              {
                "Value": true,
                "FrameIndex": 41,
                "Tween": false,
                "ctype": "BoolFrameData"
              }
            ],
            "ctype": "TimelineData"
          },
          {
            "ActionTag": 1041426586,
            "Property": "Position",
            "Frames": [
              {
                "X": -0.0003,
                "Y": 0.0,
                "FrameIndex": 0,
                "EasingData": {
                  "Points": [
                    {
                      "X": 0.0,
                      "Y": 0.0
                    },
                    {
                      "X": 0.01,
                      "Y": 0.01
                    },
                    {
                      "X": 1.0,
                      "Y": 0.52
                    },
                    {
                      "X": 1.0,
                      "Y": 1.0
                    }
                  ],
                  "Type": -1
                },
                "ctype": "PointFrameData"
              },
              {
                "X": -0.0004,
                "Y": -0.0001,
                "FrameIndex": 3,
                "EasingData": {
                  "Points": [
                    {
                      "X": 0.0,
                      "Y": 0.0
                    },
                    {
                      "X": 0.0,
                      "Y": 0.0
                    },
                    {
                      "X": 1.0,
                      "Y": 0.8
                    },
                    {
                      "X": 1.0,
                      "Y": 1.0
                    }
                  ],
                  "Type": -1
                },
                "ctype": "PointFrameData"
              },
              {
                "X": 0.0,
                "Y": 0.0,
                "FrameIndex": 14,
                "EasingData": {
                  "Points": [
                    {
                      "X": 0.0,
                      "Y": 0.0
                    },
                    {
                      "X": 0.0,
                      "Y": 0.0
                    },
                    {
                      "X": 1.0,
                      "Y": 1.0
                    },
                    {
                      "X": 1.0,
                      "Y": 1.0
                    }
                  ],
                  "Type": -1
                },
                "ctype": "PointFrameData"
              },
              {
                "X": 0.0,
                "Y": 0.0,
                "FrameIndex": 19,
                "EasingData": {
                  "Points": [
                    {
                      "X": 0.0,
                      "Y": 0.0
                    },
                    {
                      "X": 0.08,
                      "Y": 0.52
                    },
                    {
                      "X": 1.0,
                      "Y": 1.0
                    },
                    {
                      "X": 1.0,
                      "Y": 1.0
                    }
                  ],
                  "Type": -1
                },
                "ctype": "PointFrameData"
              },
              {
                "X": 0.0,
                "Y": 0.0,
                "FrameIndex": 24,
                "EasingData": {
                  "Type": 0
                },
                "ctype": "PointFrameData"
              },
              {
                "X": 0.0,
                "Y": 0.0,
                "FrameIndex": 80,
                "EasingData": {
                  "Type": 0
                },
                "ctype": "PointFrameData"
              }
            ],
            "ctype": "TimelineData"
          },
          {
            "ActionTag": 1041426586,
            "Property": "Scale",
            "Frames": [
              {
                "X": 0.5,
                "Y": 0.5,
                "FrameIndex": 0,
                "EasingData": {
                  "Points": [
                    {
                      "X": 0.0,
                      "Y": 0.0
                    },
                    {
                      "X": 0.01,
                      "Y": 0.01
                    },
                    {
                      "X": 1.0,
                      "Y": 0.52
                    },
                    {
                      "X": 1.0,
                      "Y": 1.0
                    }
                  ],
                  "Type": -1
                },
                "ctype": "ScaleValueFrameData"
              },
              {
                "X": 1.2,
                "Y": 1.2,
                "FrameIndex": 3,
                "EasingData": {
                  "Points": [
                    {
                      "X": 0.0,
                      "Y": 0.0
                    },
                    {
                      "X": 0.0,
                      "Y": 0.0
                    },
                    {
                      "X": 1.0,
                      "Y": 0.8
                    },
                    {
                      "X": 1.0,
                      "Y": 1.0
                    }
                  ],
                  "Type": -1
                },
                "ctype": "ScaleValueFrameData"
              },
              {
                "X": 0.9,
                "Y": 0.9,
                "FrameIndex": 9,
                "EasingData": {
                  "Points": [
                    {
                      "X": 0.0,
                      "Y": 0.0
                    },
                    {
                      "X": 0.0,
                      "Y": 0.58
                    },
                    {
                      "X": 1.0,
                      "Y": 1.0
                    },
                    {
                      "X": 1.0,
                      "Y": 1.0
                    }
                  ],
                  "Type": -1
                },
                "ctype": "ScaleValueFrameData"
              },
              {
                "X": 1.04,
                "Y": 1.04,
                "FrameIndex": 14,
                "EasingData": {
                  "Points": [
                    {
                      "X": 0.0,
                      "Y": 0.0
                    },
                    {
                      "X": 0.0,
                      "Y": 0.0
                    },
                    {
                      "X": 1.0,
                      "Y": 1.0
                    },
                    {
                      "X": 1.0,
                      "Y": 1.0
                    }
                  ],
                  "Type": -1
                },
                "ctype": "ScaleValueFrameData"
              },
              {
                "X": 0.98,
                "Y": 0.98,
                "FrameIndex": 19,
                "EasingData": {
                  "Points": [
                    {
                      "X": 0.0,
                      "Y": 0.0
                    },
                    {
                      "X": 0.08,
                      "Y": 0.52
                    },
                    {
                      "X": 1.0,
                      "Y": 1.0
                    },
                    {
                      "X": 1.0,
                      "Y": 1.0
                    }
                  ],
                  "Type": -1
                },
                "ctype": "ScaleValueFrameData"
              },
              {
                "X": 1.0,
                "Y": 1.0,
                "FrameIndex": 24,
                "EasingData": {
                  "Type": 0
                },
                "ctype": "ScaleValueFrameData"
              },
              {
                "X": 1.0,
                "Y": 1.0,
                "FrameIndex": 80,
                "EasingData": {
                  "Type": 0
                },
                "ctype": "ScaleValueFrameData"
              }
            ],
            "ctype": "TimelineData"
          },
          {
            "ActionTag": 1041426586,
            "Property": "RotationSkew",
            "Frames": [
              {
                "X": 0.0,
                "Y": 0.0,
                "FrameIndex": 0,
                "EasingData": {
                  "Points": [
                    {
                      "X": 0.0,
                      "Y": 0.0
                    },
                    {
                      "X": 0.01,
                      "Y": 0.01
                    },
                    {
                      "X": 1.0,
                      "Y": 0.52
                    },
                    {
                      "X": 1.0,
                      "Y": 1.0
                    }
                  ],
                  "Type": -1
                },
                "ctype": "ScaleValueFrameData"
              },
              {
                "X": 0.0,
                "Y": 0.0,
                "FrameIndex": 3,
                "EasingData": {
                  "Points": [
                    {
                      "X": 0.0,
                      "Y": 0.0
                    },
                    {
                      "X": 0.0,
                      "Y": 0.0
                    },
                    {
                      "X": 1.0,
                      "Y": 0.8
                    },
                    {
                      "X": 1.0,
                      "Y": 1.0
                    }
                  ],
                  "Type": -1
                },
                "ctype": "ScaleValueFrameData"
              },
              {
                "X": 0.0,
                "Y": 0.0,
                "FrameIndex": 14,
                "EasingData": {
                  "Points": [
                    {
                      "X": 0.0,
                      "Y": 0.0
                    },
                    {
                      "X": 0.0,
                      "Y": 0.0
                    },
                    {
                      "X": 1.0,
                      "Y": 1.0
                    },
                    {
                      "X": 1.0,
                      "Y": 1.0
                    }
                  ],
                  "Type": -1
                },
                "ctype": "ScaleValueFrameData"
              },
              {
                "X": 0.0,
                "Y": 0.0,
                "FrameIndex": 19,
                "EasingData": {
                  "Points": [
                    {
                      "X": 0.0,
                      "Y": 0.0
                    },
                    {
                      "X": 0.08,
                      "Y": 0.52
                    },
                    {
                      "X": 1.0,
                      "Y": 1.0
                    },
                    {
                      "X": 1.0,
                      "Y": 1.0
                    }
                  ],
                  "Type": -1
                },
                "ctype": "ScaleValueFrameData"
              },
              {
                "X": 0.0,
                "Y": 0.0,
                "FrameIndex": 24,
                "EasingData": {
                  "Type": 0
                },
                "ctype": "ScaleValueFrameData"
              },
              {
                "X": 0.0,
                "Y": 0.0,
                "FrameIndex": 80,
                "EasingData": {
                  "Type": 0
                },
                "ctype": "ScaleValueFrameData"
              }
            ],
            "ctype": "TimelineData"
          },
          {
            "ActionTag": 1041426586,
            "Property": "Alpha",
            "Frames": [
              {
                "Value": 255,
                "FrameIndex": 0,
                "EasingData": {
                  "Points": [
                    {
                      "X": 0.0,
                      "Y": 0.0
                    },
                    {
                      "X": 0.01,
                      "Y": 0.01
                    },
                    {
                      "X": 1.0,
                      "Y": 0.52
                    },
                    {
                      "X": 1.0,
                      "Y": 1.0
                    }
                  ],
                  "Type": -1
                },
                "ctype": "IntFrameData"
              },
              {
                "Value": 255,
                "FrameIndex": 3,
                "EasingData": {
                  "Points": [
                    {
                      "X": 0.0,
                      "Y": 0.0
                    },
                    {
                      "X": 0.0,
                      "Y": 0.0
                    },
                    {
                      "X": 1.0,
                      "Y": 0.8
                    },
                    {
                      "X": 1.0,
                      "Y": 1.0
                    }
                  ],
                  "Type": -1
                },
                "ctype": "IntFrameData"
              },
              {
                "Value": 255,
                "FrameIndex": 19,
                "EasingData": {
                  "Points": [
                    {
                      "X": 0.0,
                      "Y": 0.0
                    },
                    {
                      "X": 0.08,
                      "Y": 0.52
                    },
                    {
                      "X": 1.0,
                      "Y": 1.0
                    },
                    {
                      "X": 1.0,
                      "Y": 1.0
                    }
                  ],
                  "Type": -1
                },
                "ctype": "IntFrameData"
              },
              {
                "Value": 255,
                "FrameIndex": 24,
                "EasingData": {
                  "Type": 0
                },
                "ctype": "IntFrameData"
              }
            ],
            "ctype": "TimelineData"
          },
          {
            "ActionTag": 954901343,
            "Property": "Position",
            "Frames": [
              {
                "X": 0.0,
                "Y": 0.0,
                "FrameIndex": 50,
                "EasingData": {
                  "Type": 0
                },
                "ctype": "PointFrameData"
              }
            ],
            "ctype": "TimelineData"
          },
          {
            "ActionTag": 954901343,
            "Property": "Scale",
            "Frames": [
              {
                "X": 1.0,
                "Y": 1.0,
                "FrameIndex": 50,
                "EasingData": {
                  "Type": 0
                },
                "ctype": "ScaleValueFrameData"
              }
            ],
            "ctype": "TimelineData"
          },
          {
            "ActionTag": 954901343,
            "Property": "RotationSkew",
            "Frames": [
              {
                "X": 0.0,
                "Y": 0.0,
                "FrameIndex": 50,
                "EasingData": {
                  "Type": 0
                },
                "ctype": "ScaleValueFrameData"
              }
            ],
            "ctype": "TimelineData"
          },
          {
            "ActionTag": 954901343,
            "Property": "FileData",
            "Frames": [
              {
                "TextureFile": {
                  "Type": "PlistSubImage",
                  "Path": "DN_niu_baodian01.png",
                  "Plist": "image/ui/animation/DN_niu_baodian.plist"
                },
                "FrameIndex": 0,
                "Tween": false,
                "ctype": "TextureFrameData"
              },
              {
                "TextureFile": {
                  "Type": "PlistSubImage",
                  "Path": "DN_niu_baodian02.png",
                  "Plist": "image/ui/animation/DN_niu_baodian.plist"
                },
                "FrameIndex": 5,
                "Tween": false,
                "ctype": "TextureFrameData"
              },
              {
                "TextureFile": {
                  "Type": "PlistSubImage",
                  "Path": "DN_niu_baodian03.png",
                  "Plist": "image/ui/animation/DN_niu_baodian.plist"
                },
                "FrameIndex": 10,
                "Tween": false,
                "ctype": "TextureFrameData"
              },
              {
                "TextureFile": {
                  "Type": "PlistSubImage",
                  "Path": "DN_niu_baodian04.png",
                  "Plist": "image/ui/animation/DN_niu_baodian.plist"
                },
                "FrameIndex": 15,
                "Tween": false,
                "ctype": "TextureFrameData"
              },
              {
                "TextureFile": {
                  "Type": "PlistSubImage",
                  "Path": "DN_niu_baodian05.png",
                  "Plist": "image/ui/animation/DN_niu_baodian.plist"
                },
                "FrameIndex": 20,
                "Tween": false,
                "ctype": "TextureFrameData"
              },
              {
                "TextureFile": {
                  "Type": "PlistSubImage",
                  "Path": "DN_niu_baodian06.png",
                  "Plist": "image/ui/animation/DN_niu_baodian.plist"
                },
                "FrameIndex": 25,
                "Tween": false,
                "ctype": "TextureFrameData"
              },
              {
                "TextureFile": {
                  "Type": "PlistSubImage",
                  "Path": "DN_niu_baodian07.png",
                  "Plist": "image/ui/animation/DN_niu_baodian.plist"
                },
                "FrameIndex": 30,
                "Tween": false,
                "ctype": "TextureFrameData"
              },
              {
                "TextureFile": {
                  "Type": "PlistSubImage",
                  "Path": "DN_niu_baodian08.png",
                  "Plist": "image/ui/animation/DN_niu_baodian.plist"
                },
                "FrameIndex": 35,
                "Tween": false,
                "ctype": "TextureFrameData"
              },
              {
                "TextureFile": {
                  "Type": "PlistSubImage",
                  "Path": "DN_niu_baodian09.png",
                  "Plist": "image/ui/animation/DN_niu_baodian.plist"
                },
                "FrameIndex": 40,
                "Tween": false,
                "ctype": "TextureFrameData"
              },
              {
                "TextureFile": {
                  "Type": "PlistSubImage",
                  "Path": "DN_niu_baodian10.png",
                  "Plist": "image/ui/animation/DN_niu_baodian.plist"
                },
                "FrameIndex": 45,
                "Tween": false,
                "ctype": "TextureFrameData"
              },
              {
                "TextureFile": {
                  "Type": "PlistSubImage",
                  "Path": "DN_niu_baodian10.png",
                  "Plist": "image/ui/animation/DN_niu_baodian.plist"
                },
                "FrameIndex": 50,
                "Tween": false,
                "ctype": "TextureFrameData"
              }
            ],
            "ctype": "TimelineData"
          },
          {
            "ActionTag": 954901343,
            "Property": "VisibleForFrame",
            "Frames": [
              {
                "Value": true,
                "FrameIndex": 45,
                "Tween": false,
                "ctype": "BoolFrameData"
              },
              {
                "Value": false,
                "FrameIndex": 50,
                "Tween": false,
                "ctype": "BoolFrameData"
              }
            ],
            "ctype": "TimelineData"
          },
          {
            "ActionTag": 954901343,
            "Property": "BlendFunc",
            "Frames": [
              {
                "Src": 1,
                "Dst": 771,
                "FrameIndex": 0,
                "Tween": false,
                "ctype": "BlendFuncFrameData"
              }
            ],
            "ctype": "TimelineData"
          },
          {
            "ActionTag": 954901343,
            "Property": "CColor",
            "Frames": [
              {
                "Alpha": 255,
                "Color": {
                  "G": 246,
                  "B": 192
                },
                "FrameIndex": 0,
                "EasingData": {
                  "Type": 0
                },
                "ctype": "ColorFrameData"
              }
            ],
            "ctype": "TimelineData"
          },
          {
            "ActionTag": -1798499583,
            "Property": "Scale",
            "Frames": [
              {
                "X": 1.2,
                "Y": 1.2,
                "FrameIndex": 0,
                "EasingData": {
                  "Type": 0
                },
                "ctype": "ScaleValueFrameData"
              }
            ],
            "ctype": "TimelineData"
          },
          {
            "ActionTag": -1471102543,
            "Property": "Position",
            "Frames": [
              {
                "X": -36.6975,
                "Y": -12.7786,
                "FrameIndex": 18,
                "EasingData": {
                  "Type": 0
                },
                "ctype": "PointFrameData"
              },
              {
                "X": -36.6975,
                "Y": -12.7786,
                "FrameIndex": 29,
                "EasingData": {
                  "Type": 0
                },
                "ctype": "PointFrameData"
              }
            ],
            "ctype": "TimelineData"
          },
          {
            "ActionTag": -1471102543,
            "Property": "Scale",
            "Frames": [
              {
                "X": 1.0,
                "Y": 1.0,
                "FrameIndex": 18,
                "EasingData": {
                  "Type": 0
                },
                "ctype": "ScaleValueFrameData"
              }
            ],
            "ctype": "TimelineData"
          },
          {
            "ActionTag": -1471102543,
            "Property": "RotationSkew",
            "Frames": [
              {
                "X": 0.0,
                "Y": 0.0,
                "FrameIndex": 18,
                "EasingData": {
                  "Type": 0
                },
                "ctype": "ScaleValueFrameData"
              }
            ],
            "ctype": "TimelineData"
          },
          {
            "ActionTag": -1471102543,
            "Property": "FileData",
            "Frames": [
              {
                "TextureFile": {
                  "Type": "Normal",
                  "Path": "image/ui/animation/DN_niu_tonghuashun03.png",
                  "Plist": ""
                },
                "FrameIndex": 18,
                "Tween": false,
                "ctype": "TextureFrameData"
              },
              {
                "TextureFile": {
                  "Type": "Normal",
                  "Path": "image/ui/animation/DN_niu_tonghuashun03.png",
                  "Plist": ""
                },
                "FrameIndex": 19,
                "Tween": false,
                "ctype": "TextureFrameData"
              },
              {
                "TextureFile": {
                  "Type": "Normal",
                  "Path": "image/ui/animation/DN_niu_tonghuashun04.png",
                  "Plist": ""
                },
                "FrameIndex": 24,
                "Tween": false,
                "ctype": "TextureFrameData"
              },
              {
                "TextureFile": {
                  "Type": "Normal",
                  "Path": "image/ui/animation/DN_niu_tonghuashun05.png",
                  "Plist": ""
                },
                "FrameIndex": 29,
                "Tween": false,
                "ctype": "TextureFrameData"
              }
            ],
            "ctype": "TimelineData"
          },
          {
            "ActionTag": -1471102543,
            "Property": "VisibleForFrame",
            "Frames": [
              {
                "Value": false,
                "FrameIndex": 18,
                "Tween": false,
                "ctype": "BoolFrameData"
              },
              {
                "Value": true,
                "FrameIndex": 19,
                "Tween": false,
                "ctype": "BoolFrameData"
              }
            ],
            "ctype": "TimelineData"
          },
          {
            "ActionTag": 1370997401,
            "Property": "Position",
            "Frames": [
              {
                "X": 24.7091,
                "Y": -15.587,
                "FrameIndex": 18,
                "EasingData": {
                  "Type": 0
                },
                "ctype": "PointFrameData"
              },
              {
                "X": 24.7091,
                "Y": -15.587,
                "FrameIndex": 19,
                "EasingData": {
                  "Type": 0
                },
                "ctype": "PointFrameData"
              },
              {
                "X": 24.7091,
                "Y": -15.587,
                "FrameIndex": 22,
                "EasingData": {
                  "Type": 0
                },
                "ctype": "PointFrameData"
              },
              {
                "X": 24.7091,
                "Y": -15.587,
                "FrameIndex": 26,
                "EasingData": {
                  "Type": 0
                },
                "ctype": "PointFrameData"
              }
            ],
            "ctype": "TimelineData"
          },
          {
            "ActionTag": 1370997401,
            "Property": "Scale",
            "Frames": [
              {
                "X": 1.0,
                "Y": 1.0,
                "FrameIndex": 18,
                "EasingData": {
                  "Type": 0
                },
                "ctype": "ScaleValueFrameData"
              },
              {
                "X": 0.5659,
                "Y": 0.5659,
                "FrameIndex": 19,
                "EasingData": {
                  "Type": 0
                },
                "ctype": "ScaleValueFrameData"
              },
              {
                "X": 1.1855,
                "Y": 1.1855,
                "FrameIndex": 22,
                "EasingData": {
                  "Type": 0
                },
                "ctype": "ScaleValueFrameData"
              },
              {
                "X": 1.0,
                "Y": 1.0,
                "FrameIndex": 26,
                "EasingData": {
                  "Type": 0
                },
                "ctype": "ScaleValueFrameData"
              }
            ],
            "ctype": "TimelineData"
          },
          {
            "ActionTag": 1370997401,
            "Property": "RotationSkew",
            "Frames": [
              {
                "X": -0.1377,
                "Y": -0.1377,
                "FrameIndex": 18,
                "EasingData": {
                  "Type": 0
                },
                "ctype": "ScaleValueFrameData"
              },
              {
                "X": -0.1377,
                "Y": -0.1377,
                "FrameIndex": 19,
                "EasingData": {
                  "Type": 0
                },
                "ctype": "ScaleValueFrameData"
              },
              {
                "X": -0.1377,
                "Y": -0.1377,
                "FrameIndex": 22,
                "EasingData": {
                  "Type": 0
                },
                "ctype": "ScaleValueFrameData"
              },
              {
                "X": -0.1377,
                "Y": -0.1377,
                "FrameIndex": 26,
                "EasingData": {
                  "Type": 0
                },
                "ctype": "ScaleValueFrameData"
              }
            ],
            "ctype": "TimelineData"
          },
          {
            "ActionTag": 1370997401,
            "Property": "VisibleForFrame",
            "Frames": [
              {
                "Value": false,
                "FrameIndex": 18,
                "Tween": false,
                "ctype": "BoolFrameData"
              },
              {
                "Value": true,
                "FrameIndex": 19,
                "Tween": false,
                "ctype": "BoolFrameData"
              },
              {
                "Value": true,
                "FrameIndex": 22,
                "Tween": false,
                "ctype": "BoolFrameData"
              },
              {
                "Value": true,
                "FrameIndex": 26,
                "Tween": false,
                "ctype": "BoolFrameData"
              }
            ],
            "ctype": "TimelineData"
          },
          {
            "ActionTag": -1086780434,
            "Property": "Position",
            "Frames": [
              {
                "X": -92.1503,
                "Y": -5.4832,
                "FrameIndex": 28,
                "EasingData": {
                  "Type": 0
                },
                "ctype": "PointFrameData"
              },
              {
                "X": -92.1503,
                "Y": -5.4832,
                "FrameIndex": 29,
                "EasingData": {
                  "Type": 0
                },
                "ctype": "PointFrameData"
              },
              {
                "X": -92.1503,
                "Y": -5.4832,
                "FrameIndex": 32,
                "EasingData": {
                  "Type": 0
                },
                "ctype": "PointFrameData"
              },
              {
                "X": -92.1503,
                "Y": -5.4832,
                "FrameIndex": 36,
                "EasingData": {
                  "Type": 0
                },
                "ctype": "PointFrameData"
              }
            ],
            "ctype": "TimelineData"
          },
          {
            "ActionTag": -1086780434,
            "Property": "Scale",
            "Frames": [
              {
                "X": 1.0,
                "Y": 1.0,
                "FrameIndex": 28,
                "EasingData": {
                  "Type": 0
                },
                "ctype": "ScaleValueFrameData"
              },
              {
                "X": 0.6778,
                "Y": 0.6778,
                "FrameIndex": 29,
                "EasingData": {
                  "Type": 0
                },
                "ctype": "ScaleValueFrameData"
              },
              {
                "X": 1.2974,
                "Y": 1.2974,
                "FrameIndex": 32,
                "EasingData": {
                  "Type": 0
                },
                "ctype": "ScaleValueFrameData"
              },
              {
                "X": 1.0,
                "Y": 1.0,
                "FrameIndex": 36,
                "EasingData": {
                  "Type": 0
                },
                "ctype": "ScaleValueFrameData"
              }
            ],
            "ctype": "TimelineData"
          },
          {
            "ActionTag": -1086780434,
            "Property": "RotationSkew",
            "Frames": [
              {
                "X": 0.0,
                "Y": 0.0,
                "FrameIndex": 28,
                "EasingData": {
                  "Type": 0
                },
                "ctype": "ScaleValueFrameData"
              },
              {
                "X": 0.0,
                "Y": 0.0,
                "FrameIndex": 32,
                "EasingData": {
                  "Type": 0
                },
                "ctype": "ScaleValueFrameData"
              },
              {
                "X": 0.0,
                "Y": 0.0,
                "FrameIndex": 36,
                "EasingData": {
                  "Type": 0
                },
                "ctype": "ScaleValueFrameData"
              }
            ],
            "ctype": "TimelineData"
          },
          {
            "ActionTag": -1086780434,
            "Property": "VisibleForFrame",
            "Frames": [
              {
                "Value": false,
                "FrameIndex": 28,
                "Tween": false,
                "ctype": "BoolFrameData"
              },
              {
                "Value": true,
                "FrameIndex": 29,
                "Tween": false,
                "ctype": "BoolFrameData"
              },
              {
                "Value": true,
                "FrameIndex": 32,
                "Tween": false,
                "ctype": "BoolFrameData"
              },
              {
                "Value": true,
                "FrameIndex": 36,
                "Tween": false,
                "ctype": "BoolFrameData"
              }
            ],
            "ctype": "TimelineData"
          }
        ],
        "ctype": "TimelineActionData"
      },
      "AnimationList": [
        {
          "StartIndex": 0,
          "EndIndex": 80,
          "Name": "action",
          "ctype": "AnimationInfoData"
        }
      ],
      "ObjectData": {
        "Tag": 16,
        "Children": [
          {
            "AnchorPoint": {},
            "Position": {
              "X": 0.0,
              "Y": 0.0
            },
            "Scale": {
              "ScaleX": 1.0,
              "ScaleY": 1.0
            },
            "CColor": {},
            "IconVisible": true,
            "PrePosition": {
              "X": 0.0,
              "Y": 0.0
            },
            "PreSize": {
              "X": 0.0,
              "Y": 0.0
            },
            "Tag": 18,
            "Children": [
              {
                "FileData": {
                  "Type": "Normal",
                  "Path": "image/ui/animation/DN_niu_heidi.png",
                  "Plist": ""
                },
                "BlendFunc": {
                  "Src": 1,
                  "Dst": 771
                },
                "AnchorPoint": {
                  "ScaleX": 0.5,
                  "ScaleY": 0.5
                },
                "Position": {
                  "X": 0.0,
                  "Y": 0.0
                },
                "Scale": {
                  "ScaleX": 0.5,
                  "ScaleY": 0.5
                },
                "CColor": {},
                "IconVisible": false,
                "PrePosition": {
                  "X": 0.0,
                  "Y": 0.0
                },
                "PreSize": {
                  "X": 0.0,
                  "Y": 0.0
                },
                "LeftMargin": -104.5,
                "RightMargin": -104.5,
                "TopMargin": -50.0,
                "BottomMargin": -50.0,
                "Tag": 139,
                "ActionTag": -1011640156,
                "Size": {
                  "X": 209.0,
                  "Y": 100.0
                },
                "Alpha": 0,
                "Name": "DN_niu_heidi_1",
                "ctype": "SpriteObjectData"
              },
              {
                "FileData": {
                  "Type": "Normal",
                  "Path": "image/ui/animation/DN_niu_tonghuashun07.png",
                  "Plist": ""
                },
                "BlendFunc": {
                  "Src": 1,
                  "Dst": 771
                },
                "AnchorPoint": {
                  "ScaleX": 0.1591,
                  "ScaleY": 0.4409
                },
                "Position": {
                  "X": 70.5331,
                  "Y": -16.7457
                },
                "Scale": {
                  "ScaleX": 1.0,
                  "ScaleY": 1.0
                },
                "CColor": {},
                "IconVisible": false,
                "PrePosition": {
                  "X": 0.0,
                  "Y": 0.0
                },
                "PreSize": {
                  "X": 0.0,
                  "Y": 0.0
                },
                "LeftMargin": 64.9646,
                "RightMargin": -99.9646,
                "TopMargin": 3.3273,
                "BottomMargin": -27.3273,
                "Tag": 285,
                "ActionTag": 212544240,
                "Size": {
                  "X": 35.0,
                  "Y": 24.0
                },
                "VisibleForFrame": false,
                "Name": "DN_niu_tonghuashun07_15",
                "ctype": "SpriteObjectData"
              },
              {
                "FileData": {
                  "Type": "Normal",
                  "Path": "image/ui/animation/DN_niu_tonghuashun06.png",
                  "Plist": ""
                },
                "BlendFunc": {
                  "Src": 1,
                  "Dst": 771
                },
                "AnchorPoint": {
                  "ScaleY": 0.1312
                },
                "Position": {
                  "X": -48.5885,
                  "Y": 30.2488
                },
                "Scale": {
                  "ScaleX": 1.0,
                  "ScaleY": 1.0
                },
                "CColor": {},
                "IconVisible": false,
                "PrePosition": {
                  "X": 0.0,
                  "Y": 0.0
                },
                "PreSize": {
                  "X": 0.0,
                  "Y": 0.0
                },
                "LeftMargin": -48.5885,
                "RightMargin": -2.4115,
                "TopMargin": -46.756,
                "BottomMargin": 27.756,
                "Tag": 284,
                "ActionTag": -558197978,
                "Size": {
                  "X": 51.0,
                  "Y": 19.0
                },
                "VisibleForFrame": false,
                "Name": "DN_niu_tonghuashun06_14",
                "ctype": "SpriteObjectData"
              },
              {
                "FileData": {
                  "Type": "Normal",
                  "Path": "image/ui/animation/DN_niu_tonghuashun02.png",
                  "Plist": ""
                },
                "BlendFunc": {
                  "Src": 1,
                  "Dst": 771
                },
                "AnchorPoint": {
                  "ScaleX": 0.2071,
                  "ScaleY": 0.2232
                },
                "Position": {
                  "X": 84.6176,
                  "Y": 17.6536
                },
                "Scale": {
                  "ScaleX": 0.5927,
                  "ScaleY": 0.5927
                },
                "CColor": {},
                "IconVisible": false,
                "PrePosition": {
                  "X": 0.0,
                  "Y": 0.0
                },
                "PreSize": {
                  "X": 0.0,
                  "Y": 0.0
                },
                "LeftMargin": 75.7123,
                "RightMargin": -118.7123,
                "TopMargin": -49.5024,
                "BottomMargin": 8.5024,
                "Tag": 278,
                "ActionTag": -1273415238,
                "Size": {
                  "X": 43.0,
                  "Y": 41.0
                },
                "VisibleForFrame": false,
                "Name": "DN_niu_tonghuashun02_8",
                "ctype": "SpriteObjectData"
              },
              {
                "FileData": {
                  "Type": "Normal",
                  "Path": "image/ui/animation/DN_niu_tonghuashun01.png",
                  "Plist": ""
                },
                "BlendFunc": {
                  "Src": 1,
                  "Dst": 771
                },
                "AnchorPoint": {
                  "ScaleX": 0.5,
                  "ScaleY": 0.5
                },
                "Position": {
                  "X": -0.0003,
                  "Y": 0.0
                },
                "Scale": {
                  "ScaleX": 0.5,
                  "ScaleY": 0.5
                },
                "CColor": {},
                "IconVisible": false,
                "PrePosition": {
                  "X": 0.0,
                  "Y": 0.0
                },
                "PreSize": {
                  "X": 0.0,
                  "Y": 0.0
                },
                "LeftMargin": -104.0003,
                "RightMargin": -103.9997,
                "TopMargin": -44.5,
                "BottomMargin": -44.5,
                "Tag": 19,
                "ActionTag": 1041426586,
                "Size": {
                  "X": 208.0,
                  "Y": 89.0
                },
                "Name": "DN_niu00_2",
                "ctype": "SpriteObjectData"
              },
              {
                "FileData": {
                  "Type": "Normal",
                  "Path": "image/ui/animation/MJ_particle04.plist",
                  "Plist": ""
                },
                "BlendFunc": {
                  "Src": 770,
                  "Dst": 1
                },
                "AnchorPoint": {},
                "Position": {
                  "X": 0.0,
                  "Y": 0.0
                },
                "Scale": {
                  "ScaleX": 1.0,
                  "ScaleY": 1.0
                },
                "CColor": {},
                "IconVisible": true,
                "PrePosition": {
                  "X": 0.0,
                  "Y": 0.0
                },
                "PreSize": {
                  "X": 0.0,
                  "Y": 0.0
                },
                "Tag": 24,
                "ActionTag": 2020271066,
                "Size": {
                  "X": 0.0,
                  "Y": 0.0
                },
                "Name": "Particle_1",
                "ctype": "ParticleObjectData"
              },
              {
                "AnchorPoint": {},
                "Position": {
                  "X": 0.0,
                  "Y": 3.0
                },
                "Scale": {
                  "ScaleX": 1.2,
                  "ScaleY": 1.2
                },
                "CColor": {},
                "IconVisible": true,
                "PrePosition": {
                  "X": 0.0,
                  "Y": 0.0
                },
                "PreSize": {
                  "X": 0.0,
                  "Y": 0.0
                },
                "TopMargin": -3.0,
                "BottomMargin": 3.0,
                "Tag": 230,
                "Children": [
                  {
                    "FileData": {
                      "Type": "PlistSubImage",
                      "Path": "DN_niu_baodian01.png",
                      "Plist": "image/ui/animation/DN_niu_baodian.plist"
                    },
                    "BlendFunc": {
                      "Src": 1,
                      "Dst": 771
                    },
                    "AnchorPoint": {
                      "ScaleX": 0.5,
                      "ScaleY": 0.5
                    },
                    "Position": {
                      "X": 0.0,
                      "Y": 0.0
                    },
                    "Scale": {
                      "ScaleX": 1.0,
                      "ScaleY": 1.0
                    },
                    "CColor": {
                      "G": 246,
                      "B": 192
                    },
                    "IconVisible": false,
                    "PrePosition": {
                      "X": 0.0,
                      "Y": 0.0
                    },
                    "PreSize": {
                      "X": 0.0,
                      "Y": 0.0
                    },
                    "LeftMargin": -94.5,
                    "RightMargin": -94.5,
                    "TopMargin": -72.5,
                    "BottomMargin": -72.5,
                    "Tag": 231,
                    "ActionTag": 954901343,
                    "Size": {
                      "X": 189.0,
                      "Y": 145.0
                    },
                    "Name": "Sprite_15",
                    "ctype": "SpriteObjectData"
                  }
                ],
                "ActionTag": -1798499583,
                "Size": {
                  "X": 0.0,
                  "Y": 0.0
                },
                "Name": "Node_7",
                "ctype": "SingleNodeObjectData"
              },
              {
                "FileData": {
                  "Type": "Normal",
                  "Path": "image/ui/animation/DN_niu_tonghuashun03.png",
                  "Plist": ""
                },
                "BlendFunc": {
                  "Src": 1,
                  "Dst": 771
                },
                "AnchorPoint": {
                  "ScaleX": 0.5,
                  "ScaleY": 0.5
                },
                "Position": {
                  "X": -36.6975,
                  "Y": -12.7786
                },
                "Scale": {
                  "ScaleX": 1.0,
                  "ScaleY": 1.0
                },
                "CColor": {},
                "IconVisible": false,
                "PrePosition": {
                  "X": 0.0,
                  "Y": 0.0
                },
                "PreSize": {
                  "X": 0.0,
                  "Y": 0.0
                },
                "LeftMargin": -91.1975,
                "RightMargin": -17.8025,
                "TopMargin": 0.7786,
                "BottomMargin": -24.7786,
                "Tag": 282,
                "ActionTag": -1471102543,
                "Size": {
                  "X": 109.0,
                  "Y": 24.0
                },
                "VisibleForFrame": false,
                "Name": "Sprite_12",
                "ctype": "SpriteObjectData"
              },
              {
                "FileData": {
                  "Type": "Normal",
                  "Path": "image/ui/animation/DN_niu_tonghuashun08.png",
                  "Plist": ""
                },
                "BlendFunc": {
                  "Src": 1,
                  "Dst": 771
                },
                "AnchorPoint": {
                  "ScaleX": 0.5,
                  "ScaleY": 0.5
                },
                "Position": {
                  "X": 24.7091,
                  "Y": -15.587
                },
                "Scale": {
                  "ScaleX": 1.0,
                  "ScaleY": 1.0
                },
                "RotationSkewX": -0.1377,
                "RotationSkewY": -0.1377,
                "CColor": {},
                "IconVisible": false,
                "PrePosition": {
                  "X": 0.0,
                  "Y": 0.0
                },
                "PreSize": {
                  "X": 0.0,
                  "Y": 0.0
                },
                "LeftMargin": 10.7091,
                "RightMargin": -38.7091,
                "TopMargin": 0.087,
                "BottomMargin": -31.087,
                "Tag": 280,
                "ActionTag": 1370997401,
                "Size": {
                  "X": 28.0,
                  "Y": 31.0
                },
                "VisibleForFrame": false,
                "Name": "DN_niu_tonghuashun08_10",
                "ctype": "SpriteObjectData"
              },
              {
                "FileData": {
                  "Type": "Normal",
                  "Path": "image/ui/animation/DN_niu_tonghuashun09.png",
                  "Plist": ""
                },
                "BlendFunc": {
                  "Src": 1,
                  "Dst": 771
                },
                "AnchorPoint": {
                  "ScaleX": 0.5,
                  "ScaleY": 0.5
                },
                "Position": {
                  "X": -92.1503,
                  "Y": -5.4832
                },
                "Scale": {
                  "ScaleX": 1.0,
                  "ScaleY": 1.0
                },
                "CColor": {},
                "IconVisible": false,
                "PrePosition": {
                  "X": 0.0,
                  "Y": 0.0
                },
                "PreSize": {
                  "X": 0.0,
                  "Y": 0.0
                },
                "LeftMargin": -107.1503,
                "RightMargin": 77.1503,
                "TopMargin": -9.0168,
                "BottomMargin": -19.9832,
                "Tag": 283,
                "ActionTag": -1086780434,
                "Size": {
                  "X": 30.0,
                  "Y": 29.0
                },
                "VisibleForFrame": false,
                "Name": "DN_niu_tonghuashun09_13",
                "ctype": "SpriteObjectData"
              }
            ],
            "ActionTag": -1105062956,
            "Size": {
              "X": 0.0,
              "Y": 0.0
            },
            "Name": "Node_1",
            "ctype": "SingleNodeObjectData"
          }
        ],
        "Size": {
          "X": 0.0,
          "Y": 0.0
        },
        "Name": "Node",
        "ctype": "SingleNodeObjectData"
      },
      "UsedResources": [
        "../../image/ui/animation/DN_niu_baodian.plist",
        "../../image/ui/animation/DN_niu_baodian.png",
        "../../image/ui/animation/DN_niu_heidi.png",
        "../../image/ui/animation/DN_niu_tonghuashun01.png",
        "../../image/ui/animation/DN_niu_tonghuashun02.png",
        "../../image/ui/animation/DN_niu_tonghuashun03.png",
        "../../image/ui/animation/DN_niu_tonghuashun04.png",
        "../../image/ui/animation/DN_niu_tonghuashun05.png",
        "../../image/ui/animation/DN_niu_tonghuashun06.png",
        "../../image/ui/animation/DN_niu_tonghuashun07.png",
        "../../image/ui/animation/DN_niu_tonghuashun08.png",
        "../../image/ui/animation/DN_niu_tonghuashun09.png",
        "../../image/ui/animation/MJ_particle04.plist"
      ],
      "ctype": "GameFileData"
    }
  },
  "Type": "Node"
}