{"skeleton":{"hash":"tP8RJCYrly/V4jTNGBriTss/KvA","spine":"3.6.38","width":0,"height":0,"images":"./../doudizhu_UI/jiesuan/images/"},"bones":[{"name":"root"},{"name":"bone","parent":"root","length":32.94,"rotation":143.13,"x":-94.37,"y":52.63},{"name":"bone2","parent":"bone","length":46.96,"rotation":7.21,"x":33.53,"y":0.44},{"name":"bone3","parent":"root","length":25.73,"rotation":55.07,"x":105.95,"y":48.64},{"name":"bone4","parent":"bone3","length":44.69,"rotation":-18.36,"x":27.18,"y":-0.41},{"name":"bu","parent":"root","y":32.41},{"name":"daosui","parent":"bu","y":-1.89},{"name":"di2","parent":"root"},{"name":"guang","parent":"root"},{"name":"guang2","parent":"root"},{"name":"huangguan","parent":"root","x":-87.34,"y":99.37},{"name":"shengli","parent":"root","y":43.14},{"name":"lizi","parent":"shengli","x":-52.67,"y":-100.07},{"name":"shengli2","parent":"root","y":43.14},{"name":"lizi2","parent":"shengli2","x":-52.67,"y":-100.07},{"name":"xx2","parent":"root"},{"name":"xx3","parent":"root"},{"name":"xx4","parent":"root"},{"name":"xx5","parent":"root"},{"name":"xx6","parent":"root"},{"name":"xx7","parent":"root"},{"name":"xx8","parent":"root"},{"name":"xx9","parent":"root"},{"name":"xx10","parent":"root"},{"name":"xxxulie","parent":"root"},{"name":"xxxulie2","parent":"root"},{"name":"xxxulie3","parent":"root"},{"name":"xxxulie4","parent":"root"},{"name":"xxxulie5","parent":"root"},{"name":"xxxulie6","parent":"root"},{"name":"xxxulie7","parent":"root"},{"name":"xxxulie8","parent":"root"},{"name":"xxxulie9","parent":"root"},{"name":"xxxulie10","parent":"root"},{"name":"youlaba","parent":"bone3","rotation":-55.07,"x":36.83,"y":3.05},{"name":"zuolaba","parent":"bone","rotation":-143.13,"x":42.7,"y":-3.94}],"slots":[{"name":"di2","bone":"di2"},{"name":"guang","bone":"guang","blend":"additive"},{"name":"guang2","bone":"guang2"},{"name":"lizi","bone":"lizi"},{"name":"lizi2","bone":"lizi2"},{"name":"laba","bone":"zuolaba"},{"name":"laba2","bone":"youlaba"},{"name":"XX2","bone":"xx2","blend":"additive"},{"name":"XX7","bone":"xx7"},{"name":"XX5","bone":"xx5","blend":"additive"},{"name":"XX10","bone":"xx10"},{"name":"XX3","bone":"xx3","blend":"additive"},{"name":"XX8","bone":"xx8"},{"name":"XX4","bone":"xx4","blend":"additive"},{"name":"XX9","bone":"xx9"},{"name":"XX6","bone":"xx6"},{"name":"bu","bone":"bu"},{"name":"daosui","bone":"daosui"},{"name":"shengli","bone":"shengli"},{"name":"shengli2","bone":"shengli2","blend":"additive"},{"name":"huangguan","bone":"huangguan"},{"name":"xxxulie/1_00001","bone":"xxxulie"},{"name":"xxxulie/1_1","bone":"xxxulie2"},{"name":"xxxulie/1_2","bone":"xxxulie3"},{"name":"xxxulie/1_3","bone":"xxxulie4"},{"name":"xxxulie/1_4","bone":"xxxulie5"},{"name":"xxxulie/1_5","bone":"xxxulie6"},{"name":"xxxulie/1_6","bone":"xxxulie7"},{"name":"xxxulie/1_7","bone":"xxxulie8"},{"name":"xxxulie/1_8","bone":"xxxulie9"},{"name":"xxxulie/1_9","bone":"xxxulie10"}],"skins":{"default":{"XX10":{"XX2":{"width":51,"height":37}},"XX2":{"XX2":{"width":51,"height":37}},"XX3":{"XX3":{"width":76,"height":50}},"XX4":{"XX4":{"width":40,"height":36}},"XX5":{"XX2":{"width":51,"height":37}},"XX6":{"XX4":{"width":40,"height":36}},"XX7":{"XX2":{"width":51,"height":37}},"XX8":{"XX3":{"width":76,"height":50}},"XX9":{"XX4":{"width":40,"height":36}},"bu":{"bu":{"type":"mesh","uvs":[1,1,0,1,0.00712,0.31006,0,0,1,0,0.18672,0.31006,0.21979,0.9079,0.02543,0.87968,0.06302,0.58001,0.23316,0.88827,0.20489,0.26687,0.22255,0.61739,0.20639,0.61075,0.81039,0.3076,0.77879,0.89578,0.9775,0.88914,0.93651,0.57447,0.99259,0.30892,0.79511,0.586,0.79966,0.28195,0.78315,0.58733,0.76607,0.8874,0.79332,0.39883,0.80442,0.42538,0.77282,0.77059,0.78478,0.77989,0.19469,0.28774,0.21355,0.45257,0.19648,0.45546,0.77377,0.91798,0.21365,0.77284,0.22816,0.75956],"triangles":[10,3,4,19,10,4,10,2,3,17,13,19,4,17,19,10,26,2,5,2,26,22,10,19,22,19,13,23,22,13,27,10,22,26,10,27,5,26,27,28,5,27,0,17,4,17,23,13,16,23,17,28,8,2,28,2,5,23,20,22,18,23,16,20,27,22,23,18,20,12,28,27,11,12,27,8,28,12,20,11,27,24,31,11,20,24,11,31,30,12,31,12,11,18,24,20,25,24,18,7,2,8,30,7,8,30,8,12,21,31,24,21,24,25,9,31,21,30,31,9,6,7,30,15,16,17,0,15,17,14,21,25,25,18,16,15,25,16,9,6,30,29,21,14,7,1,2,14,25,15,15,29,14,0,29,15,9,21,29,6,9,29,1,6,29,1,7,6,0,1,29],"vertices":[277.5,-59.5,-277.5,-59.5,-273.55,22.6,-277.5,59.5,277.5,59.5,-173.87,22.6,-155.52,-48.54,-263.39,-45.18,-242.52,-9.52,-148.1,-46.2,-163.78,27.74,-153.99,-13.97,-162.95,-13.18,172.27,22.9,154.73,-47.1,265.01,-46.31,242.26,-8.86,273.39,22.74,163.79,-10.23,166.31,25.95,157.15,-10.39,147.67,-46.1,162.79,12.04,168.95,8.88,151.42,-32.2,158.05,-33.31,-169.44,25.26,-158.97,5.64,-168.45,5.3,151.94,-49.74,-158.92,-32.47,-150.87,-30.89],"hull":5,"edges":[0,2,6,8,0,8,2,4,4,6],"width":555,"height":119}},"daosui":{"daosui":{"width":276,"height":64}},"di2":{"di2":{"width":650,"height":650}},"guang":{"guang":{"width":650,"height":650}},"guang2":{"guang":{"width":650,"height":650}},"huangguan":{"huangguan":{"width":68,"height":56}},"laba":{"laba":{"type":"mesh","uvs":[0.95004,0.76152,0.99183,0.83186,0.9512,0.8603,0.88308,0.89629,0.43588,0.99528,0.06485,0.70122,0.01869,0.64199,0.01935,0.52271,0.06605,0.3699,0.14329,0.20316,0.21116,0.08662,0.25939,0.04024,0.32403,0.00374,0.36917,1.0E-5,0.44012,0.51153,0.47761,0.67531,0.38561,0.19099,0.59216,0.46339,0.7053,0.54532,0.81778,0.60599,0.61103,0.78362,0.25021,0.6406,0.36917,0.64571,0.50784,0.36244,0.30569,0.45778,0.37357,0.28907,0.39089,0.06112,0.18552,0.63512,0.38311,0.1141,0.33961,0.37967,0.25396,0.54624,0.39671,0.75995,0.38311,0.85423,0.38175,0.93438,0.54218,0.92966,0.54218,0.85109,0.56801,0.79766,0.66046,0.76938,0.70668,0.78038,0.69717,0.86523,0.64007,0.91238,0.89974,0.69709,0.79369,0.84795,0.54082,0.55409,0.6523,0.61852,0.76243,0.68924,0.84944,0.77566,0.4307,0.70809,0.42798,0.26652,0.54218,0.42524,0.30834,0.63895,0.1316,0.67824],"triangles":[19,13,41,17,23,18,18,26,19,43,17,18,0,41,13,44,43,18,45,18,19,44,18,45,45,19,41,37,44,45,20,15,44,46,45,41,46,41,0,38,37,45,38,45,46,37,20,44,42,38,46,2,0,1,46,0,2,3,42,46,39,37,38,39,38,42,2,3,46,39,40,20,39,20,37,35,36,20,40,35,20,34,35,40,4,34,40,3,40,39,3,39,42,4,40,3,13,19,26,26,12,13,48,16,28,48,26,23,48,28,26,26,28,12,28,11,12,25,16,48,11,28,16,16,10,11,16,9,10,25,9,16,29,9,25,8,9,29,17,49,23,24,8,29,26,18,23,23,25,48,14,23,49,23,29,25,14,29,23,24,29,14,30,7,8,24,30,8,43,14,49,43,49,17,27,7,30,14,30,24,22,50,30,21,27,30,50,21,30,6,7,27,14,22,30,15,14,43,15,43,44,22,14,15,51,6,27,5,6,51,47,22,15,31,22,47,36,15,20,36,47,15,36,31,47,35,31,36,31,50,22,32,31,35,32,35,34,31,32,50,33,32,34,4,33,34,32,21,50,21,51,27,21,32,51,33,51,32,5,51,33,5,33,4],"vertices":[1,1,-1.43,-11.86,1,1,1,-7.65,-9.76,1,1,1,-6.07,-5.83,1,1,1,-2.88,0.02,1,2,2,-5.36,30.47,0.73905,1,24.38,30,0.26095,1,2,34.54,27.14,1,1,2,40.37,25.21,1,1,2,44.86,17.2,1,1,2,47.07,4.92,1,1,2,47.45,-9.64,1,2,2,46.64,-20.43,0.99889,1,82.36,-13.98,0.00111,2,2,44.68,-25.66,0.99594,1,81.07,-19.41,0.00406,2,2,41.07,-30.95,0.99066,1,78.16,-25.11,0.00934,2,2,37.72,-33.18,0.98713,1,75.11,-27.75,0.01287,2,2,12.74,-2.08,0.98061,1,46.43,-0.03,0.01939,2,2,3.6,7.23,0.95891,1,36.19,8.06,0.04109,2,2,29.17,-21.13,0.95452,1,65.12,-16.86,0.04548,2,2,2.82,-12,0.32829,1,37.83,-11.11,0.67171,2,2,-9.05,-11.5,0.00335,1,25.99,-12.11,0.99665,1,1,15.18,-14.38,1,2,2,-10.84,8.6,0.20873,1,21.69,7.61,0.79127,1,2,22.51,14.92,1,2,2,13.12,10.02,0.99984,1,45.28,12.03,1.6E-4,2,2,13.19,-15.04,0.73532,1,48.5,-12.83,0.26468,1,2,25.19,0.24,1,2,2,26.37,-14.04,0.95358,1,61.45,-10.18,0.04642,2,2,33.72,-30.05,0.97797,1,70.74,-25.14,0.02203,1,2,27.73,17.4,1,2,2,32.3,-26.16,0.9705,1,68.85,-21.47,0.0295,2,2,25.54,-6.48,0.98496,1,59.68,-2.78,0.01504,1,2,25.82,8.44,1,2,2,6.64,16.45,0.94555,1,38.04,17.59,0.05445,2,2,4.09,23.36,0.8897,1,34.66,24.13,0.1103,2,2,1.15,28.78,0.83776,1,31.05,29.14,0.16224,2,2,-11.08,21.4,0.50427,1,19.85,20.28,0.49573,2,2,-8.09,16.14,0.50153,1,23.48,15.44,0.49847,2,2,-8.05,11.43,0.4005,1,24.11,10.77,0.5995,2,2,-14.12,5.47,0.05691,1,18.83,4.09,0.94309,2,2,-18.12,4.17,0.01376,1,15.03,2.3,0.98624,2,2,-20.61,10.26,0.0691,1,11.79,8.03,0.9309,2,2,-17.99,15.93,0.20859,1,13.68,13.99,0.79141,1,1,5.13,-13.14,1,2,2,-27.42,4.85,0.0018,1,5.71,1.82,0.9982,2,2,3.34,-3.67,0.63591,1,37.29,-2.78,0.36409,1,1,26.38,-4.77,1,1,1,15.27,-6.29,1,1,1,5.08,-5.61,1,2,2,5.98,11.48,0.96288,1,38.02,12.58,0.03712,2,2,23.02,-17.94,0.90565,1,58.61,-14.47,0.09435,2,2,8.14,-12.35,0.59152,1,43.15,-10.79,0.40848,1,2,18.08,12.25,1,1,2,30.25,22.66,1],"hull":14,"edges":[6,8,24,26,2,4,4,6,0,2,26,0,22,24,18,20,20,22,14,16,16,18,8,10,10,12,12,14],"width":89,"height":77}},"laba2":{"laba2":{"type":"mesh","uvs":[0.83446,0.14325,0.948,0.36668,0.98347,0.51428,0.988,0.66661,0.56288,0.98517,0.31244,0.93568,0,0.82935,0.07829,0.72253,0.61854,0.04476,0.65754,0,0.73831,0.02739,0.68199,0.49568,0.82539,0.6593,0.73619,0.63208,0.63843,0.63591,0.55909,0.64471,0.53089,0.66557,0.58487,0.71322,0.6193,0.78631,0.61323,0.92558,0.18312,0.59704,0.23903,0.57178,0.34336,0.49952,0.42227,0.44712,0.49261,0.36067,0.55509,0.28375,0.60638,0.13748,0.63265,0.32066,0.72041,0.49568,0.57054,0.516,0.92354,0.70084],"triangles":[22,21,8,8,21,20,8,20,7,16,5,21,16,21,22,18,4,5,20,21,5,7,20,5,6,7,5,8,9,10,8,26,24,26,10,0,10,26,8,27,26,0,25,26,27,26,25,24,27,0,1,8,24,22,28,27,1,11,27,28,24,23,22,28,1,2,27,24,25,29,27,11,29,24,27,23,24,29,12,13,28,11,28,13,14,29,11,14,11,13,29,16,23,15,29,14,2,12,28,15,16,29,22,23,16,12,2,3,30,12,3,17,15,14,16,15,17,18,17,14,18,5,17,5,16,17,19,4,18,19,18,30,13,18,14,12,18,13,30,18,12,4,19,30,3,4,30],"vertices":[1,4,48.56,10.84,1,1,4,46.25,-9.17,1,1,4,41.9,-20.29,1,1,4,35.12,-30.05,1,2,4,-10.06,-27.36,0.39088,3,9.01,-23.21,0.60912,2,4,-25.63,-10.94,0.00303,3,-0.59,-2.72,0.99697,1,3,-9.71,24.82,1,1,3,1.11,23.88,1,1,4,37.75,28.49,1,1,4,42.62,29.21,1,1,4,47.11,23.2,1,1,4,21.25,-3.09,1,2,4,23.86,-20.95,0.99621,3,43.23,-27.8,0.00379,2,4,18.76,-14.5,0.99329,3,40.42,-20.08,0.00671,2,4,11.61,-9.54,0.98465,3,35.19,-13.12,0.01535,2,4,5.54,-5.87,0.97,3,30.59,-7.72,0.03,2,4,2.55,-5.67,0.89836,3,27.82,-6.6,0.10164,2,4,4.18,-11.52,0.83721,3,27.52,-12.66,0.16279,2,4,3.23,-17.92,0.74653,3,24.6,-18.44,0.25347,2,4,-3.69,-26.31,0.53241,3,15.39,-24.22,0.46759,2,4,-19.07,17.11,0.0235,3,14.48,21.84,0.9765,2,4,-13.9,15.72,0.07919,3,18.94,18.89,0.92081,2,4,-3.09,14.69,0.41409,3,28.88,14.5,0.58591,2,4,4.99,13.77,0.77249,3,36.25,11.09,0.22751,2,4,14.04,15.43,0.95414,3,45.36,9.82,0.04586,2,4,22.08,16.92,0.99503,3,53.47,8.69,0.00497,1,4,32.56,23.34,1,1,4,25.89,10.48,1,1,4,24,-5.13,1,2,4,12.36,1.57,0.99981,3,39.4,-2.81,1.9E-4,2,4,28.92,-28.76,0.99949,3,45.57,-36.82,5.1E-4],"hull":11,"edges":[18,20,22,26,6,8,8,10,10,12,16,18,12,14,14,16,2,0,0,20,2,4,4,6],"width":89,"height":78}},"lizi":{"lizi":{"width":412,"height":108}},"lizi2":{"lizi":{"width":412,"height":108}},"shengli":{"shengli":{"x":2.44,"y":0.41,"width":200,"height":96}},"shengli2":{"shengli":{"x":2.44,"y":0.41,"width":200,"height":96}},"xxxulie/1_00001":{"xxxulie/1_00001":{"width":51,"height":52},"xxxulie/1_00002":{"width":51,"height":52},"xxxulie/1_00003":{"width":51,"height":52},"xxxulie/1_00004":{"width":51,"height":52},"xxxulie/1_00005":{"width":51,"height":52},"xxxulie/1_00006":{"width":51,"height":52},"xxxulie/1_00007":{"width":51,"height":52},"xxxulie/1_00008":{"width":51,"height":52}},"xxxulie/1_1":{"xxxulie/1_00001":{"width":51,"height":52},"xxxulie/1_00002":{"width":51,"height":52},"xxxulie/1_00003":{"width":51,"height":52},"xxxulie/1_00004":{"width":51,"height":52},"xxxulie/1_00005":{"width":51,"height":52},"xxxulie/1_00006":{"width":51,"height":52},"xxxulie/1_00007":{"width":51,"height":52},"xxxulie/1_00008":{"width":51,"height":52}},"xxxulie/1_2":{"xxxulie/1_00001":{"width":51,"height":52},"xxxulie/1_00002":{"width":51,"height":52},"xxxulie/1_00003":{"width":51,"height":52},"xxxulie/1_00004":{"width":51,"height":52},"xxxulie/1_00005":{"width":51,"height":52},"xxxulie/1_00006":{"width":51,"height":52},"xxxulie/1_00007":{"width":51,"height":52},"xxxulie/1_00008":{"width":51,"height":52}},"xxxulie/1_3":{"xxxulie/1_00001":{"width":51,"height":52},"xxxulie/1_00002":{"width":51,"height":52},"xxxulie/1_00003":{"width":51,"height":52},"xxxulie/1_00004":{"width":51,"height":52},"xxxulie/1_00005":{"width":51,"height":52},"xxxulie/1_00006":{"width":51,"height":52},"xxxulie/1_00007":{"width":51,"height":52},"xxxulie/1_00008":{"width":51,"height":52}},"xxxulie/1_4":{"xxxulie/1_00001":{"width":51,"height":52},"xxxulie/1_00002":{"width":51,"height":52},"xxxulie/1_00003":{"width":51,"height":52},"xxxulie/1_00004":{"width":51,"height":52},"xxxulie/1_00005":{"width":51,"height":52},"xxxulie/1_00006":{"width":51,"height":52},"xxxulie/1_00007":{"width":51,"height":52},"xxxulie/1_00008":{"width":51,"height":52}},"xxxulie/1_5":{"xxxulie/1_00001":{"width":51,"height":52},"xxxulie/1_00002":{"width":51,"height":52},"xxxulie/1_00003":{"width":51,"height":52},"xxxulie/1_00004":{"width":51,"height":52},"xxxulie/1_00005":{"width":51,"height":52},"xxxulie/1_00006":{"width":51,"height":52},"xxxulie/1_00007":{"width":51,"height":52},"xxxulie/1_00008":{"width":51,"height":52}},"xxxulie/1_6":{"xxxulie/1_00001":{"width":51,"height":52},"xxxulie/1_00002":{"width":51,"height":52},"xxxulie/1_00003":{"width":51,"height":52},"xxxulie/1_00004":{"width":51,"height":52},"xxxulie/1_00005":{"width":51,"height":52},"xxxulie/1_00006":{"width":51,"height":52},"xxxulie/1_00007":{"width":51,"height":52},"xxxulie/1_00008":{"width":51,"height":52}},"xxxulie/1_7":{"xxxulie/1_00001":{"width":51,"height":52},"xxxulie/1_00002":{"width":51,"height":52},"xxxulie/1_00003":{"width":51,"height":52},"xxxulie/1_00004":{"width":51,"height":52},"xxxulie/1_00005":{"width":51,"height":52},"xxxulie/1_00006":{"width":51,"height":52},"xxxulie/1_00007":{"width":51,"height":52},"xxxulie/1_00008":{"width":51,"height":52}},"xxxulie/1_8":{"xxxulie/1_00001":{"width":51,"height":52},"xxxulie/1_00002":{"width":51,"height":52},"xxxulie/1_00003":{"width":51,"height":52},"xxxulie/1_00004":{"width":51,"height":52},"xxxulie/1_00005":{"width":51,"height":52},"xxxulie/1_00006":{"width":51,"height":52},"xxxulie/1_00007":{"width":51,"height":52},"xxxulie/1_00008":{"width":51,"height":52}},"xxxulie/1_9":{"xxxulie/1_00001":{"width":51,"height":52},"xxxulie/1_00002":{"width":51,"height":52},"xxxulie/1_00003":{"width":51,"height":52},"xxxulie/1_00004":{"width":51,"height":52},"xxxulie/1_00005":{"width":51,"height":52},"xxxulie/1_00006":{"width":51,"height":52},"xxxulie/1_00007":{"width":51,"height":52},"xxxulie/1_00008":{"width":51,"height":52}}}},"animations":{"animation":{"slots":{"XX2":{"color":[{"time":1.7333,"color":"fffffffe","curve":[0.25,0,0.75,1]},{"time":2,"color":"ffffff00","curve":"stepped"},{"time":2.6667,"color":"ffffff00"},{"time":2.7,"color":"fffffffe","curve":[0.25,0,0.75,1]},{"time":2.9667,"color":"ffffff00"}],"attachment":[{"time":1.5,"name":"XX2"},{"time":2.4667,"name":"XX2"}]},"XX3":{"color":[{"time":1.5667,"color":"fffffffe","curve":[0.25,0,0.75,1]},{"time":1.8,"color":"ffffff00","curve":"stepped"},{"time":2.3333,"color":"ffffff00"},{"time":2.3667,"color":"fffffffe","curve":[0.25,0,0.75,1]},{"time":2.6,"color":"ffffff00"}],"attachment":[{"time":1.3333,"name":"XX3"},{"time":2.1333,"name":"XX3"}]},"XX4":{"color":[{"time":1.4333,"color":"fffffffe","curve":[0.25,0,0.75,1]},{"time":1.6,"color":"ffffff00","curve":"stepped"},{"time":2.1333,"color":"ffffff00"},{"time":2.1667,"color":"fffffffe","curve":[0.25,0,0.75,1]},{"time":2.3333,"color":"ffffff00"}],"attachment":[{"time":1.1667,"name":"XX4"},{"time":1.9,"name":"XX4"}]},"XX5":{"color":[{"time":1.7667,"color":"fffffffe","curve":[0.25,0,0.75,1]},{"time":1.9333,"color":"ffffff00","curve":"stepped"},{"time":2.9333,"color":"ffffff00"},{"time":2.9667,"color":"fffffffe","curve":[0.25,0,0.75,1]},{"time":3.1333,"color":"ffffff00"}],"attachment":[{"time":1.3333,"name":"XX2"},{"time":2.5333,"name":"XX2"}]},"XX6":{"color":[{"time":1.9,"color":"fffffffe"},{"time":2.0667,"color":"ffffff00"}],"attachment":[{"time":1.6333,"name":"XX4"}]},"XX7":{"color":[{"time":1.7333,"color":"fffffffe","curve":[0.25,0,0.75,1]},{"time":2,"color":"ffffff00","curve":"stepped"},{"time":2.6667,"color":"ffffff00"},{"time":2.7,"color":"fffffffe","curve":[0.25,0,0.75,1]},{"time":2.9667,"color":"ffffff00"}],"attachment":[{"time":1.5,"name":"XX2"},{"time":2.4667,"name":"XX2"}]},"XX8":{"color":[{"time":1.5667,"color":"fffffffe","curve":[0.25,0,0.75,1]},{"time":1.8,"color":"ffffff00","curve":"stepped"},{"time":2.3333,"color":"ffffff00"},{"time":2.3667,"color":"fffffffe","curve":[0.25,0,0.75,1]},{"time":2.6,"color":"ffffff00"}],"attachment":[{"time":1.3333,"name":"XX3"},{"time":2.1333,"name":"XX3"}]},"XX9":{"color":[{"time":1.4333,"color":"fffffffe","curve":[0.25,0,0.75,1]},{"time":1.6,"color":"ffffff00","curve":"stepped"},{"time":2.1333,"color":"ffffff00"},{"time":2.1667,"color":"fffffffe","curve":[0.25,0,0.75,1]},{"time":2.3333,"color":"ffffff00"}],"attachment":[{"time":1.1667,"name":"XX4"},{"time":1.9,"name":"XX4"}]},"XX10":{"color":[{"time":1.7667,"color":"fffffffe","curve":[0.25,0,0.75,1]},{"time":1.9333,"color":"ffffff00","curve":"stepped"},{"time":2.9333,"color":"ffffff00"},{"time":2.9667,"color":"fffffffe","curve":[0.25,0,0.75,1]},{"time":3.1333,"color":"ffffff00"}],"attachment":[{"time":1.3333,"name":"XX2"},{"time":2.5333,"name":"XX2"}]},"bu":{"attachment":[{"time":0,"name":"bu"}]},"daosui":{"color":[{"time":0,"color":"ffffff00","curve":"stepped"},{"time":0.9,"color":"ffffff00"},{"time":1.1667,"color":"fffffffe"}],"attachment":[{"time":0,"name":null},{"time":0.3333,"name":"daosui"}]},"di2":{"color":[{"time":1.1667,"color":"ffffff94","curve":[0.25,0,0.75,1]},{"time":1.8333,"color":"fffffffe","curve":[0.25,0,0.75,1]},{"time":2.5,"color":"ffffff94","curve":[0.25,0,0.75,1]},{"time":3.1667,"color":"fffffffe"}],"attachment":[{"time":1.1667,"name":"di2"}]},"guang":{"color":[{"time":1.1667,"color":"ffffff00","curve":[0.25,0,0.75,1]},{"time":2.1667,"color":"ffffffb2","curve":[0.25,0,0.75,1]},{"time":3.1667,"color":"ffffff00"}],"attachment":[{"time":1.1667,"name":"guang"}]},"guang2":{"color":[{"time":1.1667,"color":"ffffff4e","curve":[0.25,0,0.75,1]},{"time":2.1667,"color":"fffffffe","curve":[0.25,0,0.75,1]},{"time":3.1667,"color":"ffffff4e"}],"attachment":[{"time":1.1667,"name":"guang"}]},"huangguan":{"color":[{"time":0.6,"color":"ffffff00"},{"time":1,"color":"fffffffe"}],"attachment":[{"time":0.6,"name":"huangguan"}]},"laba":{"color":[{"time":0,"color":"ffffff00","curve":"stepped"},{"time":0.9667,"color":"ffffff00"},{"time":1,"color":"fffffffe","curve":"stepped"},{"time":2.3,"color":"fffffffe","curve":"stepped"},{"time":2.3333,"color":"fffffffe"}],"attachment":[{"time":1,"name":"laba"},{"time":2.3333,"name":"laba"}]},"laba2":{"attachment":[{"time":0,"name":null},{"time":1,"name":"laba2"}]},"shengli":{"attachment":[{"time":0,"name":null},{"time":0.3667,"name":"shengli"}]},"shengli2":{"color":[{"time":0.6333,"color":"ffffffc8"},{"time":0.8333,"color":"ffffff00"}],"attachment":[{"time":0,"name":null},{"time":0.6333,"name":"shengli"}]},"xxxulie/1_00001":{"color":[{"time":1.3,"color":"ffffff00"},{"time":1.3333,"color":"fffffffe","curve":"stepped"},{"time":1.5333,"color":"fffffffe"},{"time":1.6,"color":"ffffff00","curve":"stepped"},{"time":1.8333,"color":"ffffff00"},{"time":1.8667,"color":"fffffffe","curve":"stepped"},{"time":2.0667,"color":"fffffffe"},{"time":2.1333,"color":"ffffff00","curve":"stepped"},{"time":2.3333,"color":"ffffff00"},{"time":2.3667,"color":"fffffffe","curve":"stepped"},{"time":2.5667,"color":"fffffffe"},{"time":2.6333,"color":"ffffff00","curve":"stepped"},{"time":2.8333,"color":"ffffff00"},{"time":2.8667,"color":"fffffffe","curve":"stepped"},{"time":3.0667,"color":"fffffffe"},{"time":3.1333,"color":"ffffff00"}],"attachment":[{"time":1.3333,"name":"xxxulie/1_00001"},{"time":1.3667,"name":"xxxulie/1_00002"},{"time":1.4,"name":"xxxulie/1_00003"},{"time":1.4333,"name":"xxxulie/1_00004"},{"time":1.4667,"name":"xxxulie/1_00005"},{"time":1.5,"name":"xxxulie/1_00006"},{"time":1.5333,"name":"xxxulie/1_00007"},{"time":1.5667,"name":"xxxulie/1_00008"},{"time":1.8667,"name":"xxxulie/1_00001"},{"time":1.9,"name":"xxxulie/1_00002"},{"time":1.9333,"name":"xxxulie/1_00003"},{"time":1.9667,"name":"xxxulie/1_00004"},{"time":2,"name":"xxxulie/1_00005"},{"time":2.0333,"name":"xxxulie/1_00006"},{"time":2.0667,"name":"xxxulie/1_00007"},{"time":2.1,"name":"xxxulie/1_00008"},{"time":2.3667,"name":"xxxulie/1_00001"},{"time":2.4,"name":"xxxulie/1_00002"},{"time":2.4333,"name":"xxxulie/1_00003"},{"time":2.4667,"name":"xxxulie/1_00004"},{"time":2.5,"name":"xxxulie/1_00005"},{"time":2.5333,"name":"xxxulie/1_00006"},{"time":2.5667,"name":"xxxulie/1_00007"},{"time":2.6,"name":"xxxulie/1_00008"},{"time":2.8667,"name":"xxxulie/1_00001"},{"time":2.9,"name":"xxxulie/1_00002"},{"time":2.9333,"name":"xxxulie/1_00003"},{"time":2.9667,"name":"xxxulie/1_00004"},{"time":3,"name":"xxxulie/1_00005"},{"time":3.0333,"name":"xxxulie/1_00006"},{"time":3.0667,"name":"xxxulie/1_00007"},{"time":3.1,"name":"xxxulie/1_00008"}]},"xxxulie/1_1":{"color":[{"time":1.4667,"color":"ffffff00"},{"time":1.5,"color":"fffffffe","curve":"stepped"},{"time":1.7,"color":"fffffffe"},{"time":1.7667,"color":"ffffff00"}],"attachment":[{"time":1.5,"name":"xxxulie/1_00001"},{"time":1.5333,"name":"xxxulie/1_00002"},{"time":1.5667,"name":"xxxulie/1_00003"},{"time":1.6,"name":"xxxulie/1_00004"},{"time":1.6333,"name":"xxxulie/1_00005"},{"time":1.6667,"name":"xxxulie/1_00006"},{"time":1.7,"name":"xxxulie/1_00007"},{"time":1.7333,"name":"xxxulie/1_00008"}]},"xxxulie/1_2":{"color":[{"time":1.0333,"color":"ffffff00"},{"time":1.0667,"color":"fffffffe","curve":"stepped"},{"time":1.2667,"color":"fffffffe"},{"time":1.3333,"color":"ffffff00"}],"attachment":[{"time":1.0667,"name":"xxxulie/1_00001"},{"time":1.1,"name":"xxxulie/1_00002"},{"time":1.1333,"name":"xxxulie/1_00003"},{"time":1.1667,"name":"xxxulie/1_00004"},{"time":1.2,"name":"xxxulie/1_00005"},{"time":1.2333,"name":"xxxulie/1_00006"},{"time":1.2667,"name":"xxxulie/1_00007"},{"time":1.3,"name":"xxxulie/1_00008"}]},"xxxulie/1_3":{"color":[{"time":1.6667,"color":"ffffff00"},{"time":1.7,"color":"fffffffe","curve":"stepped"},{"time":1.9,"color":"fffffffe"},{"time":1.9667,"color":"ffffff00","curve":"stepped"},{"time":2.6333,"color":"ffffff00"},{"time":2.6667,"color":"fffffffe","curve":"stepped"},{"time":2.8667,"color":"fffffffe"},{"time":2.9333,"color":"ffffff00"}],"attachment":[{"time":1.7,"name":"xxxulie/1_00001"},{"time":1.7333,"name":"xxxulie/1_00002"},{"time":1.7667,"name":"xxxulie/1_00003"},{"time":1.8,"name":"xxxulie/1_00004"},{"time":1.8333,"name":"xxxulie/1_00005"},{"time":1.8667,"name":"xxxulie/1_00006"},{"time":1.9,"name":"xxxulie/1_00007"},{"time":1.9333,"name":"xxxulie/1_00008"},{"time":2.6667,"name":"xxxulie/1_00001"},{"time":2.7,"name":"xxxulie/1_00002"},{"time":2.7333,"name":"xxxulie/1_00003"},{"time":2.7667,"name":"xxxulie/1_00004"},{"time":2.8,"name":"xxxulie/1_00005"},{"time":2.8333,"name":"xxxulie/1_00006"},{"time":2.8667,"name":"xxxulie/1_00007"},{"time":2.9,"name":"xxxulie/1_00008"}]},"xxxulie/1_4":{"color":[{"time":1.6333,"color":"ffffff00"},{"time":1.6667,"color":"fffffffe","curve":"stepped"},{"time":1.8667,"color":"fffffffe"},{"time":1.9333,"color":"ffffff00"}],"attachment":[{"time":1.6667,"name":"xxxulie/1_00001"},{"time":1.7,"name":"xxxulie/1_00002"},{"time":1.7333,"name":"xxxulie/1_00003"},{"time":1.7667,"name":"xxxulie/1_00004"},{"time":1.8,"name":"xxxulie/1_00005"},{"time":1.8333,"name":"xxxulie/1_00006"},{"time":1.8667,"name":"xxxulie/1_00007"},{"time":1.9,"name":"xxxulie/1_00008"}]},"xxxulie/1_5":{"color":[{"time":1.5333,"color":"ffffff00"},{"time":1.5667,"color":"fffffffe","curve":"stepped"},{"time":1.7667,"color":"fffffffe"},{"time":1.8333,"color":"ffffff00","curve":"stepped"},{"time":2.1667,"color":"ffffff00"},{"time":2.2,"color":"fffffffe","curve":"stepped"},{"time":2.4,"color":"fffffffe"},{"time":2.4667,"color":"ffffff00","curve":"stepped"},{"time":2.8667,"color":"ffffff00"},{"time":2.9,"color":"fffffffe","curve":"stepped"},{"time":3.1,"color":"fffffffe"},{"time":3.1667,"color":"ffffff00"}],"attachment":[{"time":1.5667,"name":"xxxulie/1_00001"},{"time":1.6,"name":"xxxulie/1_00002"},{"time":1.6333,"name":"xxxulie/1_00003"},{"time":1.6667,"name":"xxxulie/1_00004"},{"time":1.7,"name":"xxxulie/1_00005"},{"time":1.7333,"name":"xxxulie/1_00006"},{"time":1.7667,"name":"xxxulie/1_00007"},{"time":1.8,"name":"xxxulie/1_00008"},{"time":2.2,"name":"xxxulie/1_00001"},{"time":2.2333,"name":"xxxulie/1_00002"},{"time":2.2667,"name":"xxxulie/1_00003"},{"time":2.3,"name":"xxxulie/1_00004"},{"time":2.3333,"name":"xxxulie/1_00005"},{"time":2.3667,"name":"xxxulie/1_00006"},{"time":2.4,"name":"xxxulie/1_00007"},{"time":2.4333,"name":"xxxulie/1_00008"},{"time":2.9,"name":"xxxulie/1_00001"},{"time":2.9333,"name":"xxxulie/1_00002"},{"time":2.9667,"name":"xxxulie/1_00003"},{"time":3,"name":"xxxulie/1_00004"},{"time":3.0333,"name":"xxxulie/1_00005"},{"time":3.0667,"name":"xxxulie/1_00006"},{"time":3.1,"name":"xxxulie/1_00007"},{"time":3.1333,"name":"xxxulie/1_00008"}]},"xxxulie/1_6":{"color":[{"time":1.7333,"color":"ffffff00"},{"time":1.7667,"color":"fffffffe","curve":"stepped"},{"time":1.9667,"color":"fffffffe"},{"time":2.0333,"color":"ffffff00","curve":"stepped"},{"time":2.4,"color":"ffffff00"},{"time":2.4333,"color":"fffffffe","curve":"stepped"},{"time":2.6333,"color":"fffffffe"},{"time":2.7,"color":"ffffff00"}],"attachment":[{"time":1.7667,"name":"xxxulie/1_00001"},{"time":1.8,"name":"xxxulie/1_00002"},{"time":1.8333,"name":"xxxulie/1_00003"},{"time":1.8667,"name":"xxxulie/1_00004"},{"time":1.9,"name":"xxxulie/1_00005"},{"time":1.9333,"name":"xxxulie/1_00006"},{"time":1.9667,"name":"xxxulie/1_00007"},{"time":2,"name":"xxxulie/1_00008"},{"time":2.4333,"name":"xxxulie/1_00001"},{"time":2.4667,"name":"xxxulie/1_00002"},{"time":2.5,"name":"xxxulie/1_00003"},{"time":2.5333,"name":"xxxulie/1_00004"},{"time":2.5667,"name":"xxxulie/1_00005"},{"time":2.6,"name":"xxxulie/1_00006"},{"time":2.6333,"name":"xxxulie/1_00007"},{"time":2.6667,"name":"xxxulie/1_00008"}]},"xxxulie/1_7":{"color":[{"time":1.4333,"color":"ffffff00"},{"time":1.4667,"color":"fffffffe","curve":"stepped"},{"time":1.6667,"color":"fffffffe"},{"time":1.7333,"color":"ffffff00","curve":"stepped"},{"time":2.0333,"color":"ffffff00"},{"time":2.0667,"color":"fffffffe","curve":"stepped"},{"time":2.2667,"color":"fffffffe"},{"time":2.3333,"color":"ffffff00","curve":"stepped"},{"time":2.7,"color":"ffffff00"},{"time":2.7333,"color":"fffffffe","curve":"stepped"},{"time":2.9333,"color":"fffffffe"},{"time":3,"color":"ffffff00"}],"attachment":[{"time":1.4667,"name":"xxxulie/1_00001"},{"time":1.5,"name":"xxxulie/1_00002"},{"time":1.5333,"name":"xxxulie/1_00003"},{"time":1.5667,"name":"xxxulie/1_00004"},{"time":1.6,"name":"xxxulie/1_00005"},{"time":1.6333,"name":"xxxulie/1_00006"},{"time":1.6667,"name":"xxxulie/1_00007"},{"time":1.7,"name":"xxxulie/1_00008"},{"time":2.0667,"name":"xxxulie/1_00001"},{"time":2.1,"name":"xxxulie/1_00002"},{"time":2.1333,"name":"xxxulie/1_00003"},{"time":2.1667,"name":"xxxulie/1_00004"},{"time":2.2,"name":"xxxulie/1_00005"},{"time":2.2333,"name":"xxxulie/1_00006"},{"time":2.2667,"name":"xxxulie/1_00007"},{"time":2.3,"name":"xxxulie/1_00008"},{"time":2.7333,"name":"xxxulie/1_00001"},{"time":2.7667,"name":"xxxulie/1_00002"},{"time":2.8,"name":"xxxulie/1_00003"},{"time":2.8333,"name":"xxxulie/1_00004"},{"time":2.8667,"name":"xxxulie/1_00005"},{"time":2.9,"name":"xxxulie/1_00006"},{"time":2.9333,"name":"xxxulie/1_00007"},{"time":2.9667,"name":"xxxulie/1_00008"}]},"xxxulie/1_8":{"color":[{"time":1.3,"color":"ffffff00"},{"time":1.3333,"color":"fffffffe","curve":"stepped"},{"time":1.5333,"color":"fffffffe"},{"time":1.6,"color":"ffffff00","curve":"stepped"},{"time":1.9333,"color":"ffffff00"},{"time":1.9667,"color":"fffffffe","curve":"stepped"},{"time":2.1667,"color":"fffffffe"},{"time":2.2333,"color":"ffffff00","curve":"stepped"},{"time":2.6333,"color":"ffffff00"},{"time":2.6667,"color":"fffffffe","curve":"stepped"},{"time":2.8667,"color":"fffffffe"},{"time":2.9333,"color":"ffffff00"}],"attachment":[{"time":1.3333,"name":"xxxulie/1_00001"},{"time":1.3667,"name":"xxxulie/1_00002"},{"time":1.4,"name":"xxxulie/1_00003"},{"time":1.4333,"name":"xxxulie/1_00004"},{"time":1.4667,"name":"xxxulie/1_00005"},{"time":1.5,"name":"xxxulie/1_00006"},{"time":1.5333,"name":"xxxulie/1_00007"},{"time":1.5667,"name":"xxxulie/1_00008"},{"time":1.9667,"name":"xxxulie/1_00001"},{"time":2,"name":"xxxulie/1_00002"},{"time":2.0333,"name":"xxxulie/1_00003"},{"time":2.0667,"name":"xxxulie/1_00004"},{"time":2.1,"name":"xxxulie/1_00005"},{"time":2.1333,"name":"xxxulie/1_00006"},{"time":2.1667,"name":"xxxulie/1_00007"},{"time":2.2,"name":"xxxulie/1_00008"},{"time":2.6667,"name":"xxxulie/1_00001"},{"time":2.7,"name":"xxxulie/1_00002"},{"time":2.7333,"name":"xxxulie/1_00003"},{"time":2.7667,"name":"xxxulie/1_00004"},{"time":2.8,"name":"xxxulie/1_00005"},{"time":2.8333,"name":"xxxulie/1_00006"},{"time":2.8667,"name":"xxxulie/1_00007"},{"time":2.9,"name":"xxxulie/1_00008"}]},"xxxulie/1_9":{"color":[{"time":1.4333,"color":"ffffff00"},{"time":1.4667,"color":"fffffffe","curve":"stepped"},{"time":1.6667,"color":"fffffffe"},{"time":1.7333,"color":"ffffff00","curve":"stepped"},{"time":2.0333,"color":"ffffff00"},{"time":2.0667,"color":"fffffffe","curve":"stepped"},{"time":2.2667,"color":"fffffffe"},{"time":2.3333,"color":"ffffff00","curve":"stepped"},{"time":2.7667,"color":"ffffff00"},{"time":2.8,"color":"fffffffe","curve":"stepped"},{"time":3,"color":"fffffffe"},{"time":3.0667,"color":"ffffff00"}],"attachment":[{"time":1.4667,"name":"xxxulie/1_00001"},{"time":1.5,"name":"xxxulie/1_00002"},{"time":1.5333,"name":"xxxulie/1_00003"},{"time":1.5667,"name":"xxxulie/1_00004"},{"time":1.6,"name":"xxxulie/1_00005"},{"time":1.6333,"name":"xxxulie/1_00006"},{"time":1.6667,"name":"xxxulie/1_00007"},{"time":1.7,"name":"xxxulie/1_00008"},{"time":2.0667,"name":"xxxulie/1_00001"},{"time":2.1,"name":"xxxulie/1_00002"},{"time":2.1333,"name":"xxxulie/1_00003"},{"time":2.1667,"name":"xxxulie/1_00004"},{"time":2.2,"name":"xxxulie/1_00005"},{"time":2.2333,"name":"xxxulie/1_00006"},{"time":2.2667,"name":"xxxulie/1_00007"},{"time":2.3,"name":"xxxulie/1_00008"},{"time":2.8,"name":"xxxulie/1_00001"},{"time":2.8333,"name":"xxxulie/1_00002"},{"time":2.8667,"name":"xxxulie/1_00003"},{"time":2.9,"name":"xxxulie/1_00004"},{"time":2.9333,"name":"xxxulie/1_00005"},{"time":2.9667,"name":"xxxulie/1_00006"},{"time":3,"name":"xxxulie/1_00007"},{"time":3.0333,"name":"xxxulie/1_00008"}]}},"bones":{"bu":{"scale":[{"time":0,"x":0,"y":0,"curve":[0.25,0,0.75,1]},{"time":0.3333,"x":1.5,"y":1.5,"curve":[0.25,0,0.75,1]},{"time":0.3667,"x":1,"y":1}]},"shengli":{"scale":[{"time":0,"x":1,"y":1,"curve":"stepped"},{"time":0.3333,"x":1,"y":1,"curve":[0.25,0,0.75,1]},{"time":0.3667,"x":2.5,"y":2.5,"curve":[0.25,0,0.75,1]},{"time":0.5667,"x":0.2,"y":0.2,"curve":[0.25,0,0.75,1]},{"time":0.6,"x":1,"y":1}]},"shengli2":{"scale":[{"time":0,"x":1,"y":1,"curve":"stepped"},{"time":0.6,"x":1,"y":1,"curve":"stepped"},{"time":0.6333,"x":1,"y":1},{"time":0.8333,"x":1.4,"y":1.4}]},"zuolaba":{"translate":[{"time":1,"x":0,"y":0,"curve":"stepped"},{"time":1.1,"x":0,"y":0}]},"bone2":{"translate":[{"time":1.1667,"x":0,"y":0,"curve":[0.25,0,0.75,1]},{"time":1.3333,"x":17.1,"y":4.99,"curve":[0.25,0,0.75,1]},{"time":1.5,"x":0,"y":0,"curve":[0.25,0,0.75,1]},{"time":1.6667,"x":17.1,"y":4.99,"curve":[0.25,0,0.75,1]},{"time":1.8333,"x":0,"y":0,"curve":"stepped"},{"time":2.3333,"x":0,"y":0,"curve":[0.25,0,0.75,1]},{"time":2.5,"x":17.1,"y":4.99,"curve":[0.25,0,0.75,1]},{"time":2.6667,"x":0,"y":0,"curve":[0.25,0,0.75,1]},{"time":2.8333,"x":17.1,"y":4.99,"curve":[0.25,0,0.75,1]},{"time":3,"x":0,"y":0}]},"bone4":{"translate":[{"time":1.1667,"x":0,"y":0,"curve":[0.25,0,0.75,1]},{"time":1.3333,"x":9.19,"y":-3.8,"curve":[0.25,0,0.75,1]},{"time":1.5,"x":0,"y":0,"curve":[0.25,0,0.75,1]},{"time":1.6667,"x":9.19,"y":-3.8,"curve":[0.25,0,0.75,1]},{"time":1.8333,"x":0,"y":0,"curve":"stepped"},{"time":2.3333,"x":0,"y":0,"curve":[0.25,0,0.75,1]},{"time":2.5,"x":9.19,"y":-3.8,"curve":[0.25,0,0.75,1]},{"time":2.6667,"x":0,"y":0,"curve":[0.25,0,0.75,1]},{"time":2.8333,"x":9.19,"y":-3.8,"curve":[0.25,0,0.75,1]},{"time":3,"x":0,"y":0}]},"guang":{"rotate":[{"time":1.1667,"angle":0},{"time":2.1667,"angle":120},{"time":3.1667,"angle":-120}]},"guang2":{"rotate":[{"time":1.1667,"angle":0},{"time":2.1667,"angle":120},{"time":3.1667,"angle":-120}]},"huangguan":{"translate":[{"time":0.6,"x":0,"y":0,"curve":[0.25,0,0.75,1]},{"time":1.2667,"x":-3.04,"y":5.57,"curve":[0.25,0,0.75,1]},{"time":1.9333,"x":0,"y":0,"curve":[0.25,0,0.75,1]},{"time":2.6,"x":-3.04,"y":5.57,"curve":[0.25,0,0.75,1]},{"time":3.1667,"x":0,"y":0}]},"bone":{"translate":[{"time":1,"x":44.01,"y":-49.72,"curve":[0.25,0,0.75,1]},{"time":1.1667,"x":0,"y":0}]},"bone3":{"translate":[{"time":1,"x":-14.59,"y":-51.46},{"time":1.1667,"x":0,"y":0}]},"xx4":{"translate":[{"time":1.1667,"x":0,"y":0,"curve":[0.25,0,0.75,1]},{"time":1.5333,"x":269.88,"y":135.65,"curve":"stepped"},{"time":1.8667,"x":269.88,"y":135.65},{"time":1.9,"x":0,"y":0,"curve":[0.25,0,0.75,1]},{"time":2.2667,"x":269.88,"y":135.65}]},"xx3":{"translate":[{"time":1.3333,"x":0,"y":0,"curve":[0.25,0,0.75,1]},{"time":1.7333,"x":319.57,"y":34.7,"curve":"stepped"},{"time":2.1,"x":319.57,"y":34.7},{"time":2.1333,"x":0,"y":0,"curve":[0.25,0,0.75,1]},{"time":2.5333,"x":319.57,"y":34.7}]},"xx2":{"translate":[{"time":1.5,"x":0,"y":0,"curve":[0.25,0,0.75,1]},{"time":1.9333,"x":-330.06,"y":30.67,"curve":"stepped"},{"time":2.4333,"x":-330.06,"y":30.67},{"time":2.4667,"x":0,"y":0,"curve":[0.25,0,0.75,1]},{"time":2.9,"x":-330.06,"y":30.67}]},"xx5":{"translate":[{"time":1.3333,"x":0,"y":0,"curve":[0.25,0,0.75,1]},{"time":1.8667,"x":-157.36,"y":142.03,"curve":"stepped"},{"time":2.5,"x":-157.36,"y":142.03},{"time":2.5333,"x":0,"y":0,"curve":[0.25,0,0.75,1]},{"time":3.0667,"x":-157.36,"y":142.03}]},"xx6":{"translate":[{"time":1.6333,"x":0,"y":0},{"time":2,"x":96.38,"y":222.8}]},"xx7":{"translate":[{"time":1.5,"x":0,"y":0,"curve":[0.25,0,0.75,1]},{"time":1.9333,"x":-330.06,"y":30.67,"curve":"stepped"},{"time":2.4333,"x":-330.06,"y":30.67},{"time":2.4667,"x":0,"y":0,"curve":[0.25,0,0.75,1]},{"time":2.9,"x":-330.06,"y":30.67}]},"xx8":{"translate":[{"time":1.3333,"x":0,"y":0,"curve":[0.25,0,0.75,1]},{"time":1.7333,"x":319.57,"y":34.7,"curve":"stepped"},{"time":2.1,"x":319.57,"y":34.7},{"time":2.1333,"x":0,"y":0,"curve":[0.25,0,0.75,1]},{"time":2.5333,"x":319.57,"y":34.7}]},"xx9":{"translate":[{"time":1.1667,"x":0,"y":0,"curve":[0.25,0,0.75,1]},{"time":1.5333,"x":269.88,"y":135.65,"curve":"stepped"},{"time":1.8667,"x":269.88,"y":135.65},{"time":1.9,"x":0,"y":0,"curve":[0.25,0,0.75,1]},{"time":2.2667,"x":269.88,"y":135.65}]},"xx10":{"translate":[{"time":1.3333,"x":0,"y":0,"curve":[0.25,0,0.75,1]},{"time":1.8667,"x":-157.36,"y":142.03,"curve":"stepped"},{"time":2.5,"x":-157.36,"y":142.03},{"time":2.5333,"x":0,"y":0,"curve":[0.25,0,0.75,1]},{"time":3.0667,"x":-157.36,"y":142.03}]},"xxxulie":{"translate":[{"time":1.3333,"x":-147.99,"y":-27.08,"curve":"stepped"},{"time":1.8667,"x":-147.99,"y":-27.08,"curve":"stepped"},{"time":2.3667,"x":-147.99,"y":-27.08,"curve":"stepped"},{"time":2.8667,"x":-147.99,"y":-27.08}],"scale":[{"time":1.3333,"x":0.5,"y":0.5,"curve":"stepped"},{"time":1.8667,"x":0.5,"y":0.5,"curve":"stepped"},{"time":2.3667,"x":0.5,"y":0.5,"curve":"stepped"},{"time":2.8667,"x":0.5,"y":0.5}]},"xxxulie2":{"translate":[{"time":1.5,"x":62.88,"y":-110.38}],"scale":[{"time":1.5,"x":0.5,"y":0.5}]},"xxxulie3":{"translate":[{"time":1.0667,"x":-243.03,"y":-108.12}],"scale":[{"time":1.0667,"x":0.5,"y":0.5}]},"xxxulie4":{"translate":[{"time":1.7,"x":265.57,"y":-38.48,"curve":"stepped"},{"time":2.6667,"x":265.57,"y":-38.48}],"scale":[{"time":1.7,"x":0.5,"y":0.5,"curve":"stepped"},{"time":2.6667,"x":0.5,"y":0.5}]},"xxxulie5":{"translate":[{"time":1.6667,"x":-113.94,"y":-116.37}],"scale":[{"time":1.6667,"x":0.5,"y":0.5}]},"xxxulie6":{"translate":[{"time":1.5667,"x":121.64,"y":-99.93,"curve":"stepped"},{"time":2.2,"x":121.64,"y":-99.93,"curve":"stepped"},{"time":2.9,"x":121.64,"y":-99.93}],"scale":[{"time":1.5667,"x":0.5,"y":0.5,"curve":"stepped"},{"time":2.2,"x":0.5,"y":0.5,"curve":"stepped"},{"time":2.9,"x":0.5,"y":0.5}]},"xxxulie7":{"translate":[{"time":1.7667,"x":209.61,"y":-123.72,"curve":"stepped"},{"time":2.4333,"x":209.61,"y":-123.72}],"scale":[{"time":1.7667,"x":0.5,"y":0.5,"curve":"stepped"},{"time":2.4333,"x":0.5,"y":0.5}]},"xxxulie8":{"translate":[{"time":1.4667,"x":50.82,"y":-22.29,"curve":"stepped"},{"time":2.0667,"x":50.82,"y":-22.29,"curve":"stepped"},{"time":2.7333,"x":50.82,"y":-22.29}],"scale":[{"time":1.4667,"x":0.5,"y":0.5,"curve":"stepped"},{"time":2.0667,"x":0.5,"y":0.5,"curve":"stepped"},{"time":2.7333,"x":0.5,"y":0.5}]},"xxxulie9":{"translate":[{"time":1.3333,"x":1.76,"y":-94.57,"curve":"stepped"},{"time":1.9667,"x":1.76,"y":-94.57,"curve":"stepped"},{"time":2.6667,"x":1.76,"y":-94.57}],"scale":[{"time":1.3333,"x":0.5,"y":0.5,"curve":"stepped"},{"time":1.9667,"x":0.5,"y":0.5,"curve":"stepped"},{"time":2.6667,"x":0.5,"y":0.5}]},"xxxulie10":{"translate":[{"time":1.4667,"x":-169.21,"y":-120.4,"curve":"stepped"},{"time":2.0667,"x":-169.21,"y":-120.4,"curve":"stepped"},{"time":2.8,"x":-169.21,"y":-120.4}],"scale":[{"time":1.4667,"x":0.5,"y":0.5,"curve":"stepped"},{"time":2.0667,"x":0.5,"y":0.5,"curve":"stepped"},{"time":2.8,"x":0.5,"y":0.5}]}},"deform":{"default":{"laba":{"laba":[{"time":1,"offset":42,"vertices":[-0.10488,-0.08579,-0.0933,-0.09829,0,0,0,0,0.05609,0.51223,-0.00863,0.5152,0.087,0.19402,0.06195,0.20339,0,0,0,0,0,0,0.02497,-0.15946,-0.32334,-0.43627,-0.26612,-0.47346,-0.30497,1.02546,-0.43124,0.97906,0,0,0,0,0,0,0,0,0,0,0,0,0,0,0,0,0,0,0,0,0,0,0,0,0,0,0,0,0,0,0,0,0,0,0,0,0,0,0,0,0,0,0,0,0,0,0,0,0,0,0,0,0,0,0,0,0,0,0,0,0,0,0,0,0,0,0,0,0,0,0,0,0,0,0,0,0,0,0,0,0,0,-0.17518,0.41285,-0.22563,0.38758,-0.07879,0.56956,-0.14965,0.55514,-0.2116,-0.41275]},{"time":1.1,"offset":70,"vertices":[-0.43298,0.45311,-0.48641,0.39519],"curve":[0.25,0,0.75,1]},{"time":1.2667,"offset":42,"vertices":[-0.80618,-0.65942,-0.71719,-0.75548,0,0,0,0,0.43114,3.93726,-0.06634,3.96012,0.6687,1.49133,0.4762,1.56337,0,0,0,0,0,0,0.19196,-1.22568,-2.48537,-3.35342,-2.04557,-3.63932,0.55096,4.85253,-0.06234,4.88314,0,0,0,0,0,0,0,0,0,0,0,0,0,0,0,0,0,0,0,0,0,0,0,0,0,0,0,0,0,0,0,0,0,0,0,0,0,0,0,0,0,0,0,0,0,0,0,0,0,0,0,0,0,0,0,0,0,0,0,0,0,0,0,0,0,0,0,0,0,0,0,0,0,0,0,0,0,0,0,0,0,0,-1.34654,3.17342,-1.73433,2.97915,-0.60564,4.37794,-1.15033,4.26712,-1.62648,-3.17264],"curve":[0.25,0,0.75,1]},{"time":1.4333,"offset":70,"vertices":[-0.43298,0.45311,-0.48641,0.39519],"curve":[0.25,0,0.75,1]},{"time":1.6,"offset":42,"vertices":[-0.34879,0.02458,-0.34917,-0.01947,0,0,0,0,0.44946,2.935,0.07763,2.96814,0.35004,0.75746,0.2522,0.79538,0,0,0,0,0,0,-0.12555,-1.78387,-3.42619,-3.7879,-2.924,-4.18804,0.5596,4.02889,0.04964,4.06716,0,0,0,0,0,0,0,0,0,0,0,0,0,0,0,0,0,0,0,0,0,0,0,0,0,0,0,0,0,0,0,0,0,0,0,0,0,0,0,0,0,0,0,0,0,0,0,0,0,0,0,0,0,0,0,0,0,0,0,0,0,0,0,0,0,0,0,0,0,0,0,0,0,0,0,0,0,0,0,0,0,0,-0.98175,1.7241,-1.19036,1.58719,-0.51782,3.41528,-0.94234,3.32314,-1.38857,-3.07396],"curve":[0.25,0,0.75,1]},{"time":1.7667,"offset":70,"vertices":[-0.43298,0.45311,-0.48641,0.39519],"curve":"stepped"},{"time":2.3333,"offset":70,"vertices":[-0.43298,0.45311,-0.48641,0.39519],"curve":[0.25,0,0.75,1]},{"time":2.5,"offset":42,"vertices":[-0.80618,-0.65942,-0.71719,-0.75548,0,0,0,0,0.43114,3.93726,-0.06634,3.96012,0.6687,1.49133,0.4762,1.56337,0,0,0,0,0,0,0.19196,-1.22568,-2.48537,-3.35342,-2.04557,-3.63932,0.55096,4.85253,-0.06234,4.88314,0,0,0,0,0,0,0,0,0,0,0,0,0,0,0,0,0,0,0,0,0,0,0,0,0,0,0,0,0,0,0,0,0,0,0,0,0,0,0,0,0,0,0,0,0,0,0,0,0,0,0,0,0,0,0,0,0,0,0,0,0,0,0,0,0,0,0,0,0,0,0,0,0,0,0,0,0,0,0,0,0,0,-1.34654,3.17342,-1.73433,2.97915,-0.60564,4.37794,-1.15033,4.26712,-1.62648,-3.17264],"curve":[0.25,0,0.75,1]},{"time":2.6667,"offset":70,"vertices":[-0.43298,0.45311,-0.48641,0.39519],"curve":[0.25,0,0.75,1]},{"time":2.8333,"offset":42,"vertices":[-0.34879,0.02458,-0.34917,-0.01947,0,0,0,0,0.44946,2.935,0.07763,2.96814,0.35004,0.75746,0.2522,0.79538,0,0,0,0,0,0,-0.12555,-1.78387,-3.42619,-3.7879,-2.924,-4.18804,0.5596,4.02889,0.04964,4.06716,0,0,0,0,0,0,0,0,0,0,0,0,0,0,0,0,0,0,0,0,0,0,0,0,0,0,0,0,0,0,0,0,0,0,0,0,0,0,0,0,0,0,0,0,0,0,0,0,0,0,0,0,0,0,0,0,0,0,0,0,0,0,0,0,0,0,0,0,0,0,0,0,0,0,0,0,0,0,0,0,0,0,-0.98175,1.7241,-1.19036,1.58719,-0.51782,3.41528,-0.94234,3.32314,-1.38857,-3.07396],"curve":[0.25,0,0.75,1]},{"time":3,"offset":70,"vertices":[-0.43298,0.45311,-0.48641,0.39519]}]},"laba2":{"laba2":[{"time":1,"offset":76,"vertices":[0.1696,-0.57551,-0.0203,-0.59967],"curve":"stepped"},{"time":1.1667,"offset":76,"vertices":[0.1696,-0.57551,-0.0203,-0.59967],"curve":[0.25,0,0.75,1]},{"time":1.3333,"offset":28,"vertices":[1.6813,-0.35498,1.48331,-0.86669,0.92592,3.65088,2.02805,3.17315,0.42569,2.37761,1.15186,2.12209,1.05539,0.41151,1.13003,0.05762,0,0,0,0,0,0,0,0,0,0,0,0,0,0,0,0,0,0,0,0,0,0,0,0,-0.80991,-2.0902,-1.42735,-1.72884,-1.11949,-2.90708,-1.97862,-2.40663,-0.53719,-5.13733,-2.12849,-4.70686,0.27637,-4.24704,-1.07594,-4.11808,-0.7188,-0.36191],"curve":[0.25,0,0.75,1]},{"time":1.5,"offset":76,"vertices":[0.1696,-0.57551,-0.0203,-0.59967],"curve":[0.25,0,0.75,1]},{"time":1.6667,"offset":28,"vertices":[1.6813,-0.35498,1.48331,-0.86669,0.92592,3.65088,2.02805,3.17315,0.42569,2.37761,1.15186,2.12209,1.05539,0.41151,1.13003,0.05762,0,0,0,0,0,0,0,0,0,0,0,0,0,0,0,0,0,0,0,0,0,0,0,0,-0.80991,-2.0902,-1.42735,-1.72884,-1.11949,-2.90708,-1.97862,-2.40663,-0.53719,-5.13733,-2.12849,-4.70686,0.27637,-4.24704,-1.07594,-4.11808,-0.7188,-0.36191],"curve":[0.25,0,0.75,1]},{"time":1.8333,"offset":76,"vertices":[0.1696,-0.57551,-0.0203,-0.59967],"curve":"stepped"},{"time":2.3333,"offset":76,"vertices":[0.1696,-0.57551,-0.0203,-0.59967],"curve":[0.25,0,0.75,1]},{"time":2.5,"offset":28,"vertices":[1.6813,-0.35498,1.48331,-0.86669,0.92592,3.65088,2.02805,3.17315,0.42569,2.37761,1.15186,2.12209,1.05539,0.41151,1.13003,0.05762,0,0,0,0,0,0,0,0,0,0,0,0,0,0,0,0,0,0,0,0,0,0,0,0,-0.80991,-2.0902,-1.42735,-1.72884,-1.11949,-2.90708,-1.97862,-2.40663,-0.53719,-5.13733,-2.12849,-4.70686,0.27637,-4.24704,-1.07594,-4.11808,-0.7188,-0.36191],"curve":[0.25,0,0.75,1]},{"time":2.6667,"offset":76,"vertices":[0.1696,-0.57551,-0.0203,-0.59967],"curve":[0.25,0,0.75,1]},{"time":2.8333,"offset":28,"vertices":[1.6813,-0.35498,1.48331,-0.86669,0.92592,3.65088,2.02805,3.17315,0.42569,2.37761,1.15186,2.12209,1.05539,0.41151,1.13003,0.05762,0,0,0,0,0,0,0,0,0,0,0,0,0,0,0,0,0,0,0,0,0,0,0,0,-0.80991,-2.0902,-1.42735,-1.72884,-1.11949,-2.90708,-1.97862,-2.40663,-0.53719,-5.13733,-2.12849,-4.70686,0.27637,-4.24704,-1.07594,-4.11808,-0.7188,-0.36191],"curve":[0.25,0,0.75,1]},{"time":3,"offset":76,"vertices":[0.1696,-0.57551,-0.0203,-0.59967]}]}}}}}}