{"skeleton":{"hash":"IyWv9FcrhL3VuklhaffuizQgGCQ","spine":"3.6.36","width":0,"height":0,"images":"./images/"},"bones":[{"name":"root"},{"name":"1_hujiao","parent":"root"},{"name":"2_plane","parent":"root"},{"name":"3_explosion","parent":"root"},{"name":"4_miaozhun","parent":"root"},{"name":"_0002_dianhua3","parent":"1_hujiao","x":22.64,"y":89.85},{"name":"_0003_dianhua2","parent":"1_hujiao","x":6.4,"y":19.81,"scaleX":0.7,"scaleY":0.7},{"name":"daodan1","parent":"2_plane"},{"name":"missile","parent":"daodan1","rotation":-30,"x":-46.6,"y":-32.01},{"name":"bone","parent":"missile","x":100.02},{"name":"daodan2","parent":"2_plane"},{"name":"missile2","parent":"daodan2","rotation":-30,"x":-39.64,"y":-67.7},{"name":"bone2","parent":"missile2","x":100.02},{"name":"daodan3","parent":"2_plane"},{"name":"missile3","parent":"daodan3","rotation":-30,"x":101.83,"y":20.83},{"name":"bone3","parent":"missile3","x":100.02},{"name":"daodan4","parent":"2_plane"},{"name":"missile4","parent":"daodan4","rotation":-30,"x":39.77,"y":25.83},{"name":"bone4","parent":"missile4","x":100.02},{"name":"explosion","parent":"3_explosion","y":35.18,"scaleX":1.3,"scaleY":1.3},{"name":"explosion2","parent":"3_explosion","x":32.75,"scaleX":-1},{"name":"explosion3","parent":"3_explosion","scaleX":1.2,"scaleY":1.2},{"name":"explosion4","parent":"3_explosion","x":37.6,"y":35.18,"scaleX":-1.3,"scaleY":1.3},{"name":"plane_zong","parent":"2_plane"},{"name":"wei1","parent":"plane_zong","x":104.89,"y":-42.62},{"name":"guangdian","parent":"wei1","x":6.82,"y":-4.57,"scaleX":0.825,"scaleY":0.825,"shearX":18.41},{"name":"wei2","parent":"plane_zong","x":89.5,"y":-53.45},{"name":"guangdian2","parent":"wei2","x":6.82,"y":-4.57,"scaleX":0.825,"scaleY":0.825,"shearX":18.41},{"name":"guangxian","parent":"wei1","length":70.84,"rotation":-30.1,"x":4.33,"y":-3.24,"scaleX":0.839,"scaleY":0.905},{"name":"guangxian2","parent":"wei2","length":70.84,"rotation":-30.1,"x":4.33,"y":-3.24,"scaleX":0.839,"scaleY":0.905},{"name":"xian_zong","parent":"plane_zong","x":83.58,"y":-33},{"name":"guangxian3","parent":"xian_zong","rotation":-29.64,"x":74.62,"y":20.81,"scaleX":2.359,"scaleY":1.285},{"name":"guangxian4","parent":"xian_zong","rotation":-29.64,"x":-47.67,"y":-56.6,"scaleX":2.5,"scaleY":1.32},{"name":"guangxian5","parent":"xian_zong","rotation":-29.64,"x":-29.74,"y":-40.9,"scaleX":3.402,"scaleY":1.3},{"name":"guangxian6","parent":"xian_zong","rotation":-29.64,"x":59.63,"y":-5.54,"scaleX":3.013},{"name":"guangxian7","parent":"xian_zong","rotation":-29.64,"x":-77.53,"y":-80.69,"scaleX":2.319,"scaleY":1.1},{"name":"guangxian8","parent":"xian_zong","rotation":-29.64,"x":116.25,"y":32.75,"scaleX":1.54,"scaleY":1.285},{"name":"guangxian9","parent":"missile","length":70.84,"x":59.34,"y":0.24,"scaleX":0.459,"scaleY":1.029,"shearY":-12.51},{"name":"guangxian10","parent":"missile2","length":70.84,"x":59.34,"y":0.24,"scaleX":0.459,"scaleY":0.83,"shearY":-12.51},{"name":"guangxian11","parent":"missile3","length":70.84,"x":59.34,"y":0.24,"scaleX":0.459,"scaleY":0.83,"shearY":-12.51},{"name":"guangxian12","parent":"missile4","length":70.84,"x":59.34,"y":0.24,"scaleX":0.459,"scaleY":0.83,"shearY":-12.51},{"name":"miao1","parent":"4_miaozhun"},{"name":"miao2","parent":"4_miaozhun"},{"name":"plane1","parent":"plane_zong"}],"slots":[{"name":"zhuomian","bone":"root"},{"name":"_0004_dianhua1","bone":"1_hujiao"},{"name":"_0003_dianhua2","bone":"_0003_dianhua2"},{"name":"_0002_dianhua3","bone":"_0002_dianhua3"},{"name":"_0001_dianhua4","bone":"_0002_dianhua3"},{"name":"_0000_dianhua5","bone":"_0002_dianhua3"},{"name":"miaozhun1","bone":"miao1","color":"c10000ff"},{"name":"miaozhun2","bone":"miao2","color":"c10000ff"},{"name":"missile","bone":"missile"},{"name":"missile2","bone":"missile2"},{"name":"missile3","bone":"missile3"},{"name":"missile4","bone":"missile4"},{"name":"smoke01","bone":"bone","color":"ffffffe6"},{"name":"smoke1","bone":"bone2","color":"ffffffe6"},{"name":"smoke2","bone":"bone3","color":"ffffffe6"},{"name":"smoke3","bone":"bone4","color":"ffffffe6"},{"name":"guangxian9","bone":"guangxian9","color":"fbc888ff","blend":"additive"},{"name":"guangxian10","bone":"guangxian10","color":"fbc988ff","blend":"additive"},{"name":"guangxian11","bone":"guangxian11","color":"fbc988ff","blend":"additive"},{"name":"guangxian12","bone":"guangxian12","color":"fbc988ff","blend":"additive"},{"name":"plane1","bone":"plane1"},{"name":"guangxian","bone":"guangxian"},{"name":"guangxian2","bone":"guangxian2"},{"name":"guangdian","bone":"guangdian","blend":"additive"},{"name":"guangdian2","bone":"guangdian2","blend":"additive"},{"name":"guangxian3","bone":"guangxian3","color":"ffffff4c","blend":"additive"},{"name":"guangxian8","bone":"guangxian8","color":"ffffff4c","blend":"additive"},{"name":"guangxian4","bone":"guangxian4","color":"ffffff4c","blend":"additive"},{"name":"guangxian5","bone":"guangxian5","color":"ffffff4c","blend":"additive"},{"name":"guangxian6","bone":"guangxian6","color":"ffffff4c","blend":"additive"},{"name":"guangxian7","bone":"guangxian7","color":"ffffff4c","blend":"additive"},{"name":"explosion01","bone":"explosion"},{"name":"explosion1","bone":"explosion2"},{"name":"explosion2","bone":"explosion3"},{"name":"explosion3","bone":"explosion4"}],"skins":{"default":{"_0000_dianhua5":{"_0000_dianhua5":{"x":0.38,"y":10.5,"width":41,"height":13}},"_0001_dianhua4":{"_0001_dianhua4":{"x":0.05,"y":4.23,"width":31,"height":12}},"_0002_dianhua3":{"_0002_dianhua3":{"x":0.26,"y":-1.46,"width":23,"height":12}},"_0003_dianhua2":{"_0003_dianhua2":{"x":-1.52,"y":-0.61,"width":35,"height":19}},"_0004_dianhua1":{"_0004_dianhua1":{"width":69,"height":163}},"explosion01":{"explosion01":{"width":343,"height":194},"explosion02":{"width":343,"height":194},"explosion03":{"width":343,"height":194},"explosion04":{"width":343,"height":194},"explosion05":{"width":343,"height":194},"explosion06":{"width":343,"height":194},"explosion07":{"width":343,"height":194},"explosion08":{"width":343,"height":194},"explosion09":{"width":343,"height":194},"explosion10":{"width":343,"height":194},"explosion11":{"width":343,"height":194}},"explosion1":{"explosion01":{"width":343,"height":194},"explosion02":{"width":343,"height":194},"explosion03":{"width":343,"height":194},"explosion04":{"width":343,"height":194},"explosion05":{"width":343,"height":194},"explosion06":{"width":343,"height":194},"explosion07":{"width":343,"height":194},"explosion08":{"width":343,"height":194},"explosion09":{"width":343,"height":194},"explosion10":{"width":343,"height":194},"explosion11":{"width":343,"height":194}},"explosion2":{"explosion01":{"width":343,"height":194},"explosion02":{"width":343,"height":194},"explosion03":{"width":343,"height":194},"explosion04":{"width":343,"height":194},"explosion05":{"width":343,"height":194},"explosion06":{"width":343,"height":194},"explosion07":{"width":343,"height":194},"explosion08":{"width":343,"height":194},"explosion09":{"width":343,"height":194},"explosion10":{"width":343,"height":194},"explosion11":{"width":343,"height":194}},"explosion3":{"explosion01":{"width":343,"height":194},"explosion02":{"width":343,"height":194},"explosion03":{"width":343,"height":194},"explosion04":{"width":343,"height":194},"explosion05":{"width":343,"height":194},"explosion06":{"width":343,"height":194},"explosion07":{"width":343,"height":194},"explosion08":{"width":343,"height":194},"explosion09":{"width":343,"height":194},"explosion10":{"width":343,"height":194},"explosion11":{"width":343,"height":194}},"guangdian":{"guangdian":{"scaleX":0.902,"scaleY":0.984,"width":27,"height":27}},"guangdian2":{"guangdian":{"scaleX":0.902,"scaleY":0.984,"width":27,"height":27}},"guangxian":{"guangxian":{"x":43.62,"y":0.65,"rotation":0.52,"width":117,"height":43}},"guangxian10":{"guangxian":{"x":43.62,"y":0.65,"rotation":0.52,"width":117,"height":43}},"guangxian11":{"guangxian":{"x":43.62,"y":0.65,"rotation":0.52,"width":117,"height":43}},"guangxian12":{"guangxian":{"x":43.62,"y":0.65,"rotation":0.52,"width":117,"height":43}},"guangxian2":{"guangxian":{"x":43.62,"y":0.65,"rotation":0.52,"width":117,"height":43}},"guangxian3":{"guangxian2":{"x":0.38,"y":0.25,"scaleX":0.703,"scaleY":0.502,"width":50,"height":3}},"guangxian4":{"guangxian2":{"x":0.38,"y":0.25,"scaleX":0.495,"scaleY":0.502,"width":50,"height":3}},"guangxian5":{"guangxian2":{"x":0.38,"y":0.25,"scaleX":0.495,"scaleY":0.502,"width":50,"height":3}},"guangxian6":{"guangxian2":{"x":0.38,"y":0.25,"scaleX":0.495,"scaleY":0.502,"width":50,"height":3}},"guangxian7":{"guangxian2":{"x":0.38,"y":0.25,"scaleX":0.495,"scaleY":0.502,"width":50,"height":3}},"guangxian8":{"guangxian2":{"x":0.38,"y":0.25,"scaleX":0.703,"scaleY":0.502,"width":50,"height":3}},"guangxian9":{"guangxian":{"x":43.62,"y":0.65,"scaleY":0.833,"rotation":0.52,"width":117,"height":43}},"miaozhun1":{"miaozhun1":{"width":120,"height":120}},"miaozhun2":{"miaozhun2":{"width":120,"height":120}},"missile":{"missile":{"width":133,"height":29}},"missile2":{"missile":{"width":133,"height":29}},"missile3":{"missile":{"width":133,"height":29}},"missile4":{"missile":{"width":133,"height":29}},"plane1":{"plane":{"width":358,"height":215}},"smoke01":{"smoke01":{"width":103,"height":30},"smoke02":{"width":103,"height":30},"smoke03":{"width":103,"height":30},"smoke04":{"width":103,"height":30},"smoke05":{"width":103,"height":30},"smoke06":{"width":103,"height":30},"smoke07":{"width":103,"height":30},"smoke08":{"width":103,"height":30},"smoke09":{"width":103,"height":30},"smoke10":{"width":103,"height":30}},"smoke1":{"smoke01":{"width":103,"height":30},"smoke02":{"width":103,"height":30},"smoke03":{"width":103,"height":30},"smoke04":{"width":103,"height":30},"smoke05":{"width":103,"height":30},"smoke06":{"width":103,"height":30},"smoke07":{"width":103,"height":30},"smoke08":{"width":103,"height":30},"smoke09":{"width":103,"height":30},"smoke10":{"width":103,"height":30}},"smoke2":{"smoke01":{"width":103,"height":30},"smoke02":{"width":103,"height":30},"smoke03":{"width":103,"height":30},"smoke04":{"width":103,"height":30},"smoke05":{"width":103,"height":30},"smoke06":{"width":103,"height":30},"smoke07":{"width":103,"height":30},"smoke08":{"width":103,"height":30},"smoke09":{"width":103,"height":30},"smoke10":{"width":103,"height":30}},"smoke3":{"smoke01":{"width":103,"height":30},"smoke02":{"width":103,"height":30},"smoke03":{"width":103,"height":30},"smoke04":{"width":103,"height":30},"smoke05":{"width":103,"height":30},"smoke06":{"width":103,"height":30},"smoke07":{"width":103,"height":30},"smoke08":{"width":103,"height":30},"smoke09":{"width":103,"height":30},"smoke10":{"width":103,"height":30}}}},"animations":{"plane1":{"slots":{"_0000_dianhua5":{"attachment":[{"time":0.2,"name":"_0000_dianhua5"},{"time":0.3,"name":null},{"time":0.8667,"name":"_0000_dianhua5"},{"time":0.9667,"name":null},{"time":1.4667,"name":"_0000_dianhua5"},{"time":1.5667,"name":null}]},"_0001_dianhua4":{"attachment":[{"time":0.1,"name":"_0001_dianhua4"},{"time":0.4,"name":null},{"time":0.7667,"name":"_0001_dianhua4"},{"time":1.0667,"name":null},{"time":1.3667,"name":"_0001_dianhua4"},{"time":1.6667,"name":null},{"time":2.0333,"name":"_0001_dianhua4"},{"time":2.0667,"name":null}]},"_0002_dianhua3":{"attachment":[{"time":0,"name":"_0002_dianhua3"},{"time":0.5,"name":null},{"time":0.6667,"name":"_0002_dianhua3"},{"time":1.1667,"name":null},{"time":1.2667,"name":"_0002_dianhua3"},{"time":1.7667,"name":null},{"time":1.9333,"name":"_0002_dianhua3"},{"time":2.0667,"name":null}]},"_0003_dianhua2":{"color":[{"time":0,"color":"fffffffe"},{"time":0.1667,"color":"ffffff00","curve":"stepped"},{"time":0.3,"color":"ffffff00"},{"time":0.3333,"color":"fffffffe"},{"time":0.5,"color":"ffffff00","curve":"stepped"},{"time":0.6333,"color":"ffffff00"},{"time":0.6667,"color":"fffffffe"},{"time":0.8333,"color":"ffffff00","curve":"stepped"},{"time":0.9667,"color":"ffffff00"},{"time":1,"color":"fffffffe"},{"time":1.1667,"color":"ffffff00","curve":"stepped"},{"time":1.3,"color":"ffffff00"},{"time":1.3333,"color":"fffffffe"},{"time":1.5,"color":"ffffff00","curve":"stepped"},{"time":1.6333,"color":"ffffff00"},{"time":1.6667,"color":"fffffffe"},{"time":1.8333,"color":"ffffff00","curve":"stepped"},{"time":1.9667,"color":"ffffff00"},{"time":2,"color":"fffffffe"}],"attachment":[{"time":0,"name":"_0003_dianhua2"},{"time":2.0667,"name":null}]},"_0004_dianhua1":{"attachment":[{"time":0,"name":"_0004_dianhua1"},{"time":2.0667,"name":null}]}},"bones":{"_0003_dianhua2":{"translate":[{"time":0,"x":4.54,"y":0},{"time":0.1667,"x":-5.8,"y":0,"curve":"stepped"},{"time":0.3,"x":-5.8,"y":0},{"time":0.3333,"x":4.54,"y":0},{"time":0.5,"x":-5.8,"y":0,"curve":"stepped"},{"time":0.6333,"x":-5.8,"y":0},{"time":0.6667,"x":4.54,"y":0},{"time":0.8333,"x":-5.8,"y":0,"curve":"stepped"},{"time":0.9667,"x":-5.8,"y":0},{"time":1,"x":4.54,"y":0},{"time":1.1667,"x":-5.8,"y":0,"curve":"stepped"},{"time":1.3,"x":-5.8,"y":0},{"time":1.3333,"x":4.54,"y":0},{"time":1.5,"x":-5.8,"y":0,"curve":"stepped"},{"time":1.6333,"x":-5.8,"y":0},{"time":1.6667,"x":4.54,"y":0},{"time":1.8333,"x":-5.8,"y":0,"curve":"stepped"},{"time":1.9667,"x":-5.8,"y":0},{"time":2,"x":4.54,"y":0}]},"1_hujiao":{"translate":[{"time":0,"x":0,"y":-48.24,"curve":[0,1,0.75,1]},{"time":0.2667,"x":0,"y":8.04,"curve":[0,0.27,0.75,1]},{"time":0.4,"x":0,"y":0,"curve":"stepped"},{"time":1.9,"x":0,"y":0},{"time":2.0667,"x":0,"y":-36.18}]}}},"plane2":{"slots":{"explosion01":{"color":[{"time":2.4333,"color":"fffffffe"},{"time":2.6333,"color":"ffffff00"}],"attachment":[{"time":1.8333,"name":"explosion01"},{"time":1.9,"name":"explosion02"},{"time":1.9667,"name":"explosion03"},{"time":2.0333,"name":"explosion04"},{"time":2.1,"name":"explosion05"},{"time":2.1667,"name":"explosion06"},{"time":2.2333,"name":"explosion07"},{"time":2.3,"name":"explosion08"},{"time":2.3667,"name":"explosion09"},{"time":2.4333,"name":"explosion10"},{"time":2.5,"name":"explosion11"},{"time":2.6333,"name":null}]},"explosion1":{"color":[{"time":2.5667,"color":"fffffffe"},{"time":2.7667,"color":"ffffff00"}],"attachment":[{"time":1.9667,"name":"explosion01"},{"time":2.0333,"name":"explosion02"},{"time":2.1,"name":"explosion03"},{"time":2.1667,"name":"explosion04"},{"time":2.2333,"name":"explosion05"},{"time":2.3,"name":"explosion06"},{"time":2.3667,"name":"explosion07"},{"time":2.4333,"name":"explosion08"},{"time":2.5,"name":"explosion09"},{"time":2.5667,"name":"explosion10"},{"time":2.6333,"name":"explosion11"},{"time":2.7667,"name":null}]},"explosion2":{"color":[{"time":2.7,"color":"fffffffe"},{"time":2.9,"color":"ffffff00"}],"attachment":[{"time":2.1,"name":"explosion01"},{"time":2.1667,"name":"explosion02"},{"time":2.2333,"name":"explosion03"},{"time":2.3,"name":"explosion04"},{"time":2.3667,"name":"explosion05"},{"time":2.4333,"name":"explosion06"},{"time":2.5,"name":"explosion07"},{"time":2.5667,"name":"explosion08"},{"time":2.6333,"name":"explosion09"},{"time":2.7,"name":"explosion10"},{"time":2.7667,"name":"explosion11"},{"time":2.9,"name":null}]},"explosion3":{"color":[{"time":2.9,"color":"fffffffe"},{"time":3.1,"color":"ffffff00"}],"attachment":[{"time":2.3,"name":"explosion01"},{"time":2.3667,"name":"explosion02"},{"time":2.4333,"name":"explosion03"},{"time":2.5,"name":"explosion04"},{"time":2.5667,"name":"explosion05"},{"time":2.6333,"name":"explosion06"},{"time":2.7,"name":"explosion07"},{"time":2.7667,"name":"explosion08"},{"time":2.8333,"name":"explosion09"},{"time":2.9,"name":"explosion10"},{"time":2.9667,"name":"explosion11"},{"time":3.1,"name":null}]},"miaozhun1":{"attachment":[{"time":0,"name":"miaozhun1"},{"time":1.8333,"name":null}]},"miaozhun2":{"attachment":[{"time":0,"name":"miaozhun2"},{"time":1.8333,"name":null}]}},"bones":{"miao1":{"scale":[{"time":0,"x":3.034,"y":3.034},{"time":0.3333,"x":1,"y":1},{"time":0.6,"x":1.603,"y":1.603},{"time":0.8,"x":1.072,"y":1.072},{"time":0.9667,"x":1.249,"y":1.249},{"time":1.1333,"x":1.017,"y":1.017},{"time":1.3,"x":1.048,"y":1.048},{"time":1.4667,"x":0.997,"y":0.997},{"time":1.6333,"x":0.883,"y":0.883},{"time":1.8333,"x":1.45,"y":1.45}]},"miao2":{"scale":[{"time":0,"x":2.101,"y":2.101},{"time":0.2667,"x":1,"y":1},{"time":0.6667,"x":1.108,"y":1.108},{"time":1.0333,"x":0.763,"y":0.763},{"time":1.3667,"x":0.749,"y":0.749},{"time":1.6333,"x":0.823,"y":0.823},{"time":1.8333,"x":1.249,"y":1.249}]}}},"plane3":{"slots":{"guangdian":{"color":[{"time":0.3333,"color":"fffffffe"},{"time":0.4333,"color":"ffffff78"},{"time":0.5333,"color":"fffffffe"},{"time":0.6333,"color":"ffffff78"},{"time":0.7333,"color":"fffffffe"},{"time":0.8333,"color":"ffffff78"},{"time":0.9333,"color":"fffffffe"},{"time":1.0333,"color":"ffffff78"},{"time":1.1333,"color":"fffffffe"},{"time":1.2333,"color":"ffffff78"},{"time":1.3333,"color":"fffffffe"}],"attachment":[{"time":0.3333,"name":"guangdian"},{"time":1.7,"name":null}]},"guangdian2":{"color":[{"time":0.3333,"color":"fffffffe"},{"time":0.4333,"color":"ffffff78"},{"time":0.5333,"color":"fffffffe"},{"time":0.6333,"color":"ffffff78"},{"time":0.7333,"color":"fffffffe"},{"time":0.8333,"color":"ffffff78"},{"time":0.9333,"color":"fffffffe"},{"time":1.0333,"color":"ffffff78"},{"time":1.1333,"color":"fffffffe"},{"time":1.2333,"color":"ffffff78"},{"time":1.3333,"color":"fffffffe"}],"attachment":[{"time":0.3333,"name":"guangdian"},{"time":1.7,"name":null}]},"guangxian":{"color":[{"time":0.3333,"color":"fffffffe"},{"time":0.4333,"color":"ffffffc2"},{"time":0.5333,"color":"fffffffe"},{"time":0.6333,"color":"ffffffc2"},{"time":0.7333,"color":"fffffffe"},{"time":0.8333,"color":"ffffffa6"},{"time":0.9333,"color":"fffffffe"},{"time":1.0333,"color":"ffffffa6"},{"time":1.1333,"color":"fffffffe"},{"time":1.2333,"color":"ffffffa6"},{"time":1.3333,"color":"fffffffe"}],"attachment":[{"time":0.3333,"name":"guangxian"},{"time":1.7,"name":null}]},"guangxian2":{"color":[{"time":0.3333,"color":"fffffffe"},{"time":0.4333,"color":"ffffffc2"},{"time":0.5333,"color":"fffffffe"},{"time":0.6333,"color":"ffffffc2"},{"time":0.7333,"color":"fffffffe"},{"time":0.8333,"color":"ffffffa6"},{"time":0.9333,"color":"fffffffe"},{"time":1.0333,"color":"ffffffa6"},{"time":1.1333,"color":"fffffffe"},{"time":1.2333,"color":"ffffffa6"},{"time":1.3333,"color":"fffffffe"}],"attachment":[{"time":0.3333,"name":"guangxian"},{"time":1.7,"name":null}]},"guangxian3":{"color":[{"time":0.5,"color":"ffffff00"},{"time":0.5333,"color":"ffffff4c","curve":"stepped"},{"time":0.6,"color":"ffffff4c"},{"time":0.6667,"color":"ffffff00","curve":"stepped"},{"time":0.8333,"color":"ffffff00"},{"time":0.8667,"color":"ffffff4c","curve":"stepped"},{"time":0.9333,"color":"ffffff4c"},{"time":1,"color":"ffffff00","curve":"stepped"},{"time":1.2333,"color":"ffffff00"},{"time":1.2667,"color":"ffffff4c","curve":"stepped"},{"time":1.3667,"color":"ffffff4c"},{"time":1.4333,"color":"ffffff00"}],"attachment":[{"time":0.5,"name":"guangxian2"}]},"guangxian4":{"color":[{"time":0.4333,"color":"ffffff00"},{"time":0.4667,"color":"ffffff64","curve":"stepped"},{"time":0.5667,"color":"ffffff64"},{"time":0.6333,"color":"ffffff00","curve":"stepped"},{"time":0.8,"color":"ffffff00"},{"time":0.8333,"color":"ffffff64","curve":"stepped"},{"time":0.9333,"color":"ffffff64"},{"time":1,"color":"ffffff00","curve":"stepped"},{"time":1.1667,"color":"ffffff00"},{"time":1.2,"color":"ffffff64","curve":"stepped"},{"time":1.3,"color":"ffffff64"},{"time":1.3667,"color":"ffffff00"}],"attachment":[{"time":0.4333,"name":"guangxian2"}]},"guangxian5":{"color":[{"time":0.4,"color":"ffffff00"},{"time":0.4333,"color":"ffffff64","curve":"stepped"},{"time":0.5333,"color":"ffffff64"},{"time":0.6,"color":"ffffff00","curve":"stepped"},{"time":0.6667,"color":"ffffff00"},{"time":0.7,"color":"ffffff64","curve":"stepped"},{"time":0.8,"color":"ffffff64"},{"time":0.8667,"color":"ffffff00","curve":"stepped"},{"time":1.1,"color":"ffffff00"},{"time":1.1333,"color":"ffffff64","curve":"stepped"},{"time":1.2333,"color":"ffffff64"},{"time":1.3,"color":"ffffff00","curve":"stepped"},{"time":1.4333,"color":"ffffff00"},{"time":1.4667,"color":"ffffff64","curve":"stepped"},{"time":1.5667,"color":"ffffff64"},{"time":1.6333,"color":"ffffff00"}],"attachment":[{"time":0.4,"name":"guangxian2"}]},"guangxian6":{"color":[{"time":0.3667,"color":"ffffff00"},{"time":0.4,"color":"ffffff4c","curve":"stepped"},{"time":0.5,"color":"ffffff4c"},{"time":0.5667,"color":"ffffff00","curve":"stepped"},{"time":0.7667,"color":"ffffff00"},{"time":0.8,"color":"ffffff4c","curve":"stepped"},{"time":0.9,"color":"ffffff4c"},{"time":0.9667,"color":"ffffff00","curve":"stepped"},{"time":1.0333,"color":"ffffff00"},{"time":1.0667,"color":"ffffff4c","curve":"stepped"},{"time":1.1667,"color":"ffffff4c"},{"time":1.2333,"color":"ffffff00","curve":"stepped"},{"time":1.3333,"color":"ffffff00"},{"time":1.3667,"color":"ffffff4c","curve":"stepped"},{"time":1.4667,"color":"ffffff4c"},{"time":1.5333,"color":"ffffff00"}],"attachment":[{"time":0.3667,"name":"guangxian2"}]},"guangxian7":{"color":[{"time":0.3333,"color":"ffffff00"},{"time":0.3667,"color":"ffffff4c","curve":"stepped"},{"time":0.4667,"color":"ffffff4c"},{"time":0.5333,"color":"ffffff00","curve":"stepped"},{"time":0.7,"color":"ffffff00"},{"time":0.7333,"color":"ffffff4c","curve":"stepped"},{"time":0.8667,"color":"ffffff4c"},{"time":0.9333,"color":"ffffff00","curve":"stepped"},{"time":1.0667,"color":"ffffff00"},{"time":1.1,"color":"ffffff4c","curve":"stepped"},{"time":1.2,"color":"ffffff4c"},{"time":1.2667,"color":"ffffff00","curve":"stepped"},{"time":1.4667,"color":"ffffff00"},{"time":1.5,"color":"ffffff4c","curve":"stepped"},{"time":1.6,"color":"ffffff4c"},{"time":1.6667,"color":"ffffff00"}],"attachment":[{"time":0.3333,"name":"guangxian2"}]},"guangxian8":{"color":[{"time":0.3333,"color":"ffffff00"},{"time":0.3667,"color":"ffffff4c","curve":"stepped"},{"time":0.4667,"color":"ffffff4c"},{"time":0.5333,"color":"ffffff00","curve":"stepped"},{"time":0.7667,"color":"ffffff00"},{"time":0.8,"color":"ffffff4c","curve":"stepped"},{"time":0.9,"color":"ffffff4c"},{"time":0.9667,"color":"ffffff00","curve":"stepped"},{"time":1.1333,"color":"ffffff00"},{"time":1.1667,"color":"ffffff4c","curve":"stepped"},{"time":1.2667,"color":"ffffff4c"},{"time":1.3333,"color":"ffffff00","curve":"stepped"},{"time":1.4,"color":"ffffff00"},{"time":1.4333,"color":"ffffff4c","curve":"stepped"},{"time":1.5333,"color":"ffffff4c"},{"time":1.6,"color":"ffffff00"}],"attachment":[{"time":0.3333,"name":"guangxian2"}]},"guangxian9":{"attachment":[{"time":1.1333,"name":"guangxian"},{"time":2,"name":null}]},"guangxian10":{"attachment":[{"time":0.7333,"name":"guangxian"},{"time":1.5333,"name":null}]},"guangxian11":{"attachment":[{"time":0.8667,"name":"guangxian"},{"time":1.7333,"name":null}]},"guangxian12":{"attachment":[{"time":1.2667,"name":"guangxian"},{"time":2.1,"name":null}]},"missile":{"attachment":[{"time":0.3333,"name":"missile"},{"time":2,"name":null}]},"missile2":{"attachment":[{"time":0.3333,"name":"missile"},{"time":1.5333,"name":null}]},"missile3":{"attachment":[{"time":0.3333,"name":"missile"},{"time":1.7333,"name":null}]},"missile4":{"attachment":[{"time":0.3333,"name":"missile"},{"time":2.1,"name":null}]},"plane1":{"attachment":[{"time":0.3333,"name":"plane"},{"time":1.7,"name":null}]},"smoke01":{"attachment":[{"time":1.1667,"name":"smoke01"},{"time":1.2,"name":"smoke02"},{"time":1.2333,"name":"smoke03"},{"time":1.2667,"name":"smoke04"},{"time":1.3,"name":"smoke05"},{"time":1.3333,"name":"smoke06"},{"time":1.3667,"name":"smoke07"},{"time":1.4,"name":"smoke08"},{"time":1.4333,"name":"smoke09"},{"time":1.4667,"name":"smoke10"},{"time":1.5,"name":"smoke01"},{"time":1.5333,"name":"smoke02"},{"time":1.5667,"name":"smoke03"},{"time":1.6,"name":"smoke04"},{"time":1.6333,"name":"smoke05"},{"time":1.6667,"name":"smoke06"},{"time":1.7,"name":"smoke07"},{"time":1.7333,"name":"smoke08"},{"time":1.7667,"name":"smoke09"},{"time":1.8,"name":"smoke10"},{"time":1.8333,"name":"smoke01"},{"time":1.8667,"name":"smoke02"},{"time":1.9,"name":"smoke03"},{"time":1.9333,"name":"smoke04"},{"time":1.9667,"name":"smoke05"},{"time":2,"name":null}]},"smoke1":{"attachment":[{"time":0.7333,"name":"smoke01"},{"time":0.7667,"name":"smoke02"},{"time":0.8,"name":"smoke03"},{"time":0.8333,"name":"smoke04"},{"time":0.8667,"name":"smoke05"},{"time":0.9,"name":"smoke06"},{"time":0.9333,"name":"smoke07"},{"time":0.9667,"name":"smoke08"},{"time":1,"name":"smoke09"},{"time":1.0333,"name":"smoke10"},{"time":1.0667,"name":"smoke01"},{"time":1.1,"name":"smoke02"},{"time":1.1333,"name":"smoke03"},{"time":1.1667,"name":"smoke04"},{"time":1.2,"name":"smoke05"},{"time":1.2333,"name":"smoke06"},{"time":1.2667,"name":"smoke07"},{"time":1.3,"name":"smoke08"},{"time":1.3333,"name":"smoke09"},{"time":1.3667,"name":"smoke10"},{"time":1.4,"name":"smoke01"},{"time":1.4333,"name":"smoke02"},{"time":1.4667,"name":"smoke03"},{"time":1.5,"name":"smoke04"},{"time":1.5333,"name":null}]},"smoke2":{"attachment":[{"time":0.8667,"name":"smoke01"},{"time":0.9,"name":"smoke02"},{"time":0.9333,"name":"smoke03"},{"time":0.9667,"name":"smoke04"},{"time":1,"name":"smoke05"},{"time":1.0333,"name":"smoke06"},{"time":1.0667,"name":"smoke07"},{"time":1.1,"name":"smoke08"},{"time":1.1333,"name":"smoke09"},{"time":1.1667,"name":"smoke10"},{"time":1.2,"name":"smoke01"},{"time":1.2333,"name":"smoke02"},{"time":1.2667,"name":"smoke03"},{"time":1.3,"name":"smoke04"},{"time":1.3333,"name":"smoke05"},{"time":1.3667,"name":"smoke06"},{"time":1.4,"name":"smoke07"},{"time":1.4333,"name":"smoke08"},{"time":1.4667,"name":"smoke09"},{"time":1.5,"name":"smoke10"},{"time":1.5333,"name":"smoke01"},{"time":1.5667,"name":"smoke02"},{"time":1.6,"name":"smoke03"},{"time":1.6333,"name":"smoke04"},{"time":1.6667,"name":"smoke05"},{"time":1.7,"name":"smoke06"},{"time":1.7333,"name":null}]},"smoke3":{"attachment":[{"time":1.3,"name":"smoke01"},{"time":1.3333,"name":"smoke02"},{"time":1.3667,"name":"smoke03"},{"time":1.4,"name":"smoke04"},{"time":1.4333,"name":"smoke05"},{"time":1.4667,"name":"smoke06"},{"time":1.5,"name":"smoke07"},{"time":1.5333,"name":"smoke08"},{"time":1.5667,"name":"smoke09"},{"time":1.6,"name":"smoke10"},{"time":1.6333,"name":"smoke01"},{"time":1.6667,"name":"smoke02"},{"time":1.7,"name":"smoke03"},{"time":1.7333,"name":"smoke04"},{"time":1.7667,"name":"smoke05"},{"time":1.8,"name":"smoke06"},{"time":1.8333,"name":"smoke07"},{"time":1.8667,"name":"smoke08"},{"time":1.9,"name":"smoke09"},{"time":1.9333,"name":"smoke10"},{"time":1.9667,"name":"smoke01"},{"time":2,"name":"smoke02"},{"time":2.0333,"name":"smoke03"},{"time":2.0667,"name":"smoke04"},{"time":2.1,"name":null}]}},"bones":{"guangdian":{"scale":[{"time":0.3333,"x":1.169,"y":1.169},{"time":0.4333,"x":0.794,"y":0.794},{"time":0.5333,"x":1.169,"y":1.169},{"time":0.6333,"x":0.794,"y":0.794},{"time":0.7333,"x":1.169,"y":1.169},{"time":0.8333,"x":0.794,"y":0.794},{"time":0.9333,"x":1.169,"y":1.169},{"time":1.0333,"x":0.794,"y":0.794},{"time":1.1333,"x":1.169,"y":1.169},{"time":1.2333,"x":0.794,"y":0.794},{"time":1.3333,"x":1.169,"y":1.169}]},"guangxian":{"scale":[{"time":0.3333,"x":1,"y":1},{"time":0.4333,"x":0.531,"y":0.877},{"time":0.5333,"x":1.106,"y":1},{"time":0.6333,"x":0.646,"y":0.877},{"time":0.7333,"x":1.13,"y":1},{"time":0.8333,"x":0.66,"y":0.877},{"time":0.9333,"x":1,"y":1},{"time":1.0333,"x":0.66,"y":0.877},{"time":1.1333,"x":1,"y":1},{"time":1.2333,"x":0.66,"y":0.877},{"time":1.3333,"x":1,"y":1}]},"guangdian2":{"scale":[{"time":0.3333,"x":1.169,"y":1.169},{"time":0.4333,"x":0.794,"y":0.794},{"time":0.5333,"x":1.169,"y":1.169},{"time":0.6333,"x":0.794,"y":0.794},{"time":0.7333,"x":1.169,"y":1.169},{"time":0.8333,"x":0.794,"y":0.794},{"time":0.9333,"x":1.169,"y":1.169},{"time":1.0333,"x":0.794,"y":0.794},{"time":1.1333,"x":1.169,"y":1.169},{"time":1.2333,"x":0.794,"y":0.794},{"time":1.3333,"x":1.169,"y":1.169}]},"guangxian2":{"scale":[{"time":0.3333,"x":1,"y":1},{"time":0.4333,"x":0.531,"y":0.877},{"time":0.5333,"x":1.106,"y":1},{"time":0.6333,"x":0.646,"y":0.877},{"time":0.7333,"x":1.13,"y":1},{"time":0.8333,"x":0.66,"y":0.877},{"time":0.9333,"x":1,"y":1},{"time":1.0333,"x":0.66,"y":0.877},{"time":1.1333,"x":1,"y":1},{"time":1.2333,"x":0.66,"y":0.877},{"time":1.3333,"x":1,"y":1}]},"guangxian3":{"translate":[{"time":0.5,"x":-23.11,"y":13.15},{"time":0.6667,"x":71.37,"y":-40.61},{"time":0.8333,"x":-2.25,"y":1.28},{"time":1,"x":96.88,"y":-55.12},{"time":1.2333,"x":5.35,"y":-3.05},{"time":1.4333,"x":87.07,"y":-49.55}]},"guangxian4":{"translate":[{"time":0.4333,"x":-20.29,"y":11.54},{"time":0.6333,"x":95.08,"y":-54.1},{"time":0.8,"x":-20.29,"y":11.54},{"time":1,"x":85.81,"y":-48.83},{"time":1.1667,"x":-20.29,"y":11.54},{"time":1.3667,"x":103.33,"y":-58.8}]},"guangxian5":{"translate":[{"time":0.4,"x":0.29,"y":-0.17},{"time":0.6,"x":97.64,"y":-55.56},{"time":0.6667,"x":-22.14,"y":12.6},{"time":0.8667,"x":46.57,"y":-26.5},{"time":1.1,"x":35.97,"y":-20.47},{"time":1.3,"x":127.61,"y":-72.61},{"time":1.4333,"x":35.97,"y":-20.47},{"time":1.6333,"x":127.61,"y":-72.61}]},"guangxian6":{"translate":[{"time":0.3667,"x":-14.39,"y":8.19},{"time":0.5667,"x":86.73,"y":-49.35},{"time":0.7667,"x":-14.39,"y":8.19},{"time":0.9667,"x":103.06,"y":-58.64},{"time":1.0333,"x":-14.39,"y":8.19},{"time":1.2333,"x":104.62,"y":-59.53},{"time":1.3333,"x":-14.39,"y":8.19},{"time":1.5333,"x":104.62,"y":-59.53}]},"guangxian7":{"translate":[{"time":0.3333,"x":-6.87,"y":3.91},{"time":0.5333,"x":89.35,"y":-50.84},{"time":0.7,"x":33.71,"y":-19.18},{"time":0.9333,"x":147.19,"y":-83.75},{"time":1.0667,"x":-6.87,"y":3.91},{"time":1.2667,"x":85.5,"y":-48.65},{"time":1.4667,"x":-6.87,"y":3.91},{"time":1.6667,"x":85.5,"y":-48.65}]},"guangxian8":{"translate":[{"time":0.3333,"x":-23.11,"y":13.15},{"time":0.5333,"x":54.3,"y":-30.9},{"time":0.7667,"x":3.05,"y":-1.74},{"time":0.9667,"x":85.27,"y":-48.52},{"time":1.1333,"x":-23.11,"y":13.15},{"time":1.3333,"x":54.3,"y":-30.9},{"time":1.4,"x":-23.11,"y":13.15},{"time":1.6,"x":54.3,"y":-30.9}]},"plane_zong":{"translate":[{"time":0.3333,"x":876.26,"y":-336.27},{"time":1.6667,"x":-632.59,"y":490.11}]},"missile2":{"translate":[{"time":0.7,"x":0,"y":0},{"time":1.2667,"x":-121.58,"y":-23.49,"curve":[0.25,0,1,0.73]},{"time":1.5,"x":-1251.18,"y":664.91}]},"guangxian9":{"scale":[{"time":1.6333,"x":1,"y":1},{"time":1.7333,"x":4.576,"y":1.321},{"time":1.7667,"x":1,"y":1}]},"guangxian10":{"scale":[{"time":1.2333,"x":1,"y":1},{"time":1.3333,"x":5.53,"y":1.224},{"time":1.3667,"x":1,"y":1}]},"missile":{"translate":[{"time":1.1,"x":0,"y":0},{"time":1.6667,"x":-69.04,"y":-17.73,"curve":[0.185,0,1,0.73]},{"time":2,"x":-844.58,"y":430.03}]},"missile3":{"translate":[{"time":0.8333,"x":0,"y":0},{"time":1.4,"x":-121.58,"y":-23.49,"curve":[0.25,0,1,0.85]},{"time":1.7,"x":-1251.18,"y":664.91}]},"guangxian11":{"scale":[{"time":1.3667,"x":1,"y":1},{"time":1.4333,"x":5.194,"y":1.503},{"time":1.4667,"x":1,"y":1}]},"missile4":{"translate":[{"time":1.2,"x":0,"y":0},{"time":1.8333,"x":-53.77,"y":-17.4,"curve":[0.266,0.09,1,0.63]},{"time":2.0667,"x":-859.86,"y":448}]},"guangxian12":{"scale":[{"time":1.8,"x":1,"y":1},{"time":1.8667,"x":6.396,"y":1.546},{"time":1.9,"x":1,"y":1}]},"daodan1":{"translate":[{"time":0.3333,"x":876.26,"y":-336.27},{"time":1.1,"x":8.67,"y":138.9}]},"daodan2":{"translate":[{"time":0.3333,"x":876.26,"y":-336.27},{"time":0.7,"x":461.32,"y":-109.02}]},"daodan3":{"translate":[{"time":0.3333,"x":876.26,"y":-336.27},{"time":0.8333,"x":310.44,"y":-26.38}]},"daodan4":{"translate":[{"time":0.3333,"x":876.26,"y":-336.27},{"time":1.2,"x":-104.5,"y":200.88}]}}}}}