{
  "ID": "1af97466-9e65-4a8d-ba03-96ca415faf79",
  "Version": "3.10.0.0",
  "Name": "ClubItem",
  "Content": {
    "Content": {
      "Animation": {
        "Duration": 0,
        "Speed": 1.0,
        "Timelines": [],
        "ctype": "TimelineActionData"
      },
      "AnimationList": [],
      "ObjectData": {
        "Tag": 420,
        "Children": [
          {
            "ClipAble": false,
            "BackColorAlpha": 102,
            "SingleColor": {
              "R": 150,
              "G": 200
            },
            "FirstColor": {
              "R": 150,
              "G": 200
            },
            "EndColor": {},
            "ColorVector": {
              "ScaleY": 1.0
            },
            "Scale9Width": 1,
            "Scale9Height": 1,
            "AnchorPoint": {},
            "Position": {
              "X": 0.0,
              "Y": 0.0
            },
            "Scale": {
              "ScaleX": 1.0,
              "ScaleY": 1.0
            },
            "CColor": {},
            "IconVisible": false,
            "PrePosition": {
              "X": 0.0,
              "Y": 0.0
            },
            "PreSize": {
              "X": 1.0,
              "Y": 0.9091
            },
            "TopMargin": 10.0,
            "Tag": 561,
            "Children": [
              {
                "FileData": {
                  "Type": "Normal",
                  "Path": "image/ui/club/btn_xuanze.png",
                  "Plist": ""
                },
                "BlendFunc": {
                  "Src": 1,
                  "Dst": 771
                },
                "AnchorPoint": {
                  "ScaleX": 0.5,
                  "ScaleY": 0.5
                },
                "Position": {
                  "X": 175.0,
                  "Y": 50.0
                },
                "Scale": {
                  "ScaleX": 1.0,
                  "ScaleY": 1.0
                },
                "CColor": {},
                "IconVisible": false,
                "PositionPercentXEnabled": true,
                "PositionPercentYEnabled": true,
                "PrePosition": {
                  "X": 0.5,
                  "Y": 0.5
                },
                "PreSize": {
                  "X": 0.9829,
                  "Y": 1.06
                },
                "LeftMargin": 3.0,
                "RightMargin": 3.0,
                "TopMargin": -3.0,
                "BottomMargin": -3.0,
                "Tag": 547,
                "ActionTag": 1310827903,
                "Size": {
                  "X": 344.0,
                  "Y": 106.0
                },
                "Name": "bg",
                "ctype": "SpriteObjectData"
              },
              {
                "FileData": {
                  "Type": "Normal",
                  "Path": "image/ui/club/bg_qunmp.png",
                  "Plist": ""
                },
                "Scale9OriginX": 27,
                "Scale9OriginY": 27,
                "Scale9Width": 8,
                "Scale9Height": 8,
                "AnchorPoint": {
                  "ScaleX": 0.5,
                  "ScaleY": 0.5
                },
                "Position": {
                  "X": 53.0123,
                  "Y": 55.8147
                },
                "Scale": {
                  "ScaleX": 1.0,
                  "ScaleY": 1.0
                },
                "CColor": {},
                "IconVisible": false,
                "PrePosition": {
                  "X": 0.1515,
                  "Y": 0.5581
                },
                "PreSize": {
                  "X": 0.1771,
                  "Y": 0.62
                },
                "LeftMargin": 22.0123,
                "RightMargin": 265.9877,
                "TopMargin": 13.1853,
                "BottomMargin": 24.8147,
                "Tag": 563,
                "ActionTag": -618791324,
                "Size": {
                  "X": 62.0,
                  "Y": 62.0
                },
                "Name": "headbg",
                "ctype": "ImageViewObjectData"
              },
              {
                "FileData": {
                  "Type": "Normal",
                  "Path": "image/defaultHead.jpg",
                  "Plist": ""
                },
                "Scale9OriginX": 43,
                "Scale9OriginY": 43,
                "Scale9Width": 46,
                "Scale9Height": 46,
                "AnchorPoint": {
                  "ScaleX": 0.5,
                  "ScaleY": 0.5
                },
                "Position": {
                  "X": 53.2461,
                  "Y": 56.5325
                },
                "Scale": {
                  "ScaleX": 0.43,
                  "ScaleY": 0.43
                },
                "CColor": {},
                "IconVisible": false,
                "PrePosition": {
                  "X": 0.1521,
                  "Y": 0.5653
                },
                "PreSize": {
                  "X": 0.3771,
                  "Y": 1.32
                },
                "LeftMargin": -12.7539,
                "RightMargin": 230.7539,
                "TopMargin": -22.5325,
                "BottomMargin": -9.4675,
                "Tag": 562,
                "ActionTag": 1590058723,
                "Size": {
                  "X": 132.0,
                  "Y": 132.0
                },
                "Name": "head",
                "ctype": "ImageViewObjectData"
              },
              {
                "FontSize": 26,
                "LabelText": "名字可以有八字_",
                "FontResource": {
                  "Type": "Normal",
                  "Path": "image/fonts/FZZY.TTF",
                  "Plist": ""
                },
                "VerticalAlignmentType": "VT_Center",
                "OutlineColor": {},
                "ShadowColor": {},
                "ShadowOffsetX": 1.0,
                "ShadowOffsetY": -1.0,
                "AnchorPoint": {
                  "ScaleY": 0.5
                },
                "Position": {
                  "X": 89.9321,
                  "Y": 70.6879
                },
                "Scale": {
                  "ScaleX": 1.0,
                  "ScaleY": 1.0
                },
                "CColor": {
                  "R": 203,
                  "G": 204
                },
                "IconVisible": false,
                "PrePosition": {
                  "X": 0.2569,
                  "Y": 0.7069
                },
                "PreSize": {
                  "X": 0.5686,
                  "Y": 0.3
                },
                "LeftMargin": 89.9321,
                "RightMargin": 61.0679,
                "TopMargin": 14.3121,
                "BottomMargin": 55.6879,
                "Tag": 558,
                "ActionTag": -988281980,
                "Size": {
                  "X": 199.0,
                  "Y": 30.0
                },
                "Name": "name",
                "ctype": "TextObjectData"
              },
              {
                "FontSize": 20,
                "LabelText": "名字可以有八字_",
                "FontResource": {
                  "Type": "Normal",
                  "Path": "image/fonts/FZZY.TTF",
                  "Plist": ""
                },
                "VerticalAlignmentType": "VT_Center",
                "OutlineColor": {},
                "ShadowColor": {},
                "ShadowOffsetX": 1.0,
                "ShadowOffsetY": -1.0,
                "AnchorPoint": {
                  "ScaleY": 0.5
                },
                "Position": {
                  "X": 89.9321,
                  "Y": 40.0837
                },
                "Scale": {
                  "ScaleX": 1.0,
                  "ScaleY": 1.0
                },
                "CColor": {
                  "R": 203,
                  "G": 204
                },
                "IconVisible": false,
                "PrePosition": {
                  "X": 0.2569,
                  "Y": 0.4008
                },
                "PreSize": {
                  "X": 0.44,
                  "Y": 0.23
                },
                "LeftMargin": 89.9321,
                "RightMargin": 106.0679,
                "TopMargin": 48.4163,
                "BottomMargin": 28.5837,
                "Tag": 559,
                "ActionTag": -1743524534,
                "Size": {
                  "X": 154.0,
                  "Y": 23.0
                },
                "Name": "roomtxt",
                "ctype": "TextObjectData"
              },
              {
                "FileData": {
                  "Type": "Normal",
                  "Path": "image/defaultHead.jpg",
                  "Plist": ""
                },
                "Scale9OriginX": 43,
                "Scale9OriginY": 43,
                "Scale9Width": 46,
                "Scale9Height": 46,
                "AnchorPoint": {
                  "ScaleX": 0.5,
                  "ScaleY": 0.5
                },
                "Position": {
                  "X": 37.6721,
                  "Y": 70.9407
                },
                "Scale": {
                  "ScaleX": 0.2,
                  "ScaleY": 0.2
                },
                "CColor": {},
                "IconVisible": false,
                "PrePosition": {
                  "X": 0.1076,
                  "Y": 0.7094
                },
                "PreSize": {
                  "X": 0.3771,
                  "Y": 1.32
                },
                "LeftMargin": -28.3279,
                "RightMargin": 246.3279,
                "TopMargin": -36.9407,
                "BottomMargin": 4.9407,
                "Tag": 109,
                "ActionTag": -1815966258,
                "Size": {
                  "X": 132.0,
                  "Y": 132.0
                },
                "Name": "head_1",
                "ctype": "ImageViewObjectData"
              },
              {
                "FileData": {
                  "Type": "Normal",
                  "Path": "image/defaultHead.jpg",
                  "Plist": ""
                },
                "Scale9OriginX": 43,
                "Scale9OriginY": 43,
                "Scale9Width": 46,
                "Scale9Height": 46,
                "AnchorPoint": {
                  "ScaleX": 0.5,
                  "ScaleY": 0.5
                },
                "Position": {
                  "X": 67.6609,
                  "Y": 70.9407
                },
                "Scale": {
                  "ScaleX": 0.2,
                  "ScaleY": 0.2
                },
                "CColor": {},
                "IconVisible": false,
                "PrePosition": {
                  "X": 0.1933,
                  "Y": 0.7094
                },
                "PreSize": {
                  "X": 0.3771,
                  "Y": 1.32
                },
                "LeftMargin": 1.6609,
                "RightMargin": 216.3391,
                "TopMargin": -36.9407,
                "BottomMargin": 4.9407,
                "Tag": 110,
                "ActionTag": -2036204923,
                "Size": {
                  "X": 132.0,
                  "Y": 132.0
                },
                "Name": "head_2",
                "ctype": "ImageViewObjectData"
              },
              {
                "FileData": {
                  "Type": "Normal",
                  "Path": "image/defaultHead.jpg",
                  "Plist": ""
                },
                "Scale9OriginX": 43,
                "Scale9OriginY": 43,
                "Scale9Width": 46,
                "Scale9Height": 46,
                "AnchorPoint": {
                  "ScaleX": 0.5,
                  "ScaleY": 0.5
                },
                "Position": {
                  "X": 37.6719,
                  "Y": 42.9407
                },
                "Scale": {
                  "ScaleX": 0.2,
                  "ScaleY": 0.2
                },
                "CColor": {},
                "IconVisible": false,
                "PrePosition": {
                  "X": 0.1076,
                  "Y": 0.4294
                },
                "PreSize": {
                  "X": 0.3771,
                  "Y": 1.32
                },
                "LeftMargin": -28.3281,
                "RightMargin": 246.3281,
                "TopMargin": -8.9407,
                "BottomMargin": -23.0593,
                "Tag": 111,
                "ActionTag": -1434776917,
                "Size": {
                  "X": 132.0,
                  "Y": 132.0
                },
                "Name": "head_3",
                "ctype": "ImageViewObjectData"
              },
              {
                "FileData": {
                  "Type": "Normal",
                  "Path": "image/defaultHead.jpg",
                  "Plist": ""
                },
                "Scale9OriginX": 43,
                "Scale9OriginY": 43,
                "Scale9Width": 46,
                "Scale9Height": 46,
                "AnchorPoint": {
                  "ScaleX": 0.5,
                  "ScaleY": 0.5
                },
                "Position": {
                  "X": 67.6606,
                  "Y": 42.9407
                },
                "Scale": {
                  "ScaleX": 0.2,
                  "ScaleY": 0.2
                },
                "CColor": {},
                "IconVisible": false,
                "PrePosition": {
                  "X": 0.1933,
                  "Y": 0.4294
                },
                "PreSize": {
                  "X": 0.3771,
                  "Y": 1.32
                },
                "LeftMargin": 1.6606,
                "RightMargin": 216.3394,
                "TopMargin": -8.9407,
                "BottomMargin": -23.0593,
                "Tag": 112,
                "ActionTag": 1309791830,
                "Size": {
                  "X": 132.0,
                  "Y": 132.0
                },
                "Name": "head_4",
                "ctype": "ImageViewObjectData"
              }
            ],
            "ActionTag": -1856065243,
            "Size": {
              "X": 350.0,
              "Y": 100.0
            },
            "Name": "row",
            "ctype": "PanelObjectData"
          }
        ],
        "Size": {
          "X": 350.0,
          "Y": 110.0
        },
        "Name": "Layer",
        "ctype": "LayerObjectData"
      },
      "UsedResources": [
        "../../image/defaultHead.jpg",
        "../../image/fonts/FZZY.TTF",
        "../../image/ui/club/bg_qunmp.png",
        "../../image/ui/club/btn_xuanze.png"
      ],
      "ctype": "GameFileData"
    }
  },
  "Type": "Layer"
}