{
  "ID": "8981a256-c0fc-4bcf-af2d-5f92c1cb3a8d",
  "Version": "3.10.0.0",
  "Name": "ClubConfirm",
  "Content": {
    "Content": {
      "Animation": {
        "Duration": 0,
        "Speed": 1.0,
        "Timelines": [],
        "ctype": "TimelineActionData"
      },
      "AnimationList": [],
      "ObjectData": {
        "Tag": 3955,
        "Children": [
          {
            "ClipAble": false,
            "BackColorAlpha": 127,
            "ComboBoxIndex": 1,
            "SingleColor": {
              "R": 0,
              "G": 0,
              "B": 0
            },
            "FirstColor": {
              "R": 150,
              "G": 200
            },
            "EndColor": {},
            "ColorVector": {
              "ScaleY": 1.0
            },
            "Scale9Width": 1,
            "Scale9Height": 1,
            "TouchEnable": true,
            "AnchorPoint": {},
            "Position": {
              "X": 0.0,
              "Y": 0.0
            },
            "Scale": {
              "ScaleX": 1.0,
              "ScaleY": 1.0
            },
            "CColor": {},
            "IconVisible": false,
            "PrePosition": {
              "X": 0.0,
              "Y": 0.0
            },
            "PreSize": {
              "X": 1.0,
              "Y": 1.0
            },
            "Tag": 3956,
            "Children": [
              {
                "ClipAble": false,
                "BackColorAlpha": 102,
                "SingleColor": {
                  "R": 150,
                  "G": 200
                },
                "FirstColor": {
                  "R": 150,
                  "G": 200
                },
                "EndColor": {},
                "ColorVector": {
                  "ScaleY": 1.0
                },
                "Scale9Width": 1,
                "Scale9Height": 1,
                "TouchEnable": true,
                "AnchorPoint": {
                  "ScaleX": 0.5,
                  "ScaleY": 0.5
                },
                "Position": {
                  "X": 637.994,
                  "Y": 347.2913
                },
                "Scale": {
                  "ScaleX": 1.0,
                  "ScaleY": 1.0
                },
                "CColor": {},
                "IconVisible": false,
                "PrePosition": {
                  "X": 0.4984,
                  "Y": 0.4823
                },
                "PreSize": {
                  "X": 0.6406,
                  "Y": 0.6667
                },
                "LeftMargin": 227.994,
                "RightMargin": 232.006,
                "TopMargin": 132.7087,
                "BottomMargin": 107.2913,
                "Tag": 372,
                "Children": [
                  {
                    "FileData": {
                      "Type": "Normal",
                      "Path": "image/ui/common/messagebg.png",
                      "Plist": ""
                    },
                    "Scale9OriginX": 138,
                    "Scale9OriginY": 156,
                    "Scale9Width": 144,
                    "Scale9Height": 163,
                    "AnchorPoint": {
                      "ScaleX": 1.0,
                      "ScaleY": 0.5
                    },
                    "Position": {
                      "X": -10.0002,
                      "Y": 222.0005
                    },
                    "Scale": {
                      "ScaleX": 1.0,
                      "ScaleY": -1.0
                    },
                    "RotationSkewX": 180.0,
                    "RotationSkewY": 180.0,
                    "CColor": {},
                    "IconVisible": false,
                    "PrePosition": {
                      "X": -0.0122,
                      "Y": 0.4625
                    },
                    "PreSize": {
                      "X": 0.5122,
                      "Y": 0.9896
                    },
                    "LeftMargin": -430.0002,
                    "RightMargin": 830.0002,
                    "TopMargin": 20.4995,
                    "BottomMargin": -15.4995,
                    "Tag": 228,
                    "ActionTag": 2106437252,
                    "Size": {
                      "X": 420.0,
                      "Y": 475.0
                    },
                    "Name": "bg2",
                    "ctype": "ImageViewObjectData"
                  },
                  {
                    "FileData": {
                      "Type": "Normal",
                      "Path": "image/ui/common/messagebg.png",
                      "Plist": ""
                    },
                    "Scale9OriginX": 35,
                    "Scale9OriginY": 40,
                    "Scale9Width": 350,
                    "Scale9Height": 395,
                    "AnchorPoint": {
                      "ScaleY": 0.5
                    },
                    "Position": {
                      "X": 410.0,
                      "Y": 222.0
                    },
                    "Scale": {
                      "ScaleX": 1.0,
                      "ScaleY": 1.0
                    },
                    "CColor": {},
                    "IconVisible": false,
                    "PositionPercentYEnabled": true,
                    "PrePosition": {
                      "X": 0.5,
                      "Y": 0.4625
                    },
                    "PreSize": {
                      "X": 0.5122,
                      "Y": 0.9896
                    },
                    "LeftMargin": 410.0,
                    "RightMargin": -10.0,
                    "TopMargin": 20.5,
                    "BottomMargin": -15.5,
                    "Tag": 3957,
                    "ActionTag": -818419237,
                    "Size": {
                      "X": 420.0,
                      "Y": 475.0
                    },
                    "Name": "bg",
                    "ctype": "ImageViewObjectData"
                  },
                  {
                    "FileData": {
                      "Type": "Normal",
                      "Path": "image/ui/common/commom_title_bg2.png",
                      "Plist": ""
                    },
                    "BlendFunc": {
                      "Src": 1,
                      "Dst": 771
                    },
                    "AnchorPoint": {
                      "ScaleX": 0.5,
                      "ScaleY": 0.5
                    },
                    "Position": {
                      "X": 410.0,
                      "Y": 428.0
                    },
                    "Scale": {
                      "ScaleX": 1.0,
                      "ScaleY": 1.0
                    },
                    "CColor": {},
                    "IconVisible": false,
                    "PositionPercentXEnabled": true,
                    "PrePosition": {
                      "X": 0.5,
                      "Y": 0.8917
                    },
                    "PreSize": {
                      "X": 0.5146,
                      "Y": 0.1771
                    },
                    "LeftMargin": 199.0,
                    "RightMargin": 199.0,
                    "TopMargin": 9.5,
                    "BottomMargin": 385.5,
                    "Tag": 376,
                    "Children": [
                      {
                        "FileData": {
                          "Type": "Normal",
                          "Path": "image/ui/title/title_tishi.png",
                          "Plist": ""
                        },
                        "BlendFunc": {
                          "Src": 1,
                          "Dst": 771
                        },
                        "AnchorPoint": {
                          "ScaleX": 0.5,
                          "ScaleY": 0.5
                        },
                        "Position": {
                          "X": 211.0,
                          "Y": 42.5
                        },
                        "Scale": {
                          "ScaleX": 1.0,
                          "ScaleY": 1.0
                        },
                        "CColor": {},
                        "IconVisible": false,
                        "PositionPercentXEnabled": true,
                        "PositionPercentYEnabled": true,
                        "PrePosition": {
                          "X": 0.5,
                          "Y": 0.5
                        },
                        "PreSize": {
                          "X": 0.3626,
                          "Y": 1.3529
                        },
                        "LeftMargin": 134.5,
                        "RightMargin": 134.5,
                        "TopMargin": -15.0,
                        "BottomMargin": -15.0,
                        "Tag": 482,
                        "ActionTag": 806608779,
                        "Size": {
                          "X": 153.0,
                          "Y": 115.0
                        },
                        "Name": "title_set_1",
                        "ctype": "SpriteObjectData"
                      }
                    ],
                    "ActionTag": -946336935,
                    "Size": {
                      "X": 422.0,
                      "Y": 85.0
                    },
                    "Name": "commom_title_bg2_35",
                    "ctype": "SpriteObjectData"
                  },
                  {
                    "FileData": {
                      "Type": "Normal",
                      "Path": "image/ui/btn/btn_quxiao.png",
                      "Plist": ""
                    },
                    "BlendFunc": {
                      "Src": 1,
                      "Dst": 771
                    },
                    "AnchorPoint": {
                      "ScaleX": 0.5,
                      "ScaleY": 0.5
                    },
                    "Position": {
                      "X": 533.0,
                      "Y": 48.0719
                    },
                    "Scale": {
                      "ScaleX": 1.0,
                      "ScaleY": 1.0
                    },
                    "CColor": {},
                    "IconVisible": false,
                    "PositionPercentXEnabled": true,
                    "PrePosition": {
                      "X": 0.65,
                      "Y": 0.1001
                    },
                    "PreSize": {
                      "X": 0.2561,
                      "Y": 0.1271
                    },
                    "LeftMargin": 428.0,
                    "RightMargin": 182.0,
                    "TopMargin": 401.4281,
                    "BottomMargin": 17.5719,
                    "Tag": 390,
                    "ActionTag": 1779172726,
                    "Size": {
                      "X": 210.0,
                      "Y": 61.0
                    },
                    "Name": "btn_cancel",
                    "ctype": "SpriteObjectData"
                  },
                  {
                    "FileData": {
                      "Type": "Normal",
                      "Path": "image/ui/btn/btn_queding.png",
                      "Plist": ""
                    },
                    "BlendFunc": {
                      "Src": 1,
                      "Dst": 771
                    },
                    "AnchorPoint": {
                      "ScaleX": 0.5,
                      "ScaleY": 0.5
                    },
                    "Position": {
                      "X": 287.0,
                      "Y": 48.0718
                    },
                    "Scale": {
                      "ScaleX": 1.0,
                      "ScaleY": 1.0
                    },
                    "CColor": {},
                    "IconVisible": false,
                    "PositionPercentXEnabled": true,
                    "PrePosition": {
                      "X": 0.35,
                      "Y": 0.1001
                    },
                    "PreSize": {
                      "X": 0.2561,
                      "Y": 0.1271
                    },
                    "LeftMargin": 182.0,
                    "RightMargin": 428.0,
                    "TopMargin": 401.4282,
                    "BottomMargin": 17.5718,
                    "Tag": 389,
                    "ActionTag": 2033760704,
                    "Size": {
                      "X": 210.0,
                      "Y": 61.0
                    },
                    "Name": "btn_ok",
                    "ctype": "SpriteObjectData"
                  },
                  {
                    "IsCustomSize": true,
                    "FontSize": 30,
                    "LabelText": "亲爱的玩家，建议您选择微信登录。游客",
                    "FontResource": {
                      "Type": "Normal",
                      "Path": "image/fonts/FZZY.TTF",
                      "Plist": ""
                    },
                    "HorizontalAlignmentType": "HT_Center",
                    "VerticalAlignmentType": "VT_Center",
                    "OutlineColor": {
                      "R": 61,
                      "G": 55,
                      "B": 55
                    },
                    "ShadowColor": {
                      "R": 110,
                      "G": 110,
                      "B": 110
                    },
                    "ShadowOffsetX": 2.0,
                    "ShadowOffsetY": -2.0,
                    "AnchorPoint": {
                      "ScaleX": 0.5,
                      "ScaleY": 1.0
                    },
                    "Position": {
                      "X": 410.0,
                      "Y": 308.6546
                    },
                    "Scale": {
                      "ScaleX": 1.0,
                      "ScaleY": 1.0
                    },
                    "CColor": {
                      "R": 197,
                      "G": 213
                    },
                    "IconVisible": false,
                    "PositionPercentXEnabled": true,
                    "PrePosition": {
                      "X": 0.5,
                      "Y": 0.643
                    },
                    "PreSize": {
                      "X": 0.6622,
                      "Y": 0.0708
                    },
                    "LeftMargin": 138.5,
                    "RightMargin": 138.5,
                    "TopMargin": 171.3454,
                    "BottomMargin": 274.6546,
                    "Tag": 392,
                    "ActionTag": -253718416,
                    "Size": {
                      "X": 543.0,
                      "Y": 34.0
                    },
                    "Name": "lb_content",
                    "ctype": "TextObjectData"
                  },
                  {
                    "FileData": {
                      "Type": "Normal",
                      "Path": "image/ui/club/bg_input.png",
                      "Plist": ""
                    },
                    "BlendFunc": {
                      "Src": 1,
                      "Dst": 771
                    },
                    "AnchorPoint": {
                      "ScaleX": 0.5,
                      "ScaleY": 0.5
                    },
                    "Position": {
                      "X": 410.0,
                      "Y": 211.4059
                    },
                    "Scale": {
                      "ScaleX": 1.0,
                      "ScaleY": 1.0
                    },
                    "CColor": {},
                    "IconVisible": false,
                    "PositionPercentXEnabled": true,
                    "PrePosition": {
                      "X": 0.5,
                      "Y": 0.4404
                    },
                    "PreSize": {
                      "X": 0.3585,
                      "Y": 0.125
                    },
                    "LeftMargin": 263.0,
                    "RightMargin": 263.0,
                    "TopMargin": 238.5941,
                    "BottomMargin": 181.4059,
                    "Tag": 648,
                    "Children": [
                      {
                        "FontResource": {
                          "Type": "Normal",
                          "Path": "image/fonts/FZZY.TTF",
                          "Plist": ""
                        },
                        "FontSize": 38,
                        "IsCustomSize": true,
                        "LabelText": "",
                        "PlaceHolderText": "输入俱乐部名称",
                        "MaxLengthEnable": true,
                        "MaxLengthText": 20,
                        "TouchEnable": true,
                        "AnchorPoint": {
                          "ScaleX": 0.5,
                          "ScaleY": 0.5
                        },
                        "Position": {
                          "X": 147.0,
                          "Y": 24.0
                        },
                        "Scale": {
                          "ScaleX": 1.0,
                          "ScaleY": 1.0
                        },
                        "CColor": {},
                        "IconVisible": false,
                        "PositionPercentXEnabled": true,
                        "PositionPercentYEnabled": true,
                        "PrePosition": {
                          "X": 0.5,
                          "Y": 0.4
                        },
                        "PreSize": {
                          "X": 0.9524,
                          "Y": 0.8333
                        },
                        "LeftMargin": 7.0,
                        "RightMargin": 7.0,
                        "TopMargin": 11.0,
                        "BottomMargin": -1.0,
                        "Tag": 391,
                        "ActionTag": -1165242724,
                        "Size": {
                          "X": 280.0,
                          "Y": 50.0
                        },
                        "Name": "input",
                        "ctype": "TextFieldObjectData"
                      }
                    ],
                    "ActionTag": -231928533,
                    "Size": {
                      "X": 294.0,
                      "Y": 60.0
                    },
                    "Name": "bg_input",
                    "ctype": "SpriteObjectData"
                  },
                  {
                    "IsCustomSize": true,
                    "FontSize": 24,
                    "LabelText": "亲爱的玩家，建议您选择微信登录。游客",
                    "FontResource": {
                      "Type": "Normal",
                      "Path": "image/fonts/FZZY.TTF",
                      "Plist": ""
                    },
                    "HorizontalAlignmentType": "HT_Center",
                    "VerticalAlignmentType": "VT_Center",
                    "OutlineColor": {
                      "R": 61,
                      "G": 55,
                      "B": 55
                    },
                    "ShadowColor": {
                      "R": 110,
                      "G": 110,
                      "B": 110
                    },
                    "ShadowOffsetX": 2.0,
                    "ShadowOffsetY": -2.0,
                    "AnchorPoint": {
                      "ScaleX": 0.5,
                      "ScaleY": 1.0
                    },
                    "Position": {
                      "X": 410.0,
                      "Y": 148.1573
                    },
                    "Scale": {
                      "ScaleX": 1.0,
                      "ScaleY": 1.0
                    },
                    "CColor": {
                      "G": 0,
                      "B": 0
                    },
                    "IconVisible": false,
                    "PositionPercentXEnabled": true,
                    "PrePosition": {
                      "X": 0.5,
                      "Y": 0.3087
                    },
                    "PreSize": {
                      "X": 0.5305,
                      "Y": 0.0562
                    },
                    "LeftMargin": 192.5,
                    "RightMargin": 192.5,
                    "TopMargin": 331.8427,
                    "BottomMargin": 121.1573,
                    "Tag": 393,
                    "ActionTag": 1899762935,
                    "Size": {
                      "X": 435.0,
                      "Y": 27.0
                    },
                    "Name": "lb_content2",
                    "ctype": "TextObjectData"
                  }
                ],
                "ActionTag": 35561657,
                "Size": {
                  "X": 820.0,
                  "Y": 480.0
                },
                "Name": "main",
                "ctype": "PanelObjectData"
              }
            ],
            "ActionTag": 1763397250,
            "Size": {
              "X": 1280.0,
              "Y": 720.0
            },
            "Name": "root",
            "ctype": "PanelObjectData"
          }
        ],
        "Size": {
          "X": 1280.0,
          "Y": 720.0
        },
        "Name": "Scene",
        "ctype": "SingleNodeObjectData"
      },
      "UsedResources": [
        "../../image/fonts/FZZY.TTF",
        "../../image/ui/btn/btn_queding.png",
        "../../image/ui/btn/btn_quxiao.png",
        "../../image/ui/club/bg_input.png",
        "../../image/ui/common/commom_title_bg2.png",
        "../../image/ui/common/messagebg.png",
        "../../image/ui/title/title_tishi.png"
      ],
      "ctype": "GameFileData"
    }
  },
  "Type": "Scene"
}