{
  "ID": "a6381688-5445-4434-8486-48088f95a1e4",
  "Version": "3.10.0.0",
  "Name": "RoomItem",
  "Content": {
    "Content": {
      "Animation": {
        "Duration": 0,
        "Speed": 1.0,
        "Timelines": [],
        "ctype": "TimelineActionData"
      },
      "AnimationList": [],
      "ObjectData": {
        "Tag": 560,
        "Children": [
          {
            "ClipAble": false,
            "BackColorAlpha": 102,
            "SingleColor": {
              "R": 150,
              "G": 200
            },
            "FirstColor": {
              "R": 150,
              "G": 200
            },
            "EndColor": {},
            "ColorVector": {
              "ScaleY": 1.0
            },
            "Scale9Width": 1,
            "Scale9Height": 1,
            "AnchorPoint": {},
            "Position": {
              "X": 0.0,
              "Y": 0.0
            },
            "Scale": {
              "ScaleX": 1.0,
              "ScaleY": 1.0
            },
            "CColor": {},
            "IconVisible": false,
            "PrePosition": {
              "X": 0.0,
              "Y": 0.0
            },
            "PreSize": {
              "X": 1.0,
              "Y": 1.0
            },
            "Tag": 566,
            "Children": [
              {
                "FileData": {
                  "Type": "Normal",
                  "Path": "image/ui/club/bg_kuang2.png",
                  "Plist": ""
                },
                "Scale9Enable": true,
                "Scale9OriginX": 32,
                "Scale9OriginY": 40,
                "Scale9Width": 27,
                "Scale9Height": 17,
                "AnchorPoint": {
                  "ScaleX": 0.5,
                  "ScaleY": 0.5
                },
                "Position": {
                  "X": 380.6804,
                  "Y": 119.1978
                },
                "Scale": {
                  "ScaleX": 1.0,
                  "ScaleY": 1.0
                },
                "CColor": {},
                "IconVisible": false,
                "PrePosition": {
                  "X": 0.5857,
                  "Y": 0.4768
                },
                "PreSize": {
                  "X": 0.8308,
                  "Y": 0.68
                },
                "LeftMargin": 110.6804,
                "RightMargin": -0.6804,
                "TopMargin": 45.8022,
                "BottomMargin": 34.1978,
                "Tag": 572,
                "Children": [
                  {
                    "FontSize": 26,
                    "LabelText": "牛牛上庄牛牛上庄牛牛上庄",
                    "FontResource": {
                      "Type": "Normal",
                      "Path": "image/fonts/FZZY.TTF",
                      "Plist": ""
                    },
                    "OutlineColor": {
                      "G": 0,
                      "B": 0
                    },
                    "ShadowColor": {
                      "R": 110,
                      "G": 110,
                      "B": 110
                    },
                    "ShadowOffsetX": 2.0,
                    "ShadowOffsetY": -2.0,
                    "AnchorPoint": {
                      "ScaleX": 0.5,
                      "ScaleY": 0.5
                    },
                    "Position": {
                      "X": 170.5818,
                      "Y": 187.0684
                    },
                    "Scale": {
                      "ScaleX": 1.0,
                      "ScaleY": 1.0
                    },
                    "CColor": {},
                    "IconVisible": false,
                    "PrePosition": {
                      "X": 0.3159,
                      "Y": 1.1004
                    },
                    "PreSize": {
                      "X": 0.5833,
                      "Y": 0.1765
                    },
                    "LeftMargin": 13.0818,
                    "RightMargin": 211.9182,
                    "TopMargin": -32.0684,
                    "BottomMargin": 172.0684,
                    "Tag": 2180,
                    "ActionTag": 1026192037,
                    "Size": {
                      "X": 315.0,
                      "Y": 30.0
                    },
                    "Name": "fangzhuname",
                    "ctype": "TextObjectData"
                  },
                  {
                    "FontSize": 26,
                    "LabelText": "牛牛上庄牛牛上庄牛牛上庄",
                    "FontResource": {
                      "Type": "Normal",
                      "Path": "image/fonts/FZZY.TTF",
                      "Plist": ""
                    },
                    "OutlineColor": {
                      "G": 0,
                      "B": 0
                    },
                    "ShadowColor": {
                      "R": 110,
                      "G": 110,
                      "B": 110
                    },
                    "ShadowOffsetX": 2.0,
                    "ShadowOffsetY": -2.0,
                    "AnchorPoint": {
                      "ScaleX": 0.5,
                      "ScaleY": 0.5
                    },
                    "Position": {
                      "X": 187.0603,
                      "Y": 136.82
                    },
                    "Scale": {
                      "ScaleX": 1.0,
                      "ScaleY": 1.0
                    },
                    "CColor": {
                      "R": 92,
                      "G": 43,
                      "B": 18
                    },
                    "IconVisible": false,
                    "PrePosition": {
                      "X": 0.3464,
                      "Y": 0.8048
                    },
                    "PreSize": {
                      "X": 0.5833,
                      "Y": 0.1765
                    },
                    "LeftMargin": 29.5603,
                    "RightMargin": 195.4397,
                    "TopMargin": 18.18,
                    "BottomMargin": 121.82,
                    "Tag": 573,
                    "ActionTag": -1013857110,
                    "Size": {
                      "X": 315.0,
                      "Y": 30.0
                    },
                    "Name": "name",
                    "ctype": "TextObjectData"
                  },
                  {
                    "FileData": {
                      "Type": "Normal",
                      "Path": "image/ui/club/line.png",
                      "Plist": ""
                    },
                    "Scale9OriginX": 46,
                    "Scale9Width": 48,
                    "Scale9Height": 1,
                    "AnchorPoint": {
                      "ScaleX": 0.5,
                      "ScaleY": 0.5
                    },
                    "Position": {
                      "X": 270.0,
                      "Y": 115.0
                    },
                    "Scale": {
                      "ScaleX": 3.4,
                      "ScaleY": 1.0
                    },
                    "CColor": {},
                    "IconVisible": false,
                    "PositionPercentXEnabled": true,
                    "PrePosition": {
                      "X": 0.5,
                      "Y": 0.6765
                    },
                    "PreSize": {
                      "X": 0.2593,
                      "Y": 0.0059
                    },
                    "LeftMargin": 200.0,
                    "RightMargin": 200.0,
                    "TopMargin": 54.5,
                    "BottomMargin": 114.5,
                    "Tag": 102,
                    "ActionTag": -1724266019,
                    "Size": {
                      "X": 140.0,
                      "Y": 1.0
                    },
                    "Name": "line",
                    "ctype": "ImageViewObjectData"
                  },
                  {
                    "FontSize": 24,
                    "LabelText": "11111111111111111111",
                    "FontResource": {
                      "Type": "Normal",
                      "Path": "image/fonts/FZZY.TTF",
                      "Plist": ""
                    },
                    "VerticalAlignmentType": "VT_Center",
                    "OutlineColor": {
                      "G": 0,
                      "B": 0
                    },
                    "ShadowColor": {
                      "R": 110,
                      "G": 110,
                      "B": 110
                    },
                    "ShadowOffsetX": 2.0,
                    "ShadowOffsetY": -2.0,
                    "AnchorPoint": {
                      "ScaleY": 0.5
                    },
                    "Position": {
                      "X": 57.1432,
                      "Y": 80.8883
                    },
                    "Scale": {
                      "ScaleX": 1.0,
                      "ScaleY": 1.0
                    },
                    "CColor": {
                      "R": 127,
                      "G": 90,
                      "B": 85
                    },
                    "IconVisible": false,
                    "PrePosition": {
                      "X": 0.1058,
                      "Y": 0.4758
                    },
                    "PreSize": {
                      "X": 0.3,
                      "Y": 0.1588
                    },
                    "LeftMargin": 57.1432,
                    "RightMargin": 320.8568,
                    "TopMargin": 75.6117,
                    "BottomMargin": 67.3883,
                    "Tag": 583,
                    "ActionTag": -1647351356,
                    "Size": {
                      "X": 162.0,
                      "Y": 27.0
                    },
                    "Name": "fen",
                    "ctype": "TextObjectData"
                  },
                  {
                    "FontSize": 24,
                    "LabelText": "11111111111111111111",
                    "FontResource": {
                      "Type": "Normal",
                      "Path": "image/fonts/FZZY.TTF",
                      "Plist": ""
                    },
                    "VerticalAlignmentType": "VT_Center",
                    "OutlineColor": {
                      "G": 0,
                      "B": 0
                    },
                    "ShadowColor": {
                      "R": 110,
                      "G": 110,
                      "B": 110
                    },
                    "ShadowOffsetX": 2.0,
                    "ShadowOffsetY": -2.0,
                    "AnchorPoint": {
                      "ScaleY": 0.5
                    },
                    "Position": {
                      "X": 57.1432,
                      "Y": 41.9295
                    },
                    "Scale": {
                      "ScaleX": 1.0,
                      "ScaleY": 1.0
                    },
                    "CColor": {
                      "R": 127,
                      "G": 90,
                      "B": 85
                    },
                    "IconVisible": false,
                    "PrePosition": {
                      "X": 0.1058,
                      "Y": 0.2466
                    },
                    "PreSize": {
                      "X": 0.3,
                      "Y": 0.1588
                    },
                    "LeftMargin": 57.1432,
                    "RightMargin": 320.8568,
                    "TopMargin": 114.5705,
                    "BottomMargin": 28.4295,
                    "Tag": 584,
                    "ActionTag": 2048828088,
                    "Size": {
                      "X": 162.0,
                      "Y": 27.0
                    },
                    "Name": "fu",
                    "ctype": "TextObjectData"
                  },
                  {
                    "FontSize": 24,
                    "LabelText": "11111111111111111111",
                    "FontResource": {
                      "Type": "Normal",
                      "Path": "image/fonts/FZZY.TTF",
                      "Plist": ""
                    },
                    "VerticalAlignmentType": "VT_Center",
                    "OutlineColor": {
                      "G": 0,
                      "B": 0
                    },
                    "ShadowColor": {
                      "R": 110,
                      "G": 110,
                      "B": 110
                    },
                    "ShadowOffsetX": 2.0,
                    "ShadowOffsetY": -2.0,
                    "AnchorPoint": {
                      "ScaleY": 0.5
                    },
                    "Position": {
                      "X": 271.8757,
                      "Y": 80.8883
                    },
                    "Scale": {
                      "ScaleX": 1.0,
                      "ScaleY": 1.0
                    },
                    "CColor": {
                      "R": 127,
                      "G": 90,
                      "B": 85
                    },
                    "IconVisible": false,
                    "PrePosition": {
                      "X": 0.5035,
                      "Y": 0.4758
                    },
                    "PreSize": {
                      "X": 0.3,
                      "Y": 0.1588
                    },
                    "LeftMargin": 271.8757,
                    "RightMargin": 106.1243,
                    "TopMargin": 75.6117,
                    "BottomMargin": 67.3883,
                    "Tag": 585,
                    "ActionTag": 1685340674,
                    "Size": {
                      "X": 162.0,
                      "Y": 27.0
                    },
                    "Name": "ju",
                    "ctype": "TextObjectData"
                  },
                  {
                    "FontSize": 24,
                    "LabelText": "11111111111111111111",
                    "FontResource": {
                      "Type": "Normal",
                      "Path": "image/fonts/FZZY.TTF",
                      "Plist": ""
                    },
                    "VerticalAlignmentType": "VT_Center",
                    "OutlineColor": {
                      "G": 0,
                      "B": 0
                    },
                    "ShadowColor": {
                      "R": 110,
                      "G": 110,
                      "B": 110
                    },
                    "ShadowOffsetX": 2.0,
                    "ShadowOffsetY": -2.0,
                    "AnchorPoint": {
                      "ScaleY": 0.5
                    },
                    "Position": {
                      "X": 271.8757,
                      "Y": 41.9295
                    },
                    "Scale": {
                      "ScaleX": 1.0,
                      "ScaleY": 1.0
                    },
                    "CColor": {
                      "R": 127,
                      "G": 90,
                      "B": 85
                    },
                    "IconVisible": false,
                    "PrePosition": {
                      "X": 0.5035,
                      "Y": 0.2466
                    },
                    "PreSize": {
                      "X": 0.3,
                      "Y": 0.1588
                    },
                    "LeftMargin": 271.8757,
                    "RightMargin": 106.1243,
                    "TopMargin": 114.5705,
                    "BottomMargin": 28.4295,
                    "Tag": 586,
                    "ActionTag": 85177140,
                    "Size": {
                      "X": 162.0,
                      "Y": 27.0
                    },
                    "Name": "gui",
                    "ctype": "TextObjectData"
                  },
                  {
                    "FileData": {
                      "Type": "Normal",
                      "Path": "image/ui/club/bg_dian.png",
                      "Plist": ""
                    },
                    "Scale9OriginX": 8,
                    "Scale9OriginY": 8,
                    "Scale9Width": 10,
                    "Scale9Height": 10,
                    "AnchorPoint": {
                      "ScaleX": 0.5,
                      "ScaleY": 0.5
                    },
                    "Position": {
                      "X": 40.0009,
                      "Y": 82.9085
                    },
                    "Scale": {
                      "ScaleX": 1.0,
                      "ScaleY": 1.0
                    },
                    "CColor": {},
                    "IconVisible": false,
                    "PrePosition": {
                      "X": 0.0741,
                      "Y": 0.4877
                    },
                    "PreSize": {
                      "X": 0.0481,
                      "Y": 0.1529
                    },
                    "LeftMargin": 27.0009,
                    "RightMargin": 486.9991,
                    "TopMargin": 74.0915,
                    "BottomMargin": 69.9085,
                    "Tag": 103,
                    "Children": [
                      {
                        "FontSize": 20,
                        "LabelText": "分",
                        "FontResource": {
                          "Type": "Normal",
                          "Path": "image/fonts/FZZY.TTF",
                          "Plist": ""
                        },
                        "OutlineColor": {
                          "G": 0,
                          "B": 0
                        },
                        "ShadowColor": {
                          "R": 110,
                          "G": 110,
                          "B": 110
                        },
                        "ShadowOffsetX": 2.0,
                        "ShadowOffsetY": -2.0,
                        "AnchorPoint": {
                          "ScaleX": 0.5,
                          "ScaleY": 0.5
                        },
                        "Position": {
                          "X": 13.0,
                          "Y": 13.0
                        },
                        "Scale": {
                          "ScaleX": 1.0,
                          "ScaleY": 1.0
                        },
                        "CColor": {},
                        "IconVisible": false,
                        "PositionPercentXEnabled": true,
                        "PositionPercentYEnabled": true,
                        "PrePosition": {
                          "X": 0.5,
                          "Y": 0.5
                        },
                        "PreSize": {
                          "X": 0.8846,
                          "Y": 0.8846
                        },
                        "LeftMargin": 1.5,
                        "RightMargin": 1.5,
                        "TopMargin": 1.5,
                        "BottomMargin": 1.5,
                        "Tag": 579,
                        "ActionTag": -1099088749,
                        "Size": {
                          "X": 23.0,
                          "Y": 23.0
                        },
                        "Name": "name_0",
                        "ctype": "TextObjectData"
                      }
                    ],
                    "ActionTag": 344914578,
                    "Size": {
                      "X": 26.0,
                      "Y": 26.0
                    },
                    "Name": "dian1",
                    "ctype": "ImageViewObjectData"
                  },
                  {
                    "FileData": {
                      "Type": "Normal",
                      "Path": "image/ui/club/bg_dian.png",
                      "Plist": ""
                    },
                    "Scale9OriginX": 8,
                    "Scale9OriginY": 8,
                    "Scale9Width": 10,
                    "Scale9Height": 10,
                    "AnchorPoint": {
                      "ScaleX": 0.5,
                      "ScaleY": 0.5
                    },
                    "Position": {
                      "X": 40.0009,
                      "Y": 43.5959
                    },
                    "Scale": {
                      "ScaleX": 1.0,
                      "ScaleY": 1.0
                    },
                    "CColor": {},
                    "IconVisible": false,
                    "PrePosition": {
                      "X": 0.0741,
                      "Y": 0.2564
                    },
                    "PreSize": {
                      "X": 0.0481,
                      "Y": 0.1529
                    },
                    "LeftMargin": 27.0009,
                    "RightMargin": 486.9991,
                    "TopMargin": 113.4041,
                    "BottomMargin": 30.5959,
                    "Tag": 104,
                    "Children": [
                      {
                        "FontSize": 20,
                        "LabelText": "付",
                        "FontResource": {
                          "Type": "Normal",
                          "Path": "image/fonts/FZZY.TTF",
                          "Plist": ""
                        },
                        "OutlineColor": {
                          "G": 0,
                          "B": 0
                        },
                        "ShadowColor": {
                          "R": 110,
                          "G": 110,
                          "B": 110
                        },
                        "ShadowOffsetX": 2.0,
                        "ShadowOffsetY": -2.0,
                        "AnchorPoint": {
                          "ScaleX": 0.5,
                          "ScaleY": 0.5
                        },
                        "Position": {
                          "X": 13.0,
                          "Y": 13.0
                        },
                        "Scale": {
                          "ScaleX": 1.0,
                          "ScaleY": 1.0
                        },
                        "CColor": {},
                        "IconVisible": false,
                        "PositionPercentXEnabled": true,
                        "PositionPercentYEnabled": true,
                        "PrePosition": {
                          "X": 0.5,
                          "Y": 0.5
                        },
                        "PreSize": {
                          "X": 0.9231,
                          "Y": 0.8846
                        },
                        "LeftMargin": 1.0,
                        "RightMargin": 1.0,
                        "TopMargin": 1.5,
                        "BottomMargin": 1.5,
                        "Tag": 580,
                        "ActionTag": 2014024900,
                        "Size": {
                          "X": 24.0,
                          "Y": 23.0
                        },
                        "Name": "name_0_0",
                        "ctype": "TextObjectData"
                      }
                    ],
                    "ActionTag": 1834318040,
                    "Size": {
                      "X": 26.0,
                      "Y": 26.0
                    },
                    "Name": "dian1_0",
                    "ctype": "ImageViewObjectData"
                  },
                  {
                    "FileData": {
                      "Type": "Normal",
                      "Path": "image/ui/club/bg_dian.png",
                      "Plist": ""
                    },
                    "Scale9OriginX": 8,
                    "Scale9OriginY": 8,
                    "Scale9Width": 10,
                    "Scale9Height": 10,
                    "AnchorPoint": {
                      "ScaleX": 0.5,
                      "ScaleY": 0.5
                    },
                    "Position": {
                      "X": 254.0178,
                      "Y": 82.9085
                    },
                    "Scale": {
                      "ScaleX": 1.0,
                      "ScaleY": 1.0
                    },
                    "CColor": {},
                    "IconVisible": false,
                    "PrePosition": {
                      "X": 0.4704,
                      "Y": 0.4877
                    },
                    "PreSize": {
                      "X": 0.0481,
                      "Y": 0.1529
                    },
                    "LeftMargin": 241.0178,
                    "RightMargin": 272.9822,
                    "TopMargin": 74.0915,
                    "BottomMargin": 69.9085,
                    "Tag": 105,
                    "Children": [
                      {
                        "FontSize": 20,
                        "LabelText": "局",
                        "FontResource": {
                          "Type": "Normal",
                          "Path": "image/fonts/FZZY.TTF",
                          "Plist": ""
                        },
                        "OutlineColor": {
                          "G": 0,
                          "B": 0
                        },
                        "ShadowColor": {
                          "R": 110,
                          "G": 110,
                          "B": 110
                        },
                        "ShadowOffsetX": 2.0,
                        "ShadowOffsetY": -2.0,
                        "AnchorPoint": {
                          "ScaleX": 0.5,
                          "ScaleY": 0.5
                        },
                        "Position": {
                          "X": 13.0,
                          "Y": 13.0
                        },
                        "Scale": {
                          "ScaleX": 1.0,
                          "ScaleY": 1.0
                        },
                        "CColor": {},
                        "IconVisible": false,
                        "PositionPercentXEnabled": true,
                        "PositionPercentYEnabled": true,
                        "PrePosition": {
                          "X": 0.5,
                          "Y": 0.5
                        },
                        "PreSize": {
                          "X": 0.8846,
                          "Y": 0.8846
                        },
                        "LeftMargin": 1.5,
                        "RightMargin": 1.5,
                        "TopMargin": 1.5,
                        "BottomMargin": 1.5,
                        "Tag": 581,
                        "ActionTag": 1829786431,
                        "Size": {
                          "X": 23.0,
                          "Y": 23.0
                        },
                        "Name": "name_0_0",
                        "ctype": "TextObjectData"
                      }
                    ],
                    "ActionTag": 578903426,
                    "Size": {
                      "X": 26.0,
                      "Y": 26.0
                    },
                    "Name": "dian1_1",
                    "ctype": "ImageViewObjectData"
                  },
                  {
                    "FileData": {
                      "Type": "Normal",
                      "Path": "image/ui/club/bg_dian.png",
                      "Plist": ""
                    },
                    "Scale9OriginX": 8,
                    "Scale9OriginY": 8,
                    "Scale9Width": 10,
                    "Scale9Height": 10,
                    "AnchorPoint": {
                      "ScaleX": 0.5,
                      "ScaleY": 0.5
                    },
                    "Position": {
                      "X": 254.0178,
                      "Y": 43.5959
                    },
                    "Scale": {
                      "ScaleX": 1.0,
                      "ScaleY": 1.0
                    },
                    "CColor": {},
                    "IconVisible": false,
                    "PrePosition": {
                      "X": 0.4704,
                      "Y": 0.2564
                    },
                    "PreSize": {
                      "X": 0.0481,
                      "Y": 0.1529
                    },
                    "LeftMargin": 241.0178,
                    "RightMargin": 272.9822,
                    "TopMargin": 113.4041,
                    "BottomMargin": 30.5959,
                    "Tag": 106,
                    "Children": [
                      {
                        "FontSize": 20,
                        "LabelText": "规",
                        "FontResource": {
                          "Type": "Normal",
                          "Path": "image/fonts/FZZY.TTF",
                          "Plist": ""
                        },
                        "OutlineColor": {
                          "G": 0,
                          "B": 0
                        },
                        "ShadowColor": {
                          "R": 110,
                          "G": 110,
                          "B": 110
                        },
                        "ShadowOffsetX": 2.0,
                        "ShadowOffsetY": -2.0,
                        "AnchorPoint": {
                          "ScaleX": 0.5,
                          "ScaleY": 0.5
                        },
                        "Position": {
                          "X": 13.0,
                          "Y": 13.0
                        },
                        "Scale": {
                          "ScaleX": 1.0,
                          "ScaleY": 1.0
                        },
                        "CColor": {},
                        "IconVisible": false,
                        "PositionPercentXEnabled": true,
                        "PositionPercentYEnabled": true,
                        "PrePosition": {
                          "X": 0.5,
                          "Y": 0.5
                        },
                        "PreSize": {
                          "X": 0.8846,
                          "Y": 0.8846
                        },
                        "LeftMargin": 1.5,
                        "RightMargin": 1.5,
                        "TopMargin": 1.5,
                        "BottomMargin": 1.5,
                        "Tag": 582,
                        "ActionTag": 1297013062,
                        "Size": {
                          "X": 23.0,
                          "Y": 23.0
                        },
                        "Name": "name_0_0",
                        "ctype": "TextObjectData"
                      }
                    ],
                    "ActionTag": 1518867953,
                    "Size": {
                      "X": 26.0,
                      "Y": 26.0
                    },
                    "Name": "dian1_2",
                    "ctype": "ImageViewObjectData"
                  }
                ],
                "ActionTag": -884946719,
                "Size": {
                  "X": 540.0,
                  "Y": 170.0
                },
                "Name": "bg",
                "ctype": "ImageViewObjectData"
              },
              {
                "FileData": {
                  "Type": "Normal",
                  "Path": "image/ui/club/bg_qunmp.png",
                  "Plist": ""
                },
                "Scale9OriginX": 27,
                "Scale9OriginY": 27,
                "Scale9Width": 8,
                "Scale9Height": 8,
                "AnchorPoint": {
                  "ScaleX": 0.5,
                  "ScaleY": 0.5
                },
                "Position": {
                  "X": 57.5349,
                  "Y": 194.7524
                },
                "Scale": {
                  "ScaleX": 1.0,
                  "ScaleY": 1.0
                },
                "CColor": {},
                "IconVisible": false,
                "PrePosition": {
                  "X": 0.0885,
                  "Y": 0.779
                },
                "PreSize": {
                  "X": 0.1262,
                  "Y": 0.328
                },
                "LeftMargin": 16.5349,
                "RightMargin": 551.4651,
                "TopMargin": 14.2476,
                "BottomMargin": 153.7524,
                "Tag": 568,
                "ActionTag": 1468433627,
                "Size": {
                  "X": 82.0,
                  "Y": 82.0
                },
                "Name": "headbg",
                "ctype": "ImageViewObjectData"
              },
              {
                "FileData": {
                  "Type": "Normal",
                  "Path": "image/defaultHead.jpg",
                  "Plist": ""
                },
                "Scale9OriginX": 43,
                "Scale9OriginY": 43,
                "Scale9Width": 46,
                "Scale9Height": 46,
                "AnchorPoint": {
                  "ScaleX": 0.5,
                  "ScaleY": 0.5
                },
                "Position": {
                  "X": 56.7688,
                  "Y": 195.4702
                },
                "Scale": {
                  "ScaleX": 0.55,
                  "ScaleY": 0.55
                },
                "CColor": {},
                "IconVisible": false,
                "PrePosition": {
                  "X": 0.0873,
                  "Y": 0.7819
                },
                "PreSize": {
                  "X": 0.2031,
                  "Y": 0.528
                },
                "LeftMargin": -9.2312,
                "RightMargin": 527.2312,
                "TopMargin": -11.4702,
                "BottomMargin": 129.4702,
                "Tag": 569,
                "ActionTag": -66357330,
                "Size": {
                  "X": 132.0,
                  "Y": 132.0
                },
                "Name": "head",
                "ctype": "ImageViewObjectData"
              }
            ],
            "ActionTag": -1639744513,
            "Size": {
              "X": 650.0,
              "Y": 250.0
            },
            "Name": "row",
            "ctype": "PanelObjectData"
          }
        ],
        "Size": {
          "X": 650.0,
          "Y": 250.0
        },
        "Name": "Layer",
        "ctype": "LayerObjectData"
      },
      "UsedResources": [
        "../../image/defaultHead.jpg",
        "../../image/fonts/FZZY.TTF",
        "../../image/ui/club/bg_dian.png",
        "../../image/ui/club/bg_kuang2.png",
        "../../image/ui/club/bg_qunmp.png",
        "../../image/ui/club/line.png"
      ],
      "ctype": "GameFileData"
    }
  },
  "Type": "Layer"
}