{
  "ID": "ea250a05-f856-4c0b-a7de-c4b14276c36f",
  "Version": "3.10.0.0",
  "Name": "UserItem",
  "Content": {
    "Content": {
      "Animation": {
        "Duration": 0,
        "Speed": 1.0,
        "Timelines": [],
        "ctype": "TimelineActionData"
      },
      "AnimationList": [],
      "ObjectData": {
        "Tag": 532,
        "Children": [
          {
            "ClipAble": false,
            "BackColorAlpha": 102,
            "SingleColor": {
              "R": 150,
              "G": 200
            },
            "FirstColor": {
              "R": 150,
              "G": 200
            },
            "EndColor": {},
            "ColorVector": {
              "ScaleY": 1.0
            },
            "Scale9Width": 1,
            "Scale9Height": 1,
            "AnchorPoint": {},
            "Position": {
              "X": 0.0,
              "Y": 0.0
            },
            "Scale": {
              "ScaleX": 1.0,
              "ScaleY": 1.0
            },
            "CColor": {},
            "IconVisible": false,
            "PrePosition": {
              "X": 0.0,
              "Y": 0.0
            },
            "PreSize": {
              "X": 1.0,
              "Y": 1.0
            },
            "Tag": 540,
            "Children": [
              {
                "FileData": {
                  "Type": "Normal",
                  "Path": "image/ui/club/line.png",
                  "Plist": ""
                },
                "BlendFunc": {
                  "Src": 770,
                  "Dst": 771
                },
                "AnchorPoint": {
                  "ScaleX": 0.5,
                  "ScaleY": 0.5
                },
                "Position": {
                  "X": 155.0,
                  "Y": 5.0
                },
                "Scale": {
                  "ScaleX": 2.1,
                  "ScaleY": 1.0
                },
                "CColor": {},
                "IconVisible": false,
                "PositionPercentXEnabled": true,
                "PrePosition": {
                  "X": 0.5,
                  "Y": 0.0556
                },
                "PreSize": {
                  "X": 0.4516,
                  "Y": 0.0111
                },
                "LeftMargin": 85.0,
                "RightMargin": 85.0,
                "TopMargin": 84.5,
                "BottomMargin": 4.5,
                "Tag": 560,
                "ActionTag": 1234744868,
                "Size": {
                  "X": 140.0,
                  "Y": 1.0
                },
                "Name": "line",
                "ctype": "SpriteObjectData"
              },
              {
                "FontSize": 24,
                "LabelText": "名字可以有八字_",
                "FontResource": {
                  "Type": "Normal",
                  "Path": "image/fonts/FZZY.TTF",
                  "Plist": ""
                },
                "VerticalAlignmentType": "VT_Center",
                "OutlineColor": {},
                "ShadowColor": {},
                "ShadowOffsetX": 1.0,
                "ShadowOffsetY": -1.0,
                "AnchorPoint": {
                  "ScaleY": 0.5
                },
                "Position": {
                  "X": 74.1587,
                  "Y": 29.6161
                },
                "Scale": {
                  "ScaleX": 1.0,
                  "ScaleY": 1.0
                },
                "CColor": {
                  "R": 127,
                  "G": 90,
                  "B": 85
                },
                "IconVisible": false,
                "PrePosition": {
                  "X": 0.2392,
                  "Y": 0.3291
                },
                "PreSize": {
                  "X": 0.5935,
                  "Y": 0.3
                },
                "LeftMargin": 74.1587,
                "RightMargin": 51.8413,
                "TopMargin": 46.8839,
                "BottomMargin": 16.1161,
                "Tag": 555,
                "ActionTag": 1035606044,
                "Size": {
                  "X": 184.0,
                  "Y": 27.0
                },
                "Name": "id",
                "ctype": "TextObjectData"
              },
              {
                "FontSize": 24,
                "LabelText": "名字可以有八字_",
                "FontResource": {
                  "Type": "Normal",
                  "Path": "image/fonts/FZZY.TTF",
                  "Plist": ""
                },
                "VerticalAlignmentType": "VT_Center",
                "OutlineColor": {},
                "ShadowColor": {},
                "ShadowOffsetX": 1.0,
                "ShadowOffsetY": -1.0,
                "AnchorPoint": {
                  "ScaleY": 0.5
                },
                "Position": {
                  "X": 74.1587,
                  "Y": 60.7101
                },
                "Scale": {
                  "ScaleX": 1.0,
                  "ScaleY": 1.0
                },
                "CColor": {
                  "R": 127,
                  "G": 90,
                  "B": 85
                },
                "IconVisible": false,
                "PrePosition": {
                  "X": 0.2392,
                  "Y": 0.6746
                },
                "PreSize": {
                  "X": 0.5935,
                  "Y": 0.3
                },
                "LeftMargin": 74.1587,
                "RightMargin": 51.8413,
                "TopMargin": 15.7899,
                "BottomMargin": 47.2101,
                "Tag": 556,
                "ActionTag": -1862823843,
                "Size": {
                  "X": 184.0,
                  "Y": 27.0
                },
                "Name": "name",
                "ctype": "TextObjectData"
              },
              {
                "FileData": {
                  "Type": "Normal",
                  "Path": "image/ui/club/bg_qunmp.png",
                  "Plist": ""
                },
                "Scale9OriginX": 27,
                "Scale9OriginY": 27,
                "Scale9Width": 8,
                "Scale9Height": 8,
                "AnchorPoint": {
                  "ScaleX": 0.5,
                  "ScaleY": 0.5
                },
                "Position": {
                  "X": 40.5652,
                  "Y": 47.0194
                },
                "Scale": {
                  "ScaleX": 1.0,
                  "ScaleY": 1.0
                },
                "CColor": {},
                "IconVisible": false,
                "PrePosition": {
                  "X": 0.1309,
                  "Y": 0.5224
                },
                "PreSize": {
                  "X": 0.2,
                  "Y": 0.6889
                },
                "LeftMargin": 9.5652,
                "RightMargin": 238.4348,
                "TopMargin": 11.9806,
                "BottomMargin": 16.0194,
                "Tag": 558,
                "ActionTag": -991871227,
                "Size": {
                  "X": 62.0,
                  "Y": 62.0
                },
                "Name": "headbg",
                "ctype": "ImageViewObjectData"
              },
              {
                "FileData": {
                  "Type": "Normal",
                  "Path": "image/defaultHead.jpg",
                  "Plist": ""
                },
                "Scale9OriginX": 43,
                "Scale9OriginY": 43,
                "Scale9Width": 46,
                "Scale9Height": 46,
                "AnchorPoint": {
                  "ScaleX": 0.5,
                  "ScaleY": 0.5
                },
                "Position": {
                  "X": 40.799,
                  "Y": 47.7372
                },
                "Scale": {
                  "ScaleX": 0.43,
                  "ScaleY": 0.43
                },
                "CColor": {},
                "IconVisible": false,
                "PrePosition": {
                  "X": 0.1316,
                  "Y": 0.5304
                },
                "PreSize": {
                  "X": 0.4258,
                  "Y": 1.4667
                },
                "LeftMargin": -25.201,
                "RightMargin": 203.201,
                "TopMargin": -23.7372,
                "BottomMargin": -18.2628,
                "Tag": 557,
                "ActionTag": 17297933,
                "Size": {
                  "X": 132.0,
                  "Y": 132.0
                },
                "Name": "head",
                "ctype": "ImageViewObjectData"
              },
              {
                "FileData": {
                  "Type": "Normal",
                  "Path": "image/ui/club/icon_qunzhu.png",
                  "Plist": ""
                },
                "BlendFunc": {
                  "Src": 1,
                  "Dst": 771
                },
                "AnchorPoint": {
                  "ScaleX": 0.5,
                  "ScaleY": 0.5
                },
                "Position": {
                  "X": 27.8593,
                  "Y": 59.7991
                },
                "Scale": {
                  "ScaleX": 1.0,
                  "ScaleY": 1.0
                },
                "CColor": {},
                "IconVisible": false,
                "PrePosition": {
                  "X": 0.0899,
                  "Y": 0.6644
                },
                "PreSize": {
                  "X": 0.1839,
                  "Y": 0.6444
                },
                "LeftMargin": -0.6407,
                "RightMargin": 253.6407,
                "TopMargin": 1.2009,
                "BottomMargin": 30.7991,
                "Tag": 595,
                "ActionTag": -388822564,
                "Size": {
                  "X": 57.0,
                  "Y": 58.0
                },
                "Name": "qunzhu",
                "ctype": "SpriteObjectData"
              }
            ],
            "ActionTag": 236992461,
            "Size": {
              "X": 310.0,
              "Y": 90.0
            },
            "Name": "row",
            "ctype": "PanelObjectData"
          }
        ],
        "Size": {
          "X": 310.0,
          "Y": 90.0
        },
        "Name": "Layer",
        "ctype": "LayerObjectData"
      },
      "UsedResources": [
        "../../image/defaultHead.jpg",
        "../../image/fonts/FZZY.TTF",
        "../../image/ui/club/bg_qunmp.png",
        "../../image/ui/club/icon_qunzhu.png",
        "../../image/ui/club/line.png"
      ],
      "ctype": "GameFileData"
    }
  },
  "Type": "Layer"
}