{
  "ID": "fde470cc-8dec-4ae5-a279-90b26e0f9116",
  "Version": "2.3.4",
  "Name": "MatchShareTipLayer",
  "Content": {
    "Content": {
      "Animation": {
        "Duration": 0,
        "Speed": 1.0,
        "Timelines": [],
        "ctype": "TimelineActionData"
      },
      "AnimationList": [],
      "ObjectData": {
        "Tag": 220,
        "Children": [
          {
            "ClipAble": false,
            "BackColorAlpha": 102,
            "ComboBoxIndex": 1,
            "SingleColor": {
              "R": 0,
              "G": 0,
              "B": 0
            },
            "FirstColor": {
              "R": 150,
              "G": 200
            },
            "EndColor": {},
            "ColorVector": {
              "ScaleY": 1.0
            },
            "Scale9Width": 1,
            "Scale9Height": 1,
            "TouchEnable": true,
            "AnchorPoint": {},
            "Position": {
              "X": 0.0,
              "Y": 0.0
            },
            "Scale": {
              "ScaleX": 1.0,
              "ScaleY": 1.0
            },
            "CColor": {},
            "IconVisible": false,
            "PrePosition": {
              "X": 0.0,
              "Y": 0.0
            },
            "PreSize": {
              "X": 1.0,
              "Y": 1.0
            },
            "Tag": 221,
            "ActionTag": 656338880,
            "Size": {
              "X": 1280.0,
              "Y": 720.0
            },
            "Name": "root",
            "ctype": "PanelObjectData"
          },
          {
            "FileData": {
              "Type": "Normal",
              "Path": "image/match/bsksbg.png",
              "Plist": ""
            },
            "BlendFunc": {
              "Src": 1,
              "Dst": 771
            },
            "AnchorPoint": {
              "ScaleX": 0.5,
              "ScaleY": 0.5
            },
            "Position": {
              "X": 640.0,
              "Y": 360.0
            },
            "Scale": {
              "ScaleX": 1.0,
              "ScaleY": 1.0
            },
            "CColor": {},
            "IconVisible": false,
            "PositionPercentXEnabled": true,
            "PositionPercentYEnabled": true,
            "PrePosition": {
              "X": 0.5,
              "Y": 0.5
            },
            "PreSize": {
              "X": 0.5328,
              "Y": 0.6111
            },
            "LeftMargin": 299.0,
            "RightMargin": 299.0,
            "TopMargin": 140.0,
            "BottomMargin": 140.0,
            "Tag": 222,
            "ActionTag": 225789882,
            "Size": {
              "X": 682.0,
              "Y": 440.0
            },
            "Name": "Sprite_1",
            "ctype": "SpriteObjectData"
          },
          {
            "FileData": {
              "Type": "Normal",
              "Path": "image/match/matchtishi.png",
              "Plist": ""
            },
            "BlendFunc": {
              "Src": 1,
              "Dst": 771
            },
            "AnchorPoint": {
              "ScaleX": 0.5,
              "ScaleY": 0.5
            },
            "Position": {
              "X": 640.0,
              "Y": 532.0
            },
            "Scale": {
              "ScaleX": 1.0,
              "ScaleY": 1.0
            },
            "CColor": {},
            "IconVisible": false,
            "PositionPercentXEnabled": true,
            "PrePosition": {
              "X": 0.5,
              "Y": 0.7389
            },
            "PreSize": {
              "X": 0.093,
              "Y": 0.0986
            },
            "LeftMargin": 580.5,
            "RightMargin": 580.5,
            "TopMargin": 152.5,
            "BottomMargin": 496.5,
            "Tag": 25,
            "ActionTag": -1607946345,
            "Size": {
              "X": 119.0,
              "Y": 71.0
            },
            "Name": "Sprite_8",
            "ctype": "SpriteObjectData"
          },
          {
            "FontSize": 36,
            "LabelText": "本场比赛分享之后就能报名成功哦！",
            "OutlineColor": {
              "G": 0,
              "B": 0
            },
            "ShadowColor": {
              "R": 110,
              "G": 110,
              "B": 110
            },
            "ShadowOffsetX": 2.0,
            "ShadowOffsetY": -2.0,
            "AnchorPoint": {
              "ScaleX": 0.5,
              "ScaleY": 0.5
            },
            "Position": {
              "X": 640.0,
              "Y": 388.0
            },
            "Scale": {
              "ScaleX": 1.0,
              "ScaleY": 1.0
            },
            "CColor": {
              "R": 68,
              "G": 127,
              "B": 213
            },
            "IconVisible": false,
            "PositionPercentXEnabled": true,
            "PrePosition": {
              "X": 0.5,
              "Y": 0.5389
            },
            "PreSize": {
              "X": 0.45,
              "Y": 0.0583
            },
            "LeftMargin": 352.0,
            "RightMargin": 352.0,
            "TopMargin": 311.0,
            "BottomMargin": 367.0,
            "Tag": 9,
            "ActionTag": -428576884,
            "Size": {
              "X": 576.0,
              "Y": 42.0
            },
            "Name": "Text_1",
            "ctype": "TextObjectData"
          },
          {
            "FileData": {
              "Type": "Normal",
              "Path": "image/match/fxbm.png",
              "Plist": ""
            },
            "BlendFunc": {
              "Src": 1,
              "Dst": 771
            },
            "AnchorPoint": {
              "ScaleX": 0.5,
              "ScaleY": 0.5
            },
            "Position": {
              "X": 640.0,
              "Y": 234.0005
            },
            "Scale": {
              "ScaleX": 1.0,
              "ScaleY": 1.0
            },
            "CColor": {},
            "IconVisible": false,
            "PositionPercentXEnabled": true,
            "PrePosition": {
              "X": 0.5,
              "Y": 0.325
            },
            "PreSize": {
              "X": 0.193,
              "Y": 0.1153
            },
            "LeftMargin": 516.5,
            "RightMargin": 516.5,
            "TopMargin": 444.4995,
            "BottomMargin": 192.5005,
            "Tag": 224,
            "ActionTag": 254200305,
            "Size": {
              "X": 247.0,
              "Y": 83.0
            },
            "Name": "btn_fx",
            "ctype": "SpriteObjectData"
          },
          {
            "FileData": {
              "Type": "Normal",
              "Path": "image/match/btnclose.png",
              "Plist": ""
            },
            "BlendFunc": {
              "Src": 1,
              "Dst": 771
            },
            "AnchorPoint": {
              "ScaleX": 0.5,
              "ScaleY": 0.5
            },
            "Position": {
              "X": 966.0004,
              "Y": 509.0
            },
            "Scale": {
              "ScaleX": 1.0,
              "ScaleY": 1.0
            },
            "CColor": {},
            "IconVisible": false,
            "PrePosition": {
              "X": 0.7547,
              "Y": 0.7069
            },
            "PreSize": {
              "X": 0.0531,
              "Y": 0.0944
            },
            "LeftMargin": 932.0004,
            "RightMargin": 279.9996,
            "TopMargin": 177.0,
            "BottomMargin": 475.0,
            "Tag": 225,
            "ActionTag": 1426941160,
            "Size": {
              "X": 68.0,
              "Y": 68.0
            },
            "Name": "btn_close",
            "ctype": "SpriteObjectData"
          }
        ],
        "Size": {
          "X": 1280.0,
          "Y": 720.0
        },
        "Name": "Layer",
        "ctype": "LayerObjectData"
      },
      "UsedResources": [
        "../../image/match/bsksbg.png",
        "../../image/match/btnclose.png",
        "../../image/match/fxbm.png",
        "../../image/match/matchtishi.png"
      ],
      "ctype": "GameFileData"
    }
  },
  "Type": "Layer"
}