{
  "ID": "00b261c7-1d26-4197-967a-ee5a3f153917",
  "Version": "2.3.4",
  "Name": "MatchItem",
  "Content": {
    "Content": {
      "Animation": {
        "Duration": 0,
        "Speed": 1.0,
        "Timelines": [],
        "ctype": "TimelineActionData"
      },
      "AnimationList": [],
      "ObjectData": {
        "Tag": 208,
        "Children": [
          {
            "FileData": {
              "Type": "Normal",
              "Path": "image/match/bsitem2.png",
              "Plist": ""
            },
            "BlendFunc": {
              "Src": 1,
              "Dst": 771
            },
            "AnchorPoint": {
              "ScaleX": 0.5,
              "ScaleY": 0.5
            },
            "Position": {
              "X": 574.0,
              "Y": 81.9997
            },
            "Scale": {
              "ScaleX": 1.0,
              "ScaleY": 1.0
            },
            "CColor": {},
            "IconVisible": false,
            "PositionPercentXEnabled": true,
            "PrePosition": {
              "X": 0.5,
              "Y": 0.5467
            },
            "PreSize": {
              "X": 1.0,
              "Y": 0.9
            },
            "TopMargin": 0.5003,
            "BottomMargin": 14.4997,
            "Tag": 209,
            "ActionTag": 683829952,
            "Size": {
              "X": 1148.0,
              "Y": 135.0
            },
            "Name": "bg",
            "ctype": "SpriteObjectData"
          },
          {
            "FileData": {
              "Type": "Normal",
              "Path": "image/match/bsiconbg.png",
              "Plist": ""
            },
            "BlendFunc": {
              "Src": 1,
              "Dst": 771
            },
            "AnchorPoint": {
              "ScaleX": 0.5,
              "ScaleY": 0.5
            },
            "Position": {
              "X": 110.2563,
              "Y": 78.05
            },
            "Scale": {
              "ScaleX": 1.0,
              "ScaleY": 1.0
            },
            "CColor": {},
            "IconVisible": false,
            "PrePosition": {
              "X": 0.096,
              "Y": 0.5203
            },
            "PreSize": {
              "X": 0.1124,
              "Y": 0.7533
            },
            "LeftMargin": 45.7563,
            "RightMargin": 973.2437,
            "TopMargin": 15.45,
            "BottomMargin": 21.55,
            "Tag": 210,
            "ActionTag": 971756979,
            "Size": {
              "X": 129.0,
              "Y": 113.0
            },
            "VisibleForFrame": false,
            "Name": "icon",
            "ctype": "SpriteObjectData"
          },
          {
            "FontSize": 35,
            "LabelText": "三人免费房卡赛房卡赛",
            "FontResource": {
              "Type": "Normal",
              "Path": "image/fonts/FZZY.TTF",
              "Plist": ""
            },
            "OutlineColor": {
              "G": 0,
              "B": 0
            },
            "ShadowColor": {
              "R": 110,
              "G": 110,
              "B": 110
            },
            "ShadowOffsetX": 2.0,
            "ShadowOffsetY": -2.0,
            "AnchorPoint": {},
            "Position": {
              "X": 211.9986,
              "Y": 89.9997
            },
            "Scale": {
              "ScaleX": 1.0,
              "ScaleY": 1.0
            },
            "CColor": {
              "R": 215,
              "G": 128,
              "B": 26
            },
            "IconVisible": false,
            "PrePosition": {
              "X": 0.1847,
              "Y": 0.6
            },
            "PreSize": {
              "X": 0.3084,
              "Y": 0.2667
            },
            "LeftMargin": 211.9986,
            "RightMargin": 582.0014,
            "TopMargin": 20.0003,
            "BottomMargin": 89.9997,
            "Tag": 214,
            "ActionTag": -628815413,
            "Size": {
              "X": 354.0,
              "Y": 40.0
            },
            "Name": "bstitle",
            "ctype": "TextObjectData"
          },
          {
            "FileData": {
              "Type": "Normal",
              "Path": "image/match/jiugongge.png",
              "Plist": ""
            },
            "Scale9Enable": true,
            "Scale9OriginX": 11,
            "Scale9OriginY": 11,
            "Scale9Width": 13,
            "Scale9Height": 14,
            "AnchorPoint": {
              "ScaleX": 0.5,
              "ScaleY": 0.5
            },
            "Position": {
              "X": 765.0,
              "Y": 85.0
            },
            "Scale": {
              "ScaleX": 1.0,
              "ScaleY": 1.0
            },
            "CColor": {},
            "IconVisible": false,
            "PrePosition": {
              "X": 0.6664,
              "Y": 0.5667
            },
            "PreSize": {
              "X": 0.2352,
              "Y": 0.8
            },
            "LeftMargin": 630.0,
            "RightMargin": 248.0,
            "TopMargin": 5.0,
            "BottomMargin": 25.0,
            "Tag": 147,
            "ActionTag": -734914650,
            "Size": {
              "X": 270.0,
              "Y": 120.0
            },
            "Name": "Image_1",
            "ctype": "ImageViewObjectData"
          },
          {
            "AnchorPoint": {},
            "Position": {
              "X": 627.0005,
              "Y": 31.0
            },
            "Scale": {
              "ScaleX": 1.0,
              "ScaleY": 1.0
            },
            "CColor": {},
            "IconVisible": true,
            "PrePosition": {
              "X": 0.5462,
              "Y": 0.2067
            },
            "PreSize": {
              "X": 0.0,
              "Y": 0.0
            },
            "LeftMargin": 627.0005,
            "RightMargin": 520.9995,
            "TopMargin": 119.0,
            "BottomMargin": 31.0,
            "Tag": 148,
            "Children": [
              {
                "FontSize": 26,
                "LabelText": "报名时间详细信息信信",
                "OutlineColor": {
                  "G": 0,
                  "B": 0
                },
                "ShadowColor": {
                  "R": 110,
                  "G": 110,
                  "B": 110
                },
                "ShadowOffsetX": 2.0,
                "ShadowOffsetY": -2.0,
                "AnchorPoint": {},
                "Position": {
                  "X": 8.0001,
                  "Y": 74.0
                },
                "Scale": {
                  "ScaleX": 1.0,
                  "ScaleY": 1.0
                },
                "CColor": {
                  "R": 103,
                  "G": 141,
                  "B": 196
                },
                "IconVisible": false,
                "PrePosition": {
                  "X": 0.0,
                  "Y": 0.0
                },
                "PreSize": {
                  "X": 0.0,
                  "Y": 0.0
                },
                "LeftMargin": 8.0001,
                "RightMargin": -268.0001,
                "TopMargin": -105.0,
                "BottomMargin": 74.0,
                "Tag": 219,
                "ActionTag": 286195019,
                "Size": {
                  "X": 260.0,
                  "Y": 31.0
                },
                "Name": "ms1",
                "ctype": "TextObjectData"
              },
              {
                "FontSize": 26,
                "LabelText": "报名时间详细信息信信",
                "OutlineColor": {
                  "G": 0,
                  "B": 0
                },
                "ShadowColor": {
                  "R": 110,
                  "G": 110,
                  "B": 110
                },
                "ShadowOffsetX": 2.0,
                "ShadowOffsetY": -2.0,
                "AnchorPoint": {},
                "Position": {
                  "X": 8.0,
                  "Y": 38.0001
                },
                "Scale": {
                  "ScaleX": 1.0,
                  "ScaleY": 1.0
                },
                "CColor": {
                  "R": 103,
                  "G": 141,
                  "B": 196
                },
                "IconVisible": false,
                "PrePosition": {
                  "X": 0.0,
                  "Y": 0.0
                },
                "PreSize": {
                  "X": 0.0,
                  "Y": 0.0
                },
                "LeftMargin": 8.0,
                "RightMargin": -268.0,
                "TopMargin": -69.0001,
                "BottomMargin": 38.0001,
                "Tag": 220,
                "ActionTag": 1186850971,
                "Size": {
                  "X": 260.0,
                  "Y": 31.0
                },
                "Name": "ms2",
                "ctype": "TextObjectData"
              },
              {
                "FontSize": 26,
                "LabelText": "报名时间详细信息信信",
                "OutlineColor": {
                  "G": 0,
                  "B": 0
                },
                "ShadowColor": {
                  "R": 110,
                  "G": 110,
                  "B": 110
                },
                "ShadowOffsetX": 2.0,
                "ShadowOffsetY": -2.0,
                "AnchorPoint": {},
                "Position": {
                  "X": 8.0,
                  "Y": 2.0
                },
                "Scale": {
                  "ScaleX": 1.0,
                  "ScaleY": 1.0
                },
                "CColor": {
                  "R": 103,
                  "G": 141,
                  "B": 196
                },
                "IconVisible": false,
                "PrePosition": {
                  "X": 0.0,
                  "Y": 0.0
                },
                "PreSize": {
                  "X": 0.0,
                  "Y": 0.0
                },
                "LeftMargin": 8.0,
                "RightMargin": -268.0,
                "TopMargin": -33.0,
                "BottomMargin": 2.0,
                "Tag": 221,
                "ActionTag": -396576470,
                "Size": {
                  "X": 260.0,
                  "Y": 31.0
                },
                "Name": "ms3",
                "ctype": "TextObjectData"
              }
            ],
            "ActionTag": 187591854,
            "Size": {
              "X": 0.0,
              "Y": 0.0
            },
            "Name": "miaoshu",
            "ctype": "SingleNodeObjectData"
          },
          {
            "FileData": {
              "Type": "Normal",
              "Path": "image/match/mianfei2.png",
              "Plist": ""
            },
            "BlendFunc": {
              "Src": 1,
              "Dst": 771
            },
            "AnchorPoint": {
              "ScaleX": 0.5,
              "ScaleY": 0.5
            },
            "Position": {
              "X": 84.368,
              "Y": 82.0001
            },
            "Scale": {
              "ScaleX": 1.0,
              "ScaleY": 1.0
            },
            "CColor": {},
            "IconVisible": false,
            "PrePosition": {
              "X": 0.0735,
              "Y": 0.5467
            },
            "PreSize": {
              "X": 0.1089,
              "Y": 0.8867
            },
            "LeftMargin": 21.868,
            "RightMargin": 1001.132,
            "TopMargin": 1.4999,
            "BottomMargin": 15.5001,
            "Tag": 192,
            "ActionTag": -826571471,
            "Size": {
              "X": 125.0,
              "Y": 133.0
            },
            "Name": "bsicon",
            "ctype": "SpriteObjectData"
          },
          {
            "FontSize": 26,
            "LabelText": "襄阳卡五星卡五星卡五星",
            "OutlineColor": {
              "G": 0,
              "B": 0
            },
            "ShadowColor": {
              "R": 110,
              "G": 110,
              "B": 110
            },
            "ShadowOffsetX": 2.0,
            "ShadowOffsetY": -2.0,
            "AnchorPoint": {},
            "Position": {
              "X": 212.0,
              "Y": 38.0
            },
            "Scale": {
              "ScaleX": 1.0,
              "ScaleY": 1.0
            },
            "CColor": {
              "R": 68,
              "G": 127,
              "B": 213
            },
            "IconVisible": false,
            "PrePosition": {
              "X": 0.1847,
              "Y": 0.2533
            },
            "PreSize": {
              "X": 0.2491,
              "Y": 0.2067
            },
            "LeftMargin": 212.0,
            "RightMargin": 650.0,
            "TopMargin": 81.0,
            "BottomMargin": 38.0,
            "Tag": 218,
            "ActionTag": -941469160,
            "Size": {
              "X": 286.0,
              "Y": 31.0
            },
            "Name": "wanfa",
            "ctype": "TextObjectData"
          },
          {
            "FileData": {
              "Type": "Normal",
              "Path": "image/match/btnbg3.png",
              "Plist": ""
            },
            "BlendFunc": {
              "Src": 1,
              "Dst": 771
            },
            "AnchorPoint": {
              "ScaleX": 0.5,
              "ScaleY": 0.5
            },
            "Position": {
              "X": 1039.0,
              "Y": 83.0
            },
            "Scale": {
              "ScaleX": 1.0,
              "ScaleY": 1.0
            },
            "CColor": {},
            "IconVisible": false,
            "PrePosition": {
              "X": 0.9051,
              "Y": 0.5533
            },
            "PreSize": {
              "X": 0.189,
              "Y": 0.88
            },
            "LeftMargin": 930.5,
            "RightMargin": 0.5,
            "TopMargin": 1.0,
            "BottomMargin": 17.0,
            "Tag": 211,
            "Children": [
              {
                "FileData": {
                  "Type": "Normal",
                  "Path": "image/match/bsbm.png",
                  "Plist": ""
                },
                "BlendFunc": {
                  "Src": 1,
                  "Dst": 771
                },
                "AnchorPoint": {
                  "ScaleX": 0.5,
                  "ScaleY": 0.5
                },
                "Position": {
                  "X": 108.5,
                  "Y": 85.0015
                },
                "Scale": {
                  "ScaleX": 1.0,
                  "ScaleY": 1.0
                },
                "CColor": {},
                "IconVisible": false,
                "PositionPercentXEnabled": true,
                "PrePosition": {
                  "X": 0.5,
                  "Y": 0.644
                },
                "PreSize": {
                  "X": 0.4055,
                  "Y": 0.3409
                },
                "LeftMargin": 64.5,
                "RightMargin": 64.5,
                "TopMargin": 24.4985,
                "BottomMargin": 62.5015,
                "Tag": 212,
                "ActionTag": -594259803,
                "Size": {
                  "X": 88.0,
                  "Y": 45.0
                },
                "Name": "Sprite_4",
                "ctype": "SpriteObjectData"
              },
              {
                "FileData": {
                  "Type": "Normal",
                  "Path": "image/match/bsybg.png",
                  "Plist": ""
                },
                "BlendFunc": {
                  "Src": 1,
                  "Dst": 771
                },
                "AnchorPoint": {
                  "ScaleX": 0.5,
                  "ScaleY": 0.5
                },
                "Position": {
                  "X": 108.5,
                  "Y": 33.8961
                },
                "Scale": {
                  "ScaleX": 1.0,
                  "ScaleY": 1.0
                },
                "CColor": {},
                "IconVisible": false,
                "PositionPercentXEnabled": true,
                "PrePosition": {
                  "X": 0.5,
                  "Y": 0.2568
                },
                "PreSize": {
                  "X": 0.6774,
                  "Y": 0.2652
                },
                "LeftMargin": 35.0,
                "RightMargin": 35.0,
                "TopMargin": 80.6039,
                "BottomMargin": 16.3961,
                "Tag": 213,
                "ActionTag": -2027862439,
                "Size": {
                  "X": 147.0,
                  "Y": 35.0
                },
                "Name": "Sprite_5",
                "ctype": "SpriteObjectData"
              },
              {
                "FileData": {
                  "Type": "Normal",
                  "Path": "image/match/ren1.png",
                  "Plist": ""
                },
                "BlendFunc": {
                  "Src": 1,
                  "Dst": 771
                },
                "AnchorPoint": {
                  "ScaleX": 0.5,
                  "ScaleY": 0.5
                },
                "Position": {
                  "X": 68.0,
                  "Y": 33.0
                },
                "Scale": {
                  "ScaleX": 1.0,
                  "ScaleY": 1.0
                },
                "CColor": {},
                "IconVisible": false,
                "PrePosition": {
                  "X": 0.3134,
                  "Y": 0.25
                },
                "PreSize": {
                  "X": 0.0645,
                  "Y": 0.1439
                },
                "LeftMargin": 61.0,
                "RightMargin": 142.0,
                "TopMargin": 89.5,
                "BottomMargin": 23.5,
                "Tag": 222,
                "ActionTag": 1283829436,
                "Size": {
                  "X": 14.0,
                  "Y": 19.0
                },
                "Name": "Sprite_7",
                "ctype": "SpriteObjectData"
              },
              {
                "FontSize": 22,
                "LabelText": "/",
                "OutlineColor": {
                  "G": 0,
                  "B": 0
                },
                "ShadowColor": {
                  "R": 110,
                  "G": 110,
                  "B": 110
                },
                "ShadowOffsetX": 2.0,
                "ShadowOffsetY": -2.0,
                "AnchorPoint": {
                  "ScaleX": 0.5,
                  "ScaleY": 0.5
                },
                "Position": {
                  "X": 108.5,
                  "Y": 33.0
                },
                "Scale": {
                  "ScaleX": 1.0,
                  "ScaleY": 1.0
                },
                "CColor": {},
                "IconVisible": false,
                "PositionPercentXEnabled": true,
                "PrePosition": {
                  "X": 0.5,
                  "Y": 0.25
                },
                "PreSize": {
                  "X": 0.0323,
                  "Y": 0.197
                },
                "LeftMargin": 105.0,
                "RightMargin": 105.0,
                "TopMargin": 86.0,
                "BottomMargin": 20.0,
                "Tag": 25,
                "ActionTag": 1814067227,
                "Size": {
                  "X": 7.0,
                  "Y": 26.0
                },
                "Name": "Text_2",
                "ctype": "TextObjectData"
              },
              {
                "FontSize": 22,
                "LabelText": "20",
                "HorizontalAlignmentType": "HT_Right",
                "OutlineColor": {
                  "G": 0,
                  "B": 0
                },
                "ShadowColor": {
                  "R": 110,
                  "G": 110,
                  "B": 110
                },
                "ShadowOffsetX": 2.0,
                "ShadowOffsetY": -2.0,
                "AnchorPoint": {
                  "ScaleX": 1.0,
                  "ScaleY": 0.5
                },
                "Position": {
                  "X": 105.0,
                  "Y": 33.0
                },
                "Scale": {
                  "ScaleX": 1.0,
                  "ScaleY": 1.0
                },
                "CColor": {
                  "B": 216
                },
                "IconVisible": false,
                "PrePosition": {
                  "X": 0.4839,
                  "Y": 0.25
                },
                "PreSize": {
                  "X": 0.1152,
                  "Y": 0.197
                },
                "LeftMargin": 80.0,
                "RightMargin": 112.0,
                "TopMargin": 86.0,
                "BottomMargin": 20.0,
                "Tag": 223,
                "ActionTag": 458661113,
                "Size": {
                  "X": 25.0,
                  "Y": 26.0
                },
                "Name": "num1",
                "ctype": "TextObjectData"
              },
              {
                "FontSize": 22,
                "LabelText": "30",
                "OutlineColor": {
                  "G": 0,
                  "B": 0
                },
                "ShadowColor": {
                  "R": 110,
                  "G": 110,
                  "B": 110
                },
                "ShadowOffsetX": 2.0,
                "ShadowOffsetY": -2.0,
                "AnchorPoint": {
                  "ScaleY": 0.5
                },
                "Position": {
                  "X": 112.0,
                  "Y": 33.0
                },
                "Scale": {
                  "ScaleX": 1.0,
                  "ScaleY": 1.0
                },
                "CColor": {
                  "B": 216
                },
                "IconVisible": false,
                "PrePosition": {
                  "X": 0.5161,
                  "Y": 0.25
                },
                "PreSize": {
                  "X": 0.1152,
                  "Y": 0.197
                },
                "LeftMargin": 112.0,
                "RightMargin": 80.0,
                "TopMargin": 86.0,
                "BottomMargin": 20.0,
                "Tag": 24,
                "ActionTag": 1957343589,
                "Size": {
                  "X": 25.0,
                  "Y": 26.0
                },
                "Name": "num2",
                "ctype": "TextObjectData"
              }
            ],
            "ActionTag": 1180524954,
            "Size": {
              "X": 217.0,
              "Y": 132.0
            },
            "Name": "btn_bm",
            "ctype": "SpriteObjectData"
          },
          {
            "FileData": {
              "Type": "Normal",
              "Path": "image/match/btnbg4.png",
              "Plist": ""
            },
            "BlendFunc": {
              "Src": 1,
              "Dst": 771
            },
            "AnchorPoint": {
              "ScaleX": 0.5,
              "ScaleY": 0.5
            },
            "Position": {
              "X": 1039.0,
              "Y": 83.0
            },
            "Scale": {
              "ScaleX": 1.0,
              "ScaleY": 1.0
            },
            "CColor": {},
            "IconVisible": false,
            "PrePosition": {
              "X": 0.9051,
              "Y": 0.5533
            },
            "PreSize": {
              "X": 0.189,
              "Y": 0.8867
            },
            "LeftMargin": 930.5,
            "RightMargin": 0.5,
            "TopMargin": 0.5,
            "BottomMargin": 16.5,
            "Tag": 224,
            "Children": [
              {
                "FileData": {
                  "Type": "Normal",
                  "Path": "image/match/bsqx.png",
                  "Plist": ""
                },
                "BlendFunc": {
                  "Src": 1,
                  "Dst": 771
                },
                "AnchorPoint": {
                  "ScaleX": 0.5,
                  "ScaleY": 0.5
                },
                "Position": {
                  "X": 108.5,
                  "Y": 85.0015
                },
                "Scale": {
                  "ScaleX": 1.0,
                  "ScaleY": 1.0
                },
                "CColor": {},
                "IconVisible": false,
                "PositionPercentXEnabled": true,
                "PrePosition": {
                  "X": 0.5,
                  "Y": 0.6391
                },
                "PreSize": {
                  "X": 0.7189,
                  "Y": 0.3383
                },
                "LeftMargin": 30.5,
                "RightMargin": 30.5,
                "TopMargin": 25.4985,
                "BottomMargin": 62.5015,
                "Tag": 225,
                "ActionTag": -1051656254,
                "Size": {
                  "X": 156.0,
                  "Y": 45.0
                },
                "Name": "Sprite_4",
                "ctype": "SpriteObjectData"
              },
              {
                "FileData": {
                  "Type": "Normal",
                  "Path": "image/match/bsbbg.png",
                  "Plist": ""
                },
                "BlendFunc": {
                  "Src": 1,
                  "Dst": 771
                },
                "AnchorPoint": {
                  "ScaleX": 0.5,
                  "ScaleY": 0.5
                },
                "Position": {
                  "X": 108.5,
                  "Y": 33.8961
                },
                "Scale": {
                  "ScaleX": 1.0,
                  "ScaleY": 1.0
                },
                "CColor": {},
                "IconVisible": false,
                "PositionPercentXEnabled": true,
                "PrePosition": {
                  "X": 0.5,
                  "Y": 0.2549
                },
                "PreSize": {
                  "X": 0.6774,
                  "Y": 0.2632
                },
                "LeftMargin": 35.0,
                "RightMargin": 35.0,
                "TopMargin": 81.6039,
                "BottomMargin": 16.3961,
                "Tag": 226,
                "ActionTag": -1137560705,
                "Size": {
                  "X": 147.0,
                  "Y": 35.0
                },
                "Name": "Sprite_5",
                "ctype": "SpriteObjectData"
              },
              {
                "FileData": {
                  "Type": "Normal",
                  "Path": "image/match/ren2.png",
                  "Plist": ""
                },
                "BlendFunc": {
                  "Src": 1,
                  "Dst": 771
                },
                "AnchorPoint": {
                  "ScaleX": 0.5,
                  "ScaleY": 0.5
                },
                "Position": {
                  "X": 68.0,
                  "Y": 33.0
                },
                "Scale": {
                  "ScaleX": 1.0,
                  "ScaleY": 1.0
                },
                "CColor": {},
                "IconVisible": false,
                "PrePosition": {
                  "X": 0.3134,
                  "Y": 0.2481
                },
                "PreSize": {
                  "X": 0.0645,
                  "Y": 0.1429
                },
                "LeftMargin": 61.0,
                "RightMargin": 142.0,
                "TopMargin": 90.5,
                "BottomMargin": 23.5,
                "Tag": 227,
                "ActionTag": -199023262,
                "Size": {
                  "X": 14.0,
                  "Y": 19.0
                },
                "Name": "Sprite_7",
                "ctype": "SpriteObjectData"
              },
              {
                "FontSize": 22,
                "LabelText": "30",
                "OutlineColor": {
                  "G": 0,
                  "B": 0
                },
                "ShadowColor": {
                  "R": 110,
                  "G": 110,
                  "B": 110
                },
                "ShadowOffsetX": 2.0,
                "ShadowOffsetY": -2.0,
                "AnchorPoint": {
                  "ScaleY": 0.5
                },
                "Position": {
                  "X": 112.0,
                  "Y": 33.0
                },
                "Scale": {
                  "ScaleX": 1.0,
                  "ScaleY": 1.0
                },
                "CColor": {
                  "B": 216
                },
                "IconVisible": false,
                "PrePosition": {
                  "X": 0.5161,
                  "Y": 0.2481
                },
                "PreSize": {
                  "X": 0.1152,
                  "Y": 0.1955
                },
                "LeftMargin": 112.0,
                "RightMargin": 80.0,
                "TopMargin": 87.0,
                "BottomMargin": 20.0,
                "Tag": 52,
                "ActionTag": -185728372,
                "Size": {
                  "X": 25.0,
                  "Y": 26.0
                },
                "Name": "num2",
                "ctype": "TextObjectData"
              },
              {
                "FontSize": 22,
                "LabelText": "20",
                "HorizontalAlignmentType": "HT_Right",
                "OutlineColor": {
                  "G": 0,
                  "B": 0
                },
                "ShadowColor": {
                  "R": 110,
                  "G": 110,
                  "B": 110
                },
                "ShadowOffsetX": 2.0,
                "ShadowOffsetY": -2.0,
                "AnchorPoint": {
                  "ScaleX": 1.0,
                  "ScaleY": 0.5
                },
                "Position": {
                  "X": 105.0,
                  "Y": 33.0
                },
                "Scale": {
                  "ScaleX": 1.0,
                  "ScaleY": 1.0
                },
                "CColor": {
                  "B": 216
                },
                "IconVisible": false,
                "PrePosition": {
                  "X": 0.4839,
                  "Y": 0.2481
                },
                "PreSize": {
                  "X": 0.1152,
                  "Y": 0.1955
                },
                "LeftMargin": 80.0,
                "RightMargin": 112.0,
                "TopMargin": 87.0,
                "BottomMargin": 20.0,
                "Tag": 51,
                "ActionTag": 571750531,
                "Size": {
                  "X": 25.0,
                  "Y": 26.0
                },
                "Name": "num1",
                "ctype": "TextObjectData"
              },
              {
                "FontSize": 22,
                "LabelText": "/",
                "OutlineColor": {
                  "G": 0,
                  "B": 0
                },
                "ShadowColor": {
                  "R": 110,
                  "G": 110,
                  "B": 110
                },
                "ShadowOffsetX": 2.0,
                "ShadowOffsetY": -2.0,
                "AnchorPoint": {
                  "ScaleX": 0.5,
                  "ScaleY": 0.5
                },
                "Position": {
                  "X": 108.5,
                  "Y": 33.0
                },
                "Scale": {
                  "ScaleX": 1.0,
                  "ScaleY": 1.0
                },
                "CColor": {},
                "IconVisible": false,
                "PositionPercentXEnabled": true,
                "PrePosition": {
                  "X": 0.5,
                  "Y": 0.2481
                },
                "PreSize": {
                  "X": 0.0323,
                  "Y": 0.1955
                },
                "LeftMargin": 105.0,
                "RightMargin": 105.0,
                "TopMargin": 87.0,
                "BottomMargin": 20.0,
                "Tag": 53,
                "ActionTag": 878947286,
                "Size": {
                  "X": 7.0,
                  "Y": 26.0
                },
                "Name": "Text_2_0",
                "ctype": "TextObjectData"
              }
            ],
            "ActionTag": -1613554952,
            "Size": {
              "X": 217.0,
              "Y": 133.0
            },
            "Name": "btn_qx",
            "ctype": "SpriteObjectData"
          },
          {
            "FileData": {
              "Type": "Normal",
              "Path": "image/match/btnbg2.png",
              "Plist": ""
            },
            "BlendFunc": {
              "Src": 1,
              "Dst": 771
            },
            "AnchorPoint": {
              "ScaleX": 0.5,
              "ScaleY": 0.5
            },
            "Position": {
              "X": 1039.0,
              "Y": 83.0
            },
            "Scale": {
              "ScaleX": 1.0,
              "ScaleY": 1.0
            },
            "CColor": {},
            "IconVisible": false,
            "PrePosition": {
              "X": 0.9051,
              "Y": 0.5533
            },
            "PreSize": {
              "X": 0.189,
              "Y": 0.8867
            },
            "LeftMargin": 930.5,
            "RightMargin": 0.5,
            "TopMargin": 0.5,
            "BottomMargin": 16.5,
            "Tag": 229,
            "Children": [
              {
                "FileData": {
                  "Type": "Normal",
                  "Path": "image/match/bswkq.png",
                  "Plist": ""
                },
                "BlendFunc": {
                  "Src": 1,
                  "Dst": 771
                },
                "AnchorPoint": {
                  "ScaleX": 0.5,
                  "ScaleY": 0.5
                },
                "Position": {
                  "X": 108.5,
                  "Y": 66.5
                },
                "Scale": {
                  "ScaleX": 1.0,
                  "ScaleY": 1.0
                },
                "CColor": {},
                "IconVisible": false,
                "PositionPercentXEnabled": true,
                "PositionPercentYEnabled": true,
                "PrePosition": {
                  "X": 0.5,
                  "Y": 0.5
                },
                "PreSize": {
                  "X": 0.5484,
                  "Y": 0.3383
                },
                "LeftMargin": 49.0,
                "RightMargin": 49.0,
                "TopMargin": 44.0,
                "BottomMargin": 44.0,
                "Tag": 234,
                "ActionTag": 613045323,
                "Size": {
                  "X": 119.0,
                  "Y": 45.0
                },
                "Name": "Sprite_16",
                "ctype": "SpriteObjectData"
              }
            ],
            "ActionTag": -713774338,
            "Size": {
              "X": 217.0,
              "Y": 133.0
            },
            "VisibleForFrame": false,
            "Name": "btn_wk",
            "ctype": "SpriteObjectData"
          }
        ],
        "Size": {
          "X": 1148.0,
          "Y": 150.0
        },
        "Name": "Layer",
        "ctype": "LayerObjectData"
      },
      "UsedResources": [
        "../../image/fonts/FZZY.TTF",
        "../../image/match/bsbbg.png",
        "../../image/match/bsbm.png",
        "../../image/match/bsiconbg.png",
        "../../image/match/bsitem2.png",
        "../../image/match/bsqx.png",
        "../../image/match/bswkq.png",
        "../../image/match/bsybg.png",
        "../../image/match/btnbg2.png",
        "../../image/match/btnbg3.png",
        "../../image/match/btnbg4.png",
        "../../image/match/jiugongge.png",
        "../../image/match/mianfei2.png",
        "../../image/match/ren1.png",
        "../../image/match/ren2.png"
      ],
      "ctype": "GameFileData"
    }
  },
  "Type": "Layer"
}