{
  "ID": "f3470fcb-f924-495c-beca-70297db52c93",
  "Version": "2.3.4",
  "Name": "MatchRankLayer",
  "Content": {
    "Content": {
      "Animation": {
        "Duration": 0,
        "Speed": 1.0,
        "Timelines": [],
        "ctype": "TimelineActionData"
      },
      "AnimationList": [],
      "ObjectData": {
        "Tag": 52,
        "Children": [
          {
            "ClipAble": false,
            "BackColorAlpha": 155,
            "ComboBoxIndex": 1,
            "SingleColor": {
              "R": 0,
              "G": 0,
              "B": 0
            },
            "FirstColor": {
              "R": 150,
              "G": 200
            },
            "EndColor": {},
            "ColorVector": {
              "ScaleY": 1.0
            },
            "Scale9Width": 1,
            "Scale9Height": 1,
            "TouchEnable": true,
            "AnchorPoint": {},
            "Position": {
              "X": 0.0,
              "Y": 0.0
            },
            "Scale": {
              "ScaleX": 1.0,
              "ScaleY": 1.0
            },
            "CColor": {},
            "IconVisible": false,
            "PrePosition": {
              "X": 0.0,
              "Y": 0.0
            },
            "PreSize": {
              "X": 1.0,
              "Y": 1.0
            },
            "Tag": 53,
            "ActionTag": 9426066,
            "Size": {
              "X": 1280.0,
              "Y": 720.0
            },
            "VisibleForFrame": false,
            "Name": "Panel_1",
            "ctype": "PanelObjectData"
          },
          {
            "FileData": {
              "Type": "Normal",
              "Path": "image/match/phborder.png",
              "Plist": ""
            },
            "BlendFunc": {
              "Src": 1,
              "Dst": 771
            },
            "AnchorPoint": {
              "ScaleX": 0.5,
              "ScaleY": 0.5
            },
            "Position": {
              "X": 640.0,
              "Y": 360.0
            },
            "Scale": {
              "ScaleX": 1.0,
              "ScaleY": 1.0
            },
            "CColor": {},
            "IconVisible": false,
            "PositionPercentXEnabled": true,
            "PositionPercentYEnabled": true,
            "PrePosition": {
              "X": 0.5,
              "Y": 0.5
            },
            "PreSize": {
              "X": 0.682,
              "Y": 0.9875
            },
            "LeftMargin": 203.5,
            "RightMargin": 203.5,
            "TopMargin": 4.5,
            "BottomMargin": 4.5,
            "Tag": 54,
            "ActionTag": -1705710145,
            "Size": {
              "X": 873.0,
              "Y": 711.0
            },
            "Name": "bg",
            "ctype": "SpriteObjectData"
          },
          {
            "FileData": {
              "Type": "Normal",
              "Path": "image/match/paihangbang.png",
              "Plist": ""
            },
            "BlendFunc": {
              "Src": 1,
              "Dst": 771
            },
            "AnchorPoint": {
              "ScaleX": 0.5,
              "ScaleY": 0.5
            },
            "Position": {
              "X": 640.0,
              "Y": 666.0868
            },
            "Scale": {
              "ScaleX": 1.0,
              "ScaleY": 1.0
            },
            "CColor": {},
            "IconVisible": false,
            "PositionPercentXEnabled": true,
            "PrePosition": {
              "X": 0.5,
              "Y": 0.9251
            },
            "PreSize": {
              "X": 0.1242,
              "Y": 0.1042
            },
            "LeftMargin": 560.5,
            "RightMargin": 560.5,
            "TopMargin": 16.4132,
            "BottomMargin": 628.5868,
            "Tag": 84,
            "ActionTag": 1088091776,
            "Size": {
              "X": 159.0,
              "Y": 75.0
            },
            "Name": "Sprite_2",
            "ctype": "SpriteObjectData"
          },
          {
            "FileData": {
              "Type": "Normal",
              "Path": "image/match/btnclose.png",
              "Plist": ""
            },
            "BlendFunc": {
              "Src": 1,
              "Dst": 771
            },
            "AnchorPoint": {
              "ScaleX": 0.5,
              "ScaleY": 0.5
            },
            "Position": {
              "X": 1058.4137,
              "Y": 638.1102
            },
            "Scale": {
              "ScaleX": 1.0,
              "ScaleY": 1.0
            },
            "CColor": {},
            "IconVisible": false,
            "PrePosition": {
              "X": 0.8269,
              "Y": 0.8863
            },
            "PreSize": {
              "X": 0.0531,
              "Y": 0.0944
            },
            "LeftMargin": 1024.4137,
            "RightMargin": 187.5863,
            "TopMargin": 47.8898,
            "BottomMargin": 604.1102,
            "Tag": 85,
            "ActionTag": 1889232540,
            "Size": {
              "X": 68.0,
              "Y": 68.0
            },
            "Name": "btn_close",
            "ctype": "SpriteObjectData"
          },
          {
            "FileData": {
              "Type": "Normal",
              "Path": "image/match/yuanjiao3.png",
              "Plist": ""
            },
            "BlendFunc": {
              "Src": 1,
              "Dst": 771
            },
            "AnchorPoint": {
              "ScaleX": 0.5,
              "ScaleY": 0.5
            },
            "Position": {
              "X": 640.0,
              "Y": 60.0
            },
            "Scale": {
              "ScaleX": 1.0,
              "ScaleY": 1.0
            },
            "CColor": {},
            "IconVisible": false,
            "PositionPercentXEnabled": true,
            "PrePosition": {
              "X": 0.5,
              "Y": 0.0833
            },
            "PreSize": {
              "X": 0.4797,
              "Y": 0.0583
            },
            "LeftMargin": 333.0,
            "RightMargin": 333.0,
            "TopMargin": 639.0,
            "BottomMargin": 39.0,
            "Tag": 27,
            "Children": [
              {
                "FileData": {
                  "Type": "Normal",
                  "Path": "image/match/zijijifen.png",
                  "Plist": ""
                },
                "BlendFunc": {
                  "Src": 1,
                  "Dst": 771
                },
                "AnchorPoint": {
                  "ScaleX": 0.5,
                  "ScaleY": 0.5
                },
                "Position": {
                  "X": 307.0,
                  "Y": 21.0
                },
                "Scale": {
                  "ScaleX": 1.0,
                  "ScaleY": 1.0
                },
                "CColor": {},
                "IconVisible": false,
                "PositionPercentXEnabled": true,
                "PositionPercentYEnabled": true,
                "PrePosition": {
                  "X": 0.5,
                  "Y": 0.5
                },
                "PreSize": {
                  "X": 0.6938,
                  "Y": 0.7143
                },
                "LeftMargin": 94.0,
                "RightMargin": 94.0,
                "TopMargin": 6.0,
                "BottomMargin": 6.0,
                "Tag": 28,
                "ActionTag": -1311228180,
                "Size": {
                  "X": 426.0,
                  "Y": 30.0
                },
                "Name": "Sprite_5",
                "ctype": "SpriteObjectData"
              }
            ],
            "ActionTag": 1995767405,
            "Size": {
              "X": 614.0,
              "Y": 42.0
            },
            "Name": "Sprite_4",
            "ctype": "SpriteObjectData"
          },
          {
            "FileData": {
              "Type": "Normal",
              "Path": "image/match/yuanjiao4.png",
              "Plist": ""
            },
            "BlendFunc": {
              "Src": 1,
              "Dst": 771
            },
            "AnchorPoint": {
              "ScaleX": 0.5,
              "ScaleY": 0.5
            },
            "Position": {
              "X": 640.0,
              "Y": 592.0
            },
            "Scale": {
              "ScaleX": 1.0,
              "ScaleY": 1.0
            },
            "CColor": {},
            "IconVisible": false,
            "PositionPercentXEnabled": true,
            "PrePosition": {
              "X": 0.5,
              "Y": 0.8222
            },
            "PreSize": {
              "X": 0.5984,
              "Y": 0.0472
            },
            "LeftMargin": 257.0,
            "RightMargin": 257.0,
            "TopMargin": 111.0,
            "BottomMargin": 575.0,
            "Tag": 23,
            "Children": [
              {
                "FontSize": 20,
                "LabelText": "名次",
                "OutlineColor": {
                  "G": 0,
                  "B": 0
                },
                "ShadowColor": {
                  "R": 110,
                  "G": 110,
                  "B": 110
                },
                "ShadowOffsetX": 2.0,
                "ShadowOffsetY": -2.0,
                "AnchorPoint": {
                  "ScaleX": 0.5,
                  "ScaleY": 0.5
                },
                "Position": {
                  "X": 76.0,
                  "Y": 16.0
                },
                "Scale": {
                  "ScaleX": 1.0,
                  "ScaleY": 1.0
                },
                "CColor": {},
                "IconVisible": false,
                "PrePosition": {
                  "X": 0.0992,
                  "Y": 0.4706
                },
                "PreSize": {
                  "X": 0.0522,
                  "Y": 0.6765
                },
                "LeftMargin": 56.0,
                "RightMargin": 670.0,
                "TopMargin": 6.5,
                "BottomMargin": 4.5,
                "Tag": 24,
                "ActionTag": 1198755401,
                "Size": {
                  "X": 40.0,
                  "Y": 23.0
                },
                "Name": "Text_1",
                "ctype": "TextObjectData"
              },
              {
                "FontSize": 20,
                "LabelText": "昵称",
                "OutlineColor": {
                  "G": 0,
                  "B": 0
                },
                "ShadowColor": {
                  "R": 110,
                  "G": 110,
                  "B": 110
                },
                "ShadowOffsetX": 2.0,
                "ShadowOffsetY": -2.0,
                "AnchorPoint": {
                  "ScaleX": 0.5,
                  "ScaleY": 0.5
                },
                "Position": {
                  "X": 383.0,
                  "Y": 16.0
                },
                "Scale": {
                  "ScaleX": 1.0,
                  "ScaleY": 1.0
                },
                "CColor": {},
                "IconVisible": false,
                "PositionPercentXEnabled": true,
                "PrePosition": {
                  "X": 0.5,
                  "Y": 0.4706
                },
                "PreSize": {
                  "X": 0.0522,
                  "Y": 0.6765
                },
                "LeftMargin": 363.0,
                "RightMargin": 363.0,
                "TopMargin": 6.5,
                "BottomMargin": 4.5,
                "Tag": 25,
                "ActionTag": -137879262,
                "Size": {
                  "X": 40.0,
                  "Y": 23.0
                },
                "Name": "Text_2",
                "ctype": "TextObjectData"
              },
              {
                "FontSize": 20,
                "LabelText": "分数",
                "OutlineColor": {
                  "G": 0,
                  "B": 0
                },
                "ShadowColor": {
                  "R": 110,
                  "G": 110,
                  "B": 110
                },
                "ShadowOffsetX": 2.0,
                "ShadowOffsetY": -2.0,
                "AnchorPoint": {
                  "ScaleX": 0.5,
                  "ScaleY": 0.5
                },
                "Position": {
                  "X": 670.0,
                  "Y": 16.0
                },
                "Scale": {
                  "ScaleX": 1.0,
                  "ScaleY": 1.0
                },
                "CColor": {},
                "IconVisible": false,
                "PrePosition": {
                  "X": 0.8747,
                  "Y": 0.4706
                },
                "PreSize": {
                  "X": 0.0522,
                  "Y": 0.6765
                },
                "LeftMargin": 650.0,
                "RightMargin": 76.0,
                "TopMargin": 6.5,
                "BottomMargin": 4.5,
                "Tag": 26,
                "ActionTag": 431187848,
                "Size": {
                  "X": 40.0,
                  "Y": 23.0
                },
                "Name": "Text_3",
                "ctype": "TextObjectData"
              }
            ],
            "ActionTag": -172706713,
            "Size": {
              "X": 766.0,
              "Y": 34.0
            },
            "Name": "Sprite_1",
            "ctype": "SpriteObjectData"
          },
          {
            "AnchorPoint": {},
            "Position": {
              "X": 640.0,
              "Y": 360.0
            },
            "Scale": {
              "ScaleX": 1.0,
              "ScaleY": 1.0
            },
            "CColor": {},
            "IconVisible": true,
            "PositionPercentXEnabled": true,
            "PositionPercentYEnabled": true,
            "PrePosition": {
              "X": 0.5,
              "Y": 0.5
            },
            "PreSize": {
              "X": 0.0,
              "Y": 0.0
            },
            "LeftMargin": 640.0,
            "RightMargin": 640.0,
            "TopMargin": 360.0,
            "BottomMargin": 360.0,
            "Tag": 227,
            "Children": [
              {
                "ClipAble": false,
                "BackColorAlpha": 102,
                "ComboBoxIndex": 1,
                "SingleColor": {
                  "G": 240,
                  "B": 0
                },
                "FirstColor": {
                  "R": 150,
                  "G": 200
                },
                "EndColor": {},
                "ColorVector": {
                  "ScaleY": 1.0
                },
                "Scale9Width": 1,
                "Scale9Height": 1,
                "TouchEnable": true,
                "AnchorPoint": {},
                "Position": {
                  "X": -383.0,
                  "Y": -256.0
                },
                "Scale": {
                  "ScaleX": 1.0,
                  "ScaleY": 1.0
                },
                "CColor": {},
                "IconVisible": false,
                "PrePosition": {
                  "X": 0.0,
                  "Y": 0.0
                },
                "PreSize": {
                  "X": 0.0,
                  "Y": 0.0
                },
                "LeftMargin": -383.0,
                "RightMargin": -383.0,
                "TopMargin": -204.0,
                "BottomMargin": -256.0,
                "Tag": 29,
                "ActionTag": 614990452,
                "Size": {
                  "X": 766.0,
                  "Y": 460.0
                },
                "VisibleForFrame": false,
                "Name": "tableview",
                "ctype": "PanelObjectData"
              }
            ],
            "ActionTag": 1366431943,
            "Size": {
              "X": 0.0,
              "Y": 0.0
            },
            "Name": "node",
            "ctype": "SingleNodeObjectData"
          }
        ],
        "Size": {
          "X": 1280.0,
          "Y": 720.0
        },
        "Name": "Layer",
        "ctype": "LayerObjectData"
      },
      "UsedResources": [
        "../../image/match/btnclose.png",
        "../../image/match/paihangbang.png",
        "../../image/match/phborder.png",
        "../../image/match/yuanjiao3.png",
        "../../image/match/yuanjiao4.png",
        "../../image/match/zijijifen.png"
      ],
      "ctype": "GameFileData"
    }
  },
  "Type": "Layer"
}