{
  "ID": "40bc6ad9-e8a3-44c0-ae4c-f994be3bb575",
  "Version": "2.3.4",
  "Name": "MatchDetailLayer",
  "Content": {
    "Content": {
      "Animation": {
        "Duration": 0,
        "Speed": 1.0,
        "Timelines": [],
        "ctype": "TimelineActionData"
      },
      "AnimationList": [],
      "ObjectData": {
        "Tag": 53,
        "Children": [
          {
            "ClipAble": false,
            "BackColorAlpha": 177,
            "ComboBoxIndex": 1,
            "SingleColor": {
              "R": 0,
              "G": 0,
              "B": 0
            },
            "FirstColor": {
              "R": 150,
              "G": 200
            },
            "EndColor": {},
            "ColorVector": {
              "ScaleY": 1.0
            },
            "Scale9Width": 1,
            "Scale9Height": 1,
            "TouchEnable": true,
            "AnchorPoint": {},
            "Position": {
              "X": 0.0,
              "Y": 0.0
            },
            "Scale": {
              "ScaleX": 1.0,
              "ScaleY": 1.0
            },
            "CColor": {},
            "IconVisible": false,
            "PrePosition": {
              "X": 0.0,
              "Y": 0.0
            },
            "PreSize": {
              "X": 1.0,
              "Y": 1.0
            },
            "Tag": 62,
            "ActionTag": 1398510505,
            "Size": {
              "X": 1280.0,
              "Y": 720.0
            },
            "VisibleForFrame": false,
            "Name": "Panel_3",
            "ctype": "PanelObjectData"
          },
          {
            "FileData": {
              "Type": "Normal",
              "Path": "image/match/detailbg.png",
              "Plist": ""
            },
            "BlendFunc": {
              "Src": 1,
              "Dst": 771
            },
            "AnchorPoint": {
              "ScaleX": 0.5,
              "ScaleY": 0.5
            },
            "Position": {
              "X": 640.0,
              "Y": 360.0
            },
            "Scale": {
              "ScaleX": 1.0,
              "ScaleY": 1.0
            },
            "CColor": {},
            "IconVisible": false,
            "PositionPercentXEnabled": true,
            "PositionPercentYEnabled": true,
            "PrePosition": {
              "X": 0.5,
              "Y": 0.5
            },
            "PreSize": {
              "X": 0.682,
              "Y": 0.9875
            },
            "LeftMargin": 203.5,
            "RightMargin": 203.5,
            "TopMargin": 4.5,
            "BottomMargin": 4.5,
            "Tag": 54,
            "ActionTag": 319256074,
            "Size": {
              "X": 873.0,
              "Y": 711.0
            },
            "Name": "Sprite_1",
            "ctype": "SpriteObjectData"
          },
          {
            "FileData": {
              "Type": "Normal",
              "Path": "image/match/bsxq.png",
              "Plist": ""
            },
            "BlendFunc": {
              "Src": 1,
              "Dst": 771
            },
            "AnchorPoint": {
              "ScaleX": 0.5,
              "ScaleY": 0.5
            },
            "Position": {
              "X": 634.368,
              "Y": 669.0002
            },
            "Scale": {
              "ScaleX": 1.0,
              "ScaleY": 1.0
            },
            "CColor": {},
            "IconVisible": false,
            "PositionPercentXEnabled": true,
            "PrePosition": {
              "X": 0.4956,
              "Y": 0.9292
            },
            "PreSize": {
              "X": 0.1555,
              "Y": 0.1042
            },
            "LeftMargin": 534.868,
            "RightMargin": 546.132,
            "TopMargin": 13.4998,
            "BottomMargin": 631.5002,
            "Tag": 63,
            "ActionTag": -114966208,
            "Size": {
              "X": 199.0,
              "Y": 75.0
            },
            "Name": "Sprite_5",
            "ctype": "SpriteObjectData"
          },
          {
            "FileData": {
              "Type": "Normal",
              "Path": "image/match/btnclose.png",
              "Plist": ""
            },
            "BlendFunc": {
              "Src": 1,
              "Dst": 771
            },
            "AnchorPoint": {
              "ScaleX": 0.5,
              "ScaleY": 0.5
            },
            "Position": {
              "X": 1054.0002,
              "Y": 638.0001
            },
            "Scale": {
              "ScaleX": 1.0,
              "ScaleY": 1.0
            },
            "CColor": {},
            "IconVisible": false,
            "PrePosition": {
              "X": 0.8234,
              "Y": 0.8861
            },
            "PreSize": {
              "X": 0.0531,
              "Y": 0.0944
            },
            "LeftMargin": 1020.0002,
            "RightMargin": 191.9998,
            "TopMargin": 47.9999,
            "BottomMargin": 604.0001,
            "Tag": 64,
            "ActionTag": -1117177789,
            "Size": {
              "X": 68.0,
              "Y": 68.0
            },
            "Name": "btn_close",
            "ctype": "SpriteObjectData"
          },
          {
            "FileData": {
              "Type": "Normal",
              "Path": "image/match/xqborder.png",
              "Plist": ""
            },
            "BlendFunc": {
              "Src": 1,
              "Dst": 771
            },
            "AnchorPoint": {
              "ScaleX": 0.5,
              "ScaleY": 0.5
            },
            "Position": {
              "X": 640.0,
              "Y": 583.6726
            },
            "Scale": {
              "ScaleX": 1.0,
              "ScaleY": 1.0
            },
            "CColor": {},
            "IconVisible": false,
            "PositionPercentXEnabled": true,
            "PrePosition": {
              "X": 0.5,
              "Y": 0.8107
            },
            "PreSize": {
              "X": 0.4812,
              "Y": 0.1014
            },
            "LeftMargin": 332.0,
            "RightMargin": 332.0,
            "TopMargin": 99.8274,
            "BottomMargin": 547.1726,
            "Tag": 65,
            "ActionTag": -1608907307,
            "Size": {
              "X": 616.0,
              "Y": 73.0
            },
            "Name": "tborder",
            "ctype": "SpriteObjectData"
          },
          {
            "FileData": {
              "Type": "Normal",
              "Path": "image/match/jlfa.png",
              "Plist": ""
            },
            "BlendFunc": {
              "Src": 1,
              "Dst": 771
            },
            "AnchorPoint": {
              "ScaleX": 0.5,
              "ScaleY": 0.5
            },
            "Position": {
              "X": 495.0,
              "Y": 584.0001
            },
            "Scale": {
              "ScaleX": 1.0,
              "ScaleY": 1.0
            },
            "CColor": {},
            "IconVisible": false,
            "PrePosition": {
              "X": 0.3867,
              "Y": 0.8111
            },
            "PreSize": {
              "X": 0.1141,
              "Y": 0.0569
            },
            "LeftMargin": 422.0,
            "RightMargin": 712.0,
            "TopMargin": 115.4999,
            "BottomMargin": 563.5001,
            "Tag": 66,
            "ActionTag": -747912228,
            "Size": {
              "X": 146.0,
              "Y": 41.0
            },
            "Name": "jlfangan",
            "ctype": "SpriteObjectData"
          },
          {
            "FileData": {
              "Type": "Normal",
              "Path": "image/match/szxq.png",
              "Plist": ""
            },
            "BlendFunc": {
              "Src": 1,
              "Dst": 771
            },
            "AnchorPoint": {
              "ScaleX": 0.5,
              "ScaleY": 0.5
            },
            "Position": {
              "X": 778.0009,
              "Y": 584.0
            },
            "Scale": {
              "ScaleX": 1.0,
              "ScaleY": 1.0
            },
            "CColor": {},
            "IconVisible": false,
            "PrePosition": {
              "X": 0.6078,
              "Y": 0.8111
            },
            "PreSize": {
              "X": 0.1148,
              "Y": 0.0569
            },
            "LeftMargin": 704.5009,
            "RightMargin": 428.4991,
            "TopMargin": 115.5,
            "BottomMargin": 563.5,
            "Tag": 67,
            "ActionTag": -809838287,
            "Size": {
              "X": 147.0,
              "Y": 41.0
            },
            "Name": "szxiangqing",
            "ctype": "SpriteObjectData"
          },
          {
            "FileData": {
              "Type": "Normal",
              "Path": "image/match/btjlfa.png",
              "Plist": ""
            },
            "BlendFunc": {
              "Src": 1,
              "Dst": 771
            },
            "AnchorPoint": {
              "ScaleX": 0.5,
              "ScaleY": 0.5
            },
            "Position": {
              "X": 487.0,
              "Y": 582.0
            },
            "Scale": {
              "ScaleX": 1.0,
              "ScaleY": 1.0
            },
            "CColor": {},
            "IconVisible": false,
            "PrePosition": {
              "X": 0.3805,
              "Y": 0.8083
            },
            "PreSize": {
              "X": 0.2375,
              "Y": 0.0944
            },
            "LeftMargin": 335.0,
            "RightMargin": 641.0,
            "TopMargin": 104.0,
            "BottomMargin": 548.0,
            "Tag": 69,
            "ActionTag": -2131932284,
            "Size": {
              "X": 304.0,
              "Y": 68.0
            },
            "Name": "jlfa",
            "ctype": "SpriteObjectData"
          },
          {
            "FileData": {
              "Type": "Normal",
              "Path": "image/match/btszxq.png",
              "Plist": ""
            },
            "BlendFunc": {
              "Src": 1,
              "Dst": 771
            },
            "AnchorPoint": {
              "ScaleX": 0.5,
              "ScaleY": 0.5
            },
            "Position": {
              "X": 793.0,
              "Y": 582.0
            },
            "Scale": {
              "ScaleX": 1.0,
              "ScaleY": 1.0
            },
            "CColor": {},
            "IconVisible": false,
            "PrePosition": {
              "X": 0.6195,
              "Y": 0.8083
            },
            "PreSize": {
              "X": 0.2375,
              "Y": 0.0944
            },
            "LeftMargin": 641.0,
            "RightMargin": 335.0,
            "TopMargin": 104.0,
            "BottomMargin": 548.0,
            "Tag": 68,
            "ActionTag": 1334591885,
            "Size": {
              "X": 304.0,
              "Y": 68.0
            },
            "VisibleForFrame": false,
            "Name": "szxq",
            "ctype": "SpriteObjectData"
          },
          {
            "ClipAble": false,
            "BackColorAlpha": 0,
            "ComboBoxIndex": 1,
            "SingleColor": {
              "R": 0,
              "G": 0,
              "B": 0
            },
            "FirstColor": {
              "R": 150,
              "G": 200
            },
            "EndColor": {},
            "ColorVector": {
              "ScaleY": 1.0
            },
            "Scale9Width": 1,
            "Scale9Height": 1,
            "AnchorPoint": {},
            "Position": {
              "X": 335.0,
              "Y": 548.0
            },
            "Scale": {
              "ScaleX": 1.0,
              "ScaleY": 1.0
            },
            "CColor": {},
            "IconVisible": false,
            "PrePosition": {
              "X": 0.2617,
              "Y": 0.7611
            },
            "PreSize": {
              "X": 0.2344,
              "Y": 0.0972
            },
            "LeftMargin": 335.0,
            "RightMargin": 645.0,
            "TopMargin": 102.0,
            "BottomMargin": 548.0,
            "Tag": 70,
            "ActionTag": 356457392,
            "Size": {
              "X": 300.0,
              "Y": 70.0
            },
            "VisibleForFrame": false,
            "Name": "btn_jiangli",
            "ctype": "PanelObjectData"
          },
          {
            "ClipAble": false,
            "BackColorAlpha": 0,
            "ComboBoxIndex": 1,
            "SingleColor": {
              "R": 0,
              "G": 0,
              "B": 0
            },
            "FirstColor": {
              "R": 150,
              "G": 200
            },
            "EndColor": {},
            "ColorVector": {
              "ScaleY": 1.0
            },
            "Scale9Width": 1,
            "Scale9Height": 1,
            "AnchorPoint": {},
            "Position": {
              "X": 644.0001,
              "Y": 548.0
            },
            "Scale": {
              "ScaleX": 1.0,
              "ScaleY": 1.0
            },
            "CColor": {},
            "IconVisible": false,
            "PrePosition": {
              "X": 0.5031,
              "Y": 0.7611
            },
            "PreSize": {
              "X": 0.2344,
              "Y": 0.0972
            },
            "LeftMargin": 644.0001,
            "RightMargin": 335.9999,
            "TopMargin": 102.0,
            "BottomMargin": 548.0,
            "Tag": 71,
            "ActionTag": -1519381667,
            "Size": {
              "X": 300.0,
              "Y": 70.0
            },
            "Name": "btn_saizhi",
            "ctype": "PanelObjectData"
          },
          {
            "IsCustomSize": true,
            "FontSize": 26,
            "LabelText": "占位占位占位",
            "OutlineColor": {
              "G": 0,
              "B": 0
            },
            "ShadowColor": {
              "R": 110,
              "G": 110,
              "B": 110
            },
            "ShadowOffsetX": 2.0,
            "ShadowOffsetY": -2.0,
            "AnchorPoint": {
              "ScaleX": 0.5,
              "ScaleY": 0.5
            },
            "Position": {
              "X": 641.0,
              "Y": 294.0
            },
            "Scale": {
              "ScaleX": 1.0,
              "ScaleY": 1.0
            },
            "CColor": {
              "R": 39,
              "G": 119,
              "B": 182
            },
            "IconVisible": false,
            "PrePosition": {
              "X": 0.5008,
              "Y": 0.4083
            },
            "PreSize": {
              "X": 0.5859,
              "Y": 0.6111
            },
            "LeftMargin": 266.0,
            "RightMargin": 264.0,
            "TopMargin": 206.0,
            "BottomMargin": 74.0,
            "Tag": 59,
            "ActionTag": 75032044,
            "Size": {
              "X": 750.0,
              "Y": 440.0
            },
            "Name": "showtext",
            "ctype": "TextObjectData"
          }
        ],
        "Size": {
          "X": 1280.0,
          "Y": 720.0
        },
        "Name": "Layer",
        "ctype": "LayerObjectData"
      },
      "UsedResources": [
        "../../image/match/bsxq.png",
        "../../image/match/btjlfa.png",
        "../../image/match/btnclose.png",
        "../../image/match/btszxq.png",
        "../../image/match/detailbg.png",
        "../../image/match/jlfa.png",
        "../../image/match/szxq.png",
        "../../image/match/xqborder.png"
      ],
      "ctype": "GameFileData"
    }
  },
  "Type": "Layer"
}