{
  "ID": "c4b1d30b-2891-454f-a29f-88791bff6ac2",
  "Version": "2.3.4",
  "Name": "MatchPromotionLayer",
  "Content": {
    "Content": {
      "Animation": {
        "Duration": 0,
        "Speed": 1.0,
        "Timelines": [],
        "ctype": "TimelineActionData"
      },
      "AnimationList": [],
      "ObjectData": {
        "Tag": 216,
        "Children": [
          {
            "ClipAble": false,
            "BackColorAlpha": 102,
            "ComboBoxIndex": 1,
            "SingleColor": {
              "R": 150,
              "G": 200
            },
            "FirstColor": {
              "R": 150,
              "G": 200
            },
            "EndColor": {},
            "ColorVector": {
              "ScaleY": 1.0
            },
            "Scale9Width": 1,
            "Scale9Height": 1,
            "TouchEnable": true,
            "AnchorPoint": {},
            "Position": {
              "X": 0.0,
              "Y": 0.0
            },
            "Scale": {
              "ScaleX": 1.0,
              "ScaleY": 1.0
            },
            "CColor": {},
            "IconVisible": false,
            "PositionPercentXEnabled": true,
            "PositionPercentYEnabled": true,
            "PrePosition": {
              "X": 0.0,
              "Y": 0.0
            },
            "PercentWidthEnable": true,
            "PercentHeightEnable": true,
            "PercentWidthEnabled": true,
            "PercentHeightEnabled": true,
            "PreSize": {
              "X": 1.0,
              "Y": 1.0
            },
            "Tag": 463,
            "ActionTag": -806987241,
            "Size": {
              "X": 1280.0,
              "Y": 720.0
            },
            "Name": "Panel_1",
            "ctype": "PanelObjectData"
          },
          {
            "FileData": {
              "Type": "Normal",
              "Path": "image/match/MatchPromotionLayer_bg.jpg",
              "Plist": ""
            },
            "BlendFunc": {
              "Src": 770,
              "Dst": 771
            },
            "AnchorPoint": {
              "ScaleX": 0.5,
              "ScaleY": 0.5
            },
            "Position": {
              "X": 640.0,
              "Y": 360.0
            },
            "Scale": {
              "ScaleX": 1.0,
              "ScaleY": 1.0
            },
            "CColor": {},
            "IconVisible": false,
            "PositionPercentXEnabled": true,
            "PositionPercentYEnabled": true,
            "PrePosition": {
              "X": 0.5,
              "Y": 0.5
            },
            "PreSize": {
              "X": 1.2188,
              "Y": 1.0
            },
            "LeftMargin": -140.0,
            "RightMargin": -140.0,
            "Tag": 217,
            "ActionTag": 57379940,
            "Size": {
              "X": 1560.0,
              "Y": 720.0
            },
            "Name": "bg",
            "ctype": "SpriteObjectData"
          },
          {
            "FileData": {
              "Type": "Normal",
              "Path": "image/match/bsback.png",
              "Plist": ""
            },
            "BlendFunc": {
              "Src": 1,
              "Dst": 771
            },
            "AnchorPoint": {
              "ScaleX": 0.5,
              "ScaleY": 0.5
            },
            "Position": {
              "X": 39.9879,
              "Y": 681.38
            },
            "Scale": {
              "ScaleX": 1.0,
              "ScaleY": 1.0
            },
            "CColor": {},
            "IconVisible": false,
            "PrePosition": {
              "X": 0.0312,
              "Y": 0.9464
            },
            "PreSize": {
              "X": 0.0516,
              "Y": 0.0917
            },
            "LeftMargin": 6.9879,
            "RightMargin": 1207.0121,
            "TopMargin": 5.62,
            "BottomMargin": 648.38,
            "Tag": 34,
            "ActionTag": 1647539894,
            "Size": {
              "X": 66.0,
              "Y": 66.0
            },
            "VisibleForFrame": false,
            "Name": "btn_back",
            "ctype": "SpriteObjectData"
          },
          {
            "FontSize": 30,
            "LabelText": "剩余1000桌",
            "HorizontalAlignmentType": "HT_Center",
            "VerticalAlignmentType": "VT_Center",
            "OutlineColor": {
              "G": 0,
              "B": 0
            },
            "ShadowColor": {
              "R": 110,
              "G": 110,
              "B": 110
            },
            "ShadowOffsetX": 2.0,
            "ShadowOffsetY": -2.0,
            "AnchorPoint": {
              "ScaleX": 0.5,
              "ScaleY": 0.5
            },
            "Position": {
              "X": 642.8643,
              "Y": 288.7233
            },
            "Scale": {
              "ScaleX": 1.0,
              "ScaleY": 1.0
            },
            "CColor": {
              "R": 152,
              "G": 78,
              "B": 11
            },
            "IconVisible": false,
            "PrePosition": {
              "X": 0.5022,
              "Y": 0.401
            },
            "PreSize": {
              "X": 0.1227,
              "Y": 0.0472
            },
            "LeftMargin": 564.3643,
            "RightMargin": 558.6357,
            "TopMargin": 414.2767,
            "BottomMargin": 271.7233,
            "Tag": 221,
            "ActionTag": -1310208387,
            "Size": {
              "X": 157.0,
              "Y": 34.0
            },
            "Name": "leftround",
            "ctype": "TextObjectData"
          },
          {
            "AnchorPoint": {},
            "Position": {
              "X": 85.0,
              "Y": 482.0
            },
            "Scale": {
              "ScaleX": 1.0,
              "ScaleY": 1.0
            },
            "CColor": {},
            "IconVisible": true,
            "PrePosition": {
              "X": 0.0664,
              "Y": 0.6694
            },
            "PreSize": {
              "X": 0.0,
              "Y": 0.0
            },
            "LeftMargin": 85.0,
            "RightMargin": 1195.0,
            "TopMargin": 238.0,
            "BottomMargin": 482.0,
            "Tag": 252,
            "Children": [
              {
                "FileData": {
                  "Type": "Normal",
                  "Path": "image/match/chengji_bg.png",
                  "Plist": ""
                },
                "BlendFunc": {
                  "Src": 1,
                  "Dst": 771
                },
                "AnchorPoint": {
                  "ScaleX": 0.5,
                  "ScaleY": 0.5
                },
                "Position": {
                  "X": 100.0,
                  "Y": 0.0
                },
                "Scale": {
                  "ScaleX": 1.0,
                  "ScaleY": 1.0
                },
                "CColor": {},
                "IconVisible": false,
                "PositionPercentYEnabled": true,
                "PrePosition": {
                  "X": 0.0,
                  "Y": 0.0
                },
                "PreSize": {
                  "X": 0.0,
                  "Y": 0.0
                },
                "LeftMargin": -73.5,
                "RightMargin": -273.5,
                "TopMargin": -75.5,
                "BottomMargin": -75.5,
                "Tag": 265,
                "ActionTag": 1474826051,
                "Size": {
                  "X": 347.0,
                  "Y": 151.0
                },
                "Name": "chengji_bg_11",
                "ctype": "SpriteObjectData"
              },
              {
                "FileData": {
                  "Type": "Normal",
                  "Path": "image/match/defaultHead.jpg",
                  "Plist": ""
                },
                "BlendFunc": {
                  "Src": 770,
                  "Dst": 771
                },
                "AnchorPoint": {
                  "ScaleX": 0.5,
                  "ScaleY": 0.5
                },
                "Position": {
                  "X": 0.0,
                  "Y": 0.0
                },
                "Scale": {
                  "ScaleX": 0.75,
                  "ScaleY": 0.75
                },
                "CColor": {},
                "IconVisible": false,
                "PrePosition": {
                  "X": 0.0,
                  "Y": 0.0
                },
                "PreSize": {
                  "X": 0.0,
                  "Y": 0.0
                },
                "LeftMargin": -66.0,
                "RightMargin": -66.0,
                "TopMargin": -66.0,
                "BottomMargin": -66.0,
                "Tag": 253,
                "ActionTag": 2116210741,
                "Size": {
                  "X": 132.0,
                  "Y": 132.0
                },
                "Name": "head",
                "ctype": "SpriteObjectData"
              },
              {
                "FileData": {
                  "Type": "Normal",
                  "Path": "image/match/word_dangqianchengji.png",
                  "Plist": ""
                },
                "BlendFunc": {
                  "Src": 1,
                  "Dst": 771
                },
                "AnchorPoint": {
                  "ScaleX": 0.5,
                  "ScaleY": 0.5
                },
                "Position": {
                  "X": 158.0,
                  "Y": 34.0
                },
                "Scale": {
                  "ScaleX": 1.0,
                  "ScaleY": 1.0
                },
                "CColor": {},
                "IconVisible": false,
                "PrePosition": {
                  "X": 0.0,
                  "Y": 0.0
                },
                "PreSize": {
                  "X": 0.0,
                  "Y": 0.0
                },
                "LeftMargin": 78.5,
                "RightMargin": -237.5,
                "TopMargin": -56.0,
                "BottomMargin": 12.0,
                "Tag": 218,
                "ActionTag": 1371918127,
                "Size": {
                  "X": 159.0,
                  "Y": 44.0
                },
                "Name": "word",
                "ctype": "SpriteObjectData"
              },
              {
                "FontSize": 26,
                "LabelText": "积分",
                "HorizontalAlignmentType": "HT_Center",
                "VerticalAlignmentType": "VT_Center",
                "OutlineColor": {
                  "G": 0,
                  "B": 0
                },
                "ShadowColor": {
                  "R": 110,
                  "G": 110,
                  "B": 110
                },
                "ShadowOffsetX": 2.0,
                "ShadowOffsetY": -2.0,
                "AnchorPoint": {
                  "ScaleX": 0.5,
                  "ScaleY": 0.5
                },
                "Position": {
                  "X": 100.65,
                  "Y": -10.69
                },
                "Scale": {
                  "ScaleX": 1.0,
                  "ScaleY": 1.0
                },
                "CColor": {},
                "IconVisible": false,
                "PrePosition": {
                  "X": 0.0,
                  "Y": 0.0
                },
                "PreSize": {
                  "X": 0.0,
                  "Y": 0.0
                },
                "LeftMargin": 74.65,
                "RightMargin": -126.65,
                "TopMargin": -4.81,
                "BottomMargin": -26.19,
                "Tag": 260,
                "ActionTag": 48551657,
                "Size": {
                  "X": 52.0,
                  "Y": 31.0
                },
                "Name": "Text_1_0",
                "ctype": "TextObjectData"
              },
              {
                "FontSize": 26,
                "LabelText": "总排名",
                "HorizontalAlignmentType": "HT_Center",
                "VerticalAlignmentType": "VT_Center",
                "OutlineColor": {
                  "G": 0,
                  "B": 0
                },
                "ShadowColor": {
                  "R": 110,
                  "G": 110,
                  "B": 110
                },
                "ShadowOffsetX": 2.0,
                "ShadowOffsetY": -2.0,
                "AnchorPoint": {
                  "ScaleX": 0.5,
                  "ScaleY": 0.5
                },
                "Position": {
                  "X": 193.048,
                  "Y": -10.69
                },
                "Scale": {
                  "ScaleX": 1.0,
                  "ScaleY": 1.0
                },
                "CColor": {},
                "IconVisible": false,
                "PrePosition": {
                  "X": 0.0,
                  "Y": 0.0
                },
                "PreSize": {
                  "X": 0.0,
                  "Y": 0.0
                },
                "LeftMargin": 154.048,
                "RightMargin": -232.048,
                "TopMargin": -4.81,
                "BottomMargin": -26.19,
                "Tag": 261,
                "ActionTag": -167518166,
                "Size": {
                  "X": 78.0,
                  "Y": 31.0
                },
                "Name": "Text_1_0_0",
                "ctype": "TextObjectData"
              },
              {
                "FontSize": 30,
                "LabelText": "5000",
                "HorizontalAlignmentType": "HT_Center",
                "VerticalAlignmentType": "VT_Center",
                "OutlineColor": {
                  "G": 0,
                  "B": 0
                },
                "ShadowColor": {
                  "R": 110,
                  "G": 110,
                  "B": 110
                },
                "ShadowOffsetX": 2.0,
                "ShadowOffsetY": -2.0,
                "AnchorPoint": {
                  "ScaleX": 0.5,
                  "ScaleY": 0.5
                },
                "Position": {
                  "X": 99.9449,
                  "Y": -46.5365
                },
                "Scale": {
                  "ScaleX": 1.0,
                  "ScaleY": 1.0
                },
                "CColor": {
                  "B": 0
                },
                "IconVisible": false,
                "PrePosition": {
                  "X": 0.0,
                  "Y": 0.0
                },
                "PreSize": {
                  "X": 0.0,
                  "Y": 0.0
                },
                "LeftMargin": 66.4449,
                "RightMargin": -133.4449,
                "TopMargin": 29.5365,
                "BottomMargin": -63.5365,
                "Tag": 263,
                "ActionTag": -1641398915,
                "Size": {
                  "X": 67.0,
                  "Y": 34.0
                },
                "Name": "score",
                "ctype": "TextObjectData"
              },
              {
                "FontSize": 30,
                "LabelText": "100/100",
                "HorizontalAlignmentType": "HT_Center",
                "VerticalAlignmentType": "VT_Center",
                "OutlineColor": {
                  "G": 0,
                  "B": 0
                },
                "ShadowColor": {
                  "R": 110,
                  "G": 110,
                  "B": 110
                },
                "ShadowOffsetX": 2.0,
                "ShadowOffsetY": -2.0,
                "AnchorPoint": {
                  "ScaleX": 0.5,
                  "ScaleY": 0.5
                },
                "Position": {
                  "X": 194.2907,
                  "Y": -45.8538
                },
                "Scale": {
                  "ScaleX": 1.0,
                  "ScaleY": 1.0
                },
                "CColor": {
                  "B": 0
                },
                "IconVisible": false,
                "PrePosition": {
                  "X": 0.0,
                  "Y": 0.0
                },
                "PreSize": {
                  "X": 0.0,
                  "Y": 0.0
                },
                "LeftMargin": 139.7907,
                "RightMargin": -248.7907,
                "TopMargin": 28.8538,
                "BottomMargin": -62.8538,
                "Tag": 264,
                "ActionTag": 1740816749,
                "Size": {
                  "X": 109.0,
                  "Y": 34.0
                },
                "Name": "paiming",
                "ctype": "TextObjectData"
              }
            ],
            "ActionTag": -251189800,
            "Size": {
              "X": 0.0,
              "Y": 0.0
            },
            "Name": "lnode",
            "ctype": "SingleNodeObjectData"
          },
          {
            "AnchorPoint": {},
            "Position": {
              "X": 1105.7614,
              "Y": 480.5337
            },
            "Scale": {
              "ScaleX": 1.0,
              "ScaleY": 1.0
            },
            "CColor": {},
            "IconVisible": true,
            "PrePosition": {
              "X": 0.8639,
              "Y": 0.6674
            },
            "PreSize": {
              "X": 0.0,
              "Y": 0.0
            },
            "LeftMargin": 1105.7614,
            "RightMargin": 174.2386,
            "TopMargin": 239.4663,
            "BottomMargin": 480.5337,
            "Tag": 266,
            "Children": [
              {
                "FileData": {
                  "Type": "Normal",
                  "Path": "image/match/right_bg.png",
                  "Plist": ""
                },
                "BlendFunc": {
                  "Src": 1,
                  "Dst": 771
                },
                "AnchorPoint": {
                  "ScaleX": 0.5,
                  "ScaleY": 0.5
                },
                "Position": {
                  "X": 0.0,
                  "Y": 0.0
                },
                "Scale": {
                  "ScaleX": 1.0,
                  "ScaleY": 1.0
                },
                "CColor": {},
                "IconVisible": false,
                "PositionPercentXEnabled": true,
                "PositionPercentYEnabled": true,
                "PrePosition": {
                  "X": 0.0,
                  "Y": 0.0
                },
                "PreSize": {
                  "X": 0.0,
                  "Y": 0.0
                },
                "LeftMargin": -162.5,
                "RightMargin": -162.5,
                "TopMargin": -105.0,
                "BottomMargin": -105.0,
                "Tag": 267,
                "ActionTag": -703112185,
                "Size": {
                  "X": 325.0,
                  "Y": 210.0
                },
                "Name": "right_bg_12",
                "ctype": "SpriteObjectData"
              },
              {
                "FileData": {
                  "Type": "Normal",
                  "Path": "image/match/word_jingjitiaojian.png",
                  "Plist": ""
                },
                "BlendFunc": {
                  "Src": 1,
                  "Dst": 771
                },
                "AnchorPoint": {
                  "ScaleX": 0.5,
                  "ScaleY": 0.5
                },
                "Position": {
                  "X": 0.0,
                  "Y": 65.3475
                },
                "Scale": {
                  "ScaleX": 1.0,
                  "ScaleY": 1.0
                },
                "CColor": {},
                "IconVisible": false,
                "PositionPercentXEnabled": true,
                "PrePosition": {
                  "X": 0.0,
                  "Y": 0.0
                },
                "PreSize": {
                  "X": 0.0,
                  "Y": 0.0
                },
                "LeftMargin": -78.0,
                "RightMargin": -78.0,
                "TopMargin": -87.3475,
                "BottomMargin": 43.3475,
                "Tag": 219,
                "ActionTag": 1021275292,
                "Size": {
                  "X": 156.0,
                  "Y": 44.0
                },
                "Name": "word_jingjitiaojian_3",
                "ctype": "SpriteObjectData"
              },
              {
                "FontSize": 26,
                "LabelText": "前1000名晋级",
                "HorizontalAlignmentType": "HT_Center",
                "VerticalAlignmentType": "VT_Center",
                "OutlineColor": {
                  "G": 0,
                  "B": 0
                },
                "ShadowColor": {
                  "R": 110,
                  "G": 110,
                  "B": 110
                },
                "ShadowOffsetX": 2.0,
                "ShadowOffsetY": -2.0,
                "AnchorPoint": {
                  "ScaleX": 0.5,
                  "ScaleY": 0.5
                },
                "Position": {
                  "X": 0.0,
                  "Y": 12.7103
                },
                "Scale": {
                  "ScaleX": 1.0,
                  "ScaleY": 1.0
                },
                "CColor": {},
                "IconVisible": false,
                "PositionPercentXEnabled": true,
                "PrePosition": {
                  "X": 0.0,
                  "Y": 0.0
                },
                "PreSize": {
                  "X": 0.0,
                  "Y": 0.0
                },
                "LeftMargin": -81.0,
                "RightMargin": -81.0,
                "TopMargin": -28.2103,
                "BottomMargin": -2.7897,
                "Tag": 268,
                "ActionTag": -1075265438,
                "Size": {
                  "X": 162.0,
                  "Y": 31.0
                },
                "Name": "jinji",
                "ctype": "TextObjectData"
              },
              {
                "FontSize": 26,
                "LabelText": "当前最低分：",
                "HorizontalAlignmentType": "HT_Center",
                "VerticalAlignmentType": "VT_Center",
                "OutlineColor": {
                  "G": 0,
                  "B": 0
                },
                "ShadowColor": {
                  "R": 110,
                  "G": 110,
                  "B": 110
                },
                "ShadowOffsetX": 2.0,
                "ShadowOffsetY": -2.0,
                "AnchorPoint": {
                  "ScaleX": 0.5,
                  "ScaleY": 0.5
                },
                "Position": {
                  "X": 0.0,
                  "Y": -26.3323
                },
                "Scale": {
                  "ScaleX": 1.0,
                  "ScaleY": 1.0
                },
                "CColor": {},
                "IconVisible": false,
                "PositionPercentXEnabled": true,
                "PrePosition": {
                  "X": 0.0,
                  "Y": 0.0
                },
                "PreSize": {
                  "X": 0.0,
                  "Y": 0.0
                },
                "LeftMargin": -78.0,
                "RightMargin": -78.0,
                "TopMargin": 10.8323,
                "BottomMargin": -41.8323,
                "Tag": 269,
                "ActionTag": 259307721,
                "Size": {
                  "X": 156.0,
                  "Y": 31.0
                },
                "Name": "Text_1_0_1_0",
                "ctype": "TextObjectData"
              },
              {
                "FontSize": 26,
                "LabelText": "当前最高分：",
                "HorizontalAlignmentType": "HT_Center",
                "VerticalAlignmentType": "VT_Center",
                "OutlineColor": {
                  "G": 0,
                  "B": 0
                },
                "ShadowColor": {
                  "R": 110,
                  "G": 110,
                  "B": 110
                },
                "ShadowOffsetX": 2.0,
                "ShadowOffsetY": -2.0,
                "AnchorPoint": {
                  "ScaleX": 0.5,
                  "ScaleY": 0.5
                },
                "Position": {
                  "X": 0.0,
                  "Y": -71.1838
                },
                "Scale": {
                  "ScaleX": 1.0,
                  "ScaleY": 1.0
                },
                "CColor": {},
                "IconVisible": false,
                "PositionPercentXEnabled": true,
                "PrePosition": {
                  "X": 0.0,
                  "Y": 0.0
                },
                "PreSize": {
                  "X": 0.0,
                  "Y": 0.0
                },
                "LeftMargin": -78.0,
                "RightMargin": -78.0,
                "TopMargin": 55.6838,
                "BottomMargin": -86.6838,
                "Tag": 270,
                "ActionTag": -393094175,
                "Size": {
                  "X": 156.0,
                  "Y": 31.0
                },
                "Name": "Text_1_0_1_1",
                "ctype": "TextObjectData"
              },
              {
                "FontSize": 30,
                "LabelText": "10000",
                "VerticalAlignmentType": "VT_Center",
                "OutlineColor": {
                  "G": 0,
                  "B": 0
                },
                "ShadowColor": {
                  "R": 110,
                  "G": 110,
                  "B": 110
                },
                "ShadowOffsetX": 2.0,
                "ShadowOffsetY": -2.0,
                "AnchorPoint": {
                  "ScaleY": 0.5
                },
                "Position": {
                  "X": 70.8043,
                  "Y": -26.33
                },
                "Scale": {
                  "ScaleX": 1.0,
                  "ScaleY": 1.0
                },
                "CColor": {
                  "B": 0
                },
                "IconVisible": false,
                "PrePosition": {
                  "X": 0.0,
                  "Y": 0.0
                },
                "PreSize": {
                  "X": 0.0,
                  "Y": 0.0
                },
                "LeftMargin": 70.8043,
                "RightMargin": -154.8043,
                "TopMargin": 9.33,
                "BottomMargin": -43.33,
                "Tag": 271,
                "ActionTag": -1476853819,
                "Size": {
                  "X": 84.0,
                  "Y": 34.0
                },
                "Name": "minscore",
                "ctype": "TextObjectData"
              },
              {
                "FontSize": 30,
                "LabelText": "10000",
                "VerticalAlignmentType": "VT_Center",
                "OutlineColor": {
                  "G": 0,
                  "B": 0
                },
                "ShadowColor": {
                  "R": 110,
                  "G": 110,
                  "B": 110
                },
                "ShadowOffsetX": 2.0,
                "ShadowOffsetY": -2.0,
                "AnchorPoint": {
                  "ScaleY": 0.5
                },
                "Position": {
                  "X": 70.8046,
                  "Y": -71.08
                },
                "Scale": {
                  "ScaleX": 1.0,
                  "ScaleY": 1.0
                },
                "CColor": {
                  "B": 0
                },
                "IconVisible": false,
                "PrePosition": {
                  "X": 0.0,
                  "Y": 0.0
                },
                "PreSize": {
                  "X": 0.0,
                  "Y": 0.0
                },
                "LeftMargin": 70.8046,
                "RightMargin": -154.8046,
                "TopMargin": 54.08,
                "BottomMargin": -88.08,
                "Tag": 272,
                "ActionTag": -989178935,
                "Size": {
                  "X": 84.0,
                  "Y": 34.0
                },
                "Name": "maxscore",
                "ctype": "TextObjectData"
              }
            ],
            "ActionTag": 793453177,
            "Size": {
              "X": 0.0,
              "Y": 0.0
            },
            "Name": "rnode",
            "ctype": "SingleNodeObjectData"
          },
          {
            "AnchorPoint": {},
            "Position": {
              "X": 640.0,
              "Y": 141.0025
            },
            "Scale": {
              "ScaleX": 1.0,
              "ScaleY": 1.0
            },
            "CColor": {},
            "IconVisible": true,
            "PositionPercentXEnabled": true,
            "PrePosition": {
              "X": 0.5,
              "Y": 0.1958
            },
            "PreSize": {
              "X": 0.0,
              "Y": 0.0
            },
            "LeftMargin": 640.0,
            "RightMargin": 640.0,
            "TopMargin": 578.9975,
            "BottomMargin": 141.0025,
            "Tag": 54,
            "Children": [
              {
                "FileData": {
                  "Type": "Normal",
                  "Path": "image/match/bsjjborder.png",
                  "Plist": ""
                },
                "BlendFunc": {
                  "Src": 1,
                  "Dst": 771
                },
                "AnchorPoint": {
                  "ScaleX": 0.5,
                  "ScaleY": 0.5
                },
                "Position": {
                  "X": 0.0,
                  "Y": 0.0
                },
                "Scale": {
                  "ScaleX": 1.0,
                  "ScaleY": 1.0
                },
                "CColor": {},
                "IconVisible": false,
                "PrePosition": {
                  "X": 0.0,
                  "Y": 0.0
                },
                "PreSize": {
                  "X": 0.0,
                  "Y": 0.0
                },
                "LeftMargin": -559.5,
                "RightMargin": -559.5,
                "TopMargin": -70.5,
                "BottomMargin": -70.5,
                "Tag": 55,
                "ActionTag": -2031651577,
                "Size": {
                  "X": 1119.0,
                  "Y": 141.0
                },
                "Name": "Sprite_1",
                "ctype": "SpriteObjectData"
              },
              {
                "FontSize": 30,
                "LabelText": "比赛进程:",
                "OutlineColor": {
                  "G": 0,
                  "B": 0
                },
                "ShadowColor": {
                  "R": 110,
                  "G": 110,
                  "B": 110
                },
                "ShadowOffsetX": 2.0,
                "ShadowOffsetY": -2.0,
                "AnchorPoint": {
                  "ScaleX": 0.5,
                  "ScaleY": 0.5
                },
                "Position": {
                  "X": -250.9999,
                  "Y": 19.0
                },
                "Scale": {
                  "ScaleX": 1.0,
                  "ScaleY": 1.0
                },
                "CColor": {
                  "R": 138,
                  "G": 63,
                  "B": 12
                },
                "IconVisible": false,
                "PrePosition": {
                  "X": 0.0,
                  "Y": 0.0
                },
                "PreSize": {
                  "X": 0.0,
                  "Y": 0.0
                },
                "LeftMargin": -315.4999,
                "RightMargin": 186.4999,
                "TopMargin": -36.0,
                "BottomMargin": 2.0,
                "Tag": 56,
                "ActionTag": 1102044782,
                "Size": {
                  "X": 129.0,
                  "Y": 34.0
                },
                "Name": "Text_1",
                "ctype": "TextObjectData"
              },
              {
                "FontSize": 30,
                "LabelText": "第1000/1000轮",
                "OutlineColor": {
                  "G": 0,
                  "B": 0
                },
                "ShadowColor": {
                  "R": 110,
                  "G": 110,
                  "B": 110
                },
                "ShadowOffsetX": 2.0,
                "ShadowOffsetY": -2.0,
                "AnchorPoint": {},
                "Position": {
                  "X": -180.9995,
                  "Y": 1.9997
                },
                "Scale": {
                  "ScaleX": 1.0,
                  "ScaleY": 1.0
                },
                "CColor": {
                  "R": 138,
                  "G": 63,
                  "B": 12
                },
                "IconVisible": false,
                "PrePosition": {
                  "X": 0.0,
                  "Y": 0.0
                },
                "PreSize": {
                  "X": 0.0,
                  "Y": 0.0
                },
                "LeftMargin": -180.9995,
                "RightMargin": -21.0005,
                "TopMargin": -35.9997,
                "BottomMargin": 1.9997,
                "Tag": 57,
                "ActionTag": -197758339,
                "Size": {
                  "X": 202.0,
                  "Y": 34.0
                },
                "Name": "cround",
                "ctype": "TextObjectData"
              },
              {
                "FontSize": 30,
                "LabelText": "下轮赛制:",
                "OutlineColor": {
                  "G": 0,
                  "B": 0
                },
                "ShadowColor": {
                  "R": 110,
                  "G": 110,
                  "B": 110
                },
                "ShadowOffsetX": 2.0,
                "ShadowOffsetY": -2.0,
                "AnchorPoint": {
                  "ScaleX": 0.5,
                  "ScaleY": 0.5
                },
                "Position": {
                  "X": 102.0084,
                  "Y": 19.0
                },
                "Scale": {
                  "ScaleX": 1.0,
                  "ScaleY": 1.0
                },
                "CColor": {
                  "R": 138,
                  "G": 63,
                  "B": 12
                },
                "IconVisible": false,
                "PrePosition": {
                  "X": 0.0,
                  "Y": 0.0
                },
                "PreSize": {
                  "X": 0.0,
                  "Y": 0.0
                },
                "LeftMargin": 37.5084,
                "RightMargin": -166.5084,
                "TopMargin": -36.0,
                "BottomMargin": 2.0,
                "Tag": 65,
                "ActionTag": 90606551,
                "Size": {
                  "X": 129.0,
                  "Y": 34.0
                },
                "Name": "Text_1_1",
                "ctype": "TextObjectData"
              },
              {
                "FontSize": 30,
                "LabelText": "定局积分",
                "OutlineColor": {
                  "G": 0,
                  "B": 0
                },
                "ShadowColor": {
                  "R": 110,
                  "G": 110,
                  "B": 110
                },
                "ShadowOffsetX": 2.0,
                "ShadowOffsetY": -2.0,
                "AnchorPoint": {
                  "ScaleY": 0.5
                },
                "Position": {
                  "X": 183.4995,
                  "Y": 19.0
                },
                "Scale": {
                  "ScaleX": 1.0,
                  "ScaleY": 1.0
                },
                "CColor": {
                  "R": 138,
                  "G": 63,
                  "B": 12
                },
                "IconVisible": false,
                "PrePosition": {
                  "X": 0.0,
                  "Y": 0.0
                },
                "PreSize": {
                  "X": 0.0,
                  "Y": 0.0
                },
                "LeftMargin": 183.4995,
                "RightMargin": -303.4995,
                "TopMargin": -36.0,
                "BottomMargin": 2.0,
                "Tag": 66,
                "ActionTag": -1936152632,
                "Size": {
                  "X": 120.0,
                  "Y": 34.0
                },
                "Name": "nextmatch",
                "ctype": "TextObjectData"
              },
              {
                "FontSize": 30,
                "LabelText": "请等待其他选手完成本轮比赛",
                "OutlineColor": {
                  "G": 0,
                  "B": 0
                },
                "ShadowColor": {
                  "R": 110,
                  "G": 110,
                  "B": 110
                },
                "ShadowOffsetX": 2.0,
                "ShadowOffsetY": -2.0,
                "AnchorPoint": {
                  "ScaleX": 0.5,
                  "ScaleY": 0.5
                },
                "Position": {
                  "X": 0.0,
                  "Y": -29.0
                },
                "Scale": {
                  "ScaleX": 1.0,
                  "ScaleY": 1.0
                },
                "CColor": {
                  "R": 138,
                  "G": 63,
                  "B": 12
                },
                "IconVisible": false,
                "PositionPercentXEnabled": true,
                "PrePosition": {
                  "X": 0.0,
                  "Y": 0.0
                },
                "PreSize": {
                  "X": 0.0,
                  "Y": 0.0
                },
                "LeftMargin": -195.0,
                "RightMargin": -195.0,
                "TopMargin": 12.0,
                "BottomMargin": -46.0,
                "Tag": 67,
                "ActionTag": -1684270612,
                "Size": {
                  "X": 390.0,
                  "Y": 34.0
                },
                "Name": "nextmatch_0",
                "ctype": "TextObjectData"
              }
            ],
            "ActionTag": -1128030733,
            "Size": {
              "X": 0.0,
              "Y": 0.0
            },
            "Name": "bnode",
            "ctype": "SingleNodeObjectData"
          },
          {
            "FileData": {
              "Type": "Default",
              "Path": "Default/Sprite.png",
              "Plist": ""
            },
            "BlendFunc": {
              "Src": 1,
              "Dst": 771
            },
            "AnchorPoint": {
              "ScaleX": 0.5,
              "ScaleY": 0.5
            },
            "Position": {
              "X": 36.3801,
              "Y": 689.0759
            },
            "Scale": {
              "ScaleX": 1.0,
              "ScaleY": 1.0
            },
            "CColor": {},
            "IconVisible": false,
            "PrePosition": {
              "X": 0.0284,
              "Y": 0.957
            },
            "PreSize": {
              "X": 0.0359,
              "Y": 0.0639
            },
            "LeftMargin": 13.3801,
            "RightMargin": 1220.6199,
            "TopMargin": 7.9241,
            "BottomMargin": 666.0759,
            "Tag": 442,
            "ActionTag": -1114487447,
            "Size": {
              "X": 46.0,
              "Y": 46.0
            },
            "VisibleForFrame": false,
            "Name": "btn_back",
            "ctype": "SpriteObjectData"
          }
        ],
        "Size": {
          "X": 1280.0,
          "Y": 720.0
        },
        "Name": "Layer",
        "ctype": "LayerObjectData"
      },
      "UsedResources": [
        "../../Default/Sprite.png",
        "../../image/match/bsback.png",
        "../../image/match/bsjjborder.png",
        "../../image/match/chengji_bg.png",
        "../../image/match/defaultHead.jpg",
        "../../image/match/MatchPromotionLayer_bg.jpg",
        "../../image/match/right_bg.png",
        "../../image/match/word_dangqianchengji.png",
        "../../image/match/word_jingjitiaojian.png"
      ],
      "ctype": "GameFileData"
    }
  },
  "Type": "Layer"
}