{
  "ID": "b5b3f67b-8cb0-4a5c-876f-053290fc819d",
  "Version": "2.3.4",
  "Name": "MatchResultItem",
  "Content": {
    "Content": {
      "Animation": {
        "Duration": 0,
        "Speed": 1.0,
        "Timelines": [],
        "ctype": "TimelineActionData"
      },
      "AnimationList": [],
      "ObjectData": {
        "Tag": 23,
        "Children": [
          {
            "FileData": {
              "Type": "Normal",
              "Path": "image/match/resultitem.png",
              "Plist": ""
            },
            "BlendFunc": {
              "Src": 1,
              "Dst": 771
            },
            "AnchorPoint": {},
            "Position": {
              "X": 0.0,
              "Y": 6.0
            },
            "Scale": {
              "ScaleX": 1.0,
              "ScaleY": 1.0
            },
            "CColor": {},
            "IconVisible": false,
            "PrePosition": {
              "X": 0.0,
              "Y": 0.05
            },
            "PreSize": {
              "X": 1.0,
              "Y": 0.95
            },
            "BottomMargin": 6.0,
            "Tag": 24,
            "ActionTag": 2119738971,
            "Size": {
              "X": 1165.0,
              "Y": 114.0
            },
            "Name": "bg",
            "ctype": "SpriteObjectData"
          },
          {
            "FileData": {
              "Type": "Normal",
              "Path": "image/match/jiugongge.png",
              "Plist": ""
            },
            "Scale9Enable": true,
            "Scale9OriginX": 11,
            "Scale9OriginY": 11,
            "Scale9Width": 13,
            "Scale9Height": 14,
            "AnchorPoint": {
              "ScaleX": 0.5,
              "ScaleY": 0.5
            },
            "Position": {
              "X": 692.9988,
              "Y": 60.0
            },
            "Scale": {
              "ScaleX": 1.0,
              "ScaleY": 1.0
            },
            "CColor": {},
            "IconVisible": false,
            "PositionPercentYEnabled": true,
            "PrePosition": {
              "X": 0.5948,
              "Y": 0.5
            },
            "PreSize": {
              "X": 0.7897,
              "Y": 0.75
            },
            "LeftMargin": 232.9988,
            "RightMargin": 12.0012,
            "TopMargin": 15.0,
            "BottomMargin": 15.0,
            "Tag": 27,
            "ActionTag": -637622403,
            "Size": {
              "X": 920.0,
              "Y": 90.0
            },
            "Name": "Image_1",
            "ctype": "ImageViewObjectData"
          },
          {
            "FontSize": 28,
            "LabelText": "2018-05-28 20:50",
            "OutlineColor": {
              "G": 0,
              "B": 0
            },
            "ShadowColor": {
              "R": 110,
              "G": 110,
              "B": 110
            },
            "ShadowOffsetX": 2.0,
            "ShadowOffsetY": -2.0,
            "AnchorPoint": {},
            "Position": {
              "X": 7.7604,
              "Y": 44.004
            },
            "Scale": {
              "ScaleX": 1.0,
              "ScaleY": 1.0
            },
            "CColor": {
              "R": 39,
              "G": 119,
              "B": 182
            },
            "IconVisible": false,
            "PositionPercentYEnabled": true,
            "PrePosition": {
              "X": 0.0067,
              "Y": 0.3667
            },
            "PreSize": {
              "X": 0.1906,
              "Y": 0.2667
            },
            "LeftMargin": 7.7604,
            "RightMargin": 935.2396,
            "TopMargin": 43.996,
            "BottomMargin": 44.004,
            "Tag": 25,
            "ActionTag": 1687523833,
            "Size": {
              "X": 222.0,
              "Y": 32.0
            },
            "Name": "tmlb",
            "ctype": "TextObjectData"
          },
          {
            "AnchorPoint": {},
            "Position": {
              "X": 250.1233,
              "Y": 79.4387
            },
            "Scale": {
              "ScaleX": 1.0,
              "ScaleY": 1.0
            },
            "CColor": {},
            "IconVisible": true,
            "PrePosition": {
              "X": 0.2147,
              "Y": 0.662
            },
            "PreSize": {
              "X": 0.0,
              "Y": 0.0
            },
            "LeftMargin": 250.1233,
            "RightMargin": 914.8767,
            "TopMargin": 40.5613,
            "BottomMargin": 79.4387,
            "Tag": 89,
            "ActionTag": -131443596,
            "Size": {
              "X": 0.0,
              "Y": 0.0
            },
            "Name": "mslb",
            "ctype": "SingleNodeObjectData"
          },
          {
            "IsCustomSize": true,
            "FontSize": 26,
            "LabelText": "比赛分轮次相当于是在把一个人数多,比赛时间长的大比赛,拆成了若干个连续的小比赛.这样在每一轮结束后,可以更方便的\r",
            "VerticalAlignmentType": "VT_Center",
            "OutlineColor": {
              "G": 0,
              "B": 0
            },
            "ShadowColor": {
              "R": 110,
              "G": 110,
              "B": 110
            },
            "ShadowOffsetX": 2.0,
            "ShadowOffsetY": -2.0,
            "AnchorPoint": {
              "ScaleY": 1.0
            },
            "Position": {
              "X": 240.0,
              "Y": 94.0
            },
            "Scale": {
              "ScaleX": 1.0,
              "ScaleY": 1.0
            },
            "CColor": {
              "R": 39,
              "G": 119,
              "B": 182
            },
            "IconVisible": false,
            "PrePosition": {
              "X": 0.206,
              "Y": 0.7833
            },
            "PreSize": {
              "X": 0.6009,
              "Y": 0.5833
            },
            "LeftMargin": 240.0,
            "RightMargin": 225.0,
            "TopMargin": 26.0,
            "BottomMargin": 24.0,
            "Tag": 103,
            "ActionTag": -763280184,
            "Size": {
              "X": 700.0,
              "Y": 70.0
            },
            "VisibleForFrame": false,
            "Name": "mstext",
            "ctype": "TextObjectData"
          },
          {
            "FontSize": 25,
            "LabelText": "您在定时人满赛中被淘汰了,胜败乃兵家常事,xxxxxxxxxxxx大侠请重新来过吧",
            "OutlineColor": {
              "G": 0,
              "B": 0
            },
            "ShadowColor": {
              "R": 110,
              "G": 110,
              "B": 110
            },
            "ShadowOffsetX": 2.0,
            "ShadowOffsetY": -2.0,
            "AnchorPoint": {},
            "Position": {
              "X": 242.0,
              "Y": 45.2049
            },
            "Scale": {
              "ScaleX": 1.0,
              "ScaleY": 1.0
            },
            "CColor": {
              "R": 39,
              "G": 119,
              "B": 182
            },
            "IconVisible": false,
            "PrePosition": {
              "X": 0.2077,
              "Y": 0.3767
            },
            "PreSize": {
              "X": 0.7202,
              "Y": 0.2417
            },
            "LeftMargin": 242.0,
            "RightMargin": 84.0,
            "TopMargin": 45.7951,
            "BottomMargin": 45.2049,
            "Tag": 28,
            "ActionTag": -1103381102,
            "Size": {
              "X": 839.0,
              "Y": 29.0
            },
            "VisibleForFrame": false,
            "Name": "mslb1",
            "ctype": "TextObjectData"
          },
          {
            "FileData": {
              "Type": "Normal",
              "Path": "image/match/yilingqu.png",
              "Plist": ""
            },
            "BlendFunc": {
              "Src": 1,
              "Dst": 771
            },
            "AnchorPoint": {
              "ScaleX": 0.5,
              "ScaleY": 0.5
            },
            "Position": {
              "X": 1064.0,
              "Y": 60.0
            },
            "Scale": {
              "ScaleX": 1.0,
              "ScaleY": 1.0
            },
            "CColor": {},
            "IconVisible": false,
            "PositionPercentYEnabled": true,
            "PrePosition": {
              "X": 0.9133,
              "Y": 0.5
            },
            "PreSize": {
              "X": 0.1227,
              "Y": 0.5583
            },
            "LeftMargin": 992.5,
            "RightMargin": 29.5,
            "TopMargin": 26.5,
            "BottomMargin": 26.5,
            "Tag": 30,
            "ActionTag": -129087172,
            "Size": {
              "X": 143.0,
              "Y": 67.0
            },
            "Name": "btn_yl",
            "ctype": "SpriteObjectData"
          },
          {
            "FileData": {
              "Type": "Normal",
              "Path": "image/match/kelingqu.png",
              "Plist": ""
            },
            "BlendFunc": {
              "Src": 1,
              "Dst": 771
            },
            "AnchorPoint": {
              "ScaleX": 0.5,
              "ScaleY": 0.5
            },
            "Position": {
              "X": 1064.0,
              "Y": 60.0
            },
            "Scale": {
              "ScaleX": 1.0,
              "ScaleY": 1.0
            },
            "CColor": {},
            "IconVisible": false,
            "PositionPercentYEnabled": true,
            "PrePosition": {
              "X": 0.9133,
              "Y": 0.5
            },
            "PreSize": {
              "X": 0.1227,
              "Y": 0.5583
            },
            "LeftMargin": 992.5,
            "RightMargin": 29.5,
            "TopMargin": 26.5,
            "BottomMargin": 26.5,
            "Tag": 29,
            "ActionTag": -230213026,
            "Size": {
              "X": 143.0,
              "Y": 67.0
            },
            "VisibleForFrame": false,
            "Name": "btn_kl",
            "ctype": "SpriteObjectData"
          }
        ],
        "Size": {
          "X": 1165.0,
          "Y": 120.0
        },
        "Name": "Layer",
        "ctype": "LayerObjectData"
      },
      "UsedResources": [
        "../../image/match/jiugongge.png",
        "../../image/match/kelingqu.png",
        "../../image/match/resultitem.png",
        "../../image/match/yilingqu.png"
      ],
      "ctype": "GameFileData"
    }
  },
  "Type": "Layer"
}