{
  "ID": "73910d3f-a80f-4bad-98ea-47a5285e6eb4",
  "Version": "2.3.4",
  "Name": "MatchMainLayer",
  "Content": {
    "Content": {
      "Animation": {
        "Duration": 0,
        "Speed": 1.0,
        "Timelines": [],
        "ctype": "TimelineActionData"
      },
      "AnimationList": [],
      "ObjectData": {
        "Tag": 158,
        "Children": [
          {
            "ClipAble": false,
            "BackColorAlpha": 128,
            "SingleColor": {
              "R": 0,
              "G": 0,
              "B": 0
            },
            "FirstColor": {
              "R": 150,
              "G": 200
            },
            "EndColor": {},
            "ColorVector": {
              "ScaleY": 1.0
            },
            "Scale9Width": 1,
            "Scale9Height": 1,
            "TouchEnable": true,
            "AnchorPoint": {},
            "Position": {
              "X": 0.0,
              "Y": 0.0
            },
            "Scale": {
              "ScaleX": 1.0,
              "ScaleY": 1.0
            },
            "CColor": {},
            "IconVisible": false,
            "PrePosition": {
              "X": 0.0,
              "Y": 0.0
            },
            "PreSize": {
              "X": 1.0,
              "Y": 1.0
            },
            "Tag": 159,
            "Children": [
              {
                "FileData": {
                  "Type": "Normal",
                  "Path": "image/match/bsbg.jpg",
                  "Plist": ""
                },
                "BlendFunc": {
                  "Src": 770,
                  "Dst": 771
                },
                "AnchorPoint": {
                  "ScaleX": 0.5,
                  "ScaleY": 0.5
                },
                "Position": {
                  "X": 640.0,
                  "Y": 360.0
                },
                "Scale": {
                  "ScaleX": 1.0,
                  "ScaleY": 1.0
                },
                "CColor": {},
                "IconVisible": false,
                "PositionPercentXEnabled": true,
                "PositionPercentYEnabled": true,
                "PrePosition": {
                  "X": 0.5,
                  "Y": 0.5
                },
                "PreSize": {
                  "X": 1.2188,
                  "Y": 1.0
                },
                "LeftMargin": -140.0,
                "RightMargin": -140.0,
                "Tag": 207,
                "ActionTag": 1498022589,
                "Size": {
                  "X": 1560.0,
                  "Y": 720.0
                },
                "Name": "bg",
                "ctype": "SpriteObjectData"
              },
              {
                "FileData": {
                  "Type": "Normal",
                  "Path": "image/match/bsborder.png",
                  "Plist": ""
                },
                "BlendFunc": {
                  "Src": 1,
                  "Dst": 771
                },
                "AnchorPoint": {
                  "ScaleX": 0.5,
                  "ScaleY": 0.5
                },
                "Position": {
                  "X": 640.0,
                  "Y": 360.0
                },
                "Scale": {
                  "ScaleX": 1.0,
                  "ScaleY": 1.0
                },
                "CColor": {},
                "IconVisible": false,
                "PositionPercentXEnabled": true,
                "PositionPercentYEnabled": true,
                "PrePosition": {
                  "X": 0.5,
                  "Y": 0.5
                },
                "PreSize": {
                  "X": 0.982,
                  "Y": 0.9875
                },
                "LeftMargin": 11.5,
                "RightMargin": 11.5,
                "TopMargin": 4.5,
                "BottomMargin": 4.5,
                "Tag": 160,
                "ActionTag": 492072628,
                "Size": {
                  "X": 1257.0,
                  "Y": 711.0
                },
                "Name": "border",
                "ctype": "SpriteObjectData"
              },
              {
                "FileData": {
                  "Type": "Normal",
                  "Path": "image/match/bsfkbg.png",
                  "Plist": ""
                },
                "BlendFunc": {
                  "Src": 1,
                  "Dst": 771
                },
                "AnchorPoint": {
                  "ScaleX": 0.5,
                  "ScaleY": 0.5
                },
                "Position": {
                  "X": 910.2661,
                  "Y": 668.6681
                },
                "Scale": {
                  "ScaleX": 1.0,
                  "ScaleY": 1.0
                },
                "CColor": {},
                "IconVisible": false,
                "PrePosition": {
                  "X": 0.7111,
                  "Y": 0.9287
                },
                "PreSize": {
                  "X": 0.1641,
                  "Y": 0.0861
                },
                "LeftMargin": 805.2661,
                "RightMargin": 264.7339,
                "TopMargin": 20.3319,
                "BottomMargin": 637.6681,
                "Tag": 46,
                "ActionTag": 1345325328,
                "Size": {
                  "X": 210.0,
                  "Y": 62.0
                },
                "Name": "fkbg",
                "ctype": "SpriteObjectData"
              },
              {
                "IsCustomSize": true,
                "FontSize": 30,
                "LabelText": "99999",
                "OutlineColor": {
                  "G": 0,
                  "B": 0
                },
                "ShadowColor": {
                  "R": 110,
                  "G": 110,
                  "B": 110
                },
                "ShadowOffsetX": 2.0,
                "ShadowOffsetY": -2.0,
                "AnchorPoint": {},
                "Position": {
                  "X": 885.0003,
                  "Y": 651.0
                },
                "Scale": {
                  "ScaleX": 1.0,
                  "ScaleY": 1.0
                },
                "CColor": {
                  "R": 253,
                  "G": 243,
                  "B": 223
                },
                "IconVisible": false,
                "PrePosition": {
                  "X": 0.6914,
                  "Y": 0.9042
                },
                "PreSize": {
                  "X": 0.0656,
                  "Y": 0.0472
                },
                "LeftMargin": 885.0003,
                "RightMargin": 310.9997,
                "TopMargin": 35.0,
                "BottomMargin": 651.0,
                "Tag": 47,
                "ActionTag": -755949790,
                "Size": {
                  "X": 84.0,
                  "Y": 34.0
                },
                "Name": "fklb",
                "ctype": "TextObjectData"
              },
              {
                "FileData": {
                  "Type": "Normal",
                  "Path": "image/match/bsjia.png",
                  "Plist": ""
                },
                "BlendFunc": {
                  "Src": 1,
                  "Dst": 771
                },
                "AnchorPoint": {
                  "ScaleX": 0.5,
                  "ScaleY": 0.5
                },
                "Position": {
                  "X": 997.4935,
                  "Y": 668.0
                },
                "Scale": {
                  "ScaleX": 1.0,
                  "ScaleY": 1.0
                },
                "CColor": {},
                "IconVisible": false,
                "PrePosition": {
                  "X": 0.7793,
                  "Y": 0.9278
                },
                "PreSize": {
                  "X": 0.0414,
                  "Y": 0.0736
                },
                "LeftMargin": 970.9935,
                "RightMargin": 256.0065,
                "TopMargin": 25.5,
                "BottomMargin": 641.5,
                "Tag": 48,
                "ActionTag": 1428111917,
                "Size": {
                  "X": 53.0,
                  "Y": 53.0
                },
                "Name": "btn_fk",
                "ctype": "SpriteObjectData"
              },
              {
                "FileData": {
                  "Type": "Normal",
                  "Path": "image/match/fbg2.png",
                  "Plist": ""
                },
                "BlendFunc": {
                  "Src": 1,
                  "Dst": 771
                },
                "AnchorPoint": {},
                "Position": {
                  "X": 52.0,
                  "Y": 35.9996
                },
                "Scale": {
                  "ScaleX": 1.0,
                  "ScaleY": 1.0
                },
                "CColor": {},
                "IconVisible": false,
                "PrePosition": {
                  "X": 0.0406,
                  "Y": 0.05
                },
                "PreSize": {
                  "X": 0.918,
                  "Y": 0.8194
                },
                "LeftMargin": 52.0,
                "RightMargin": 53.0,
                "TopMargin": 94.0004,
                "BottomMargin": 35.9996,
                "Tag": 198,
                "ActionTag": -11257062,
                "Size": {
                  "X": 1175.0,
                  "Y": 590.0
                },
                "Name": "Sprite_20",
                "ctype": "SpriteObjectData"
              },
              {
                "FileData": {
                  "Type": "Normal",
                  "Path": "image/match/bstit.png",
                  "Plist": ""
                },
                "BlendFunc": {
                  "Src": 1,
                  "Dst": 771
                },
                "AnchorPoint": {
                  "ScaleX": 0.5,
                  "ScaleY": 0.5
                },
                "Position": {
                  "X": 640.0,
                  "Y": 665.5569
                },
                "Scale": {
                  "ScaleX": 1.0,
                  "ScaleY": 1.0
                },
                "CColor": {},
                "IconVisible": false,
                "PositionPercentXEnabled": true,
                "PrePosition": {
                  "X": 0.5,
                  "Y": 0.9244
                },
                "PreSize": {
                  "X": 0.0977,
                  "Y": 0.1042
                },
                "LeftMargin": 577.5,
                "RightMargin": 577.5,
                "TopMargin": 16.9431,
                "BottomMargin": 628.0569,
                "Tag": 161,
                "ActionTag": -668526421,
                "Size": {
                  "X": 125.0,
                  "Y": 75.0
                },
                "Name": "title",
                "ctype": "SpriteObjectData"
              },
              {
                "FileData": {
                  "Type": "Normal",
                  "Path": "image/match/btbsjl.png",
                  "Plist": ""
                },
                "BlendFunc": {
                  "Src": 1,
                  "Dst": 771
                },
                "AnchorPoint": {
                  "ScaleX": 0.5,
                  "ScaleY": 0.5
                },
                "Position": {
                  "X": 1144.0593,
                  "Y": 663.3575
                },
                "Scale": {
                  "ScaleX": 1.0,
                  "ScaleY": 1.0
                },
                "CColor": {},
                "IconVisible": false,
                "PrePosition": {
                  "X": 0.8938,
                  "Y": 0.9213
                },
                "PreSize": {
                  "X": 0.1266,
                  "Y": 0.0958
                },
                "LeftMargin": 1063.0593,
                "RightMargin": 54.9407,
                "TopMargin": 22.1425,
                "BottomMargin": 628.8575,
                "Tag": 124,
                "Children": [
                  {
                    "FileData": {
                      "Type": "Normal",
                      "Path": "image/match/matchtip.png",
                      "Plist": ""
                    },
                    "BlendFunc": {
                      "Src": 1,
                      "Dst": 771
                    },
                    "AnchorPoint": {
                      "ScaleX": 0.5,
                      "ScaleY": 0.5
                    },
                    "Position": {
                      "X": 152.4921,
                      "Y": 61.1748
                    },
                    "Scale": {
                      "ScaleX": 1.0,
                      "ScaleY": 1.0
                    },
                    "CColor": {},
                    "IconVisible": false,
                    "PrePosition": {
                      "X": 0.9413,
                      "Y": 0.8866
                    },
                    "PreSize": {
                      "X": 0.1852,
                      "Y": 0.4348
                    },
                    "LeftMargin": 137.4921,
                    "RightMargin": -5.4921,
                    "TopMargin": -7.1748,
                    "BottomMargin": 46.1748,
                    "Tag": 22,
                    "Children": [
                      {
                        "FontSize": 20,
                        "LabelText": "20",
                        "HorizontalAlignmentType": "HT_Center",
                        "VerticalAlignmentType": "VT_Center",
                        "OutlineColor": {
                          "G": 0,
                          "B": 0
                        },
                        "ShadowColor": {
                          "R": 110,
                          "G": 110,
                          "B": 110
                        },
                        "ShadowOffsetX": 2.0,
                        "ShadowOffsetY": -2.0,
                        "AnchorPoint": {
                          "ScaleX": 0.5,
                          "ScaleY": 0.5
                        },
                        "Position": {
                          "X": 15.0,
                          "Y": 15.0
                        },
                        "Scale": {
                          "ScaleX": 1.0,
                          "ScaleY": 1.0
                        },
                        "CColor": {},
                        "IconVisible": false,
                        "PositionPercentXEnabled": true,
                        "PositionPercentYEnabled": true,
                        "PrePosition": {
                          "X": 0.5,
                          "Y": 0.5
                        },
                        "PreSize": {
                          "X": 0.7667,
                          "Y": 0.7667
                        },
                        "LeftMargin": 3.5,
                        "RightMargin": 3.5,
                        "TopMargin": 3.5,
                        "BottomMargin": 3.5,
                        "Tag": 23,
                        "ActionTag": 1648237162,
                        "Size": {
                          "X": 23.0,
                          "Y": 23.0
                        },
                        "Name": "num",
                        "ctype": "TextObjectData"
                      }
                    ],
                    "ActionTag": -2102907630,
                    "Size": {
                      "X": 30.0,
                      "Y": 30.0
                    },
                    "VisibleForFrame": false,
                    "Name": "tip",
                    "ctype": "SpriteObjectData"
                  }
                ],
                "ActionTag": 398719462,
                "Size": {
                  "X": 162.0,
                  "Y": 69.0
                },
                "Name": "btn_chengji",
                "ctype": "SpriteObjectData"
              },
              {
                "ClipAble": false,
                "BackColorAlpha": 102,
                "ComboBoxIndex": 1,
                "SingleColor": {
                  "R": 150,
                  "G": 200
                },
                "FirstColor": {
                  "R": 150,
                  "G": 200
                },
                "EndColor": {},
                "ColorVector": {
                  "ScaleY": 1.0
                },
                "Scale9Width": 1,
                "Scale9Height": 1,
                "TouchEnable": true,
                "AnchorPoint": {},
                "Position": {
                  "X": 66.0,
                  "Y": 44.0
                },
                "Scale": {
                  "ScaleX": 1.0,
                  "ScaleY": 1.0
                },
                "CColor": {},
                "IconVisible": false,
                "PrePosition": {
                  "X": 0.0516,
                  "Y": 0.0611
                },
                "PreSize": {
                  "X": 0.8969,
                  "Y": 0.7986
                },
                "LeftMargin": 66.0,
                "RightMargin": 66.0,
                "TopMargin": 101.0,
                "BottomMargin": 44.0,
                "Tag": 38,
                "ActionTag": -137872165,
                "Size": {
                  "X": 1148.0,
                  "Y": 575.0
                },
                "VisibleForFrame": false,
                "Name": "tableview",
                "ctype": "PanelObjectData"
              },
              {
                "FileData": {
                  "Type": "Normal",
                  "Path": "image/match/btnbg0.png",
                  "Plist": ""
                },
                "BlendFunc": {
                  "Src": 1,
                  "Dst": 771
                },
                "AnchorPoint": {
                  "ScaleX": 0.5,
                  "ScaleY": 0.5
                },
                "Position": {
                  "X": 164.9999,
                  "Y": 515.0002
                },
                "Scale": {
                  "ScaleX": 1.0,
                  "ScaleY": 1.0
                },
                "CColor": {},
                "IconVisible": false,
                "PrePosition": {
                  "X": 0.1289,
                  "Y": 0.7153
                },
                "PreSize": {
                  "X": 0.1813,
                  "Y": 0.1708
                },
                "LeftMargin": 48.9999,
                "RightMargin": 999.0001,
                "TopMargin": 143.4998,
                "BottomMargin": 453.5002,
                "Tag": 196,
                "Children": [
                  {
                    "FontSize": 40,
                    "LabelText": "免费赛",
                    "FontResource": {
                      "Type": "Normal",
                      "Path": "image/fonts/FZZY.TTF",
                      "Plist": ""
                    },
                    "OutlineSize": 2,
                    "OutlineColor": {
                      "R": 199,
                      "G": 131,
                      "B": 24
                    },
                    "OutlineEnabled": true,
                    "ShadowColor": {
                      "R": 110,
                      "G": 110,
                      "B": 110
                    },
                    "ShadowOffsetX": 2.0,
                    "ShadowOffsetY": -2.0,
                    "AnchorPoint": {
                      "ScaleX": 0.5,
                      "ScaleY": 0.5
                    },
                    "Position": {
                      "X": 116.0,
                      "Y": 61.5
                    },
                    "Scale": {
                      "ScaleX": 1.0,
                      "ScaleY": 1.0
                    },
                    "CColor": {},
                    "IconVisible": false,
                    "PositionPercentXEnabled": true,
                    "PositionPercentYEnabled": true,
                    "PrePosition": {
                      "X": 0.5,
                      "Y": 0.5
                    },
                    "PreSize": {
                      "X": 0.5388,
                      "Y": 0.3984
                    },
                    "LeftMargin": 53.5,
                    "RightMargin": 53.5,
                    "TopMargin": 37.0,
                    "BottomMargin": 37.0,
                    "Tag": 202,
                    "ActionTag": -1546602079,
                    "Size": {
                      "X": 125.0,
                      "Y": 49.0
                    },
                    "Name": "text",
                    "ctype": "TextObjectData"
                  }
                ],
                "ActionTag": 887042008,
                "Size": {
                  "X": 232.0,
                  "Y": 123.0
                },
                "VisibleForFrame": false,
                "Name": "btn_mfs",
                "ctype": "SpriteObjectData"
              },
              {
                "FileData": {
                  "Type": "Normal",
                  "Path": "image/match/btnbg1.png",
                  "Plist": ""
                },
                "BlendFunc": {
                  "Src": 1,
                  "Dst": 771
                },
                "AnchorPoint": {
                  "ScaleX": 0.5,
                  "ScaleY": 0.5
                },
                "Position": {
                  "X": 164.9999,
                  "Y": 387.4234
                },
                "Scale": {
                  "ScaleX": 1.0,
                  "ScaleY": 1.0
                },
                "CColor": {},
                "IconVisible": false,
                "PrePosition": {
                  "X": 0.1289,
                  "Y": 0.5381
                },
                "PreSize": {
                  "X": 0.1813,
                  "Y": 0.1708
                },
                "LeftMargin": 48.9999,
                "RightMargin": 999.0001,
                "TopMargin": 271.0766,
                "BottomMargin": 325.9234,
                "Tag": 197,
                "Children": [
                  {
                    "FontSize": 40,
                    "LabelText": "房卡赛",
                    "FontResource": {
                      "Type": "Normal",
                      "Path": "image/fonts/FZZY.TTF",
                      "Plist": ""
                    },
                    "OutlineSize": 2,
                    "OutlineColor": {
                      "R": 52,
                      "G": 139,
                      "B": 200
                    },
                    "OutlineEnabled": true,
                    "ShadowColor": {
                      "R": 110,
                      "G": 110,
                      "B": 110
                    },
                    "ShadowOffsetX": 2.0,
                    "ShadowOffsetY": -2.0,
                    "AnchorPoint": {
                      "ScaleX": 0.5,
                      "ScaleY": 0.5
                    },
                    "Position": {
                      "X": 116.0,
                      "Y": 61.5
                    },
                    "Scale": {
                      "ScaleX": 1.0,
                      "ScaleY": 1.0
                    },
                    "CColor": {},
                    "IconVisible": false,
                    "PositionPercentXEnabled": true,
                    "PositionPercentYEnabled": true,
                    "PrePosition": {
                      "X": 0.5,
                      "Y": 0.5
                    },
                    "PreSize": {
                      "X": 0.5388,
                      "Y": 0.3984
                    },
                    "LeftMargin": 53.5,
                    "RightMargin": 53.5,
                    "TopMargin": 37.0,
                    "BottomMargin": 37.0,
                    "Tag": 203,
                    "ActionTag": 1172614003,
                    "Size": {
                      "X": 125.0,
                      "Y": 49.0
                    },
                    "Name": "text",
                    "ctype": "TextObjectData"
                  }
                ],
                "ActionTag": 1523483733,
                "Size": {
                  "X": 232.0,
                  "Y": 123.0
                },
                "VisibleForFrame": false,
                "Name": "btn_fks",
                "ctype": "SpriteObjectData"
              },
              {
                "FileData": {
                  "Type": "Normal",
                  "Path": "image/match/btnbg1.png",
                  "Plist": ""
                },
                "BlendFunc": {
                  "Src": 1,
                  "Dst": 771
                },
                "AnchorPoint": {
                  "ScaleX": 0.5,
                  "ScaleY": 0.5
                },
                "Position": {
                  "X": 164.9999,
                  "Y": 262.6668
                },
                "Scale": {
                  "ScaleX": 1.0,
                  "ScaleY": 1.0
                },
                "CColor": {},
                "IconVisible": false,
                "PrePosition": {
                  "X": 0.1289,
                  "Y": 0.3648
                },
                "PreSize": {
                  "X": 0.1813,
                  "Y": 0.1708
                },
                "LeftMargin": 48.9999,
                "RightMargin": 999.0001,
                "TopMargin": 395.8332,
                "BottomMargin": 201.1668,
                "Tag": 199,
                "Children": [
                  {
                    "FontSize": 40,
                    "LabelText": "红包赛",
                    "FontResource": {
                      "Type": "Normal",
                      "Path": "image/fonts/FZZY.TTF",
                      "Plist": ""
                    },
                    "OutlineSize": 2,
                    "OutlineColor": {
                      "R": 52,
                      "G": 139,
                      "B": 200
                    },
                    "OutlineEnabled": true,
                    "ShadowColor": {
                      "R": 110,
                      "G": 110,
                      "B": 110
                    },
                    "ShadowOffsetX": 2.0,
                    "ShadowOffsetY": -2.0,
                    "AnchorPoint": {
                      "ScaleX": 0.5,
                      "ScaleY": 0.5
                    },
                    "Position": {
                      "X": 116.0,
                      "Y": 61.5
                    },
                    "Scale": {
                      "ScaleX": 1.0,
                      "ScaleY": 1.0
                    },
                    "CColor": {},
                    "IconVisible": false,
                    "PositionPercentXEnabled": true,
                    "PositionPercentYEnabled": true,
                    "PrePosition": {
                      "X": 0.5,
                      "Y": 0.5
                    },
                    "PreSize": {
                      "X": 0.5388,
                      "Y": 0.3984
                    },
                    "LeftMargin": 53.5,
                    "RightMargin": 53.5,
                    "TopMargin": 37.0,
                    "BottomMargin": 37.0,
                    "Tag": 204,
                    "ActionTag": -1456742074,
                    "Size": {
                      "X": 125.0,
                      "Y": 49.0
                    },
                    "Name": "text",
                    "ctype": "TextObjectData"
                  }
                ],
                "ActionTag": 224015719,
                "Size": {
                  "X": 232.0,
                  "Y": 123.0
                },
                "VisibleForFrame": false,
                "Name": "btn_hbs",
                "ctype": "SpriteObjectData"
              },
              {
                "FileData": {
                  "Type": "Normal",
                  "Path": "image/match/btnbg1.png",
                  "Plist": ""
                },
                "BlendFunc": {
                  "Src": 1,
                  "Dst": 771
                },
                "AnchorPoint": {
                  "ScaleX": 0.5,
                  "ScaleY": 0.5
                },
                "Position": {
                  "X": 164.9999,
                  "Y": 137.2381
                },
                "Scale": {
                  "ScaleX": 1.0,
                  "ScaleY": 1.0
                },
                "CColor": {},
                "IconVisible": false,
                "PrePosition": {
                  "X": 0.1289,
                  "Y": 0.1906
                },
                "PreSize": {
                  "X": 0.1813,
                  "Y": 0.1708
                },
                "LeftMargin": 48.9999,
                "RightMargin": 999.0001,
                "TopMargin": 521.2619,
                "BottomMargin": 75.7381,
                "Tag": 200,
                "Children": [
                  {
                    "FontSize": 40,
                    "LabelText": "实物赛",
                    "FontResource": {
                      "Type": "Normal",
                      "Path": "image/fonts/FZZY.TTF",
                      "Plist": ""
                    },
                    "OutlineSize": 2,
                    "OutlineColor": {
                      "R": 52,
                      "G": 139,
                      "B": 200
                    },
                    "OutlineEnabled": true,
                    "ShadowColor": {
                      "R": 110,
                      "G": 110,
                      "B": 110
                    },
                    "ShadowOffsetX": 2.0,
                    "ShadowOffsetY": -2.0,
                    "AnchorPoint": {
                      "ScaleX": 0.5,
                      "ScaleY": 0.5
                    },
                    "Position": {
                      "X": 116.0,
                      "Y": 61.5
                    },
                    "Scale": {
                      "ScaleX": 1.0,
                      "ScaleY": 1.0
                    },
                    "CColor": {},
                    "IconVisible": false,
                    "PositionPercentXEnabled": true,
                    "PositionPercentYEnabled": true,
                    "PrePosition": {
                      "X": 0.5,
                      "Y": 0.5
                    },
                    "PreSize": {
                      "X": 0.5388,
                      "Y": 0.3984
                    },
                    "LeftMargin": 53.5,
                    "RightMargin": 53.5,
                    "TopMargin": 37.0,
                    "BottomMargin": 37.0,
                    "Tag": 205,
                    "ActionTag": -1372802072,
                    "Size": {
                      "X": 125.0,
                      "Y": 49.0
                    },
                    "Name": "text",
                    "ctype": "TextObjectData"
                  }
                ],
                "ActionTag": 513358742,
                "Size": {
                  "X": 232.0,
                  "Y": 123.0
                },
                "VisibleForFrame": false,
                "Name": "btn_sws",
                "ctype": "SpriteObjectData"
              },
              {
                "FontSize": 72,
                "LabelText": "暂无比赛数据",
                "OutlineColor": {
                  "G": 0,
                  "B": 0
                },
                "ShadowColor": {
                  "R": 110,
                  "G": 110,
                  "B": 110
                },
                "ShadowOffsetX": 2.0,
                "ShadowOffsetY": -2.0,
                "AnchorPoint": {
                  "ScaleX": 0.5,
                  "ScaleY": 0.5
                },
                "Position": {
                  "X": 640.0,
                  "Y": 334.0455
                },
                "Scale": {
                  "ScaleX": 1.0,
                  "ScaleY": 1.0
                },
                "CColor": {},
                "IconVisible": false,
                "PositionPercentXEnabled": true,
                "PrePosition": {
                  "X": 0.5,
                  "Y": 0.464
                },
                "PreSize": {
                  "X": 0.3375,
                  "Y": 0.1125
                },
                "LeftMargin": 424.0,
                "RightMargin": 424.0,
                "TopMargin": 345.4545,
                "BottomMargin": 293.5455,
                "Tag": 206,
                "ActionTag": -1600080184,
                "Size": {
                  "X": 432.0,
                  "Y": 81.0
                },
                "VisibleForFrame": false,
                "Name": "zanwu",
                "ctype": "TextObjectData"
              },
              {
                "FileData": {
                  "Type": "Normal",
                  "Path": "image/match/bsback.png",
                  "Plist": ""
                },
                "BlendFunc": {
                  "Src": 1,
                  "Dst": 771
                },
                "AnchorPoint": {
                  "ScaleX": 0.5,
                  "ScaleY": 0.5
                },
                "Position": {
                  "X": 36.3801,
                  "Y": 689.0759
                },
                "Scale": {
                  "ScaleX": 1.0,
                  "ScaleY": 1.0
                },
                "CColor": {},
                "IconVisible": false,
                "PrePosition": {
                  "X": 0.0284,
                  "Y": 0.957
                },
                "PreSize": {
                  "X": 0.0516,
                  "Y": 0.0917
                },
                "LeftMargin": 3.3801,
                "RightMargin": 1210.6199,
                "TopMargin": -2.0759,
                "BottomMargin": 656.0759,
                "Tag": 206,
                "ActionTag": 1710893202,
                "Size": {
                  "X": 66.0,
                  "Y": 66.0
                },
                "Name": "btn_back",
                "ctype": "SpriteObjectData"
              }
            ],
            "ActionTag": 268008256,
            "Size": {
              "X": 1280.0,
              "Y": 720.0
            },
            "Name": "root",
            "ctype": "PanelObjectData"
          }
        ],
        "Size": {
          "X": 1280.0,
          "Y": 720.0
        },
        "Name": "Layer",
        "ctype": "LayerObjectData"
      },
      "UsedResources": [
        "../../image/fonts/FZZY.TTF",
        "../../image/match/bsback.png",
        "../../image/match/bsbg.jpg",
        "../../image/match/bsborder.png",
        "../../image/match/bsfkbg.png",
        "../../image/match/bsjia.png",
        "../../image/match/bstit.png",
        "../../image/match/btbsjl.png",
        "../../image/match/btnbg0.png",
        "../../image/match/btnbg1.png",
        "../../image/match/fbg2.png",
        "../../image/match/matchtip.png"
      ],
      "ctype": "GameFileData"
    }
  },
  "Type": "Layer"
}