{
  "ID": "f9b1dac1-83aa-4022-97c5-6f909c73e3e6",
  "Version": "2.3.4",
  "Name": "MatchPromotionItem",
  "Content": {
    "Content": {
      "Animation": {
        "Duration": 0,
        "Speed": 1.0,
        "Timelines": [],
        "ctype": "TimelineActionData"
      },
      "AnimationList": [],
      "ObjectData": {
        "Tag": 222,
        "Children": [
          {
            "FileData": {
              "Type": "Normal",
              "Path": "image/match/promotion_complete_bg.png",
              "Plist": ""
            },
            "BlendFunc": {
              "Src": 1,
              "Dst": 771
            },
            "AnchorPoint": {
              "ScaleX": 0.5,
              "ScaleY": 0.5
            },
            "Position": {
              "X": 0.0,
              "Y": 0.0
            },
            "Scale": {
              "ScaleX": 1.0,
              "ScaleY": 1.0
            },
            "CColor": {},
            "IconVisible": false,
            "PositionPercentXEnabled": true,
            "PositionPercentYEnabled": true,
            "PrePosition": {
              "X": 0.0,
              "Y": 0.0
            },
            "PreSize": {
              "X": 0.0,
              "Y": 0.0
            },
            "LeftMargin": -47.0,
            "RightMargin": -47.0,
            "TopMargin": -91.5,
            "BottomMargin": -91.5,
            "Tag": 223,
            "ActionTag": -654073685,
            "Size": {
              "X": 94.0,
              "Y": 183.0
            },
            "Name": "bg",
            "ctype": "SpriteObjectData"
          },
          {
            "FontSize": 23,
            "LabelText": "已经完成",
            "HorizontalAlignmentType": "HT_Center",
            "VerticalAlignmentType": "VT_Center",
            "OutlineColor": {
              "G": 0,
              "B": 0
            },
            "ShadowColor": {
              "R": 110,
              "G": 110,
              "B": 110
            },
            "ShadowOffsetX": 2.0,
            "ShadowOffsetY": -2.0,
            "AnchorPoint": {
              "ScaleX": 0.5,
              "ScaleY": 0.5
            },
            "Position": {
              "X": 0.0,
              "Y": 42.3
            },
            "Scale": {
              "ScaleX": 1.0,
              "ScaleY": 1.0
            },
            "CColor": {
              "G": 250,
              "B": 112
            },
            "IconVisible": false,
            "PositionPercentXEnabled": true,
            "PrePosition": {
              "X": 0.0,
              "Y": 0.0
            },
            "PreSize": {
              "X": 0.0,
              "Y": 0.0
            },
            "LeftMargin": -46.0,
            "RightMargin": -46.0,
            "TopMargin": -55.8,
            "BottomMargin": 28.8,
            "Tag": 224,
            "ActionTag": -1949323823,
            "Size": {
              "X": 92.0,
              "Y": 27.0
            },
            "Name": "state",
            "ctype": "TextObjectData"
          },
          {
            "FontSize": 28,
            "LabelText": "预选赛",
            "HorizontalAlignmentType": "HT_Center",
            "VerticalAlignmentType": "VT_Center",
            "OutlineColor": {
              "G": 0,
              "B": 0
            },
            "ShadowColor": {
              "R": 110,
              "G": 110,
              "B": 110
            },
            "ShadowOffsetX": 2.0,
            "ShadowOffsetY": -2.0,
            "AnchorPoint": {
              "ScaleX": 0.5,
              "ScaleY": 0.5
            },
            "Position": {
              "X": 0.0,
              "Y": -20.8469
            },
            "Scale": {
              "ScaleX": 1.0,
              "ScaleY": 1.0
            },
            "CColor": {
              "G": 250,
              "B": 112
            },
            "IconVisible": false,
            "PositionPercentXEnabled": true,
            "PrePosition": {
              "X": 0.0,
              "Y": 0.0
            },
            "PreSize": {
              "X": 0.0,
              "Y": 0.0
            },
            "LeftMargin": -42.0,
            "RightMargin": -42.0,
            "TopMargin": 4.8469,
            "BottomMargin": -36.8469,
            "Tag": 225,
            "ActionTag": -1535332824,
            "Size": {
              "X": 84.0,
              "Y": 32.0
            },
            "Name": "name",
            "ctype": "TextObjectData"
          },
          {
            "FontSize": 20,
            "LabelText": "第二十轮",
            "HorizontalAlignmentType": "HT_Center",
            "VerticalAlignmentType": "VT_Center",
            "OutlineColor": {
              "G": 0,
              "B": 0
            },
            "ShadowColor": {
              "R": 110,
              "G": 110,
              "B": 110
            },
            "ShadowOffsetX": 2.0,
            "ShadowOffsetY": -2.0,
            "AnchorPoint": {
              "ScaleX": 0.5,
              "ScaleY": 0.5
            },
            "Position": {
              "X": 0.0,
              "Y": -59.0491
            },
            "Scale": {
              "ScaleX": 1.0,
              "ScaleY": 1.0
            },
            "CColor": {
              "G": 250,
              "B": 112
            },
            "IconVisible": false,
            "PositionPercentXEnabled": true,
            "PrePosition": {
              "X": 0.0,
              "Y": 0.0
            },
            "PreSize": {
              "X": 0.0,
              "Y": 0.0
            },
            "LeftMargin": -40.0,
            "RightMargin": -40.0,
            "TopMargin": 47.5491,
            "BottomMargin": -70.5491,
            "Tag": 226,
            "ActionTag": 1003187871,
            "Size": {
              "X": 80.0,
              "Y": 23.0
            },
            "Name": "round",
            "ctype": "TextObjectData"
          }
        ],
        "Size": {
          "X": 0.0,
          "Y": 0.0
        },
        "Name": "Node",
        "ctype": "SingleNodeObjectData"
      },
      "UsedResources": [
        "../../image/match/promotion_complete_bg.png"
      ],
      "ctype": "GameFileData"
    }
  },
  "Type": "Node"
}