{
  "ID": "4198b4ad-9660-4d38-a36c-833f71145f69",
  "Version": "2.3.4",
  "Name": "MatchResultsLayer",
  "Content": {
    "Content": {
      "Animation": {
        "Duration": 0,
        "Speed": 1.0,
        "Timelines": [],
        "ctype": "TimelineActionData"
      },
      "AnimationList": [],
      "ObjectData": {
        "Tag": 125,
        "Children": [
          {
            "FileData": {
              "Type": "Normal",
              "Path": "image/match/bsborder.png",
              "Plist": ""
            },
            "BlendFunc": {
              "Src": 1,
              "Dst": 771
            },
            "AnchorPoint": {
              "ScaleX": 0.5,
              "ScaleY": 0.5
            },
            "Position": {
              "X": 640.0,
              "Y": 360.0
            },
            "Scale": {
              "ScaleX": 1.0,
              "ScaleY": 1.0
            },
            "CColor": {},
            "IconVisible": false,
            "PositionPercentXEnabled": true,
            "PositionPercentYEnabled": true,
            "PrePosition": {
              "X": 0.5,
              "Y": 0.5
            },
            "PreSize": {
              "X": 0.982,
              "Y": 0.9875
            },
            "LeftMargin": 11.5,
            "RightMargin": 11.5,
            "TopMargin": 4.5,
            "BottomMargin": 4.5,
            "Tag": 126,
            "ActionTag": 691707771,
            "Size": {
              "X": 1257.0,
              "Y": 711.0
            },
            "Name": "bg",
            "ctype": "SpriteObjectData"
          },
          {
            "FileData": {
              "Type": "Normal",
              "Path": "image/match/bsjl.png",
              "Plist": ""
            },
            "BlendFunc": {
              "Src": 1,
              "Dst": 771
            },
            "AnchorPoint": {
              "ScaleX": 0.5,
              "ScaleY": 0.5
            },
            "Position": {
              "X": 640.0,
              "Y": 668.0929
            },
            "Scale": {
              "ScaleX": 1.0,
              "ScaleY": 1.0
            },
            "CColor": {},
            "IconVisible": false,
            "PositionPercentXEnabled": true,
            "PrePosition": {
              "X": 0.5,
              "Y": 0.9279
            },
            "PreSize": {
              "X": 0.1547,
              "Y": 0.1042
            },
            "LeftMargin": 541.0,
            "RightMargin": 541.0,
            "TopMargin": 14.4071,
            "BottomMargin": 630.5929,
            "Tag": 127,
            "ActionTag": -1252014776,
            "Size": {
              "X": 198.0,
              "Y": 75.0
            },
            "Name": "Sprite_2",
            "ctype": "SpriteObjectData"
          },
          {
            "FileData": {
              "Type": "Normal",
              "Path": "image/match/jiugongge2.png",
              "Plist": ""
            },
            "Scale9Enable": true,
            "Scale9OriginX": 13,
            "Scale9OriginY": 13,
            "Scale9Width": 14,
            "Scale9Height": 14,
            "AnchorPoint": {
              "ScaleX": 0.5,
              "ScaleY": 0.5
            },
            "Position": {
              "X": 640.0,
              "Y": 330.696
            },
            "Scale": {
              "ScaleX": 1.0,
              "ScaleY": 1.0
            },
            "CColor": {},
            "IconVisible": false,
            "PositionPercentXEnabled": true,
            "PositionPercentYEnabled": true,
            "PrePosition": {
              "X": 0.5,
              "Y": 0.4593
            },
            "PreSize": {
              "X": 0.9375,
              "Y": 0.7639
            },
            "LeftMargin": 40.0,
            "RightMargin": 40.0,
            "TopMargin": 114.304,
            "BottomMargin": 55.696,
            "Tag": 128,
            "ActionTag": 256711670,
            "Size": {
              "X": 1200.0,
              "Y": 550.0
            },
            "Name": "Image_1",
            "ctype": "ImageViewObjectData"
          },
          {
            "FileData": {
              "Type": "Normal",
              "Path": "image/match/btnclose.png",
              "Plist": ""
            },
            "BlendFunc": {
              "Src": 1,
              "Dst": 771
            },
            "AnchorPoint": {
              "ScaleX": 0.5,
              "ScaleY": 0.5
            },
            "Position": {
              "X": 1242.0,
              "Y": 640.0
            },
            "Scale": {
              "ScaleX": 1.0,
              "ScaleY": 1.0
            },
            "CColor": {},
            "IconVisible": false,
            "PrePosition": {
              "X": 0.9703,
              "Y": 0.8889
            },
            "PreSize": {
              "X": 0.0531,
              "Y": 0.0944
            },
            "LeftMargin": 1208.0,
            "RightMargin": 4.0,
            "TopMargin": 46.0,
            "BottomMargin": 606.0,
            "Tag": 22,
            "ActionTag": -1453883633,
            "Size": {
              "X": 68.0,
              "Y": 68.0
            },
            "Name": "btnclose",
            "ctype": "SpriteObjectData"
          },
          {
            "FontSize": 72,
            "LabelText": "暂无比赛记录",
            "OutlineColor": {
              "G": 0,
              "B": 0
            },
            "ShadowColor": {
              "R": 110,
              "G": 110,
              "B": 110
            },
            "ShadowOffsetX": 2.0,
            "ShadowOffsetY": -2.0,
            "AnchorPoint": {
              "ScaleX": 0.5,
              "ScaleY": 0.5
            },
            "Position": {
              "X": 640.0,
              "Y": 341.0
            },
            "Scale": {
              "ScaleX": 1.0,
              "ScaleY": 1.0
            },
            "CColor": {},
            "IconVisible": false,
            "PositionPercentXEnabled": true,
            "PrePosition": {
              "X": 0.5,
              "Y": 0.4736
            },
            "PreSize": {
              "X": 0.3375,
              "Y": 0.1125
            },
            "LeftMargin": 424.0,
            "RightMargin": 424.0,
            "TopMargin": 338.5,
            "BottomMargin": 300.5,
            "Tag": 188,
            "ActionTag": -271038368,
            "Size": {
              "X": 432.0,
              "Y": 81.0
            },
            "VisibleForFrame": false,
            "Name": "zanwu",
            "ctype": "TextObjectData"
          },
          {
            "ClipAble": false,
            "BackColorAlpha": 102,
            "ComboBoxIndex": 1,
            "SingleColor": {
              "R": 150,
              "G": 200
            },
            "FirstColor": {
              "R": 150,
              "G": 200
            },
            "EndColor": {},
            "ColorVector": {
              "ScaleY": 1.0
            },
            "Scale9Width": 1,
            "Scale9Height": 1,
            "AnchorPoint": {},
            "Position": {
              "X": 58.0,
              "Y": 70.0
            },
            "Scale": {
              "ScaleX": 1.0,
              "ScaleY": 1.0
            },
            "CColor": {},
            "IconVisible": false,
            "PrePosition": {
              "X": 0.0453,
              "Y": 0.0972
            },
            "PreSize": {
              "X": 0.9102,
              "Y": 0.7222
            },
            "LeftMargin": 58.0,
            "RightMargin": 57.0,
            "TopMargin": 130.0,
            "BottomMargin": 70.0,
            "Tag": 31,
            "ActionTag": 480138266,
            "Size": {
              "X": 1165.0,
              "Y": 520.0
            },
            "VisibleForFrame": false,
            "Name": "tableview",
            "ctype": "PanelObjectData"
          },
          {
            "DirectionType": "Vertical",
            "IsBounceEnabled": true,
            "ScrollDirectionType": 0,
            "ClipAble": true,
            "BackColorAlpha": 102,
            "SingleColor": {
              "R": 150,
              "G": 150
            },
            "FirstColor": {
              "R": 150,
              "G": 150
            },
            "EndColor": {},
            "ColorVector": {
              "ScaleY": 1.0
            },
            "Scale9Width": 1,
            "Scale9Height": 1,
            "TouchEnable": true,
            "AnchorPoint": {},
            "Position": {
              "X": 58.0,
              "Y": 70.0
            },
            "Scale": {
              "ScaleX": 1.0,
              "ScaleY": 1.0
            },
            "CColor": {},
            "IconVisible": false,
            "PrePosition": {
              "X": 0.0453,
              "Y": 0.0972
            },
            "PreSize": {
              "X": 0.9102,
              "Y": 0.7222
            },
            "LeftMargin": 58.0,
            "RightMargin": 57.0,
            "TopMargin": 130.0,
            "BottomMargin": 70.0,
            "Tag": 81,
            "ActionTag": -387341003,
            "Size": {
              "X": 1165.0,
              "Y": 520.0
            },
            "Name": "ListView",
            "ctype": "ListViewObjectData"
          }
        ],
        "Size": {
          "X": 1280.0,
          "Y": 720.0
        },
        "Name": "Layer",
        "ctype": "LayerObjectData"
      },
      "UsedResources": [
        "../../image/match/bsborder.png",
        "../../image/match/bsjl.png",
        "../../image/match/btnclose.png",
        "../../image/match/jiugongge2.png"
      ],
      "ctype": "GameFileData"
    }
  },
  "Type": "Layer"
}