{
  "ID": "d3e75d2b-8c5f-44d2-a714-e5ebb45bf001",
  "Version": "2.3.4",
  "Name": "MatchRewardLayer",
  "Content": {
    "Content": {
      "Animation": {
        "Duration": 0,
        "Speed": 1.0,
        "Timelines": [],
        "ctype": "TimelineActionData"
      },
      "AnimationList": [],
      "ObjectData": {
        "Tag": 76,
        "Children": [
          {
            "FileData": {
              "Type": "Normal",
              "Path": "image/match/yinying.png",
              "Plist": ""
            },
            "Scale9Enable": true,
            "Scale9OriginX": 51,
            "Scale9OriginY": 29,
            "Scale9Width": 53,
            "Scale9Height": 30,
            "AnchorPoint": {
              "ScaleX": 0.5,
              "ScaleY": 0.5
            },
            "Position": {
              "X": 640.0,
              "Y": 360.0
            },
            "Scale": {
              "ScaleX": 1.0,
              "ScaleY": 1.0
            },
            "CColor": {},
            "IconVisible": false,
            "PositionPercentXEnabled": true,
            "PositionPercentYEnabled": true,
            "PrePosition": {
              "X": 0.5,
              "Y": 0.5
            },
            "PreSize": {
              "X": 1.2188,
              "Y": 1.0
            },
            "LeftMargin": -140.0,
            "RightMargin": -140.0,
            "Tag": 29,
            "ActionTag": -1929789638,
            "Size": {
              "X": 1560.0,
              "Y": 720.0
            },
            "Alpha": 0,
            "Name": "bot",
            "ctype": "ImageViewObjectData"
          },
          {
            "AnchorPoint": {},
            "Position": {
              "X": 0.0,
              "Y": 0.0
            },
            "Scale": {
              "ScaleX": 1.0,
              "ScaleY": 1.0
            },
            "CColor": {},
            "IconVisible": true,
            "PositionPercentXEnabled": true,
            "PositionPercentYEnabled": true,
            "PrePosition": {
              "X": 0.0,
              "Y": 0.0
            },
            "PreSize": {
              "X": 0.0,
              "Y": 0.0
            },
            "RightMargin": 1280.0,
            "TopMargin": 720.0,
            "Tag": 1318,
            "ActionTag": -1943948579,
            "Size": {
              "X": 0.0,
              "Y": 0.0
            },
            "Name": "shengli",
            "ctype": "SingleNodeObjectData"
          },
          {
            "FileData": {
              "Type": "Normal",
              "Path": "image/match/tticon.png",
              "Plist": ""
            },
            "BlendFunc": {
              "Src": 1,
              "Dst": 771
            },
            "AnchorPoint": {
              "ScaleX": 0.5,
              "ScaleY": 0.5
            },
            "Position": {
              "X": 640.0,
              "Y": 478.0
            },
            "Scale": {
              "ScaleX": 1.0,
              "ScaleY": 1.0
            },
            "CColor": {},
            "IconVisible": false,
            "PositionPercentXEnabled": true,
            "PrePosition": {
              "X": 0.5,
              "Y": 0.6639
            },
            "PreSize": {
              "X": 0.4273,
              "Y": 0.6681
            },
            "LeftMargin": 366.5,
            "RightMargin": 366.5,
            "TopMargin": 1.5,
            "BottomMargin": 237.5,
            "Tag": 30,
            "Children": [
              {
                "FileData": {
                  "Type": "Normal",
                  "Path": "image/match/taotai.png",
                  "Plist": ""
                },
                "BlendFunc": {
                  "Src": 1,
                  "Dst": 771
                },
                "AnchorPoint": {
                  "ScaleX": 0.5,
                  "ScaleY": 0.5
                },
                "Position": {
                  "X": 273.5,
                  "Y": 73.0
                },
                "Scale": {
                  "ScaleX": 1.0,
                  "ScaleY": 1.0
                },
                "CColor": {},
                "IconVisible": false,
                "PositionPercentXEnabled": true,
                "PrePosition": {
                  "X": 0.5,
                  "Y": 0.1518
                },
                "PreSize": {
                  "X": 0.3675,
                  "Y": 0.2349
                },
                "LeftMargin": 173.0,
                "RightMargin": 173.0,
                "TopMargin": 351.5,
                "BottomMargin": 16.5,
                "Tag": 31,
                "ActionTag": -540481422,
                "Size": {
                  "X": 201.0,
                  "Y": 113.0
                },
                "Name": "Sprite_4",
                "ctype": "SpriteObjectData"
              }
            ],
            "ActionTag": -1382947341,
            "Size": {
              "X": 547.0,
              "Y": 481.0
            },
            "VisibleForFrame": false,
            "Name": "taotai",
            "ctype": "SpriteObjectData"
          },
          {
            "ClipAble": false,
            "BackColorAlpha": 0,
            "ComboBoxIndex": 1,
            "SingleColor": {
              "R": 0,
              "G": 0,
              "B": 0
            },
            "FirstColor": {
              "R": 150,
              "G": 200
            },
            "EndColor": {},
            "ColorVector": {
              "ScaleY": 1.0
            },
            "Scale9Width": 1,
            "Scale9Height": 1,
            "TouchEnable": true,
            "AnchorPoint": {
              "ScaleX": 0.5
            },
            "Position": {
              "X": 640.0,
              "Y": 0.0
            },
            "Scale": {
              "ScaleX": 1.0,
              "ScaleY": 1.0
            },
            "CColor": {},
            "IconVisible": false,
            "PrePosition": {
              "X": 0.5,
              "Y": 0.0
            },
            "PreSize": {
              "X": 0.5469,
              "Y": 0.6944
            },
            "LeftMargin": 290.0,
            "RightMargin": 290.0,
            "TopMargin": 220.0,
            "Tag": 28,
            "Children": [
              {
                "FileData": {
                  "Type": "Normal",
                  "Path": "image/match/border3.png",
                  "Plist": ""
                },
                "BlendFunc": {
                  "Src": 1,
                  "Dst": 771
                },
                "AnchorPoint": {
                  "ScaleX": 0.5,
                  "ScaleY": 0.5
                },
                "Position": {
                  "X": 350.0,
                  "Y": 204.0571
                },
                "Scale": {
                  "ScaleX": 1.0,
                  "ScaleY": 1.0
                },
                "CColor": {},
                "IconVisible": false,
                "PositionPercentXEnabled": true,
                "PrePosition": {
                  "X": 0.5,
                  "Y": 0.4081
                },
                "PreSize": {
                  "X": 0.9114,
                  "Y": 0.21
                },
                "LeftMargin": 31.0,
                "RightMargin": 31.0,
                "TopMargin": 243.4429,
                "BottomMargin": 151.5571,
                "Tag": 22,
                "ActionTag": -636994015,
                "Size": {
                  "X": 638.0,
                  "Y": 105.0
                },
                "Name": "Sprite_3",
                "ctype": "SpriteObjectData"
              },
              {
                "AnchorPoint": {},
                "Position": {
                  "X": 0.0,
                  "Y": 0.0
                },
                "Scale": {
                  "ScaleX": 1.0,
                  "ScaleY": 1.0
                },
                "CColor": {},
                "IconVisible": true,
                "PrePosition": {
                  "X": 0.0,
                  "Y": 0.0
                },
                "PreSize": {
                  "X": 0.0,
                  "Y": 0.0
                },
                "RightMargin": 700.0,
                "TopMargin": 500.0,
                "Tag": 186,
                "Children": [
                  {
                    "AnchorPoint": {},
                    "Position": {
                      "X": 178.0,
                      "Y": 230.0
                    },
                    "Scale": {
                      "ScaleX": 1.0,
                      "ScaleY": 1.0
                    },
                    "CColor": {},
                    "IconVisible": true,
                    "PrePosition": {
                      "X": 0.0,
                      "Y": 0.0
                    },
                    "PreSize": {
                      "X": 0.0,
                      "Y": 0.0
                    },
                    "LeftMargin": 178.0,
                    "RightMargin": -178.0,
                    "TopMargin": -230.0,
                    "BottomMargin": 230.0,
                    "Tag": 248,
                    "ActionTag": -1858110053,
                    "Size": {
                      "X": 0.0,
                      "Y": 0.0
                    },
                    "Name": "node1",
                    "ctype": "SingleNodeObjectData"
                  },
                  {
                    "AnchorPoint": {},
                    "Position": {
                      "X": 237.0,
                      "Y": 184.0
                    },
                    "Scale": {
                      "ScaleX": 1.0,
                      "ScaleY": 1.0
                    },
                    "CColor": {},
                    "IconVisible": true,
                    "PrePosition": {
                      "X": 0.0,
                      "Y": 0.0
                    },
                    "PreSize": {
                      "X": 0.0,
                      "Y": 0.0
                    },
                    "LeftMargin": 237.0,
                    "RightMargin": -237.0,
                    "TopMargin": -184.0,
                    "BottomMargin": 184.0,
                    "Tag": 249,
                    "ActionTag": 1643049646,
                    "Size": {
                      "X": 0.0,
                      "Y": 0.0
                    },
                    "Name": "node2",
                    "ctype": "SingleNodeObjectData"
                  },
                  {
                    "FontSize": 26,
                    "LabelText": "5000",
                    "OutlineColor": {
                      "G": 0,
                      "B": 0
                    },
                    "ShadowColor": {
                      "R": 110,
                      "G": 110,
                      "B": 110
                    },
                    "ShadowOffsetX": 2.0,
                    "ShadowOffsetY": -2.0,
                    "AnchorPoint": {},
                    "Position": {
                      "X": 458.0,
                      "Y": 215.0
                    },
                    "Scale": {
                      "ScaleX": 1.0,
                      "ScaleY": 1.0
                    },
                    "CColor": {
                      "G": 241,
                      "B": 22
                    },
                    "IconVisible": false,
                    "PrePosition": {
                      "X": 0.0,
                      "Y": 0.0
                    },
                    "PreSize": {
                      "X": 0.0,
                      "Y": 0.0
                    },
                    "LeftMargin": 458.0,
                    "RightMargin": -516.0,
                    "TopMargin": -246.0,
                    "BottomMargin": 215.0,
                    "Tag": 24,
                    "Children": [
                      {
                        "FontSize": 26,
                        "LabelText": "名",
                        "OutlineColor": {
                          "G": 0,
                          "B": 0
                        },
                        "ShadowColor": {
                          "R": 110,
                          "G": 110,
                          "B": 110
                        },
                        "ShadowOffsetX": 2.0,
                        "ShadowOffsetY": -2.0,
                        "AnchorPoint": {},
                        "Position": {
                          "X": 61.0,
                          "Y": 0.0
                        },
                        "Scale": {
                          "ScaleX": 1.0,
                          "ScaleY": 1.0
                        },
                        "CColor": {},
                        "IconVisible": false,
                        "PrePosition": {
                          "X": 1.0517,
                          "Y": 0.0
                        },
                        "PreSize": {
                          "X": 0.4483,
                          "Y": 1.0
                        },
                        "LeftMargin": 61.0,
                        "RightMargin": -29.0,
                        "Tag": 25,
                        "ActionTag": -1171162392,
                        "Size": {
                          "X": 26.0,
                          "Y": 31.0
                        },
                        "Name": "mtxt",
                        "ctype": "TextObjectData"
                      }
                    ],
                    "ActionTag": -2064168093,
                    "Size": {
                      "X": 58.0,
                      "Y": 31.0
                    },
                    "VisibleForFrame": false,
                    "Name": "rank",
                    "ctype": "TextObjectData"
                  },
                  {
                    "FontSize": 26,
                    "LabelText": "1000000000000",
                    "OutlineColor": {
                      "G": 0,
                      "B": 0
                    },
                    "ShadowColor": {
                      "R": 110,
                      "G": 110,
                      "B": 110
                    },
                    "ShadowOffsetX": 2.0,
                    "ShadowOffsetY": -2.0,
                    "AnchorPoint": {},
                    "Position": {
                      "X": 345.0,
                      "Y": 169.0
                    },
                    "Scale": {
                      "ScaleX": 1.0,
                      "ScaleY": 1.0
                    },
                    "CColor": {
                      "G": 241,
                      "B": 22
                    },
                    "IconVisible": false,
                    "PrePosition": {
                      "X": 0.0,
                      "Y": 0.0
                    },
                    "PreSize": {
                      "X": 0.0,
                      "Y": 0.0
                    },
                    "LeftMargin": 345.0,
                    "RightMargin": -533.0,
                    "TopMargin": -200.0,
                    "BottomMargin": 169.0,
                    "Tag": 27,
                    "ActionTag": 98359844,
                    "Size": {
                      "X": 188.0,
                      "Y": 31.0
                    },
                    "VisibleForFrame": false,
                    "Name": "reward",
                    "ctype": "TextObjectData"
                  },
                  {
                    "FileData": {
                      "Type": "Normal",
                      "Path": "image/match/btnlingqu.png",
                      "Plist": ""
                    },
                    "BlendFunc": {
                      "Src": 1,
                      "Dst": 771
                    },
                    "AnchorPoint": {
                      "ScaleX": 0.5,
                      "ScaleY": 0.5
                    },
                    "Position": {
                      "X": 212.0,
                      "Y": 100.0
                    },
                    "Scale": {
                      "ScaleX": 1.0,
                      "ScaleY": 1.0
                    },
                    "CColor": {},
                    "IconVisible": false,
                    "PrePosition": {
                      "X": 0.0,
                      "Y": 0.0
                    },
                    "PreSize": {
                      "X": 0.0,
                      "Y": 0.0
                    },
                    "LeftMargin": 88.5,
                    "RightMargin": -335.5,
                    "TopMargin": -141.5,
                    "BottomMargin": 58.5,
                    "Tag": 79,
                    "ActionTag": 1474607499,
                    "Size": {
                      "X": 247.0,
                      "Y": 83.0
                    },
                    "Name": "btn_qd",
                    "ctype": "SpriteObjectData"
                  },
                  {
                    "FileData": {
                      "Type": "Normal",
                      "Path": "image/match/bsxyyx.png",
                      "Plist": ""
                    },
                    "BlendFunc": {
                      "Src": 1,
                      "Dst": 771
                    },
                    "AnchorPoint": {
                      "ScaleX": 0.5,
                      "ScaleY": 0.5
                    },
                    "Position": {
                      "X": 485.0,
                      "Y": 100.0
                    },
                    "Scale": {
                      "ScaleX": 1.0,
                      "ScaleY": 1.0
                    },
                    "CColor": {},
                    "IconVisible": false,
                    "PrePosition": {
                      "X": 0.0,
                      "Y": 0.0
                    },
                    "PreSize": {
                      "X": 0.0,
                      "Y": 0.0
                    },
                    "LeftMargin": 361.5,
                    "RightMargin": -608.5,
                    "TopMargin": -141.5,
                    "BottomMargin": 58.5,
                    "Tag": 21,
                    "ActionTag": -1418112819,
                    "Size": {
                      "X": 247.0,
                      "Y": 83.0
                    },
                    "Name": "btn_xy",
                    "ctype": "SpriteObjectData"
                  }
                ],
                "ActionTag": -1573083142,
                "Size": {
                  "X": 0.0,
                  "Y": 0.0
                },
                "VisibleForFrame": false,
                "Name": "winnode",
                "ctype": "SingleNodeObjectData"
              },
              {
                "AnchorPoint": {},
                "Position": {
                  "X": 0.0,
                  "Y": 0.0
                },
                "Scale": {
                  "ScaleX": 1.0,
                  "ScaleY": 1.0
                },
                "CColor": {},
                "IconVisible": true,
                "PrePosition": {
                  "X": 0.0,
                  "Y": 0.0
                },
                "PreSize": {
                  "X": 0.0,
                  "Y": 0.0
                },
                "RightMargin": 700.0,
                "TopMargin": 500.0,
                "Tag": 216,
                "Children": [
                  {
                    "AnchorPoint": {},
                    "Position": {
                      "X": 178.0,
                      "Y": 230.0
                    },
                    "Scale": {
                      "ScaleX": 1.0,
                      "ScaleY": 1.0
                    },
                    "CColor": {},
                    "IconVisible": true,
                    "PrePosition": {
                      "X": 0.0,
                      "Y": 0.0
                    },
                    "PreSize": {
                      "X": 0.0,
                      "Y": 0.0
                    },
                    "LeftMargin": 178.0,
                    "RightMargin": -178.0,
                    "TopMargin": -230.0,
                    "BottomMargin": 230.0,
                    "Tag": 250,
                    "ActionTag": -251092544,
                    "Size": {
                      "X": 0.0,
                      "Y": 0.0
                    },
                    "Name": "node1",
                    "ctype": "SingleNodeObjectData"
                  },
                  {
                    "AnchorPoint": {},
                    "Position": {
                      "X": 198.0,
                      "Y": 186.0
                    },
                    "Scale": {
                      "ScaleX": 1.0,
                      "ScaleY": 1.0
                    },
                    "CColor": {},
                    "IconVisible": true,
                    "PrePosition": {
                      "X": 0.0,
                      "Y": 0.0
                    },
                    "PreSize": {
                      "X": 0.0,
                      "Y": 0.0
                    },
                    "LeftMargin": 198.0,
                    "RightMargin": -198.0,
                    "TopMargin": -186.0,
                    "BottomMargin": 186.0,
                    "Tag": 54,
                    "ActionTag": 159068428,
                    "Size": {
                      "X": 0.0,
                      "Y": 0.0
                    },
                    "Name": "node2",
                    "ctype": "SingleNodeObjectData"
                  },
                  {
                    "FontSize": 26,
                    "LabelText": "5000",
                    "OutlineColor": {
                      "G": 0,
                      "B": 0
                    },
                    "ShadowColor": {
                      "R": 110,
                      "G": 110,
                      "B": 110
                    },
                    "ShadowOffsetX": 2.0,
                    "ShadowOffsetY": -2.0,
                    "AnchorPoint": {},
                    "Position": {
                      "X": 508.0239,
                      "Y": 214.9999
                    },
                    "Scale": {
                      "ScaleX": 1.0,
                      "ScaleY": 1.0
                    },
                    "CColor": {
                      "G": 241,
                      "B": 22
                    },
                    "IconVisible": false,
                    "PrePosition": {
                      "X": 0.0,
                      "Y": 0.0
                    },
                    "PreSize": {
                      "X": 0.0,
                      "Y": 0.0
                    },
                    "LeftMargin": 508.0239,
                    "RightMargin": -566.0239,
                    "TopMargin": -245.9999,
                    "BottomMargin": 214.9999,
                    "Tag": 219,
                    "Children": [
                      {
                        "FontSize": 26,
                        "LabelText": "名",
                        "OutlineColor": {
                          "G": 0,
                          "B": 0
                        },
                        "ShadowColor": {
                          "R": 110,
                          "G": 110,
                          "B": 110
                        },
                        "ShadowOffsetX": 2.0,
                        "ShadowOffsetY": -2.0,
                        "AnchorPoint": {},
                        "Position": {
                          "X": 61.0,
                          "Y": 0.0
                        },
                        "Scale": {
                          "ScaleX": 1.0,
                          "ScaleY": 1.0
                        },
                        "CColor": {},
                        "IconVisible": false,
                        "PrePosition": {
                          "X": 1.0517,
                          "Y": 0.0
                        },
                        "PreSize": {
                          "X": 0.4483,
                          "Y": 1.0
                        },
                        "LeftMargin": 61.0,
                        "RightMargin": -29.0,
                        "Tag": 220,
                        "ActionTag": 1899427475,
                        "Size": {
                          "X": 26.0,
                          "Y": 31.0
                        },
                        "Name": "mtxt",
                        "ctype": "TextObjectData"
                      }
                    ],
                    "ActionTag": -1509497366,
                    "Size": {
                      "X": 58.0,
                      "Y": 31.0
                    },
                    "VisibleForFrame": false,
                    "Name": "rank",
                    "ctype": "TextObjectData"
                  },
                  {
                    "FileData": {
                      "Type": "Normal",
                      "Path": "image/match/hjqd.png",
                      "Plist": ""
                    },
                    "BlendFunc": {
                      "Src": 1,
                      "Dst": 771
                    },
                    "AnchorPoint": {
                      "ScaleX": 0.5,
                      "ScaleY": 0.5
                    },
                    "Position": {
                      "X": 212.0,
                      "Y": 100.0
                    },
                    "Scale": {
                      "ScaleX": 1.0,
                      "ScaleY": 1.0
                    },
                    "CColor": {},
                    "IconVisible": false,
                    "PrePosition": {
                      "X": 0.0,
                      "Y": 0.0
                    },
                    "PreSize": {
                      "X": 0.0,
                      "Y": 0.0
                    },
                    "LeftMargin": 88.5,
                    "RightMargin": -335.5,
                    "TopMargin": -141.5,
                    "BottomMargin": 58.5,
                    "Tag": 222,
                    "ActionTag": 1706105082,
                    "Size": {
                      "X": 247.0,
                      "Y": 83.0
                    },
                    "Name": "btn_qd",
                    "ctype": "SpriteObjectData"
                  },
                  {
                    "FileData": {
                      "Type": "Normal",
                      "Path": "image/match/qiuanwei.png",
                      "Plist": ""
                    },
                    "BlendFunc": {
                      "Src": 1,
                      "Dst": 771
                    },
                    "AnchorPoint": {
                      "ScaleX": 0.5,
                      "ScaleY": 0.5
                    },
                    "Position": {
                      "X": 485.0,
                      "Y": 100.0
                    },
                    "Scale": {
                      "ScaleX": 1.0,
                      "ScaleY": 1.0
                    },
                    "CColor": {},
                    "IconVisible": false,
                    "PrePosition": {
                      "X": 0.0,
                      "Y": 0.0
                    },
                    "PreSize": {
                      "X": 0.0,
                      "Y": 0.0
                    },
                    "LeftMargin": 361.5,
                    "RightMargin": -608.5,
                    "TopMargin": -141.5,
                    "BottomMargin": 58.5,
                    "Tag": 29,
                    "ActionTag": 1439678509,
                    "Size": {
                      "X": 247.0,
                      "Y": 83.0
                    },
                    "Name": "btn_qa",
                    "ctype": "SpriteObjectData"
                  }
                ],
                "ActionTag": -484135238,
                "Size": {
                  "X": 0.0,
                  "Y": 0.0
                },
                "VisibleForFrame": false,
                "Name": "failnode",
                "ctype": "SingleNodeObjectData"
              }
            ],
            "ActionTag": -1473483349,
            "Size": {
              "X": 700.0,
              "Y": 500.0
            },
            "Name": "border",
            "ctype": "PanelObjectData"
          },
          {
            "FileData": {
              "Type": "Normal",
              "Path": "image/match/btnclose.png",
              "Plist": ""
            },
            "BlendFunc": {
              "Src": 1,
              "Dst": 771
            },
            "AnchorPoint": {
              "ScaleX": 0.5,
              "ScaleY": 0.5
            },
            "Position": {
              "X": 1235.1375,
              "Y": 676.3636
            },
            "Scale": {
              "ScaleX": 1.0,
              "ScaleY": 1.0
            },
            "CColor": {},
            "IconVisible": false,
            "PrePosition": {
              "X": 0.965,
              "Y": 0.9394
            },
            "PreSize": {
              "X": 0.0531,
              "Y": 0.0944
            },
            "LeftMargin": 1201.1375,
            "RightMargin": 10.8625,
            "TopMargin": 9.6364,
            "BottomMargin": 642.3636,
            "Tag": 225,
            "ActionTag": 242870804,
            "Size": {
              "X": 68.0,
              "Y": 68.0
            },
            "Name": "btn_close",
            "ctype": "SpriteObjectData"
          },
          {
            "FileData": {
              "Type": "Normal",
              "Path": "image/match/erwei.png",
              "Plist": ""
            },
            "BlendFunc": {
              "Src": 1,
              "Dst": 771
            },
            "AnchorPoint": {
              "ScaleX": 0.5,
              "ScaleY": 0.5
            },
            "Position": {
              "X": 1158.1497,
              "Y": 122.7579
            },
            "Scale": {
              "ScaleX": 0.8,
              "ScaleY": 0.8
            },
            "CColor": {},
            "IconVisible": false,
            "PrePosition": {
              "X": 0.9048,
              "Y": 0.1705
            },
            "PreSize": {
              "X": 0.2344,
              "Y": 0.4167
            },
            "LeftMargin": 1008.1497,
            "RightMargin": -28.1497,
            "TopMargin": 447.2421,
            "BottomMargin": -27.2421,
            "Tag": 51,
            "ActionTag": 2105290503,
            "Size": {
              "X": 300.0,
              "Y": 300.0
            },
            "VisibleForFrame": false,
            "Name": "erwei",
            "ctype": "SpriteObjectData"
          }
        ],
        "Size": {
          "X": 1280.0,
          "Y": 720.0
        },
        "Name": "Layer",
        "ctype": "LayerObjectData"
      },
      "UsedResources": [
        "../../image/match/border3.png",
        "../../image/match/bsxyyx.png",
        "../../image/match/btnclose.png",
        "../../image/match/btnlingqu.png",
        "../../image/match/erwei.png",
        "../../image/match/hjqd.png",
        "../../image/match/qiuanwei.png",
        "../../image/match/taotai.png",
        "../../image/match/tticon.png",
        "../../image/match/yinying.png"
      ],
      "ctype": "GameFileData"
    }
  },
  "Type": "Layer"
}