{"skeleton":{"hash":"Uf1iMt4X/hc3otsL7ArWRM60Bvc","spine":"3.6.36","width":0,"height":0,"images":"./images/"},"bones":[{"name":"root"},{"name":"heitao3","parent":"root"},{"name":"woying","parent":"root"}],"slots":[{"name":"heitao3_woxianchu","bone":"heitao3"},{"name":"woying_woxianchu","bone":"woying"}],"skins":{"default":{"heitao3_woxianchu":{"heitao3_woxianchu":{"width":247,"height":45}},"woying_woxianchu":{"woying_woxianchu":{"width":304,"height":45}}}},"animations":{"heitao3_woxianchu":{"slots":{"heitao3_woxianchu":{"color":[{"time":0,"color":"ffffff00"},{"time":0.1667,"color":"fffffffe","curve":"stepped"},{"time":1.5,"color":"fffffffe"},{"time":1.6667,"color":"ffffff00","curve":"stepped"},{"time":4,"color":"ffffff00"}],"attachment":[{"time":0,"name":"heitao3_woxianchu"}]}},"bones":{"heitao3":{"translate":[{"time":0,"x":0,"y":0,"curve":[0.25,0,0.75,1]},{"time":0.1667,"x":234.23,"y":0,"curve":"stepped"},{"time":1.5,"x":234.23,"y":0,"curve":[0.25,0,0.75,1]},{"time":1.6667,"x":0,"y":0}]}}},"heitao3_woxianchu2":{"slots":{"heitao3_woxianchu":{"color":[{"time":0,"color":"ffffff00"},{"time":0.1667,"color":"fffffffe","curve":"stepped"},{"time":1.5,"color":"fffffffe"},{"time":1.6667,"color":"ffffff00","curve":"stepped"},{"time":4,"color":"ffffff00"}],"attachment":[{"time":0,"name":"heitao3_woxianchu"}]}},"bones":{"heitao3":{"translate":[{"time":0,"x":0,"y":0,"curve":[0.25,0,0.75,1]},{"time":0.1667,"x":-234.2,"y":0,"curve":"stepped"},{"time":1.5,"x":-234.2,"y":0,"curve":[0.25,0,0.75,1]},{"time":1.6667,"x":0,"y":0}]}}},"woying_woxianchu":{"slots":{"woying_woxianchu":{"color":[{"time":0,"color":"ffffff00"},{"time":0.1667,"color":"fffffffe","curve":"stepped"},{"time":1.5,"color":"fffffffe"},{"time":1.6667,"color":"ffffff00","curve":"stepped"},{"time":4,"color":"ffffff00"}],"attachment":[{"time":0,"name":"woying_woxianchu"},{"time":1.6667,"name":"woying_woxianchu"}]}},"bones":{"woying":{"translate":[{"time":0,"x":0,"y":0,"curve":[0.25,0,0.75,1]},{"time":0.1667,"x":250,"y":0,"curve":"stepped"},{"time":1.5,"x":250,"y":0,"curve":[0.25,0,0.75,1]},{"time":1.6667,"x":0,"y":0}]}}},"woying_woxianchu2":{"slots":{"woying_woxianchu":{"color":[{"time":0,"color":"ffffff00"},{"time":0.1667,"color":"fffffffe","curve":"stepped"},{"time":1.5,"color":"fffffffe"},{"time":1.6667,"color":"ffffff00","curve":"stepped"},{"time":4,"color":"ffffff00"}],"attachment":[{"time":0,"name":"woying_woxianchu"},{"time":1.6667,"name":"woying_woxianchu"}]}},"bones":{"woying":{"translate":[{"time":0,"x":0,"y":0,"curve":[0.25,0,0.75,1]},{"time":0.1667,"x":-250,"y":0,"curve":"stepped"},{"time":1.5,"x":-250,"y":0,"curve":[0.25,0,0.75,1]},{"time":1.6667,"x":0,"y":0}]}}}}}