{
  "ID": "aa216345-bcd7-47b5-bc9c-c966be9981eb",
  "Version": "3.10.0.0",
  "Name": "WanfaLayer_zjh",
  "Content": {
    "Content": {
      "Animation": {
        "Duration": 0,
        "Speed": 1.0,
        "Timelines": [],
        "ctype": "TimelineActionData"
      },
      "AnimationList": [],
      "ObjectData": {
        "Tag": 106,
        "Children": [
          {
            "ClipAble": false,
            "BackColorAlpha": 102,
            "ComboBoxIndex": 1,
            "SingleColor": {
              "R": 0,
              "G": 0,
              "B": 0
            },
            "FirstColor": {
              "R": 150,
              "G": 200
            },
            "EndColor": {},
            "ColorVector": {
              "ScaleY": 1.0
            },
            "Scale9Width": 1,
            "Scale9Height": 1,
            "TouchEnable": true,
            "AnchorPoint": {},
            "Position": {
              "X": 0.0,
              "Y": 0.0
            },
            "Scale": {
              "ScaleX": 1.0,
              "ScaleY": 1.0
            },
            "CColor": {},
            "IconVisible": false,
            "PrePosition": {
              "X": 0.0,
              "Y": 0.0
            },
            "PreSize": {
              "X": 1.0,
              "Y": 1.0
            },
            "Tag": 107,
            "Children": [
              {
                "FileData": {
                  "Type": "Normal",
                  "Path": "image/ui/transparent/transparent_1280x720.png",
                  "Plist": ""
                },
                "BlendFunc": {
                  "Src": 1,
                  "Dst": 771
                },
                "AnchorPoint": {},
                "Position": {
                  "X": 0.0,
                  "Y": 1.25
                },
                "Scale": {
                  "ScaleX": 1.0,
                  "ScaleY": 1.0
                },
                "CColor": {},
                "IconVisible": false,
                "PrePosition": {
                  "X": 0.0,
                  "Y": 0.0017
                },
                "PreSize": {
                  "X": 1.0,
                  "Y": 1.0
                },
                "TopMargin": -1.25,
                "BottomMargin": 1.25,
                "Tag": 108,
                "ActionTag": -2139185602,
                "Size": {
                  "X": 1280.0,
                  "Y": 720.0
                },
                "Name": "fake_root",
                "ctype": "SpriteObjectData"
              },
              {
                "FileData": {
                  "Type": "Normal",
                  "Path": "image/ui/room/player_info_bg.png",
                  "Plist": ""
                },
                "Scale9Enable": true,
                "Scale9OriginX": 50,
                "Scale9OriginY": 50,
                "Scale9Width": 428,
                "Scale9Height": 95,
                "AnchorPoint": {
                  "ScaleX": 0.5,
                  "ScaleY": 0.5
                },
                "Position": {
                  "X": 640.0,
                  "Y": 349.4161
                },
                "Scale": {
                  "ScaleX": 1.0,
                  "ScaleY": 1.0
                },
                "CColor": {},
                "IconVisible": false,
                "PositionPercentXEnabled": true,
                "PrePosition": {
                  "X": 0.5,
                  "Y": 0.4853
                },
                "PreSize": {
                  "X": 0.5469,
                  "Y": 0.5556
                },
                "LeftMargin": 290.0,
                "RightMargin": 290.0,
                "TopMargin": 170.5839,
                "BottomMargin": 149.4161,
                "Tag": 109,
                "Children": [
                  {
                    "FontSize": 32,
                    "LabelText": "付费方式",
                    "FontResource": {
                      "Type": "Normal",
                      "Path": "image/fonts/FZZY.TTF",
                      "Plist": ""
                    },
                    "OutlineColor": {
                      "R": 161,
                      "G": 81,
                      "B": 19
                    },
                    "ShadowColor": {
                      "R": 110,
                      "G": 110,
                      "B": 110
                    },
                    "ShadowOffsetX": 2.0,
                    "ShadowOffsetY": -2.0,
                    "AnchorPoint": {
                      "ScaleY": 0.5
                    },
                    "Position": {
                      "X": 93.0713,
                      "Y": 359.1079
                    },
                    "Scale": {
                      "ScaleX": 1.0,
                      "ScaleY": 1.0
                    },
                    "CColor": {
                      "R": 116,
                      "G": 132,
                      "B": 226
                    },
                    "IconVisible": false,
                    "PrePosition": {
                      "X": 0.133,
                      "Y": 0.8978
                    },
                    "PreSize": {
                      "X": 0.1857,
                      "Y": 0.09
                    },
                    "LeftMargin": 93.0713,
                    "RightMargin": 476.9287,
                    "TopMargin": 22.8921,
                    "BottomMargin": 341.1079,
                    "Tag": 110,
                    "ActionTag": -1001126435,
                    "Size": {
                      "X": 130.0,
                      "Y": 36.0
                    },
                    "Name": "fufei",
                    "ctype": "TextObjectData"
                  },
                  {
                    "FontSize": 32,
                    "LabelText": "局数选择",
                    "FontResource": {
                      "Type": "Normal",
                      "Path": "image/fonts/FZZY.TTF",
                      "Plist": ""
                    },
                    "OutlineColor": {
                      "R": 161,
                      "G": 81,
                      "B": 19
                    },
                    "ShadowColor": {
                      "R": 110,
                      "G": 110,
                      "B": 110
                    },
                    "ShadowOffsetX": 2.0,
                    "ShadowOffsetY": -2.0,
                    "AnchorPoint": {
                      "ScaleY": 0.5
                    },
                    "Position": {
                      "X": 93.0713,
                      "Y": 311.928
                    },
                    "Scale": {
                      "ScaleX": 1.0,
                      "ScaleY": 1.0
                    },
                    "CColor": {
                      "R": 116,
                      "G": 132,
                      "B": 226
                    },
                    "IconVisible": false,
                    "PrePosition": {
                      "X": 0.133,
                      "Y": 0.7798
                    },
                    "PreSize": {
                      "X": 0.1871,
                      "Y": 0.09
                    },
                    "LeftMargin": 93.0713,
                    "RightMargin": 475.9287,
                    "TopMargin": 70.072,
                    "BottomMargin": 293.928,
                    "Tag": 111,
                    "ActionTag": -410879724,
                    "Size": {
                      "X": 131.0,
                      "Y": 36.0
                    },
                    "Name": "jushu",
                    "ctype": "TextObjectData"
                  },
                  {
                    "FontSize": 32,
                    "LabelText": "玩法选择",
                    "FontResource": {
                      "Type": "Normal",
                      "Path": "image/fonts/FZZY.TTF",
                      "Plist": ""
                    },
                    "OutlineColor": {
                      "R": 161,
                      "G": 81,
                      "B": 19
                    },
                    "ShadowColor": {
                      "R": 110,
                      "G": 110,
                      "B": 110
                    },
                    "ShadowOffsetX": 2.0,
                    "ShadowOffsetY": -2.0,
                    "AnchorPoint": {
                      "ScaleY": 0.5
                    },
                    "Position": {
                      "X": 93.0713,
                      "Y": 259.7481
                    },
                    "Scale": {
                      "ScaleX": 1.0,
                      "ScaleY": 1.0
                    },
                    "CColor": {
                      "R": 116,
                      "G": 132,
                      "B": 226
                    },
                    "IconVisible": false,
                    "PrePosition": {
                      "X": 0.133,
                      "Y": 0.6494
                    },
                    "PreSize": {
                      "X": 0.1871,
                      "Y": 0.09
                    },
                    "LeftMargin": 93.0713,
                    "RightMargin": 475.9287,
                    "TopMargin": 122.2519,
                    "BottomMargin": 241.7481,
                    "Tag": 112,
                    "ActionTag": 717959291,
                    "Size": {
                      "X": 131.0,
                      "Y": 36.0
                    },
                    "Name": "wanfa",
                    "ctype": "TextObjectData"
                  },
                  {
                    "FontSize": 28,
                    "LabelText": "通比牛牛通比牛牛通比牛牛通比",
                    "FontResource": {
                      "Type": "Normal",
                      "Path": "image/fonts/FZZY.TTF",
                      "Plist": ""
                    },
                    "VerticalAlignmentType": "VT_Center",
                    "OutlineColor": {
                      "G": 0,
                      "B": 0
                    },
                    "ShadowColor": {
                      "R": 110,
                      "G": 110,
                      "B": 110
                    },
                    "ShadowOffsetX": 2.0,
                    "ShadowOffsetY": -2.0,
                    "AnchorPoint": {
                      "ScaleY": 0.5
                    },
                    "Position": {
                      "X": 241.9135,
                      "Y": 359.1085
                    },
                    "Scale": {
                      "ScaleX": 1.0,
                      "ScaleY": 1.0
                    },
                    "CColor": {
                      "R": 197,
                      "G": 213
                    },
                    "IconVisible": false,
                    "PrePosition": {
                      "X": 0.3456,
                      "Y": 0.8978
                    },
                    "PreSize": {
                      "X": 0.5643,
                      "Y": 0.08
                    },
                    "LeftMargin": 241.9135,
                    "RightMargin": 63.0864,
                    "TopMargin": 24.8915,
                    "BottomMargin": 343.1085,
                    "Tag": 115,
                    "ActionTag": -2127710695,
                    "Size": {
                      "X": 395.0,
                      "Y": 32.0
                    },
                    "Name": "fufei_value",
                    "ctype": "TextObjectData"
                  },
                  {
                    "FontSize": 28,
                    "LabelText": "99999999分",
                    "FontResource": {
                      "Type": "Normal",
                      "Path": "image/fonts/FZZY.TTF",
                      "Plist": ""
                    },
                    "VerticalAlignmentType": "VT_Center",
                    "OutlineColor": {
                      "G": 0,
                      "B": 0
                    },
                    "ShadowColor": {
                      "R": 110,
                      "G": 110,
                      "B": 110
                    },
                    "ShadowOffsetX": 2.0,
                    "ShadowOffsetY": -2.0,
                    "AnchorPoint": {
                      "ScaleY": 0.5
                    },
                    "Position": {
                      "X": 241.9135,
                      "Y": 311.5957
                    },
                    "Scale": {
                      "ScaleX": 1.0,
                      "ScaleY": 1.0
                    },
                    "CColor": {
                      "R": 197,
                      "G": 213
                    },
                    "IconVisible": false,
                    "PrePosition": {
                      "X": 0.3456,
                      "Y": 0.779
                    },
                    "PreSize": {
                      "X": 0.2157,
                      "Y": 0.08
                    },
                    "LeftMargin": 241.9135,
                    "RightMargin": 307.0865,
                    "TopMargin": 72.4043,
                    "BottomMargin": 295.5957,
                    "Tag": 116,
                    "ActionTag": -1504358109,
                    "Size": {
                      "X": 151.0,
                      "Y": 32.0
                    },
                    "Name": "jushu_value",
                    "ctype": "TextObjectData"
                  },
                  {
                    "FontSize": 28,
                    "LabelText": "牛牛x4 牛九x3 牛八x2 牛七x2牛七x2\n牛牛x4 牛九x3 牛八x2 牛七x2牛七x2\n牛牛x4 牛九x3 牛八x2 牛七x2牛七x2",
                    "FontResource": {
                      "Type": "Normal",
                      "Path": "image/fonts/FZZY.TTF",
                      "Plist": ""
                    },
                    "OutlineColor": {
                      "G": 0,
                      "B": 0
                    },
                    "ShadowColor": {
                      "R": 110,
                      "G": 110,
                      "B": 110
                    },
                    "ShadowOffsetX": 2.0,
                    "ShadowOffsetY": -2.0,
                    "AnchorPoint": {
                      "ScaleY": 0.5
                    },
                    "Position": {
                      "X": 241.9135,
                      "Y": 230.5825
                    },
                    "Scale": {
                      "ScaleX": 1.0,
                      "ScaleY": 1.0
                    },
                    "CColor": {
                      "R": 197,
                      "G": 213
                    },
                    "IconVisible": false,
                    "PrePosition": {
                      "X": 0.3456,
                      "Y": 0.5765
                    },
                    "PreSize": {
                      "X": 0.6329,
                      "Y": 0.24
                    },
                    "LeftMargin": 241.9135,
                    "RightMargin": 15.0864,
                    "TopMargin": 121.4175,
                    "BottomMargin": 182.5825,
                    "Tag": 117,
                    "ActionTag": 1705637191,
                    "Size": {
                      "X": 443.0,
                      "Y": 96.0
                    },
                    "Name": "wanfa_value",
                    "ctype": "TextObjectData"
                  },
                  {
                    "FileData": {
                      "Type": "Normal",
                      "Path": "image/ui/niuniu/bg/langhua.png",
                      "Plist": ""
                    },
                    "BlendFunc": {
                      "Src": 1,
                      "Dst": 771
                    },
                    "AnchorPoint": {
                      "ScaleX": 0.5,
                      "ScaleY": 0.5
                    },
                    "Position": {
                      "X": 53.4383,
                      "Y": 259.5797
                    },
                    "Scale": {
                      "ScaleX": 1.0,
                      "ScaleY": 1.0
                    },
                    "CColor": {},
                    "IconVisible": false,
                    "PrePosition": {
                      "X": 0.0763,
                      "Y": 0.6489
                    },
                    "PreSize": {
                      "X": 0.0829,
                      "Y": 0.0675
                    },
                    "LeftMargin": 24.4383,
                    "RightMargin": 617.5618,
                    "TopMargin": 126.9203,
                    "BottomMargin": 246.0797,
                    "Tag": 122,
                    "ActionTag": 1170079746,
                    "Size": {
                      "X": 58.0,
                      "Y": 27.0
                    },
                    "Name": "langhua_214_1",
                    "ctype": "SpriteObjectData"
                  },
                  {
                    "FileData": {
                      "Type": "Normal",
                      "Path": "image/ui/niuniu/bg/langhua.png",
                      "Plist": ""
                    },
                    "BlendFunc": {
                      "Src": 1,
                      "Dst": 771
                    },
                    "AnchorPoint": {
                      "ScaleX": 0.5,
                      "ScaleY": 0.5
                    },
                    "Position": {
                      "X": 53.4383,
                      "Y": 309.3439
                    },
                    "Scale": {
                      "ScaleX": 1.0,
                      "ScaleY": 1.0
                    },
                    "CColor": {},
                    "IconVisible": false,
                    "PrePosition": {
                      "X": 0.0763,
                      "Y": 0.7734
                    },
                    "PreSize": {
                      "X": 0.0829,
                      "Y": 0.0675
                    },
                    "LeftMargin": 24.4383,
                    "RightMargin": 617.5618,
                    "TopMargin": 77.1561,
                    "BottomMargin": 295.8439,
                    "Tag": 123,
                    "ActionTag": 558749671,
                    "Size": {
                      "X": 58.0,
                      "Y": 27.0
                    },
                    "Name": "langhua_214_2",
                    "ctype": "SpriteObjectData"
                  },
                  {
                    "FileData": {
                      "Type": "Normal",
                      "Path": "image/ui/niuniu/bg/langhua.png",
                      "Plist": ""
                    },
                    "BlendFunc": {
                      "Src": 1,
                      "Dst": 771
                    },
                    "AnchorPoint": {
                      "ScaleX": 0.5,
                      "ScaleY": 0.5
                    },
                    "Position": {
                      "X": 53.4383,
                      "Y": 359.1079
                    },
                    "Scale": {
                      "ScaleX": 1.0,
                      "ScaleY": 1.0
                    },
                    "CColor": {},
                    "IconVisible": false,
                    "PrePosition": {
                      "X": 0.0763,
                      "Y": 0.8978
                    },
                    "PreSize": {
                      "X": 0.0829,
                      "Y": 0.0675
                    },
                    "LeftMargin": 24.4383,
                    "RightMargin": 617.5618,
                    "TopMargin": 27.3921,
                    "BottomMargin": 345.6079,
                    "Tag": 124,
                    "ActionTag": 2014818944,
                    "Size": {
                      "X": 58.0,
                      "Y": 27.0
                    },
                    "Name": "langhua_214_3",
                    "ctype": "SpriteObjectData"
                  },
                  {
                    "FileData": {
                      "Type": "Normal",
                      "Path": "image/ui/niuniu/bg/langhua.png",
                      "Plist": ""
                    },
                    "BlendFunc": {
                      "Src": 1,
                      "Dst": 771
                    },
                    "AnchorPoint": {
                      "ScaleX": 0.5,
                      "ScaleY": 0.5
                    },
                    "Position": {
                      "X": 53.4383,
                      "Y": 151.8646
                    },
                    "Scale": {
                      "ScaleX": 1.0,
                      "ScaleY": 1.0
                    },
                    "CColor": {},
                    "IconVisible": false,
                    "PrePosition": {
                      "X": 0.0763,
                      "Y": 0.3797
                    },
                    "PreSize": {
                      "X": 0.0829,
                      "Y": 0.0675
                    },
                    "LeftMargin": 24.4383,
                    "RightMargin": 617.5618,
                    "TopMargin": 234.6354,
                    "BottomMargin": 138.3646,
                    "Tag": 128,
                    "ActionTag": -1406789480,
                    "Size": {
                      "X": 58.0,
                      "Y": 27.0
                    },
                    "Name": "langhua_214_0_1",
                    "ctype": "SpriteObjectData"
                  },
                  {
                    "FileData": {
                      "Type": "Normal",
                      "Path": "image/ui/niuniu/bg/langhua.png",
                      "Plist": ""
                    },
                    "BlendFunc": {
                      "Src": 1,
                      "Dst": 771
                    },
                    "AnchorPoint": {
                      "ScaleX": 0.5,
                      "ScaleY": 0.5
                    },
                    "Position": {
                      "X": 53.4383,
                      "Y": 103.0315
                    },
                    "Scale": {
                      "ScaleX": 1.0,
                      "ScaleY": 1.0
                    },
                    "CColor": {},
                    "IconVisible": false,
                    "PrePosition": {
                      "X": 0.0763,
                      "Y": 0.2576
                    },
                    "PreSize": {
                      "X": 0.0829,
                      "Y": 0.0675
                    },
                    "LeftMargin": 24.4383,
                    "RightMargin": 617.5618,
                    "TopMargin": 283.4685,
                    "BottomMargin": 89.5315,
                    "Tag": 132,
                    "ActionTag": -1422247723,
                    "Size": {
                      "X": 58.0,
                      "Y": 27.0
                    },
                    "Name": "langhua_214_0_1_0",
                    "ctype": "SpriteObjectData"
                  },
                  {
                    "FileData": {
                      "Type": "Normal",
                      "Path": "image/ui/niuniu/bg/langhua.png",
                      "Plist": ""
                    },
                    "BlendFunc": {
                      "Src": 1,
                      "Dst": 771
                    },
                    "AnchorPoint": {
                      "ScaleX": 0.5,
                      "ScaleY": 0.5
                    },
                    "Position": {
                      "X": 53.4383,
                      "Y": 54.1984
                    },
                    "Scale": {
                      "ScaleX": 1.0,
                      "ScaleY": 1.0
                    },
                    "CColor": {},
                    "IconVisible": false,
                    "PrePosition": {
                      "X": 0.0763,
                      "Y": 0.1355
                    },
                    "PreSize": {
                      "X": 0.0829,
                      "Y": 0.0675
                    },
                    "LeftMargin": 24.4383,
                    "RightMargin": 617.5618,
                    "TopMargin": 332.3016,
                    "BottomMargin": 40.6984,
                    "Tag": 134,
                    "ActionTag": 1582481027,
                    "Size": {
                      "X": 58.0,
                      "Y": 27.0
                    },
                    "Name": "langhua_214_0_1_0_0",
                    "ctype": "SpriteObjectData"
                  },
                  {
                    "FontSize": 32,
                    "LabelText": "跟牌轮数",
                    "FontResource": {
                      "Type": "Normal",
                      "Path": "image/fonts/FZZY.TTF",
                      "Plist": ""
                    },
                    "OutlineColor": {
                      "R": 161,
                      "G": 81,
                      "B": 19
                    },
                    "ShadowColor": {
                      "R": 110,
                      "G": 110,
                      "B": 110
                    },
                    "ShadowOffsetX": 2.0,
                    "ShadowOffsetY": -2.0,
                    "AnchorPoint": {
                      "ScaleY": 1.0
                    },
                    "Position": {
                      "X": 93.0713,
                      "Y": 169.4053
                    },
                    "Scale": {
                      "ScaleX": 1.0,
                      "ScaleY": 1.0
                    },
                    "CColor": {
                      "R": 116,
                      "G": 132,
                      "B": 226
                    },
                    "IconVisible": false,
                    "PrePosition": {
                      "X": 0.133,
                      "Y": 0.4235
                    },
                    "PreSize": {
                      "X": 0.1871,
                      "Y": 0.09
                    },
                    "LeftMargin": 93.0713,
                    "RightMargin": 475.9287,
                    "TopMargin": 230.5947,
                    "BottomMargin": 133.4053,
                    "Tag": 126,
                    "ActionTag": -166489166,
                    "Size": {
                      "X": 131.0,
                      "Y": 36.0
                    },
                    "Name": "genpai",
                    "ctype": "TextObjectData"
                  },
                  {
                    "FontSize": 28,
                    "LabelText": "房主支付 闲家推注房主支付 闲家",
                    "FontResource": {
                      "Type": "Normal",
                      "Path": "image/fonts/FZZY.TTF",
                      "Plist": ""
                    },
                    "VerticalAlignmentType": "VT_Center",
                    "OutlineColor": {
                      "G": 0,
                      "B": 0
                    },
                    "ShadowColor": {
                      "R": 110,
                      "G": 110,
                      "B": 110
                    },
                    "ShadowOffsetX": 2.0,
                    "ShadowOffsetY": -2.0,
                    "AnchorPoint": {
                      "ScaleY": 0.5
                    },
                    "Position": {
                      "X": 241.9136,
                      "Y": 152.8149
                    },
                    "Scale": {
                      "ScaleX": 1.0,
                      "ScaleY": 1.0
                    },
                    "CColor": {
                      "R": 197,
                      "G": 213
                    },
                    "IconVisible": false,
                    "PrePosition": {
                      "X": 0.3456,
                      "Y": 0.382
                    },
                    "PreSize": {
                      "X": 0.5843,
                      "Y": 0.08
                    },
                    "LeftMargin": 241.9136,
                    "RightMargin": 49.0864,
                    "TopMargin": 231.1851,
                    "BottomMargin": 136.8149,
                    "Tag": 130,
                    "ActionTag": -1028307844,
                    "Size": {
                      "X": 409.0,
                      "Y": 32.0
                    },
                    "Name": "genpai_value",
                    "ctype": "TextObjectData"
                  },
                  {
                    "FontSize": 32,
                    "LabelText": "比牌轮数",
                    "FontResource": {
                      "Type": "Normal",
                      "Path": "image/fonts/FZZY.TTF",
                      "Plist": ""
                    },
                    "OutlineColor": {
                      "R": 161,
                      "G": 81,
                      "B": 19
                    },
                    "ShadowColor": {
                      "R": 110,
                      "G": 110,
                      "B": 110
                    },
                    "ShadowOffsetX": 2.0,
                    "ShadowOffsetY": -2.0,
                    "AnchorPoint": {
                      "ScaleY": 1.0
                    },
                    "Position": {
                      "X": 93.0713,
                      "Y": 120.8019
                    },
                    "Scale": {
                      "ScaleX": 1.0,
                      "ScaleY": 1.0
                    },
                    "CColor": {
                      "R": 116,
                      "G": 132,
                      "B": 226
                    },
                    "IconVisible": false,
                    "PrePosition": {
                      "X": 0.133,
                      "Y": 0.302
                    },
                    "PreSize": {
                      "X": 0.1871,
                      "Y": 0.09
                    },
                    "LeftMargin": 93.0713,
                    "RightMargin": 475.9287,
                    "TopMargin": 279.1981,
                    "BottomMargin": 84.8019,
                    "Tag": 131,
                    "ActionTag": 666760055,
                    "Size": {
                      "X": 131.0,
                      "Y": 36.0
                    },
                    "Name": "bipai",
                    "ctype": "TextObjectData"
                  },
                  {
                    "FontSize": 32,
                    "LabelText": "闷牌轮数",
                    "FontResource": {
                      "Type": "Normal",
                      "Path": "image/fonts/FZZY.TTF",
                      "Plist": ""
                    },
                    "OutlineColor": {
                      "R": 161,
                      "G": 81,
                      "B": 19
                    },
                    "ShadowColor": {
                      "R": 110,
                      "G": 110,
                      "B": 110
                    },
                    "ShadowOffsetX": 2.0,
                    "ShadowOffsetY": -2.0,
                    "AnchorPoint": {
                      "ScaleY": 1.0
                    },
                    "Position": {
                      "X": 93.0713,
                      "Y": 72.1984
                    },
                    "Scale": {
                      "ScaleX": 1.0,
                      "ScaleY": 1.0
                    },
                    "CColor": {
                      "R": 116,
                      "G": 132,
                      "B": 226
                    },
                    "IconVisible": false,
                    "PrePosition": {
                      "X": 0.133,
                      "Y": 0.1805
                    },
                    "PreSize": {
                      "X": 0.1871,
                      "Y": 0.09
                    },
                    "LeftMargin": 93.0713,
                    "RightMargin": 475.9287,
                    "TopMargin": 327.8016,
                    "BottomMargin": 36.1984,
                    "Tag": 133,
                    "ActionTag": -481956278,
                    "Size": {
                      "X": 131.0,
                      "Y": 36.0
                    },
                    "Name": "menpai",
                    "ctype": "TextObjectData"
                  },
                  {
                    "FontSize": 28,
                    "LabelText": "房主支付 闲家推注房主支付 闲家",
                    "FontResource": {
                      "Type": "Normal",
                      "Path": "image/fonts/FZZY.TTF",
                      "Plist": ""
                    },
                    "VerticalAlignmentType": "VT_Center",
                    "OutlineColor": {
                      "G": 0,
                      "B": 0
                    },
                    "ShadowColor": {
                      "R": 110,
                      "G": 110,
                      "B": 110
                    },
                    "ShadowOffsetX": 2.0,
                    "ShadowOffsetY": -2.0,
                    "AnchorPoint": {
                      "ScaleY": 0.5
                    },
                    "Position": {
                      "X": 241.9136,
                      "Y": 101.5067
                    },
                    "Scale": {
                      "ScaleX": 1.0,
                      "ScaleY": 1.0
                    },
                    "CColor": {
                      "R": 197,
                      "G": 213
                    },
                    "IconVisible": false,
                    "PrePosition": {
                      "X": 0.3456,
                      "Y": 0.2538
                    },
                    "PreSize": {
                      "X": 0.5843,
                      "Y": 0.08
                    },
                    "LeftMargin": 241.9136,
                    "RightMargin": 49.0864,
                    "TopMargin": 282.4933,
                    "BottomMargin": 85.5067,
                    "Tag": 135,
                    "ActionTag": 1429844717,
                    "Size": {
                      "X": 409.0,
                      "Y": 32.0
                    },
                    "Name": "bipai_value",
                    "ctype": "TextObjectData"
                  },
                  {
                    "FontSize": 28,
                    "LabelText": "房主支付 闲家推注房主支付 闲家",
                    "FontResource": {
                      "Type": "Normal",
                      "Path": "image/fonts/FZZY.TTF",
                      "Plist": ""
                    },
                    "VerticalAlignmentType": "VT_Center",
                    "OutlineColor": {
                      "G": 0,
                      "B": 0
                    },
                    "ShadowColor": {
                      "R": 110,
                      "G": 110,
                      "B": 110
                    },
                    "ShadowOffsetX": 2.0,
                    "ShadowOffsetY": -2.0,
                    "AnchorPoint": {
                      "ScaleY": 0.5
                    },
                    "Position": {
                      "X": 241.9136,
                      "Y": 54.1982
                    },
                    "Scale": {
                      "ScaleX": 1.0,
                      "ScaleY": 1.0
                    },
                    "CColor": {
                      "R": 197,
                      "G": 213
                    },
                    "IconVisible": false,
                    "PrePosition": {
                      "X": 0.3456,
                      "Y": 0.1355
                    },
                    "PreSize": {
                      "X": 0.5843,
                      "Y": 0.08
                    },
                    "LeftMargin": 241.9136,
                    "RightMargin": 49.0864,
                    "TopMargin": 329.8018,
                    "BottomMargin": 38.1982,
                    "Tag": 136,
                    "ActionTag": 1701459703,
                    "Size": {
                      "X": 409.0,
                      "Y": 32.0
                    },
                    "Name": "menpai_value",
                    "ctype": "TextObjectData"
                  }
                ],
                "ActionTag": 1020059204,
                "Size": {
                  "X": 700.0,
                  "Y": 400.0
                },
                "Name": "panel",
                "ctype": "ImageViewObjectData"
              },
              {
                "FileData": {
                  "Type": "Normal",
                  "Path": "image/ui/niuniu/button/btClose.png",
                  "Plist": ""
                },
                "BlendFunc": {
                  "Src": 1,
                  "Dst": 771
                },
                "AnchorPoint": {
                  "ScaleX": 0.5,
                  "ScaleY": 0.5
                },
                "Position": {
                  "X": 983.2845,
                  "Y": 540.1069
                },
                "Scale": {
                  "ScaleX": 1.0,
                  "ScaleY": 1.0
                },
                "CColor": {},
                "IconVisible": false,
                "PrePosition": {
                  "X": 0.7682,
                  "Y": 0.7501
                },
                "PreSize": {
                  "X": 0.0656,
                  "Y": 0.1125
                },
                "LeftMargin": 941.2845,
                "RightMargin": 254.7155,
                "TopMargin": 139.3931,
                "BottomMargin": 499.6069,
                "Tag": 137,
                "ActionTag": -215475186,
                "Size": {
                  "X": 84.0,
                  "Y": 81.0
                },
                "Name": "btClose",
                "ctype": "SpriteObjectData"
              }
            ],
            "ActionTag": -2072000886,
            "Size": {
              "X": 1280.0,
              "Y": 720.0
            },
            "Name": "root",
            "ctype": "PanelObjectData"
          }
        ],
        "Size": {
          "X": 1280.0,
          "Y": 720.0
        },
        "Name": "Layer",
        "ctype": "LayerObjectData"
      },
      "UsedResources": [
        "../../image/fonts/FZZY.TTF",
        "../../image/ui/niuniu/bg/langhua.png",
        "../../image/ui/niuniu/button/btClose.png",
        "../../image/ui/room/player_info_bg.png",
        "../../image/ui/transparent/transparent_1280x720.png"
      ],
      "ctype": "GameFileData"
    }
  },
  "Type": "Layer"
}