{
  "ID": "5be65272-7c61-4111-9bb3-8178c70aa6ce",
  "Version": "2.3.4",
  "Name": "ClubMsgItem",
  "Content": {
    "Content": {
      "Animation": {
        "Duration": 0,
        "Speed": 1.0,
        "Timelines": [],
        "ctype": "TimelineActionData"
      },
      "AnimationList": [],
      "ObjectData": {
        "Tag": 624,
        "Children": [
          {
            "ClipAble": false,
            "BackColorAlpha": 102,
            "SingleColor": {
              "R": 150,
              "G": 200
            },
            "FirstColor": {
              "R": 150,
              "G": 200
            },
            "EndColor": {},
            "ColorVector": {
              "ScaleY": 1.0
            },
            "Scale9Width": 1,
            "Scale9Height": 1,
            "AnchorPoint": {},
            "Position": {
              "X": 0.0,
              "Y": 0.0
            },
            "Scale": {
              "ScaleX": 1.0,
              "ScaleY": 1.0
            },
            "CColor": {},
            "IconVisible": false,
            "PrePosition": {
              "X": 0.0,
              "Y": 0.0
            },
            "PreSize": {
              "X": 0.5252,
              "Y": 1.0976
            },
            "RightMargin": 547.0,
            "TopMargin": -8.0,
            "Tag": 625,
            "Children": [
              {
                "FileData": {
                  "Type": "Normal",
                  "Path": "image/ui/club/msg_item_bg.png",
                  "Plist": ""
                },
                "BlendFunc": {
                  "Src": 1,
                  "Dst": 771
                },
                "AnchorPoint": {
                  "ScaleX": 0.5,
                  "ScaleY": 0.5
                },
                "Position": {
                  "X": 576.0957,
                  "Y": 41.5147
                },
                "Scale": {
                  "ScaleX": 1.0,
                  "ScaleY": 1.0
                },
                "CColor": {},
                "IconVisible": false,
                "PrePosition": {
                  "X": 0.9522,
                  "Y": 0.4613
                },
                "PreSize": {
                  "X": 1.9041,
                  "Y": 0.9111
                },
                "LeftMargin": 0.0957,
                "RightMargin": -547.0957,
                "TopMargin": 7.4853,
                "BottomMargin": 0.5147,
                "Tag": 110,
                "ActionTag": -453994340,
                "Size": {
                  "X": 1152.0,
                  "Y": 82.0
                },
                "Name": "msg_item_bg_3",
                "ctype": "SpriteObjectData"
              },
              {
                "FileData": {
                  "Type": "Default",
                  "Path": "Default/ImageFile.png",
                  "Plist": ""
                },
                "Scale9Width": 46,
                "Scale9Height": 46,
                "AnchorPoint": {
                  "ScaleX": 0.5,
                  "ScaleY": 0.5
                },
                "Position": {
                  "X": 302.5,
                  "Y": 4.0
                },
                "Scale": {
                  "ScaleX": 1.0,
                  "ScaleY": 1.0
                },
                "CColor": {},
                "IconVisible": false,
                "PositionPercentXEnabled": true,
                "PrePosition": {
                  "X": 0.5,
                  "Y": 0.0444
                },
                "PreSize": {
                  "X": 1.0116,
                  "Y": 0.0111
                },
                "LeftMargin": -3.5,
                "RightMargin": -3.5,
                "TopMargin": 85.5,
                "BottomMargin": 3.5,
                "Tag": 98,
                "ActionTag": 114900898,
                "Size": {
                  "X": 612.0,
                  "Y": 1.0
                },
                "Name": "line",
                "ctype": "ImageViewObjectData"
              },
              {
                "FontSize": 22,
                "LabelText": "名字可以有八字_",
                "FontResource": {
                  "Type": "Normal",
                  "Path": "image/fonts/FZZY.TTF",
                  "Plist": ""
                },
                "VerticalAlignmentType": "VT_Center",
                "OutlineColor": {},
                "ShadowColor": {},
                "ShadowOffsetX": 1.0,
                "ShadowOffsetY": -1.0,
                "AnchorPoint": {
                  "ScaleY": 0.5
                },
                "Position": {
                  "X": 107.7994,
                  "Y": 25.1282
                },
                "Scale": {
                  "ScaleX": 1.0,
                  "ScaleY": 1.0
                },
                "CColor": {
                  "R": 118,
                  "G": 62,
                  "B": 41
                },
                "IconVisible": false,
                "PrePosition": {
                  "X": 0.1782,
                  "Y": 0.2792
                },
                "PreSize": {
                  "X": 0.2793,
                  "Y": 0.2778
                },
                "LeftMargin": 107.7994,
                "RightMargin": 328.2006,
                "TopMargin": 52.3718,
                "BottomMargin": 12.6282,
                "Tag": 627,
                "ActionTag": -867340528,
                "Size": {
                  "X": 169.0,
                  "Y": 25.0
                },
                "Name": "id",
                "ctype": "TextObjectData"
              },
              {
                "FontSize": 22,
                "LabelText": "名字可以有八字_",
                "FontResource": {
                  "Type": "Normal",
                  "Path": "image/fonts/FZZY.TTF",
                  "Plist": ""
                },
                "VerticalAlignmentType": "VT_Center",
                "OutlineColor": {},
                "ShadowColor": {},
                "ShadowOffsetX": 1.0,
                "ShadowOffsetY": -1.0,
                "AnchorPoint": {
                  "ScaleY": 0.5
                },
                "Position": {
                  "X": 107.7994,
                  "Y": 56.222
                },
                "Scale": {
                  "ScaleX": 1.0,
                  "ScaleY": 1.0
                },
                "CColor": {
                  "R": 118,
                  "G": 62,
                  "B": 41
                },
                "IconVisible": false,
                "PrePosition": {
                  "X": 0.1782,
                  "Y": 0.6247
                },
                "PreSize": {
                  "X": 0.2793,
                  "Y": 0.2778
                },
                "LeftMargin": 107.7994,
                "RightMargin": 328.2006,
                "TopMargin": 21.278,
                "BottomMargin": 43.722,
                "Tag": 628,
                "ActionTag": -139700035,
                "Size": {
                  "X": 169.0,
                  "Y": 25.0
                },
                "Name": "name",
                "ctype": "TextObjectData"
              },
              {
                "FileData": {
                  "Type": "Normal",
                  "Path": "image/ui/club/bg_qunmp.png",
                  "Plist": ""
                },
                "Scale9OriginX": 27,
                "Scale9OriginY": 27,
                "Scale9Width": 8,
                "Scale9Height": 8,
                "AnchorPoint": {
                  "ScaleX": 0.5,
                  "ScaleY": 0.5
                },
                "Position": {
                  "X": 74.2057,
                  "Y": 42.5315
                },
                "Scale": {
                  "ScaleX": 1.0,
                  "ScaleY": 1.0
                },
                "CColor": {},
                "IconVisible": false,
                "PrePosition": {
                  "X": 0.1227,
                  "Y": 0.4726
                },
                "PreSize": {
                  "X": 0.1025,
                  "Y": 0.6889
                },
                "LeftMargin": 43.2057,
                "RightMargin": 499.7943,
                "TopMargin": 16.4685,
                "BottomMargin": 11.5315,
                "Tag": 629,
                "ActionTag": -633728885,
                "Size": {
                  "X": 62.0,
                  "Y": 62.0
                },
                "Name": "headbg",
                "ctype": "ImageViewObjectData"
              },
              {
                "FileData": {
                  "Type": "Normal",
                  "Path": "appCommon/fydp/common/transparent/transparent_64x64.png",
                  "Plist": ""
                },
                "Scale9OriginX": 21,
                "Scale9OriginY": 21,
                "Scale9Width": 22,
                "Scale9Height": 22,
                "AnchorPoint": {
                  "ScaleX": 0.5,
                  "ScaleY": 0.5
                },
                "Position": {
                  "X": 74.4395,
                  "Y": 43.2491
                },
                "Scale": {
                  "ScaleX": 0.6,
                  "ScaleY": 0.6
                },
                "CColor": {},
                "IconVisible": false,
                "PrePosition": {
                  "X": 0.123,
                  "Y": 0.4805
                },
                "PreSize": {
                  "X": 0.1058,
                  "Y": 0.7111
                },
                "LeftMargin": 42.4395,
                "RightMargin": 498.5605,
                "TopMargin": 14.7509,
                "BottomMargin": 11.2491,
                "Tag": 630,
                "ActionTag": 1313545020,
                "Size": {
                  "X": 64.0,
                  "Y": 64.0
                },
                "Name": "head",
                "ctype": "ImageViewObjectData"
              },
              {
                "FileData": {
                  "Type": "Default",
                  "Path": "Default/Sprite.png",
                  "Plist": ""
                },
                "BlendFunc": {
                  "Src": 1,
                  "Dst": 771
                },
                "AnchorPoint": {
                  "ScaleX": 0.5,
                  "ScaleY": 0.5
                },
                "Position": {
                  "X": 791.9501,
                  "Y": 40.7554
                },
                "Scale": {
                  "ScaleX": 1.0,
                  "ScaleY": 1.0
                },
                "CColor": {},
                "IconVisible": false,
                "PrePosition": {
                  "X": 1.309,
                  "Y": 0.4528
                },
                "PreSize": {
                  "X": 0.076,
                  "Y": 0.5111
                },
                "LeftMargin": 768.9501,
                "RightMargin": -209.9501,
                "TopMargin": 26.2446,
                "BottomMargin": 17.7554,
                "Tag": 635,
                "ActionTag": 1814721312,
                "Size": {
                  "X": 46.0,
                  "Y": 46.0
                },
                "VisibleForFrame": false,
                "Name": "btn_pingbi",
                "ctype": "SpriteObjectData"
              },
              {
                "FileData": {
                  "Type": "Normal",
                  "Path": "image/ui/club/btn_accept.png",
                  "Plist": ""
                },
                "BlendFunc": {
                  "Src": 1,
                  "Dst": 771
                },
                "AnchorPoint": {
                  "ScaleX": 0.5,
                  "ScaleY": 0.5
                },
                "Position": {
                  "X": 1061.9496,
                  "Y": 40.7554
                },
                "Scale": {
                  "ScaleX": 1.0,
                  "ScaleY": 1.0
                },
                "CColor": {},
                "IconVisible": false,
                "PrePosition": {
                  "X": 1.7553,
                  "Y": 0.4528
                },
                "PreSize": {
                  "X": 0.2231,
                  "Y": 0.6667
                },
                "LeftMargin": 994.4496,
                "RightMargin": -524.4496,
                "TopMargin": 19.2446,
                "BottomMargin": 10.7554,
                "Tag": 634,
                "ActionTag": 411408819,
                "Size": {
                  "X": 135.0,
                  "Y": 60.0
                },
                "Name": "btn_tongyi",
                "ctype": "SpriteObjectData"
              },
              {
                "FileData": {
                  "Type": "Normal",
                  "Path": "image/ui/club/btn_refuse.png",
                  "Plist": ""
                },
                "BlendFunc": {
                  "Src": 1,
                  "Dst": 771
                },
                "AnchorPoint": {
                  "ScaleX": 0.5,
                  "ScaleY": 0.5
                },
                "Position": {
                  "X": 926.95,
                  "Y": 40.7554
                },
                "Scale": {
                  "ScaleX": 1.0,
                  "ScaleY": 1.0
                },
                "CColor": {},
                "IconVisible": false,
                "PrePosition": {
                  "X": 1.5321,
                  "Y": 0.4528
                },
                "PreSize": {
                  "X": 0.2231,
                  "Y": 0.6667
                },
                "LeftMargin": 859.45,
                "RightMargin": -389.45,
                "TopMargin": 19.2446,
                "BottomMargin": 10.7554,
                "Tag": 633,
                "ActionTag": 138431198,
                "Size": {
                  "X": 135.0,
                  "Y": 60.0
                },
                "Name": "btn_jujue",
                "ctype": "SpriteObjectData"
              }
            ],
            "ActionTag": 760807171,
            "Size": {
              "X": 605.0,
              "Y": 90.0
            },
            "Name": "row",
            "ctype": "PanelObjectData"
          }
        ],
        "Size": {
          "X": 1152.0,
          "Y": 82.0
        },
        "Name": "Layer",
        "ctype": "LayerObjectData"
      },
      "UsedResources": [
        "../../appCommon/fydp/common/transparent/transparent_64x64.png",
        "../../Default/ImageFile.png",
        "../../Default/Sprite.png",
        "../../image/fonts/FZZY.TTF",
        "../../image/ui/club/bg_qunmp.png",
        "../../image/ui/club/btn_accept.png",
        "../../image/ui/club/btn_refuse.png",
        "../../image/ui/club/msg_item_bg.png"
      ],
      "ctype": "GameFileData"
    }
  },
  "Type": "Layer"
}