{
  "ID": "150b1536-6cdd-4f0e-a6d1-6559b7e5a8a5",
  "Version": "2.3.4",
  "Name": "ClubMainLayer",
  "Content": {
    "Content": {
      "Animation": {
        "Duration": 0,
        "Speed": 1.0,
        "Timelines": [],
        "ctype": "TimelineActionData"
      },
      "AnimationList": [],
      "ObjectData": {
        "Tag": 102,
        "Children": [
          {
            "ClipAble": false,
            "BackColorAlpha": 182,
            "ComboBoxIndex": 1,
            "SingleColor": {
              "R": 0,
              "G": 0,
              "B": 0
            },
            "FirstColor": {
              "R": 150,
              "G": 200
            },
            "EndColor": {},
            "ColorVector": {
              "ScaleY": 1.0
            },
            "Scale9Width": 1,
            "Scale9Height": 1,
            "TouchEnable": true,
            "AnchorPoint": {},
            "Position": {
              "X": 0.0,
              "Y": 0.0
            },
            "Scale": {
              "ScaleX": 1.0,
              "ScaleY": 1.0
            },
            "CColor": {},
            "IconVisible": false,
            "PrePosition": {
              "X": 0.0,
              "Y": 0.0
            },
            "PreSize": {
              "X": 1.0,
              "Y": 1.0
            },
            "Tag": 123,
            "ActionTag": -670237273,
            "Size": {
              "X": 1280.0,
              "Y": 720.0
            },
            "Name": "root",
            "ctype": "PanelObjectData"
          },
          {
            "FileData": {
              "Type": "Normal",
              "Path": "image/ui/club/club_bg.jpg",
              "Plist": ""
            },
            "BlendFunc": {
              "Src": 770,
              "Dst": 771
            },
            "AnchorPoint": {
              "ScaleX": 0.5,
              "ScaleY": 0.5
            },
            "Position": {
              "X": 640.0,
              "Y": 360.0
            },
            "Scale": {
              "ScaleX": 1.0,
              "ScaleY": 1.0
            },
            "CColor": {},
            "IconVisible": false,
            "PositionPercentXEnabled": true,
            "PrePosition": {
              "X": 0.5,
              "Y": 0.5
            },
            "PreSize": {
              "X": 1.2188,
              "Y": 1.0
            },
            "LeftMargin": -140.0,
            "RightMargin": -140.0,
            "Tag": 103,
            "ActionTag": 1561770752,
            "Size": {
              "X": 1560.0,
              "Y": 720.0
            },
            "Name": "club_bg_1",
            "ctype": "SpriteObjectData"
          },
          {
            "FileData": {
              "Type": "Normal",
              "Path": "image/ui/club/btn_close.png",
              "Plist": ""
            },
            "BlendFunc": {
              "Src": 1,
              "Dst": 771
            },
            "AnchorPoint": {
              "ScaleX": 0.5,
              "ScaleY": 0.5
            },
            "Position": {
              "X": 36.316,
              "Y": 673.8602
            },
            "Scale": {
              "ScaleX": 1.0,
              "ScaleY": 1.0
            },
            "CColor": {},
            "IconVisible": false,
            "PrePosition": {
              "X": 0.0284,
              "Y": 0.9359
            },
            "PreSize": {
              "X": 0.05,
              "Y": 0.1181
            },
            "LeftMargin": 4.316,
            "RightMargin": 1211.684,
            "TopMargin": 3.6398,
            "BottomMargin": 631.3602,
            "Tag": 104,
            "ActionTag": -1436335166,
            "Size": {
              "X": 64.0,
              "Y": 85.0
            },
            "Name": "btn_close",
            "ctype": "SpriteObjectData"
          },
          {
            "FileData": {
              "Type": "Normal",
              "Path": "image/ui/club/btn_zhanji.png",
              "Plist": ""
            },
            "BlendFunc": {
              "Src": 1,
              "Dst": 771
            },
            "AnchorPoint": {
              "ScaleX": 0.5,
              "ScaleY": 0.5
            },
            "Position": {
              "X": 220.9408,
              "Y": 49.1336
            },
            "Scale": {
              "ScaleX": 1.0,
              "ScaleY": 1.0
            },
            "CColor": {},
            "IconVisible": false,
            "PrePosition": {
              "X": 0.1726,
              "Y": 0.0682
            },
            "PreSize": {
              "X": 0.1883,
              "Y": 0.1042
            },
            "LeftMargin": 100.4408,
            "RightMargin": 938.5592,
            "TopMargin": 633.3664,
            "BottomMargin": 11.6336,
            "Tag": 108,
            "ActionTag": -1074834929,
            "Size": {
              "X": 241.0,
              "Y": 75.0
            },
            "VisibleForFrame": false,
            "Name": "btn_zhanji",
            "ctype": "SpriteObjectData"
          },
          {
            "FileData": {
              "Type": "Normal",
              "Path": "image/ui/club/btn_msg.png",
              "Plist": ""
            },
            "BlendFunc": {
              "Src": 1,
              "Dst": 771
            },
            "AnchorPoint": {
              "ScaleX": 0.5,
              "ScaleY": 0.5
            },
            "Position": {
              "X": 564.9408,
              "Y": 49.1336
            },
            "Scale": {
              "ScaleX": 1.0,
              "ScaleY": 1.0
            },
            "CColor": {},
            "IconVisible": false,
            "PrePosition": {
              "X": 0.4414,
              "Y": 0.0682
            },
            "PreSize": {
              "X": 0.1883,
              "Y": 0.1042
            },
            "LeftMargin": 444.4408,
            "RightMargin": 594.5592,
            "TopMargin": 633.3664,
            "BottomMargin": 11.6336,
            "Tag": 109,
            "ActionTag": 205304813,
            "Size": {
              "X": 241.0,
              "Y": 75.0
            },
            "VisibleForFrame": false,
            "Name": "btn_xiaoxi",
            "ctype": "SpriteObjectData"
          },
          {
            "FileData": {
              "Type": "Normal",
              "Path": "image/ui/club/btn_join.png",
              "Plist": ""
            },
            "BlendFunc": {
              "Src": 1,
              "Dst": 771
            },
            "AnchorPoint": {
              "ScaleX": 0.5,
              "ScaleY": 0.5
            },
            "Position": {
              "X": 1138.7723,
              "Y": 54.7799
            },
            "Scale": {
              "ScaleX": 1.0,
              "ScaleY": 1.0
            },
            "CColor": {},
            "IconVisible": false,
            "PrePosition": {
              "X": 0.8897,
              "Y": 0.0761
            },
            "PreSize": {
              "X": 0.2109,
              "Y": 0.1139
            },
            "LeftMargin": 1003.7723,
            "RightMargin": 6.2277,
            "TopMargin": 624.2201,
            "BottomMargin": 13.7799,
            "Tag": 113,
            "ActionTag": -1307765857,
            "Size": {
              "X": 270.0,
              "Y": 82.0
            },
            "Name": "btn_join",
            "ctype": "SpriteObjectData"
          },
          {
            "FileData": {
              "Type": "Normal",
              "Path": "image/ui/club/word_wdjlb1.png",
              "Plist": ""
            },
            "BlendFunc": {
              "Src": 1,
              "Dst": 771
            },
            "AnchorPoint": {
              "ScaleX": 0.5,
              "ScaleY": 0.5
            },
            "Position": {
              "X": -251.6468,
              "Y": -66.294
            },
            "Scale": {
              "ScaleX": 1.0,
              "ScaleY": 1.0
            },
            "CColor": {},
            "IconVisible": false,
            "PrePosition": {
              "X": -0.1966,
              "Y": -0.0921
            },
            "PreSize": {
              "X": 0.1602,
              "Y": 0.0569
            },
            "LeftMargin": -354.1468,
            "RightMargin": 1429.1469,
            "TopMargin": 765.794,
            "BottomMargin": -86.794,
            "Tag": 125,
            "ActionTag": -557698635,
            "Size": {
              "X": 205.0,
              "Y": 41.0
            },
            "Name": "word_wdjlb1_16",
            "ctype": "SpriteObjectData"
          },
          {
            "FileData": {
              "Type": "Normal",
              "Path": "image/ui/club/word_wdjlb2.png",
              "Plist": ""
            },
            "BlendFunc": {
              "Src": 1,
              "Dst": 771
            },
            "AnchorPoint": {
              "ScaleX": 0.5,
              "ScaleY": 0.5
            },
            "Position": {
              "X": -251.6469,
              "Y": -66.294
            },
            "Scale": {
              "ScaleX": 1.0,
              "ScaleY": 1.0
            },
            "CColor": {},
            "IconVisible": false,
            "PrePosition": {
              "X": -0.1966,
              "Y": -0.0921
            },
            "PreSize": {
              "X": 0.1672,
              "Y": 0.0736
            },
            "LeftMargin": -358.6469,
            "RightMargin": 1424.6469,
            "TopMargin": 759.794,
            "BottomMargin": -92.794,
            "Tag": 126,
            "ActionTag": -164735356,
            "Size": {
              "X": 214.0,
              "Y": 53.0
            },
            "Name": "word_wdjlb2_17",
            "ctype": "SpriteObjectData"
          },
          {
            "FileData": {
              "Type": "Normal",
              "Path": "image/ui/club/word_xx1.png",
              "Plist": ""
            },
            "BlendFunc": {
              "Src": 1,
              "Dst": 771
            },
            "AnchorPoint": {
              "ScaleX": 0.5,
              "ScaleY": 0.5
            },
            "Position": {
              "X": -251.6467,
              "Y": -66.294
            },
            "Scale": {
              "ScaleX": 1.0,
              "ScaleY": 1.0
            },
            "CColor": {},
            "IconVisible": false,
            "PrePosition": {
              "X": -0.1966,
              "Y": -0.0921
            },
            "PreSize": {
              "X": 0.0703,
              "Y": 0.0569
            },
            "LeftMargin": -296.6467,
            "RightMargin": 1486.6467,
            "TopMargin": 765.794,
            "BottomMargin": -86.794,
            "Tag": 127,
            "ActionTag": 1081463459,
            "Size": {
              "X": 90.0,
              "Y": 41.0
            },
            "Name": "word_xx1_18",
            "ctype": "SpriteObjectData"
          },
          {
            "FileData": {
              "Type": "Normal",
              "Path": "image/ui/club/word_xx2.png",
              "Plist": ""
            },
            "BlendFunc": {
              "Src": 1,
              "Dst": 771
            },
            "AnchorPoint": {
              "ScaleX": 0.5,
              "ScaleY": 0.5
            },
            "Position": {
              "X": -251.6467,
              "Y": -66.294
            },
            "Scale": {
              "ScaleX": 1.0,
              "ScaleY": 1.0
            },
            "CColor": {},
            "IconVisible": false,
            "PrePosition": {
              "X": -0.1966,
              "Y": -0.0921
            },
            "PreSize": {
              "X": 0.0859,
              "Y": 0.0722
            },
            "LeftMargin": -306.6467,
            "RightMargin": 1476.6467,
            "TopMargin": 760.294,
            "BottomMargin": -92.294,
            "Tag": 128,
            "ActionTag": -1979033256,
            "Size": {
              "X": 110.0,
              "Y": 52.0
            },
            "Name": "word_xx2_19",
            "ctype": "SpriteObjectData"
          },
          {
            "FileData": {
              "Type": "Normal",
              "Path": "image/ui/club/word_zj1.png",
              "Plist": ""
            },
            "BlendFunc": {
              "Src": 1,
              "Dst": 771
            },
            "AnchorPoint": {
              "ScaleX": 0.5,
              "ScaleY": 0.5
            },
            "Position": {
              "X": -251.6467,
              "Y": -66.294
            },
            "Scale": {
              "ScaleX": 1.0,
              "ScaleY": 1.0
            },
            "CColor": {},
            "IconVisible": false,
            "PrePosition": {
              "X": -0.1966,
              "Y": -0.0921
            },
            "PreSize": {
              "X": 0.0734,
              "Y": 0.0569
            },
            "LeftMargin": -298.6467,
            "RightMargin": 1484.6467,
            "TopMargin": 765.794,
            "BottomMargin": -86.794,
            "Tag": 129,
            "ActionTag": -1649271313,
            "Size": {
              "X": 94.0,
              "Y": 41.0
            },
            "Name": "word_zj1_20",
            "ctype": "SpriteObjectData"
          },
          {
            "FileData": {
              "Type": "Normal",
              "Path": "image/ui/club/word_zj2.png",
              "Plist": ""
            },
            "BlendFunc": {
              "Src": 1,
              "Dst": 771
            },
            "AnchorPoint": {
              "ScaleX": 0.5,
              "ScaleY": 0.5
            },
            "Position": {
              "X": -251.6468,
              "Y": -66.294
            },
            "Scale": {
              "ScaleX": 1.0,
              "ScaleY": 1.0
            },
            "CColor": {},
            "IconVisible": false,
            "PrePosition": {
              "X": -0.1966,
              "Y": -0.0921
            },
            "PreSize": {
              "X": 0.0891,
              "Y": 0.0736
            },
            "LeftMargin": -308.6468,
            "RightMargin": 1474.6469,
            "TopMargin": 759.794,
            "BottomMargin": -92.794,
            "Tag": 130,
            "ActionTag": 1995838220,
            "Size": {
              "X": 114.0,
              "Y": 53.0
            },
            "Name": "word_zj2_21",
            "ctype": "SpriteObjectData"
          },
          {
            "IsBounceEnabled": true,
            "InnerNodeSize": {
              "Width": 1080,
              "Height": 522
            },
            "ScrollDirectionType": "Horizontal",
            "ClipAble": false,
            "BackColorAlpha": 0,
            "ComboBoxIndex": 1,
            "SingleColor": {
              "G": 150,
              "B": 100
            },
            "FirstColor": {
              "G": 150,
              "B": 100
            },
            "EndColor": {},
            "ColorVector": {
              "ScaleY": 1.0
            },
            "Scale9Width": 1,
            "Scale9Height": 1,
            "TouchEnable": true,
            "AnchorPoint": {},
            "Position": {
              "X": 103.3969,
              "Y": 115.6492
            },
            "Scale": {
              "ScaleX": 1.0,
              "ScaleY": 1.0
            },
            "CColor": {},
            "IconVisible": false,
            "PrePosition": {
              "X": 0.0808,
              "Y": 0.1606
            },
            "PreSize": {
              "X": 0.8438,
              "Y": 0.725
            },
            "LeftMargin": 103.3969,
            "RightMargin": 96.6031,
            "TopMargin": 82.3508,
            "BottomMargin": 115.6492,
            "Tag": 133,
            "ActionTag": -2118679610,
            "Size": {
              "X": 1080.0,
              "Y": 522.0
            },
            "Name": "scrolView",
            "ctype": "ScrollViewObjectData"
          },
          {
            "FileData": {
              "Type": "Normal",
              "Path": "image/ui/club/btn_help.png",
              "Plist": ""
            },
            "BlendFunc": {
              "Src": 1,
              "Dst": 771
            },
            "AnchorPoint": {
              "ScaleX": 0.5,
              "ScaleY": 0.5
            },
            "Position": {
              "X": 1180.4371,
              "Y": 676.3708
            },
            "Scale": {
              "ScaleX": 1.0,
              "ScaleY": 1.0
            },
            "CColor": {},
            "IconVisible": false,
            "PrePosition": {
              "X": 0.9222,
              "Y": 0.9394
            },
            "PreSize": {
              "X": 0.1469,
              "Y": 0.0958
            },
            "LeftMargin": 1086.4371,
            "RightMargin": 5.5629,
            "TopMargin": 9.1292,
            "BottomMargin": 641.8708,
            "Tag": 106,
            "ActionTag": -760733786,
            "Size": {
              "X": 188.0,
              "Y": 69.0
            },
            "VisibleForFrame": false,
            "Name": "btn_help_1",
            "ctype": "SpriteObjectData"
          },
          {
            "FileData": {
              "Type": "Normal",
              "Path": "image/ui/club/meinv_bg.png",
              "Plist": ""
            },
            "BlendFunc": {
              "Src": 1,
              "Dst": 771
            },
            "AnchorPoint": {
              "ScaleX": 0.5,
              "ScaleY": 0.5
            },
            "Position": {
              "X": 827.3662,
              "Y": 335.243
            },
            "Scale": {
              "ScaleX": 1.0,
              "ScaleY": 1.0
            },
            "CColor": {},
            "IconVisible": false,
            "PrePosition": {
              "X": 0.6464,
              "Y": 0.4656
            },
            "PreSize": {
              "X": 0.2336,
              "Y": 0.6167
            },
            "LeftMargin": 677.8662,
            "RightMargin": 303.1338,
            "TopMargin": 162.757,
            "BottomMargin": 113.243,
            "Tag": 201,
            "Children": [
              {
                "FileData": {
                  "Type": "Normal",
                  "Path": "image/ui/club/meinv_word_bg.png",
                  "Plist": ""
                },
                "BlendFunc": {
                  "Src": 1,
                  "Dst": 771
                },
                "AnchorPoint": {
                  "ScaleX": 0.5,
                  "ScaleY": 0.5
                },
                "Position": {
                  "X": -144.8148,
                  "Y": 407.293
                },
                "Scale": {
                  "ScaleX": 1.0,
                  "ScaleY": 1.0
                },
                "CColor": {},
                "IconVisible": false,
                "PrePosition": {
                  "X": -0.4843,
                  "Y": 0.9173
                },
                "PreSize": {
                  "X": 1.2843,
                  "Y": 0.4347
                },
                "LeftMargin": -336.8148,
                "RightMargin": 251.8148,
                "TopMargin": -59.793,
                "BottomMargin": 310.793,
                "Tag": 202,
                "ActionTag": 1336737863,
                "Size": {
                  "X": 384.0,
                  "Y": 193.0
                },
                "Name": "meinv_word_bg_44",
                "ctype": "SpriteObjectData"
              },
              {
                "FileData": {
                  "Type": "Normal",
                  "Path": "image/ui/club/word_none_club.png",
                  "Plist": ""
                },
                "BlendFunc": {
                  "Src": 1,
                  "Dst": 771
                },
                "AnchorPoint": {
                  "ScaleX": 0.5,
                  "ScaleY": 0.5
                },
                "Position": {
                  "X": -138.9166,
                  "Y": 419.0891
                },
                "Scale": {
                  "ScaleX": 1.0,
                  "ScaleY": 1.0
                },
                "CColor": {},
                "IconVisible": false,
                "PrePosition": {
                  "X": -0.4646,
                  "Y": 0.9439
                },
                "PreSize": {
                  "X": 0.9799,
                  "Y": 0.1036
                },
                "LeftMargin": -285.4166,
                "RightMargin": 291.4166,
                "TopMargin": 1.9109,
                "BottomMargin": 396.0891,
                "Tag": 203,
                "ActionTag": -1433235735,
                "Size": {
                  "X": 293.0,
                  "Y": 46.0
                },
                "Name": "word_none_club_45",
                "ctype": "SpriteObjectData"
              }
            ],
            "ActionTag": 1031951005,
            "Size": {
              "X": 299.0,
              "Y": 444.0
            },
            "VisibleForFrame": false,
            "Name": "meinv",
            "ctype": "SpriteObjectData"
          },
          {
            "FileData": {
              "Type": "Normal",
              "Path": "image/ui/club/club_title.png",
              "Plist": ""
            },
            "BlendFunc": {
              "Src": 1,
              "Dst": 771
            },
            "AnchorPoint": {
              "ScaleX": 0.5,
              "ScaleY": 0.5
            },
            "Position": {
              "X": 640.0,
              "Y": 668.4319
            },
            "Scale": {
              "ScaleX": 1.0,
              "ScaleY": 1.0
            },
            "CColor": {},
            "IconVisible": false,
            "PrePosition": {
              "X": 0.5,
              "Y": 0.9284
            },
            "PreSize": {
              "X": 0.3094,
              "Y": 0.1333
            },
            "LeftMargin": 442.0,
            "RightMargin": 442.0,
            "TopMargin": 3.5681,
            "BottomMargin": 620.4319,
            "Tag": 184,
            "ActionTag": 1827111168,
            "Size": {
              "X": 396.0,
              "Y": 96.0
            },
            "Name": "club_title_16",
            "ctype": "SpriteObjectData"
          },
          {
            "FileData": {
              "Type": "Normal",
              "Path": "image/ui/club/btn_shuaxin.png",
              "Plist": ""
            },
            "BlendFunc": {
              "Src": 1,
              "Dst": 771
            },
            "AnchorPoint": {
              "ScaleX": 0.5,
              "ScaleY": 0.5
            },
            "Position": {
              "X": 921.8543,
              "Y": 661.801
            },
            "Scale": {
              "ScaleX": 1.0,
              "ScaleY": 1.0
            },
            "CColor": {},
            "IconVisible": false,
            "PrePosition": {
              "X": 0.7202,
              "Y": 0.9192
            },
            "PreSize": {
              "X": 0.0633,
              "Y": 0.1431
            },
            "LeftMargin": 881.3543,
            "RightMargin": 317.6457,
            "TopMargin": 6.699,
            "BottomMargin": 610.301,
            "Tag": 460,
            "ActionTag": 1985279039,
            "Size": {
              "X": 81.0,
              "Y": 103.0
            },
            "Name": "btn_refresh",
            "ctype": "SpriteObjectData"
          },
          {
            "FileData": {
              "Type": "Normal",
              "Path": "image/ui/club/btn_help.png",
              "Plist": ""
            },
            "BlendFunc": {
              "Src": 1,
              "Dst": 771
            },
            "AnchorPoint": {
              "ScaleX": 0.5,
              "ScaleY": 0.5
            },
            "Position": {
              "X": 1180.4323,
              "Y": 676.7813
            },
            "Scale": {
              "ScaleX": 1.0,
              "ScaleY": 1.0
            },
            "CColor": {},
            "IconVisible": false,
            "PrePosition": {
              "X": 0.9222,
              "Y": 0.94
            },
            "PreSize": {
              "X": 0.1469,
              "Y": 0.0958
            },
            "LeftMargin": 1086.4323,
            "RightMargin": 5.5677,
            "TopMargin": 8.7187,
            "BottomMargin": 642.2813,
            "Tag": 461,
            "ActionTag": -662088673,
            "Size": {
              "X": 188.0,
              "Y": 69.0
            },
            "Name": "btn_help",
            "ctype": "SpriteObjectData"
          }
        ],
        "Size": {
          "X": 1280.0,
          "Y": 720.0
        },
        "Name": "Layer",
        "ctype": "LayerObjectData"
      },
      "UsedResources": [
        "../../image/ui/club/btn_close.png",
        "../../image/ui/club/btn_help.png",
        "../../image/ui/club/btn_join.png",
        "../../image/ui/club/btn_msg.png",
        "../../image/ui/club/btn_shuaxin.png",
        "../../image/ui/club/btn_zhanji.png",
        "../../image/ui/club/club_bg.jpg",
        "../../image/ui/club/club_title.png",
        "../../image/ui/club/meinv_bg.png",
        "../../image/ui/club/meinv_word_bg.png",
        "../../image/ui/club/word_none_club.png",
        "../../image/ui/club/word_wdjlb1.png",
        "../../image/ui/club/word_wdjlb2.png",
        "../../image/ui/club/word_xx1.png",
        "../../image/ui/club/word_xx2.png",
        "../../image/ui/club/word_zj1.png",
        "../../image/ui/club/word_zj2.png"
      ],
      "ctype": "GameFileData"
    }
  },
  "Type": "Layer"
}