{
  "ID": "d1a6515d-d0bb-4e29-bc2f-cd21992b642b",
  "Version": "2.3.4",
  "Name": "ClubTableItem2",
  "Content": {
    "Content": {
      "Animation": {
        "Duration": 0,
        "Speed": 1.0,
        "Timelines": [],
        "ctype": "TimelineActionData"
      },
      "AnimationList": [],
      "ObjectData": {
        "Tag": 316,
        "Children": [
          {
            "FileData": {
              "Type": "Normal",
              "Path": "image/ui/club/table_for_6.png",
              "Plist": ""
            },
            "BlendFunc": {
              "Src": 1,
              "Dst": 771
            },
            "AnchorPoint": {
              "ScaleX": 0.5,
              "ScaleY": 0.5
            },
            "Position": {
              "X": 220.0,
              "Y": 370.94
            },
            "Scale": {
              "ScaleX": 1.0,
              "ScaleY": 1.0
            },
            "CColor": {},
            "IconVisible": false,
            "PositionPercentXEnabled": true,
            "PrePosition": {
              "X": 0.5,
              "Y": 0.7419
            },
            "PreSize": {
              "X": 0.7364,
              "Y": 0.504
            },
            "LeftMargin": 58.0,
            "RightMargin": 58.0,
            "TopMargin": 3.06,
            "BottomMargin": 244.94,
            "Tag": 122,
            "Children": [
              {
                "FileData": {
                  "Type": "Normal",
                  "Path": "image/ui/club/icon_wait.png",
                  "Plist": ""
                },
                "BlendFunc": {
                  "Src": 1,
                  "Dst": 771
                },
                "AnchorPoint": {
                  "ScaleX": 0.5,
                  "ScaleY": 0.5
                },
                "Position": {
                  "X": 162.7002,
                  "Y": 132.4617
                },
                "Scale": {
                  "ScaleX": 1.0,
                  "ScaleY": 1.0
                },
                "CColor": {},
                "IconVisible": false,
                "PrePosition": {
                  "X": 0.5022,
                  "Y": 0.5256
                },
                "PreSize": {
                  "X": 0.2593,
                  "Y": 0.2143
                },
                "LeftMargin": 120.7002,
                "RightMargin": 119.2998,
                "TopMargin": 92.5383,
                "BottomMargin": 105.4617,
                "Tag": 123,
                "ActionTag": -961503919,
                "Size": {
                  "X": 84.0,
                  "Y": 54.0
                },
                "Name": "state",
                "ctype": "SpriteObjectData"
              },
              {
                "FontSize": 18,
                "LabelText": " 房号:xxxxxxx ",
                "FontResource": {
                  "Type": "Normal",
                  "Path": "image/fonts/FZZY.TTF",
                  "Plist": ""
                },
                "HorizontalAlignmentType": "HT_Center",
                "VerticalAlignmentType": "VT_Center",
                "OutlineColor": {
                  "G": 0,
                  "B": 0
                },
                "ShadowColor": {
                  "R": 110,
                  "G": 110,
                  "B": 110
                },
                "ShadowOffsetX": 2.0,
                "ShadowOffsetY": -2.0,
                "AnchorPoint": {
                  "ScaleX": 0.5,
                  "ScaleY": 0.5
                },
                "Position": {
                  "X": 163.5305,
                  "Y": 106.3303
                },
                "Scale": {
                  "ScaleX": 1.0,
                  "ScaleY": 1.0
                },
                "CColor": {},
                "IconVisible": false,
                "PrePosition": {
                  "X": 0.5047,
                  "Y": 0.4219
                },
                "PreSize": {
                  "X": 0.3272,
                  "Y": 0.0794
                },
                "LeftMargin": 110.5305,
                "RightMargin": 107.4695,
                "TopMargin": 135.6697,
                "BottomMargin": 96.3303,
                "Tag": 48,
                "ActionTag": 661141511,
                "Size": {
                  "X": 106.0,
                  "Y": 20.0
                },
                "Name": "lb_num",
                "ctype": "TextObjectData"
              },
              {
                "FontSize": 18,
                "LabelText": " 房号:xxxxxxx ",
                "FontResource": {
                  "Type": "Normal",
                  "Path": "image/fonts/FZZY.TTF",
                  "Plist": ""
                },
                "HorizontalAlignmentType": "HT_Center",
                "VerticalAlignmentType": "VT_Center",
                "OutlineColor": {
                  "G": 0,
                  "B": 0
                },
                "ShadowColor": {
                  "R": 110,
                  "G": 110,
                  "B": 110
                },
                "ShadowOffsetX": 2.0,
                "ShadowOffsetY": -2.0,
                "AnchorPoint": {
                  "ScaleX": 0.5,
                  "ScaleY": 0.5
                },
                "Position": {
                  "X": 162.1552,
                  "Y": 97.7522
                },
                "Scale": {
                  "ScaleX": 1.0,
                  "ScaleY": 1.0
                },
                "CColor": {},
                "IconVisible": false,
                "PrePosition": {
                  "X": 0.5005,
                  "Y": 0.3879
                },
                "PreSize": {
                  "X": 0.3272,
                  "Y": 0.0794
                },
                "LeftMargin": 109.1552,
                "RightMargin": 108.8448,
                "TopMargin": 144.2478,
                "BottomMargin": 87.7522,
                "Tag": 228,
                "ActionTag": -640549827,
                "Size": {
                  "X": 106.0,
                  "Y": 20.0
                },
                "VisibleForFrame": false,
                "Name": "lb_progress",
                "ctype": "TextObjectData"
              },
              {
                "FileData": {
                  "Type": "Normal",
                  "Path": "appCommon/fydp/common/transparent/transparent.png",
                  "Plist": ""
                },
                "BlendFunc": {
                  "Src": 1,
                  "Dst": 771
                },
                "AnchorPoint": {
                  "ScaleX": 0.5,
                  "ScaleY": 0.5
                },
                "Position": {
                  "X": 294.0,
                  "Y": 75.76
                },
                "Scale": {
                  "ScaleX": 1.0,
                  "ScaleY": 1.0
                },
                "CColor": {},
                "IconVisible": false,
                "PrePosition": {
                  "X": 0.9074,
                  "Y": 0.3006
                },
                "PreSize": {
                  "X": 0.0031,
                  "Y": 0.004
                },
                "LeftMargin": 293.5,
                "RightMargin": 29.5,
                "TopMargin": 175.74,
                "BottomMargin": 75.26,
                "Tag": 133,
                "Children": [
                  {
                    "FileData": {
                      "Type": "Normal",
                      "Path": "appCommon/fydp/common/transparent/transparent_64x64.png",
                      "Plist": ""
                    },
                    "BlendFunc": {
                      "Src": 1,
                      "Dst": 771
                    },
                    "AnchorPoint": {
                      "ScaleX": 0.5,
                      "ScaleY": 0.5
                    },
                    "Position": {
                      "X": 0.9859,
                      "Y": -0.0687
                    },
                    "Scale": {
                      "ScaleX": 0.77,
                      "ScaleY": 0.77
                    },
                    "CColor": {},
                    "IconVisible": false,
                    "PrePosition": {
                      "X": 0.9859,
                      "Y": -0.0687
                    },
                    "PreSize": {
                      "X": 64.0,
                      "Y": 64.0
                    },
                    "LeftMargin": -31.0141,
                    "RightMargin": -31.9859,
                    "TopMargin": -30.9313,
                    "BottomMargin": -32.0687,
                    "Tag": 134,
                    "ActionTag": -1705828082,
                    "Size": {
                      "X": 64.0,
                      "Y": 64.0
                    },
                    "Name": "head",
                    "ctype": "SpriteObjectData"
                  },
                  {
                    "FileData": {
                      "Type": "Normal",
                      "Path": "image/ui/club/head_bg2.png",
                      "Plist": ""
                    },
                    "BlendFunc": {
                      "Src": 1,
                      "Dst": 771
                    },
                    "AnchorPoint": {
                      "ScaleX": 0.5,
                      "ScaleY": 0.5
                    },
                    "Position": {
                      "X": 0.6178,
                      "Y": -9.6404
                    },
                    "Scale": {
                      "ScaleX": 1.0,
                      "ScaleY": 1.0
                    },
                    "CColor": {},
                    "IconVisible": false,
                    "PrePosition": {
                      "X": 0.6178,
                      "Y": -9.6404
                    },
                    "PreSize": {
                      "X": 100.0,
                      "Y": 73.0
                    },
                    "LeftMargin": -49.3822,
                    "RightMargin": -49.6178,
                    "TopMargin": -25.8596,
                    "BottomMargin": -46.1404,
                    "Tag": 374,
                    "ActionTag": 1300973595,
                    "Size": {
                      "X": 100.0,
                      "Y": 73.0
                    },
                    "Name": "head_bg2_3",
                    "ctype": "SpriteObjectData"
                  },
                  {
                    "FontSize": 18,
                    "LabelText": " 玩家名字啊 ",
                    "HorizontalAlignmentType": "HT_Center",
                    "VerticalAlignmentType": "VT_Center",
                    "OutlineColor": {
                      "G": 0,
                      "B": 0
                    },
                    "ShadowColor": {
                      "R": 110,
                      "G": 110,
                      "B": 110
                    },
                    "ShadowOffsetX": 2.0,
                    "ShadowOffsetY": -2.0,
                    "AnchorPoint": {
                      "ScaleX": 0.5,
                      "ScaleY": 0.5
                    },
                    "Position": {
                      "X": 0.6181,
                      "Y": -36.2726
                    },
                    "Scale": {
                      "ScaleX": 1.0,
                      "ScaleY": 1.0
                    },
                    "CColor": {
                      "R": 221,
                      "G": 217,
                      "B": 191
                    },
                    "IconVisible": false,
                    "PrePosition": {
                      "X": 0.6181,
                      "Y": -36.2726
                    },
                    "PreSize": {
                      "X": 101.0,
                      "Y": 21.0
                    },
                    "LeftMargin": -49.8819,
                    "RightMargin": -50.1181,
                    "TopMargin": 26.7726,
                    "BottomMargin": -46.7726,
                    "Tag": 375,
                    "ActionTag": 2028692308,
                    "Size": {
                      "X": 101.0,
                      "Y": 21.0
                    },
                    "Name": "lb_name",
                    "ctype": "TextObjectData"
                  }
                ],
                "ActionTag": -1116881392,
                "Size": {
                  "X": 1.0,
                  "Y": 1.0
                },
                "Name": "row4",
                "ctype": "SpriteObjectData"
              },
              {
                "FileData": {
                  "Type": "Normal",
                  "Path": "appCommon/fydp/common/transparent/transparent.png",
                  "Plist": ""
                },
                "BlendFunc": {
                  "Src": 1,
                  "Dst": 771
                },
                "AnchorPoint": {
                  "ScaleX": 0.5,
                  "ScaleY": 0.5
                },
                "Position": {
                  "X": 297.85,
                  "Y": 189.76
                },
                "Scale": {
                  "ScaleX": 1.0,
                  "ScaleY": 1.0
                },
                "CColor": {},
                "IconVisible": false,
                "PrePosition": {
                  "X": 0.9193,
                  "Y": 0.753
                },
                "PreSize": {
                  "X": 0.0031,
                  "Y": 0.004
                },
                "LeftMargin": 297.35,
                "RightMargin": 25.65,
                "TopMargin": 61.74,
                "BottomMargin": 189.26,
                "Tag": 376,
                "Children": [
                  {
                    "FileData": {
                      "Type": "Normal",
                      "Path": "appCommon/fydp/common/transparent/transparent_64x64.png",
                      "Plist": ""
                    },
                    "BlendFunc": {
                      "Src": 1,
                      "Dst": 771
                    },
                    "AnchorPoint": {
                      "ScaleX": 0.5,
                      "ScaleY": 0.5
                    },
                    "Position": {
                      "X": 0.9859,
                      "Y": -0.0687
                    },
                    "Scale": {
                      "ScaleX": 0.77,
                      "ScaleY": 0.77
                    },
                    "CColor": {},
                    "IconVisible": false,
                    "PrePosition": {
                      "X": 0.9859,
                      "Y": -0.0687
                    },
                    "PreSize": {
                      "X": 64.0,
                      "Y": 64.0
                    },
                    "LeftMargin": -31.0141,
                    "RightMargin": -31.9859,
                    "TopMargin": -30.9313,
                    "BottomMargin": -32.0687,
                    "Tag": 377,
                    "ActionTag": -2121597888,
                    "Size": {
                      "X": 64.0,
                      "Y": 64.0
                    },
                    "Name": "head",
                    "ctype": "SpriteObjectData"
                  },
                  {
                    "FileData": {
                      "Type": "Normal",
                      "Path": "image/ui/club/head_bg2.png",
                      "Plist": ""
                    },
                    "BlendFunc": {
                      "Src": 1,
                      "Dst": 771
                    },
                    "AnchorPoint": {
                      "ScaleX": 0.5,
                      "ScaleY": 0.5
                    },
                    "Position": {
                      "X": 0.6178,
                      "Y": -9.6404
                    },
                    "Scale": {
                      "ScaleX": 1.0,
                      "ScaleY": 1.0
                    },
                    "CColor": {},
                    "IconVisible": false,
                    "PrePosition": {
                      "X": 0.6178,
                      "Y": -9.6404
                    },
                    "PreSize": {
                      "X": 100.0,
                      "Y": 73.0
                    },
                    "LeftMargin": -49.3822,
                    "RightMargin": -49.6178,
                    "TopMargin": -25.8596,
                    "BottomMargin": -46.1404,
                    "Tag": 378,
                    "ActionTag": -2110945310,
                    "Size": {
                      "X": 100.0,
                      "Y": 73.0
                    },
                    "Name": "head_bg2_3",
                    "ctype": "SpriteObjectData"
                  },
                  {
                    "FontSize": 18,
                    "LabelText": " 玩家名字啊 ",
                    "HorizontalAlignmentType": "HT_Center",
                    "VerticalAlignmentType": "VT_Center",
                    "OutlineColor": {
                      "G": 0,
                      "B": 0
                    },
                    "ShadowColor": {
                      "R": 110,
                      "G": 110,
                      "B": 110
                    },
                    "ShadowOffsetX": 2.0,
                    "ShadowOffsetY": -2.0,
                    "AnchorPoint": {
                      "ScaleX": 0.5,
                      "ScaleY": 0.5
                    },
                    "Position": {
                      "X": 0.6181,
                      "Y": -36.2726
                    },
                    "Scale": {
                      "ScaleX": 1.0,
                      "ScaleY": 1.0
                    },
                    "CColor": {
                      "R": 221,
                      "G": 217,
                      "B": 191
                    },
                    "IconVisible": false,
                    "PrePosition": {
                      "X": 0.6181,
                      "Y": -36.2726
                    },
                    "PreSize": {
                      "X": 101.0,
                      "Y": 21.0
                    },
                    "LeftMargin": -49.8819,
                    "RightMargin": -50.1181,
                    "TopMargin": 26.7726,
                    "BottomMargin": -46.7726,
                    "Tag": 379,
                    "ActionTag": 2079946487,
                    "Size": {
                      "X": 101.0,
                      "Y": 21.0
                    },
                    "Name": "lb_name",
                    "ctype": "TextObjectData"
                  }
                ],
                "ActionTag": -2082437746,
                "Size": {
                  "X": 1.0,
                  "Y": 1.0
                },
                "Name": "row3",
                "ctype": "SpriteObjectData"
              },
              {
                "FileData": {
                  "Type": "Normal",
                  "Path": "appCommon/fydp/common/transparent/transparent.png",
                  "Plist": ""
                },
                "BlendFunc": {
                  "Src": 1,
                  "Dst": 771
                },
                "AnchorPoint": {
                  "ScaleX": 0.5,
                  "ScaleY": 0.5
                },
                "Position": {
                  "X": 160.85,
                  "Y": 225.76
                },
                "Scale": {
                  "ScaleX": 1.0,
                  "ScaleY": 1.0
                },
                "CColor": {},
                "IconVisible": false,
                "PrePosition": {
                  "X": 0.4965,
                  "Y": 0.8959
                },
                "PreSize": {
                  "X": 0.0031,
                  "Y": 0.004
                },
                "LeftMargin": 160.35,
                "RightMargin": 162.65,
                "TopMargin": 25.74,
                "BottomMargin": 225.26,
                "Tag": 380,
                "Children": [
                  {
                    "FileData": {
                      "Type": "Normal",
                      "Path": "appCommon/fydp/common/transparent/transparent_64x64.png",
                      "Plist": ""
                    },
                    "BlendFunc": {
                      "Src": 1,
                      "Dst": 771
                    },
                    "AnchorPoint": {
                      "ScaleX": 0.5,
                      "ScaleY": 0.5
                    },
                    "Position": {
                      "X": 0.9859,
                      "Y": -0.0687
                    },
                    "Scale": {
                      "ScaleX": 0.77,
                      "ScaleY": 0.77
                    },
                    "CColor": {},
                    "IconVisible": false,
                    "PrePosition": {
                      "X": 0.9859,
                      "Y": -0.0687
                    },
                    "PreSize": {
                      "X": 64.0,
                      "Y": 64.0
                    },
                    "LeftMargin": -31.0141,
                    "RightMargin": -31.9859,
                    "TopMargin": -30.9313,
                    "BottomMargin": -32.0687,
                    "Tag": 381,
                    "ActionTag": -104168135,
                    "Size": {
                      "X": 64.0,
                      "Y": 64.0
                    },
                    "Name": "head",
                    "ctype": "SpriteObjectData"
                  },
                  {
                    "FileData": {
                      "Type": "Normal",
                      "Path": "image/ui/club/head_bg2.png",
                      "Plist": ""
                    },
                    "BlendFunc": {
                      "Src": 1,
                      "Dst": 771
                    },
                    "AnchorPoint": {
                      "ScaleX": 0.5,
                      "ScaleY": 0.5
                    },
                    "Position": {
                      "X": 0.6178,
                      "Y": -9.6404
                    },
                    "Scale": {
                      "ScaleX": 1.0,
                      "ScaleY": 1.0
                    },
                    "CColor": {},
                    "IconVisible": false,
                    "PrePosition": {
                      "X": 0.6178,
                      "Y": -9.6404
                    },
                    "PreSize": {
                      "X": 100.0,
                      "Y": 73.0
                    },
                    "LeftMargin": -49.3822,
                    "RightMargin": -49.6178,
                    "TopMargin": -25.8596,
                    "BottomMargin": -46.1404,
                    "Tag": 382,
                    "ActionTag": 627902966,
                    "Size": {
                      "X": 100.0,
                      "Y": 73.0
                    },
                    "Name": "head_bg2_3",
                    "ctype": "SpriteObjectData"
                  },
                  {
                    "FontSize": 18,
                    "LabelText": " 玩家名字啊 ",
                    "HorizontalAlignmentType": "HT_Center",
                    "VerticalAlignmentType": "VT_Center",
                    "OutlineColor": {
                      "G": 0,
                      "B": 0
                    },
                    "ShadowColor": {
                      "R": 110,
                      "G": 110,
                      "B": 110
                    },
                    "ShadowOffsetX": 2.0,
                    "ShadowOffsetY": -2.0,
                    "AnchorPoint": {
                      "ScaleX": 0.5,
                      "ScaleY": 0.5
                    },
                    "Position": {
                      "X": 0.6181,
                      "Y": -36.2726
                    },
                    "Scale": {
                      "ScaleX": 1.0,
                      "ScaleY": 1.0
                    },
                    "CColor": {
                      "R": 221,
                      "G": 217,
                      "B": 191
                    },
                    "IconVisible": false,
                    "PrePosition": {
                      "X": 0.6181,
                      "Y": -36.2726
                    },
                    "PreSize": {
                      "X": 101.0,
                      "Y": 21.0
                    },
                    "LeftMargin": -49.8819,
                    "RightMargin": -50.1181,
                    "TopMargin": 26.7726,
                    "BottomMargin": -46.7726,
                    "Tag": 383,
                    "ActionTag": 1046038982,
                    "Size": {
                      "X": 101.0,
                      "Y": 21.0
                    },
                    "Name": "lb_name",
                    "ctype": "TextObjectData"
                  }
                ],
                "ActionTag": -1688529127,
                "Size": {
                  "X": 1.0,
                  "Y": 1.0
                },
                "Name": "row2",
                "ctype": "SpriteObjectData"
              },
              {
                "FileData": {
                  "Type": "Normal",
                  "Path": "appCommon/fydp/common/transparent/transparent.png",
                  "Plist": ""
                },
                "BlendFunc": {
                  "Src": 1,
                  "Dst": 771
                },
                "AnchorPoint": {
                  "ScaleX": 0.5,
                  "ScaleY": 0.5
                },
                "Position": {
                  "X": 27.85,
                  "Y": 184.76
                },
                "Scale": {
                  "ScaleX": 1.0,
                  "ScaleY": 1.0
                },
                "CColor": {},
                "IconVisible": false,
                "PrePosition": {
                  "X": 0.086,
                  "Y": 0.7332
                },
                "PreSize": {
                  "X": 0.0031,
                  "Y": 0.004
                },
                "LeftMargin": 27.35,
                "RightMargin": 295.65,
                "TopMargin": 66.74,
                "BottomMargin": 184.26,
                "Tag": 384,
                "Children": [
                  {
                    "FileData": {
                      "Type": "Normal",
                      "Path": "appCommon/fydp/common/transparent/transparent_64x64.png",
                      "Plist": ""
                    },
                    "BlendFunc": {
                      "Src": 1,
                      "Dst": 771
                    },
                    "AnchorPoint": {
                      "ScaleX": 0.5,
                      "ScaleY": 0.5
                    },
                    "Position": {
                      "X": 0.9859,
                      "Y": -0.0687
                    },
                    "Scale": {
                      "ScaleX": 0.77,
                      "ScaleY": 0.77
                    },
                    "CColor": {},
                    "IconVisible": false,
                    "PrePosition": {
                      "X": 0.9859,
                      "Y": -0.0687
                    },
                    "PreSize": {
                      "X": 64.0,
                      "Y": 64.0
                    },
                    "LeftMargin": -31.0141,
                    "RightMargin": -31.9859,
                    "TopMargin": -30.9313,
                    "BottomMargin": -32.0687,
                    "Tag": 385,
                    "ActionTag": -1926587500,
                    "Size": {
                      "X": 64.0,
                      "Y": 64.0
                    },
                    "Name": "head",
                    "ctype": "SpriteObjectData"
                  },
                  {
                    "FileData": {
                      "Type": "Normal",
                      "Path": "image/ui/club/head_bg2.png",
                      "Plist": ""
                    },
                    "BlendFunc": {
                      "Src": 1,
                      "Dst": 771
                    },
                    "AnchorPoint": {
                      "ScaleX": 0.5,
                      "ScaleY": 0.5
                    },
                    "Position": {
                      "X": 0.6178,
                      "Y": -9.6404
                    },
                    "Scale": {
                      "ScaleX": 1.0,
                      "ScaleY": 1.0
                    },
                    "CColor": {},
                    "IconVisible": false,
                    "PrePosition": {
                      "X": 0.6178,
                      "Y": -9.6404
                    },
                    "PreSize": {
                      "X": 100.0,
                      "Y": 73.0
                    },
                    "LeftMargin": -49.3822,
                    "RightMargin": -49.6178,
                    "TopMargin": -25.8596,
                    "BottomMargin": -46.1404,
                    "Tag": 386,
                    "ActionTag": 594507585,
                    "Size": {
                      "X": 100.0,
                      "Y": 73.0
                    },
                    "Name": "head_bg2_3",
                    "ctype": "SpriteObjectData"
                  },
                  {
                    "FontSize": 18,
                    "LabelText": " 玩家名字啊 ",
                    "HorizontalAlignmentType": "HT_Center",
                    "VerticalAlignmentType": "VT_Center",
                    "OutlineColor": {
                      "G": 0,
                      "B": 0
                    },
                    "ShadowColor": {
                      "R": 110,
                      "G": 110,
                      "B": 110
                    },
                    "ShadowOffsetX": 2.0,
                    "ShadowOffsetY": -2.0,
                    "AnchorPoint": {
                      "ScaleX": 0.5,
                      "ScaleY": 0.5
                    },
                    "Position": {
                      "X": 0.6181,
                      "Y": -36.2726
                    },
                    "Scale": {
                      "ScaleX": 1.0,
                      "ScaleY": 1.0
                    },
                    "CColor": {
                      "R": 221,
                      "G": 217,
                      "B": 191
                    },
                    "IconVisible": false,
                    "PrePosition": {
                      "X": 0.6181,
                      "Y": -36.2726
                    },
                    "PreSize": {
                      "X": 101.0,
                      "Y": 21.0
                    },
                    "LeftMargin": -49.8819,
                    "RightMargin": -50.1181,
                    "TopMargin": 26.7726,
                    "BottomMargin": -46.7726,
                    "Tag": 387,
                    "ActionTag": -1642951955,
                    "Size": {
                      "X": 101.0,
                      "Y": 21.0
                    },
                    "Name": "lb_name",
                    "ctype": "TextObjectData"
                  }
                ],
                "ActionTag": -271900605,
                "Size": {
                  "X": 1.0,
                  "Y": 1.0
                },
                "Name": "row1",
                "ctype": "SpriteObjectData"
              },
              {
                "FileData": {
                  "Type": "Normal",
                  "Path": "appCommon/fydp/common/transparent/transparent.png",
                  "Plist": ""
                },
                "BlendFunc": {
                  "Src": 1,
                  "Dst": 771
                },
                "AnchorPoint": {
                  "ScaleX": 0.5,
                  "ScaleY": 0.5
                },
                "Position": {
                  "X": 164.85,
                  "Y": 42.76
                },
                "Scale": {
                  "ScaleX": 1.0,
                  "ScaleY": 1.0
                },
                "CColor": {},
                "IconVisible": false,
                "PrePosition": {
                  "X": 0.5088,
                  "Y": 0.1697
                },
                "PreSize": {
                  "X": 0.0031,
                  "Y": 0.004
                },
                "LeftMargin": 164.35,
                "RightMargin": 158.65,
                "TopMargin": 208.74,
                "BottomMargin": 42.26,
                "Tag": 214,
                "Children": [
                  {
                    "FileData": {
                      "Type": "Normal",
                      "Path": "appCommon/fydp/common/transparent/transparent_64x64.png",
                      "Plist": ""
                    },
                    "BlendFunc": {
                      "Src": 1,
                      "Dst": 771
                    },
                    "AnchorPoint": {
                      "ScaleX": 0.5,
                      "ScaleY": 0.5
                    },
                    "Position": {
                      "X": 0.9859,
                      "Y": -0.0687
                    },
                    "Scale": {
                      "ScaleX": 0.77,
                      "ScaleY": 0.77
                    },
                    "CColor": {},
                    "IconVisible": false,
                    "PrePosition": {
                      "X": 0.9859,
                      "Y": -0.0687
                    },
                    "PreSize": {
                      "X": 64.0,
                      "Y": 64.0
                    },
                    "LeftMargin": -31.0141,
                    "RightMargin": -31.9859,
                    "TopMargin": -30.9313,
                    "BottomMargin": -32.0687,
                    "Tag": 215,
                    "ActionTag": 174425459,
                    "Size": {
                      "X": 64.0,
                      "Y": 64.0
                    },
                    "Name": "head",
                    "ctype": "SpriteObjectData"
                  },
                  {
                    "FileData": {
                      "Type": "Normal",
                      "Path": "image/ui/club/head_bg2.png",
                      "Plist": ""
                    },
                    "BlendFunc": {
                      "Src": 1,
                      "Dst": 771
                    },
                    "AnchorPoint": {
                      "ScaleX": 0.5,
                      "ScaleY": 0.5
                    },
                    "Position": {
                      "X": 0.6178,
                      "Y": -9.6404
                    },
                    "Scale": {
                      "ScaleX": 1.0,
                      "ScaleY": 1.0
                    },
                    "CColor": {},
                    "IconVisible": false,
                    "PrePosition": {
                      "X": 0.6178,
                      "Y": -9.6404
                    },
                    "PreSize": {
                      "X": 100.0,
                      "Y": 73.0
                    },
                    "LeftMargin": -49.3822,
                    "RightMargin": -49.6178,
                    "TopMargin": -25.8596,
                    "BottomMargin": -46.1404,
                    "Tag": 216,
                    "ActionTag": -1139728805,
                    "Size": {
                      "X": 100.0,
                      "Y": 73.0
                    },
                    "Name": "head_bg2_3",
                    "ctype": "SpriteObjectData"
                  },
                  {
                    "FontSize": 18,
                    "LabelText": " 玩家名字啊 ",
                    "HorizontalAlignmentType": "HT_Center",
                    "VerticalAlignmentType": "VT_Center",
                    "OutlineColor": {
                      "G": 0,
                      "B": 0
                    },
                    "ShadowColor": {
                      "R": 110,
                      "G": 110,
                      "B": 110
                    },
                    "ShadowOffsetX": 2.0,
                    "ShadowOffsetY": -2.0,
                    "AnchorPoint": {
                      "ScaleX": 0.5,
                      "ScaleY": 0.5
                    },
                    "Position": {
                      "X": 0.6181,
                      "Y": -36.2726
                    },
                    "Scale": {
                      "ScaleX": 1.0,
                      "ScaleY": 1.0
                    },
                    "CColor": {
                      "R": 221,
                      "G": 217,
                      "B": 191
                    },
                    "IconVisible": false,
                    "PrePosition": {
                      "X": 0.6181,
                      "Y": -36.2726
                    },
                    "PreSize": {
                      "X": 101.0,
                      "Y": 21.0
                    },
                    "LeftMargin": -49.8819,
                    "RightMargin": -50.1181,
                    "TopMargin": 26.7726,
                    "BottomMargin": -46.7726,
                    "Tag": 217,
                    "ActionTag": -11574168,
                    "Size": {
                      "X": 101.0,
                      "Y": 21.0
                    },
                    "Name": "lb_name",
                    "ctype": "TextObjectData"
                  }
                ],
                "ActionTag": 1053632457,
                "Size": {
                  "X": 1.0,
                  "Y": 1.0
                },
                "Name": "row6",
                "ctype": "SpriteObjectData"
              },
              {
                "FileData": {
                  "Type": "Normal",
                  "Path": "appCommon/fydp/common/transparent/transparent.png",
                  "Plist": ""
                },
                "BlendFunc": {
                  "Src": 1,
                  "Dst": 771
                },
                "AnchorPoint": {
                  "ScaleX": 0.5,
                  "ScaleY": 0.5
                },
                "Position": {
                  "X": 36.85,
                  "Y": 64.76
                },
                "Scale": {
                  "ScaleX": 1.0,
                  "ScaleY": 1.0
                },
                "CColor": {},
                "IconVisible": false,
                "PrePosition": {
                  "X": 0.1137,
                  "Y": 0.257
                },
                "PreSize": {
                  "X": 0.0031,
                  "Y": 0.004
                },
                "LeftMargin": 36.35,
                "RightMargin": 286.65,
                "TopMargin": 186.74,
                "BottomMargin": 64.26,
                "Tag": 218,
                "Children": [
                  {
                    "FileData": {
                      "Type": "Normal",
                      "Path": "appCommon/fydp/common/transparent/transparent_64x64.png",
                      "Plist": ""
                    },
                    "BlendFunc": {
                      "Src": 1,
                      "Dst": 771
                    },
                    "AnchorPoint": {
                      "ScaleX": 0.5,
                      "ScaleY": 0.5
                    },
                    "Position": {
                      "X": 0.9859,
                      "Y": -0.0687
                    },
                    "Scale": {
                      "ScaleX": 0.77,
                      "ScaleY": 0.77
                    },
                    "CColor": {},
                    "IconVisible": false,
                    "PrePosition": {
                      "X": 0.9859,
                      "Y": -0.0687
                    },
                    "PreSize": {
                      "X": 64.0,
                      "Y": 64.0
                    },
                    "LeftMargin": -31.0141,
                    "RightMargin": -31.9859,
                    "TopMargin": -30.9313,
                    "BottomMargin": -32.0687,
                    "Tag": 219,
                    "ActionTag": -975671001,
                    "Size": {
                      "X": 64.0,
                      "Y": 64.0
                    },
                    "Name": "head",
                    "ctype": "SpriteObjectData"
                  },
                  {
                    "FileData": {
                      "Type": "Normal",
                      "Path": "image/ui/club/head_bg2.png",
                      "Plist": ""
                    },
                    "BlendFunc": {
                      "Src": 1,
                      "Dst": 771
                    },
                    "AnchorPoint": {
                      "ScaleX": 0.5,
                      "ScaleY": 0.5
                    },
                    "Position": {
                      "X": 0.6178,
                      "Y": -9.6404
                    },
                    "Scale": {
                      "ScaleX": 1.0,
                      "ScaleY": 1.0
                    },
                    "CColor": {},
                    "IconVisible": false,
                    "PrePosition": {
                      "X": 0.6178,
                      "Y": -9.6404
                    },
                    "PreSize": {
                      "X": 100.0,
                      "Y": 73.0
                    },
                    "LeftMargin": -49.3822,
                    "RightMargin": -49.6178,
                    "TopMargin": -25.8596,
                    "BottomMargin": -46.1404,
                    "Tag": 220,
                    "ActionTag": -659198177,
                    "Size": {
                      "X": 100.0,
                      "Y": 73.0
                    },
                    "Name": "head_bg2_3",
                    "ctype": "SpriteObjectData"
                  },
                  {
                    "FontSize": 18,
                    "LabelText": " 玩家名字啊 ",
                    "HorizontalAlignmentType": "HT_Center",
                    "VerticalAlignmentType": "VT_Center",
                    "OutlineColor": {
                      "G": 0,
                      "B": 0
                    },
                    "ShadowColor": {
                      "R": 110,
                      "G": 110,
                      "B": 110
                    },
                    "ShadowOffsetX": 2.0,
                    "ShadowOffsetY": -2.0,
                    "AnchorPoint": {
                      "ScaleX": 0.5,
                      "ScaleY": 0.5
                    },
                    "Position": {
                      "X": 0.6181,
                      "Y": -36.2726
                    },
                    "Scale": {
                      "ScaleX": 1.0,
                      "ScaleY": 1.0
                    },
                    "CColor": {
                      "R": 221,
                      "G": 217,
                      "B": 191
                    },
                    "IconVisible": false,
                    "PrePosition": {
                      "X": 0.6181,
                      "Y": -36.2726
                    },
                    "PreSize": {
                      "X": 101.0,
                      "Y": 21.0
                    },
                    "LeftMargin": -49.8819,
                    "RightMargin": -50.1181,
                    "TopMargin": 26.7726,
                    "BottomMargin": -46.7726,
                    "Tag": 221,
                    "ActionTag": 511445780,
                    "Size": {
                      "X": 101.0,
                      "Y": 21.0
                    },
                    "Name": "lb_name",
                    "ctype": "TextObjectData"
                  }
                ],
                "ActionTag": -204837752,
                "Size": {
                  "X": 1.0,
                  "Y": 1.0
                },
                "Name": "row5",
                "ctype": "SpriteObjectData"
              }
            ],
            "ActionTag": 2008898282,
            "Size": {
              "X": 324.0,
              "Y": 252.0
            },
            "Name": "table0",
            "ctype": "SpriteObjectData"
          },
          {
            "FileData": {
              "Type": "Normal",
              "Path": "image/ui/club/table_for_6.png",
              "Plist": ""
            },
            "BlendFunc": {
              "Src": 1,
              "Dst": 771
            },
            "AnchorPoint": {
              "ScaleX": 0.5,
              "ScaleY": 0.5
            },
            "Position": {
              "X": 220.0,
              "Y": 128.74
            },
            "Scale": {
              "ScaleX": 1.0,
              "ScaleY": 1.0
            },
            "CColor": {},
            "IconVisible": false,
            "PositionPercentXEnabled": true,
            "PrePosition": {
              "X": 0.5,
              "Y": 0.2575
            },
            "PreSize": {
              "X": 0.7364,
              "Y": 0.504
            },
            "LeftMargin": 58.0,
            "RightMargin": 58.0,
            "TopMargin": 245.26,
            "BottomMargin": 2.74,
            "Tag": 229,
            "Children": [
              {
                "FileData": {
                  "Type": "Normal",
                  "Path": "image/ui/club/icon_wait.png",
                  "Plist": ""
                },
                "BlendFunc": {
                  "Src": 1,
                  "Dst": 771
                },
                "AnchorPoint": {
                  "ScaleX": 0.5,
                  "ScaleY": 0.5
                },
                "Position": {
                  "X": 162.7002,
                  "Y": 132.4617
                },
                "Scale": {
                  "ScaleX": 1.0,
                  "ScaleY": 1.0
                },
                "CColor": {},
                "IconVisible": false,
                "PrePosition": {
                  "X": 0.5022,
                  "Y": 0.5256
                },
                "PreSize": {
                  "X": 0.2593,
                  "Y": 0.2143
                },
                "LeftMargin": 120.7002,
                "RightMargin": 119.2998,
                "TopMargin": 92.5383,
                "BottomMargin": 105.4617,
                "Tag": 230,
                "ActionTag": -245938831,
                "Size": {
                  "X": 84.0,
                  "Y": 54.0
                },
                "Name": "state",
                "ctype": "SpriteObjectData"
              },
              {
                "FontSize": 18,
                "LabelText": " 房号:xxxxxxx ",
                "FontResource": {
                  "Type": "Normal",
                  "Path": "image/fonts/FZZY.TTF",
                  "Plist": ""
                },
                "HorizontalAlignmentType": "HT_Center",
                "VerticalAlignmentType": "VT_Center",
                "OutlineColor": {
                  "G": 0,
                  "B": 0
                },
                "ShadowColor": {
                  "R": 110,
                  "G": 110,
                  "B": 110
                },
                "ShadowOffsetX": 2.0,
                "ShadowOffsetY": -2.0,
                "AnchorPoint": {
                  "ScaleX": 0.5,
                  "ScaleY": 0.5
                },
                "Position": {
                  "X": 163.5305,
                  "Y": 106.3303
                },
                "Scale": {
                  "ScaleX": 1.0,
                  "ScaleY": 1.0
                },
                "CColor": {},
                "IconVisible": false,
                "PrePosition": {
                  "X": 0.5047,
                  "Y": 0.4219
                },
                "PreSize": {
                  "X": 0.3272,
                  "Y": 0.0794
                },
                "LeftMargin": 110.5305,
                "RightMargin": 107.4695,
                "TopMargin": 135.6697,
                "BottomMargin": 96.3303,
                "Tag": 231,
                "ActionTag": 2137945741,
                "Size": {
                  "X": 106.0,
                  "Y": 20.0
                },
                "Name": "lb_num",
                "ctype": "TextObjectData"
              },
              {
                "FontSize": 18,
                "LabelText": " 房号:xxxxxxx ",
                "FontResource": {
                  "Type": "Normal",
                  "Path": "image/fonts/FZZY.TTF",
                  "Plist": ""
                },
                "HorizontalAlignmentType": "HT_Center",
                "VerticalAlignmentType": "VT_Center",
                "OutlineColor": {
                  "G": 0,
                  "B": 0
                },
                "ShadowColor": {
                  "R": 110,
                  "G": 110,
                  "B": 110
                },
                "ShadowOffsetX": 2.0,
                "ShadowOffsetY": -2.0,
                "AnchorPoint": {
                  "ScaleX": 0.5,
                  "ScaleY": 0.5
                },
                "Position": {
                  "X": 162.1552,
                  "Y": 97.7522
                },
                "Scale": {
                  "ScaleX": 1.0,
                  "ScaleY": 1.0
                },
                "CColor": {},
                "IconVisible": false,
                "PrePosition": {
                  "X": 0.5005,
                  "Y": 0.3879
                },
                "PreSize": {
                  "X": 0.3272,
                  "Y": 0.0794
                },
                "LeftMargin": 109.1552,
                "RightMargin": 108.8448,
                "TopMargin": 144.2478,
                "BottomMargin": 87.7522,
                "Tag": 232,
                "ActionTag": 217762736,
                "Size": {
                  "X": 106.0,
                  "Y": 20.0
                },
                "VisibleForFrame": false,
                "Name": "lb_progress",
                "ctype": "TextObjectData"
              },
              {
                "FileData": {
                  "Type": "Normal",
                  "Path": "appCommon/fydp/common/transparent/transparent.png",
                  "Plist": ""
                },
                "BlendFunc": {
                  "Src": 1,
                  "Dst": 771
                },
                "AnchorPoint": {
                  "ScaleX": 0.5,
                  "ScaleY": 0.5
                },
                "Position": {
                  "X": 294.0,
                  "Y": 75.76
                },
                "Scale": {
                  "ScaleX": 1.0,
                  "ScaleY": 1.0
                },
                "CColor": {},
                "IconVisible": false,
                "PrePosition": {
                  "X": 0.9074,
                  "Y": 0.3006
                },
                "PreSize": {
                  "X": 0.0031,
                  "Y": 0.004
                },
                "LeftMargin": 293.5,
                "RightMargin": 29.5,
                "TopMargin": 175.74,
                "BottomMargin": 75.26,
                "Tag": 233,
                "Children": [
                  {
                    "FileData": {
                      "Type": "Normal",
                      "Path": "appCommon/fydp/common/transparent/transparent_64x64.png",
                      "Plist": ""
                    },
                    "BlendFunc": {
                      "Src": 1,
                      "Dst": 771
                    },
                    "AnchorPoint": {
                      "ScaleX": 0.5,
                      "ScaleY": 0.5
                    },
                    "Position": {
                      "X": 0.9859,
                      "Y": -0.0687
                    },
                    "Scale": {
                      "ScaleX": 0.77,
                      "ScaleY": 0.77
                    },
                    "CColor": {},
                    "IconVisible": false,
                    "PrePosition": {
                      "X": 0.9859,
                      "Y": -0.0687
                    },
                    "PreSize": {
                      "X": 64.0,
                      "Y": 64.0
                    },
                    "LeftMargin": -31.0141,
                    "RightMargin": -31.9859,
                    "TopMargin": -30.9313,
                    "BottomMargin": -32.0687,
                    "Tag": 234,
                    "ActionTag": 1582343772,
                    "Size": {
                      "X": 64.0,
                      "Y": 64.0
                    },
                    "Name": "head",
                    "ctype": "SpriteObjectData"
                  },
                  {
                    "FileData": {
                      "Type": "Normal",
                      "Path": "image/ui/club/head_bg2.png",
                      "Plist": ""
                    },
                    "BlendFunc": {
                      "Src": 1,
                      "Dst": 771
                    },
                    "AnchorPoint": {
                      "ScaleX": 0.5,
                      "ScaleY": 0.5
                    },
                    "Position": {
                      "X": 0.6178,
                      "Y": -9.6404
                    },
                    "Scale": {
                      "ScaleX": 1.0,
                      "ScaleY": 1.0
                    },
                    "CColor": {},
                    "IconVisible": false,
                    "PrePosition": {
                      "X": 0.6178,
                      "Y": -9.6404
                    },
                    "PreSize": {
                      "X": 100.0,
                      "Y": 73.0
                    },
                    "LeftMargin": -49.3822,
                    "RightMargin": -49.6178,
                    "TopMargin": -25.8596,
                    "BottomMargin": -46.1404,
                    "Tag": 235,
                    "ActionTag": -1575828693,
                    "Size": {
                      "X": 100.0,
                      "Y": 73.0
                    },
                    "Name": "head_bg2_3",
                    "ctype": "SpriteObjectData"
                  },
                  {
                    "FontSize": 18,
                    "LabelText": " 玩家名字啊 ",
                    "HorizontalAlignmentType": "HT_Center",
                    "VerticalAlignmentType": "VT_Center",
                    "OutlineColor": {
                      "G": 0,
                      "B": 0
                    },
                    "ShadowColor": {
                      "R": 110,
                      "G": 110,
                      "B": 110
                    },
                    "ShadowOffsetX": 2.0,
                    "ShadowOffsetY": -2.0,
                    "AnchorPoint": {
                      "ScaleX": 0.5,
                      "ScaleY": 0.5
                    },
                    "Position": {
                      "X": 0.6181,
                      "Y": -36.2726
                    },
                    "Scale": {
                      "ScaleX": 1.0,
                      "ScaleY": 1.0
                    },
                    "CColor": {
                      "R": 221,
                      "G": 217,
                      "B": 191
                    },
                    "IconVisible": false,
                    "PrePosition": {
                      "X": 0.6181,
                      "Y": -36.2726
                    },
                    "PreSize": {
                      "X": 101.0,
                      "Y": 21.0
                    },
                    "LeftMargin": -49.8819,
                    "RightMargin": -50.1181,
                    "TopMargin": 26.7726,
                    "BottomMargin": -46.7726,
                    "Tag": 236,
                    "ActionTag": 1001187881,
                    "Size": {
                      "X": 101.0,
                      "Y": 21.0
                    },
                    "Name": "lb_name",
                    "ctype": "TextObjectData"
                  }
                ],
                "ActionTag": 888482699,
                "Size": {
                  "X": 1.0,
                  "Y": 1.0
                },
                "Name": "row4",
                "ctype": "SpriteObjectData"
              },
              {
                "FileData": {
                  "Type": "Normal",
                  "Path": "appCommon/fydp/common/transparent/transparent.png",
                  "Plist": ""
                },
                "BlendFunc": {
                  "Src": 1,
                  "Dst": 771
                },
                "AnchorPoint": {
                  "ScaleX": 0.5,
                  "ScaleY": 0.5
                },
                "Position": {
                  "X": 297.85,
                  "Y": 189.76
                },
                "Scale": {
                  "ScaleX": 1.0,
                  "ScaleY": 1.0
                },
                "CColor": {},
                "IconVisible": false,
                "PrePosition": {
                  "X": 0.9193,
                  "Y": 0.753
                },
                "PreSize": {
                  "X": 0.0031,
                  "Y": 0.004
                },
                "LeftMargin": 297.35,
                "RightMargin": 25.65,
                "TopMargin": 61.74,
                "BottomMargin": 189.26,
                "Tag": 237,
                "Children": [
                  {
                    "FileData": {
                      "Type": "Normal",
                      "Path": "appCommon/fydp/common/transparent/transparent_64x64.png",
                      "Plist": ""
                    },
                    "BlendFunc": {
                      "Src": 1,
                      "Dst": 771
                    },
                    "AnchorPoint": {
                      "ScaleX": 0.5,
                      "ScaleY": 0.5
                    },
                    "Position": {
                      "X": 0.9859,
                      "Y": -0.0687
                    },
                    "Scale": {
                      "ScaleX": 0.77,
                      "ScaleY": 0.77
                    },
                    "CColor": {},
                    "IconVisible": false,
                    "PrePosition": {
                      "X": 0.9859,
                      "Y": -0.0687
                    },
                    "PreSize": {
                      "X": 64.0,
                      "Y": 64.0
                    },
                    "LeftMargin": -31.0141,
                    "RightMargin": -31.9859,
                    "TopMargin": -30.9313,
                    "BottomMargin": -32.0687,
                    "Tag": 238,
                    "ActionTag": 1567279509,
                    "Size": {
                      "X": 64.0,
                      "Y": 64.0
                    },
                    "Name": "head",
                    "ctype": "SpriteObjectData"
                  },
                  {
                    "FileData": {
                      "Type": "Normal",
                      "Path": "image/ui/club/head_bg2.png",
                      "Plist": ""
                    },
                    "BlendFunc": {
                      "Src": 1,
                      "Dst": 771
                    },
                    "AnchorPoint": {
                      "ScaleX": 0.5,
                      "ScaleY": 0.5
                    },
                    "Position": {
                      "X": 0.6178,
                      "Y": -9.6404
                    },
                    "Scale": {
                      "ScaleX": 1.0,
                      "ScaleY": 1.0
                    },
                    "CColor": {},
                    "IconVisible": false,
                    "PrePosition": {
                      "X": 0.6178,
                      "Y": -9.6404
                    },
                    "PreSize": {
                      "X": 100.0,
                      "Y": 73.0
                    },
                    "LeftMargin": -49.3822,
                    "RightMargin": -49.6178,
                    "TopMargin": -25.8596,
                    "BottomMargin": -46.1404,
                    "Tag": 239,
                    "ActionTag": 359000492,
                    "Size": {
                      "X": 100.0,
                      "Y": 73.0
                    },
                    "Name": "head_bg2_3",
                    "ctype": "SpriteObjectData"
                  },
                  {
                    "FontSize": 18,
                    "LabelText": " 玩家名字啊 ",
                    "HorizontalAlignmentType": "HT_Center",
                    "VerticalAlignmentType": "VT_Center",
                    "OutlineColor": {
                      "G": 0,
                      "B": 0
                    },
                    "ShadowColor": {
                      "R": 110,
                      "G": 110,
                      "B": 110
                    },
                    "ShadowOffsetX": 2.0,
                    "ShadowOffsetY": -2.0,
                    "AnchorPoint": {
                      "ScaleX": 0.5,
                      "ScaleY": 0.5
                    },
                    "Position": {
                      "X": 0.6181,
                      "Y": -36.2726
                    },
                    "Scale": {
                      "ScaleX": 1.0,
                      "ScaleY": 1.0
                    },
                    "CColor": {
                      "R": 221,
                      "G": 217,
                      "B": 191
                    },
                    "IconVisible": false,
                    "PrePosition": {
                      "X": 0.6181,
                      "Y": -36.2726
                    },
                    "PreSize": {
                      "X": 101.0,
                      "Y": 21.0
                    },
                    "LeftMargin": -49.8819,
                    "RightMargin": -50.1181,
                    "TopMargin": 26.7726,
                    "BottomMargin": -46.7726,
                    "Tag": 240,
                    "ActionTag": 1832828471,
                    "Size": {
                      "X": 101.0,
                      "Y": 21.0
                    },
                    "Name": "lb_name",
                    "ctype": "TextObjectData"
                  }
                ],
                "ActionTag": -1145622440,
                "Size": {
                  "X": 1.0,
                  "Y": 1.0
                },
                "Name": "row3",
                "ctype": "SpriteObjectData"
              },
              {
                "FileData": {
                  "Type": "Normal",
                  "Path": "appCommon/fydp/common/transparent/transparent.png",
                  "Plist": ""
                },
                "BlendFunc": {
                  "Src": 1,
                  "Dst": 771
                },
                "AnchorPoint": {
                  "ScaleX": 0.5,
                  "ScaleY": 0.5
                },
                "Position": {
                  "X": 160.85,
                  "Y": 225.76
                },
                "Scale": {
                  "ScaleX": 1.0,
                  "ScaleY": 1.0
                },
                "CColor": {},
                "IconVisible": false,
                "PrePosition": {
                  "X": 0.4965,
                  "Y": 0.8959
                },
                "PreSize": {
                  "X": 0.0031,
                  "Y": 0.004
                },
                "LeftMargin": 160.35,
                "RightMargin": 162.65,
                "TopMargin": 25.74,
                "BottomMargin": 225.26,
                "Tag": 241,
                "Children": [
                  {
                    "FileData": {
                      "Type": "Normal",
                      "Path": "appCommon/fydp/common/transparent/transparent_64x64.png",
                      "Plist": ""
                    },
                    "BlendFunc": {
                      "Src": 1,
                      "Dst": 771
                    },
                    "AnchorPoint": {
                      "ScaleX": 0.5,
                      "ScaleY": 0.5
                    },
                    "Position": {
                      "X": 0.9859,
                      "Y": -0.0687
                    },
                    "Scale": {
                      "ScaleX": 0.77,
                      "ScaleY": 0.77
                    },
                    "CColor": {},
                    "IconVisible": false,
                    "PrePosition": {
                      "X": 0.9859,
                      "Y": -0.0687
                    },
                    "PreSize": {
                      "X": 64.0,
                      "Y": 64.0
                    },
                    "LeftMargin": -31.0141,
                    "RightMargin": -31.9859,
                    "TopMargin": -30.9313,
                    "BottomMargin": -32.0687,
                    "Tag": 242,
                    "ActionTag": -215763145,
                    "Size": {
                      "X": 64.0,
                      "Y": 64.0
                    },
                    "Name": "head",
                    "ctype": "SpriteObjectData"
                  },
                  {
                    "FileData": {
                      "Type": "Normal",
                      "Path": "image/ui/club/head_bg2.png",
                      "Plist": ""
                    },
                    "BlendFunc": {
                      "Src": 1,
                      "Dst": 771
                    },
                    "AnchorPoint": {
                      "ScaleX": 0.5,
                      "ScaleY": 0.5
                    },
                    "Position": {
                      "X": 0.6178,
                      "Y": -9.6404
                    },
                    "Scale": {
                      "ScaleX": 1.0,
                      "ScaleY": 1.0
                    },
                    "CColor": {},
                    "IconVisible": false,
                    "PrePosition": {
                      "X": 0.6178,
                      "Y": -9.6404
                    },
                    "PreSize": {
                      "X": 100.0,
                      "Y": 73.0
                    },
                    "LeftMargin": -49.3822,
                    "RightMargin": -49.6178,
                    "TopMargin": -25.8596,
                    "BottomMargin": -46.1404,
                    "Tag": 243,
                    "ActionTag": 1594681252,
                    "Size": {
                      "X": 100.0,
                      "Y": 73.0
                    },
                    "Name": "head_bg2_3",
                    "ctype": "SpriteObjectData"
                  },
                  {
                    "FontSize": 18,
                    "LabelText": " 玩家名字啊 ",
                    "HorizontalAlignmentType": "HT_Center",
                    "VerticalAlignmentType": "VT_Center",
                    "OutlineColor": {
                      "G": 0,
                      "B": 0
                    },
                    "ShadowColor": {
                      "R": 110,
                      "G": 110,
                      "B": 110
                    },
                    "ShadowOffsetX": 2.0,
                    "ShadowOffsetY": -2.0,
                    "AnchorPoint": {
                      "ScaleX": 0.5,
                      "ScaleY": 0.5
                    },
                    "Position": {
                      "X": 0.6181,
                      "Y": -36.2726
                    },
                    "Scale": {
                      "ScaleX": 1.0,
                      "ScaleY": 1.0
                    },
                    "CColor": {
                      "R": 221,
                      "G": 217,
                      "B": 191
                    },
                    "IconVisible": false,
                    "PrePosition": {
                      "X": 0.6181,
                      "Y": -36.2726
                    },
                    "PreSize": {
                      "X": 101.0,
                      "Y": 21.0
                    },
                    "LeftMargin": -49.8819,
                    "RightMargin": -50.1181,
                    "TopMargin": 26.7726,
                    "BottomMargin": -46.7726,
                    "Tag": 244,
                    "ActionTag": -663302662,
                    "Size": {
                      "X": 101.0,
                      "Y": 21.0
                    },
                    "Name": "lb_name",
                    "ctype": "TextObjectData"
                  }
                ],
                "ActionTag": 61742916,
                "Size": {
                  "X": 1.0,
                  "Y": 1.0
                },
                "Name": "row2",
                "ctype": "SpriteObjectData"
              },
              {
                "FileData": {
                  "Type": "Normal",
                  "Path": "appCommon/fydp/common/transparent/transparent.png",
                  "Plist": ""
                },
                "BlendFunc": {
                  "Src": 1,
                  "Dst": 771
                },
                "AnchorPoint": {
                  "ScaleX": 0.5,
                  "ScaleY": 0.5
                },
                "Position": {
                  "X": 27.85,
                  "Y": 184.76
                },
                "Scale": {
                  "ScaleX": 1.0,
                  "ScaleY": 1.0
                },
                "CColor": {},
                "IconVisible": false,
                "PrePosition": {
                  "X": 0.086,
                  "Y": 0.7332
                },
                "PreSize": {
                  "X": 0.0031,
                  "Y": 0.004
                },
                "LeftMargin": 27.35,
                "RightMargin": 295.65,
                "TopMargin": 66.74,
                "BottomMargin": 184.26,
                "Tag": 245,
                "Children": [
                  {
                    "FileData": {
                      "Type": "Normal",
                      "Path": "appCommon/fydp/common/transparent/transparent_64x64.png",
                      "Plist": ""
                    },
                    "BlendFunc": {
                      "Src": 1,
                      "Dst": 771
                    },
                    "AnchorPoint": {
                      "ScaleX": 0.5,
                      "ScaleY": 0.5
                    },
                    "Position": {
                      "X": 0.9859,
                      "Y": -0.0687
                    },
                    "Scale": {
                      "ScaleX": 0.77,
                      "ScaleY": 0.77
                    },
                    "CColor": {},
                    "IconVisible": false,
                    "PrePosition": {
                      "X": 0.9859,
                      "Y": -0.0687
                    },
                    "PreSize": {
                      "X": 64.0,
                      "Y": 64.0
                    },
                    "LeftMargin": -31.0141,
                    "RightMargin": -31.9859,
                    "TopMargin": -30.9313,
                    "BottomMargin": -32.0687,
                    "Tag": 246,
                    "ActionTag": -2135367042,
                    "Size": {
                      "X": 64.0,
                      "Y": 64.0
                    },
                    "Name": "head",
                    "ctype": "SpriteObjectData"
                  },
                  {
                    "FileData": {
                      "Type": "Normal",
                      "Path": "image/ui/club/head_bg2.png",
                      "Plist": ""
                    },
                    "BlendFunc": {
                      "Src": 1,
                      "Dst": 771
                    },
                    "AnchorPoint": {
                      "ScaleX": 0.5,
                      "ScaleY": 0.5
                    },
                    "Position": {
                      "X": 0.6178,
                      "Y": -9.6404
                    },
                    "Scale": {
                      "ScaleX": 1.0,
                      "ScaleY": 1.0
                    },
                    "CColor": {},
                    "IconVisible": false,
                    "PrePosition": {
                      "X": 0.6178,
                      "Y": -9.6404
                    },
                    "PreSize": {
                      "X": 100.0,
                      "Y": 73.0
                    },
                    "LeftMargin": -49.3822,
                    "RightMargin": -49.6178,
                    "TopMargin": -25.8596,
                    "BottomMargin": -46.1404,
                    "Tag": 247,
                    "ActionTag": 132233504,
                    "Size": {
                      "X": 100.0,
                      "Y": 73.0
                    },
                    "Name": "head_bg2_3",
                    "ctype": "SpriteObjectData"
                  },
                  {
                    "FontSize": 18,
                    "LabelText": " 玩家名字啊 ",
                    "HorizontalAlignmentType": "HT_Center",
                    "VerticalAlignmentType": "VT_Center",
                    "OutlineColor": {
                      "G": 0,
                      "B": 0
                    },
                    "ShadowColor": {
                      "R": 110,
                      "G": 110,
                      "B": 110
                    },
                    "ShadowOffsetX": 2.0,
                    "ShadowOffsetY": -2.0,
                    "AnchorPoint": {
                      "ScaleX": 0.5,
                      "ScaleY": 0.5
                    },
                    "Position": {
                      "X": 0.6181,
                      "Y": -36.2726
                    },
                    "Scale": {
                      "ScaleX": 1.0,
                      "ScaleY": 1.0
                    },
                    "CColor": {
                      "R": 221,
                      "G": 217,
                      "B": 191
                    },
                    "IconVisible": false,
                    "PrePosition": {
                      "X": 0.6181,
                      "Y": -36.2726
                    },
                    "PreSize": {
                      "X": 101.0,
                      "Y": 21.0
                    },
                    "LeftMargin": -49.8819,
                    "RightMargin": -50.1181,
                    "TopMargin": 26.7726,
                    "BottomMargin": -46.7726,
                    "Tag": 248,
                    "ActionTag": -1179507832,
                    "Size": {
                      "X": 101.0,
                      "Y": 21.0
                    },
                    "Name": "lb_name",
                    "ctype": "TextObjectData"
                  }
                ],
                "ActionTag": -916075433,
                "Size": {
                  "X": 1.0,
                  "Y": 1.0
                },
                "Name": "row1",
                "ctype": "SpriteObjectData"
              },
              {
                "FileData": {
                  "Type": "Normal",
                  "Path": "appCommon/fydp/common/transparent/transparent.png",
                  "Plist": ""
                },
                "BlendFunc": {
                  "Src": 1,
                  "Dst": 771
                },
                "AnchorPoint": {
                  "ScaleX": 0.5,
                  "ScaleY": 0.5
                },
                "Position": {
                  "X": 164.85,
                  "Y": 42.76
                },
                "Scale": {
                  "ScaleX": 1.0,
                  "ScaleY": 1.0
                },
                "CColor": {},
                "IconVisible": false,
                "PrePosition": {
                  "X": 0.5088,
                  "Y": 0.1697
                },
                "PreSize": {
                  "X": 0.0031,
                  "Y": 0.004
                },
                "LeftMargin": 164.35,
                "RightMargin": 158.65,
                "TopMargin": 208.74,
                "BottomMargin": 42.26,
                "Tag": 249,
                "Children": [
                  {
                    "FileData": {
                      "Type": "Normal",
                      "Path": "appCommon/fydp/common/transparent/transparent_64x64.png",
                      "Plist": ""
                    },
                    "BlendFunc": {
                      "Src": 1,
                      "Dst": 771
                    },
                    "AnchorPoint": {
                      "ScaleX": 0.5,
                      "ScaleY": 0.5
                    },
                    "Position": {
                      "X": 0.9859,
                      "Y": -0.0687
                    },
                    "Scale": {
                      "ScaleX": 0.77,
                      "ScaleY": 0.77
                    },
                    "CColor": {},
                    "IconVisible": false,
                    "PrePosition": {
                      "X": 0.9859,
                      "Y": -0.0687
                    },
                    "PreSize": {
                      "X": 64.0,
                      "Y": 64.0
                    },
                    "LeftMargin": -31.0141,
                    "RightMargin": -31.9859,
                    "TopMargin": -30.9313,
                    "BottomMargin": -32.0687,
                    "Tag": 250,
                    "ActionTag": 960125733,
                    "Size": {
                      "X": 64.0,
                      "Y": 64.0
                    },
                    "Name": "head",
                    "ctype": "SpriteObjectData"
                  },
                  {
                    "FileData": {
                      "Type": "Normal",
                      "Path": "image/ui/club/head_bg2.png",
                      "Plist": ""
                    },
                    "BlendFunc": {
                      "Src": 1,
                      "Dst": 771
                    },
                    "AnchorPoint": {
                      "ScaleX": 0.5,
                      "ScaleY": 0.5
                    },
                    "Position": {
                      "X": 0.6178,
                      "Y": -9.6404
                    },
                    "Scale": {
                      "ScaleX": 1.0,
                      "ScaleY": 1.0
                    },
                    "CColor": {},
                    "IconVisible": false,
                    "PrePosition": {
                      "X": 0.6178,
                      "Y": -9.6404
                    },
                    "PreSize": {
                      "X": 100.0,
                      "Y": 73.0
                    },
                    "LeftMargin": -49.3822,
                    "RightMargin": -49.6178,
                    "TopMargin": -25.8596,
                    "BottomMargin": -46.1404,
                    "Tag": 251,
                    "ActionTag": 371415298,
                    "Size": {
                      "X": 100.0,
                      "Y": 73.0
                    },
                    "Name": "head_bg2_3",
                    "ctype": "SpriteObjectData"
                  },
                  {
                    "FontSize": 18,
                    "LabelText": " 玩家名字啊 ",
                    "HorizontalAlignmentType": "HT_Center",
                    "VerticalAlignmentType": "VT_Center",
                    "OutlineColor": {
                      "G": 0,
                      "B": 0
                    },
                    "ShadowColor": {
                      "R": 110,
                      "G": 110,
                      "B": 110
                    },
                    "ShadowOffsetX": 2.0,
                    "ShadowOffsetY": -2.0,
                    "AnchorPoint": {
                      "ScaleX": 0.5,
                      "ScaleY": 0.5
                    },
                    "Position": {
                      "X": 0.6181,
                      "Y": -36.2726
                    },
                    "Scale": {
                      "ScaleX": 1.0,
                      "ScaleY": 1.0
                    },
                    "CColor": {
                      "R": 221,
                      "G": 217,
                      "B": 191
                    },
                    "IconVisible": false,
                    "PrePosition": {
                      "X": 0.6181,
                      "Y": -36.2726
                    },
                    "PreSize": {
                      "X": 101.0,
                      "Y": 21.0
                    },
                    "LeftMargin": -49.8819,
                    "RightMargin": -50.1181,
                    "TopMargin": 26.7726,
                    "BottomMargin": -46.7726,
                    "Tag": 252,
                    "ActionTag": -37190626,
                    "Size": {
                      "X": 101.0,
                      "Y": 21.0
                    },
                    "Name": "lb_name",
                    "ctype": "TextObjectData"
                  }
                ],
                "ActionTag": 329923950,
                "Size": {
                  "X": 1.0,
                  "Y": 1.0
                },
                "Name": "row6",
                "ctype": "SpriteObjectData"
              },
              {
                "FileData": {
                  "Type": "Normal",
                  "Path": "appCommon/fydp/common/transparent/transparent.png",
                  "Plist": ""
                },
                "BlendFunc": {
                  "Src": 1,
                  "Dst": 771
                },
                "AnchorPoint": {
                  "ScaleX": 0.5,
                  "ScaleY": 0.5
                },
                "Position": {
                  "X": 36.85,
                  "Y": 64.76
                },
                "Scale": {
                  "ScaleX": 1.0,
                  "ScaleY": 1.0
                },
                "CColor": {},
                "IconVisible": false,
                "PrePosition": {
                  "X": 0.1137,
                  "Y": 0.257
                },
                "PreSize": {
                  "X": 0.0031,
                  "Y": 0.004
                },
                "LeftMargin": 36.35,
                "RightMargin": 286.65,
                "TopMargin": 186.74,
                "BottomMargin": 64.26,
                "Tag": 253,
                "Children": [
                  {
                    "FileData": {
                      "Type": "Normal",
                      "Path": "appCommon/fydp/common/transparent/transparent_64x64.png",
                      "Plist": ""
                    },
                    "BlendFunc": {
                      "Src": 1,
                      "Dst": 771
                    },
                    "AnchorPoint": {
                      "ScaleX": 0.5,
                      "ScaleY": 0.5
                    },
                    "Position": {
                      "X": 0.9859,
                      "Y": -0.0687
                    },
                    "Scale": {
                      "ScaleX": 0.77,
                      "ScaleY": 0.77
                    },
                    "CColor": {},
                    "IconVisible": false,
                    "PrePosition": {
                      "X": 0.9859,
                      "Y": -0.0687
                    },
                    "PreSize": {
                      "X": 64.0,
                      "Y": 64.0
                    },
                    "LeftMargin": -31.0141,
                    "RightMargin": -31.9859,
                    "TopMargin": -30.9313,
                    "BottomMargin": -32.0687,
                    "Tag": 254,
                    "ActionTag": 799333352,
                    "Size": {
                      "X": 64.0,
                      "Y": 64.0
                    },
                    "Name": "head",
                    "ctype": "SpriteObjectData"
                  },
                  {
                    "FileData": {
                      "Type": "Normal",
                      "Path": "image/ui/club/head_bg2.png",
                      "Plist": ""
                    },
                    "BlendFunc": {
                      "Src": 1,
                      "Dst": 771
                    },
                    "AnchorPoint": {
                      "ScaleX": 0.5,
                      "ScaleY": 0.5
                    },
                    "Position": {
                      "X": 0.6178,
                      "Y": -9.6404
                    },
                    "Scale": {
                      "ScaleX": 1.0,
                      "ScaleY": 1.0
                    },
                    "CColor": {},
                    "IconVisible": false,
                    "PrePosition": {
                      "X": 0.6178,
                      "Y": -9.6404
                    },
                    "PreSize": {
                      "X": 100.0,
                      "Y": 73.0
                    },
                    "LeftMargin": -49.3822,
                    "RightMargin": -49.6178,
                    "TopMargin": -25.8596,
                    "BottomMargin": -46.1404,
                    "Tag": 255,
                    "ActionTag": 1533858623,
                    "Size": {
                      "X": 100.0,
                      "Y": 73.0
                    },
                    "Name": "head_bg2_3",
                    "ctype": "SpriteObjectData"
                  },
                  {
                    "FontSize": 18,
                    "LabelText": " 玩家名字啊 ",
                    "HorizontalAlignmentType": "HT_Center",
                    "VerticalAlignmentType": "VT_Center",
                    "OutlineColor": {
                      "G": 0,
                      "B": 0
                    },
                    "ShadowColor": {
                      "R": 110,
                      "G": 110,
                      "B": 110
                    },
                    "ShadowOffsetX": 2.0,
                    "ShadowOffsetY": -2.0,
                    "AnchorPoint": {
                      "ScaleX": 0.5,
                      "ScaleY": 0.5
                    },
                    "Position": {
                      "X": 0.6181,
                      "Y": -36.2726
                    },
                    "Scale": {
                      "ScaleX": 1.0,
                      "ScaleY": 1.0
                    },
                    "CColor": {
                      "R": 221,
                      "G": 217,
                      "B": 191
                    },
                    "IconVisible": false,
                    "PrePosition": {
                      "X": 0.6181,
                      "Y": -36.2726
                    },
                    "PreSize": {
                      "X": 101.0,
                      "Y": 21.0
                    },
                    "LeftMargin": -49.8819,
                    "RightMargin": -50.1181,
                    "TopMargin": 26.7726,
                    "BottomMargin": -46.7726,
                    "Tag": 256,
                    "ActionTag": -1957289258,
                    "Size": {
                      "X": 101.0,
                      "Y": 21.0
                    },
                    "Name": "lb_name",
                    "ctype": "TextObjectData"
                  }
                ],
                "ActionTag": -784151657,
                "Size": {
                  "X": 1.0,
                  "Y": 1.0
                },
                "Name": "row5",
                "ctype": "SpriteObjectData"
              }
            ],
            "ActionTag": 526323580,
            "Size": {
              "X": 324.0,
              "Y": 252.0
            },
            "Name": "table1",
            "ctype": "SpriteObjectData"
          }
        ],
        "Size": {
          "X": 440.0,
          "Y": 500.0
        },
        "Name": "Layer",
        "ctype": "LayerObjectData"
      },
      "UsedResources": [
        "../../appCommon/fydp/common/transparent/transparent.png",
        "../../appCommon/fydp/common/transparent/transparent_64x64.png",
        "../../image/fonts/FZZY.TTF",
        "../../image/ui/club/head_bg2.png",
        "../../image/ui/club/icon_wait.png",
        "../../image/ui/club/table_for_6.png"
      ],
      "ctype": "GameFileData"
    }
  },
  "Type": "Layer"
}