{
  "ID": "af63969f-f052-4b16-adbd-a65f127466e4",
  "Version": "2.3.4",
  "Name": "ClubTimeHelpLayer",
  "Content": {
    "Content": {
      "Animation": {
        "Duration": 0,
        "Speed": 1.0,
        "Timelines": [],
        "ctype": "TimelineActionData"
      },
      "AnimationList": [],
      "ObjectData": {
        "Tag": 80,
        "Children": [
          {
            "FileData": {
              "Type": "Normal",
              "Path": "image/ui/club/club_msg_bg.png",
              "Plist": ""
            },
            "BlendFunc": {
              "Src": 1,
              "Dst": 771
            },
            "AnchorPoint": {
              "ScaleX": 0.5,
              "ScaleY": 0.5
            },
            "Position": {
              "X": 640.0,
              "Y": 360.0
            },
            "Scale": {
              "ScaleX": 1.0,
              "ScaleY": 1.0
            },
            "CColor": {},
            "IconVisible": false,
            "PositionPercentXEnabled": true,
            "PositionPercentYEnabled": true,
            "PrePosition": {
              "X": 0.5,
              "Y": 0.5
            },
            "PreSize": {
              "X": 0.982,
              "Y": 0.9875
            },
            "LeftMargin": 11.5,
            "RightMargin": 11.5,
            "TopMargin": 4.5,
            "BottomMargin": 4.5,
            "Tag": 81,
            "ActionTag": 1635427514,
            "Size": {
              "X": 1257.0,
              "Y": 711.0
            },
            "Name": "Sprite_1",
            "ctype": "SpriteObjectData"
          },
          {
            "FileData": {
              "Type": "Normal",
              "Path": "image/ui/club/cshuoming.png",
              "Plist": ""
            },
            "BlendFunc": {
              "Src": 1,
              "Dst": 771
            },
            "AnchorPoint": {
              "ScaleX": 0.5,
              "ScaleY": 0.5
            },
            "Position": {
              "X": 640.0,
              "Y": 668.5796
            },
            "Scale": {
              "ScaleX": 1.0,
              "ScaleY": 1.0
            },
            "CColor": {},
            "IconVisible": false,
            "PositionPercentXEnabled": true,
            "PrePosition": {
              "X": 0.5,
              "Y": 0.9286
            },
            "PreSize": {
              "X": 0.0992,
              "Y": 0.1028
            },
            "LeftMargin": 576.5,
            "RightMargin": 576.5,
            "TopMargin": 14.4204,
            "BottomMargin": 631.5796,
            "Tag": 85,
            "ActionTag": -1437303088,
            "Size": {
              "X": 127.0,
              "Y": 74.0
            },
            "Name": "Sprite_3",
            "ctype": "SpriteObjectData"
          },
          {
            "ClipAble": false,
            "BackColorAlpha": 0,
            "ComboBoxIndex": 1,
            "SingleColor": {
              "R": 0,
              "G": 0,
              "B": 0
            },
            "FirstColor": {
              "R": 150,
              "G": 200
            },
            "EndColor": {},
            "ColorVector": {
              "ScaleY": 1.0
            },
            "Scale9Width": 1,
            "Scale9Height": 1,
            "TouchEnable": true,
            "AnchorPoint": {},
            "Position": {
              "X": 0.0,
              "Y": 0.0
            },
            "Scale": {
              "ScaleX": 1.0,
              "ScaleY": 1.0
            },
            "CColor": {},
            "IconVisible": false,
            "PrePosition": {
              "X": 0.0,
              "Y": 0.0
            },
            "PreSize": {
              "X": 1.0,
              "Y": 1.0
            },
            "Tag": 83,
            "Children": [
              {
                "IsCustomSize": true,
                "FontSize": 26,
                "LabelText": "营业时间，按钮关闭的时候，俱乐部全天开放。\r\n营业时间，按钮打开的时候，俱乐部只在营业时间段内开放。\n\r\n营业时间设置好，并且打开后，将会在每天生效，直到下次手动关闭。\r\n俱乐部的营业时间是针对一个俱乐部生效的，不只针对单个玩法\n\r\n开业时间，是指俱乐部的开放时间。在开放时间后，俱乐部成员可以进行游戏。\n\r\n打烊时间，是指俱乐部的关闭时间。在打烊时间后，俱乐部成员就不能在俱乐部中进行游戏。\r\n开业时间，到打烊时间的设定，可以进行跨天的设置。\r\n如，开业时间设定为09:00，打烊时间设定为02:00。就是为早晨9点开业，到第二天凌晨2点打烊。\r\n如，开业时间设定为09:00，打烊时间设定为16:00。就是为早晨9点开业，到当天下午4点打烊。\r\n请注意开业时间和打烊时间设置的区间限制。",
                "FontResource": {
                  "Type": "Normal",
                  "Path": "image/fonts/FZZY.TTF",
                  "Plist": ""
                },
                "OutlineColor": {
                  "G": 0,
                  "B": 0
                },
                "ShadowColor": {
                  "R": 110,
                  "G": 110,
                  "B": 110
                },
                "ShadowOffsetX": 2.0,
                "ShadowOffsetY": -2.0,
                "AnchorPoint": {
                  "ScaleX": 0.5,
                  "ScaleY": 0.5
                },
                "Position": {
                  "X": 597.3691,
                  "Y": 343.1255
                },
                "Scale": {
                  "ScaleX": 1.0,
                  "ScaleY": 1.0
                },
                "CColor": {
                  "R": 92,
                  "G": 122,
                  "B": 146
                },
                "IconVisible": false,
                "PrePosition": {
                  "X": 0.4667,
                  "Y": 0.4766
                },
                "PreSize": {
                  "X": 0.7813,
                  "Y": 0.6944
                },
                "LeftMargin": 97.3691,
                "RightMargin": 182.6309,
                "TopMargin": 126.8745,
                "BottomMargin": 93.1255,
                "Tag": 84,
                "ActionTag": -2128156981,
                "Size": {
                  "X": 1000.0,
                  "Y": 500.0
                },
                "Name": "Text_1",
                "ctype": "TextObjectData"
              }
            ],
            "ActionTag": -556648109,
            "Size": {
              "X": 1280.0,
              "Y": 720.0
            },
            "Name": "Panel_1",
            "ctype": "PanelObjectData"
          },
          {
            "FileData": {
              "Type": "Normal",
              "Path": "image/ui/club/btn_close2.png",
              "Plist": ""
            },
            "BlendFunc": {
              "Src": 1,
              "Dst": 771
            },
            "AnchorPoint": {
              "ScaleX": 0.5,
              "ScaleY": 0.5
            },
            "Position": {
              "X": 1238.145,
              "Y": 640.7763
            },
            "Scale": {
              "ScaleX": 1.0,
              "ScaleY": 1.0
            },
            "CColor": {},
            "IconVisible": false,
            "PrePosition": {
              "X": 0.9673,
              "Y": 0.89
            },
            "PreSize": {
              "X": 0.05,
              "Y": 0.0889
            },
            "LeftMargin": 1206.145,
            "RightMargin": 9.855,
            "TopMargin": 47.2237,
            "BottomMargin": 608.7763,
            "Tag": 82,
            "ActionTag": -779308778,
            "Size": {
              "X": 64.0,
              "Y": 64.0
            },
            "Name": "btn_close",
            "ctype": "SpriteObjectData"
          }
        ],
        "Size": {
          "X": 1280.0,
          "Y": 720.0
        },
        "Name": "Layer",
        "ctype": "LayerObjectData"
      },
      "UsedResources": [
        "../../image/fonts/FZZY.TTF",
        "../../image/ui/club/btn_close2.png",
        "../../image/ui/club/club_msg_bg.png",
        "../../image/ui/club/cshuoming.png"
      ],
      "ctype": "GameFileData"
    }
  },
  "Type": "Layer"
}