{
  "ID": "d19deb9a-c077-47ed-9f1e-b5dae1f60f05",
  "Version": "2.3.4",
  "Name": "ClubTableItem",
  "Content": {
    "Content": {
      "Animation": {
        "Duration": 0,
        "Speed": 1.0,
        "Timelines": [],
        "ctype": "TimelineActionData"
      },
      "AnimationList": [],
      "ObjectData": {
        "Tag": 316,
        "Children": [
          {
            "FileData": {
              "Type": "Normal",
              "Path": "image/ui/club/table_for_4.png",
              "Plist": ""
            },
            "BlendFunc": {
              "Src": 1,
              "Dst": 771
            },
            "AnchorPoint": {
              "ScaleX": 0.5,
              "ScaleY": 0.5
            },
            "Position": {
              "X": 150.0,
              "Y": 365.8945
            },
            "Scale": {
              "ScaleX": 1.0,
              "ScaleY": 1.0
            },
            "CColor": {},
            "IconVisible": false,
            "PositionPercentXEnabled": true,
            "PrePosition": {
              "X": 0.5,
              "Y": 0.7318
            },
            "PreSize": {
              "X": 0.69,
              "Y": 0.432
            },
            "LeftMargin": 46.5,
            "RightMargin": 46.5,
            "TopMargin": 26.1055,
            "BottomMargin": 257.8945,
            "Tag": 122,
            "Children": [
              {
                "FileData": {
                  "Type": "Normal",
                  "Path": "image/ui/club/icon_wait.png",
                  "Plist": ""
                },
                "BlendFunc": {
                  "Src": 1,
                  "Dst": 771
                },
                "AnchorPoint": {
                  "ScaleX": 0.5,
                  "ScaleY": 0.5
                },
                "Position": {
                  "X": 103.842,
                  "Y": 127.9342
                },
                "Scale": {
                  "ScaleX": 1.0,
                  "ScaleY": 1.0
                },
                "CColor": {},
                "IconVisible": false,
                "PrePosition": {
                  "X": 0.5017,
                  "Y": 0.5923
                },
                "PreSize": {
                  "X": 0.4058,
                  "Y": 0.25
                },
                "LeftMargin": 61.842,
                "RightMargin": 61.158,
                "TopMargin": 61.0658,
                "BottomMargin": 100.9342,
                "Tag": 123,
                "ActionTag": -961503919,
                "Size": {
                  "X": 84.0,
                  "Y": 54.0
                },
                "Name": "state",
                "ctype": "SpriteObjectData"
              },
              {
                "FontSize": 18,
                "LabelText": " 房号:xxxxxxx ",
                "FontResource": {
                  "Type": "Normal",
                  "Path": "image/fonts/FZZY.TTF",
                  "Plist": ""
                },
                "HorizontalAlignmentType": "HT_Center",
                "VerticalAlignmentType": "VT_Center",
                "OutlineColor": {
                  "G": 0,
                  "B": 0
                },
                "ShadowColor": {
                  "R": 110,
                  "G": 110,
                  "B": 110
                },
                "ShadowOffsetX": 2.0,
                "ShadowOffsetY": -2.0,
                "AnchorPoint": {
                  "ScaleX": 0.5,
                  "ScaleY": 0.5
                },
                "Position": {
                  "X": 104.6722,
                  "Y": 101.8027
                },
                "Scale": {
                  "ScaleX": 1.0,
                  "ScaleY": 1.0
                },
                "CColor": {},
                "IconVisible": false,
                "PrePosition": {
                  "X": 0.5057,
                  "Y": 0.4713
                },
                "PreSize": {
                  "X": 0.5121,
                  "Y": 0.0926
                },
                "LeftMargin": 51.6722,
                "RightMargin": 49.3278,
                "TopMargin": 104.1973,
                "BottomMargin": 91.8027,
                "Tag": 48,
                "ActionTag": 661141511,
                "Size": {
                  "X": 106.0,
                  "Y": 20.0
                },
                "Name": "lb_num",
                "ctype": "TextObjectData"
              },
              {
                "FontSize": 18,
                "LabelText": " 房号:xxxxxxx ",
                "FontResource": {
                  "Type": "Normal",
                  "Path": "image/fonts/FZZY.TTF",
                  "Plist": ""
                },
                "HorizontalAlignmentType": "HT_Center",
                "VerticalAlignmentType": "VT_Center",
                "OutlineColor": {
                  "G": 0,
                  "B": 0
                },
                "ShadowColor": {
                  "R": 110,
                  "G": 110,
                  "B": 110
                },
                "ShadowOffsetX": 2.0,
                "ShadowOffsetY": -2.0,
                "AnchorPoint": {
                  "ScaleX": 0.5,
                  "ScaleY": 0.5
                },
                "Position": {
                  "X": 102.6722,
                  "Y": 101.8027
                },
                "Scale": {
                  "ScaleX": 1.0,
                  "ScaleY": 1.0
                },
                "CColor": {},
                "IconVisible": false,
                "PrePosition": {
                  "X": 0.496,
                  "Y": 0.4713
                },
                "PreSize": {
                  "X": 0.5121,
                  "Y": 0.0926
                },
                "LeftMargin": 49.6722,
                "RightMargin": 51.3278,
                "TopMargin": 104.1973,
                "BottomMargin": 91.8027,
                "Tag": 129,
                "ActionTag": -618557754,
                "Size": {
                  "X": 106.0,
                  "Y": 20.0
                },
                "VisibleForFrame": false,
                "Name": "lb_progress",
                "ctype": "TextObjectData"
              },
              {
                "FileData": {
                  "Type": "Normal",
                  "Path": "appCommon/fydp/common/transparent/transparent.png",
                  "Plist": ""
                },
                "BlendFunc": {
                  "Src": 1,
                  "Dst": 771
                },
                "AnchorPoint": {
                  "ScaleX": 0.5,
                  "ScaleY": 0.5
                },
                "Position": {
                  "X": 41.8536,
                  "Y": 68.7616
                },
                "Scale": {
                  "ScaleX": 1.0,
                  "ScaleY": 1.0
                },
                "CColor": {},
                "IconVisible": false,
                "PrePosition": {
                  "X": 0.2022,
                  "Y": 0.3183
                },
                "PreSize": {
                  "X": 0.0048,
                  "Y": 0.0046
                },
                "LeftMargin": 41.3536,
                "RightMargin": 164.6464,
                "TopMargin": 146.7384,
                "BottomMargin": 68.2616,
                "Tag": 133,
                "Children": [
                  {
                    "FileData": {
                      "Type": "Normal",
                      "Path": "appCommon/fydp/common/transparent/transparent_64x64.png",
                      "Plist": ""
                    },
                    "BlendFunc": {
                      "Src": 1,
                      "Dst": 771
                    },
                    "AnchorPoint": {
                      "ScaleX": 0.5,
                      "ScaleY": 0.5
                    },
                    "Position": {
                      "X": 0.9859,
                      "Y": -0.0687
                    },
                    "Scale": {
                      "ScaleX": 0.77,
                      "ScaleY": 0.77
                    },
                    "CColor": {},
                    "IconVisible": false,
                    "PrePosition": {
                      "X": 0.9859,
                      "Y": -0.0687
                    },
                    "PreSize": {
                      "X": 64.0,
                      "Y": 64.0
                    },
                    "LeftMargin": -31.0141,
                    "RightMargin": -31.9859,
                    "TopMargin": -30.9313,
                    "BottomMargin": -32.0687,
                    "Tag": 134,
                    "ActionTag": -1705828082,
                    "Size": {
                      "X": 64.0,
                      "Y": 64.0
                    },
                    "Name": "head",
                    "ctype": "SpriteObjectData"
                  },
                  {
                    "FileData": {
                      "Type": "Normal",
                      "Path": "image/ui/club/head_bg2.png",
                      "Plist": ""
                    },
                    "BlendFunc": {
                      "Src": 1,
                      "Dst": 771
                    },
                    "AnchorPoint": {
                      "ScaleX": 0.5,
                      "ScaleY": 0.5
                    },
                    "Position": {
                      "X": 0.6178,
                      "Y": -9.6404
                    },
                    "Scale": {
                      "ScaleX": 1.0,
                      "ScaleY": 1.0
                    },
                    "CColor": {},
                    "IconVisible": false,
                    "PrePosition": {
                      "X": 0.6178,
                      "Y": -9.6404
                    },
                    "PreSize": {
                      "X": 100.0,
                      "Y": 73.0
                    },
                    "LeftMargin": -49.3822,
                    "RightMargin": -49.6178,
                    "TopMargin": -25.8596,
                    "BottomMargin": -46.1404,
                    "Tag": 374,
                    "ActionTag": 1300973595,
                    "Size": {
                      "X": 100.0,
                      "Y": 73.0
                    },
                    "Name": "head_bg2_3",
                    "ctype": "SpriteObjectData"
                  },
                  {
                    "FontSize": 18,
                    "LabelText": " 玩家名字啊 ",
                    "HorizontalAlignmentType": "HT_Center",
                    "VerticalAlignmentType": "VT_Center",
                    "OutlineColor": {
                      "G": 0,
                      "B": 0
                    },
                    "ShadowColor": {
                      "R": 110,
                      "G": 110,
                      "B": 110
                    },
                    "ShadowOffsetX": 2.0,
                    "ShadowOffsetY": -2.0,
                    "AnchorPoint": {
                      "ScaleX": 0.5,
                      "ScaleY": 0.5
                    },
                    "Position": {
                      "X": 0.6181,
                      "Y": -36.2726
                    },
                    "Scale": {
                      "ScaleX": 1.0,
                      "ScaleY": 1.0
                    },
                    "CColor": {
                      "R": 221,
                      "G": 217,
                      "B": 191
                    },
                    "IconVisible": false,
                    "PrePosition": {
                      "X": 0.6181,
                      "Y": -36.2726
                    },
                    "PreSize": {
                      "X": 101.0,
                      "Y": 21.0
                    },
                    "LeftMargin": -49.8819,
                    "RightMargin": -50.1181,
                    "TopMargin": 26.7726,
                    "BottomMargin": -46.7726,
                    "Tag": 375,
                    "ActionTag": 2028692308,
                    "Size": {
                      "X": 101.0,
                      "Y": 21.0
                    },
                    "Name": "lb_name",
                    "ctype": "TextObjectData"
                  }
                ],
                "ActionTag": -1116881392,
                "Size": {
                  "X": 1.0,
                  "Y": 1.0
                },
                "Name": "row4",
                "ctype": "SpriteObjectData"
              },
              {
                "FileData": {
                  "Type": "Normal",
                  "Path": "appCommon/fydp/common/transparent/transparent.png",
                  "Plist": ""
                },
                "BlendFunc": {
                  "Src": 1,
                  "Dst": 771
                },
                "AnchorPoint": {
                  "ScaleX": 0.5,
                  "ScaleY": 0.5
                },
                "Position": {
                  "X": 163.85,
                  "Y": 68.76
                },
                "Scale": {
                  "ScaleX": 1.0,
                  "ScaleY": 1.0
                },
                "CColor": {},
                "IconVisible": false,
                "PrePosition": {
                  "X": 0.7915,
                  "Y": 0.3183
                },
                "PreSize": {
                  "X": 0.0048,
                  "Y": 0.0046
                },
                "LeftMargin": 163.35,
                "RightMargin": 42.65,
                "TopMargin": 146.74,
                "BottomMargin": 68.26,
                "Tag": 376,
                "Children": [
                  {
                    "FileData": {
                      "Type": "Normal",
                      "Path": "appCommon/fydp/common/transparent/transparent_64x64.png",
                      "Plist": ""
                    },
                    "BlendFunc": {
                      "Src": 1,
                      "Dst": 771
                    },
                    "AnchorPoint": {
                      "ScaleX": 0.5,
                      "ScaleY": 0.5
                    },
                    "Position": {
                      "X": 0.9859,
                      "Y": -0.0687
                    },
                    "Scale": {
                      "ScaleX": 0.77,
                      "ScaleY": 0.77
                    },
                    "CColor": {},
                    "IconVisible": false,
                    "PrePosition": {
                      "X": 0.9859,
                      "Y": -0.0687
                    },
                    "PreSize": {
                      "X": 64.0,
                      "Y": 64.0
                    },
                    "LeftMargin": -31.0141,
                    "RightMargin": -31.9859,
                    "TopMargin": -30.9313,
                    "BottomMargin": -32.0687,
                    "Tag": 377,
                    "ActionTag": -2121597888,
                    "Size": {
                      "X": 64.0,
                      "Y": 64.0
                    },
                    "Name": "head",
                    "ctype": "SpriteObjectData"
                  },
                  {
                    "FileData": {
                      "Type": "Normal",
                      "Path": "image/ui/club/head_bg2.png",
                      "Plist": ""
                    },
                    "BlendFunc": {
                      "Src": 1,
                      "Dst": 771
                    },
                    "AnchorPoint": {
                      "ScaleX": 0.5,
                      "ScaleY": 0.5
                    },
                    "Position": {
                      "X": 0.6178,
                      "Y": -9.6404
                    },
                    "Scale": {
                      "ScaleX": 1.0,
                      "ScaleY": 1.0
                    },
                    "CColor": {},
                    "IconVisible": false,
                    "PrePosition": {
                      "X": 0.6178,
                      "Y": -9.6404
                    },
                    "PreSize": {
                      "X": 100.0,
                      "Y": 73.0
                    },
                    "LeftMargin": -49.3822,
                    "RightMargin": -49.6178,
                    "TopMargin": -25.8596,
                    "BottomMargin": -46.1404,
                    "Tag": 378,
                    "ActionTag": -2110945310,
                    "Size": {
                      "X": 100.0,
                      "Y": 73.0
                    },
                    "Name": "head_bg2_3",
                    "ctype": "SpriteObjectData"
                  },
                  {
                    "FontSize": 18,
                    "LabelText": " 玩家名字啊 ",
                    "HorizontalAlignmentType": "HT_Center",
                    "VerticalAlignmentType": "VT_Center",
                    "OutlineColor": {
                      "G": 0,
                      "B": 0
                    },
                    "ShadowColor": {
                      "R": 110,
                      "G": 110,
                      "B": 110
                    },
                    "ShadowOffsetX": 2.0,
                    "ShadowOffsetY": -2.0,
                    "AnchorPoint": {
                      "ScaleX": 0.5,
                      "ScaleY": 0.5
                    },
                    "Position": {
                      "X": 0.6181,
                      "Y": -36.2726
                    },
                    "Scale": {
                      "ScaleX": 1.0,
                      "ScaleY": 1.0
                    },
                    "CColor": {
                      "R": 221,
                      "G": 217,
                      "B": 191
                    },
                    "IconVisible": false,
                    "PrePosition": {
                      "X": 0.6181,
                      "Y": -36.2726
                    },
                    "PreSize": {
                      "X": 101.0,
                      "Y": 21.0
                    },
                    "LeftMargin": -49.8819,
                    "RightMargin": -50.1181,
                    "TopMargin": 26.7726,
                    "BottomMargin": -46.7726,
                    "Tag": 379,
                    "ActionTag": 2079946487,
                    "Size": {
                      "X": 101.0,
                      "Y": 21.0
                    },
                    "Name": "lb_name",
                    "ctype": "TextObjectData"
                  }
                ],
                "ActionTag": -2082437746,
                "Size": {
                  "X": 1.0,
                  "Y": 1.0
                },
                "Name": "row3",
                "ctype": "SpriteObjectData"
              },
              {
                "FileData": {
                  "Type": "Normal",
                  "Path": "appCommon/fydp/common/transparent/transparent.png",
                  "Plist": ""
                },
                "BlendFunc": {
                  "Src": 1,
                  "Dst": 771
                },
                "AnchorPoint": {
                  "ScaleX": 0.5,
                  "ScaleY": 0.5
                },
                "Position": {
                  "X": 163.85,
                  "Y": 191.76
                },
                "Scale": {
                  "ScaleX": 1.0,
                  "ScaleY": 1.0
                },
                "CColor": {},
                "IconVisible": false,
                "PrePosition": {
                  "X": 0.7915,
                  "Y": 0.8878
                },
                "PreSize": {
                  "X": 0.0048,
                  "Y": 0.0046
                },
                "LeftMargin": 163.35,
                "RightMargin": 42.65,
                "TopMargin": 23.74,
                "BottomMargin": 191.26,
                "Tag": 380,
                "Children": [
                  {
                    "FileData": {
                      "Type": "Normal",
                      "Path": "appCommon/fydp/common/transparent/transparent_64x64.png",
                      "Plist": ""
                    },
                    "BlendFunc": {
                      "Src": 1,
                      "Dst": 771
                    },
                    "AnchorPoint": {
                      "ScaleX": 0.5,
                      "ScaleY": 0.5
                    },
                    "Position": {
                      "X": 0.9859,
                      "Y": -0.0687
                    },
                    "Scale": {
                      "ScaleX": 0.77,
                      "ScaleY": 0.77
                    },
                    "CColor": {},
                    "IconVisible": false,
                    "PrePosition": {
                      "X": 0.9859,
                      "Y": -0.0687
                    },
                    "PreSize": {
                      "X": 64.0,
                      "Y": 64.0
                    },
                    "LeftMargin": -31.0141,
                    "RightMargin": -31.9859,
                    "TopMargin": -30.9313,
                    "BottomMargin": -32.0687,
                    "Tag": 381,
                    "ActionTag": -104168135,
                    "Size": {
                      "X": 64.0,
                      "Y": 64.0
                    },
                    "Name": "head",
                    "ctype": "SpriteObjectData"
                  },
                  {
                    "FileData": {
                      "Type": "Normal",
                      "Path": "image/ui/club/head_bg2.png",
                      "Plist": ""
                    },
                    "BlendFunc": {
                      "Src": 1,
                      "Dst": 771
                    },
                    "AnchorPoint": {
                      "ScaleX": 0.5,
                      "ScaleY": 0.5
                    },
                    "Position": {
                      "X": 0.6178,
                      "Y": -9.6404
                    },
                    "Scale": {
                      "ScaleX": 1.0,
                      "ScaleY": 1.0
                    },
                    "CColor": {},
                    "IconVisible": false,
                    "PrePosition": {
                      "X": 0.6178,
                      "Y": -9.6404
                    },
                    "PreSize": {
                      "X": 100.0,
                      "Y": 73.0
                    },
                    "LeftMargin": -49.3822,
                    "RightMargin": -49.6178,
                    "TopMargin": -25.8596,
                    "BottomMargin": -46.1404,
                    "Tag": 382,
                    "ActionTag": 627902966,
                    "Size": {
                      "X": 100.0,
                      "Y": 73.0
                    },
                    "Name": "head_bg2_3",
                    "ctype": "SpriteObjectData"
                  },
                  {
                    "FontSize": 18,
                    "LabelText": " 玩家名字啊 ",
                    "HorizontalAlignmentType": "HT_Center",
                    "VerticalAlignmentType": "VT_Center",
                    "OutlineColor": {
                      "G": 0,
                      "B": 0
                    },
                    "ShadowColor": {
                      "R": 110,
                      "G": 110,
                      "B": 110
                    },
                    "ShadowOffsetX": 2.0,
                    "ShadowOffsetY": -2.0,
                    "AnchorPoint": {
                      "ScaleX": 0.5,
                      "ScaleY": 0.5
                    },
                    "Position": {
                      "X": 0.6181,
                      "Y": -36.2726
                    },
                    "Scale": {
                      "ScaleX": 1.0,
                      "ScaleY": 1.0
                    },
                    "CColor": {
                      "R": 221,
                      "G": 217,
                      "B": 191
                    },
                    "IconVisible": false,
                    "PrePosition": {
                      "X": 0.6181,
                      "Y": -36.2726
                    },
                    "PreSize": {
                      "X": 101.0,
                      "Y": 21.0
                    },
                    "LeftMargin": -49.8819,
                    "RightMargin": -50.1181,
                    "TopMargin": 26.7726,
                    "BottomMargin": -46.7726,
                    "Tag": 383,
                    "ActionTag": 1046038982,
                    "Size": {
                      "X": 101.0,
                      "Y": 21.0
                    },
                    "Name": "lb_name",
                    "ctype": "TextObjectData"
                  }
                ],
                "ActionTag": -1688529127,
                "Size": {
                  "X": 1.0,
                  "Y": 1.0
                },
                "Name": "row2",
                "ctype": "SpriteObjectData"
              },
              {
                "FileData": {
                  "Type": "Normal",
                  "Path": "appCommon/fydp/common/transparent/transparent.png",
                  "Plist": ""
                },
                "BlendFunc": {
                  "Src": 1,
                  "Dst": 771
                },
                "AnchorPoint": {
                  "ScaleX": 0.5,
                  "ScaleY": 0.5
                },
                "Position": {
                  "X": 41.85,
                  "Y": 189.76
                },
                "Scale": {
                  "ScaleX": 1.0,
                  "ScaleY": 1.0
                },
                "CColor": {},
                "IconVisible": false,
                "PrePosition": {
                  "X": 0.2022,
                  "Y": 0.8785
                },
                "PreSize": {
                  "X": 0.0048,
                  "Y": 0.0046
                },
                "LeftMargin": 41.35,
                "RightMargin": 164.65,
                "TopMargin": 25.74,
                "BottomMargin": 189.26,
                "Tag": 384,
                "Children": [
                  {
                    "FileData": {
                      "Type": "Normal",
                      "Path": "appCommon/fydp/common/transparent/transparent_64x64.png",
                      "Plist": ""
                    },
                    "BlendFunc": {
                      "Src": 1,
                      "Dst": 771
                    },
                    "AnchorPoint": {
                      "ScaleX": 0.5,
                      "ScaleY": 0.5
                    },
                    "Position": {
                      "X": 0.9859,
                      "Y": -0.0687
                    },
                    "Scale": {
                      "ScaleX": 0.77,
                      "ScaleY": 0.77
                    },
                    "CColor": {},
                    "IconVisible": false,
                    "PrePosition": {
                      "X": 0.9859,
                      "Y": -0.0687
                    },
                    "PreSize": {
                      "X": 64.0,
                      "Y": 64.0
                    },
                    "LeftMargin": -31.0141,
                    "RightMargin": -31.9859,
                    "TopMargin": -30.9313,
                    "BottomMargin": -32.0687,
                    "Tag": 385,
                    "ActionTag": -1926587500,
                    "Size": {
                      "X": 64.0,
                      "Y": 64.0
                    },
                    "Name": "head",
                    "ctype": "SpriteObjectData"
                  },
                  {
                    "FileData": {
                      "Type": "Normal",
                      "Path": "image/ui/club/head_bg2.png",
                      "Plist": ""
                    },
                    "BlendFunc": {
                      "Src": 1,
                      "Dst": 771
                    },
                    "AnchorPoint": {
                      "ScaleX": 0.5,
                      "ScaleY": 0.5
                    },
                    "Position": {
                      "X": 0.6178,
                      "Y": -9.6404
                    },
                    "Scale": {
                      "ScaleX": 1.0,
                      "ScaleY": 1.0
                    },
                    "CColor": {},
                    "IconVisible": false,
                    "PrePosition": {
                      "X": 0.6178,
                      "Y": -9.6404
                    },
                    "PreSize": {
                      "X": 100.0,
                      "Y": 73.0
                    },
                    "LeftMargin": -49.3822,
                    "RightMargin": -49.6178,
                    "TopMargin": -25.8596,
                    "BottomMargin": -46.1404,
                    "Tag": 386,
                    "ActionTag": 594507585,
                    "Size": {
                      "X": 100.0,
                      "Y": 73.0
                    },
                    "Name": "head_bg2_3",
                    "ctype": "SpriteObjectData"
                  },
                  {
                    "FontSize": 18,
                    "LabelText": " 玩家名字啊 ",
                    "HorizontalAlignmentType": "HT_Center",
                    "VerticalAlignmentType": "VT_Center",
                    "OutlineColor": {
                      "G": 0,
                      "B": 0
                    },
                    "ShadowColor": {
                      "R": 110,
                      "G": 110,
                      "B": 110
                    },
                    "ShadowOffsetX": 2.0,
                    "ShadowOffsetY": -2.0,
                    "AnchorPoint": {
                      "ScaleX": 0.5,
                      "ScaleY": 0.5
                    },
                    "Position": {
                      "X": 0.6181,
                      "Y": -36.2726
                    },
                    "Scale": {
                      "ScaleX": 1.0,
                      "ScaleY": 1.0
                    },
                    "CColor": {
                      "R": 221,
                      "G": 217,
                      "B": 191
                    },
                    "IconVisible": false,
                    "PrePosition": {
                      "X": 0.6181,
                      "Y": -36.2726
                    },
                    "PreSize": {
                      "X": 101.0,
                      "Y": 21.0
                    },
                    "LeftMargin": -49.8819,
                    "RightMargin": -50.1181,
                    "TopMargin": 26.7726,
                    "BottomMargin": -46.7726,
                    "Tag": 387,
                    "ActionTag": -1642951955,
                    "Size": {
                      "X": 101.0,
                      "Y": 21.0
                    },
                    "Name": "lb_name",
                    "ctype": "TextObjectData"
                  }
                ],
                "ActionTag": -271900605,
                "Size": {
                  "X": 1.0,
                  "Y": 1.0
                },
                "Name": "row1",
                "ctype": "SpriteObjectData"
              }
            ],
            "ActionTag": 2008898282,
            "Size": {
              "X": 207.0,
              "Y": 216.0
            },
            "Name": "table0",
            "ctype": "SpriteObjectData"
          },
          {
            "FileData": {
              "Type": "Normal",
              "Path": "image/ui/club/table_for_4.png",
              "Plist": ""
            },
            "BlendFunc": {
              "Src": 1,
              "Dst": 771
            },
            "AnchorPoint": {
              "ScaleX": 0.5,
              "ScaleY": 0.5
            },
            "Position": {
              "X": 150.0,
              "Y": 135.8955
            },
            "Scale": {
              "ScaleX": 1.0,
              "ScaleY": 1.0
            },
            "CColor": {},
            "IconVisible": false,
            "PositionPercentXEnabled": true,
            "PrePosition": {
              "X": 0.5,
              "Y": 0.2718
            },
            "PreSize": {
              "X": 0.69,
              "Y": 0.432
            },
            "LeftMargin": 46.5,
            "RightMargin": 46.5,
            "TopMargin": 256.1045,
            "BottomMargin": 27.8955,
            "Tag": 130,
            "Children": [
              {
                "FileData": {
                  "Type": "Normal",
                  "Path": "image/ui/club/icon_wait.png",
                  "Plist": ""
                },
                "BlendFunc": {
                  "Src": 1,
                  "Dst": 771
                },
                "AnchorPoint": {
                  "ScaleX": 0.5,
                  "ScaleY": 0.5
                },
                "Position": {
                  "X": 103.842,
                  "Y": 127.9342
                },
                "Scale": {
                  "ScaleX": 1.0,
                  "ScaleY": 1.0
                },
                "CColor": {},
                "IconVisible": false,
                "PrePosition": {
                  "X": 0.5017,
                  "Y": 0.5923
                },
                "PreSize": {
                  "X": 0.4058,
                  "Y": 0.25
                },
                "LeftMargin": 61.842,
                "RightMargin": 61.158,
                "TopMargin": 61.0658,
                "BottomMargin": 100.9342,
                "Tag": 131,
                "ActionTag": -1771545788,
                "Size": {
                  "X": 84.0,
                  "Y": 54.0
                },
                "Name": "state",
                "ctype": "SpriteObjectData"
              },
              {
                "FontSize": 18,
                "LabelText": " 房号:xxxxxxx ",
                "FontResource": {
                  "Type": "Normal",
                  "Path": "image/fonts/FZZY.TTF",
                  "Plist": ""
                },
                "HorizontalAlignmentType": "HT_Center",
                "VerticalAlignmentType": "VT_Center",
                "OutlineColor": {
                  "G": 0,
                  "B": 0
                },
                "ShadowColor": {
                  "R": 110,
                  "G": 110,
                  "B": 110
                },
                "ShadowOffsetX": 2.0,
                "ShadowOffsetY": -2.0,
                "AnchorPoint": {
                  "ScaleX": 0.5,
                  "ScaleY": 0.5
                },
                "Position": {
                  "X": 104.6722,
                  "Y": 101.8027
                },
                "Scale": {
                  "ScaleX": 1.0,
                  "ScaleY": 1.0
                },
                "CColor": {},
                "IconVisible": false,
                "PrePosition": {
                  "X": 0.5057,
                  "Y": 0.4713
                },
                "PreSize": {
                  "X": 0.5121,
                  "Y": 0.0926
                },
                "LeftMargin": 51.6722,
                "RightMargin": 49.3278,
                "TopMargin": 104.1973,
                "BottomMargin": 91.8027,
                "Tag": 132,
                "ActionTag": 782311858,
                "Size": {
                  "X": 106.0,
                  "Y": 20.0
                },
                "Name": "lb_num",
                "ctype": "TextObjectData"
              },
              {
                "FontSize": 18,
                "LabelText": " 房号:xxxxxxx ",
                "FontResource": {
                  "Type": "Normal",
                  "Path": "image/fonts/FZZY.TTF",
                  "Plist": ""
                },
                "HorizontalAlignmentType": "HT_Center",
                "VerticalAlignmentType": "VT_Center",
                "OutlineColor": {
                  "G": 0,
                  "B": 0
                },
                "ShadowColor": {
                  "R": 110,
                  "G": 110,
                  "B": 110
                },
                "ShadowOffsetX": 2.0,
                "ShadowOffsetY": -2.0,
                "AnchorPoint": {
                  "ScaleX": 0.5,
                  "ScaleY": 0.5
                },
                "Position": {
                  "X": 102.6722,
                  "Y": 101.8027
                },
                "Scale": {
                  "ScaleX": 1.0,
                  "ScaleY": 1.0
                },
                "CColor": {},
                "IconVisible": false,
                "PrePosition": {
                  "X": 0.496,
                  "Y": 0.4713
                },
                "PreSize": {
                  "X": 0.5121,
                  "Y": 0.0926
                },
                "LeftMargin": 49.6722,
                "RightMargin": 51.3278,
                "TopMargin": 104.1973,
                "BottomMargin": 91.8027,
                "Tag": 133,
                "ActionTag": -1055141503,
                "Size": {
                  "X": 106.0,
                  "Y": 20.0
                },
                "VisibleForFrame": false,
                "Name": "lb_progress",
                "ctype": "TextObjectData"
              },
              {
                "FileData": {
                  "Type": "Normal",
                  "Path": "appCommon/fydp/common/transparent/transparent.png",
                  "Plist": ""
                },
                "BlendFunc": {
                  "Src": 1,
                  "Dst": 771
                },
                "AnchorPoint": {
                  "ScaleX": 0.5,
                  "ScaleY": 0.5
                },
                "Position": {
                  "X": 41.8536,
                  "Y": 68.7616
                },
                "Scale": {
                  "ScaleX": 1.0,
                  "ScaleY": 1.0
                },
                "CColor": {},
                "IconVisible": false,
                "PrePosition": {
                  "X": 0.2022,
                  "Y": 0.3183
                },
                "PreSize": {
                  "X": 0.0048,
                  "Y": 0.0046
                },
                "LeftMargin": 41.3536,
                "RightMargin": 164.6464,
                "TopMargin": 146.7384,
                "BottomMargin": 68.2616,
                "Tag": 134,
                "Children": [
                  {
                    "FileData": {
                      "Type": "Normal",
                      "Path": "appCommon/fydp/common/transparent/transparent_64x64.png",
                      "Plist": ""
                    },
                    "BlendFunc": {
                      "Src": 1,
                      "Dst": 771
                    },
                    "AnchorPoint": {
                      "ScaleX": 0.5,
                      "ScaleY": 0.5
                    },
                    "Position": {
                      "X": 0.9859,
                      "Y": -0.0687
                    },
                    "Scale": {
                      "ScaleX": 0.77,
                      "ScaleY": 0.77
                    },
                    "CColor": {},
                    "IconVisible": false,
                    "PrePosition": {
                      "X": 0.9859,
                      "Y": -0.0687
                    },
                    "PreSize": {
                      "X": 64.0,
                      "Y": 64.0
                    },
                    "LeftMargin": -31.0141,
                    "RightMargin": -31.9859,
                    "TopMargin": -30.9313,
                    "BottomMargin": -32.0687,
                    "Tag": 135,
                    "ActionTag": 447896136,
                    "Size": {
                      "X": 64.0,
                      "Y": 64.0
                    },
                    "Name": "head",
                    "ctype": "SpriteObjectData"
                  },
                  {
                    "FileData": {
                      "Type": "Normal",
                      "Path": "image/ui/club/head_bg2.png",
                      "Plist": ""
                    },
                    "BlendFunc": {
                      "Src": 1,
                      "Dst": 771
                    },
                    "AnchorPoint": {
                      "ScaleX": 0.5,
                      "ScaleY": 0.5
                    },
                    "Position": {
                      "X": 0.6178,
                      "Y": -9.6404
                    },
                    "Scale": {
                      "ScaleX": 1.0,
                      "ScaleY": 1.0
                    },
                    "CColor": {},
                    "IconVisible": false,
                    "PrePosition": {
                      "X": 0.6178,
                      "Y": -9.6404
                    },
                    "PreSize": {
                      "X": 100.0,
                      "Y": 73.0
                    },
                    "LeftMargin": -49.3822,
                    "RightMargin": -49.6178,
                    "TopMargin": -25.8596,
                    "BottomMargin": -46.1404,
                    "Tag": 136,
                    "ActionTag": 2089205059,
                    "Size": {
                      "X": 100.0,
                      "Y": 73.0
                    },
                    "Name": "head_bg2_3",
                    "ctype": "SpriteObjectData"
                  },
                  {
                    "FontSize": 18,
                    "LabelText": " 玩家名字啊 ",
                    "HorizontalAlignmentType": "HT_Center",
                    "VerticalAlignmentType": "VT_Center",
                    "OutlineColor": {
                      "G": 0,
                      "B": 0
                    },
                    "ShadowColor": {
                      "R": 110,
                      "G": 110,
                      "B": 110
                    },
                    "ShadowOffsetX": 2.0,
                    "ShadowOffsetY": -2.0,
                    "AnchorPoint": {
                      "ScaleX": 0.5,
                      "ScaleY": 0.5
                    },
                    "Position": {
                      "X": 0.6181,
                      "Y": -36.2726
                    },
                    "Scale": {
                      "ScaleX": 1.0,
                      "ScaleY": 1.0
                    },
                    "CColor": {
                      "R": 221,
                      "G": 217,
                      "B": 191
                    },
                    "IconVisible": false,
                    "PrePosition": {
                      "X": 0.6181,
                      "Y": -36.2726
                    },
                    "PreSize": {
                      "X": 101.0,
                      "Y": 21.0
                    },
                    "LeftMargin": -49.8819,
                    "RightMargin": -50.1181,
                    "TopMargin": 26.7726,
                    "BottomMargin": -46.7726,
                    "Tag": 137,
                    "ActionTag": -1737272350,
                    "Size": {
                      "X": 101.0,
                      "Y": 21.0
                    },
                    "Name": "lb_name",
                    "ctype": "TextObjectData"
                  }
                ],
                "ActionTag": -1677629874,
                "Size": {
                  "X": 1.0,
                  "Y": 1.0
                },
                "Name": "row4",
                "ctype": "SpriteObjectData"
              },
              {
                "FileData": {
                  "Type": "Normal",
                  "Path": "appCommon/fydp/common/transparent/transparent.png",
                  "Plist": ""
                },
                "BlendFunc": {
                  "Src": 1,
                  "Dst": 771
                },
                "AnchorPoint": {
                  "ScaleX": 0.5,
                  "ScaleY": 0.5
                },
                "Position": {
                  "X": 163.85,
                  "Y": 68.76
                },
                "Scale": {
                  "ScaleX": 1.0,
                  "ScaleY": 1.0
                },
                "CColor": {},
                "IconVisible": false,
                "PrePosition": {
                  "X": 0.7915,
                  "Y": 0.3183
                },
                "PreSize": {
                  "X": 0.0048,
                  "Y": 0.0046
                },
                "LeftMargin": 163.35,
                "RightMargin": 42.65,
                "TopMargin": 146.74,
                "BottomMargin": 68.26,
                "Tag": 138,
                "Children": [
                  {
                    "FileData": {
                      "Type": "Normal",
                      "Path": "appCommon/fydp/common/transparent/transparent_64x64.png",
                      "Plist": ""
                    },
                    "BlendFunc": {
                      "Src": 1,
                      "Dst": 771
                    },
                    "AnchorPoint": {
                      "ScaleX": 0.5,
                      "ScaleY": 0.5
                    },
                    "Position": {
                      "X": 0.9859,
                      "Y": -0.0687
                    },
                    "Scale": {
                      "ScaleX": 0.77,
                      "ScaleY": 0.77
                    },
                    "CColor": {},
                    "IconVisible": false,
                    "PrePosition": {
                      "X": 0.9859,
                      "Y": -0.0687
                    },
                    "PreSize": {
                      "X": 64.0,
                      "Y": 64.0
                    },
                    "LeftMargin": -31.0141,
                    "RightMargin": -31.9859,
                    "TopMargin": -30.9313,
                    "BottomMargin": -32.0687,
                    "Tag": 139,
                    "ActionTag": -1531081085,
                    "Size": {
                      "X": 64.0,
                      "Y": 64.0
                    },
                    "Name": "head",
                    "ctype": "SpriteObjectData"
                  },
                  {
                    "FileData": {
                      "Type": "Normal",
                      "Path": "image/ui/club/head_bg2.png",
                      "Plist": ""
                    },
                    "BlendFunc": {
                      "Src": 1,
                      "Dst": 771
                    },
                    "AnchorPoint": {
                      "ScaleX": 0.5,
                      "ScaleY": 0.5
                    },
                    "Position": {
                      "X": 0.6178,
                      "Y": -9.6404
                    },
                    "Scale": {
                      "ScaleX": 1.0,
                      "ScaleY": 1.0
                    },
                    "CColor": {},
                    "IconVisible": false,
                    "PrePosition": {
                      "X": 0.6178,
                      "Y": -9.6404
                    },
                    "PreSize": {
                      "X": 100.0,
                      "Y": 73.0
                    },
                    "LeftMargin": -49.3822,
                    "RightMargin": -49.6178,
                    "TopMargin": -25.8596,
                    "BottomMargin": -46.1404,
                    "Tag": 140,
                    "ActionTag": 836230919,
                    "Size": {
                      "X": 100.0,
                      "Y": 73.0
                    },
                    "Name": "head_bg2_3",
                    "ctype": "SpriteObjectData"
                  },
                  {
                    "FontSize": 18,
                    "LabelText": " 玩家名字啊 ",
                    "HorizontalAlignmentType": "HT_Center",
                    "VerticalAlignmentType": "VT_Center",
                    "OutlineColor": {
                      "G": 0,
                      "B": 0
                    },
                    "ShadowColor": {
                      "R": 110,
                      "G": 110,
                      "B": 110
                    },
                    "ShadowOffsetX": 2.0,
                    "ShadowOffsetY": -2.0,
                    "AnchorPoint": {
                      "ScaleX": 0.5,
                      "ScaleY": 0.5
                    },
                    "Position": {
                      "X": 0.6181,
                      "Y": -36.2726
                    },
                    "Scale": {
                      "ScaleX": 1.0,
                      "ScaleY": 1.0
                    },
                    "CColor": {
                      "R": 221,
                      "G": 217,
                      "B": 191
                    },
                    "IconVisible": false,
                    "PrePosition": {
                      "X": 0.6181,
                      "Y": -36.2726
                    },
                    "PreSize": {
                      "X": 101.0,
                      "Y": 21.0
                    },
                    "LeftMargin": -49.8819,
                    "RightMargin": -50.1181,
                    "TopMargin": 26.7726,
                    "BottomMargin": -46.7726,
                    "Tag": 141,
                    "ActionTag": -2049777203,
                    "Size": {
                      "X": 101.0,
                      "Y": 21.0
                    },
                    "Name": "lb_name",
                    "ctype": "TextObjectData"
                  }
                ],
                "ActionTag": 1254941686,
                "Size": {
                  "X": 1.0,
                  "Y": 1.0
                },
                "Name": "row3",
                "ctype": "SpriteObjectData"
              },
              {
                "FileData": {
                  "Type": "Normal",
                  "Path": "appCommon/fydp/common/transparent/transparent.png",
                  "Plist": ""
                },
                "BlendFunc": {
                  "Src": 1,
                  "Dst": 771
                },
                "AnchorPoint": {
                  "ScaleX": 0.5,
                  "ScaleY": 0.5
                },
                "Position": {
                  "X": 163.85,
                  "Y": 191.76
                },
                "Scale": {
                  "ScaleX": 1.0,
                  "ScaleY": 1.0
                },
                "CColor": {},
                "IconVisible": false,
                "PrePosition": {
                  "X": 0.7915,
                  "Y": 0.8878
                },
                "PreSize": {
                  "X": 0.0048,
                  "Y": 0.0046
                },
                "LeftMargin": 163.35,
                "RightMargin": 42.65,
                "TopMargin": 23.74,
                "BottomMargin": 191.26,
                "Tag": 142,
                "Children": [
                  {
                    "FileData": {
                      "Type": "Normal",
                      "Path": "appCommon/fydp/common/transparent/transparent_64x64.png",
                      "Plist": ""
                    },
                    "BlendFunc": {
                      "Src": 1,
                      "Dst": 771
                    },
                    "AnchorPoint": {
                      "ScaleX": 0.5,
                      "ScaleY": 0.5
                    },
                    "Position": {
                      "X": 0.9859,
                      "Y": -0.0687
                    },
                    "Scale": {
                      "ScaleX": 0.77,
                      "ScaleY": 0.77
                    },
                    "CColor": {},
                    "IconVisible": false,
                    "PrePosition": {
                      "X": 0.9859,
                      "Y": -0.0687
                    },
                    "PreSize": {
                      "X": 64.0,
                      "Y": 64.0
                    },
                    "LeftMargin": -31.0141,
                    "RightMargin": -31.9859,
                    "TopMargin": -30.9313,
                    "BottomMargin": -32.0687,
                    "Tag": 143,
                    "ActionTag": -459833891,
                    "Size": {
                      "X": 64.0,
                      "Y": 64.0
                    },
                    "Name": "head",
                    "ctype": "SpriteObjectData"
                  },
                  {
                    "FileData": {
                      "Type": "Normal",
                      "Path": "image/ui/club/head_bg2.png",
                      "Plist": ""
                    },
                    "BlendFunc": {
                      "Src": 1,
                      "Dst": 771
                    },
                    "AnchorPoint": {
                      "ScaleX": 0.5,
                      "ScaleY": 0.5
                    },
                    "Position": {
                      "X": 0.6178,
                      "Y": -9.6404
                    },
                    "Scale": {
                      "ScaleX": 1.0,
                      "ScaleY": 1.0
                    },
                    "CColor": {},
                    "IconVisible": false,
                    "PrePosition": {
                      "X": 0.6178,
                      "Y": -9.6404
                    },
                    "PreSize": {
                      "X": 100.0,
                      "Y": 73.0
                    },
                    "LeftMargin": -49.3822,
                    "RightMargin": -49.6178,
                    "TopMargin": -25.8596,
                    "BottomMargin": -46.1404,
                    "Tag": 144,
                    "ActionTag": 1561691906,
                    "Size": {
                      "X": 100.0,
                      "Y": 73.0
                    },
                    "Name": "head_bg2_3",
                    "ctype": "SpriteObjectData"
                  },
                  {
                    "FontSize": 18,
                    "LabelText": " 玩家名字啊 ",
                    "HorizontalAlignmentType": "HT_Center",
                    "VerticalAlignmentType": "VT_Center",
                    "OutlineColor": {
                      "G": 0,
                      "B": 0
                    },
                    "ShadowColor": {
                      "R": 110,
                      "G": 110,
                      "B": 110
                    },
                    "ShadowOffsetX": 2.0,
                    "ShadowOffsetY": -2.0,
                    "AnchorPoint": {
                      "ScaleX": 0.5,
                      "ScaleY": 0.5
                    },
                    "Position": {
                      "X": 0.6181,
                      "Y": -36.2726
                    },
                    "Scale": {
                      "ScaleX": 1.0,
                      "ScaleY": 1.0
                    },
                    "CColor": {
                      "R": 221,
                      "G": 217,
                      "B": 191
                    },
                    "IconVisible": false,
                    "PrePosition": {
                      "X": 0.6181,
                      "Y": -36.2726
                    },
                    "PreSize": {
                      "X": 101.0,
                      "Y": 21.0
                    },
                    "LeftMargin": -49.8819,
                    "RightMargin": -50.1181,
                    "TopMargin": 26.7726,
                    "BottomMargin": -46.7726,
                    "Tag": 145,
                    "ActionTag": 1232474914,
                    "Size": {
                      "X": 101.0,
                      "Y": 21.0
                    },
                    "Name": "lb_name",
                    "ctype": "TextObjectData"
                  }
                ],
                "ActionTag": -612076587,
                "Size": {
                  "X": 1.0,
                  "Y": 1.0
                },
                "Name": "row2",
                "ctype": "SpriteObjectData"
              },
              {
                "FileData": {
                  "Type": "Normal",
                  "Path": "appCommon/fydp/common/transparent/transparent.png",
                  "Plist": ""
                },
                "BlendFunc": {
                  "Src": 1,
                  "Dst": 771
                },
                "AnchorPoint": {
                  "ScaleX": 0.5,
                  "ScaleY": 0.5
                },
                "Position": {
                  "X": 41.85,
                  "Y": 189.76
                },
                "Scale": {
                  "ScaleX": 1.0,
                  "ScaleY": 1.0
                },
                "CColor": {},
                "IconVisible": false,
                "PrePosition": {
                  "X": 0.2022,
                  "Y": 0.8785
                },
                "PreSize": {
                  "X": 0.0048,
                  "Y": 0.0046
                },
                "LeftMargin": 41.35,
                "RightMargin": 164.65,
                "TopMargin": 25.74,
                "BottomMargin": 189.26,
                "Tag": 146,
                "Children": [
                  {
                    "FileData": {
                      "Type": "Normal",
                      "Path": "appCommon/fydp/common/transparent/transparent_64x64.png",
                      "Plist": ""
                    },
                    "BlendFunc": {
                      "Src": 1,
                      "Dst": 771
                    },
                    "AnchorPoint": {
                      "ScaleX": 0.5,
                      "ScaleY": 0.5
                    },
                    "Position": {
                      "X": 0.9859,
                      "Y": -0.0687
                    },
                    "Scale": {
                      "ScaleX": 0.77,
                      "ScaleY": 0.77
                    },
                    "CColor": {},
                    "IconVisible": false,
                    "PrePosition": {
                      "X": 0.9859,
                      "Y": -0.0687
                    },
                    "PreSize": {
                      "X": 64.0,
                      "Y": 64.0
                    },
                    "LeftMargin": -31.0141,
                    "RightMargin": -31.9859,
                    "TopMargin": -30.9313,
                    "BottomMargin": -32.0687,
                    "Tag": 147,
                    "ActionTag": -563247836,
                    "Size": {
                      "X": 64.0,
                      "Y": 64.0
                    },
                    "Name": "head",
                    "ctype": "SpriteObjectData"
                  },
                  {
                    "FileData": {
                      "Type": "Normal",
                      "Path": "image/ui/club/head_bg2.png",
                      "Plist": ""
                    },
                    "BlendFunc": {
                      "Src": 1,
                      "Dst": 771
                    },
                    "AnchorPoint": {
                      "ScaleX": 0.5,
                      "ScaleY": 0.5
                    },
                    "Position": {
                      "X": 0.6178,
                      "Y": -9.6404
                    },
                    "Scale": {
                      "ScaleX": 1.0,
                      "ScaleY": 1.0
                    },
                    "CColor": {},
                    "IconVisible": false,
                    "PrePosition": {
                      "X": 0.6178,
                      "Y": -9.6404
                    },
                    "PreSize": {
                      "X": 100.0,
                      "Y": 73.0
                    },
                    "LeftMargin": -49.3822,
                    "RightMargin": -49.6178,
                    "TopMargin": -25.8596,
                    "BottomMargin": -46.1404,
                    "Tag": 148,
                    "ActionTag": -689276820,
                    "Size": {
                      "X": 100.0,
                      "Y": 73.0
                    },
                    "Name": "head_bg2_3",
                    "ctype": "SpriteObjectData"
                  },
                  {
                    "FontSize": 18,
                    "LabelText": " 玩家名字啊 ",
                    "HorizontalAlignmentType": "HT_Center",
                    "VerticalAlignmentType": "VT_Center",
                    "OutlineColor": {
                      "G": 0,
                      "B": 0
                    },
                    "ShadowColor": {
                      "R": 110,
                      "G": 110,
                      "B": 110
                    },
                    "ShadowOffsetX": 2.0,
                    "ShadowOffsetY": -2.0,
                    "AnchorPoint": {
                      "ScaleX": 0.5,
                      "ScaleY": 0.5
                    },
                    "Position": {
                      "X": 0.6181,
                      "Y": -36.2726
                    },
                    "Scale": {
                      "ScaleX": 1.0,
                      "ScaleY": 1.0
                    },
                    "CColor": {
                      "R": 221,
                      "G": 217,
                      "B": 191
                    },
                    "IconVisible": false,
                    "PrePosition": {
                      "X": 0.6181,
                      "Y": -36.2726
                    },
                    "PreSize": {
                      "X": 101.0,
                      "Y": 21.0
                    },
                    "LeftMargin": -49.8819,
                    "RightMargin": -50.1181,
                    "TopMargin": 26.7726,
                    "BottomMargin": -46.7726,
                    "Tag": 149,
                    "ActionTag": 287714662,
                    "Size": {
                      "X": 101.0,
                      "Y": 21.0
                    },
                    "Name": "lb_name",
                    "ctype": "TextObjectData"
                  }
                ],
                "ActionTag": 1674835848,
                "Size": {
                  "X": 1.0,
                  "Y": 1.0
                },
                "Name": "row1",
                "ctype": "SpriteObjectData"
              }
            ],
            "ActionTag": -1664041695,
            "Size": {
              "X": 207.0,
              "Y": 216.0
            },
            "Name": "table1",
            "ctype": "SpriteObjectData"
          }
        ],
        "Size": {
          "X": 300.0,
          "Y": 500.0
        },
        "Name": "Layer",
        "ctype": "LayerObjectData"
      },
      "UsedResources": [
        "../../appCommon/fydp/common/transparent/transparent.png",
        "../../appCommon/fydp/common/transparent/transparent_64x64.png",
        "../../image/fonts/FZZY.TTF",
        "../../image/ui/club/head_bg2.png",
        "../../image/ui/club/icon_wait.png",
        "../../image/ui/club/table_for_4.png"
      ],
      "ctype": "GameFileData"
    }
  },
  "Type": "Layer"
}