{
  "ID": "db658fd7-6dab-4040-be28-734d268da5e0",
  "Version": "2.3.4",
  "Name": "ClubInputLayer",
  "Content": {
    "Content": {
      "Animation": {
        "Duration": 0,
        "Speed": 1.0,
        "Timelines": [],
        "ctype": "TimelineActionData"
      },
      "AnimationList": [],
      "ObjectData": {
        "Tag": 215,
        "Children": [
          {
            "ClipAble": false,
            "BackColorAlpha": 182,
            "SingleColor": {
              "R": 0,
              "G": 0,
              "B": 0
            },
            "FirstColor": {
              "R": 150,
              "G": 200
            },
            "EndColor": {},
            "ColorVector": {
              "ScaleY": 1.0
            },
            "Scale9Width": 1,
            "Scale9Height": 1,
            "AnchorPoint": {},
            "Position": {
              "X": 0.0,
              "Y": 0.0
            },
            "Scale": {
              "ScaleX": 1.0,
              "ScaleY": 1.0
            },
            "CColor": {},
            "IconVisible": false,
            "PrePosition": {
              "X": 0.0,
              "Y": 0.0
            },
            "PreSize": {
              "X": 1.0,
              "Y": 1.0
            },
            "Tag": 217,
            "ActionTag": -1238494576,
            "Size": {
              "X": 1280.0,
              "Y": 720.0
            },
            "Name": "root",
            "ctype": "PanelObjectData"
          },
          {
            "FileData": {
              "Type": "Normal",
              "Path": "image/ui/club/view_show_bg.png",
              "Plist": ""
            },
            "BlendFunc": {
              "Src": 1,
              "Dst": 771
            },
            "AnchorPoint": {
              "ScaleX": 0.5,
              "ScaleY": 0.5
            },
            "Position": {
              "X": 640.0,
              "Y": 377.4361
            },
            "Scale": {
              "ScaleX": 1.0,
              "ScaleY": 1.0
            },
            "CColor": {},
            "IconVisible": false,
            "PositionPercentXEnabled": true,
            "PrePosition": {
              "X": 0.5,
              "Y": 0.5242
            },
            "PreSize": {
              "X": 0.5328,
              "Y": 0.6111
            },
            "LeftMargin": 299.0,
            "RightMargin": 299.0,
            "TopMargin": 122.5639,
            "BottomMargin": 157.4361,
            "Tag": 216,
            "ActionTag": -292575788,
            "Size": {
              "X": 682.0,
              "Y": 440.0
            },
            "Name": "view_show_bg_2",
            "ctype": "SpriteObjectData"
          },
          {
            "FileData": {
              "Type": "Normal",
              "Path": "image/ui/club/btn_close2.png",
              "Plist": ""
            },
            "BlendFunc": {
              "Src": 1,
              "Dst": 771
            },
            "AnchorPoint": {
              "ScaleX": 0.5,
              "ScaleY": 0.5
            },
            "Position": {
              "X": 962.597,
              "Y": 524.4693
            },
            "Scale": {
              "ScaleX": 1.0,
              "ScaleY": 1.0
            },
            "CColor": {},
            "IconVisible": false,
            "PrePosition": {
              "X": 0.752,
              "Y": 0.7284
            },
            "PreSize": {
              "X": 0.05,
              "Y": 0.0889
            },
            "LeftMargin": 930.597,
            "RightMargin": 285.403,
            "TopMargin": 163.5307,
            "BottomMargin": 492.4693,
            "Tag": 227,
            "ActionTag": 691294380,
            "Size": {
              "X": 64.0,
              "Y": 64.0
            },
            "Name": "btn_close",
            "ctype": "SpriteObjectData"
          },
          {
            "FileData": {
              "Type": "Normal",
              "Path": "image/ui/club/input_bg2.png",
              "Plist": ""
            },
            "BlendFunc": {
              "Src": 1,
              "Dst": 771
            },
            "AnchorPoint": {
              "ScaleX": 0.5,
              "ScaleY": 0.5
            },
            "Position": {
              "X": 640.0,
              "Y": 410.7828
            },
            "Scale": {
              "ScaleX": 1.0,
              "ScaleY": 1.0
            },
            "CColor": {},
            "IconVisible": false,
            "PrePosition": {
              "X": 0.5,
              "Y": 0.5705
            },
            "PreSize": {
              "X": 0.3938,
              "Y": 0.0833
            },
            "LeftMargin": 388.0,
            "RightMargin": 388.0,
            "TopMargin": 279.2172,
            "BottomMargin": 380.7828,
            "Tag": 229,
            "ActionTag": 205407101,
            "Size": {
              "X": 504.0,
              "Y": 60.0
            },
            "Name": "Sprite_2",
            "ctype": "SpriteObjectData"
          },
          {
            "FontSize": 30,
            "IsCustomSize": true,
            "LabelText": "",
            "PlaceHolderText": "",
            "MaxLengthEnable": true,
            "MaxLengthText": 18,
            "TouchEnable": true,
            "AnchorPoint": {
              "ScaleX": 0.5,
              "ScaleY": 0.5
            },
            "Position": {
              "X": 640.0,
              "Y": 410.7841
            },
            "Scale": {
              "ScaleX": 1.0,
              "ScaleY": 1.0
            },
            "CColor": {},
            "IconVisible": false,
            "PrePosition": {
              "X": 0.5,
              "Y": 0.5705
            },
            "PreSize": {
              "X": 0.3773,
              "Y": 0.0764
            },
            "LeftMargin": 398.5,
            "RightMargin": 398.5,
            "TopMargin": 281.7159,
            "BottomMargin": 383.2841,
            "CallBackType": "Click",
            "CallBackName": "click",
            "Tag": 228,
            "ActionTag": 1571862685,
            "Size": {
              "X": 483.0,
              "Y": 55.0
            },
            "Name": "input",
            "ctype": "TextFieldObjectData"
          },
          {
            "IsCustomSize": true,
            "FontSize": 32,
            "LabelText": "   请输入要加入的俱乐部ID     请输入要加入的俱乐部ID     请输入要加入的俱乐部ID  ",
            "HorizontalAlignmentType": "HT_Center",
            "VerticalAlignmentType": "VT_Center",
            "OutlineColor": {
              "G": 0,
              "B": 0
            },
            "ShadowColor": {
              "R": 110,
              "G": 110,
              "B": 110
            },
            "ShadowOffsetX": 2.0,
            "ShadowOffsetY": -2.0,
            "AnchorPoint": {
              "ScaleX": 0.5,
              "ScaleY": 0.5
            },
            "Position": {
              "X": 640.0,
              "Y": 328.9392
            },
            "Scale": {
              "ScaleX": 1.0,
              "ScaleY": 1.0
            },
            "CColor": {
              "R": 171,
              "G": 98,
              "B": 58
            },
            "IconVisible": false,
            "PrePosition": {
              "X": 0.5,
              "Y": 0.4569
            },
            "PreSize": {
              "X": 0.4812,
              "Y": 0.1306
            },
            "LeftMargin": 332.0,
            "RightMargin": 332.0,
            "TopMargin": 344.0608,
            "BottomMargin": 281.9392,
            "Tag": 230,
            "ActionTag": -843792222,
            "Size": {
              "X": 616.0,
              "Y": 94.0
            },
            "Name": "lb_content",
            "ctype": "TextObjectData"
          },
          {
            "FileData": {
              "Type": "Normal",
              "Path": "image/ui/club/word_invite.png",
              "Plist": ""
            },
            "BlendFunc": {
              "Src": 1,
              "Dst": 771
            },
            "AnchorPoint": {
              "ScaleX": 0.5,
              "ScaleY": 0.5
            },
            "Position": {
              "X": 652.8282,
              "Y": 809.0391
            },
            "Scale": {
              "ScaleX": 1.0,
              "ScaleY": 1.0
            },
            "CColor": {},
            "IconVisible": false,
            "PrePosition": {
              "X": 0.51,
              "Y": 1.1237
            },
            "PreSize": {
              "X": 0.093,
              "Y": 0.0986
            },
            "LeftMargin": 593.3282,
            "RightMargin": 567.6718,
            "TopMargin": -124.5391,
            "BottomMargin": 773.5391,
            "Tag": 410,
            "ActionTag": 814133199,
            "Size": {
              "X": 119.0,
              "Y": 71.0
            },
            "Name": "word_invite_1",
            "ctype": "SpriteObjectData"
          },
          {
            "FileData": {
              "Type": "Normal",
              "Path": "image/ui/club/btn_qrxg.png",
              "Plist": ""
            },
            "BlendFunc": {
              "Src": 1,
              "Dst": 771
            },
            "AnchorPoint": {
              "ScaleX": 0.5,
              "ScaleY": 0.5
            },
            "Position": {
              "X": 817.7767,
              "Y": 810.2005
            },
            "Scale": {
              "ScaleX": 1.0,
              "ScaleY": 1.0
            },
            "CColor": {},
            "IconVisible": false,
            "PrePosition": {
              "X": 0.6389,
              "Y": 1.1253
            },
            "PreSize": {
              "X": 0.1695,
              "Y": 0.1028
            },
            "LeftMargin": 709.2767,
            "RightMargin": 353.7233,
            "TopMargin": -127.2005,
            "BottomMargin": 773.2005,
            "Tag": 411,
            "ActionTag": -1267074535,
            "Size": {
              "X": 217.0,
              "Y": 74.0
            },
            "Name": "btn_qrxg_2",
            "ctype": "SpriteObjectData"
          },
          {
            "FileData": {
              "Type": "Normal",
              "Path": "image/ui/club/btn_qrxg.png",
              "Plist": ""
            },
            "Scale9OriginX": 71,
            "Scale9OriginY": 24,
            "Scale9Width": 75,
            "Scale9Height": 26,
            "AnchorPoint": {
              "ScaleX": 0.5,
              "ScaleY": 0.5
            },
            "Position": {
              "X": 637.7263,
              "Y": 236.362
            },
            "Scale": {
              "ScaleX": 1.0,
              "ScaleY": 1.0
            },
            "CColor": {},
            "IconVisible": false,
            "PrePosition": {
              "X": 0.4982,
              "Y": 0.3283
            },
            "PreSize": {
              "X": 0.1695,
              "Y": 0.1028
            },
            "LeftMargin": 529.2263,
            "RightMargin": 533.7737,
            "TopMargin": 446.638,
            "BottomMargin": 199.362,
            "Tag": 412,
            "ActionTag": -1079227282,
            "Size": {
              "X": 217.0,
              "Y": 74.0
            },
            "Name": "btn_ok",
            "ctype": "ImageViewObjectData"
          },
          {
            "FileData": {
              "Type": "Normal",
              "Path": "image/ui/club/btn_ok.png",
              "Plist": ""
            },
            "BlendFunc": {
              "Src": 1,
              "Dst": 771
            },
            "AnchorPoint": {
              "ScaleX": 0.5,
              "ScaleY": 0.5
            },
            "Position": {
              "X": 1059.3937,
              "Y": 803.2306
            },
            "Scale": {
              "ScaleX": 1.0,
              "ScaleY": 1.0
            },
            "CColor": {},
            "IconVisible": false,
            "PrePosition": {
              "X": 0.8277,
              "Y": 1.1156
            },
            "PreSize": {
              "X": 0.1758,
              "Y": 0.0931
            },
            "LeftMargin": 946.8937,
            "RightMargin": 108.1063,
            "TopMargin": -116.7306,
            "BottomMargin": 769.7306,
            "Tag": 413,
            "ActionTag": -332236616,
            "Size": {
              "X": 225.0,
              "Y": 67.0
            },
            "Name": "btn_ok_3",
            "ctype": "SpriteObjectData"
          },
          {
            "FileData": {
              "Type": "Normal",
              "Path": "image/ui/club/word_xiaoxi.png",
              "Plist": ""
            },
            "BlendFunc": {
              "Src": 1,
              "Dst": 771
            },
            "AnchorPoint": {
              "ScaleX": 0.5,
              "ScaleY": 0.5
            },
            "Position": {
              "X": 642.3739,
              "Y": 549.9977
            },
            "Scale": {
              "ScaleX": 1.0,
              "ScaleY": 1.0
            },
            "CColor": {},
            "IconVisible": false,
            "PrePosition": {
              "X": 0.5019,
              "Y": 0.7639
            },
            "PreSize": {
              "X": 0.0984,
              "Y": 0.1042
            },
            "LeftMargin": 579.3739,
            "RightMargin": 574.6261,
            "TopMargin": 132.5023,
            "BottomMargin": 512.4977,
            "Tag": 414,
            "ActionTag": -906116924,
            "Size": {
              "X": 126.0,
              "Y": 75.0
            },
            "Name": "img_title",
            "ctype": "SpriteObjectData"
          },
          {
            "FileData": {
              "Type": "Normal",
              "Path": "image/ui/club/word_xgmc.png",
              "Plist": ""
            },
            "BlendFunc": {
              "Src": 1,
              "Dst": 771
            },
            "AnchorPoint": {
              "ScaleX": 0.5,
              "ScaleY": 0.5
            },
            "Position": {
              "X": 476.2625,
              "Y": 802.4829
            },
            "Scale": {
              "ScaleX": 1.0,
              "ScaleY": 1.0
            },
            "CColor": {},
            "IconVisible": false,
            "PrePosition": {
              "X": 0.3721,
              "Y": 1.1146
            },
            "PreSize": {
              "X": 0.1453,
              "Y": 0.1
            },
            "LeftMargin": 383.2625,
            "RightMargin": 710.7375,
            "TopMargin": -118.4829,
            "BottomMargin": 766.4829,
            "Tag": 449,
            "ActionTag": -1026116390,
            "Size": {
              "X": 186.0,
              "Y": 72.0
            },
            "Name": "word_xgmc_20",
            "ctype": "SpriteObjectData"
          }
        ],
        "Size": {
          "X": 1280.0,
          "Y": 720.0
        },
        "Name": "Layer",
        "ctype": "LayerObjectData"
      },
      "UsedResources": [
        "../../image/ui/club/btn_close2.png",
        "../../image/ui/club/btn_ok.png",
        "../../image/ui/club/btn_qrxg.png",
        "../../image/ui/club/input_bg2.png",
        "../../image/ui/club/view_show_bg.png",
        "../../image/ui/club/word_invite.png",
        "../../image/ui/club/word_xgmc.png",
        "../../image/ui/club/word_xiaoxi.png"
      ],
      "ctype": "GameFileData"
    }
  },
  "Type": "Layer"
}