{
  "ID": "bad3132d-5894-47ef-b69a-aa435a0340cd",
  "Version": "2.3.4",
  "Name": "ClubAssistant",
  "Content": {
    "Content": {
      "Animation": {
        "Duration": 0,
        "Speed": 1.0,
        "Timelines": [],
        "ctype": "TimelineActionData"
      },
      "AnimationList": [],
      "ObjectData": {
        "Tag": 241,
        "Children": [
          {
            "FileData": {
              "Type": "Normal",
              "Path": "image/ui/club/assistant/btn_assistant.png",
              "Plist": ""
            },
            "BlendFunc": {
              "Src": 1,
              "Dst": 771
            },
            "AnchorPoint": {
              "ScaleX": 0.5,
              "ScaleY": 0.5
            },
            "Position": {
              "X": 840.2204,
              "Y": 591.9018
            },
            "Scale": {
              "ScaleX": 1.0,
              "ScaleY": 1.0
            },
            "CColor": {},
            "IconVisible": false,
            "PrePosition": {
              "X": 0.6564,
              "Y": 0.8221
            },
            "PreSize": {
              "X": 0.0359,
              "Y": 0.0639
            },
            "LeftMargin": 817.2204,
            "RightMargin": 416.7796,
            "TopMargin": 105.0982,
            "BottomMargin": 568.9018,
            "Tag": 242,
            "Children": [
              {
                "AnchorPoint": {},
                "Position": {
                  "X": 0.0,
                  "Y": 0.0
                },
                "Scale": {
                  "ScaleX": 1.0,
                  "ScaleY": 1.0
                },
                "CColor": {},
                "IconVisible": true,
                "PrePosition": {
                  "X": 0.0,
                  "Y": 0.0
                },
                "PreSize": {
                  "X": 0.0,
                  "Y": 0.0
                },
                "RightMargin": 83.0,
                "TopMargin": 98.0,
                "Tag": 243,
                "Children": [
                  {
                    "FileData": {
                      "Type": "Normal",
                      "Path": "appCommon/fydp/common/transparent/transparent_1280x720.png",
                      "Plist": ""
                    },
                    "Scale9OriginX": 422,
                    "Scale9OriginY": 237,
                    "Scale9Width": 436,
                    "Scale9Height": 246,
                    "AnchorPoint": {
                      "ScaleX": 0.5,
                      "ScaleY": 0.5
                    },
                    "Position": {
                      "X": -160.8447,
                      "Y": -182.7308
                    },
                    "Scale": {
                      "ScaleX": 1.0,
                      "ScaleY": 1.0
                    },
                    "CColor": {},
                    "IconVisible": false,
                    "PrePosition": {
                      "X": 0.0,
                      "Y": 0.0
                    },
                    "PreSize": {
                      "X": 0.0,
                      "Y": 0.0
                    },
                    "LeftMargin": -800.8447,
                    "RightMargin": -479.1553,
                    "TopMargin": -177.2692,
                    "BottomMargin": -542.7308,
                    "Tag": 244,
                    "ActionTag": -1896691004,
                    "Size": {
                      "X": 1280.0,
                      "Y": 720.0
                    },
                    "Name": "bg0",
                    "ctype": "ImageViewObjectData"
                  },
                  {
                    "FileData": {
                      "Type": "Normal",
                      "Path": "image/ui/club/assistant/assistant_bg.png",
                      "Plist": ""
                    },
                    "BlendFunc": {
                      "Src": 1,
                      "Dst": 771
                    },
                    "AnchorPoint": {
                      "ScaleX": 0.5,
                      "ScaleY": 0.5
                    },
                    "Position": {
                      "X": 349.5149,
                      "Y": -154.7687
                    },
                    "Scale": {
                      "ScaleX": 1.0,
                      "ScaleY": 1.0
                    },
                    "CColor": {},
                    "IconVisible": false,
                    "PrePosition": {
                      "X": 0.0,
                      "Y": 0.0
                    },
                    "PreSize": {
                      "X": 0.0,
                      "Y": 0.0
                    },
                    "LeftMargin": 221.0149,
                    "RightMargin": -478.0149,
                    "TopMargin": -85.2313,
                    "BottomMargin": -394.7687,
                    "Tag": 245,
                    "ActionTag": 1337086083,
                    "Size": {
                      "X": 257.0,
                      "Y": 480.0
                    },
                    "Name": "bg1",
                    "ctype": "SpriteObjectData"
                  },
                  {
                    "FontSize": 40,
                    "LabelText": "小助手",
                    "FontResource": {
                      "Type": "Normal",
                      "Path": "image/fonts/FZZY.TTF",
                      "Plist": ""
                    },
                    "HorizontalAlignmentType": "HT_Right",
                    "OutlineColor": {
                      "R": 0,
                      "G": 0,
                      "B": 0
                    },
                    "ShadowColor": {
                      "R": 110,
                      "G": 110,
                      "B": 110
                    },
                    "ShadowOffsetX": 2.0,
                    "ShadowOffsetY": -2.0,
                    "AnchorPoint": {
                      "ScaleX": 1.0,
                      "ScaleY": 0.5
                    },
                    "Position": {
                      "X": 416.8408,
                      "Y": 37.3087
                    },
                    "Scale": {
                      "ScaleX": 1.0,
                      "ScaleY": 1.0
                    },
                    "CColor": {},
                    "IconVisible": false,
                    "PrePosition": {
                      "X": 0.0,
                      "Y": 0.0
                    },
                    "PreSize": {
                      "X": 0.0,
                      "Y": 0.0
                    },
                    "LeftMargin": 294.8408,
                    "RightMargin": -416.8408,
                    "TopMargin": -59.8087,
                    "BottomMargin": 14.8087,
                    "Tag": 246,
                    "ActionTag": -1803433566,
                    "Size": {
                      "X": 122.0,
                      "Y": 45.0
                    },
                    "Name": "score3_0",
                    "ctype": "TextObjectData"
                  },
                  {
                    "FileData": {
                      "Type": "Normal",
                      "Path": "image/ui/club/assistant/btn_inviteOnline.png",
                      "Plist": ""
                    },
                    "BlendFunc": {
                      "Src": 1,
                      "Dst": 771
                    },
                    "AnchorPoint": {
                      "ScaleX": 0.5,
                      "ScaleY": 0.5
                    },
                    "Position": {
                      "X": 354.7369,
                      "Y": -70.4013
                    },
                    "Scale": {
                      "ScaleX": 1.0,
                      "ScaleY": 1.0
                    },
                    "CColor": {},
                    "IconVisible": false,
                    "PrePosition": {
                      "X": 0.0,
                      "Y": 0.0
                    },
                    "PreSize": {
                      "X": 0.0,
                      "Y": 0.0
                    },
                    "LeftMargin": 305.7369,
                    "RightMargin": -403.7369,
                    "TopMargin": 21.4013,
                    "BottomMargin": -119.4013,
                    "Tag": 247,
                    "ActionTag": -1217055560,
                    "Size": {
                      "X": 98.0,
                      "Y": 98.0
                    },
                    "Name": "btn_inviteOnline",
                    "ctype": "SpriteObjectData"
                  },
                  {
                    "FontSize": 30,
                    "LabelText": "邀请在线玩家",
                    "FontResource": {
                      "Type": "Normal",
                      "Path": "image/fonts/FZZY.TTF",
                      "Plist": ""
                    },
                    "HorizontalAlignmentType": "HT_Center",
                    "VerticalAlignmentType": "VT_Center",
                    "OutlineColor": {
                      "R": 0,
                      "G": 0,
                      "B": 0
                    },
                    "ShadowColor": {
                      "R": 110,
                      "G": 110,
                      "B": 110
                    },
                    "ShadowOffsetX": 2.0,
                    "ShadowOffsetY": -2.0,
                    "AnchorPoint": {
                      "ScaleX": 1.0,
                      "ScaleY": 0.5
                    },
                    "Position": {
                      "X": 447.3409,
                      "Y": -145.9822
                    },
                    "Scale": {
                      "ScaleX": 1.0,
                      "ScaleY": 1.0
                    },
                    "CColor": {},
                    "IconVisible": false,
                    "PrePosition": {
                      "X": 0.0,
                      "Y": 0.0
                    },
                    "PreSize": {
                      "X": 0.0,
                      "Y": 0.0
                    },
                    "LeftMargin": 264.3409,
                    "RightMargin": -447.3409,
                    "TopMargin": 128.9822,
                    "BottomMargin": -162.9822,
                    "Tag": 248,
                    "ActionTag": 224801280,
                    "Size": {
                      "X": 183.0,
                      "Y": 34.0
                    },
                    "Name": "score3_0_0",
                    "ctype": "TextObjectData"
                  },
                  {
                    "FileData": {
                      "Type": "Normal",
                      "Path": "image/ui/club/assistant/btn_showHall.png",
                      "Plist": ""
                    },
                    "BlendFunc": {
                      "Src": 1,
                      "Dst": 771
                    },
                    "AnchorPoint": {
                      "ScaleX": 0.5,
                      "ScaleY": 0.5
                    },
                    "Position": {
                      "X": 356.2708,
                      "Y": -247.4616
                    },
                    "Scale": {
                      "ScaleX": 1.0,
                      "ScaleY": 1.0
                    },
                    "CColor": {},
                    "IconVisible": false,
                    "PrePosition": {
                      "X": 0.0,
                      "Y": 0.0
                    },
                    "PreSize": {
                      "X": 0.0,
                      "Y": 0.0
                    },
                    "LeftMargin": 307.2708,
                    "RightMargin": -405.2708,
                    "TopMargin": 198.4616,
                    "BottomMargin": -296.4616,
                    "Tag": 249,
                    "ActionTag": 477917540,
                    "Size": {
                      "X": 98.0,
                      "Y": 98.0
                    },
                    "Name": "btn_showHall",
                    "ctype": "SpriteObjectData"
                  },
                  {
                    "FontSize": 30,
                    "LabelText": "显示大厅",
                    "FontResource": {
                      "Type": "Normal",
                      "Path": "image/fonts/FZZY.TTF",
                      "Plist": ""
                    },
                    "HorizontalAlignmentType": "HT_Center",
                    "VerticalAlignmentType": "VT_Center",
                    "OutlineColor": {
                      "R": 0,
                      "G": 0,
                      "B": 0
                    },
                    "ShadowColor": {
                      "R": 110,
                      "G": 110,
                      "B": 110
                    },
                    "ShadowOffsetX": 2.0,
                    "ShadowOffsetY": -2.0,
                    "AnchorPoint": {
                      "ScaleX": 1.0,
                      "ScaleY": 0.5
                    },
                    "Position": {
                      "X": 417.3409,
                      "Y": -325.2581
                    },
                    "Scale": {
                      "ScaleX": 1.0,
                      "ScaleY": 1.0
                    },
                    "CColor": {},
                    "IconVisible": false,
                    "PrePosition": {
                      "X": 0.0,
                      "Y": 0.0
                    },
                    "PreSize": {
                      "X": 0.0,
                      "Y": 0.0
                    },
                    "LeftMargin": 294.3409,
                    "RightMargin": -417.3409,
                    "TopMargin": 308.2581,
                    "BottomMargin": -342.2581,
                    "Tag": 250,
                    "ActionTag": -806022657,
                    "Size": {
                      "X": 123.0,
                      "Y": 34.0
                    },
                    "Name": "score3_0_0_0",
                    "ctype": "TextObjectData"
                  }
                ],
                "ActionTag": -1464257272,
                "Size": {
                  "X": 0.0,
                  "Y": 0.0
                },
                "VisibleForFrame": false,
                "Name": "node",
                "ctype": "SingleNodeObjectData"
              }
            ],
            "ActionTag": 725426356,
            "Size": {
              "X": 83.0,
              "Y": 98.0
            },
            "Name": "btn_assistant",
            "ctype": "SpriteObjectData"
          }
        ],
        "Size": {
          "X": 1280.0,
          "Y": 720.0
        },
        "Name": "Layer",
        "ctype": "LayerObjectData"
      },
      "UsedResources": [
        "../../appCommon/fydp/common/transparent/transparent_1280x720.png",
        "../../image/fonts/FZZY.TTF",
        "../../image/ui/club/assistant/assistant_bg.png",
        "../../image/ui/club/assistant/btn_assistant.png",
        "../../image/ui/club/assistant/btn_inviteOnline.png",
        "../../image/ui/club/assistant/btn_showHall.png"
      ],
      "ctype": "GameFileData"
    }
  },
  "Type": "Layer"
}