{
  "ID": "f6dfd7ca-4ef2-4d44-a7d3-4d637502eaf1",
  "Version": "2.3.4",
  "Name": "ClubMemberInviteItem",
  "Content": {
    "Content": {
      "Animation": {
        "Duration": 0,
        "Speed": 1.0,
        "Timelines": [],
        "ctype": "TimelineActionData"
      },
      "AnimationList": [],
      "ObjectData": {
        "Tag": 316,
        "Children": [
          {
            "FontSize": 27,
            "LabelText": "000",
            "FontResource": {
              "Type": "Normal",
              "Path": "image/fonts/FZZY.TTF",
              "Plist": ""
            },
            "HorizontalAlignmentType": "HT_Center",
            "VerticalAlignmentType": "VT_Center",
            "OutlineColor": {
              "G": 0,
              "B": 0
            },
            "ShadowColor": {
              "R": 110,
              "G": 110,
              "B": 110
            },
            "ShadowOffsetX": 2.0,
            "ShadowOffsetY": -2.0,
            "AnchorPoint": {
              "ScaleY": 0.5
            },
            "Position": {
              "X": 17.809,
              "Y": 31.2124
            },
            "Scale": {
              "ScaleX": 1.0,
              "ScaleY": 1.0
            },
            "CColor": {
              "R": 85,
              "G": 117,
              "B": 142
            },
            "IconVisible": false,
            "PrePosition": {
              "X": 0.0283,
              "Y": 0.459
            },
            "PreSize": {
              "X": 0.0714,
              "Y": 0.4559
            },
            "LeftMargin": 17.809,
            "RightMargin": 567.191,
            "TopMargin": 21.2876,
            "BottomMargin": 15.7124,
            "Tag": 5855,
            "ActionTag": -1113308175,
            "Size": {
              "X": 45.0,
              "Y": 31.0
            },
            "Name": "lb_num",
            "ctype": "TextObjectData"
          },
          {
            "FontSize": 27,
            "LabelText": "俱乐部名称 0 0 ",
            "FontResource": {
              "Type": "Normal",
              "Path": "image/fonts/FZZY.TTF",
              "Plist": ""
            },
            "OutlineColor": {
              "G": 0,
              "B": 0
            },
            "ShadowColor": {
              "R": 110,
              "G": 110,
              "B": 110
            },
            "ShadowOffsetX": 2.0,
            "ShadowOffsetY": -2.0,
            "AnchorPoint": {
              "ScaleY": 0.5
            },
            "Position": {
              "X": 144.1229,
              "Y": 34.232
            },
            "Scale": {
              "ScaleX": 1.0,
              "ScaleY": 1.0
            },
            "CColor": {
              "R": 0,
              "G": 167,
              "B": 47
            },
            "IconVisible": false,
            "PrePosition": {
              "X": 0.2288,
              "Y": 0.5034
            },
            "PreSize": {
              "X": 0.2857,
              "Y": 0.4559
            },
            "LeftMargin": 144.1229,
            "RightMargin": 305.8771,
            "TopMargin": 18.268,
            "BottomMargin": 18.732,
            "Tag": 292,
            "ActionTag": -853260113,
            "Size": {
              "X": 180.0,
              "Y": 31.0
            },
            "Name": "lb_name",
            "ctype": "TextObjectData"
          },
          {
            "FontSize": 27,
            "LabelText": "id:888888",
            "HorizontalAlignmentType": "HT_Center",
            "VerticalAlignmentType": "VT_Center",
            "OutlineColor": {
              "G": 0,
              "B": 0
            },
            "ShadowColor": {
              "R": 110,
              "G": 110,
              "B": 110
            },
            "ShadowOffsetX": 2.0,
            "ShadowOffsetY": -2.0,
            "AnchorPoint": {
              "ScaleX": 0.5,
              "ScaleY": 0.5
            },
            "Position": {
              "X": 442.0984,
              "Y": 33.4015
            },
            "Scale": {
              "ScaleX": 1.0,
              "ScaleY": 1.0
            },
            "CColor": {
              "R": 85,
              "G": 117,
              "B": 142
            },
            "IconVisible": false,
            "PrePosition": {
              "X": 0.7017,
              "Y": 0.4912
            },
            "PreSize": {
              "X": 0.1889,
              "Y": 0.4559
            },
            "LeftMargin": 382.5984,
            "RightMargin": 128.4016,
            "TopMargin": 19.0985,
            "BottomMargin": 17.9015,
            "Tag": 291,
            "ActionTag": 1011395934,
            "Size": {
              "X": 119.0,
              "Y": 31.0
            },
            "Name": "lb_states",
            "ctype": "TextObjectData"
          },
          {
            "FileData": {
              "Type": "Normal",
              "Path": "image/ui/club/btn_invite3.png",
              "Plist": ""
            },
            "BlendFunc": {
              "Src": 1,
              "Dst": 771
            },
            "AnchorPoint": {
              "ScaleX": 0.5,
              "ScaleY": 0.5
            },
            "Position": {
              "X": 445.5577,
              "Y": 32.7397
            },
            "Scale": {
              "ScaleX": 1.0,
              "ScaleY": 1.0
            },
            "CColor": {},
            "IconVisible": false,
            "PrePosition": {
              "X": 0.7072,
              "Y": 0.4815
            },
            "PreSize": {
              "X": 0.246,
              "Y": 0.7941
            },
            "LeftMargin": 368.0577,
            "RightMargin": 106.9423,
            "TopMargin": 8.2603,
            "BottomMargin": 5.7397,
            "Tag": 293,
            "ActionTag": -84240156,
            "Size": {
              "X": 155.0,
              "Y": 54.0
            },
            "Name": "btn_invite",
            "ctype": "SpriteObjectData"
          },
          {
            "FileData": {
              "Type": "Normal",
              "Path": "image/ui/club/defaultHead.jpg",
              "Plist": ""
            },
            "BlendFunc": {
              "Src": 770,
              "Dst": 771
            },
            "AnchorPoint": {
              "ScaleX": 0.5,
              "ScaleY": 0.5
            },
            "Position": {
              "X": 97.3416,
              "Y": 34.7179
            },
            "Scale": {
              "ScaleX": 0.49,
              "ScaleY": 0.49
            },
            "CColor": {},
            "IconVisible": false,
            "PrePosition": {
              "X": 0.1545,
              "Y": 0.5106
            },
            "PreSize": {
              "X": 0.2095,
              "Y": 1.9412
            },
            "LeftMargin": 31.3416,
            "RightMargin": 466.6584,
            "TopMargin": -32.7179,
            "BottomMargin": -31.2821,
            "Tag": 344,
            "ActionTag": 997493939,
            "Size": {
              "X": 132.0,
              "Y": 132.0
            },
            "VisibleForFrame": false,
            "Name": "head",
            "ctype": "SpriteObjectData"
          }
        ],
        "Size": {
          "X": 630.0,
          "Y": 68.0
        },
        "Name": "Layer",
        "ctype": "LayerObjectData"
      },
      "UsedResources": [
        "../../image/fonts/FZZY.TTF",
        "../../image/ui/club/btn_invite3.png",
        "../../image/ui/club/defaultHead.jpg"
      ],
      "ctype": "GameFileData"
    }
  },
  "Type": "Layer"
}