{
  "ID": "115a5e2d-618e-4ca5-97d5-3c62f886bbc0",
  "Version": "2.3.4",
  "Name": "ClubMemberInviteLayer",
  "Content": {
    "Content": {
      "Animation": {
        "Duration": 0,
        "Speed": 1.0,
        "Timelines": [],
        "ctype": "TimelineActionData"
      },
      "AnimationList": [],
      "ObjectData": {
        "Tag": 197,
        "Children": [
          {
            "ClipAble": false,
            "BackColorAlpha": 127,
            "ComboBoxIndex": 1,
            "SingleColor": {
              "R": 0,
              "G": 0,
              "B": 0
            },
            "FirstColor": {
              "R": 150,
              "G": 200
            },
            "EndColor": {},
            "ColorVector": {
              "ScaleY": 1.0
            },
            "Scale9Width": 1,
            "Scale9Height": 1,
            "TouchEnable": true,
            "AnchorPoint": {},
            "Position": {
              "X": 0.0,
              "Y": 0.0
            },
            "Scale": {
              "ScaleX": 1.0,
              "ScaleY": 1.0
            },
            "CColor": {},
            "IconVisible": false,
            "PrePosition": {
              "X": 0.0,
              "Y": 0.0
            },
            "PreSize": {
              "X": 1.0,
              "Y": 1.0
            },
            "Tag": 233,
            "ActionTag": 680691165,
            "Size": {
              "X": 1280.0,
              "Y": 720.0
            },
            "Name": "black",
            "ctype": "PanelObjectData"
          },
          {
            "FileData": {
              "Type": "Normal",
              "Path": "image/ui/club/member_invateBg.png",
              "Plist": ""
            },
            "BlendFunc": {
              "Src": 1,
              "Dst": 771
            },
            "AnchorPoint": {
              "ScaleX": 0.5,
              "ScaleY": 0.5
            },
            "Position": {
              "X": 640.0,
              "Y": 377.4361
            },
            "Scale": {
              "ScaleX": 1.0,
              "ScaleY": 1.0
            },
            "CColor": {},
            "IconVisible": false,
            "PositionPercentXEnabled": true,
            "PrePosition": {
              "X": 0.5,
              "Y": 0.5242
            },
            "PreSize": {
              "X": 0.5328,
              "Y": 0.8028
            },
            "LeftMargin": 299.0,
            "RightMargin": 299.0,
            "TopMargin": 53.5639,
            "BottomMargin": 88.4361,
            "Tag": 438,
            "ActionTag": 1809220305,
            "Size": {
              "X": 682.0,
              "Y": 578.0
            },
            "Name": "view_show_bg_2",
            "ctype": "SpriteObjectData"
          },
          {
            "FileData": {
              "Type": "Normal",
              "Path": "image/ui/club/title_club_member.png",
              "Plist": ""
            },
            "BlendFunc": {
              "Src": 1,
              "Dst": 771
            },
            "AnchorPoint": {
              "ScaleX": 0.5,
              "ScaleY": 0.5
            },
            "Position": {
              "X": 641.2129,
              "Y": 617.9695
            },
            "Scale": {
              "ScaleX": 1.0,
              "ScaleY": 1.0
            },
            "CColor": {},
            "IconVisible": false,
            "PrePosition": {
              "X": 0.5009,
              "Y": 0.8583
            },
            "PreSize": {
              "X": 0.1734,
              "Y": 0.0986
            },
            "LeftMargin": 530.2129,
            "RightMargin": 527.7871,
            "TopMargin": 66.5305,
            "BottomMargin": 582.4695,
            "Tag": 440,
            "ActionTag": 974683198,
            "Size": {
              "X": 222.0,
              "Y": 71.0
            },
            "Name": "word_gonggao_3",
            "ctype": "SpriteObjectData"
          },
          {
            "ClipAble": false,
            "BackColorAlpha": 0,
            "ComboBoxIndex": 1,
            "SingleColor": {
              "R": 150,
              "G": 200
            },
            "FirstColor": {
              "R": 150,
              "G": 200
            },
            "EndColor": {},
            "ColorVector": {
              "ScaleY": 1.0
            },
            "Scale9Width": 1,
            "Scale9Height": 1,
            "TouchEnable": true,
            "AnchorPoint": {},
            "Position": {
              "X": 323.6785,
              "Y": 124.8416
            },
            "Scale": {
              "ScaleX": 1.0,
              "ScaleY": 1.0
            },
            "CColor": {},
            "IconVisible": false,
            "PrePosition": {
              "X": 0.2529,
              "Y": 0.1734
            },
            "PreSize": {
              "X": 0.4922,
              "Y": 0.5556
            },
            "LeftMargin": 323.6785,
            "RightMargin": 326.3215,
            "TopMargin": 195.1584,
            "BottomMargin": 124.8416,
            "Tag": 211,
            "ActionTag": 2089035365,
            "Size": {
              "X": 630.0,
              "Y": 400.0
            },
            "Name": "Panel_3",
            "ctype": "PanelObjectData"
          },
          {
            "FileData": {
              "Type": "Normal",
              "Path": "image/ui/club/btn_close2.png",
              "Plist": ""
            },
            "BlendFunc": {
              "Src": 1,
              "Dst": 771
            },
            "AnchorPoint": {
              "ScaleX": 0.5,
              "ScaleY": 0.5
            },
            "Position": {
              "X": 962.3942,
              "Y": 604.4008
            },
            "Scale": {
              "ScaleX": 1.0,
              "ScaleY": 1.0
            },
            "CColor": {},
            "IconVisible": false,
            "PrePosition": {
              "X": 0.7519,
              "Y": 0.8394
            },
            "PreSize": {
              "X": 0.05,
              "Y": 0.0889
            },
            "LeftMargin": 930.3942,
            "RightMargin": 285.6058,
            "TopMargin": 83.5992,
            "BottomMargin": 572.4008,
            "Tag": 439,
            "ActionTag": -1266171990,
            "Size": {
              "X": 64.0,
              "Y": 64.0
            },
            "Name": "btn_back",
            "ctype": "SpriteObjectData"
          },
          {
            "CheckedState": true,
            "NormalBackFileData": {
              "Type": "Normal",
              "Path": "image/ui/club/selet_bg.png",
              "Plist": ""
            },
            "PressedBackFileData": {
              "Type": "Normal",
              "Path": "image/ui/club/selet_bg.png",
              "Plist": ""
            },
            "DisableBackFileData": {
              "Type": "Normal",
              "Path": "image/ui/club/selet_bg.png",
              "Plist": ""
            },
            "NodeNormalFileData": {
              "Type": "Normal",
              "Path": "image/ui/club/set_selelt.png",
              "Plist": ""
            },
            "NodeDisableFileData": {
              "Type": "Normal",
              "Path": "image/ui/club/set_selelt.png",
              "Plist": ""
            },
            "TouchEnable": true,
            "AnchorPoint": {
              "ScaleX": 0.5,
              "ScaleY": 0.5
            },
            "Position": {
              "X": 543.5243,
              "Y": 551.9444
            },
            "Scale": {
              "ScaleX": 1.0,
              "ScaleY": 1.0
            },
            "CColor": {},
            "IconVisible": false,
            "PrePosition": {
              "X": 0.4246,
              "Y": 0.7666
            },
            "PreSize": {
              "X": 0.0305,
              "Y": 0.0542
            },
            "LeftMargin": 524.0243,
            "RightMargin": 716.9757,
            "TopMargin": 148.5556,
            "BottomMargin": 532.4444,
            "Tag": 212,
            "ActionTag": 450033369,
            "Size": {
              "X": 39.0,
              "Y": 39.0
            },
            "Name": "showOffLine",
            "ctype": "CheckBoxObjectData"
          },
          {
            "FontSize": 27,
            "LabelText": "屏蔽离线玩家",
            "FontResource": {
              "Type": "Normal",
              "Path": "image/fonts/FZZY.TTF",
              "Plist": ""
            },
            "OutlineColor": {
              "G": 0,
              "B": 0
            },
            "ShadowColor": {
              "R": 110,
              "G": 110,
              "B": 110
            },
            "ShadowOffsetX": 2.0,
            "ShadowOffsetY": -2.0,
            "AnchorPoint": {
              "ScaleX": 0.5,
              "ScaleY": 0.5
            },
            "Position": {
              "X": 662.3236,
              "Y": 551.3814
            },
            "Scale": {
              "ScaleX": 1.0,
              "ScaleY": 1.0
            },
            "CColor": {
              "R": 215,
              "G": 128,
              "B": 26
            },
            "IconVisible": false,
            "PrePosition": {
              "X": 0.5174,
              "Y": 0.7658
            },
            "PreSize": {
              "X": 0.1289,
              "Y": 0.0431
            },
            "LeftMargin": 579.8236,
            "RightMargin": 535.1764,
            "TopMargin": 153.1186,
            "BottomMargin": 535.8814,
            "Tag": 213,
            "ActionTag": -1800152279,
            "Size": {
              "X": 165.0,
              "Y": 31.0
            },
            "Name": "Text_6",
            "ctype": "TextObjectData"
          }
        ],
        "Size": {
          "X": 1280.0,
          "Y": 720.0
        },
        "Name": "Layer",
        "ctype": "LayerObjectData"
      },
      "UsedResources": [
        "../../image/fonts/FZZY.TTF",
        "../../image/ui/club/btn_close2.png",
        "../../image/ui/club/member_invateBg.png",
        "../../image/ui/club/selet_bg.png",
        "../../image/ui/club/set_selelt.png",
        "../../image/ui/club/title_club_member.png"
      ],
      "ctype": "GameFileData"
    }
  },
  "Type": "Layer"
}