{
  "ID": "ee276179-3fde-4923-8836-edb2fd9deedd",
  "Version": "2.3.4",
  "Name": "ClubSelectGameLayer",
  "Content": {
    "Content": {
      "Animation": {
        "Duration": 0,
        "Speed": 1.0,
        "Timelines": [],
        "ctype": "TimelineActionData"
      },
      "AnimationList": [],
      "ObjectData": {
        "Tag": 1430,
        "Children": [
          {
            "ClipAble": false,
            "BackColorAlpha": 127,
            "ComboBoxIndex": 1,
            "SingleColor": {
              "R": 0,
              "G": 0,
              "B": 0
            },
            "FirstColor": {
              "R": 150,
              "G": 200
            },
            "EndColor": {},
            "ColorVector": {
              "ScaleY": 1.0
            },
            "Scale9Width": 1,
            "Scale9Height": 1,
            "TouchEnable": true,
            "AnchorPoint": {},
            "Position": {
              "X": 0.0,
              "Y": 0.0
            },
            "Scale": {
              "ScaleX": 1.0,
              "ScaleY": 1.0
            },
            "CColor": {},
            "IconVisible": false,
            "PrePosition": {
              "X": 0.0,
              "Y": 0.0
            },
            "PreSize": {
              "X": 1.0,
              "Y": 1.0
            },
            "Tag": 1435,
            "Children": [
              {
                "FileData": {
                  "Type": "Normal",
                  "Path": "appCommon/fydp/common/transparent/transparent_1280x720.png",
                  "Plist": ""
                },
                "BlendFunc": {
                  "Src": 1,
                  "Dst": 771
                },
                "AnchorPoint": {
                  "ScaleX": 0.5,
                  "ScaleY": 0.5
                },
                "Position": {
                  "X": 640.0,
                  "Y": 360.0
                },
                "Scale": {
                  "ScaleX": 1.0,
                  "ScaleY": 1.0
                },
                "CColor": {},
                "IconVisible": false,
                "PositionPercentXEnabled": true,
                "PositionPercentYEnabled": true,
                "PrePosition": {
                  "X": 0.5,
                  "Y": 0.5
                },
                "PreSize": {
                  "X": 1.0,
                  "Y": 1.0
                },
                "Tag": 1725,
                "ActionTag": -790957852,
                "Size": {
                  "X": 1280.0,
                  "Y": 720.0
                },
                "Name": "close",
                "ctype": "SpriteObjectData"
              },
              {
                "FileData": {
                  "Type": "Normal",
                  "Path": "image/ui/club/club_wanfahuzi.png",
                  "Plist": ""
                },
                "BlendFunc": {
                  "Src": 1,
                  "Dst": 771
                },
                "AnchorPoint": {
                  "ScaleX": 0.5,
                  "ScaleY": 0.5
                },
                "Position": {
                  "X": 160.5863,
                  "Y": 360.0
                },
                "Scale": {
                  "ScaleX": 1.0,
                  "ScaleY": 1.0
                },
                "CColor": {},
                "IconVisible": false,
                "PositionPercentYEnabled": true,
                "PrePosition": {
                  "X": 0.1255,
                  "Y": 0.5
                },
                "PreSize": {
                  "X": 0.1758,
                  "Y": 0.6736
                },
                "LeftMargin": 48.0863,
                "RightMargin": 1006.9137,
                "TopMargin": 117.5,
                "BottomMargin": 117.5,
                "Tag": 1606,
                "ActionTag": -65159219,
                "Size": {
                  "X": 225.0,
                  "Y": 485.0
                },
                "VisibleForFrame": false,
                "Name": "club_wanfahuzi",
                "ctype": "SpriteObjectData"
              },
              {
                "FileData": {
                  "Type": "Normal",
                  "Path": "image/ui/club/club_wanfamajiang.png",
                  "Plist": ""
                },
                "BlendFunc": {
                  "Src": 1,
                  "Dst": 771
                },
                "AnchorPoint": {
                  "ScaleX": 0.5,
                  "ScaleY": 0.5
                },
                "Position": {
                  "X": 402.94,
                  "Y": 360.0
                },
                "Scale": {
                  "ScaleX": 1.0,
                  "ScaleY": 1.0
                },
                "CColor": {},
                "IconVisible": false,
                "PositionPercentYEnabled": true,
                "PrePosition": {
                  "X": 0.3148,
                  "Y": 0.5
                },
                "PreSize": {
                  "X": 0.1758,
                  "Y": 0.6736
                },
                "LeftMargin": 290.44,
                "RightMargin": 764.56,
                "TopMargin": 117.5,
                "BottomMargin": 117.5,
                "Tag": 1607,
                "ActionTag": 1137615097,
                "Size": {
                  "X": 225.0,
                  "Y": 485.0
                },
                "VisibleForFrame": false,
                "Name": "club_wanfamajiang",
                "ctype": "SpriteObjectData"
              },
              {
                "FileData": {
                  "Type": "Normal",
                  "Path": "image/ui/club/club_wanfaniuniu.png",
                  "Plist": ""
                },
                "BlendFunc": {
                  "Src": 1,
                  "Dst": 771
                },
                "AnchorPoint": {
                  "ScaleX": 0.5,
                  "ScaleY": 0.5
                },
                "Position": {
                  "X": 645.2936,
                  "Y": 360.0
                },
                "Scale": {
                  "ScaleX": 1.0,
                  "ScaleY": 1.0
                },
                "CColor": {},
                "IconVisible": false,
                "PositionPercentYEnabled": true,
                "PrePosition": {
                  "X": 0.5041,
                  "Y": 0.5
                },
                "PreSize": {
                  "X": 0.1758,
                  "Y": 0.6736
                },
                "LeftMargin": 532.7936,
                "RightMargin": 522.2064,
                "TopMargin": 117.5,
                "BottomMargin": 117.5,
                "Tag": 1608,
                "ActionTag": 1343983570,
                "Size": {
                  "X": 225.0,
                  "Y": 485.0
                },
                "VisibleForFrame": false,
                "Name": "club_wanfaniuniu",
                "ctype": "SpriteObjectData"
              },
              {
                "FileData": {
                  "Type": "Normal",
                  "Path": "image/ui/club/club_wanfapdk.png",
                  "Plist": ""
                },
                "BlendFunc": {
                  "Src": 1,
                  "Dst": 771
                },
                "AnchorPoint": {
                  "ScaleX": 0.5,
                  "ScaleY": 0.5
                },
                "Position": {
                  "X": 887.6475,
                  "Y": 360.0
                },
                "Scale": {
                  "ScaleX": 1.0,
                  "ScaleY": 1.0
                },
                "CColor": {},
                "IconVisible": false,
                "PositionPercentYEnabled": true,
                "PrePosition": {
                  "X": 0.6935,
                  "Y": 0.5
                },
                "PreSize": {
                  "X": 0.1758,
                  "Y": 0.6736
                },
                "LeftMargin": 775.1475,
                "RightMargin": 279.8525,
                "TopMargin": 117.5,
                "BottomMargin": 117.5,
                "Tag": 1609,
                "ActionTag": -2110657096,
                "Size": {
                  "X": 225.0,
                  "Y": 485.0
                },
                "VisibleForFrame": false,
                "Name": "club_wanfapdk",
                "ctype": "SpriteObjectData"
              },
              {
                "FileData": {
                  "Type": "Normal",
                  "Path": "image/ui/club/club_wanfapsz.png",
                  "Plist": ""
                },
                "BlendFunc": {
                  "Src": 1,
                  "Dst": 771
                },
                "AnchorPoint": {
                  "ScaleX": 0.5,
                  "ScaleY": 0.5
                },
                "Position": {
                  "X": 1130.0009,
                  "Y": 360.0
                },
                "Scale": {
                  "ScaleX": 1.0,
                  "ScaleY": 1.0
                },
                "CColor": {},
                "IconVisible": false,
                "PositionPercentYEnabled": true,
                "PrePosition": {
                  "X": 0.8828,
                  "Y": 0.5
                },
                "PreSize": {
                  "X": 0.1758,
                  "Y": 0.6736
                },
                "LeftMargin": 1017.5009,
                "RightMargin": 37.4991,
                "TopMargin": 117.5,
                "BottomMargin": 117.5,
                "Tag": 1610,
                "ActionTag": -1836333009,
                "Size": {
                  "X": 225.0,
                  "Y": 485.0
                },
                "VisibleForFrame": false,
                "Name": "club_wanfapsz",
                "ctype": "SpriteObjectData"
              },
              {
                "FileData": {
                  "Type": "Normal",
                  "Path": "image/ui/club/club_wanfacp.png",
                  "Plist": ""
                },
                "BlendFunc": {
                  "Src": 1,
                  "Dst": 771
                },
                "AnchorPoint": {
                  "ScaleX": 0.5,
                  "ScaleY": 0.5
                },
                "Position": {
                  "X": 1447.6814,
                  "Y": 360.0
                },
                "Scale": {
                  "ScaleX": 1.0,
                  "ScaleY": 1.0
                },
                "CColor": {},
                "IconVisible": false,
                "PositionPercentYEnabled": true,
                "PrePosition": {
                  "X": 1.131,
                  "Y": 0.5
                },
                "PreSize": {
                  "X": 0.1641,
                  "Y": 0.6611
                },
                "LeftMargin": 1342.6814,
                "RightMargin": -272.6814,
                "TopMargin": 122.0,
                "BottomMargin": 122.0,
                "Tag": 184,
                "ActionTag": 695661149,
                "Size": {
                  "X": 210.0,
                  "Y": 476.0
                },
                "VisibleForFrame": false,
                "Name": "club_wanfakaokao",
                "ctype": "SpriteObjectData"
              },
              {
                "FileData": {
                  "Type": "Normal",
                  "Path": "image/ui/club/club_wanfaerpizi.png",
                  "Plist": ""
                },
                "BlendFunc": {
                  "Src": 1,
                  "Dst": 771
                },
                "AnchorPoint": {
                  "ScaleX": 0.5,
                  "ScaleY": 0.5
                },
                "Position": {
                  "X": 1860.3582,
                  "Y": 359.9999
                },
                "Scale": {
                  "ScaleX": 1.0,
                  "ScaleY": 1.0
                },
                "CColor": {},
                "IconVisible": false,
                "PrePosition": {
                  "X": 1.4534,
                  "Y": 0.5
                },
                "PreSize": {
                  "X": 0.1648,
                  "Y": 0.6611
                },
                "LeftMargin": 1754.8582,
                "RightMargin": -685.8582,
                "TopMargin": 122.0001,
                "BottomMargin": 121.9999,
                "Tag": 2013,
                "ActionTag": 1592530380,
                "Size": {
                  "X": 211.0,
                  "Y": 476.0
                },
                "VisibleForFrame": false,
                "Name": "club_wanfaepz",
                "ctype": "SpriteObjectData"
              }
            ],
            "ActionTag": 95302927,
            "Size": {
              "X": 1280.0,
              "Y": 720.0
            },
            "Name": "root",
            "ctype": "PanelObjectData"
          }
        ],
        "Size": {
          "X": 1280.0,
          "Y": 720.0
        },
        "Name": "Layer",
        "ctype": "LayerObjectData"
      },
      "UsedResources": [
        "../../appCommon/fydp/common/transparent/transparent_1280x720.png",
        "../../image/ui/club/club_wanfacp.png",
        "../../image/ui/club/club_wanfaerpizi.png",
        "../../image/ui/club/club_wanfahuzi.png",
        "../../image/ui/club/club_wanfamajiang.png",
        "../../image/ui/club/club_wanfaniuniu.png",
        "../../image/ui/club/club_wanfapdk.png",
        "../../image/ui/club/club_wanfapsz.png"
      ],
      "ctype": "GameFileData"
    }
  },
  "Type": "Layer"
}