{
  "ID": "47d7ef82-017d-4ecd-a42f-9471039689c4",
  "Version": "2.3.4",
  "Name": "ClubInviteLayer",
  "Content": {
    "Content": {
      "Animation": {
        "Duration": 0,
        "Speed": 1.0,
        "Timelines": [],
        "ctype": "TimelineActionData"
      },
      "AnimationList": [],
      "ObjectData": {
        "Tag": 208,
        "Children": [
          {
            "ClipAble": false,
            "BackColorAlpha": 182,
            "ComboBoxIndex": 1,
            "SingleColor": {
              "R": 0,
              "G": 0,
              "B": 0
            },
            "FirstColor": {
              "R": 150,
              "G": 200
            },
            "EndColor": {},
            "ColorVector": {
              "ScaleY": 1.0
            },
            "Scale9Width": 1,
            "Scale9Height": 1,
            "AnchorPoint": {},
            "Position": {
              "X": 0.0,
              "Y": 0.0
            },
            "Scale": {
              "ScaleX": 1.0,
              "ScaleY": 1.0
            },
            "CColor": {},
            "IconVisible": false,
            "PrePosition": {
              "X": 0.0,
              "Y": 0.0
            },
            "PreSize": {
              "X": 1.0,
              "Y": 1.0
            },
            "Tag": 214,
            "ActionTag": -2132867618,
            "Size": {
              "X": 1280.0,
              "Y": 720.0
            },
            "Name": "root",
            "ctype": "PanelObjectData"
          },
          {
            "FileData": {
              "Type": "Normal",
              "Path": "image/ui/club/view_show_bg.png",
              "Plist": ""
            },
            "BlendFunc": {
              "Src": 1,
              "Dst": 771
            },
            "AnchorPoint": {
              "ScaleX": 0.5,
              "ScaleY": 0.5
            },
            "Position": {
              "X": 640.0,
              "Y": 377.4361
            },
            "Scale": {
              "ScaleX": 1.0,
              "ScaleY": 1.0
            },
            "CColor": {},
            "IconVisible": false,
            "PositionPercentXEnabled": true,
            "PrePosition": {
              "X": 0.5,
              "Y": 0.5242
            },
            "PreSize": {
              "X": 0.5328,
              "Y": 0.6111
            },
            "LeftMargin": 299.0,
            "RightMargin": 299.0,
            "TopMargin": 122.564,
            "BottomMargin": 157.4361,
            "Tag": 210,
            "ActionTag": -1595534715,
            "Size": {
              "X": 682.0,
              "Y": 440.0
            },
            "Name": "view_show_bg_2",
            "ctype": "SpriteObjectData"
          },
          {
            "FileData": {
              "Type": "Normal",
              "Path": "image/ui/club/btn_wx.png",
              "Plist": ""
            },
            "BlendFunc": {
              "Src": 1,
              "Dst": 771
            },
            "AnchorPoint": {
              "ScaleX": 0.5,
              "ScaleY": 0.5
            },
            "Position": {
              "X": 527.821,
              "Y": 357.5322
            },
            "Scale": {
              "ScaleX": 1.0,
              "ScaleY": 1.0
            },
            "CColor": {},
            "IconVisible": false,
            "PrePosition": {
              "X": 0.4124,
              "Y": 0.4966
            },
            "PreSize": {
              "X": 0.1391,
              "Y": 0.2472
            },
            "LeftMargin": 438.821,
            "RightMargin": 663.179,
            "TopMargin": 273.4678,
            "BottomMargin": 268.5322,
            "Tag": 209,
            "ActionTag": 198028424,
            "Size": {
              "X": 178.0,
              "Y": 178.0
            },
            "Name": "btn_wx",
            "ctype": "SpriteObjectData"
          },
          {
            "FileData": {
              "Type": "Normal",
              "Path": "image/ui/club/word_invite.png",
              "Plist": ""
            },
            "BlendFunc": {
              "Src": 1,
              "Dst": 771
            },
            "AnchorPoint": {
              "ScaleX": 0.5,
              "ScaleY": 0.5
            },
            "Position": {
              "X": 645.7688,
              "Y": 546.9873
            },
            "Scale": {
              "ScaleX": 1.0,
              "ScaleY": 1.0
            },
            "CColor": {},
            "IconVisible": false,
            "PrePosition": {
              "X": 0.5045,
              "Y": 0.7597
            },
            "PreSize": {
              "X": 0.093,
              "Y": 0.0986
            },
            "LeftMargin": 586.2688,
            "RightMargin": 574.7312,
            "TopMargin": 137.5127,
            "BottomMargin": 511.4873,
            "Tag": 212,
            "ActionTag": -1858668400,
            "Size": {
              "X": 119.0,
              "Y": 71.0
            },
            "Name": "word_invite_4",
            "ctype": "SpriteObjectData"
          },
          {
            "FileData": {
              "Type": "Normal",
              "Path": "image/ui/club/btn_invite2.png",
              "Plist": ""
            },
            "BlendFunc": {
              "Src": 1,
              "Dst": 771
            },
            "AnchorPoint": {
              "ScaleX": 0.5,
              "ScaleY": 0.5
            },
            "Position": {
              "X": 763.7184,
              "Y": 357.5322
            },
            "Scale": {
              "ScaleX": 1.0,
              "ScaleY": 1.0
            },
            "CColor": {},
            "IconVisible": false,
            "PrePosition": {
              "X": 0.5967,
              "Y": 0.4966
            },
            "PreSize": {
              "X": 0.1391,
              "Y": 0.2472
            },
            "LeftMargin": 674.7184,
            "RightMargin": 427.2816,
            "TopMargin": 273.4678,
            "BottomMargin": 268.5322,
            "Tag": 213,
            "ActionTag": -518813505,
            "Size": {
              "X": 178.0,
              "Y": 178.0
            },
            "Name": "btn_invite",
            "ctype": "SpriteObjectData"
          },
          {
            "FileData": {
              "Type": "Normal",
              "Path": "image/ui/club/btn_close2.png",
              "Plist": ""
            },
            "BlendFunc": {
              "Src": 1,
              "Dst": 771
            },
            "AnchorPoint": {
              "ScaleX": 0.5,
              "ScaleY": 0.5
            },
            "Position": {
              "X": 956.6997,
              "Y": 521.5205
            },
            "Scale": {
              "ScaleX": 1.0,
              "ScaleY": 1.0
            },
            "CColor": {},
            "IconVisible": false,
            "PrePosition": {
              "X": 0.7474,
              "Y": 0.7243
            },
            "PreSize": {
              "X": 0.05,
              "Y": 0.0889
            },
            "LeftMargin": 924.6997,
            "RightMargin": 291.3003,
            "TopMargin": 166.4795,
            "BottomMargin": 489.5205,
            "Tag": 232,
            "ActionTag": -1513909185,
            "Size": {
              "X": 64.0,
              "Y": 64.0
            },
            "Name": "btn_close",
            "ctype": "SpriteObjectData"
          },
          {
            "FontSize": 26,
            "LabelText": " 微信邀请 ",
            "OutlineColor": {
              "G": 0,
              "B": 0
            },
            "ShadowColor": {
              "R": 110,
              "G": 110,
              "B": 110
            },
            "ShadowOffsetX": 2.0,
            "ShadowOffsetY": -2.0,
            "AnchorPoint": {
              "ScaleX": 0.5,
              "ScaleY": 0.5
            },
            "Position": {
              "X": 527.8211,
              "Y": 261.008
            },
            "Scale": {
              "ScaleX": 1.0,
              "ScaleY": 1.0
            },
            "CColor": {
              "R": 215,
              "G": 128,
              "B": 26
            },
            "IconVisible": false,
            "PrePosition": {
              "X": 0.4124,
              "Y": 0.3625
            },
            "PreSize": {
              "X": 0.093,
              "Y": 0.0431
            },
            "LeftMargin": 468.3211,
            "RightMargin": 692.6789,
            "TopMargin": 443.492,
            "BottomMargin": 245.508,
            "Tag": 482,
            "ActionTag": -1300471516,
            "Size": {
              "X": 119.0,
              "Y": 31.0
            },
            "Name": "Text_1",
            "ctype": "TextObjectData"
          },
          {
            "FontSize": 26,
            "LabelText": " 邀请加入 ",
            "OutlineColor": {
              "G": 0,
              "B": 0
            },
            "ShadowColor": {
              "R": 110,
              "G": 110,
              "B": 110
            },
            "ShadowOffsetX": 2.0,
            "ShadowOffsetY": -2.0,
            "AnchorPoint": {
              "ScaleX": 0.5,
              "ScaleY": 0.5
            },
            "Position": {
              "X": 763.7183,
              "Y": 261.008
            },
            "Scale": {
              "ScaleX": 1.0,
              "ScaleY": 1.0
            },
            "CColor": {
              "R": 215,
              "G": 128,
              "B": 26
            },
            "IconVisible": false,
            "PrePosition": {
              "X": 0.5967,
              "Y": 0.3625
            },
            "PreSize": {
              "X": 0.093,
              "Y": 0.0431
            },
            "LeftMargin": 704.2183,
            "RightMargin": 456.7817,
            "TopMargin": 443.492,
            "BottomMargin": 245.508,
            "Tag": 483,
            "ActionTag": 709323595,
            "Size": {
              "X": 119.0,
              "Y": 31.0
            },
            "Name": "Text_1_0",
            "ctype": "TextObjectData"
          }
        ],
        "Size": {
          "X": 1280.0,
          "Y": 720.0
        },
        "Name": "Layer",
        "ctype": "LayerObjectData"
      },
      "UsedResources": [
        "../../image/ui/club/btn_close2.png",
        "../../image/ui/club/btn_invite2.png",
        "../../image/ui/club/btn_wx.png",
        "../../image/ui/club/view_show_bg.png",
        "../../image/ui/club/word_invite.png"
      ],
      "ctype": "GameFileData"
    }
  },
  "Type": "Layer"
}