{
  "ID": "7dcef60d-1416-42ae-b6a1-6599593b847e",
  "Version": "2.3.4",
  "Name": "ClubDayangLayer",
  "Content": {
    "Content": {
      "Animation": {
        "Duration": 0,
        "Speed": 1.0,
        "Timelines": [],
        "ctype": "TimelineActionData"
      },
      "AnimationList": [],
      "ObjectData": {
        "Tag": 64,
        "Children": [
          {
            "ClipAble": false,
            "BackColorAlpha": 128,
            "ComboBoxIndex": 1,
            "SingleColor": {
              "R": 0,
              "G": 0,
              "B": 0
            },
            "FirstColor": {
              "R": 150,
              "G": 200
            },
            "EndColor": {},
            "ColorVector": {
              "ScaleY": 1.0
            },
            "Scale9Width": 1,
            "Scale9Height": 1,
            "TouchEnable": true,
            "AnchorPoint": {},
            "Position": {
              "X": 0.0,
              "Y": 0.0
            },
            "Scale": {
              "ScaleX": 1.0,
              "ScaleY": 1.0
            },
            "CColor": {},
            "IconVisible": false,
            "PrePosition": {
              "X": 0.0,
              "Y": 0.0
            },
            "PreSize": {
              "X": 1.0,
              "Y": 1.0
            },
            "Tag": 69,
            "ActionTag": -305069039,
            "Size": {
              "X": 1280.0,
              "Y": 720.0
            },
            "Name": "Panel_2",
            "ctype": "PanelObjectData"
          },
          {
            "ClipAble": false,
            "BackColorAlpha": 0,
            "ComboBoxIndex": 1,
            "SingleColor": {
              "R": 0,
              "G": 0,
              "B": 0
            },
            "FirstColor": {
              "R": 150,
              "G": 200
            },
            "EndColor": {},
            "ColorVector": {
              "ScaleY": 1.0
            },
            "Scale9Width": 1,
            "Scale9Height": 1,
            "TouchEnable": true,
            "AnchorPoint": {
              "ScaleX": 0.5,
              "ScaleY": 0.5
            },
            "Position": {
              "X": 640.0,
              "Y": 409.032
            },
            "Scale": {
              "ScaleX": 1.0,
              "ScaleY": 1.0
            },
            "CColor": {},
            "IconVisible": false,
            "PositionPercentXEnabled": true,
            "PositionPercentYEnabled": true,
            "PrePosition": {
              "X": 0.5,
              "Y": 0.5681
            },
            "PreSize": {
              "X": 0.4141,
              "Y": 0.5625
            },
            "LeftMargin": 375.0,
            "RightMargin": 375.0,
            "TopMargin": 108.468,
            "BottomMargin": 206.532,
            "Tag": 68,
            "Children": [
              {
                "FileData": {
                  "Type": "Normal",
                  "Path": "image/ui/club/dytip.png",
                  "Plist": ""
                },
                "BlendFunc": {
                  "Src": 1,
                  "Dst": 771
                },
                "AnchorPoint": {
                  "ScaleX": 0.5,
                  "ScaleY": 0.5
                },
                "Position": {
                  "X": 265.0,
                  "Y": 202.5
                },
                "Scale": {
                  "ScaleX": 1.0,
                  "ScaleY": 1.0
                },
                "CColor": {},
                "IconVisible": false,
                "PositionPercentXEnabled": true,
                "PositionPercentYEnabled": true,
                "PrePosition": {
                  "X": 0.5,
                  "Y": 0.5
                },
                "PreSize": {
                  "X": 1.0,
                  "Y": 1.0
                },
                "Tag": 65,
                "ActionTag": -732201808,
                "Size": {
                  "X": 530.0,
                  "Y": 405.0
                },
                "Name": "Sprite_1",
                "ctype": "SpriteObjectData"
              },
              {
                "FileData": {
                  "Type": "Normal",
                  "Path": "image/ui/club/dyzhong.png",
                  "Plist": ""
                },
                "BlendFunc": {
                  "Src": 1,
                  "Dst": 771
                },
                "AnchorPoint": {
                  "ScaleX": 0.5,
                  "ScaleY": 0.5
                },
                "Position": {
                  "X": 265.0,
                  "Y": 328.0
                },
                "Scale": {
                  "ScaleX": 1.0,
                  "ScaleY": 1.0
                },
                "CColor": {},
                "IconVisible": false,
                "PositionPercentXEnabled": true,
                "PrePosition": {
                  "X": 0.5,
                  "Y": 0.8099
                },
                "PreSize": {
                  "X": 0.2208,
                  "Y": 0.1111
                },
                "LeftMargin": 206.5,
                "RightMargin": 206.5,
                "TopMargin": 54.5,
                "BottomMargin": 305.5,
                "Tag": 66,
                "ActionTag": -1646239582,
                "Size": {
                  "X": 117.0,
                  "Y": 45.0
                },
                "Name": "title_1",
                "ctype": "SpriteObjectData"
              },
              {
                "FileData": {
                  "Type": "Normal",
                  "Path": "image/ui/club/yingyezhong.png",
                  "Plist": ""
                },
                "BlendFunc": {
                  "Src": 1,
                  "Dst": 771
                },
                "AnchorPoint": {
                  "ScaleX": 0.5,
                  "ScaleY": 0.5
                },
                "Position": {
                  "X": 265.0,
                  "Y": 218.0
                },
                "Scale": {
                  "ScaleX": 1.0,
                  "ScaleY": 1.0
                },
                "CColor": {},
                "IconVisible": false,
                "PositionPercentXEnabled": true,
                "PrePosition": {
                  "X": 0.5,
                  "Y": 0.5383
                },
                "PreSize": {
                  "X": 0.0868,
                  "Y": 0.1136
                },
                "LeftMargin": 242.0,
                "RightMargin": 242.0,
                "TopMargin": 164.0,
                "BottomMargin": 195.0,
                "Tag": 34,
                "ActionTag": -19241306,
                "Size": {
                  "X": 237.0,
                  "Y": 83.0
                },
                "VisibleForFrame": false,
                "Name": "title_2",
                "ctype": "SpriteObjectData"
              },
              {
                "FontSize": 26,
                "LabelText": "开业时间",
                "OutlineColor": {
                  "G": 0,
                  "B": 0
                },
                "ShadowColor": {
                  "R": 110,
                  "G": 110,
                  "B": 110
                },
                "ShadowOffsetX": 2.0,
                "ShadowOffsetY": -2.0,
                "AnchorPoint": {
                  "ScaleX": 0.5,
                  "ScaleY": 0.5
                },
                "Position": {
                  "X": 139.0,
                  "Y": 204.0
                },
                "Scale": {
                  "ScaleX": 1.0,
                  "ScaleY": 1.0
                },
                "CColor": {
                  "R": 176,
                  "G": 98,
                  "B": 21
                },
                "IconVisible": false,
                "PrePosition": {
                  "X": 0.2623,
                  "Y": 0.5037
                },
                "PreSize": {
                  "X": 0.1962,
                  "Y": 0.0765
                },
                "LeftMargin": 87.0,
                "RightMargin": 339.0,
                "TopMargin": 185.5,
                "BottomMargin": 188.5,
                "Tag": 35,
                "ActionTag": -201078700,
                "Size": {
                  "X": 104.0,
                  "Y": 31.0
                },
                "Name": "Text_1",
                "ctype": "TextObjectData"
              },
              {
                "FontSize": 26,
                "LabelText": "00:00",
                "OutlineColor": {
                  "G": 0,
                  "B": 0
                },
                "ShadowColor": {
                  "R": 110,
                  "G": 110,
                  "B": 110
                },
                "ShadowOffsetX": 2.0,
                "ShadowOffsetY": -2.0,
                "AnchorPoint": {
                  "ScaleX": 0.5,
                  "ScaleY": 0.5
                },
                "Position": {
                  "X": 233.0,
                  "Y": 204.0
                },
                "Scale": {
                  "ScaleX": 1.0,
                  "ScaleY": 1.0
                },
                "CColor": {
                  "R": 176,
                  "G": 98,
                  "B": 21
                },
                "IconVisible": false,
                "PrePosition": {
                  "X": 0.4396,
                  "Y": 0.5037
                },
                "PreSize": {
                  "X": 0.1245,
                  "Y": 0.0765
                },
                "LeftMargin": 200.0,
                "RightMargin": 264.0,
                "TopMargin": 185.5,
                "BottomMargin": 188.5,
                "Tag": 37,
                "ActionTag": 516405821,
                "Size": {
                  "X": 66.0,
                  "Y": 31.0
                },
                "Name": "kytime",
                "ctype": "TextObjectData"
              },
              {
                "FontSize": 26,
                "LabelText": "00:00",
                "OutlineColor": {
                  "G": 0,
                  "B": 0
                },
                "ShadowColor": {
                  "R": 110,
                  "G": 110,
                  "B": 110
                },
                "ShadowOffsetX": 2.0,
                "ShadowOffsetY": -2.0,
                "AnchorPoint": {
                  "ScaleX": 0.5,
                  "ScaleY": 0.5
                },
                "Position": {
                  "X": 426.0,
                  "Y": 204.0
                },
                "Scale": {
                  "ScaleX": 1.0,
                  "ScaleY": 1.0
                },
                "CColor": {
                  "R": 176,
                  "G": 98,
                  "B": 21
                },
                "IconVisible": false,
                "PrePosition": {
                  "X": 0.8038,
                  "Y": 0.5037
                },
                "PreSize": {
                  "X": 0.1245,
                  "Y": 0.0765
                },
                "LeftMargin": 393.0,
                "RightMargin": 71.0,
                "TopMargin": 185.5,
                "BottomMargin": 188.5,
                "Tag": 38,
                "ActionTag": 151622150,
                "Size": {
                  "X": 66.0,
                  "Y": 31.0
                },
                "Name": "dytime",
                "ctype": "TextObjectData"
              },
              {
                "FileData": {
                  "Type": "Normal",
                  "Path": "image/ui/club/btnok2.png",
                  "Plist": ""
                },
                "BlendFunc": {
                  "Src": 1,
                  "Dst": 771
                },
                "AnchorPoint": {
                  "ScaleX": 0.5,
                  "ScaleY": 0.5
                },
                "Position": {
                  "X": 265.0,
                  "Y": 115.0
                },
                "Scale": {
                  "ScaleX": 1.0,
                  "ScaleY": 1.0
                },
                "CColor": {},
                "IconVisible": false,
                "PositionPercentXEnabled": true,
                "PrePosition": {
                  "X": 0.5,
                  "Y": 0.284
                },
                "PreSize": {
                  "X": 0.3642,
                  "Y": 0.163
                },
                "LeftMargin": 168.5,
                "RightMargin": 168.5,
                "TopMargin": 257.0,
                "BottomMargin": 82.0,
                "Tag": 67,
                "ActionTag": -1664230154,
                "Size": {
                  "X": 193.0,
                  "Y": 66.0
                },
                "Name": "btn_qd",
                "ctype": "SpriteObjectData"
              },
              {
                "FontSize": 26,
                "LabelText": "打烊时间",
                "OutlineColor": {
                  "G": 0,
                  "B": 0
                },
                "ShadowColor": {
                  "R": 110,
                  "G": 110,
                  "B": 110
                },
                "ShadowOffsetX": 2.0,
                "ShadowOffsetY": -2.0,
                "AnchorPoint": {
                  "ScaleX": 0.5,
                  "ScaleY": 0.5
                },
                "Position": {
                  "X": 333.0,
                  "Y": 204.0
                },
                "Scale": {
                  "ScaleX": 1.0,
                  "ScaleY": 1.0
                },
                "CColor": {
                  "R": 176,
                  "G": 98,
                  "B": 21
                },
                "IconVisible": false,
                "PrePosition": {
                  "X": 0.6283,
                  "Y": 0.5037
                },
                "PreSize": {
                  "X": 0.1962,
                  "Y": 0.0765
                },
                "LeftMargin": 281.0,
                "RightMargin": 145.0,
                "TopMargin": 185.5,
                "BottomMargin": 188.5,
                "Tag": 36,
                "ActionTag": -1865196897,
                "Size": {
                  "X": 104.0,
                  "Y": 31.0
                },
                "Name": "Text_2",
                "ctype": "TextObjectData"
              }
            ],
            "ActionTag": -211885772,
            "Size": {
              "X": 530.0,
              "Y": 405.0
            },
            "Name": "Panel_1",
            "ctype": "PanelObjectData"
          }
        ],
        "Size": {
          "X": 1280.0,
          "Y": 720.0
        },
        "Name": "Layer",
        "ctype": "LayerObjectData"
      },
      "UsedResources": [
        "../../image/ui/club/btnok2.png",
        "../../image/ui/club/dytip.png",
        "../../image/ui/club/dyzhong.png",
        "../../image/ui/club/yingyezhong.png"
      ],
      "ctype": "GameFileData"
    }
  },
  "Type": "Layer"
}