{
  "ID": "5b5328c2-d2ce-4cc9-8758-8f4f1db0068d",
  "Version": "2.3.4",
  "Name": "ClubSettingLayer",
  "Content": {
    "Content": {
      "Animation": {
        "Duration": 0,
        "Speed": 1.0,
        "Timelines": [],
        "ctype": "TimelineActionData"
      },
      "AnimationList": [],
      "ObjectData": {
        "Tag": 140,
        "Children": [
          {
            "ClipAble": false,
            "BackColorAlpha": 182,
            "SingleColor": {
              "R": 0,
              "G": 0,
              "B": 0
            },
            "FirstColor": {
              "R": 150,
              "G": 200
            },
            "EndColor": {},
            "ColorVector": {
              "ScaleY": 1.0
            },
            "Scale9Width": 1,
            "Scale9Height": 1,
            "AnchorPoint": {},
            "Position": {
              "X": 0.0,
              "Y": 0.0
            },
            "Scale": {
              "ScaleX": 1.0,
              "ScaleY": 1.0
            },
            "CColor": {},
            "IconVisible": false,
            "PrePosition": {
              "X": 0.0,
              "Y": 0.0
            },
            "PreSize": {
              "X": 1.0,
              "Y": 1.0
            },
            "Tag": 142,
            "ActionTag": 1729642299,
            "Size": {
              "X": 1280.0,
              "Y": 720.0
            },
            "Name": "root",
            "ctype": "PanelObjectData"
          },
          {
            "FileData": {
              "Type": "Normal",
              "Path": "image/ui/club/setting_bg2.png",
              "Plist": ""
            },
            "Scale9Enable": true,
            "Scale9OriginX": 57,
            "Scale9OriginY": 97,
            "Scale9Width": 59,
            "Scale9Height": 100,
            "AnchorPoint": {
              "ScaleX": 0.5,
              "ScaleY": 0.5
            },
            "Position": {
              "X": 1172.873,
              "Y": 468.34
            },
            "Scale": {
              "ScaleX": 1.0,
              "ScaleY": 1.0
            },
            "CColor": {},
            "IconVisible": false,
            "PrePosition": {
              "X": 0.9163,
              "Y": 0.6505
            },
            "PreSize": {
              "X": 0.1352,
              "Y": 0.4167
            },
            "LeftMargin": 1086.373,
            "RightMargin": 20.627,
            "TopMargin": 101.66,
            "BottomMargin": 318.34,
            "Tag": 149,
            "ActionTag": 1803196403,
            "Size": {
              "X": 173.0,
              "Y": 300.0
            },
            "Name": "setting_bg",
            "ctype": "ImageViewObjectData"
          },
          {
            "FileData": {
              "Type": "Normal",
              "Path": "image/ui/club/word_jsjlb.png",
              "Plist": ""
            },
            "BlendFunc": {
              "Src": 1,
              "Dst": 771
            },
            "AnchorPoint": {
              "ScaleX": 0.5,
              "ScaleY": 0.5
            },
            "Position": {
              "X": 1169.2472,
              "Y": 346.7824
            },
            "Scale": {
              "ScaleX": 1.0,
              "ScaleY": 1.0
            },
            "CColor": {},
            "IconVisible": false,
            "PrePosition": {
              "X": 0.9135,
              "Y": 0.4816
            },
            "PreSize": {
              "X": 0.1063,
              "Y": 0.0417
            },
            "LeftMargin": 1101.2472,
            "RightMargin": 42.7528,
            "TopMargin": 358.2176,
            "BottomMargin": 331.7824,
            "Tag": 144,
            "ActionTag": -1598546430,
            "Size": {
              "X": 136.0,
              "Y": 30.0
            },
            "Name": "btn_jiesan",
            "ctype": "SpriteObjectData"
          },
          {
            "FileData": {
              "Type": "Normal",
              "Path": "image/ui/club/word_sjgl.png",
              "Plist": ""
            },
            "BlendFunc": {
              "Src": 1,
              "Dst": 771
            },
            "AnchorPoint": {
              "ScaleX": 0.5,
              "ScaleY": 0.5
            },
            "Position": {
              "X": 1623.8289,
              "Y": 431.3925
            },
            "Scale": {
              "ScaleX": 1.0,
              "ScaleY": 1.0
            },
            "CColor": {},
            "IconVisible": false,
            "PrePosition": {
              "X": 1.2686,
              "Y": 0.5992
            },
            "PreSize": {
              "X": 0.0852,
              "Y": 0.0403
            },
            "LeftMargin": 1569.3289,
            "RightMargin": -398.3289,
            "TopMargin": 274.1075,
            "BottomMargin": 416.8925,
            "Tag": 145,
            "ActionTag": 958690419,
            "Size": {
              "X": 109.0,
              "Y": 29.0
            },
            "Name": "btn_dataManager",
            "ctype": "SpriteObjectData"
          },
          {
            "FileData": {
              "Type": "Normal",
              "Path": "image/ui/club/word_xgmc2.png",
              "Plist": ""
            },
            "BlendFunc": {
              "Src": 1,
              "Dst": 771
            },
            "AnchorPoint": {
              "ScaleX": 0.5,
              "ScaleY": 0.5
            },
            "Position": {
              "X": 1173.4861,
              "Y": 408.3465
            },
            "Scale": {
              "ScaleX": 1.0,
              "ScaleY": 1.0
            },
            "CColor": {},
            "IconVisible": false,
            "PrePosition": {
              "X": 0.9168,
              "Y": 0.5671
            },
            "PreSize": {
              "X": 0.0859,
              "Y": 0.0417
            },
            "LeftMargin": 1118.4861,
            "RightMargin": 51.5139,
            "TopMargin": 296.6535,
            "BottomMargin": 393.3465,
            "Tag": 146,
            "ActionTag": 218363448,
            "Size": {
              "X": 110.0,
              "Y": 30.0
            },
            "Name": "btn_updateName",
            "ctype": "SpriteObjectData"
          },
          {
            "FileData": {
              "Type": "Normal",
              "Path": "image/ui/club/word_gonggao2.png",
              "Plist": ""
            },
            "BlendFunc": {
              "Src": 1,
              "Dst": 771
            },
            "AnchorPoint": {
              "ScaleX": 0.5,
              "ScaleY": 0.5
            },
            "Position": {
              "X": 1173.4861,
              "Y": 591.948
            },
            "Scale": {
              "ScaleX": 1.0,
              "ScaleY": 1.0
            },
            "CColor": {},
            "IconVisible": false,
            "PrePosition": {
              "X": 0.9168,
              "Y": 0.8221
            },
            "PreSize": {
              "X": 0.0469,
              "Y": 0.0403
            },
            "LeftMargin": 1143.4861,
            "RightMargin": 76.5139,
            "TopMargin": 113.552,
            "BottomMargin": 577.448,
            "Tag": 147,
            "ActionTag": 1197825873,
            "Size": {
              "X": 60.0,
              "Y": 29.0
            },
            "Name": "btn_gonggao",
            "ctype": "SpriteObjectData"
          },
          {
            "FileData": {
              "Type": "Normal",
              "Path": "image/ui/club/word_cylb2.png",
              "Plist": ""
            },
            "BlendFunc": {
              "Src": 1,
              "Dst": 771
            },
            "AnchorPoint": {
              "ScaleX": 0.5,
              "ScaleY": 0.5
            },
            "Position": {
              "X": 1173.4862,
              "Y": 531.4141
            },
            "Scale": {
              "ScaleX": 1.0,
              "ScaleY": 1.0
            },
            "CColor": {},
            "IconVisible": false,
            "PrePosition": {
              "X": 0.9168,
              "Y": 0.7381
            },
            "PreSize": {
              "X": 0.0844,
              "Y": 0.0389
            },
            "LeftMargin": 1119.4862,
            "RightMargin": 52.5138,
            "TopMargin": 174.5859,
            "BottomMargin": 517.4141,
            "Tag": 148,
            "ActionTag": -1789830860,
            "Size": {
              "X": 108.0,
              "Y": 28.0
            },
            "Name": "btn_member",
            "ctype": "SpriteObjectData"
          },
          {
            "FileData": {
              "Type": "Normal",
              "Path": "image/ui/club/club_item_line.png",
              "Plist": ""
            },
            "BlendFunc": {
              "Src": 1,
              "Dst": 771
            },
            "AnchorPoint": {
              "ScaleX": 0.5,
              "ScaleY": 0.5
            },
            "Position": {
              "X": 1170.9574,
              "Y": 566.4681
            },
            "Scale": {
              "ScaleX": 1.0,
              "ScaleY": 2.0
            },
            "CColor": {},
            "IconVisible": false,
            "PrePosition": {
              "X": 0.9148,
              "Y": 0.7868
            },
            "PreSize": {
              "X": 0.1211,
              "Y": 0.0014
            },
            "LeftMargin": 1093.4574,
            "RightMargin": 31.5426,
            "TopMargin": 153.0319,
            "BottomMargin": 565.9681,
            "Tag": 452,
            "ActionTag": -938232084,
            "Size": {
              "X": 155.0,
              "Y": 1.0
            },
            "Name": "club_item_line_1",
            "ctype": "SpriteObjectData"
          },
          {
            "FileData": {
              "Type": "Normal",
              "Path": "image/ui/club/club_item_line.png",
              "Plist": ""
            },
            "BlendFunc": {
              "Src": 1,
              "Dst": 771
            },
            "AnchorPoint": {
              "ScaleX": 0.5,
              "ScaleY": 0.5
            },
            "Position": {
              "X": 1170.9574,
              "Y": 504.2455
            },
            "Scale": {
              "ScaleX": 1.0,
              "ScaleY": 2.0
            },
            "CColor": {},
            "IconVisible": false,
            "PrePosition": {
              "X": 0.9148,
              "Y": 0.7003
            },
            "PreSize": {
              "X": 0.1211,
              "Y": 0.0014
            },
            "LeftMargin": 1093.4574,
            "RightMargin": 31.5426,
            "TopMargin": 215.2545,
            "BottomMargin": 503.7455,
            "Tag": 453,
            "ActionTag": 332274964,
            "Size": {
              "X": 155.0,
              "Y": 1.0
            },
            "Name": "club_item_line_1_0",
            "ctype": "SpriteObjectData"
          },
          {
            "FileData": {
              "Type": "Normal",
              "Path": "image/ui/club/club_item_line.png",
              "Plist": ""
            },
            "BlendFunc": {
              "Src": 1,
              "Dst": 771
            },
            "AnchorPoint": {
              "ScaleX": 0.5,
              "ScaleY": 0.5
            },
            "Position": {
              "X": 1170.9578,
              "Y": 442.0228
            },
            "Scale": {
              "ScaleX": 1.0,
              "ScaleY": 2.0
            },
            "CColor": {},
            "IconVisible": false,
            "PrePosition": {
              "X": 0.9148,
              "Y": 0.6139
            },
            "PreSize": {
              "X": 0.1211,
              "Y": 0.0014
            },
            "LeftMargin": 1093.4578,
            "RightMargin": 31.5422,
            "TopMargin": 277.4772,
            "BottomMargin": 441.5228,
            "Tag": 454,
            "ActionTag": 732774846,
            "Size": {
              "X": 155.0,
              "Y": 1.0
            },
            "Name": "club_item_line_1_0_0",
            "ctype": "SpriteObjectData"
          },
          {
            "FileData": {
              "Type": "Normal",
              "Path": "image/ui/club/club_item_line.png",
              "Plist": ""
            },
            "BlendFunc": {
              "Src": 1,
              "Dst": 771
            },
            "AnchorPoint": {
              "ScaleX": 0.5,
              "ScaleY": 0.5
            },
            "Position": {
              "X": 1170.9574,
              "Y": 379.8001
            },
            "Scale": {
              "ScaleX": 1.0,
              "ScaleY": 2.0
            },
            "CColor": {},
            "IconVisible": false,
            "PrePosition": {
              "X": 0.9148,
              "Y": 0.5275
            },
            "PreSize": {
              "X": 0.1211,
              "Y": 0.0014
            },
            "LeftMargin": 1093.4574,
            "RightMargin": 31.5426,
            "TopMargin": 339.6999,
            "BottomMargin": 379.3001,
            "Tag": 150,
            "ActionTag": 380654523,
            "Size": {
              "X": 155.0,
              "Y": 1.0
            },
            "Name": "club_item_line_1_0_0_0",
            "ctype": "SpriteObjectData"
          },
          {
            "FileData": {
              "Type": "Normal",
              "Path": "image/ui/club/word_tcjlb.png",
              "Plist": ""
            },
            "BlendFunc": {
              "Src": 1,
              "Dst": 771
            },
            "AnchorPoint": {
              "ScaleX": 0.5,
              "ScaleY": 0.5
            },
            "Position": {
              "X": 1173.486,
              "Y": 346.8127
            },
            "Scale": {
              "ScaleX": 1.0,
              "ScaleY": 1.0
            },
            "CColor": {},
            "IconVisible": false,
            "PrePosition": {
              "X": 0.9168,
              "Y": 0.4817
            },
            "PreSize": {
              "X": 0.1063,
              "Y": 0.0403
            },
            "LeftMargin": 1105.486,
            "RightMargin": 38.514,
            "TopMargin": 358.6873,
            "BottomMargin": 332.3127,
            "Tag": 467,
            "ActionTag": 227030000,
            "Size": {
              "X": 136.0,
              "Y": 29.0
            },
            "Name": "word_tcjlb",
            "ctype": "SpriteObjectData"
          },
          {
            "FileData": {
              "Type": "Normal",
              "Path": "image/ui/club/byysj.png",
              "Plist": ""
            },
            "BlendFunc": {
              "Src": 1,
              "Dst": 771
            },
            "AnchorPoint": {
              "ScaleX": 0.5,
              "ScaleY": 0.5
            },
            "Position": {
              "X": 1173.4861,
              "Y": 470.3803
            },
            "Scale": {
              "ScaleX": 1.0,
              "ScaleY": 1.0
            },
            "CColor": {},
            "IconVisible": false,
            "PrePosition": {
              "X": 0.9168,
              "Y": 0.6533
            },
            "PreSize": {
              "X": 0.0836,
              "Y": 0.0417
            },
            "LeftMargin": 1119.9861,
            "RightMargin": 53.0139,
            "TopMargin": 234.6197,
            "BottomMargin": 455.3803,
            "Tag": 151,
            "ActionTag": 1432705942,
            "Size": {
              "X": 107.0,
              "Y": 30.0
            },
            "Name": "btn_yysj",
            "ctype": "SpriteObjectData"
          }
        ],
        "Size": {
          "X": 1280.0,
          "Y": 720.0
        },
        "Name": "Layer",
        "ctype": "LayerObjectData"
      },
      "UsedResources": [
        "../../image/ui/club/byysj.png",
        "../../image/ui/club/club_item_line.png",
        "../../image/ui/club/setting_bg2.png",
        "../../image/ui/club/word_cylb2.png",
        "../../image/ui/club/word_gonggao2.png",
        "../../image/ui/club/word_jsjlb.png",
        "../../image/ui/club/word_sjgl.png",
        "../../image/ui/club/word_tcjlb.png",
        "../../image/ui/club/word_xgmc2.png"
      ],
      "ctype": "GameFileData"
    }
  },
  "Type": "Layer"
}