{
  "ID": "3ec8d726-ca4b-4d44-8110-3c0186f36227",
  "Version": "2.3.4",
  "Name": "JoinClubLayer",
  "Content": {
    "Content": {
      "Animation": {
        "Duration": 0,
        "Speed": 1.0,
        "Timelines": [],
        "ctype": "TimelineActionData"
      },
      "AnimationList": [],
      "ObjectData": {
        "Tag": 106,
        "Children": [
          {
            "ClipAble": false,
            "BackColorAlpha": 182,
            "ComboBoxIndex": 1,
            "SingleColor": {
              "R": 0,
              "G": 0,
              "B": 0
            },
            "FirstColor": {
              "R": 150,
              "G": 200
            },
            "EndColor": {},
            "ColorVector": {
              "ScaleY": 1.0
            },
            "Scale9Width": 1,
            "Scale9Height": 1,
            "TouchEnable": true,
            "AnchorPoint": {},
            "Position": {
              "X": 0.0,
              "Y": -400.0
            },
            "Scale": {
              "ScaleX": 1.0,
              "ScaleY": 1.0
            },
            "CColor": {},
            "IconVisible": false,
            "PrePosition": {
              "X": 0.0,
              "Y": -0.5556
            },
            "PreSize": {
              "X": 1.0,
              "Y": 1.6667
            },
            "TopMargin": -80.0,
            "BottomMargin": -400.0,
            "Tag": 159,
            "ActionTag": 206238128,
            "Size": {
              "X": 1280.0,
              "Y": 1200.0
            },
            "Name": "root",
            "ctype": "PanelObjectData"
          },
          {
            "FileData": {
              "Type": "Normal",
              "Path": "image/ui/club/tips_bg.png",
              "Plist": ""
            },
            "BlendFunc": {
              "Src": 1,
              "Dst": 771
            },
            "AnchorPoint": {
              "ScaleX": 0.5,
              "ScaleY": 0.5
            },
            "Position": {
              "X": 625.3717,
              "Y": 347.8506
            },
            "Scale": {
              "ScaleX": 1.0,
              "ScaleY": 1.0
            },
            "CColor": {},
            "IconVisible": false,
            "PrePosition": {
              "X": 0.4886,
              "Y": 0.4831
            },
            "PreSize": {
              "X": 0.5656,
              "Y": 0.6583
            },
            "LeftMargin": 263.3717,
            "RightMargin": 292.6283,
            "TopMargin": 135.1494,
            "BottomMargin": 110.8506,
            "Tag": 107,
            "ActionTag": -593272724,
            "Size": {
              "X": 724.0,
              "Y": 474.0
            },
            "Name": "tips_bg_1",
            "ctype": "SpriteObjectData"
          },
          {
            "FontSize": 32,
            "LabelText": "   请输入要加入的俱乐部ID  ",
            "OutlineColor": {
              "G": 0,
              "B": 0
            },
            "ShadowColor": {
              "R": 110,
              "G": 110,
              "B": 110
            },
            "ShadowOffsetX": 2.0,
            "ShadowOffsetY": -2.0,
            "AnchorPoint": {
              "ScaleX": 0.5,
              "ScaleY": 0.5
            },
            "Position": {
              "X": 627.2728,
              "Y": 423.2986
            },
            "Scale": {
              "ScaleX": 1.0,
              "ScaleY": 1.0
            },
            "CColor": {
              "R": 171,
              "G": 98,
              "B": 58
            },
            "IconVisible": false,
            "PrePosition": {
              "X": 0.4901,
              "Y": 0.5879
            },
            "PreSize": {
              "X": 0.3102,
              "Y": 0.0514
            },
            "LeftMargin": 428.7728,
            "RightMargin": 454.2272,
            "TopMargin": 278.2014,
            "BottomMargin": 404.7986,
            "Tag": 108,
            "ActionTag": 476620704,
            "Size": {
              "X": 397.0,
              "Y": 37.0
            },
            "Name": "Text_1",
            "ctype": "TextObjectData"
          },
          {
            "FileData": {
              "Type": "Normal",
              "Path": "image/ui/club/input_bg.png",
              "Plist": ""
            },
            "BlendFunc": {
              "Src": 1,
              "Dst": 771
            },
            "AnchorPoint": {
              "ScaleX": 0.5,
              "ScaleY": 0.5
            },
            "Position": {
              "X": 628.8227,
              "Y": 328.2187
            },
            "Scale": {
              "ScaleX": 1.16,
              "ScaleY": 1.07
            },
            "CColor": {},
            "IconVisible": false,
            "PrePosition": {
              "X": 0.4913,
              "Y": 0.4559
            },
            "PreSize": {
              "X": 0.3547,
              "Y": 0.0708
            },
            "LeftMargin": 401.8227,
            "RightMargin": 424.1773,
            "TopMargin": 366.2813,
            "BottomMargin": 302.7187,
            "Tag": 130,
            "ActionTag": -1781098358,
            "Size": {
              "X": 454.0,
              "Y": 51.0
            },
            "Name": "Sprite_2",
            "ctype": "SpriteObjectData"
          },
          {
            "FontSize": 30,
            "IsCustomSize": true,
            "LabelText": "",
            "PlaceHolderText": "",
            "MaxLengthEnable": true,
            "MaxLengthText": 18,
            "TouchEnable": true,
            "AnchorPoint": {
              "ScaleX": 0.5,
              "ScaleY": 0.5
            },
            "Position": {
              "X": 625.62,
              "Y": 328.2202
            },
            "Scale": {
              "ScaleX": 1.0,
              "ScaleY": 1.0
            },
            "CColor": {},
            "IconVisible": false,
            "PrePosition": {
              "X": 0.4888,
              "Y": 0.4559
            },
            "PreSize": {
              "X": 0.3859,
              "Y": 0.0764
            },
            "LeftMargin": 378.62,
            "RightMargin": 407.38,
            "TopMargin": 364.2798,
            "BottomMargin": 300.7202,
            "CallBackType": "Click",
            "CallBackName": "click",
            "Tag": 129,
            "ActionTag": 62599003,
            "Size": {
              "X": 494.0,
              "Y": 55.0
            },
            "Name": "input",
            "ctype": "TextFieldObjectData"
          },
          {
            "FileData": {
              "Type": "Normal",
              "Path": "image/ui/club/btn_close2.png",
              "Plist": ""
            },
            "BlendFunc": {
              "Src": 1,
              "Dst": 771
            },
            "AnchorPoint": {
              "ScaleX": 0.5,
              "ScaleY": 0.5
            },
            "Position": {
              "X": 939.0074,
              "Y": 543.6361
            },
            "Scale": {
              "ScaleX": 1.0,
              "ScaleY": 1.0
            },
            "CColor": {},
            "IconVisible": false,
            "PrePosition": {
              "X": 0.7336,
              "Y": 0.7551
            },
            "PreSize": {
              "X": 0.05,
              "Y": 0.0889
            },
            "LeftMargin": 907.0074,
            "RightMargin": 308.9926,
            "TopMargin": 144.3639,
            "BottomMargin": 511.6361,
            "Tag": 131,
            "ActionTag": -649049714,
            "Size": {
              "X": 64.0,
              "Y": 64.0
            },
            "Name": "btn_close",
            "ctype": "SpriteObjectData"
          },
          {
            "FileData": {
              "Type": "Normal",
              "Path": "image/ui/club/btn_ok.png",
              "Plist": ""
            },
            "BlendFunc": {
              "Src": 1,
              "Dst": 771
            },
            "AnchorPoint": {
              "ScaleX": 0.5,
              "ScaleY": 0.5
            },
            "Position": {
              "X": 615.8654,
              "Y": 203.3872
            },
            "Scale": {
              "ScaleX": 1.0,
              "ScaleY": 1.0
            },
            "CColor": {},
            "IconVisible": false,
            "PrePosition": {
              "X": 0.4811,
              "Y": 0.2825
            },
            "PreSize": {
              "X": 0.1758,
              "Y": 0.0931
            },
            "LeftMargin": 503.3654,
            "RightMargin": 551.6346,
            "TopMargin": 483.1128,
            "BottomMargin": 169.8872,
            "Tag": 132,
            "ActionTag": 1234762543,
            "Size": {
              "X": 225.0,
              "Y": 67.0
            },
            "Name": "btn_ok",
            "ctype": "SpriteObjectData"
          }
        ],
        "Size": {
          "X": 1280.0,
          "Y": 720.0
        },
        "Name": "Layer",
        "ctype": "LayerObjectData"
      },
      "UsedResources": [
        "../../image/ui/club/btn_close2.png",
        "../../image/ui/club/btn_ok.png",
        "../../image/ui/club/input_bg.png",
        "../../image/ui/club/tips_bg.png"
      ],
      "ctype": "GameFileData"
    }
  },
  "Type": "Layer"
}