{
  "ID": "6032ef5c-59e5-4c08-b673-45a69adc3232",
  "Version": "3.10.0.0",
  "Name": "DN_xiangkuang_guang02",
  "Content": {
    "Content": {
      "Animation": {
        "Duration": 75,
        "Speed": 1.0,
        "Timelines": [
          {
            "ActionTag": -1994047698,
            "Property": "Position",
            "Frames": [
              {
                "X": 0.0,
                "Y": -11.0,
                "FrameIndex": 0,
                "EasingData": {
                  "Type": 0
                },
                "ctype": "PointFrameData"
              },
              {
                "X": 0.0,
                "Y": -11.0,
                "FrameIndex": 5,
                "EasingData": {
                  "Type": 0
                },
                "ctype": "PointFrameData"
              },
              {
                "X": 0.0001,
                "Y": -11.0,
                "FrameIndex": 30,
                "EasingData": {
                  "Type": 0
                },
                "ctype": "PointFrameData"
              },
              {
                "X": 0.0,
                "Y": -11.0,
                "FrameIndex": 50,
                "EasingData": {
                  "Type": 0
                },
                "ctype": "PointFrameData"
              }
            ],
            "ctype": "TimelineData"
          },
          {
            "ActionTag": -1994047698,
            "Property": "Scale",
            "Frames": [
              {
                "X": 0.8,
                "Y": 1.5,
                "FrameIndex": 0,
                "EasingData": {
                  "Type": 0
                },
                "ctype": "ScaleValueFrameData"
              },
              {
                "X": 0.8,
                "Y": 1.5,
                "FrameIndex": 5,
                "EasingData": {
                  "Type": 0
                },
                "ctype": "ScaleValueFrameData"
              },
              {
                "X": 0.8,
                "Y": 1.5,
                "FrameIndex": 30,
                "EasingData": {
                  "Type": 0
                },
                "ctype": "ScaleValueFrameData"
              },
              {
                "X": 0.8,
                "Y": 1.5,
                "FrameIndex": 50,
                "EasingData": {
                  "Type": 0
                },
                "ctype": "ScaleValueFrameData"
              }
            ],
            "ctype": "TimelineData"
          },
          {
            "ActionTag": -1994047698,
            "Property": "RotationSkew",
            "Frames": [
              {
                "X": 0.0,
                "Y": 0.0,
                "FrameIndex": 0,
                "EasingData": {
                  "Type": 0
                },
                "ctype": "ScaleValueFrameData"
              },
              {
                "X": 0.0,
                "Y": 0.0,
                "FrameIndex": 5,
                "EasingData": {
                  "Type": 0
                },
                "ctype": "ScaleValueFrameData"
              },
              {
                "X": 0.0,
                "Y": 0.0,
                "FrameIndex": 30,
                "EasingData": {
                  "Type": 0
                },
                "ctype": "ScaleValueFrameData"
              },
              {
                "X": 0.0,
                "Y": 0.0,
                "FrameIndex": 50,
                "EasingData": {
                  "Type": 0
                },
                "ctype": "ScaleValueFrameData"
              }
            ],
            "ctype": "TimelineData"
          },
          {
            "ActionTag": -1994047698,
            "Property": "Alpha",
            "Frames": [
              {
                "Value": 0,
                "FrameIndex": 0,
                "EasingData": {
                  "Type": 0
                },
                "ctype": "IntFrameData"
              },
              {
                "Value": 204,
                "FrameIndex": 5,
                "EasingData": {
                  "Type": 0
                },
                "ctype": "IntFrameData"
              },
              {
                "Value": 255,
                "FrameIndex": 30,
                "EasingData": {
                  "Type": 0
                },
                "ctype": "IntFrameData"
              },
              {
                "Value": 0,
                "FrameIndex": 50,
                "EasingData": {
                  "Type": 0
                },
                "ctype": "IntFrameData"
              }
            ],
            "ctype": "TimelineData"
          },
          {
            "ActionTag": -824903621,
            "Property": "Position",
            "Frames": [
              {
                "X": -60.707,
                "Y": 0.0,
                "FrameIndex": 0,
                "EasingData": {
                  "Points": [
                    {
                      "X": 0.0,
                      "Y": 0.0
                    },
                    {
                      "X": 0.0,
                      "Y": 0.0
                    },
                    {
                      "X": 1.0,
                      "Y": 0.54
                    },
                    {
                      "X": 1.0,
                      "Y": 1.0
                    }
                  ],
                  "Type": -1
                },
                "ctype": "PointFrameData"
              },
              {
                "X": -58.7065,
                "Y": 0.0,
                "FrameIndex": 5,
                "EasingData": {
                  "Points": [
                    {
                      "X": 0.0,
                      "Y": 0.0
                    },
                    {
                      "X": 0.0,
                      "Y": 0.0
                    },
                    {
                      "X": 1.0,
                      "Y": 0.54
                    },
                    {
                      "X": 1.0,
                      "Y": 1.0
                    }
                  ],
                  "Type": -1
                },
                "ctype": "PointFrameData"
              },
              {
                "X": 55.0,
                "Y": 0.0001,
                "FrameIndex": 45,
                "EasingData": {
                  "Type": 0
                },
                "ctype": "PointFrameData"
              },
              {
                "X": 60.0,
                "Y": 0.0001,
                "FrameIndex": 57,
                "EasingData": {
                  "Type": 0
                },
                "ctype": "PointFrameData"
              }
            ],
            "ctype": "TimelineData"
          },
          {
            "ActionTag": -824903621,
            "Property": "Scale",
            "Frames": [
              {
                "X": 1.0,
                "Y": 0.9077,
                "FrameIndex": 0,
                "EasingData": {
                  "Points": [
                    {
                      "X": 0.0,
                      "Y": 0.0
                    },
                    {
                      "X": 0.0,
                      "Y": 0.0
                    },
                    {
                      "X": 1.0,
                      "Y": 0.54
                    },
                    {
                      "X": 1.0,
                      "Y": 1.0
                    }
                  ],
                  "Type": -1
                },
                "ctype": "ScaleValueFrameData"
              },
              {
                "X": 0.7987,
                "Y": 0.725,
                "FrameIndex": 5,
                "EasingData": {
                  "Points": [
                    {
                      "X": 0.0,
                      "Y": 0.0
                    },
                    {
                      "X": 0.0,
                      "Y": 0.0
                    },
                    {
                      "X": 1.0,
                      "Y": 0.54
                    },
                    {
                      "X": 1.0,
                      "Y": 1.0
                    }
                  ],
                  "Type": -1
                },
                "ctype": "ScaleValueFrameData"
              },
              {
                "X": 1.0,
                "Y": 0.243,
                "FrameIndex": 45,
                "EasingData": {
                  "Type": 0
                },
                "ctype": "ScaleValueFrameData"
              },
              {
                "X": 1.0,
                "Y": 0.243,
                "FrameIndex": 57,
                "EasingData": {
                  "Type": 0
                },
                "ctype": "ScaleValueFrameData"
              }
            ],
            "ctype": "TimelineData"
          },
          {
            "ActionTag": -824903621,
            "Property": "RotationSkew",
            "Frames": [
              {
                "X": 0.0,
                "Y": 0.0,
                "FrameIndex": 0,
                "EasingData": {
                  "Points": [
                    {
                      "X": 0.0,
                      "Y": 0.0
                    },
                    {
                      "X": 0.0,
                      "Y": 0.0
                    },
                    {
                      "X": 1.0,
                      "Y": 0.54
                    },
                    {
                      "X": 1.0,
                      "Y": 1.0
                    }
                  ],
                  "Type": -1
                },
                "ctype": "ScaleValueFrameData"
              },
              {
                "X": 0.0,
                "Y": 0.0,
                "FrameIndex": 5,
                "EasingData": {
                  "Points": [
                    {
                      "X": 0.0,
                      "Y": 0.0
                    },
                    {
                      "X": 0.0,
                      "Y": 0.0
                    },
                    {
                      "X": 1.0,
                      "Y": 0.54
                    },
                    {
                      "X": 1.0,
                      "Y": 1.0
                    }
                  ],
                  "Type": -1
                },
                "ctype": "ScaleValueFrameData"
              },
              {
                "X": 0.0,
                "Y": 0.0,
                "FrameIndex": 45,
                "EasingData": {
                  "Type": 0
                },
                "ctype": "ScaleValueFrameData"
              },
              {
                "X": 0.0,
                "Y": 0.0,
                "FrameIndex": 57,
                "EasingData": {
                  "Type": 0
                },
                "ctype": "ScaleValueFrameData"
              }
            ],
            "ctype": "TimelineData"
          },
          {
            "ActionTag": -824903621,
            "Property": "Alpha",
            "Frames": [
              {
                "Value": 0,
                "FrameIndex": 0,
                "EasingData": {
                  "Points": [
                    {
                      "X": 0.0,
                      "Y": 0.0
                    },
                    {
                      "X": 0.0,
                      "Y": 0.0
                    },
                    {
                      "X": 1.0,
                      "Y": 0.54
                    },
                    {
                      "X": 1.0,
                      "Y": 1.0
                    }
                  ],
                  "Type": -1
                },
                "ctype": "IntFrameData"
              },
              {
                "Value": 204,
                "FrameIndex": 5,
                "EasingData": {
                  "Points": [
                    {
                      "X": 0.0,
                      "Y": 0.0
                    },
                    {
                      "X": 0.0,
                      "Y": 0.0
                    },
                    {
                      "X": 1.0,
                      "Y": 0.54
                    },
                    {
                      "X": 1.0,
                      "Y": 1.0
                    }
                  ],
                  "Type": -1
                },
                "ctype": "IntFrameData"
              },
              {
                "Value": 102,
                "FrameIndex": 45,
                "EasingData": {
                  "Type": 0
                },
                "ctype": "IntFrameData"
              },
              {
                "Value": 0,
                "FrameIndex": 57,
                "EasingData": {
                  "Type": 0
                },
                "ctype": "IntFrameData"
              }
            ],
            "ctype": "TimelineData"
          },
          {
            "ActionTag": 951423089,
            "Property": "Position",
            "Frames": [
              {
                "X": -53.707,
                "Y": 0.0,
                "FrameIndex": 0,
                "EasingData": {
                  "Points": [
                    {
                      "X": 0.0,
                      "Y": 0.0
                    },
                    {
                      "X": 0.0,
                      "Y": 0.0
                    },
                    {
                      "X": 1.0,
                      "Y": 0.54
                    },
                    {
                      "X": 1.0,
                      "Y": 1.0
                    }
                  ],
                  "Type": -1
                },
                "ctype": "PointFrameData"
              },
              {
                "X": -51.707,
                "Y": 0.0,
                "FrameIndex": 5,
                "EasingData": {
                  "Points": [
                    {
                      "X": 0.0,
                      "Y": 0.0
                    },
                    {
                      "X": 0.0,
                      "Y": 0.0
                    },
                    {
                      "X": 1.0,
                      "Y": 0.54
                    },
                    {
                      "X": 1.0,
                      "Y": 1.0
                    }
                  ],
                  "Type": -1
                },
                "ctype": "PointFrameData"
              },
              {
                "X": -18.4,
                "Y": 0.0,
                "FrameIndex": 25,
                "EasingData": {
                  "Type": 2
                },
                "ctype": "PointFrameData"
              },
              {
                "X": 45.0,
                "Y": 0.0001,
                "FrameIndex": 45,
                "EasingData": {
                  "Type": 0
                },
                "ctype": "PointFrameData"
              }
            ],
            "ctype": "TimelineData"
          },
          {
            "ActionTag": 951423089,
            "Property": "Scale",
            "Frames": [
              {
                "X": 1.0,
                "Y": 0.9077,
                "FrameIndex": 0,
                "EasingData": {
                  "Points": [
                    {
                      "X": 0.0,
                      "Y": 0.0
                    },
                    {
                      "X": 0.0,
                      "Y": 0.0
                    },
                    {
                      "X": 1.0,
                      "Y": 0.54
                    },
                    {
                      "X": 1.0,
                      "Y": 1.0
                    }
                  ],
                  "Type": -1
                },
                "ctype": "ScaleValueFrameData"
              },
              {
                "X": 1.7503,
                "Y": 0.0892,
                "FrameIndex": 5,
                "EasingData": {
                  "Points": [
                    {
                      "X": 0.0,
                      "Y": 0.0
                    },
                    {
                      "X": 0.0,
                      "Y": 0.0
                    },
                    {
                      "X": 1.0,
                      "Y": 0.54
                    },
                    {
                      "X": 1.0,
                      "Y": 1.0
                    }
                  ],
                  "Type": -1
                },
                "ctype": "ScaleValueFrameData"
              },
              {
                "X": 1.5567,
                "Y": 0.0752,
                "FrameIndex": 25,
                "EasingData": {
                  "Type": 2
                },
                "ctype": "ScaleValueFrameData"
              },
              {
                "X": 1.1592,
                "Y": 0.0498,
                "FrameIndex": 45,
                "EasingData": {
                  "Type": 0
                },
                "ctype": "ScaleValueFrameData"
              }
            ],
            "ctype": "TimelineData"
          },
          {
            "ActionTag": 951423089,
            "Property": "RotationSkew",
            "Frames": [
              {
                "X": 0.0,
                "Y": 0.0,
                "FrameIndex": 0,
                "EasingData": {
                  "Points": [
                    {
                      "X": 0.0,
                      "Y": 0.0
                    },
                    {
                      "X": 0.0,
                      "Y": 0.0
                    },
                    {
                      "X": 1.0,
                      "Y": 0.54
                    },
                    {
                      "X": 1.0,
                      "Y": 1.0
                    }
                  ],
                  "Type": -1
                },
                "ctype": "ScaleValueFrameData"
              },
              {
                "X": 0.0,
                "Y": 0.0,
                "FrameIndex": 5,
                "EasingData": {
                  "Points": [
                    {
                      "X": 0.0,
                      "Y": 0.0
                    },
                    {
                      "X": 0.0,
                      "Y": 0.0
                    },
                    {
                      "X": 1.0,
                      "Y": 0.54
                    },
                    {
                      "X": 1.0,
                      "Y": 1.0
                    }
                  ],
                  "Type": -1
                },
                "ctype": "ScaleValueFrameData"
              },
              {
                "X": 0.0,
                "Y": 0.0,
                "FrameIndex": 25,
                "EasingData": {
                  "Type": 2
                },
                "ctype": "ScaleValueFrameData"
              },
              {
                "X": 0.0,
                "Y": 0.0,
                "FrameIndex": 45,
                "EasingData": {
                  "Type": 0
                },
                "ctype": "ScaleValueFrameData"
              }
            ],
            "ctype": "TimelineData"
          },
          {
            "ActionTag": 951423089,
            "Property": "Alpha",
            "Frames": [
              {
                "Value": 0,
                "FrameIndex": 0,
                "EasingData": {
                  "Points": [
                    {
                      "X": 0.0,
                      "Y": 0.0
                    },
                    {
                      "X": 0.0,
                      "Y": 0.0
                    },
                    {
                      "X": 1.0,
                      "Y": 0.54
                    },
                    {
                      "X": 1.0,
                      "Y": 1.0
                    }
                  ],
                  "Type": -1
                },
                "ctype": "IntFrameData"
              },
              {
                "Value": 0,
                "FrameIndex": 5,
                "EasingData": {
                  "Points": [
                    {
                      "X": 0.0,
                      "Y": 0.0
                    },
                    {
                      "X": 0.0,
                      "Y": 0.0
                    },
                    {
                      "X": 1.0,
                      "Y": 0.54
                    },
                    {
                      "X": 1.0,
                      "Y": 1.0
                    }
                  ],
                  "Type": -1
                },
                "ctype": "IntFrameData"
              },
              {
                "Value": 255,
                "FrameIndex": 25,
                "EasingData": {
                  "Type": 2
                },
                "ctype": "IntFrameData"
              },
              {
                "Value": 0,
                "FrameIndex": 45,
                "EasingData": {
                  "Type": 0
                },
                "ctype": "IntFrameData"
              }
            ],
            "ctype": "TimelineData"
          },
          {
            "ActionTag": 951423089,
            "Property": "VisibleForFrame",
            "Frames": [
              {
                "Value": true,
                "FrameIndex": 25,
                "Tween": false,
                "ctype": "BoolFrameData"
              }
            ],
            "ctype": "TimelineData"
          },
          {
            "ActionTag": 1908498815,
            "Property": "Position",
            "Frames": [
              {
                "X": 0.0005,
                "Y": -69.315,
                "FrameIndex": 5,
                "EasingData": {
                  "Type": 0
                },
                "ctype": "PointFrameData"
              }
            ],
            "ctype": "TimelineData"
          },
          {
            "ActionTag": -18811978,
            "Property": "Position",
            "Frames": [
              {
                "X": 0.0,
                "Y": 0.0,
                "FrameIndex": 75,
                "EasingData": {
                  "Type": 0
                },
                "ctype": "PointFrameData"
              }
            ],
            "ctype": "TimelineData"
          },
          {
            "ActionTag": -18811978,
            "Property": "Scale",
            "Frames": [
              {
                "X": 1.0,
                "Y": 1.0,
                "FrameIndex": 75,
                "EasingData": {
                  "Type": 0
                },
                "ctype": "ScaleValueFrameData"
              }
            ],
            "ctype": "TimelineData"
          },
          {
            "ActionTag": -18811978,
            "Property": "RotationSkew",
            "Frames": [
              {
                "X": 0.0,
                "Y": 0.0,
                "FrameIndex": 75,
                "EasingData": {
                  "Type": 0
                },
                "ctype": "ScaleValueFrameData"
              }
            ],
            "ctype": "TimelineData"
          },
          {
            "ActionTag": -18811978,
            "Property": "FileData",
            "Frames": [
              {
                "TextureFile": {
                  "Type": "PlistSubImage",
                  "Path": "DN_xiangkuang_guang001.png",
                  "Plist": "image/ui/animation/DN_xiangkuang_guang0.plist"
                },
                "FrameIndex": 0,
                "Tween": false,
                "ctype": "TextureFrameData"
              },
              {
                "TextureFile": {
                  "Type": "PlistSubImage",
                  "Path": "DN_xiangkuang_guang002.png",
                  "Plist": "image/ui/animation/DN_xiangkuang_guang0.plist"
                },
                "FrameIndex": 5,
                "Tween": false,
                "ctype": "TextureFrameData"
              },
              {
                "TextureFile": {
                  "Type": "PlistSubImage",
                  "Path": "DN_xiangkuang_guang003.png",
                  "Plist": "image/ui/animation/DN_xiangkuang_guang0.plist"
                },
                "FrameIndex": 10,
                "Tween": false,
                "ctype": "TextureFrameData"
              },
              {
                "TextureFile": {
                  "Type": "PlistSubImage",
                  "Path": "DN_xiangkuang_guang004.png",
                  "Plist": "image/ui/animation/DN_xiangkuang_guang0.plist"
                },
                "FrameIndex": 15,
                "Tween": false,
                "ctype": "TextureFrameData"
              },
              {
                "TextureFile": {
                  "Type": "PlistSubImage",
                  "Path": "DN_xiangkuang_guang005.png",
                  "Plist": "image/ui/animation/DN_xiangkuang_guang0.plist"
                },
                "FrameIndex": 20,
                "Tween": false,
                "ctype": "TextureFrameData"
              },
              {
                "TextureFile": {
                  "Type": "PlistSubImage",
                  "Path": "DN_xiangkuang_guang006.png",
                  "Plist": "image/ui/animation/DN_xiangkuang_guang0.plist"
                },
                "FrameIndex": 25,
                "Tween": false,
                "ctype": "TextureFrameData"
              },
              {
                "TextureFile": {
                  "Type": "PlistSubImage",
                  "Path": "DN_xiangkuang_guang007.png",
                  "Plist": "image/ui/animation/DN_xiangkuang_guang0.plist"
                },
                "FrameIndex": 30,
                "Tween": false,
                "ctype": "TextureFrameData"
              },
              {
                "TextureFile": {
                  "Type": "PlistSubImage",
                  "Path": "DN_xiangkuang_guang008.png",
                  "Plist": "image/ui/animation/DN_xiangkuang_guang0.plist"
                },
                "FrameIndex": 35,
                "Tween": false,
                "ctype": "TextureFrameData"
              },
              {
                "TextureFile": {
                  "Type": "PlistSubImage",
                  "Path": "DN_xiangkuang_guang009.png",
                  "Plist": "image/ui/animation/DN_xiangkuang_guang0.plist"
                },
                "FrameIndex": 40,
                "Tween": false,
                "ctype": "TextureFrameData"
              },
              {
                "TextureFile": {
                  "Type": "PlistSubImage",
                  "Path": "DN_xiangkuang_guang010.png",
                  "Plist": "image/ui/animation/DN_xiangkuang_guang0.plist"
                },
                "FrameIndex": 45,
                "Tween": false,
                "ctype": "TextureFrameData"
              },
              {
                "TextureFile": {
                  "Type": "PlistSubImage",
                  "Path": "DN_xiangkuang_guang011.png",
                  "Plist": "image/ui/animation/DN_xiangkuang_guang0.plist"
                },
                "FrameIndex": 50,
                "Tween": false,
                "ctype": "TextureFrameData"
              },
              {
                "TextureFile": {
                  "Type": "PlistSubImage",
                  "Path": "DN_xiangkuang_guang012.png",
                  "Plist": "image/ui/animation/DN_xiangkuang_guang0.plist"
                },
                "FrameIndex": 55,
                "Tween": false,
                "ctype": "TextureFrameData"
              },
              {
                "TextureFile": {
                  "Type": "PlistSubImage",
                  "Path": "DN_xiangkuang_guang013.png",
                  "Plist": "image/ui/animation/DN_xiangkuang_guang0.plist"
                },
                "FrameIndex": 60,
                "Tween": false,
                "ctype": "TextureFrameData"
              },
              {
                "TextureFile": {
                  "Type": "PlistSubImage",
                  "Path": "DN_xiangkuang_guang014.png",
                  "Plist": "image/ui/animation/DN_xiangkuang_guang0.plist"
                },
                "FrameIndex": 65,
                "Tween": false,
                "ctype": "TextureFrameData"
              },
              {
                "TextureFile": {
                  "Type": "PlistSubImage",
                  "Path": "DN_xiangkuang_guang015.png",
                  "Plist": "image/ui/animation/DN_xiangkuang_guang0.plist"
                },
                "FrameIndex": 70,
                "Tween": false,
                "ctype": "TextureFrameData"
              },
              {
                "TextureFile": {
                  "Type": "PlistSubImage",
                  "Path": "DN_xiangkuang_guang015.png",
                  "Plist": "image/ui/animation/DN_xiangkuang_guang0.plist"
                },
                "FrameIndex": 75,
                "Tween": false,
                "ctype": "TextureFrameData"
              }
            ],
            "ctype": "TimelineData"
          },
          {
            "ActionTag": -18811978,
            "Property": "VisibleForFrame",
            "Frames": [
              {
                "Value": true,
                "FrameIndex": 70,
                "Tween": false,
                "ctype": "BoolFrameData"
              },
              {
                "Value": false,
                "FrameIndex": 75,
                "Tween": false,
                "ctype": "BoolFrameData"
              }
            ],
            "ctype": "TimelineData"
          },
          {
            "ActionTag": -18811978,
            "Property": "BlendFunc",
            "Frames": [
              {
                "Src": 770,
                "Dst": 1,
                "FrameIndex": 0,
                "Tween": false,
                "ctype": "BlendFuncFrameData"
              },
              {
                "Src": 770,
                "Dst": 1,
                "FrameIndex": 30,
                "Tween": false,
                "ctype": "BlendFuncFrameData"
              }
            ],
            "ctype": "TimelineData"
          },
          {
            "ActionTag": 2090346575,
            "Property": "Position",
            "Frames": [
              {
                "X": 0.0,
                "Y": 0.0,
                "FrameIndex": 50,
                "EasingData": {
                  "Type": 0
                },
                "ctype": "PointFrameData"
              },
              {
                "X": 0.0,
                "Y": 0.0,
                "FrameIndex": 75,
                "EasingData": {
                  "Type": 0
                },
                "ctype": "PointFrameData"
              }
            ],
            "ctype": "TimelineData"
          },
          {
            "ActionTag": 2090346575,
            "Property": "Scale",
            "Frames": [
              {
                "X": 1.0,
                "Y": 1.0,
                "FrameIndex": 50,
                "EasingData": {
                  "Type": 0
                },
                "ctype": "ScaleValueFrameData"
              },
              {
                "X": 1.0,
                "Y": 1.0,
                "FrameIndex": 75,
                "EasingData": {
                  "Type": 0
                },
                "ctype": "ScaleValueFrameData"
              }
            ],
            "ctype": "TimelineData"
          },
          {
            "ActionTag": 2090346575,
            "Property": "RotationSkew",
            "Frames": [
              {
                "X": 0.0,
                "Y": 0.0,
                "FrameIndex": 50,
                "EasingData": {
                  "Type": 0
                },
                "ctype": "ScaleValueFrameData"
              },
              {
                "X": 0.0,
                "Y": 0.0,
                "FrameIndex": 75,
                "EasingData": {
                  "Type": 0
                },
                "ctype": "ScaleValueFrameData"
              }
            ],
            "ctype": "TimelineData"
          },
          {
            "ActionTag": 2090346575,
            "Property": "Alpha",
            "Frames": [
              {
                "Value": 255,
                "FrameIndex": 50,
                "EasingData": {
                  "Type": 0
                },
                "ctype": "IntFrameData"
              },
              {
                "Value": 0,
                "FrameIndex": 75,
                "EasingData": {
                  "Type": 0
                },
                "ctype": "IntFrameData"
              }
            ],
            "ctype": "TimelineData"
          }
        ],
        "ctype": "TimelineActionData"
      },
      "AnimationList": [
        {
          "StartIndex": 0,
          "EndIndex": 75,
          "Name": "action",
          "ctype": "AnimationInfoData"
        }
      ],
      "ObjectData": {
        "Tag": 16,
        "Children": [
          {
            "AnchorPoint": {},
            "Position": {
              "X": 0.0,
              "Y": 0.0
            },
            "Scale": {
              "ScaleX": 1.0,
              "ScaleY": 1.0
            },
            "CColor": {},
            "IconVisible": true,
            "PrePosition": {
              "X": 0.0,
              "Y": 0.0
            },
            "PreSize": {
              "X": 0.0,
              "Y": 0.0
            },
            "Tag": 60,
            "Children": [
              {
                "FileData": {
                  "Type": "Normal",
                  "Path": "image/ui/animation/DN_niu_guang02.png",
                  "Plist": ""
                },
                "BlendFunc": {
                  "Src": 1,
                  "Dst": 771
                },
                "AnchorPoint": {
                  "ScaleX": 0.5,
                  "ScaleY": 0.5
                },
                "Position": {
                  "X": 0.0,
                  "Y": -11.0
                },
                "Scale": {
                  "ScaleX": 0.8,
                  "ScaleY": 1.5
                },
                "CColor": {},
                "IconVisible": false,
                "PrePosition": {
                  "X": 0.0,
                  "Y": 0.0
                },
                "PreSize": {
                  "X": 0.0,
                  "Y": 0.0
                },
                "LeftMargin": -80.0,
                "RightMargin": -80.0,
                "TopMargin": -36.5,
                "BottomMargin": -58.5,
                "Tag": 98,
                "ActionTag": -1994047698,
                "Size": {
                  "X": 160.0,
                  "Y": 95.0
                },
                "Alpha": 0,
                "Name": "DN_niu_guang02_7",
                "ctype": "SpriteObjectData"
              },
              {
                "AnchorPoint": {},
                "Position": {
                  "X": 0.0005,
                  "Y": -69.315
                },
                "Scale": {
                  "ScaleX": 0.8659,
                  "ScaleY": 1.0
                },
                "CColor": {},
                "IconVisible": true,
                "PrePosition": {
                  "X": 0.0,
                  "Y": 0.0
                },
                "PreSize": {
                  "X": 0.0,
                  "Y": 0.0
                },
                "LeftMargin": 0.0005,
                "RightMargin": -0.0005,
                "TopMargin": 69.315,
                "BottomMargin": -69.315,
                "Tag": 101,
                "Children": [
                  {
                    "FileData": {
                      "Type": "Normal",
                      "Path": "image/ui/animation/DN_niu_guang01.png",
                      "Plist": ""
                    },
                    "BlendFunc": {
                      "Src": 770,
                      "Dst": 1
                    },
                    "AnchorPoint": {
                      "ScaleX": 0.5,
                      "ScaleY": 0.5
                    },
                    "Position": {
                      "X": 60.0,
                      "Y": 0.0001
                    },
                    "Scale": {
                      "ScaleX": 1.0,
                      "ScaleY": 0.243
                    },
                    "CColor": {},
                    "IconVisible": false,
                    "PrePosition": {
                      "X": 0.0,
                      "Y": 0.0
                    },
                    "PreSize": {
                      "X": 0.0,
                      "Y": 0.0
                    },
                    "LeftMargin": -68.0,
                    "RightMargin": -188.0,
                    "TopMargin": -128.0001,
                    "BottomMargin": -127.9999,
                    "Tag": 59,
                    "ActionTag": -824903621,
                    "Size": {
                      "X": 256.0,
                      "Y": 256.0
                    },
                    "Alpha": 0,
                    "Name": "DN_niu_guang_1",
                    "ctype": "SpriteObjectData"
                  },
                  {
                    "FileData": {
                      "Type": "Normal",
                      "Path": "image/ui/animation/DN_niu_guang01.png",
                      "Plist": ""
                    },
                    "BlendFunc": {
                      "Src": 770,
                      "Dst": 1
                    },
                    "AnchorPoint": {
                      "ScaleX": 0.5,
                      "ScaleY": 0.5
                    },
                    "Position": {
                      "X": 45.0,
                      "Y": 0.0001
                    },
                    "Scale": {
                      "ScaleX": 1.1592,
                      "ScaleY": 0.0498
                    },
                    "CColor": {},
                    "IconVisible": false,
                    "PrePosition": {
                      "X": 0.0,
                      "Y": 0.0
                    },
                    "PreSize": {
                      "X": 0.0,
                      "Y": 0.0
                    },
                    "LeftMargin": -83.0,
                    "RightMargin": -173.0,
                    "TopMargin": -128.0001,
                    "BottomMargin": -127.9999,
                    "Tag": 100,
                    "ActionTag": 951423089,
                    "Size": {
                      "X": 256.0,
                      "Y": 256.0
                    },
                    "Alpha": 0,
                    "Name": "DN_niu_guang_1_0",
                    "ctype": "SpriteObjectData"
                  }
                ],
                "ActionTag": 1908498815,
                "Size": {
                  "X": 0.0,
                  "Y": 0.0
                },
                "Name": "Node_7",
                "ctype": "SingleNodeObjectData"
              },
              {
                "AnchorPoint": {},
                "Position": {
                  "X": 0.0,
                  "Y": 0.0
                },
                "Scale": {
                  "ScaleX": 1.0,
                  "ScaleY": 1.0
                },
                "CColor": {},
                "IconVisible": true,
                "PrePosition": {
                  "X": 0.0,
                  "Y": 0.0
                },
                "PreSize": {
                  "X": 0.0,
                  "Y": 0.0
                },
                "Tag": 381,
                "Children": [
                  {
                    "FileData": {
                      "Type": "PlistSubImage",
                      "Path": "DN_xiangkuang_guang014.png",
                      "Plist": "image/ui/animation/DN_xiangkuang_guang0.plist"
                    },
                    "BlendFunc": {
                      "Src": 770,
                      "Dst": 1
                    },
                    "AnchorPoint": {
                      "ScaleX": 0.5,
                      "ScaleY": 0.5
                    },
                    "Position": {
                      "X": 0.0,
                      "Y": 0.0
                    },
                    "Scale": {
                      "ScaleX": 1.0,
                      "ScaleY": 1.0
                    },
                    "CColor": {},
                    "IconVisible": false,
                    "PrePosition": {
                      "X": 0.0,
                      "Y": 0.0
                    },
                    "PreSize": {
                      "X": 0.0,
                      "Y": 0.0
                    },
                    "LeftMargin": -80.0,
                    "RightMargin": -80.0,
                    "TopMargin": -43.0,
                    "BottomMargin": -43.0,
                    "Tag": 382,
                    "ActionTag": -18811978,
                    "Size": {
                      "X": 160.0,
                      "Y": 86.0
                    },
                    "Name": "Sprite_1",
                    "ctype": "SpriteObjectData"
                  }
                ],
                "ActionTag": 2090346575,
                "Size": {
                  "X": 0.0,
                  "Y": 0.0
                },
                "Alpha": 81,
                "Name": "Node_1",
                "ctype": "SingleNodeObjectData"
              }
            ],
            "ActionTag": 39745678,
            "Size": {
              "X": 0.0,
              "Y": 0.0
            },
            "Name": "Node_3",
            "ctype": "SingleNodeObjectData"
          }
        ],
        "Size": {
          "X": 0.0,
          "Y": 0.0
        },
        "Name": "Node",
        "ctype": "SingleNodeObjectData"
      },
      "UsedResources": [
        "../../image/ui/animation/DN_niu_guang01.png",
        "../../image/ui/animation/DN_niu_guang02.png",
        "../../image/ui/animation/DN_xiangkuang_guang0.plist",
        "../../image/ui/animation/DN_xiangkuang_guang0.png"
      ],
      "ctype": "GameFileData"
    }
  },
  "Type": "Node"
}