{
  "ID": "6ec77e51-a096-4748-bd58-6d2398138633",
  "Version": "3.10.0.0",
  "Name": "expression09",
  "Content": {
    "Content": {
      "Animation": {
        "Duration": 127,
        "Speed": 1.0,
        "Timelines": [
          {
            "ActionTag": -511689926,
            "Property": "Position",
            "Frames": [
              {
                "X": 0.0,
                "Y": 0.0,
                "FrameIndex": 127,
                "EasingData": {
                  "Type": 0
                },
                "ctype": "PointFrameData"
              }
            ],
            "ctype": "TimelineData"
          },
          {
            "ActionTag": -511689926,
            "Property": "Scale",
            "Frames": [
              {
                "X": 1.0,
                "Y": 1.0,
                "FrameIndex": 127,
                "EasingData": {
                  "Type": 0
                },
                "ctype": "ScaleValueFrameData"
              }
            ],
            "ctype": "TimelineData"
          },
          {
            "ActionTag": -511689926,
            "Property": "RotationSkew",
            "Frames": [
              {
                "X": 0.0,
                "Y": 0.0,
                "FrameIndex": 127,
                "EasingData": {
                  "Type": 0
                },
                "ctype": "ScaleValueFrameData"
              }
            ],
            "ctype": "TimelineData"
          },
          {
            "ActionTag": -511689926,
            "Property": "FileData",
            "Frames": [
              {
                "TextureFile": {
                  "Type": "PlistSubImage",
                  "Path": "expression901.png",
                  "Plist": "image/ui/animation/expression.plist"
                },
                "FrameIndex": 0,
                "Tween": false,
                "ctype": "TextureFrameData"
              },
              {
                "TextureFile": {
                  "Type": "PlistSubImage",
                  "Path": "expression902.png",
                  "Plist": "image/ui/animation/expression.plist"
                },
                "FrameIndex": 8,
                "Tween": false,
                "ctype": "TextureFrameData"
              },
              {
                "TextureFile": {
                  "Type": "PlistSubImage",
                  "Path": "expression903.png",
                  "Plist": "image/ui/animation/expression.plist"
                },
                "FrameIndex": 16,
                "Tween": false,
                "ctype": "TextureFrameData"
              },
              {
                "TextureFile": {
                  "Type": "PlistSubImage",
                  "Path": "expression904.png",
                  "Plist": "image/ui/animation/expression.plist"
                },
                "FrameIndex": 24,
                "Tween": false,
                "ctype": "TextureFrameData"
              },
              {
                "TextureFile": {
                  "Type": "PlistSubImage",
                  "Path": "expression905.png",
                  "Plist": "image/ui/animation/expression.plist"
                },
                "FrameIndex": 32,
                "Tween": false,
                "ctype": "TextureFrameData"
              },
              {
                "TextureFile": {
                  "Type": "PlistSubImage",
                  "Path": "expression906.png",
                  "Plist": "image/ui/animation/expression.plist"
                },
                "FrameIndex": 40,
                "Tween": false,
                "ctype": "TextureFrameData"
              },
              {
                "TextureFile": {
                  "Type": "PlistSubImage",
                  "Path": "expression907.png",
                  "Plist": "image/ui/animation/expression.plist"
                },
                "FrameIndex": 48,
                "Tween": false,
                "ctype": "TextureFrameData"
              },
              {
                "TextureFile": {
                  "Type": "PlistSubImage",
                  "Path": "expression908.png",
                  "Plist": "image/ui/animation/expression.plist"
                },
                "FrameIndex": 56,
                "Tween": false,
                "ctype": "TextureFrameData"
              },
              {
                "TextureFile": {
                  "Type": "PlistSubImage",
                  "Path": "expression901.png",
                  "Plist": "image/ui/animation/expression.plist"
                },
                "FrameIndex": 64,
                "Tween": false,
                "ctype": "TextureFrameData"
              },
              {
                "TextureFile": {
                  "Type": "PlistSubImage",
                  "Path": "expression902.png",
                  "Plist": "image/ui/animation/expression.plist"
                },
                "FrameIndex": 72,
                "Tween": false,
                "ctype": "TextureFrameData"
              },
              {
                "TextureFile": {
                  "Type": "PlistSubImage",
                  "Path": "expression903.png",
                  "Plist": "image/ui/animation/expression.plist"
                },
                "FrameIndex": 80,
                "Tween": false,
                "ctype": "TextureFrameData"
              },
              {
                "TextureFile": {
                  "Type": "PlistSubImage",
                  "Path": "expression904.png",
                  "Plist": "image/ui/animation/expression.plist"
                },
                "FrameIndex": 88,
                "Tween": false,
                "ctype": "TextureFrameData"
              },
              {
                "TextureFile": {
                  "Type": "PlistSubImage",
                  "Path": "expression905.png",
                  "Plist": "image/ui/animation/expression.plist"
                },
                "FrameIndex": 96,
                "Tween": false,
                "ctype": "TextureFrameData"
              },
              {
                "TextureFile": {
                  "Type": "PlistSubImage",
                  "Path": "expression906.png",
                  "Plist": "image/ui/animation/expression.plist"
                },
                "FrameIndex": 104,
                "Tween": false,
                "ctype": "TextureFrameData"
              },
              {
                "TextureFile": {
                  "Type": "PlistSubImage",
                  "Path": "expression907.png",
                  "Plist": "image/ui/animation/expression.plist"
                },
                "FrameIndex": 112,
                "Tween": false,
                "ctype": "TextureFrameData"
              },
              {
                "TextureFile": {
                  "Type": "PlistSubImage",
                  "Path": "expression908.png",
                  "Plist": "image/ui/animation/expression.plist"
                },
                "FrameIndex": 120,
                "Tween": false,
                "ctype": "TextureFrameData"
              },
              {
                "TextureFile": {
                  "Type": "PlistSubImage",
                  "Path": "expression908.png",
                  "Plist": "image/ui/animation/expression.plist"
                },
                "FrameIndex": 127,
                "Tween": false,
                "ctype": "TextureFrameData"
              }
            ],
            "ctype": "TimelineData"
          }
        ],
        "ctype": "TimelineActionData"
      },
      "AnimationList": [
        {
          "StartIndex": 0,
          "EndIndex": 127,
          "Name": "action",
          "ctype": "AnimationInfoData"
        }
      ],
      "ObjectData": {
        "Tag": 34,
        "Children": [
          {
            "AnchorPoint": {},
            "Position": {
              "X": 0.0,
              "Y": 0.0
            },
            "Scale": {
              "ScaleX": 1.0,
              "ScaleY": 1.0
            },
            "CColor": {},
            "IconVisible": true,
            "PrePosition": {
              "X": 0.0,
              "Y": 0.0
            },
            "PreSize": {
              "X": 0.0,
              "Y": 0.0
            },
            "Tag": 35,
            "Children": [
              {
                "FileData": {
                  "Type": "PlistSubImage",
                  "Path": "expression902.png",
                  "Plist": "image/ui/animation/expression.plist"
                },
                "BlendFunc": {
                  "Src": 1,
                  "Dst": 771
                },
                "AnchorPoint": {
                  "ScaleX": 0.5,
                  "ScaleY": 0.5
                },
                "Position": {
                  "X": 0.0,
                  "Y": 0.0
                },
                "Scale": {
                  "ScaleX": 1.0,
                  "ScaleY": 1.0
                },
                "CColor": {},
                "IconVisible": false,
                "PrePosition": {
                  "X": 0.0,
                  "Y": 0.0
                },
                "PreSize": {
                  "X": 0.0,
                  "Y": 0.0
                },
                "LeftMargin": -82.5,
                "RightMargin": -82.5,
                "TopMargin": -82.5,
                "BottomMargin": -82.5,
                "Tag": 37,
                "ActionTag": -511689926,
                "Size": {
                  "X": 165.0,
                  "Y": 165.0
                },
                "Name": "Sprite_2",
                "ctype": "SpriteObjectData"
              }
            ],
            "ActionTag": -1963636210,
            "Size": {
              "X": 0.0,
              "Y": 0.0
            },
            "Name": "Node_1",
            "ctype": "SingleNodeObjectData"
          }
        ],
        "Size": {
          "X": 0.0,
          "Y": 0.0
        },
        "Name": "Node",
        "ctype": "SingleNodeObjectData"
      },
      "UsedResources": [
        "../../image/ui/animation/expression.plist",
        "../../image/ui/animation/expression.png"
      ],
      "ctype": "GameFileData"
    }
  },
  "Type": "Node"
}