{"skeleton":{"hash":"l1kBQng+GXjvLhP1JM9WC8hcevA","spine":"3.6.36","width":0,"height":0,"images":"./images/"},"bones":[{"name":"root"},{"name":"zong","parent":"root","x":642.24,"y":401.67},{"name":"anniu1","parent":"zong","x":-148.56,"y":-315.12},{"name":"anniu2","parent":"zong","x":141.8,"y":-312.26},{"name":"jiangbei","parent":"zong","length":183.02,"rotation":91.12,"x":2.33,"y":-39.78},{"name":"bone","parent":"jiangbei","rotation":-91.12,"x":166.94,"y":200,"scaleX":2,"scaleY":2},{"name":"bone2","parent":"jiangbei","rotation":-91.12,"x":158.93,"y":-208.7,"scaleX":-2,"scaleY":2},{"name":"bone3","parent":"root","x":638.52,"y":517.76},{"name":"guang","parent":"zong","x":-2.52,"y":90.85},{"name":"guang2","parent":"zong","x":-2.02,"y":108.26,"scaleX":12,"scaleY":12},{"name":"huojiang","parent":"zong","x":5.66,"y":-195.17},{"name":"liuguang","parent":"zong","x":-2.77,"y":95.07,"scaleX":4,"scaleY":4},{"name":"maisui","parent":"zong","length":130.46,"rotation":58.5,"x":156.62,"y":-24.53},{"name":"maisui2","parent":"zong","length":130.46,"rotation":121.41,"x":-158.64,"y":-24.53,"scaleY":-1},{"name":"majiangkuai","parent":"zong","x":-85.77,"y":-28.22},{"name":"touzi","parent":"zong","x":87.42,"y":-34.43},{"name":"xing","parent":"zong","x":-116.42,"y":243.87},{"name":"xing2","parent":"zong","x":-116.42,"y":243.87},{"name":"xing3","parent":"zong","x":-116.42,"y":243.87},{"name":"xing4","parent":"zong","x":-116.42,"y":243.87},{"name":"zi","parent":"zong","x":-0.07,"y":-88.99}],"slots":[{"name":"beijing","bone":"root"},{"name":"huojiang","bone":"huojiang"},{"name":"guang","bone":"guang"},{"name":"guang2","bone":"guang2","blend":"additive"},{"name":"maisui","bone":"maisui"},{"name":"maisui3","bone":"maisui2"},{"name":"jiangbei","bone":"jiangbei"},{"name":"touzi","bone":"touzi"},{"name":"majiangkuai","bone":"majiangkuai"},{"name":"liuguang01","bone":"liuguang","color":"fff2aac7","blend":"additive"},{"name":"dai","bone":"zi"},{"name":"xing","bone":"xing","blend":"additive"},{"name":"xing2","bone":"xing2","blend":"additive"},{"name":"xing3","bone":"xing3","blend":"additive"},{"name":"xing4","bone":"xing4","blend":"additive"},{"name":"anniu2","bone":"anniu2"},{"name":"anniu1","bone":"anniu1"},{"name":"zi","bone":"zi"},{"name":"feixing01","bone":"bone","blend":"additive"},{"name":"feixing1","bone":"bone2","blend":"additive"},{"name":"box_guang3","bone":"bone3","blend":"additive"}],"skins":{"default":{"box_guang3":{"box_guang3":{"scaleX":2.569,"scaleY":2.569,"rotation":70.05,"width":256,"height":256}},"dai":{"dai":{"x":-0.67,"y":8.82,"width":539,"height":129}},"feixing01":{"feixing07":{"width":141,"height":182},"feixing09":{"width":141,"height":182},"feixing11":{"width":141,"height":182},"feixing13":{"width":141,"height":182},"feixing15":{"width":141,"height":182},"feixing17":{"width":141,"height":182},"feixing19":{"width":141,"height":182},"feixing21":{"width":141,"height":182},"feixing23":{"width":141,"height":182},"feixing25":{"width":141,"height":182},"feixing27":{"width":141,"height":182}},"feixing1":{"feixing07":{"width":141,"height":182},"feixing09":{"width":141,"height":182},"feixing11":{"width":141,"height":182},"feixing13":{"width":141,"height":182},"feixing15":{"width":141,"height":182},"feixing17":{"width":141,"height":182},"feixing19":{"width":141,"height":182},"feixing21":{"width":141,"height":182},"feixing23":{"width":141,"height":182},"feixing25":{"width":141,"height":182},"feixing27":{"width":141,"height":182}},"guang":{"guang":{"scaleX":2,"scaleY":2,"width":273,"height":273}},"guang2":{"guang2":{"width":50,"height":50}},"jiangbei":{"jiangbei":{"x":130.64,"y":0.51,"rotation":-91.12,"width":409,"height":335}},"liuguang01":{"liuguang02":{"width":105,"height":89},"liuguang04":{"width":105,"height":89},"liuguang06":{"width":105,"height":89},"liuguang07":{"width":105,"height":89},"liuguang08":{"width":105,"height":89},"liuguang09":{"width":105,"height":89},"liuguang10":{"width":105,"height":89},"liuguang11":{"width":105,"height":89},"liuguang12":{"width":105,"height":89},"liuguang13":{"width":105,"height":89},"liuguang14":{"width":105,"height":89},"liuguang15":{"width":105,"height":89},"liuguang17":{"width":105,"height":89},"liuguang19":{"width":105,"height":89}},"maisui":{"maisui":{"x":91.86,"y":11.56,"rotation":-58.5,"width":110,"height":191}},"maisui3":{"maisui":{"x":91.86,"y":11.56,"rotation":-58.5,"width":110,"height":191}},"majiangkuai":{"majiangkuai":{"x":0.53,"y":-6.95,"width":126,"height":87}},"touzi":{"touzi":{"x":-1.66,"y":-3.24,"width":86,"height":82}},"xing":{"xing":{"x":0.18,"y":0.96,"width":50,"height":51}},"xing2":{"xing":{"x":0.18,"y":0.96,"width":50,"height":51}},"xing3":{"xing":{"x":0.18,"y":0.96,"width":50,"height":51}},"xing4":{"xing":{"x":0.18,"y":0.96,"width":50,"height":51}},"zi":{"zi":{"x":-0.17,"y":0.32,"width":208,"height":128}}}},"animations":{"huojiang1":{"slots":{"box_guang3":{"color":[{"time":0.1667,"color":"fffffffe"},{"time":0.5,"color":"ffffff00"}],"attachment":[{"time":0.1667,"name":"box_guang3"}]},"dai":{"attachment":[{"time":0.1333,"name":"dai"}]},"feixing01":{"attachment":[{"time":0.4,"name":"feixing07"},{"time":0.4667,"name":"feixing09"},{"time":0.5333,"name":"feixing11"},{"time":0.6,"name":"feixing13"},{"time":0.6667,"name":"feixing15"},{"time":0.7333,"name":"feixing17"},{"time":0.8,"name":"feixing19"},{"time":0.8667,"name":"feixing21"},{"time":0.9333,"name":"feixing23"},{"time":1,"name":"feixing25"},{"time":1.0667,"name":"feixing27"},{"time":1.1333,"name":null}]},"feixing1":{"attachment":[{"time":0.3333,"name":"feixing07"},{"time":0.4,"name":"feixing09"},{"time":0.4667,"name":"feixing11"},{"time":0.5333,"name":"feixing13"},{"time":0.6,"name":"feixing15"},{"time":0.6667,"name":"feixing17"},{"time":0.7333,"name":"feixing19"},{"time":0.8,"name":"feixing21"},{"time":0.8667,"name":"feixing23"},{"time":0.9333,"name":"feixing25"},{"time":1,"name":"feixing27"},{"time":1.0667,"name":null}]},"guang":{"color":[{"time":0.2,"color":"ffffff00"},{"time":0.3667,"color":"fffffffe"}],"attachment":[{"time":0.2,"name":"guang"},{"time":3.5,"name":null}]},"guang2":{"color":[{"time":0.2667,"color":"ffffff00"},{"time":0.4,"color":"fffffffe"}],"attachment":[{"time":0.2667,"name":"guang2"},{"time":1.5333,"name":"guang2"},{"time":3.5,"name":null}]},"jiangbei":{"attachment":[{"time":0,"name":"jiangbei"}]},"liuguang01":{"attachment":[{"time":0.5,"name":"liuguang02"},{"time":0.5667,"name":"liuguang04"},{"time":0.6333,"name":"liuguang06"},{"time":0.7,"name":"liuguang07"},{"time":0.7667,"name":"liuguang08"},{"time":0.8333,"name":"liuguang09"},{"time":0.9,"name":"liuguang10"},{"time":0.9667,"name":"liuguang11"},{"time":1.0333,"name":"liuguang12"},{"time":1.1,"name":"liuguang13"},{"time":1.1667,"name":"liuguang14"},{"time":1.2333,"name":"liuguang15"},{"time":1.3,"name":"liuguang17"},{"time":1.3667,"name":"liuguang19"},{"time":1.4333,"name":null},{"time":2.2667,"name":"liuguang02"},{"time":2.3333,"name":"liuguang04"},{"time":2.4,"name":"liuguang06"},{"time":2.4667,"name":"liuguang07"},{"time":2.5333,"name":"liuguang08"},{"time":2.6,"name":"liuguang09"},{"time":2.6667,"name":"liuguang10"},{"time":2.7333,"name":"liuguang11"},{"time":2.8,"name":"liuguang12"},{"time":2.8667,"name":"liuguang13"},{"time":2.9333,"name":"liuguang14"},{"time":3,"name":"liuguang15"},{"time":3.0667,"name":"liuguang17"},{"time":3.1333,"name":"liuguang19"},{"time":3.2,"name":null}]},"maisui":{"attachment":[{"time":0.2333,"name":"maisui"},{"time":0.4,"name":"maisui"},{"time":0.5333,"name":"maisui"}]},"maisui3":{"attachment":[{"time":0.2667,"name":"maisui"},{"time":0.4333,"name":"maisui"},{"time":0.5667,"name":"maisui"}]},"majiangkuai":{"attachment":[{"time":0.1333,"name":"majiangkuai"}]},"touzi":{"attachment":[{"time":0.1333,"name":"touzi"}]},"xing":{"color":[{"time":0.3333,"color":"ffffff00"},{"time":0.5333,"color":"fffffffe"},{"time":0.7333,"color":"ffffff00","curve":"stepped"},{"time":1.3333,"color":"ffffff00"},{"time":1.5333,"color":"fffffffe"},{"time":1.7333,"color":"ffffff00","curve":"stepped"},{"time":2.6667,"color":"ffffff00"},{"time":2.8667,"color":"fffffffe"},{"time":3.0667,"color":"ffffff00"}],"attachment":[{"time":0.3333,"name":"xing"},{"time":1.3333,"name":"xing"},{"time":2.6667,"name":"xing"}]},"xing2":{"color":[{"time":0.6333,"color":"ffffff00"},{"time":0.8333,"color":"fffffffe"},{"time":1.0333,"color":"ffffff00","curve":"stepped"},{"time":1.9,"color":"ffffff00"},{"time":2.1,"color":"fffffffe"},{"time":2.3,"color":"ffffff00","curve":"stepped"},{"time":3.1,"color":"ffffff00"},{"time":3.3,"color":"fffffffe"},{"time":3.5,"color":"ffffff00"}],"attachment":[{"time":0.6333,"name":"xing"},{"time":1.9,"name":"xing"},{"time":3.1,"name":"xing"}]},"xing3":{"color":[{"time":0.8,"color":"ffffff00"},{"time":1,"color":"fffffffe"},{"time":1.2,"color":"ffffff00","curve":"stepped"},{"time":1.6667,"color":"ffffff00"},{"time":1.8667,"color":"fffffffe"},{"time":2.0667,"color":"ffffff00","curve":"stepped"},{"time":2.4,"color":"ffffff00"},{"time":2.6,"color":"fffffffe"},{"time":2.8,"color":"ffffff00"}],"attachment":[{"time":0.8,"name":"xing"},{"time":1.6667,"name":"xing"},{"time":2.4,"name":"xing"}]},"xing4":{"color":[{"time":1.1,"color":"ffffff00"},{"time":1.3,"color":"fffffffe"},{"time":1.5,"color":"ffffff00","curve":"stepped"},{"time":2.1667,"color":"ffffff00"},{"time":2.3667,"color":"fffffffe"},{"time":2.5667,"color":"ffffff00","curve":"stepped"},{"time":2.9333,"color":"ffffff00"},{"time":3.1333,"color":"fffffffe"},{"time":3.3333,"color":"ffffff00"}],"attachment":[{"time":1.1,"name":"xing"},{"time":2.1667,"name":"xing"},{"time":2.9333,"name":"xing"}]},"zi":{"attachment":[{"time":0.1333,"name":"zi"}]}},"bones":{"jiangbei":{"translate":[{"time":0,"x":0,"y":403.65,"curve":[0.25,0,1,0.8]},{"time":0.1667,"x":0,"y":-56.68,"curve":[0.25,0,0.75,1]},{"time":0.3333,"x":0,"y":10.52,"curve":[0.25,0,0.75,1]},{"time":0.5,"x":0,"y":-4.74,"curve":[0.25,0,0.75,1]},{"time":0.6667,"x":0,"y":0,"curve":"stepped"},{"time":1.3333,"x":0,"y":0}],"scale":[{"time":0,"x":1.2,"y":1.2},{"time":0.1667,"x":1,"y":1}]},"zi":{"translate":[{"time":1.3333,"x":0,"y":0}],"scale":[{"time":0.1333,"x":2.373,"y":2.373,"curve":[0.25,0,1,0.7]},{"time":0.2333,"x":0.8,"y":0.8,"curve":[0,0.4,0.75,1]},{"time":0.3,"x":1,"y":1}]},"touzi":{"translate":[{"time":0.1333,"x":0,"y":-50.57,"curve":[0,0.6,0.75,1]},{"time":0.4,"x":0,"y":43.34},{"time":0.5667,"x":0,"y":0},{"time":0.7333,"x":0,"y":4.24},{"time":0.9,"x":0,"y":0,"curve":"stepped"},{"time":1.3333,"x":0,"y":0}]},"majiangkuai":{"translate":[{"time":0.1333,"x":0,"y":-50.57,"curve":[0,0.6,0.75,1]},{"time":0.4,"x":0,"y":36.12},{"time":0.5667,"x":0,"y":0},{"time":0.7333,"x":0,"y":1.64},{"time":0.9,"x":0,"y":0,"curve":"stepped"},{"time":1.3333,"x":0,"y":0}]},"maisui2":{"rotate":[{"time":0.2667,"angle":30.03,"curve":[0,0.4,0.75,1]},{"time":0.4333,"angle":-8,"curve":[0.25,0,0.75,1]},{"time":0.5667,"angle":0}],"translate":[{"time":0.2667,"x":38.69,"y":-53.82,"curve":[0,0.4,0.75,1]},{"time":0.4333,"x":0,"y":0,"curve":"stepped"},{"time":0.5667,"x":0,"y":0}],"scale":[{"time":0.2667,"x":0.532,"y":0.532,"curve":[0,0.4,0.75,1]},{"time":0.4333,"x":1.2,"y":1.2,"curve":[0.25,0,0.75,1]},{"time":0.5667,"x":1,"y":1}]},"maisui":{"rotate":[{"time":0.2333,"angle":-30.46,"curve":[0,0.4,0.75,1]},{"time":0.4,"angle":6.74},{"time":0.5333,"angle":0}],"translate":[{"time":0.2333,"x":-30.28,"y":-43.73,"curve":[0,0.4,0.75,1]},{"time":0.4,"x":0,"y":0,"curve":"stepped"},{"time":0.5333,"x":0,"y":0}],"scale":[{"time":0.2333,"x":0.457,"y":0.457,"curve":[0,0.4,0.75,1]},{"time":0.4,"x":1.2,"y":1.2,"curve":[0.25,0,0.75,1]},{"time":0.5333,"x":1,"y":1}]},"guang":{"rotate":[{"time":0.2,"angle":0},{"time":1.8667,"angle":-90.91},{"time":3.5,"angle":180}],"scale":[{"time":0.2,"x":0.635,"y":0.635},{"time":0.5,"x":1,"y":1}]},"xing":{"translate":[{"time":0.3333,"x":0,"y":0,"curve":"stepped"},{"time":0.7333,"x":0,"y":0},{"time":1.3333,"x":233.94,"y":-209.43,"curve":"stepped"},{"time":1.7333,"x":233.94,"y":-209.43},{"time":2.6667,"x":192.86,"y":-164.87,"curve":"stepped"},{"time":3.0667,"x":192.86,"y":-164.87}],"scale":[{"time":0.3333,"x":1,"y":1,"curve":[0,0.75,0.974,1.01]},{"time":0.5333,"x":1.837,"y":1.837},{"time":0.7333,"x":1,"y":1,"curve":"stepped"},{"time":1.3333,"x":1,"y":1,"curve":[0,0.75,0.974,1.01]},{"time":1.5333,"x":1.19,"y":1.19},{"time":1.7333,"x":1,"y":1,"curve":"stepped"},{"time":2.6667,"x":1,"y":1,"curve":[0,0.75,0.974,1.01]},{"time":2.8667,"x":1.19,"y":1.19},{"time":3.0667,"x":1,"y":1}]},"xing2":{"translate":[{"time":0.6333,"x":229.65,"y":-66.67,"curve":"stepped"},{"time":1.0333,"x":229.65,"y":-66.67},{"time":1.9,"x":6.14,"y":-159.43,"curve":"stepped"},{"time":2.3,"x":6.14,"y":-159.43},{"time":3.1,"x":126.29,"y":-250.06,"curve":"stepped"},{"time":3.5,"x":126.29,"y":-250.06}],"scale":[{"time":0.6333,"x":1,"y":1,"curve":[0,0.75,0.974,1.01]},{"time":0.8333,"x":1.287,"y":1.287},{"time":1.0333,"x":1,"y":1,"curve":"stepped"},{"time":1.9,"x":1,"y":1,"curve":[0,0.75,0.974,1.01]},{"time":2.1,"x":1.399,"y":1.399},{"time":2.3,"x":1,"y":1,"curve":"stepped"},{"time":3.1,"x":1,"y":1,"curve":[0,0.75,0.974,1.01]},{"time":3.3,"x":0.96,"y":0.96},{"time":3.5,"x":1,"y":1}]},"xing3":{"translate":[{"time":0.8,"x":83.39,"y":-79.07,"curve":"stepped"},{"time":1.2,"x":83.39,"y":-79.07},{"time":1.6667,"x":132.57,"y":38.89,"curve":"stepped"},{"time":2.0667,"x":132.57,"y":38.89},{"time":2.4,"x":4.82,"y":-207.92,"curve":"stepped"},{"time":2.8,"x":4.82,"y":-207.92}],"scale":[{"time":0.8,"x":1,"y":1,"curve":[0,0.75,0.974,1.01]},{"time":1,"x":1.625,"y":1.625},{"time":1.2,"x":1,"y":1,"curve":"stepped"},{"time":1.6667,"x":1,"y":1,"curve":[0,0.75,0.974,1.01]},{"time":1.8667,"x":1.023,"y":1.023},{"time":2.0667,"x":1,"y":1,"curve":"stepped"},{"time":2.4,"x":1,"y":1,"curve":[0,0.75,0.974,1.01]},{"time":2.6,"x":1.882,"y":1.882},{"time":2.8,"x":1,"y":1}]},"xing4":{"translate":[{"time":1.1,"x":277.43,"y":17.95,"curve":"stepped"},{"time":1.5,"x":277.43,"y":17.95},{"time":2.1667,"x":169.53,"y":-118.19,"curve":"stepped"},{"time":2.5667,"x":169.53,"y":-118.19},{"time":2.9333,"x":-29.83,"y":-103.97,"curve":"stepped"},{"time":3.3333,"x":-29.83,"y":-103.97}],"scale":[{"time":1.1,"x":1,"y":1,"curve":[0,0.75,0.974,1.01]},{"time":1.3,"x":1.006,"y":1.006},{"time":1.5,"x":1,"y":1,"curve":"stepped"},{"time":2.1667,"x":1,"y":1,"curve":[0,0.75,0.974,1.01]},{"time":2.3667,"x":0.865,"y":0.865},{"time":2.5667,"x":1,"y":1,"curve":"stepped"},{"time":2.9333,"x":1,"y":1,"curve":[0,0.75,0.974,1.01]},{"time":3.1333,"x":1.158,"y":1.158},{"time":3.3333,"x":1,"y":1}]},"bone3":{"scale":[{"time":0.1667,"x":0.877,"y":0.877,"curve":[0,0.53,0.75,1]},{"time":0.5,"x":2.003,"y":2.003}]}}},"huojiang2":{"slots":{"guang":{"attachment":[{"time":0,"name":"guang"}]},"guang2":{"attachment":[{"time":0,"name":"guang2"}]},"xing":{"color":[{"time":0.1333,"color":"ffffff00"},{"time":0.3333,"color":"fffffffe"},{"time":0.5333,"color":"ffffff00","curve":"stepped"},{"time":1.1333,"color":"ffffff00"},{"time":1.3333,"color":"fffffffe"},{"time":1.5333,"color":"ffffff00","curve":"stepped"},{"time":2.4667,"color":"ffffff00"},{"time":2.6667,"color":"fffffffe"},{"time":2.8667,"color":"ffffff00","curve":"stepped"},{"time":3.5,"color":"ffffff00"},{"time":3.7,"color":"fffffffe"},{"time":3.9,"color":"ffffff00","curve":"stepped"},{"time":4.5,"color":"ffffff00"},{"time":4.7,"color":"fffffffe"},{"time":4.9,"color":"ffffff00","curve":"stepped"},{"time":5.8333,"color":"ffffff00"},{"time":6.0333,"color":"fffffffe"},{"time":6.2333,"color":"ffffff00"}],"attachment":[{"time":0.1333,"name":"xing"},{"time":1.1333,"name":"xing"},{"time":2.4667,"name":"xing"},{"time":3.5,"name":"xing"},{"time":4.5,"name":"xing"},{"time":5.8333,"name":"xing"}]},"xing2":{"color":[{"time":0.4333,"color":"ffffff00"},{"time":0.6333,"color":"fffffffe"},{"time":0.8333,"color":"ffffff00","curve":"stepped"},{"time":1.7,"color":"ffffff00"},{"time":1.9,"color":"fffffffe"},{"time":2.1,"color":"ffffff00","curve":"stepped"},{"time":2.9,"color":"ffffff00"},{"time":3.1,"color":"fffffffe"},{"time":3.3,"color":"ffffff00","curve":"stepped"},{"time":3.8,"color":"ffffff00"},{"time":4,"color":"fffffffe"},{"time":4.2,"color":"ffffff00","curve":"stepped"},{"time":5.0667,"color":"ffffff00"},{"time":5.2667,"color":"fffffffe"},{"time":5.4667,"color":"ffffff00","curve":"stepped"},{"time":6.2667,"color":"ffffff00"},{"time":6.4667,"color":"fffffffe"},{"time":6.6667,"color":"ffffff00"}],"attachment":[{"time":0.4333,"name":"xing"},{"time":1.7,"name":"xing"},{"time":2.9,"name":"xing"},{"time":3.8,"name":"xing"},{"time":5.0667,"name":"xing"},{"time":6.2667,"name":"xing"}]},"xing3":{"color":[{"time":0.6,"color":"ffffff00"},{"time":0.8,"color":"fffffffe"},{"time":1,"color":"ffffff00","curve":"stepped"},{"time":1.4667,"color":"ffffff00"},{"time":1.6667,"color":"fffffffe"},{"time":1.8667,"color":"ffffff00","curve":"stepped"},{"time":2.2,"color":"ffffff00"},{"time":2.4,"color":"fffffffe"},{"time":2.6,"color":"ffffff00","curve":"stepped"},{"time":3.5667,"color":"ffffff00"},{"time":3.7667,"color":"fffffffe"},{"time":3.9667,"color":"ffffff00","curve":"stepped"},{"time":4.4333,"color":"ffffff00"},{"time":4.6333,"color":"fffffffe"},{"time":4.8333,"color":"ffffff00","curve":"stepped"},{"time":5.1667,"color":"ffffff00"},{"time":5.3667,"color":"fffffffe"},{"time":5.5667,"color":"ffffff00"}],"attachment":[{"time":0.6,"name":"xing"},{"time":1.4667,"name":"xing"},{"time":2.2,"name":"xing"},{"time":3.5667,"name":"xing"},{"time":4.4333,"name":"xing"},{"time":5.1667,"name":"xing"}]},"xing4":{"color":[{"time":0.9,"color":"ffffff00"},{"time":1.1,"color":"fffffffe"},{"time":1.3,"color":"ffffff00","curve":"stepped"},{"time":1.9667,"color":"ffffff00"},{"time":2.1667,"color":"fffffffe"},{"time":2.3667,"color":"ffffff00","curve":"stepped"},{"time":2.7333,"color":"ffffff00"},{"time":2.9333,"color":"fffffffe"},{"time":3.1333,"color":"ffffff00","curve":"stepped"},{"time":4.0333,"color":"ffffff00"},{"time":4.2333,"color":"fffffffe"},{"time":4.4333,"color":"ffffff00","curve":"stepped"},{"time":5.1,"color":"ffffff00"},{"time":5.3,"color":"fffffffe"},{"time":5.5,"color":"ffffff00","curve":"stepped"},{"time":5.8667,"color":"ffffff00"},{"time":6.0667,"color":"fffffffe"},{"time":6.2667,"color":"ffffff00"}],"attachment":[{"time":0.9,"name":"xing"},{"time":1.9667,"name":"xing"},{"time":2.7333,"name":"xing"},{"time":4.0333,"name":"xing"},{"time":5.1,"name":"xing"},{"time":5.8667,"name":"xing"}]}},"bones":{"guang":{"rotate":[{"time":0,"angle":0},{"time":2.1667,"angle":-120},{"time":4.6,"angle":120},{"time":6.6667,"angle":0}]},"xing4":{"translate":[{"time":0.9,"x":277.43,"y":17.95,"curve":"stepped"},{"time":1.3,"x":277.43,"y":17.95},{"time":1.9667,"x":169.53,"y":-118.19,"curve":"stepped"},{"time":2.3667,"x":169.53,"y":-118.19},{"time":2.7333,"x":-29.83,"y":-103.97,"curve":"stepped"},{"time":3.1333,"x":-29.83,"y":-103.97},{"time":4.0333,"x":277.43,"y":17.95,"curve":"stepped"},{"time":4.4333,"x":277.43,"y":17.95},{"time":5.1,"x":169.53,"y":-118.19,"curve":"stepped"},{"time":5.5,"x":169.53,"y":-118.19},{"time":5.8667,"x":-29.83,"y":-103.97,"curve":"stepped"},{"time":6.2667,"x":-29.83,"y":-103.97}],"scale":[{"time":0.9,"x":1,"y":1,"curve":[0,0.75,0.974,1.01]},{"time":1.1,"x":1.006,"y":1.006},{"time":1.3,"x":1,"y":1,"curve":"stepped"},{"time":1.9667,"x":1,"y":1,"curve":[0,0.75,0.974,1.01]},{"time":2.1667,"x":0.865,"y":0.865},{"time":2.3667,"x":1,"y":1,"curve":"stepped"},{"time":2.7333,"x":1,"y":1,"curve":[0,0.75,0.974,1.01]},{"time":2.9333,"x":1.158,"y":1.158},{"time":3.1333,"x":1,"y":1,"curve":"stepped"},{"time":4.0333,"x":1,"y":1,"curve":[0,0.75,0.974,1.01]},{"time":4.2333,"x":1.006,"y":1.006},{"time":4.4333,"x":1,"y":1,"curve":"stepped"},{"time":5.1,"x":1,"y":1,"curve":[0,0.75,0.974,1.01]},{"time":5.3,"x":0.865,"y":0.865},{"time":5.5,"x":1,"y":1,"curve":"stepped"},{"time":5.8667,"x":1,"y":1,"curve":[0,0.75,0.974,1.01]},{"time":6.0667,"x":1.158,"y":1.158},{"time":6.2667,"x":1,"y":1}]},"xing2":{"translate":[{"time":0.4333,"x":229.65,"y":-66.67,"curve":"stepped"},{"time":0.8333,"x":229.65,"y":-66.67},{"time":1.7,"x":6.14,"y":-159.43,"curve":"stepped"},{"time":2.1,"x":6.14,"y":-159.43},{"time":2.9,"x":126.29,"y":-250.06,"curve":"stepped"},{"time":3.3,"x":126.29,"y":-250.06},{"time":3.8,"x":229.65,"y":-66.67,"curve":"stepped"},{"time":4.2,"x":229.65,"y":-66.67},{"time":5.0667,"x":6.14,"y":-159.43,"curve":"stepped"},{"time":5.4667,"x":6.14,"y":-159.43},{"time":6.2667,"x":126.29,"y":-250.06,"curve":"stepped"},{"time":6.6667,"x":126.29,"y":-250.06}],"scale":[{"time":0.4333,"x":1,"y":1,"curve":[0,0.75,0.974,1.01]},{"time":0.6333,"x":1.287,"y":1.287},{"time":0.8333,"x":1,"y":1,"curve":"stepped"},{"time":1.7,"x":1,"y":1,"curve":[0,0.75,0.974,1.01]},{"time":1.9,"x":1.399,"y":1.399},{"time":2.1,"x":1,"y":1,"curve":"stepped"},{"time":2.9,"x":1,"y":1,"curve":[0,0.75,0.974,1.01]},{"time":3.1,"x":0.96,"y":0.96},{"time":3.3,"x":1,"y":1,"curve":"stepped"},{"time":3.8,"x":1,"y":1,"curve":[0,0.75,0.974,1.01]},{"time":4,"x":1.287,"y":1.287},{"time":4.2,"x":1,"y":1,"curve":"stepped"},{"time":5.0667,"x":1,"y":1,"curve":[0,0.75,0.974,1.01]},{"time":5.2667,"x":1.399,"y":1.399},{"time":5.4667,"x":1,"y":1,"curve":"stepped"},{"time":6.2667,"x":1,"y":1,"curve":[0,0.75,0.974,1.01]},{"time":6.4667,"x":0.96,"y":0.96},{"time":6.6667,"x":1,"y":1}]},"xing3":{"translate":[{"time":0.6,"x":83.39,"y":-79.07,"curve":"stepped"},{"time":1,"x":83.39,"y":-79.07},{"time":1.4667,"x":132.57,"y":38.89,"curve":"stepped"},{"time":1.8667,"x":132.57,"y":38.89},{"time":2.2,"x":4.82,"y":-207.92,"curve":"stepped"},{"time":2.6,"x":4.82,"y":-207.92},{"time":3.5667,"x":83.39,"y":-79.07,"curve":"stepped"},{"time":3.9667,"x":83.39,"y":-79.07},{"time":4.4333,"x":132.57,"y":38.89,"curve":"stepped"},{"time":4.8333,"x":132.57,"y":38.89},{"time":5.1667,"x":4.82,"y":-207.92,"curve":"stepped"},{"time":5.5667,"x":4.82,"y":-207.92}],"scale":[{"time":0.6,"x":1,"y":1,"curve":[0,0.75,0.974,1.01]},{"time":0.8,"x":1.625,"y":1.625},{"time":1,"x":1,"y":1,"curve":"stepped"},{"time":1.4667,"x":1,"y":1,"curve":[0,0.75,0.974,1.01]},{"time":1.6667,"x":1.023,"y":1.023},{"time":1.8667,"x":1,"y":1,"curve":"stepped"},{"time":2.2,"x":1,"y":1,"curve":[0,0.75,0.974,1.01]},{"time":2.4,"x":1.882,"y":1.882},{"time":2.6,"x":1,"y":1,"curve":"stepped"},{"time":3.5667,"x":1,"y":1,"curve":[0,0.75,0.974,1.01]},{"time":3.7667,"x":1.625,"y":1.625},{"time":3.9667,"x":1,"y":1,"curve":"stepped"},{"time":4.4333,"x":1,"y":1,"curve":[0,0.75,0.974,1.01]},{"time":4.6333,"x":1.023,"y":1.023},{"time":4.8333,"x":1,"y":1,"curve":"stepped"},{"time":5.1667,"x":1,"y":1,"curve":[0,0.75,0.974,1.01]},{"time":5.3667,"x":1.882,"y":1.882},{"time":5.5667,"x":1,"y":1}]},"xing":{"translate":[{"time":0.1333,"x":0,"y":0,"curve":"stepped"},{"time":0.5333,"x":0,"y":0},{"time":1.1333,"x":233.94,"y":-209.43,"curve":"stepped"},{"time":1.5333,"x":233.94,"y":-209.43},{"time":2.4667,"x":192.86,"y":-164.87,"curve":"stepped"},{"time":2.8667,"x":192.86,"y":-164.87},{"time":3.5,"x":0,"y":0,"curve":"stepped"},{"time":3.9,"x":0,"y":0},{"time":4.5,"x":233.94,"y":-209.43,"curve":"stepped"},{"time":4.9,"x":233.94,"y":-209.43},{"time":5.8333,"x":192.86,"y":-164.87,"curve":"stepped"},{"time":6.2333,"x":192.86,"y":-164.87}],"scale":[{"time":0.1333,"x":1,"y":1,"curve":[0,0.75,0.974,1.01]},{"time":0.3333,"x":1.837,"y":1.837},{"time":0.5333,"x":1,"y":1,"curve":"stepped"},{"time":1.1333,"x":1,"y":1,"curve":[0,0.75,0.974,1.01]},{"time":1.3333,"x":1.19,"y":1.19},{"time":1.5333,"x":1,"y":1,"curve":"stepped"},{"time":2.4667,"x":1,"y":1,"curve":[0,0.75,0.974,1.01]},{"time":2.6667,"x":1.19,"y":1.19},{"time":2.8667,"x":1,"y":1,"curve":"stepped"},{"time":3.5,"x":1,"y":1,"curve":[0,0.75,0.974,1.01]},{"time":3.7,"x":1.837,"y":1.837},{"time":3.9,"x":1,"y":1,"curve":"stepped"},{"time":4.5,"x":1,"y":1,"curve":[0,0.75,0.974,1.01]},{"time":4.7,"x":1.19,"y":1.19},{"time":4.9,"x":1,"y":1,"curve":"stepped"},{"time":5.8333,"x":1,"y":1,"curve":[0,0.75,0.974,1.01]},{"time":6.0333,"x":1.19,"y":1.19},{"time":6.2333,"x":1,"y":1}]}}}}}