{"skeleton":{"hash":"4ddyAqgOXCW5S6ZnU4SDjLpL6/0","spine":"3.6.38","width":316,"height":106,"images":""},"bones":[{"name":"root"},{"name":"1","parent":"root"},{"name":"bisaichang","parent":"root"}],"slots":[{"name":"bisaichang","bone":"bisaichang","attachment":"878799951230135432"},{"name":"1/1_00000","bone":"1","blend":"additive"}],"skins":{"default":{"1/1_00000":{"1/1_00000":{"width":400,"height":180},"1/1_00001":{"width":400,"height":180},"1/1_00002":{"width":400,"height":180},"1/1_00003":{"width":400,"height":180},"1/1_00004":{"width":400,"height":180},"1/1_00005":{"width":400,"height":180},"1/1_00006":{"width":400,"height":180},"1/1_00007":{"width":400,"height":180},"1/1_00008":{"width":400,"height":180},"1/1_00009":{"width":400,"height":180}},"bisaichang":{"878799951230135432":{"width":316,"height":106}}}},"animations":{"bisaichang1":{"slots":{"1/1_00000":{"color":[{"time":0,"color":"ffffff9a"}],"attachment":[{"time":0,"name":"1/1_00000"},{"time":0.1,"name":"1/1_00001"},{"time":0.2,"name":"1/1_00002"},{"time":0.3,"name":"1/1_00003"},{"time":0.4,"name":"1/1_00004"},{"time":0.5,"name":"1/1_00005"},{"time":0.6,"name":"1/1_00006"},{"time":0.7,"name":"1/1_00007"},{"time":0.8,"name":"1/1_00008"},{"time":0.9,"name":"1/1_00009"}]}},"bones":{"1":{"translate":[{"time":0,"x":0,"y":7.1}]}}}}}