{"skeleton":{"hash":"ahNgpJMUCo9YFCEBbohpga2tiT0","spine":"3.6.38","width":0,"height":0,"images":"./images/"},"bones":[{"name":"root"},{"name":"chuangjianfangjian1","parent":"root"},{"name":"1","parent":"chuangjianfangjian1"},{"name":"2","parent":"chuangjianfangjian1"},{"name":"3","parent":"chuangjianfangjian1","y":-51.2},{"name":"pinshi3","parent":"root"},{"name":"bone","parent":"pinshi3"},{"name":"bone3","parent":"root"},{"name":"chuangjianfangjian","parent":"chuangjianfangjian1"},{"name":"kuang","parent":"chuangjianfangjian1"},{"name":"kuang2","parent":"root"},{"name":"sanjiao","parent":"root"},{"name":"yun1","parent":"chuangjianfangjian1"},{"name":"yun2","parent":"chuangjianfangjian1"}],"slots":[{"name":"3","bone":"3"},{"name":"kuang","bone":"kuang"},{"name":"chuangjianfangjian","bone":"chuangjianfangjian"},{"name":"1/1_00000","bone":"1","blend":"additive"},{"name":"2/2_00000","bone":"2","blend":"additive"},{"name":"yun1","bone":"yun1","blend":"additive"},{"name":"yun2","bone":"yun2","blend":"additive"},{"name":"pinshi2","bone":"kuang2"},{"name":"pinshiw3","bone":"pinshi3"},{"name":"sanjiao","bone":"sanjiao"},{"name":"33/3_00000","bone":"bone","blend":"additive"}],"skins":{"default":{"1/1_00000":{"1/1_00002":{"width":300,"height":120},"1/1_00004":{"width":300,"height":120},"1/1_00006":{"width":300,"height":120},"1/1_00008":{"width":300,"height":120},"1/1_00010":{"width":300,"height":120},"1/1_00012":{"width":300,"height":120},"1/1_00014":{"width":300,"height":120},"1/1_00016":{"width":300,"height":120},"1/1_00018":{"width":300,"height":120},"1/1_00020":{"width":300,"height":120},"1/1_00022":{"width":300,"height":120}},"2/2_00000":{"2/2_00000":{"width":170,"height":50},"2/2_00001":{"width":170,"height":50},"2/2_00002":{"width":170,"height":50},"2/2_00003":{"width":170,"height":50},"2/2_00004":{"width":170,"height":50},"2/2_00005":{"width":170,"height":50},"2/2_00006":{"width":170,"height":50},"2/2_00007":{"width":170,"height":50},"2/2_00008":{"width":170,"height":50},"2/2_00009":{"width":170,"height":50}},"3":{"3":{"width":260,"height":21}},"33/3_00000":{"33/3_00000":{"width":281,"height":88},"33/3_00001":{"width":281,"height":88},"33/3_00002":{"width":281,"height":88},"33/3_00003":{"width":281,"height":88},"33/3_00004":{"width":281,"height":88},"33/3_00005":{"width":281,"height":88},"33/3_00006":{"width":281,"height":88},"33/3_00007":{"width":281,"height":88},"33/3_00008":{"width":281,"height":88},"33/3_00009":{"width":281,"height":88}},"chuangjianfangjian":{"chuangjianfangjian":{"width":160,"height":42}},"kuang":{"kuang":{"width":269,"height":85}},"pinshi2":{"pinshi2":{"width":281,"height":88}},"pinshiw3":{"pinshiw3":{"width":245,"height":21}},"sanjiao":{"sanjiao":{"width":30,"height":38}},"yun1":{"yun1":{"width":38,"height":34}},"yun2":{"yun2":{"width":38,"height":34}}}},"animations":{"quanguobao1":{"slots":{"3":{"attachment":[{"time":0,"name":"3"}]},"1/1_00000":{"color":[{"time":0,"color":"ffffff00","curve":[0.25,0,0.75,1]},{"time":0.2667,"color":"ffffffc4","curve":"stepped"},{"time":1.0667,"color":"ffffffc4","curve":[0.25,0,0.75,1]},{"time":1.3333,"color":"ffffff00"}],"attachment":[{"time":0,"name":"1/1_00002"},{"time":0.1333,"name":"1/1_00004"},{"time":0.2667,"name":"1/1_00006"},{"time":0.4,"name":"1/1_00008"},{"time":0.5333,"name":"1/1_00010"},{"time":0.6667,"name":"1/1_00012"},{"time":0.8,"name":"1/1_00014"},{"time":0.9333,"name":"1/1_00016"},{"time":1.0667,"name":"1/1_00018"},{"time":1.2,"name":"1/1_00020"},{"time":1.3333,"name":"1/1_00022"}]},"2/2_00000":{"color":[{"time":0,"color":"ffffff00","curve":[0.25,0,0.75,1]},{"time":0.2667,"color":"ffffffd0","curve":"stepped"},{"time":0.9333,"color":"ffffffd0","curve":[0.25,0,0.75,1]},{"time":1.2,"color":"ffffff00"}],"attachment":[{"time":0,"name":"2/2_00000"},{"time":0.1333,"name":"2/2_00001"},{"time":0.2667,"name":"2/2_00002"},{"time":0.4,"name":"2/2_00003"},{"time":0.5333,"name":"2/2_00004"},{"time":0.6667,"name":"2/2_00005"},{"time":0.8,"name":"2/2_00006"},{"time":0.9333,"name":"2/2_00007"},{"time":1.0667,"name":"2/2_00008"},{"time":1.2,"name":"2/2_00009"}]},"chuangjianfangjian":{"attachment":[{"time":0,"name":"chuangjianfangjian"}]},"kuang":{"attachment":[{"time":0,"name":"kuang"}]},"yun1":{"color":[{"time":0,"color":"ffffff00","curve":[0.25,0,0.75,1]},{"time":0.6667,"color":"ffffffba","curve":[0.25,0,0.75,1]},{"time":1.3333,"color":"ffffff00"}],"attachment":[{"time":0,"name":"yun1"}]},"yun2":{"color":[{"time":0,"color":"ffffff00","curve":[0.25,0,0.75,1]},{"time":0.6667,"color":"ffffffcc","curve":[0.25,0,0.75,1]},{"time":1.3333,"color":"ffffff00"}],"attachment":[{"time":0,"name":"yun2"}]}},"bones":{"yun2":{"translate":[{"time":0,"x":110.56,"y":-21.73}]},"yun1":{"translate":[{"time":0,"x":-110.88,"y":-21.73}]}}},"quanguobao2":{"slots":{"33/3_00000":{"color":[{"time":0,"color":"ffffff00","curve":[0.25,0,0.75,1]},{"time":0.2667,"color":"ffffffda","curve":"stepped"},{"time":0.9333,"color":"ffffffda","curve":[0.25,0,0.75,1]},{"time":1.2,"color":"ffffff00"}],"attachment":[{"time":0,"name":"33/3_00000"},{"time":0.1333,"name":"33/3_00001"},{"time":0.2667,"name":"33/3_00002"},{"time":0.4,"name":"33/3_00003"},{"time":0.5333,"name":"33/3_00004"},{"time":0.6667,"name":"33/3_00005"},{"time":0.8,"name":"33/3_00006"},{"time":0.9333,"name":"33/3_00007"},{"time":1.0667,"name":"33/3_00008"},{"time":1.2,"name":"33/3_00009"}]},"pinshi2":{"attachment":[{"time":0,"name":"pinshi2"}]},"pinshiw3":{"attachment":[{"time":0,"name":"pinshiw3"}]},"sanjiao":{"attachment":[{"time":0,"name":"sanjiao"}]}},"bones":{"pinshi3":{"translate":[{"time":0,"x":-17.53,"y":-52.01}]},"bone":{"translate":[{"time":0,"x":17.9,"y":52.75}]},"sanjiao":{"translate":[{"time":0,"x":120.01,"y":0.49,"curve":[0.25,0,0.75,1]},{"time":0.6667,"x":126.44,"y":1.66,"curve":[0.25,0,0.75,1]},{"time":1.3333,"x":120.01,"y":0}]}}}}}