{
  "ID": "247f7c4e-9c08-4372-a646-574a1c42760c",
  "Version": "3.10.0.0",
  "Name": "ClubUserMsgLayer",
  "Content": {
    "Content": {
      "Animation": {
        "Duration": 0,
        "Speed": 1.0,
        "Timelines": [],
        "ctype": "TimelineActionData"
      },
      "AnimationList": [],
      "ObjectData": {
        "Tag": 66,
        "Children": [
          {
            "ClipAble": false,
            "BackColorAlpha": 102,
            "SingleColor": {
              "R": 150,
              "G": 200
            },
            "FirstColor": {
              "R": 150,
              "G": 200
            },
            "EndColor": {},
            "ColorVector": {
              "ScaleY": 1.0
            },
            "Scale9Width": 1,
            "Scale9Height": 1,
            "TouchEnable": true,
            "AnchorPoint": {},
            "Position": {
              "X": 0.0,
              "Y": 0.0
            },
            "Scale": {
              "ScaleX": 1.0,
              "ScaleY": 1.0
            },
            "CColor": {},
            "IconVisible": false,
            "PrePosition": {
              "X": 0.0,
              "Y": 0.0
            },
            "PreSize": {
              "X": 1.0,
              "Y": 1.0
            },
            "Tag": 67,
            "ActionTag": 833121309,
            "Size": {
              "X": 1280.0,
              "Y": 720.0
            },
            "Name": "root",
            "ctype": "PanelObjectData"
          },
          {
            "ClipAble": false,
            "BackColorAlpha": 102,
            "SingleColor": {
              "R": 150,
              "G": 200
            },
            "FirstColor": {
              "R": 150,
              "G": 200
            },
            "EndColor": {},
            "ColorVector": {
              "ScaleY": 1.0
            },
            "Scale9Width": 1,
            "Scale9Height": 1,
            "TouchEnable": true,
            "AnchorPoint": {},
            "Position": {
              "X": 653.3407,
              "Y": 100.0
            },
            "Scale": {
              "ScaleX": 1.0,
              "ScaleY": 1.0
            },
            "CColor": {},
            "IconVisible": false,
            "PrePosition": {
              "X": 0.5104,
              "Y": 0.1389
            },
            "PreSize": {
              "X": 0.4297,
              "Y": 0.75
            },
            "LeftMargin": 653.3407,
            "RightMargin": 76.6593,
            "TopMargin": 80.0,
            "BottomMargin": 100.0,
            "Tag": 68,
            "Children": [
              {
                "FileData": {
                  "Type": "Normal",
                  "Path": "image/ui/club/bg_kuang1.png",
                  "Plist": ""
                },
                "Scale9Enable": true,
                "Scale9OriginX": 20,
                "Scale9OriginY": 40,
                "Scale9Width": 38,
                "Scale9Height": 42,
                "AnchorPoint": {
                  "ScaleX": 0.5,
                  "ScaleY": 0.5
                },
                "Position": {
                  "X": 275.0,
                  "Y": 270.0
                },
                "Scale": {
                  "ScaleX": 1.0,
                  "ScaleY": 1.0
                },
                "CColor": {},
                "IconVisible": false,
                "PositionPercentXEnabled": true,
                "PositionPercentYEnabled": true,
                "PrePosition": {
                  "X": 0.5,
                  "Y": 0.5
                },
                "PreSize": {
                  "X": 1.0,
                  "Y": 1.0
                },
                "Tag": 69,
                "Children": [
                  {
                    "FontSize": 32,
                    "LabelText": "暂无消息",
                    "FontResource": {
                      "Type": "Normal",
                      "Path": "image/fonts/FZZY.TTF",
                      "Plist": ""
                    },
                    "OutlineColor": {
                      "G": 0,
                      "B": 0
                    },
                    "ShadowColor": {
                      "R": 110,
                      "G": 110,
                      "B": 110
                    },
                    "ShadowOffsetX": 2.0,
                    "ShadowOffsetY": -2.0,
                    "AnchorPoint": {
                      "ScaleX": 0.5,
                      "ScaleY": 0.5
                    },
                    "Position": {
                      "X": 275.0,
                      "Y": 432.0
                    },
                    "Scale": {
                      "ScaleX": 1.0,
                      "ScaleY": 1.0
                    },
                    "CColor": {
                      "R": 127,
                      "G": 90,
                      "B": 85
                    },
                    "IconVisible": false,
                    "PositionPercentXEnabled": true,
                    "PositionPercentYEnabled": true,
                    "PrePosition": {
                      "X": 0.5,
                      "Y": 0.8
                    },
                    "PreSize": {
                      "X": 0.2382,
                      "Y": 0.0667
                    },
                    "LeftMargin": 209.5,
                    "RightMargin": 209.5,
                    "TopMargin": 90.0,
                    "BottomMargin": 414.0,
                    "Tag": 77,
                    "ActionTag": 1094089444,
                    "Size": {
                      "X": 131.0,
                      "Y": 36.0
                    },
                    "Name": "nomsgtitle",
                    "ctype": "TextObjectData"
                  }
                ],
                "ActionTag": -1518285627,
                "Size": {
                  "X": 550.0,
                  "Y": 540.0
                },
                "Name": "bg",
                "ctype": "ImageViewObjectData"
              },
              {
                "ClipAble": false,
                "BackColorAlpha": 102,
                "SingleColor": {
                  "R": 150,
                  "G": 200
                },
                "FirstColor": {
                  "R": 150,
                  "G": 200
                },
                "EndColor": {},
                "ColorVector": {
                  "ScaleY": 1.0
                },
                "Scale9Width": 1,
                "Scale9Height": 1,
                "TouchEnable": true,
                "AnchorPoint": {},
                "Position": {
                  "X": 15.0,
                  "Y": 15.0
                },
                "Scale": {
                  "ScaleX": 1.0,
                  "ScaleY": 1.0
                },
                "CColor": {},
                "IconVisible": false,
                "PrePosition": {
                  "X": 0.0273,
                  "Y": 0.0278
                },
                "PreSize": {
                  "X": 0.9455,
                  "Y": 0.9259
                },
                "LeftMargin": 15.0,
                "RightMargin": 15.0,
                "TopMargin": 25.0,
                "BottomMargin": 15.0,
                "Tag": 40,
                "ActionTag": -1363392479,
                "Size": {
                  "X": 520.0,
                  "Y": 500.0
                },
                "Name": "tableviewLayer",
                "ctype": "PanelObjectData"
              }
            ],
            "ActionTag": 1733519446,
            "Size": {
              "X": 550.0,
              "Y": 540.0
            },
            "Name": "msgLayer",
            "ctype": "PanelObjectData"
          },
          {
            "ClipAble": false,
            "BackColorAlpha": 102,
            "SingleColor": {
              "R": 150,
              "G": 200
            },
            "FirstColor": {
              "R": 150,
              "G": 200
            },
            "EndColor": {},
            "ColorVector": {
              "ScaleY": 1.0
            },
            "Scale9Width": 1,
            "Scale9Height": 1,
            "TouchEnable": true,
            "AnchorPoint": {},
            "Position": {
              "X": 326.1648,
              "Y": 100.0
            },
            "Scale": {
              "ScaleX": 1.0,
              "ScaleY": 1.0
            },
            "CColor": {},
            "IconVisible": false,
            "PrePosition": {
              "X": 0.2548,
              "Y": 0.1389
            },
            "PreSize": {
              "X": 0.2422,
              "Y": 0.75
            },
            "LeftMargin": 326.1648,
            "RightMargin": 643.8352,
            "TopMargin": 80.0,
            "BottomMargin": 100.0,
            "Tag": 71,
            "Children": [
              {
                "FileData": {
                  "Type": "Normal",
                  "Path": "image/ui/club/bg_kuang1.png",
                  "Plist": ""
                },
                "Scale9Enable": true,
                "Scale9OriginX": 20,
                "Scale9OriginY": 40,
                "Scale9Width": 38,
                "Scale9Height": 42,
                "AnchorPoint": {
                  "ScaleX": 0.5,
                  "ScaleY": 0.5
                },
                "Position": {
                  "X": 153.08,
                  "Y": 270.0
                },
                "Scale": {
                  "ScaleX": 1.0,
                  "ScaleY": 1.0
                },
                "CColor": {},
                "IconVisible": false,
                "PositionPercentYEnabled": true,
                "PrePosition": {
                  "X": 0.4938,
                  "Y": 0.5
                },
                "PreSize": {
                  "X": 1.0,
                  "Y": 1.0
                },
                "LeftMargin": -1.92,
                "RightMargin": 1.92,
                "Tag": 72,
                "Children": [
                  {
                    "FileData": {
                      "Type": "Normal",
                      "Path": "image/ui/club/btn_bianji.png",
                      "Plist": ""
                    },
                    "BlendFunc": {
                      "Src": 1,
                      "Dst": 771
                    },
                    "AnchorPoint": {
                      "ScaleX": 0.5,
                      "ScaleY": 0.5
                    },
                    "Position": {
                      "X": 231.6167,
                      "Y": 484.2853
                    },
                    "Scale": {
                      "ScaleX": 1.0,
                      "ScaleY": 1.0
                    },
                    "CColor": {},
                    "IconVisible": false,
                    "PrePosition": {
                      "X": 0.7472,
                      "Y": 0.8968
                    },
                    "PreSize": {
                      "X": 0.3032,
                      "Y": 0.0926
                    },
                    "LeftMargin": 184.6167,
                    "RightMargin": 31.3833,
                    "TopMargin": 30.7147,
                    "BottomMargin": 459.2853,
                    "Tag": 73,
                    "ActionTag": 1247050154,
                    "Size": {
                      "X": 94.0,
                      "Y": 50.0
                    },
                    "Name": "btn_bianji",
                    "ctype": "SpriteObjectData"
                  },
                  {
                    "FontSize": 25,
                    "LabelText": "群成员",
                    "FontResource": {
                      "Type": "Normal",
                      "Path": "image/fonts/FZZY.TTF",
                      "Plist": ""
                    },
                    "OutlineColor": {
                      "G": 0,
                      "B": 0
                    },
                    "ShadowColor": {
                      "R": 110,
                      "G": 110,
                      "B": 110
                    },
                    "ShadowOffsetX": 2.0,
                    "ShadowOffsetY": -2.0,
                    "AnchorPoint": {
                      "ScaleX": 0.5,
                      "ScaleY": 0.5
                    },
                    "Position": {
                      "X": 72.478,
                      "Y": 484.2853
                    },
                    "Scale": {
                      "ScaleX": 1.0,
                      "ScaleY": 1.0
                    },
                    "CColor": {
                      "R": 127,
                      "G": 90,
                      "B": 85
                    },
                    "IconVisible": false,
                    "PositionPercentXEnabled": true,
                    "PrePosition": {
                      "X": 0.2338,
                      "Y": 0.8968
                    },
                    "PreSize": {
                      "X": 0.2516,
                      "Y": 0.0519
                    },
                    "LeftMargin": 33.478,
                    "RightMargin": 198.522,
                    "TopMargin": 41.7147,
                    "BottomMargin": 470.2853,
                    "Tag": 74,
                    "ActionTag": -1069877880,
                    "Size": {
                      "X": 78.0,
                      "Y": 28.0
                    },
                    "Name": "title",
                    "ctype": "TextObjectData"
                  },
                  {
                    "FileData": {
                      "Type": "Normal",
                      "Path": "image/ui/club/line.png",
                      "Plist": ""
                    },
                    "BlendFunc": {
                      "Src": 770,
                      "Dst": 771
                    },
                    "AnchorPoint": {
                      "ScaleX": 0.5,
                      "ScaleY": 0.5
                    },
                    "Position": {
                      "X": 155.0,
                      "Y": 450.0
                    },
                    "Scale": {
                      "ScaleX": 2.0,
                      "ScaleY": 1.0
                    },
                    "CColor": {},
                    "IconVisible": false,
                    "PositionPercentXEnabled": true,
                    "PrePosition": {
                      "X": 0.5,
                      "Y": 0.8333
                    },
                    "PreSize": {
                      "X": 0.4516,
                      "Y": 0.0019
                    },
                    "LeftMargin": 85.0,
                    "RightMargin": 85.0,
                    "TopMargin": 89.5,
                    "BottomMargin": 449.5,
                    "Tag": 75,
                    "ActionTag": 73176744,
                    "Size": {
                      "X": 140.0,
                      "Y": 1.0
                    },
                    "Name": "line",
                    "ctype": "SpriteObjectData"
                  },
                  {
                    "FileData": {
                      "Type": "Normal",
                      "Path": "image/ui/club/btn_tuichu.png",
                      "Plist": ""
                    },
                    "BlendFunc": {
                      "Src": 1,
                      "Dst": 771
                    },
                    "AnchorPoint": {
                      "ScaleX": 0.5,
                      "ScaleY": 0.5
                    },
                    "Position": {
                      "X": 232.0306,
                      "Y": 485.7891
                    },
                    "Scale": {
                      "ScaleX": 1.0,
                      "ScaleY": 1.0
                    },
                    "CColor": {},
                    "IconVisible": false,
                    "PrePosition": {
                      "X": 0.7485,
                      "Y": 0.8996
                    },
                    "PreSize": {
                      "X": 0.2968,
                      "Y": 0.0852
                    },
                    "LeftMargin": 186.0306,
                    "RightMargin": 31.9694,
                    "TopMargin": 31.2109,
                    "BottomMargin": 462.7891,
                    "Tag": 56,
                    "ActionTag": 942839227,
                    "Size": {
                      "X": 92.0,
                      "Y": 46.0
                    },
                    "Name": "btn_tuichu",
                    "ctype": "SpriteObjectData"
                  }
                ],
                "ActionTag": -1745383116,
                "Size": {
                  "X": 310.0,
                  "Y": 540.0
                },
                "Name": "bg",
                "ctype": "ImageViewObjectData"
              },
              {
                "ClipAble": false,
                "BackColorAlpha": 102,
                "SingleColor": {
                  "R": 150,
                  "G": 200
                },
                "FirstColor": {
                  "R": 150,
                  "G": 200
                },
                "EndColor": {},
                "ColorVector": {
                  "ScaleY": 1.0
                },
                "Scale9Width": 1,
                "Scale9Height": 1,
                "TouchEnable": true,
                "AnchorPoint": {},
                "Position": {
                  "X": 5.0,
                  "Y": 15.0
                },
                "Scale": {
                  "ScaleX": 1.0,
                  "ScaleY": 1.0
                },
                "CColor": {},
                "IconVisible": false,
                "PrePosition": {
                  "X": 0.0161,
                  "Y": 0.0278
                },
                "PreSize": {
                  "X": 0.9677,
                  "Y": 0.7963
                },
                "LeftMargin": 5.0,
                "RightMargin": 5.0,
                "TopMargin": 95.0,
                "BottomMargin": 15.0,
                "Tag": 39,
                "ActionTag": 181423766,
                "Size": {
                  "X": 300.0,
                  "Y": 430.0
                },
                "Name": "tableviewLayer",
                "ctype": "PanelObjectData"
              }
            ],
            "ActionTag": -177972132,
            "Size": {
              "X": 310.0,
              "Y": 540.0
            },
            "Name": "usersLayer",
            "ctype": "PanelObjectData"
          },
          {
            "FileData": {
              "Type": "Normal",
              "Path": "image/ui/club/bg_kuang1.png",
              "Plist": ""
            },
            "Scale9Enable": true,
            "Scale9OriginX": 40,
            "Scale9OriginY": 40,
            "Scale9Width": 68,
            "Scale9Height": 42,
            "AnchorPoint": {
              "ScaleX": 0.5,
              "ScaleY": 0.5
            },
            "Position": {
              "X": 1066.0,
              "Y": 532.0
            },
            "Scale": {
              "ScaleX": 1.0,
              "ScaleY": 1.0
            },
            "CColor": {},
            "IconVisible": false,
            "PrePosition": {
              "X": 0.8328,
              "Y": 0.7389
            },
            "PreSize": {
              "X": 0.1563,
              "Y": 0.3056
            },
            "LeftMargin": 966.0,
            "RightMargin": 114.0,
            "TopMargin": 78.0,
            "BottomMargin": 422.0,
            "Tag": 71,
            "Children": [
              {
                "FileData": {
                  "Type": "Normal",
                  "Path": "image/ui/club/line.png",
                  "Plist": ""
                },
                "BlendFunc": {
                  "Src": 770,
                  "Dst": 771
                },
                "AnchorPoint": {
                  "ScaleX": 0.5,
                  "ScaleY": 0.5
                },
                "Position": {
                  "X": 100.0,
                  "Y": 138.6
                },
                "Scale": {
                  "ScaleX": 1.2,
                  "ScaleY": 1.2
                },
                "CColor": {},
                "IconVisible": false,
                "PositionPercentXEnabled": true,
                "PositionPercentYEnabled": true,
                "PrePosition": {
                  "X": 0.5,
                  "Y": 0.63
                },
                "PreSize": {
                  "X": 0.7,
                  "Y": 0.0045
                },
                "LeftMargin": 30.0,
                "RightMargin": 30.0,
                "TopMargin": 80.9,
                "BottomMargin": 138.1,
                "Tag": 72,
                "ActionTag": 796097838,
                "Size": {
                  "X": 140.0,
                  "Y": 1.0
                },
                "Name": "line_11",
                "ctype": "SpriteObjectData"
              },
              {
                "FontSize": 26,
                "LabelText": "解散群组",
                "FontResource": {
                  "Type": "Normal",
                  "Path": "image/fonts/FZZY.TTF",
                  "Plist": ""
                },
                "HorizontalAlignmentType": "HT_Center",
                "VerticalAlignmentType": "VT_Center",
                "OutlineColor": {
                  "G": 0,
                  "B": 0
                },
                "ShadowColor": {
                  "R": 110,
                  "G": 110,
                  "B": 110
                },
                "ShadowOffsetX": 2.0,
                "ShadowOffsetY": -2.0,
                "AnchorPoint": {
                  "ScaleX": 0.5,
                  "ScaleY": 1.0
                },
                "Position": {
                  "X": 100.0,
                  "Y": 59.9999
                },
                "Scale": {
                  "ScaleX": 1.0,
                  "ScaleY": 1.0
                },
                "CColor": {
                  "R": 92,
                  "G": 43,
                  "B": 18
                },
                "IconVisible": false,
                "PositionPercentXEnabled": true,
                "PositionPercentYEnabled": true,
                "PrePosition": {
                  "X": 0.5,
                  "Y": 0.2727
                },
                "PreSize": {
                  "X": 0.535,
                  "Y": 0.1364
                },
                "LeftMargin": 46.5,
                "RightMargin": 46.5,
                "TopMargin": 160.0001,
                "BottomMargin": 29.9999,
                "Tag": 73,
                "ActionTag": -60772308,
                "Size": {
                  "X": 107.0,
                  "Y": 30.0
                },
                "Name": "jiesan",
                "ctype": "TextObjectData"
              },
              {
                "FontSize": 26,
                "LabelText": "变更群名",
                "FontResource": {
                  "Type": "Normal",
                  "Path": "image/fonts/FZZY.TTF",
                  "Plist": ""
                },
                "HorizontalAlignmentType": "HT_Center",
                "VerticalAlignmentType": "VT_Center",
                "OutlineColor": {
                  "G": 0,
                  "B": 0
                },
                "ShadowColor": {
                  "R": 110,
                  "G": 110,
                  "B": 110
                },
                "ShadowOffsetX": 2.0,
                "ShadowOffsetY": -2.0,
                "AnchorPoint": {
                  "ScaleX": 0.5
                },
                "Position": {
                  "X": 99.9999,
                  "Y": 92.7
                },
                "Scale": {
                  "ScaleX": 1.0,
                  "ScaleY": 1.0
                },
                "CColor": {
                  "R": 92,
                  "G": 43,
                  "B": 18
                },
                "IconVisible": false,
                "PositionPercentXEnabled": true,
                "PositionPercentYEnabled": true,
                "PrePosition": {
                  "X": 0.5,
                  "Y": 0.4214
                },
                "PreSize": {
                  "X": 0.53,
                  "Y": 0.1364
                },
                "LeftMargin": 46.9999,
                "RightMargin": 47.0001,
                "TopMargin": 97.3,
                "BottomMargin": 92.7,
                "Tag": 74,
                "ActionTag": -1165298990,
                "Size": {
                  "X": 106.0,
                  "Y": 30.0
                },
                "Name": "changename",
                "ctype": "TextObjectData"
              },
              {
                "FileData": {
                  "Type": "Normal",
                  "Path": "image/ui/club/line.png",
                  "Plist": ""
                },
                "BlendFunc": {
                  "Src": 770,
                  "Dst": 771
                },
                "AnchorPoint": {
                  "ScaleX": 0.5,
                  "ScaleY": 0.5
                },
                "Position": {
                  "X": 100.0,
                  "Y": 77.0
                },
                "Scale": {
                  "ScaleX": 1.2,
                  "ScaleY": 1.2
                },
                "CColor": {},
                "IconVisible": false,
                "PositionPercentXEnabled": true,
                "PositionPercentYEnabled": true,
                "PrePosition": {
                  "X": 0.5,
                  "Y": 0.35
                },
                "PreSize": {
                  "X": 0.7,
                  "Y": 0.0045
                },
                "LeftMargin": 30.0,
                "RightMargin": 30.0,
                "TopMargin": 142.5,
                "BottomMargin": 76.5,
                "Tag": 57,
                "ActionTag": -1137845427,
                "Size": {
                  "X": 140.0,
                  "Y": 1.0
                },
                "Name": "line_11_0",
                "ctype": "SpriteObjectData"
              },
              {
                "FontSize": 26,
                "LabelText": "添加成员",
                "FontResource": {
                  "Type": "Normal",
                  "Path": "image/fonts/FZZY.TTF",
                  "Plist": ""
                },
                "HorizontalAlignmentType": "HT_Center",
                "VerticalAlignmentType": "VT_Center",
                "OutlineColor": {
                  "G": 0,
                  "B": 0
                },
                "ShadowColor": {
                  "R": 110,
                  "G": 110,
                  "B": 110
                },
                "ShadowOffsetX": 2.0,
                "ShadowOffsetY": -2.0,
                "AnchorPoint": {
                  "ScaleX": 0.5,
                  "ScaleY": 1.0
                },
                "Position": {
                  "X": 100.0,
                  "Y": 185.4
                },
                "Scale": {
                  "ScaleX": 1.0,
                  "ScaleY": 1.0
                },
                "CColor": {
                  "R": 92,
                  "G": 43,
                  "B": 18
                },
                "IconVisible": false,
                "PositionPercentXEnabled": true,
                "PositionPercentYEnabled": true,
                "PrePosition": {
                  "X": 0.5,
                  "Y": 0.8427
                },
                "PreSize": {
                  "X": 0.535,
                  "Y": 0.1364
                },
                "LeftMargin": 46.5,
                "RightMargin": 46.5,
                "TopMargin": 34.6,
                "BottomMargin": 155.4,
                "Tag": 58,
                "ActionTag": -1604741728,
                "Size": {
                  "X": 107.0,
                  "Y": 30.0
                },
                "Name": "adduser",
                "ctype": "TextObjectData"
              }
            ],
            "ActionTag": -1945813678,
            "Size": {
              "X": 200.0,
              "Y": 220.0
            },
            "Name": "setlayer",
            "ctype": "ImageViewObjectData"
          },
          {
            "FileData": {
              "Type": "Normal",
              "Path": "image/ui/club/bg_kuang1.png",
              "Plist": ""
            },
            "Scale9Enable": true,
            "Scale9OriginX": 40,
            "Scale9OriginY": 40,
            "Scale9Width": 68,
            "Scale9Height": 42,
            "AnchorPoint": {
              "ScaleX": 0.5,
              "ScaleY": 0.5
            },
            "Position": {
              "X": 274.6169,
              "Y": 570.0
            },
            "Scale": {
              "ScaleX": 1.0,
              "ScaleY": 1.0
            },
            "CColor": {},
            "IconVisible": false,
            "PrePosition": {
              "X": 0.2145,
              "Y": 0.7917
            },
            "PreSize": {
              "X": 0.1563,
              "Y": 0.2222
            },
            "LeftMargin": 174.6169,
            "RightMargin": 905.3831,
            "TopMargin": 70.0,
            "BottomMargin": 490.0,
            "Tag": 75,
            "Children": [
              {
                "FileData": {
                  "Type": "Normal",
                  "Path": "image/ui/club/line.png",
                  "Plist": ""
                },
                "BlendFunc": {
                  "Src": 770,
                  "Dst": 771
                },
                "AnchorPoint": {
                  "ScaleX": 0.5,
                  "ScaleY": 0.5
                },
                "Position": {
                  "X": 100.0,
                  "Y": 76.8
                },
                "Scale": {
                  "ScaleX": 1.2,
                  "ScaleY": 1.2
                },
                "CColor": {},
                "IconVisible": false,
                "PositionPercentXEnabled": true,
                "PositionPercentYEnabled": true,
                "PrePosition": {
                  "X": 0.5,
                  "Y": 0.48
                },
                "PreSize": {
                  "X": 0.7,
                  "Y": 0.0063
                },
                "LeftMargin": 30.0,
                "RightMargin": 30.0,
                "TopMargin": 82.7,
                "BottomMargin": 76.3,
                "Tag": 76,
                "ActionTag": 2106475111,
                "Size": {
                  "X": 140.0,
                  "Y": 1.0
                },
                "Name": "line_11",
                "ctype": "SpriteObjectData"
              },
              {
                "FontSize": 26,
                "LabelText": "加入俱乐部",
                "FontResource": {
                  "Type": "Normal",
                  "Path": "image/fonts/FZZY.TTF",
                  "Plist": ""
                },
                "HorizontalAlignmentType": "HT_Center",
                "OutlineColor": {
                  "G": 0,
                  "B": 0
                },
                "ShadowColor": {
                  "R": 110,
                  "G": 110,
                  "B": 110
                },
                "ShadowOffsetX": 2.0,
                "ShadowOffsetY": -2.0,
                "AnchorPoint": {
                  "ScaleX": 0.5,
                  "ScaleY": 1.0
                },
                "Position": {
                  "X": 99.24,
                  "Y": 56.0
                },
                "Scale": {
                  "ScaleX": 1.0,
                  "ScaleY": 1.0
                },
                "RotationSkewX": -1.4449,
                "RotationSkewY": -1.4451,
                "CColor": {
                  "R": 92,
                  "G": 43,
                  "B": 18
                },
                "IconVisible": false,
                "PositionPercentXEnabled": true,
                "PositionPercentYEnabled": true,
                "PrePosition": {
                  "X": 0.4962,
                  "Y": 0.35
                },
                "PreSize": {
                  "X": 0.665,
                  "Y": 0.1875
                },
                "LeftMargin": 32.74,
                "RightMargin": 34.26,
                "TopMargin": 104.0,
                "BottomMargin": 26.0,
                "Tag": 77,
                "ActionTag": -599266165,
                "Size": {
                  "X": 133.0,
                  "Y": 30.0
                },
                "Name": "addclub",
                "ctype": "TextObjectData"
              },
              {
                "FontSize": 26,
                "LabelText": "创建俱乐部",
                "FontResource": {
                  "Type": "Normal",
                  "Path": "image/fonts/FZZY.TTF",
                  "Plist": ""
                },
                "HorizontalAlignmentType": "HT_Center",
                "VerticalAlignmentType": "VT_Bottom",
                "OutlineColor": {
                  "G": 0,
                  "B": 0
                },
                "ShadowColor": {
                  "R": 110,
                  "G": 110,
                  "B": 110
                },
                "ShadowOffsetX": 2.0,
                "ShadowOffsetY": -2.0,
                "AnchorPoint": {
                  "ScaleX": 0.5
                },
                "Position": {
                  "X": 100.0,
                  "Y": 96.0
                },
                "Scale": {
                  "ScaleX": 1.0,
                  "ScaleY": 1.0
                },
                "CColor": {
                  "R": 92,
                  "G": 43,
                  "B": 18
                },
                "IconVisible": false,
                "PositionPercentXEnabled": true,
                "PositionPercentYEnabled": true,
                "PrePosition": {
                  "X": 0.5,
                  "Y": 0.6
                },
                "PreSize": {
                  "X": 0.665,
                  "Y": 0.1875
                },
                "LeftMargin": 33.5,
                "RightMargin": 33.5,
                "TopMargin": 34.0,
                "BottomMargin": 96.0,
                "Tag": 78,
                "ActionTag": -895079559,
                "Size": {
                  "X": 133.0,
                  "Y": 30.0
                },
                "Name": "createclub",
                "ctype": "TextObjectData"
              }
            ],
            "ActionTag": -429200868,
            "Size": {
              "X": 200.0,
              "Y": 160.0
            },
            "Name": "addorcreateClub",
            "ctype": "ImageViewObjectData"
          }
        ],
        "Size": {
          "X": 1280.0,
          "Y": 720.0
        },
        "Name": "Layer",
        "ctype": "LayerObjectData"
      },
      "UsedResources": [
        "../../image/fonts/FZZY.TTF",
        "../../image/ui/club/bg_kuang1.png",
        "../../image/ui/club/btn_bianji.png",
        "../../image/ui/club/btn_tuichu.png",
        "../../image/ui/club/line.png"
      ],
      "ctype": "GameFileData"
    }
  },
  "Type": "Layer"
}