{
  "ID": "42c43d52-455b-4c8e-a715-5ee637e8ca91",
  "Version": "3.10.0.0",
  "Name": "ClubLayer",
  "Content": {
    "Content": {
      "Animation": {
        "Duration": 0,
        "Speed": 1.0,
        "Timelines": [],
        "ctype": "TimelineActionData"
      },
      "AnimationList": [],
      "ObjectData": {
        "Tag": 251,
        "Children": [
          {
            "ClipAble": false,
            "BackColorAlpha": 127,
            "ComboBoxIndex": 1,
            "SingleColor": {
              "R": 0,
              "G": 0,
              "B": 0
            },
            "FirstColor": {
              "R": 150,
              "G": 200
            },
            "EndColor": {},
            "ColorVector": {
              "ScaleY": 1.0
            },
            "Scale9Width": 1,
            "Scale9Height": 1,
            "TouchEnable": true,
            "AnchorPoint": {},
            "Position": {
              "X": 0.0,
              "Y": 0.0
            },
            "Scale": {
              "ScaleX": 1.0,
              "ScaleY": 1.0
            },
            "CColor": {},
            "IconVisible": false,
            "PrePosition": {
              "X": 0.0,
              "Y": 0.0
            },
            "PreSize": {
              "X": 1.0,
              "Y": 1.0
            },
            "Tag": 107,
            "ActionTag": -948059044,
            "Size": {
              "X": 1280.0,
              "Y": 720.0
            },
            "Name": "black",
            "ctype": "PanelObjectData"
          },
          {
            "FileData": {
              "Type": "Normal",
              "Path": "image/ui/club/bg.png",
              "Plist": ""
            },
            "Scale9Enable": true,
            "Scale9OriginX": 100,
            "Scale9Width": 55,
            "Scale9Height": 720,
            "AnchorPoint": {},
            "Position": {
              "X": 0.0,
              "Y": 0.0
            },
            "Scale": {
              "ScaleX": 1.0,
              "ScaleY": 1.0
            },
            "CColor": {},
            "IconVisible": false,
            "PositionPercentYEnabled": true,
            "PrePosition": {
              "X": 0.0,
              "Y": 0.0
            },
            "PreSize": {
              "X": 0.3516,
              "Y": 1.0
            },
            "RightMargin": 830.0,
            "Tag": 548,
            "Children": [
              {
                "FileData": {
                  "Type": "Normal",
                  "Path": "image/ui/club/btn_nyq.png",
                  "Plist": ""
                },
                "BlendFunc": {
                  "Src": 1,
                  "Dst": 771
                },
                "AnchorPoint": {
                  "ScaleX": 0.5,
                  "ScaleY": 0.5
                },
                "Position": {
                  "X": 399.2606,
                  "Y": 330.4615
                },
                "Scale": {
                  "ScaleX": 1.0,
                  "ScaleY": 1.0
                },
                "CColor": {},
                "IconVisible": false,
                "PrePosition": {
                  "X": 0.8872,
                  "Y": 0.459
                },
                "PreSize": {
                  "X": 0.1733,
                  "Y": 0.3056
                },
                "LeftMargin": 360.2606,
                "RightMargin": 11.7394,
                "TopMargin": 279.5385,
                "BottomMargin": 220.4615,
                "Tag": 529,
                "Children": [
                  {
                    "FileData": {
                      "Type": "Normal",
                      "Path": "image/ui/club/btn_left.png",
                      "Plist": ""
                    },
                    "BlendFunc": {
                      "Src": 1,
                      "Dst": 771
                    },
                    "AnchorPoint": {
                      "ScaleX": 0.5,
                      "ScaleY": 0.5
                    },
                    "Position": {
                      "X": 39.0699,
                      "Y": 173.6574
                    },
                    "Scale": {
                      "ScaleX": 1.0,
                      "ScaleY": 1.0
                    },
                    "CColor": {},
                    "IconVisible": false,
                    "PrePosition": {
                      "X": 0.5009,
                      "Y": 0.7894
                    },
                    "PreSize": {
                      "X": 0.7692,
                      "Y": 0.2727
                    },
                    "LeftMargin": 9.0699,
                    "RightMargin": 8.9301,
                    "TopMargin": 16.3426,
                    "BottomMargin": 143.6574,
                    "Tag": 530,
                    "ActionTag": 34166243,
                    "Size": {
                      "X": 60.0,
                      "Y": 60.0
                    },
                    "Name": "btn_left",
                    "ctype": "SpriteObjectData"
                  }
                ],
                "ActionTag": 1745205590,
                "Size": {
                  "X": 78.0,
                  "Y": 220.0
                },
                "Name": "btn_nyq",
                "ctype": "SpriteObjectData"
              }
            ],
            "ActionTag": -368390614,
            "Size": {
              "X": 450.0,
              "Y": 720.0
            },
            "Name": "bg",
            "ctype": "ImageViewObjectData"
          },
          {
            "ClipAble": false,
            "BackColorAlpha": 102,
            "SingleColor": {
              "R": 150,
              "G": 200
            },
            "FirstColor": {
              "R": 150,
              "G": 200
            },
            "EndColor": {},
            "ColorVector": {
              "ScaleY": 1.0
            },
            "Scale9Width": 1,
            "Scale9Height": 1,
            "TouchEnable": true,
            "AnchorPoint": {},
            "Position": {
              "X": 0.0,
              "Y": 0.0
            },
            "Scale": {
              "ScaleX": 1.0,
              "ScaleY": 1.0
            },
            "CColor": {},
            "IconVisible": false,
            "PrePosition": {
              "X": 0.0,
              "Y": 0.0
            },
            "PreSize": {
              "X": 0.2891,
              "Y": 1.0
            },
            "RightMargin": 910.0,
            "Tag": 253,
            "Children": [
              {
                "FileData": {
                  "Type": "Normal",
                  "Path": "image/ui/club/bg_left.png",
                  "Plist": ""
                },
                "Scale9Enable": true,
                "Scale9OriginX": 50,
                "Scale9Width": 21,
                "Scale9Height": 672,
                "AnchorPoint": {
                  "ScaleX": 0.5,
                  "ScaleY": 1.0
                },
                "Position": {
                  "X": 182.003,
                  "Y": 696.024
                },
                "Scale": {
                  "ScaleX": 1.0,
                  "ScaleY": 1.0
                },
                "CColor": {},
                "IconVisible": false,
                "PositionPercentXEnabled": true,
                "PositionPercentYEnabled": true,
                "PrePosition": {
                  "X": 0.4919,
                  "Y": 0.9667
                },
                "PreSize": {
                  "X": 0.9189,
                  "Y": 0.9333
                },
                "LeftMargin": 12.003,
                "RightMargin": 17.997,
                "TopMargin": 23.976,
                "BottomMargin": 24.024,
                "Tag": 554,
                "ActionTag": 357740645,
                "Size": {
                  "X": 340.0,
                  "Y": 672.0
                },
                "Name": "innerbg",
                "ctype": "ImageViewObjectData"
              },
              {
                "FileData": {
                  "Type": "Normal",
                  "Path": "image/ui/club/title_myqun.png",
                  "Plist": ""
                },
                "BlendFunc": {
                  "Src": 1,
                  "Dst": 771
                },
                "AnchorPoint": {
                  "ScaleX": 0.5,
                  "ScaleY": 0.5
                },
                "Position": {
                  "X": 166.5,
                  "Y": 661.5858
                },
                "Scale": {
                  "ScaleX": 1.0,
                  "ScaleY": 1.0
                },
                "CColor": {},
                "IconVisible": false,
                "PositionPercentXEnabled": true,
                "PrePosition": {
                  "X": 0.45,
                  "Y": 0.9189
                },
                "PreSize": {
                  "X": 0.4297,
                  "Y": 0.0528
                },
                "LeftMargin": 87.0,
                "RightMargin": 124.0,
                "TopMargin": 39.4142,
                "BottomMargin": 642.5858,
                "Tag": 553,
                "ActionTag": 1847155782,
                "Size": {
                  "X": 159.0,
                  "Y": 38.0
                },
                "Name": "title_myqun",
                "ctype": "SpriteObjectData"
              },
              {
                "ClipAble": false,
                "BackColorAlpha": 102,
                "SingleColor": {
                  "R": 150,
                  "G": 200
                },
                "FirstColor": {
                  "R": 150,
                  "G": 200
                },
                "EndColor": {},
                "ColorVector": {
                  "ScaleY": 1.0
                },
                "Scale9Width": 1,
                "Scale9Height": 1,
                "TouchEnable": true,
                "AnchorPoint": {
                  "ScaleX": 0.5,
                  "ScaleY": 1.0
                },
                "Position": {
                  "X": 182.5,
                  "Y": 600.0
                },
                "Scale": {
                  "ScaleX": 1.0,
                  "ScaleY": 1.0
                },
                "CColor": {},
                "IconVisible": false,
                "PrePosition": {
                  "X": 0.4932,
                  "Y": 0.8333
                },
                "PreSize": {
                  "X": 0.9865,
                  "Y": 0.8333
                },
                "RightMargin": 5.0,
                "TopMargin": 120.0,
                "Tag": 552,
                "Children": [
                  {
                    "FileData": {
                      "Type": "Normal",
                      "Path": "image/ui/club/title_create.png",
                      "Plist": ""
                    },
                    "BlendFunc": {
                      "Src": 1,
                      "Dst": 771
                    },
                    "AnchorPoint": {
                      "ScaleX": 0.5,
                      "ScaleY": 0.5
                    },
                    "Position": {
                      "X": 182.5,
                      "Y": 562.5484
                    },
                    "Scale": {
                      "ScaleX": 1.0,
                      "ScaleY": 1.0
                    },
                    "CColor": {},
                    "IconVisible": false,
                    "PositionPercentXEnabled": true,
                    "PrePosition": {
                      "X": 0.5,
                      "Y": 0.9376
                    },
                    "PreSize": {
                      "X": 0.7644,
                      "Y": 0.0367
                    },
                    "LeftMargin": 43.0,
                    "RightMargin": 43.0,
                    "TopMargin": 26.4516,
                    "BottomMargin": 551.5484,
                    "Tag": 546,
                    "ActionTag": -1660593847,
                    "Size": {
                      "X": 279.0,
                      "Y": 22.0
                    },
                    "Name": "title_create",
                    "ctype": "SpriteObjectData"
                  },
                  {
                    "FileData": {
                      "Type": "Normal",
                      "Path": "image/ui/club/bg_input.png",
                      "Plist": ""
                    },
                    "BlendFunc": {
                      "Src": 1,
                      "Dst": 771
                    },
                    "AnchorPoint": {
                      "ScaleX": 0.5,
                      "ScaleY": 0.5
                    },
                    "Position": {
                      "X": 182.5,
                      "Y": 461.7514
                    },
                    "Scale": {
                      "ScaleX": 1.0,
                      "ScaleY": 1.0
                    },
                    "CColor": {},
                    "IconVisible": false,
                    "PositionPercentXEnabled": true,
                    "PrePosition": {
                      "X": 0.5,
                      "Y": 0.7696
                    },
                    "PreSize": {
                      "X": 0.8055,
                      "Y": 0.1
                    },
                    "LeftMargin": 35.5,
                    "RightMargin": 35.5,
                    "TopMargin": 108.2486,
                    "BottomMargin": 431.7514,
                    "Tag": 545,
                    "Children": [
                      {
                        "FontResource": {
                          "Type": "Normal",
                          "Path": "image/fonts/FZZY.TTF",
                          "Plist": ""
                        },
                        "FontSize": 38,
                        "IsCustomSize": true,
                        "LabelText": "",
                        "PlaceHolderText": "输入俱乐部名称",
                        "MaxLengthEnable": true,
                        "MaxLengthText": 20,
                        "TouchEnable": true,
                        "AnchorPoint": {
                          "ScaleX": 0.5,
                          "ScaleY": 0.5
                        },
                        "Position": {
                          "X": 147.0,
                          "Y": 27.0
                        },
                        "Scale": {
                          "ScaleX": 1.0,
                          "ScaleY": 1.0
                        },
                        "CColor": {},
                        "IconVisible": false,
                        "PositionPercentXEnabled": true,
                        "PositionPercentYEnabled": true,
                        "PrePosition": {
                          "X": 0.5,
                          "Y": 0.45
                        },
                        "PreSize": {
                          "X": 0.9524,
                          "Y": 0.8333
                        },
                        "LeftMargin": 7.0,
                        "RightMargin": 7.0,
                        "TopMargin": 8.0,
                        "BottomMargin": 2.0,
                        "Tag": 287,
                        "ActionTag": 1902324316,
                        "Size": {
                          "X": 280.0,
                          "Y": 50.0
                        },
                        "Name": "input",
                        "ctype": "TextFieldObjectData"
                      }
                    ],
                    "ActionTag": 400556959,
                    "Size": {
                      "X": 294.0,
                      "Y": 60.0
                    },
                    "Name": "bg_input",
                    "ctype": "SpriteObjectData"
                  },
                  {
                    "FileData": {
                      "Type": "Normal",
                      "Path": "image/ui/btn/btn_queding.png",
                      "Plist": ""
                    },
                    "BlendFunc": {
                      "Src": 1,
                      "Dst": 771
                    },
                    "AnchorPoint": {
                      "ScaleX": 0.5,
                      "ScaleY": 0.5
                    },
                    "Position": {
                      "X": 182.5,
                      "Y": 341.4557
                    },
                    "Scale": {
                      "ScaleX": 1.0,
                      "ScaleY": 1.0
                    },
                    "CColor": {},
                    "IconVisible": false,
                    "PositionPercentXEnabled": true,
                    "PrePosition": {
                      "X": 0.5,
                      "Y": 0.5691
                    },
                    "PreSize": {
                      "X": 0.5753,
                      "Y": 0.1017
                    },
                    "LeftMargin": 77.5,
                    "RightMargin": 77.5,
                    "TopMargin": 228.0443,
                    "BottomMargin": 310.9557,
                    "Tag": 288,
                    "ActionTag": 1996736181,
                    "Size": {
                      "X": 210.0,
                      "Y": 61.0
                    },
                    "Name": "confirm",
                    "ctype": "SpriteObjectData"
                  },
                  {
                    "FileData": {
                      "Type": "Normal",
                      "Path": "image/ui/btn/btn_quxiao.png",
                      "Plist": ""
                    },
                    "BlendFunc": {
                      "Src": 1,
                      "Dst": 771
                    },
                    "AnchorPoint": {
                      "ScaleX": 0.5,
                      "ScaleY": 0.5
                    },
                    "Position": {
                      "X": 182.5,
                      "Y": 264.5596
                    },
                    "Scale": {
                      "ScaleX": 1.0,
                      "ScaleY": 1.0
                    },
                    "CColor": {},
                    "IconVisible": false,
                    "PositionPercentXEnabled": true,
                    "PrePosition": {
                      "X": 0.5,
                      "Y": 0.4409
                    },
                    "PreSize": {
                      "X": 0.5753,
                      "Y": 0.1017
                    },
                    "LeftMargin": 77.5,
                    "RightMargin": 77.5,
                    "TopMargin": 304.9404,
                    "BottomMargin": 234.0596,
                    "Tag": 289,
                    "ActionTag": 1541418216,
                    "Size": {
                      "X": 210.0,
                      "Y": 61.0
                    },
                    "Name": "cancel",
                    "ctype": "SpriteObjectData"
                  }
                ],
                "ActionTag": 1904259182,
                "Size": {
                  "X": 365.0,
                  "Y": 600.0
                },
                "Name": "addClubLayer",
                "ctype": "PanelObjectData"
              },
              {
                "IsBounceEnabled": true,
                "InnerNodeSize": {
                  "Width": 400,
                  "Height": 680
                },
                "ScrollDirectionType": "Vertical",
                "ClipAble": true,
                "BackColorAlpha": 102,
                "SingleColor": {
                  "G": 150,
                  "B": 100
                },
                "FirstColor": {
                  "G": 150,
                  "B": 100
                },
                "EndColor": {},
                "ColorVector": {
                  "ScaleY": 1.0
                },
                "Scale9Width": 1,
                "Scale9Height": 1,
                "TouchEnable": true,
                "AnchorPoint": {},
                "Position": {
                  "X": 0.0,
                  "Y": 30.0
                },
                "Scale": {
                  "ScaleX": 1.0,
                  "ScaleY": 1.0
                },
                "CColor": {},
                "IconVisible": false,
                "PrePosition": {
                  "X": 0.0,
                  "Y": 0.0417
                },
                "PreSize": {
                  "X": 1.0,
                  "Y": 0.8333
                },
                "TopMargin": 90.0,
                "BottomMargin": 30.0,
                "Tag": 419,
                "ActionTag": 537865980,
                "Size": {
                  "X": 370.0,
                  "Y": 600.0
                },
                "Name": "clubsScrollview",
                "ctype": "ScrollViewObjectData"
              },
              {
                "FileData": {
                  "Type": "Normal",
                  "Path": "image/ui/club/bg_kuang1.png",
                  "Plist": ""
                },
                "Scale9Enable": true,
                "Scale9OriginX": 20,
                "Scale9OriginY": 40,
                "Scale9Width": 38,
                "Scale9Height": 42,
                "AnchorPoint": {
                  "ScaleX": 0.5,
                  "ScaleY": 0.5
                },
                "Position": {
                  "X": 176.654,
                  "Y": 581.2123
                },
                "Scale": {
                  "ScaleX": 1.0,
                  "ScaleY": 1.0
                },
                "CColor": {},
                "IconVisible": false,
                "PrePosition": {
                  "X": 0.4774,
                  "Y": 0.8072
                },
                "PreSize": {
                  "X": 0.8108,
                  "Y": 0.175
                },
                "LeftMargin": 26.654,
                "RightMargin": 43.346,
                "TopMargin": 75.7877,
                "BottomMargin": 518.2123,
                "Tag": 654,
                "Children": [
                  {
                    "FontSize": 26,
                    "LabelText": "还没有俱乐部奥，\n快来创建/加入俱乐部！",
                    "FontResource": {
                      "Type": "Normal",
                      "Path": "image/fonts/FZZY.TTF",
                      "Plist": ""
                    },
                    "OutlineColor": {
                      "G": 0,
                      "B": 0
                    },
                    "ShadowColor": {
                      "R": 110,
                      "G": 110,
                      "B": 110
                    },
                    "ShadowOffsetX": 2.0,
                    "ShadowOffsetY": -2.0,
                    "AnchorPoint": {
                      "ScaleX": 0.5,
                      "ScaleY": 0.5
                    },
                    "Position": {
                      "X": 152.07,
                      "Y": 58.9352
                    },
                    "Scale": {
                      "ScaleX": 1.0,
                      "ScaleY": 1.0
                    },
                    "CColor": {
                      "R": 92,
                      "G": 43,
                      "B": 18
                    },
                    "IconVisible": false,
                    "PositionPercentXEnabled": true,
                    "PrePosition": {
                      "X": 0.5069,
                      "Y": 0.4677
                    },
                    "PreSize": {
                      "X": 0.8567,
                      "Y": 0.4762
                    },
                    "LeftMargin": 23.57,
                    "RightMargin": 19.43,
                    "TopMargin": 37.0648,
                    "BottomMargin": 28.9352,
                    "Tag": 658,
                    "ActionTag": 554132723,
                    "Size": {
                      "X": 257.0,
                      "Y": 60.0
                    },
                    "Name": "txt",
                    "ctype": "TextObjectData"
                  }
                ],
                "ActionTag": 1949898122,
                "Size": {
                  "X": 300.0,
                  "Y": 126.0
                },
                "Name": "noclubtip",
                "ctype": "ImageViewObjectData"
              },
              {
                "FileData": {
                  "Type": "Normal",
                  "Path": "image/ui/club/btn_add.png",
                  "Plist": ""
                },
                "BlendFunc": {
                  "Src": 1,
                  "Dst": 771
                },
                "AnchorPoint": {
                  "ScaleX": 0.5,
                  "ScaleY": 0.5
                },
                "Position": {
                  "X": 278.9106,
                  "Y": 663.5863
                },
                "Scale": {
                  "ScaleX": 1.0,
                  "ScaleY": 1.0
                },
                "CColor": {},
                "IconVisible": false,
                "PrePosition": {
                  "X": 0.7538,
                  "Y": 0.9216
                },
                "PreSize": {
                  "X": 0.1054,
                  "Y": 0.0542
                },
                "LeftMargin": 259.4106,
                "RightMargin": 71.5894,
                "TopMargin": 36.9137,
                "BottomMargin": 644.0863,
                "Tag": 282,
                "ActionTag": -1614002003,
                "Size": {
                  "X": 39.0,
                  "Y": 39.0
                },
                "Name": "add",
                "ctype": "SpriteObjectData"
              }
            ],
            "ActionTag": 1717945942,
            "Size": {
              "X": 370.0,
              "Y": 720.0
            },
            "Name": "clubLayer",
            "ctype": "PanelObjectData"
          },
          {
            "ClipAble": false,
            "BackColorAlpha": 102,
            "SingleColor": {
              "R": 150,
              "G": 200
            },
            "FirstColor": {
              "R": 150,
              "G": 200
            },
            "EndColor": {},
            "ColorVector": {
              "ScaleY": 1.0
            },
            "Scale9Width": 1,
            "Scale9Height": 1,
            "TouchEnable": true,
            "AnchorPoint": {},
            "Position": {
              "X": 370.0,
              "Y": 0.0
            },
            "Scale": {
              "ScaleX": 1.0,
              "ScaleY": 1.0
            },
            "CColor": {},
            "IconVisible": false,
            "PrePosition": {
              "X": 0.2891,
              "Y": 0.0
            },
            "PreSize": {
              "X": 0.6406,
              "Y": 1.0
            },
            "LeftMargin": 370.0,
            "RightMargin": 90.0,
            "Tag": 290,
            "Children": [
              {
                "FileData": {
                  "Type": "Normal",
                  "Path": "image/ui/club/bg_right.png",
                  "Plist": ""
                },
                "Scale9Enable": true,
                "Scale9OriginX": 50,
                "Scale9Width": 49,
                "Scale9Height": 590,
                "AnchorPoint": {
                  "ScaleX": 0.5,
                  "ScaleY": 1.0
                },
                "Position": {
                  "X": 410.0,
                  "Y": 696.024
                },
                "Scale": {
                  "ScaleX": 1.0,
                  "ScaleY": 1.0
                },
                "CColor": {},
                "IconVisible": false,
                "PositionPercentXEnabled": true,
                "PositionPercentYEnabled": true,
                "PrePosition": {
                  "X": 0.5,
                  "Y": 0.9667
                },
                "PreSize": {
                  "X": 1.0,
                  "Y": 0.8194
                },
                "TopMargin": 23.976,
                "BottomMargin": 106.024,
                "Tag": 589,
                "ActionTag": -974698823,
                "Size": {
                  "X": 820.0,
                  "Y": 590.0
                },
                "Name": "bg",
                "ctype": "ImageViewObjectData"
              },
              {
                "FileData": {
                  "Type": "Normal",
                  "Path": "image/ui/club/btn_qun.png",
                  "Plist": ""
                },
                "BlendFunc": {
                  "Src": 1,
                  "Dst": 771
                },
                "AnchorPoint": {
                  "ScaleX": 0.5,
                  "ScaleY": 0.5
                },
                "Position": {
                  "X": 766.6724,
                  "Y": 661.7232
                },
                "Scale": {
                  "ScaleX": 1.0,
                  "ScaleY": 1.0
                },
                "CColor": {},
                "IconVisible": false,
                "PrePosition": {
                  "X": 0.935,
                  "Y": 0.9191
                },
                "PreSize": {
                  "X": 0.0732,
                  "Y": 0.0833
                },
                "LeftMargin": 736.6724,
                "RightMargin": 23.3276,
                "TopMargin": 28.2768,
                "BottomMargin": 631.7232,
                "Tag": 284,
                "ActionTag": -895612176,
                "Size": {
                  "X": 60.0,
                  "Y": 60.0
                },
                "Name": "btn_users",
                "ctype": "SpriteObjectData"
              },
              {
                "FontSize": 26,
                "LabelText": "名字可以有八字_（id111111）",
                "FontResource": {
                  "Type": "Normal",
                  "Path": "image/fonts/FZZY.TTF",
                  "Plist": ""
                },
                "VerticalAlignmentType": "VT_Center",
                "OutlineColor": {},
                "ShadowColor": {},
                "ShadowOffsetX": 1.0,
                "ShadowOffsetY": -1.0,
                "AnchorPoint": {
                  "ScaleY": 0.5
                },
                "Position": {
                  "X": 20.9997,
                  "Y": 661.7984
                },
                "Scale": {
                  "ScaleX": 1.0,
                  "ScaleY": 1.0
                },
                "CColor": {
                  "R": 131,
                  "G": 166,
                  "B": 213
                },
                "IconVisible": false,
                "PrePosition": {
                  "X": 0.0256,
                  "Y": 0.9192
                },
                "PreSize": {
                  "X": 0.3805,
                  "Y": 0.0417
                },
                "LeftMargin": 20.9997,
                "RightMargin": 487.0003,
                "TopMargin": 43.2016,
                "BottomMargin": 646.7984,
                "Tag": 594,
                "ActionTag": -769164182,
                "Size": {
                  "X": 312.0,
                  "Y": 30.0
                },
                "Name": "clubname",
                "ctype": "TextObjectData"
              },
              {
                "FileData": {
                  "Type": "Normal",
                  "Path": "image/ui/club/bg_kuang4.png",
                  "Plist": ""
                },
                "BlendFunc": {
                  "Src": 1,
                  "Dst": 771
                },
                "AnchorPoint": {
                  "ScaleX": 0.5,
                  "ScaleY": 0.5
                },
                "Position": {
                  "X": 282.6305,
                  "Y": 151.8448
                },
                "Scale": {
                  "ScaleX": 1.0,
                  "ScaleY": 1.0
                },
                "CColor": {},
                "IconVisible": false,
                "PrePosition": {
                  "X": 0.3447,
                  "Y": 0.2109
                },
                "PreSize": {
                  "X": 0.2341,
                  "Y": 0.1556
                },
                "LeftMargin": 186.6305,
                "RightMargin": 441.3695,
                "TopMargin": 512.1552,
                "BottomMargin": 95.8448,
                "Tag": 2159,
                "Children": [
                  {
                    "FileData": {
                      "Type": "Normal",
                      "Path": "image/ui/club/bg_kuang4.png",
                      "Plist": ""
                    },
                    "BlendFunc": {
                      "Src": 1,
                      "Dst": 771
                    },
                    "AnchorPoint": {
                      "ScaleX": 1.0,
                      "ScaleY": 0.5
                    },
                    "Position": {
                      "X": 192.0,
                      "Y": 56.0
                    },
                    "Scale": {
                      "ScaleX": 1.0,
                      "ScaleY": -1.0
                    },
                    "RotationSkewX": 180.0,
                    "RotationSkewY": 180.0,
                    "CColor": {},
                    "IconVisible": false,
                    "PositionPercentXEnabled": true,
                    "PositionPercentYEnabled": true,
                    "PrePosition": {
                      "X": 1.0,
                      "Y": 0.5
                    },
                    "PreSize": {
                      "X": 1.0,
                      "Y": 1.0
                    },
                    "Tag": 2160,
                    "ActionTag": -222237505,
                    "Size": {
                      "X": 192.0,
                      "Y": 112.0
                    },
                    "Name": "img",
                    "ctype": "SpriteObjectData"
                  },
                  {
                    "FontSize": 26,
                    "LabelText": "没有房间奥，快来创建房间！",
                    "FontResource": {
                      "Type": "Normal",
                      "Path": "image/fonts/FZZY.TTF",
                      "Plist": ""
                    },
                    "OutlineColor": {
                      "G": 0,
                      "B": 0
                    },
                    "ShadowColor": {
                      "R": 110,
                      "G": 110,
                      "B": 110
                    },
                    "ShadowOffsetX": 2.0,
                    "ShadowOffsetY": -2.0,
                    "AnchorPoint": {
                      "ScaleX": 0.5,
                      "ScaleY": 0.5
                    },
                    "Position": {
                      "X": 192.0,
                      "Y": 61.5888
                    },
                    "Scale": {
                      "ScaleX": 1.0,
                      "ScaleY": 1.0
                    },
                    "CColor": {
                      "R": 127,
                      "G": 90,
                      "B": 85
                    },
                    "IconVisible": false,
                    "PositionPercentXEnabled": true,
                    "PositionPercentYEnabled": true,
                    "PrePosition": {
                      "X": 1.0,
                      "Y": 0.5499
                    },
                    "PreSize": {
                      "X": 1.6875,
                      "Y": 0.2679
                    },
                    "LeftMargin": 30.0,
                    "RightMargin": -162.0,
                    "TopMargin": 35.4112,
                    "BottomMargin": 46.5888,
                    "Tag": 2158,
                    "ActionTag": 1537274356,
                    "Size": {
                      "X": 324.0,
                      "Y": 30.0
                    },
                    "Name": "txt",
                    "ctype": "TextObjectData"
                  }
                ],
                "ActionTag": 2021977005,
                "Size": {
                  "X": 192.0,
                  "Y": 112.0
                },
                "Name": "noroomtip",
                "ctype": "SpriteObjectData"
              },
              {
                "FileData": {
                  "Type": "Normal",
                  "Path": "image/ui/room2/btn_create2.png",
                  "Plist": ""
                },
                "BlendFunc": {
                  "Src": 1,
                  "Dst": 771
                },
                "AnchorPoint": {
                  "ScaleX": 0.5,
                  "ScaleY": 0.5
                },
                "Position": {
                  "X": 382.4182,
                  "Y": 49.6624
                },
                "Scale": {
                  "ScaleX": 1.0,
                  "ScaleY": 1.0
                },
                "CColor": {},
                "IconVisible": false,
                "PrePosition": {
                  "X": 0.4664,
                  "Y": 0.069
                },
                "PreSize": {
                  "X": 0.2463,
                  "Y": 0.1194
                },
                "LeftMargin": 281.4182,
                "RightMargin": 336.5818,
                "TopMargin": 627.3376,
                "BottomMargin": 6.6624,
                "Tag": 286,
                "ActionTag": -758001505,
                "Size": {
                  "X": 202.0,
                  "Y": 86.0
                },
                "Name": "createroom",
                "ctype": "SpriteObjectData"
              },
              {
                "FileData": {
                  "Type": "Normal",
                  "Path": "image/ui/club/btn_set.png",
                  "Plist": ""
                },
                "BlendFunc": {
                  "Src": 1,
                  "Dst": 771
                },
                "AnchorPoint": {
                  "ScaleX": 0.5,
                  "ScaleY": 0.5
                },
                "Position": {
                  "X": 676.611,
                  "Y": 661.7232
                },
                "Scale": {
                  "ScaleX": 1.0,
                  "ScaleY": 1.0
                },
                "CColor": {},
                "IconVisible": false,
                "PrePosition": {
                  "X": 0.8251,
                  "Y": 0.9191
                },
                "PreSize": {
                  "X": 0.0732,
                  "Y": 0.0833
                },
                "LeftMargin": 646.611,
                "RightMargin": 113.389,
                "TopMargin": 28.2768,
                "BottomMargin": 631.7232,
                "Tag": 285,
                "ActionTag": 1056466085,
                "Size": {
                  "X": 60.0,
                  "Y": 60.0
                },
                "Name": "btn_set",
                "ctype": "SpriteObjectData"
              },
              {
                "FileData": {
                  "Type": "Normal",
                  "Path": "image/ui/club/btn_msg.png",
                  "Plist": ""
                },
                "BlendFunc": {
                  "Src": 1,
                  "Dst": 771
                },
                "AnchorPoint": {
                  "ScaleX": 0.5,
                  "ScaleY": 0.5
                },
                "Position": {
                  "X": 586.5494,
                  "Y": 661.7232
                },
                "Scale": {
                  "ScaleX": 1.0,
                  "ScaleY": 1.0
                },
                "CColor": {},
                "IconVisible": false,
                "PrePosition": {
                  "X": 0.7153,
                  "Y": 0.9191
                },
                "PreSize": {
                  "X": 0.0732,
                  "Y": 0.0833
                },
                "LeftMargin": 556.5494,
                "RightMargin": 203.4506,
                "TopMargin": 28.2768,
                "BottomMargin": 631.7232,
                "Tag": 587,
                "Children": [
                  {
                    "FileData": {
                      "Type": "Normal",
                      "Path": "image/ui/club/club_redbg.png",
                      "Plist": ""
                    },
                    "BlendFunc": {
                      "Src": 1,
                      "Dst": 771
                    },
                    "AnchorPoint": {
                      "ScaleX": 0.5,
                      "ScaleY": 0.5
                    },
                    "Position": {
                      "X": 44.8409,
                      "Y": 45.2909
                    },
                    "Scale": {
                      "ScaleX": 1.0,
                      "ScaleY": 1.0
                    },
                    "CColor": {},
                    "IconVisible": false,
                    "PrePosition": {
                      "X": 0.7473,
                      "Y": 0.7548
                    },
                    "PreSize": {
                      "X": 0.4333,
                      "Y": 0.4333
                    },
                    "LeftMargin": 31.8409,
                    "RightMargin": 2.1591,
                    "TopMargin": 1.7091,
                    "BottomMargin": 32.2909,
                    "Tag": 122,
                    "Children": [
                      {
                        "FontSize": 20,
                        "LabelText": "00",
                        "FontResource": {
                          "Type": "Normal",
                          "Path": "image/fonts/FZZY.TTF",
                          "Plist": ""
                        },
                        "HorizontalAlignmentType": "HT_Center",
                        "VerticalAlignmentType": "VT_Center",
                        "OutlineColor": {
                          "G": 0,
                          "B": 0
                        },
                        "ShadowColor": {
                          "R": 110,
                          "G": 110,
                          "B": 110
                        },
                        "ShadowOffsetX": 2.0,
                        "ShadowOffsetY": -2.0,
                        "AnchorPoint": {
                          "ScaleX": 0.5,
                          "ScaleY": 0.5
                        },
                        "Position": {
                          "X": 13.0,
                          "Y": 13.0
                        },
                        "Scale": {
                          "ScaleX": 1.0,
                          "ScaleY": 1.0
                        },
                        "CColor": {},
                        "IconVisible": false,
                        "PositionPercentXEnabled": true,
                        "PositionPercentYEnabled": true,
                        "PrePosition": {
                          "X": 0.5,
                          "Y": 0.5
                        },
                        "PreSize": {
                          "X": 0.9615,
                          "Y": 0.8846
                        },
                        "LeftMargin": 0.5,
                        "RightMargin": 0.5,
                        "TopMargin": 1.5,
                        "BottomMargin": 1.5,
                        "Tag": 121,
                        "ActionTag": -1257060738,
                        "Size": {
                          "X": 25.0,
                          "Y": 23.0
                        },
                        "Name": "num",
                        "ctype": "TextObjectData"
                      }
                    ],
                    "ActionTag": 983473266,
                    "Size": {
                      "X": 26.0,
                      "Y": 26.0
                    },
                    "VisibleForFrame": false,
                    "Name": "numbg",
                    "ctype": "SpriteObjectData"
                  }
                ],
                "ActionTag": -442822909,
                "Size": {
                  "X": 60.0,
                  "Y": 60.0
                },
                "Name": "btn_msg",
                "ctype": "SpriteObjectData"
              },
              {
                "FileData": {
                  "Type": "Normal",
                  "Path": "image/ui/history/btshare.png",
                  "Plist": ""
                },
                "BlendFunc": {
                  "Src": 1,
                  "Dst": 771
                },
                "AnchorPoint": {
                  "ScaleX": 0.5,
                  "ScaleY": 0.5
                },
                "Position": {
                  "X": 476.4879,
                  "Y": 658.2139
                },
                "Scale": {
                  "ScaleX": 1.0,
                  "ScaleY": 1.0
                },
                "CColor": {},
                "IconVisible": false,
                "PrePosition": {
                  "X": 0.5811,
                  "Y": 0.9142
                },
                "PreSize": {
                  "X": 0.122,
                  "Y": 0.0736
                },
                "LeftMargin": 426.4879,
                "RightMargin": 293.5121,
                "TopMargin": 35.2861,
                "BottomMargin": 631.7139,
                "Tag": 2283,
                "ActionTag": 1106879810,
                "Size": {
                  "X": 100.0,
                  "Y": 53.0
                },
                "Name": "copy",
                "ctype": "SpriteObjectData"
              }
            ],
            "ActionTag": 1541357746,
            "Size": {
              "X": 820.0,
              "Y": 720.0
            },
            "Name": "roomsLayer",
            "ctype": "PanelObjectData"
          }
        ],
        "Size": {
          "X": 1280.0,
          "Y": 720.0
        },
        "Name": "Scene",
        "ctype": "SingleNodeObjectData"
      },
      "UsedResources": [
        "../../image/fonts/FZZY.TTF",
        "../../image/ui/btn/btn_queding.png",
        "../../image/ui/btn/btn_quxiao.png",
        "../../image/ui/club/bg.png",
        "../../image/ui/club/bg_input.png",
        "../../image/ui/club/bg_kuang1.png",
        "../../image/ui/club/bg_kuang4.png",
        "../../image/ui/club/bg_left.png",
        "../../image/ui/club/bg_right.png",
        "../../image/ui/club/btn_add.png",
        "../../image/ui/club/btn_left.png",
        "../../image/ui/club/btn_msg.png",
        "../../image/ui/club/btn_nyq.png",
        "../../image/ui/club/btn_qun.png",
        "../../image/ui/club/btn_set.png",
        "../../image/ui/club/club_redbg.png",
        "../../image/ui/club/title_create.png",
        "../../image/ui/club/title_myqun.png",
        "../../image/ui/history/btshare.png",
        "../../image/ui/room2/btn_create2.png"
      ],
      "ctype": "GameFileData"
    }
  },
  "Type": "Scene"
}