{
  "ID": "efec1c1f-4241-4061-8fb7-5ebd7dc6b95e",
  "Version": "3.10.0.0",
  "Name": "MsgItem",
  "Content": {
    "Content": {
      "Animation": {
        "Duration": 0,
        "Speed": 1.0,
        "Timelines": [],
        "ctype": "TimelineActionData"
      },
      "AnimationList": [],
      "ObjectData": {
        "Tag": 624,
        "Children": [
          {
            "ClipAble": false,
            "BackColorAlpha": 102,
            "SingleColor": {
              "R": 150,
              "G": 200
            },
            "FirstColor": {
              "R": 150,
              "G": 200
            },
            "EndColor": {},
            "ColorVector": {
              "ScaleY": 1.0
            },
            "Scale9Width": 1,
            "Scale9Height": 1,
            "AnchorPoint": {},
            "Position": {
              "X": 0.0,
              "Y": 0.0
            },
            "Scale": {
              "ScaleX": 1.0,
              "ScaleY": 1.0
            },
            "CColor": {},
            "IconVisible": false,
            "PrePosition": {
              "X": 0.0,
              "Y": 0.0
            },
            "PreSize": {
              "X": 1.0,
              "Y": 1.0
            },
            "Tag": 625,
            "Children": [
              {
                "FileData": {
                  "Type": "Normal",
                  "Path": "image/ui/club/line.png",
                  "Plist": ""
                },
                "Scale9OriginX": 46,
                "Scale9Width": 48,
                "Scale9Height": 1,
                "AnchorPoint": {
                  "ScaleX": 0.5,
                  "ScaleY": 0.5
                },
                "Position": {
                  "X": 260.0,
                  "Y": 4.0
                },
                "Scale": {
                  "ScaleX": 3.6,
                  "ScaleY": 1.0
                },
                "CColor": {},
                "IconVisible": false,
                "PositionPercentXEnabled": true,
                "PrePosition": {
                  "X": 0.5,
                  "Y": 0.0444
                },
                "PreSize": {
                  "X": 0.2692,
                  "Y": 0.0111
                },
                "LeftMargin": 190.0,
                "RightMargin": 190.0,
                "TopMargin": 85.5,
                "BottomMargin": 3.5,
                "Tag": 98,
                "ActionTag": 114900898,
                "Size": {
                  "X": 140.0,
                  "Y": 1.0
                },
                "Name": "line",
                "ctype": "ImageViewObjectData"
              },
              {
                "FontSize": 22,
                "LabelText": "名字可以有八字_",
                "FontResource": {
                  "Type": "Normal",
                  "Path": "image/fonts/FZZY.TTF",
                  "Plist": ""
                },
                "VerticalAlignmentType": "VT_Center",
                "OutlineColor": {},
                "ShadowColor": {},
                "ShadowOffsetX": 1.0,
                "ShadowOffsetY": -1.0,
                "AnchorPoint": {
                  "ScaleY": 0.5
                },
                "Position": {
                  "X": 74.1587,
                  "Y": 29.6161
                },
                "Scale": {
                  "ScaleX": 1.0,
                  "ScaleY": 1.0
                },
                "CColor": {
                  "R": 127,
                  "G": 90,
                  "B": 85
                },
                "IconVisible": false,
                "PrePosition": {
                  "X": 0.1426,
                  "Y": 0.3291
                },
                "PreSize": {
                  "X": 0.325,
                  "Y": 0.2778
                },
                "LeftMargin": 74.1587,
                "RightMargin": 276.8413,
                "TopMargin": 47.8839,
                "BottomMargin": 17.1161,
                "Tag": 627,
                "ActionTag": -867340528,
                "Size": {
                  "X": 169.0,
                  "Y": 25.0
                },
                "Name": "id",
                "ctype": "TextObjectData"
              },
              {
                "FontSize": 22,
                "LabelText": "名字可以有八字_",
                "FontResource": {
                  "Type": "Normal",
                  "Path": "image/fonts/FZZY.TTF",
                  "Plist": ""
                },
                "VerticalAlignmentType": "VT_Center",
                "OutlineColor": {},
                "ShadowColor": {},
                "ShadowOffsetX": 1.0,
                "ShadowOffsetY": -1.0,
                "AnchorPoint": {
                  "ScaleY": 0.5
                },
                "Position": {
                  "X": 74.1587,
                  "Y": 60.7101
                },
                "Scale": {
                  "ScaleX": 1.0,
                  "ScaleY": 1.0
                },
                "CColor": {
                  "R": 127,
                  "G": 90,
                  "B": 85
                },
                "IconVisible": false,
                "PrePosition": {
                  "X": 0.1426,
                  "Y": 0.6746
                },
                "PreSize": {
                  "X": 0.325,
                  "Y": 0.2778
                },
                "LeftMargin": 74.1587,
                "RightMargin": 276.8413,
                "TopMargin": 16.7899,
                "BottomMargin": 48.2101,
                "Tag": 628,
                "ActionTag": -139700035,
                "Size": {
                  "X": 169.0,
                  "Y": 25.0
                },
                "Name": "name",
                "ctype": "TextObjectData"
              },
              {
                "FileData": {
                  "Type": "Normal",
                  "Path": "image/ui/club/bg_qunmp.png",
                  "Plist": ""
                },
                "Scale9OriginX": 27,
                "Scale9OriginY": 27,
                "Scale9Width": 8,
                "Scale9Height": 8,
                "AnchorPoint": {
                  "ScaleX": 0.5,
                  "ScaleY": 0.5
                },
                "Position": {
                  "X": 40.5652,
                  "Y": 47.0194
                },
                "Scale": {
                  "ScaleX": 1.0,
                  "ScaleY": 1.0
                },
                "CColor": {},
                "IconVisible": false,
                "PrePosition": {
                  "X": 0.078,
                  "Y": 0.5224
                },
                "PreSize": {
                  "X": 0.1192,
                  "Y": 0.6889
                },
                "LeftMargin": 9.5652,
                "RightMargin": 448.4348,
                "TopMargin": 11.9806,
                "BottomMargin": 16.0194,
                "Tag": 629,
                "ActionTag": -633728885,
                "Size": {
                  "X": 62.0,
                  "Y": 62.0
                },
                "Name": "headbg",
                "ctype": "ImageViewObjectData"
              },
              {
                "FileData": {
                  "Type": "Normal",
                  "Path": "image/defaultHead.jpg",
                  "Plist": ""
                },
                "Scale9OriginX": 43,
                "Scale9OriginY": 43,
                "Scale9Width": 46,
                "Scale9Height": 46,
                "AnchorPoint": {
                  "ScaleX": 0.5,
                  "ScaleY": 0.5
                },
                "Position": {
                  "X": 40.799,
                  "Y": 47.7372
                },
                "Scale": {
                  "ScaleX": 0.43,
                  "ScaleY": 0.43
                },
                "CColor": {},
                "IconVisible": false,
                "PrePosition": {
                  "X": 0.0785,
                  "Y": 0.5304
                },
                "PreSize": {
                  "X": 0.2538,
                  "Y": 1.4667
                },
                "LeftMargin": -25.201,
                "RightMargin": 413.201,
                "TopMargin": -23.7372,
                "BottomMargin": -18.2628,
                "Tag": 630,
                "ActionTag": 1313545020,
                "Size": {
                  "X": 132.0,
                  "Y": 132.0
                },
                "Name": "head",
                "ctype": "ImageViewObjectData"
              },
              {
                "FileData": {
                  "Type": "Normal",
                  "Path": "image/ui/club/btn_pingbi.png",
                  "Plist": ""
                },
                "BlendFunc": {
                  "Src": 1,
                  "Dst": 771
                },
                "AnchorPoint": {
                  "ScaleX": 0.5,
                  "ScaleY": 0.5
                },
                "Position": {
                  "X": 279.7073,
                  "Y": 43.0001
                },
                "Scale": {
                  "ScaleX": 1.0,
                  "ScaleY": 1.0
                },
                "CColor": {},
                "IconVisible": false,
                "PrePosition": {
                  "X": 0.5379,
                  "Y": 0.4778
                },
                "PreSize": {
                  "X": 0.1808,
                  "Y": 0.5556
                },
                "LeftMargin": 232.7073,
                "RightMargin": 193.2927,
                "TopMargin": 21.9999,
                "BottomMargin": 18.0001,
                "Tag": 635,
                "ActionTag": 1814721312,
                "Size": {
                  "X": 94.0,
                  "Y": 50.0
                },
                "Name": "btn_pingbi",
                "ctype": "SpriteObjectData"
              },
              {
                "FileData": {
                  "Type": "Normal",
                  "Path": "image/ui/club/btn_tongyi.png",
                  "Plist": ""
                },
                "BlendFunc": {
                  "Src": 1,
                  "Dst": 771
                },
                "AnchorPoint": {
                  "ScaleX": 0.5,
                  "ScaleY": 0.5
                },
                "Position": {
                  "X": 471.0349,
                  "Y": 43.0001
                },
                "Scale": {
                  "ScaleX": 1.0,
                  "ScaleY": 1.0
                },
                "CColor": {},
                "IconVisible": false,
                "PrePosition": {
                  "X": 0.9058,
                  "Y": 0.4778
                },
                "PreSize": {
                  "X": 0.1808,
                  "Y": 0.5556
                },
                "LeftMargin": 424.0349,
                "RightMargin": 1.9651,
                "TopMargin": 21.9999,
                "BottomMargin": 18.0001,
                "Tag": 634,
                "ActionTag": 411408819,
                "Size": {
                  "X": 94.0,
                  "Y": 50.0
                },
                "Name": "btn_tongyi",
                "ctype": "SpriteObjectData"
              },
              {
                "FileData": {
                  "Type": "Normal",
                  "Path": "image/ui/club/btn_jujue.png",
                  "Plist": ""
                },
                "BlendFunc": {
                  "Src": 1,
                  "Dst": 771
                },
                "AnchorPoint": {
                  "ScaleX": 0.5,
                  "ScaleY": 0.5
                },
                "Position": {
                  "X": 375.371,
                  "Y": 43.0001
                },
                "Scale": {
                  "ScaleX": 1.0,
                  "ScaleY": 1.0
                },
                "CColor": {},
                "IconVisible": false,
                "PrePosition": {
                  "X": 0.7219,
                  "Y": 0.4778
                },
                "PreSize": {
                  "X": 0.1808,
                  "Y": 0.5556
                },
                "LeftMargin": 328.371,
                "RightMargin": 97.629,
                "TopMargin": 21.9999,
                "BottomMargin": 18.0001,
                "Tag": 633,
                "ActionTag": 138431198,
                "Size": {
                  "X": 94.0,
                  "Y": 50.0
                },
                "Name": "btn_jujue",
                "ctype": "SpriteObjectData"
              }
            ],
            "ActionTag": 760807171,
            "Size": {
              "X": 520.0,
              "Y": 90.0
            },
            "Name": "row",
            "ctype": "PanelObjectData"
          }
        ],
        "Size": {
          "X": 520.0,
          "Y": 90.0
        },
        "Name": "Layer",
        "ctype": "LayerObjectData"
      },
      "UsedResources": [
        "../../image/defaultHead.jpg",
        "../../image/fonts/FZZY.TTF",
        "../../image/ui/club/bg_qunmp.png",
        "../../image/ui/club/btn_jujue.png",
        "../../image/ui/club/btn_pingbi.png",
        "../../image/ui/club/btn_tongyi.png",
        "../../image/ui/club/line.png"
      ],
      "ctype": "GameFileData"
    }
  },
  "Type": "Layer"
}