{
  "ID": "3879ebd2-969c-49f9-8c57-95c9e7768856",
  "Version": "3.10.0.0",
  "Name": "vs",
  "Content": {
    "Content": {
      "Animation": {
        "Duration": 0,
        "Speed": 1.0,
        "Timelines": [],
        "ctype": "TimelineActionData"
      },
      "AnimationList": [],
      "ObjectData": {
        "Tag": 323,
        "Children": [
          {
            "FileData": {
              "Type": "Normal",
              "Path": "appCommon/fydp/common/transparent/transparent_97x99.png",
              "Plist": ""
            },
            "BlendFunc": {
              "Src": 1,
              "Dst": 771
            },
            "AnchorPoint": {
              "ScaleX": 0.5,
              "ScaleY": 0.5
            },
            "Position": {
              "X": 0.0,
              "Y": 0.0
            },
            "Scale": {
              "ScaleX": 1.0,
              "ScaleY": 1.0
            },
            "CColor": {},
            "IconVisible": false,
            "PrePosition": {
              "X": 0.0,
              "Y": 0.0
            },
            "PreSize": {
              "X": 0.0,
              "Y": 0.0
            },
            "LeftMargin": -48.5,
            "RightMargin": -48.5,
            "TopMargin": -49.5,
            "BottomMargin": -49.5,
            "Tag": 569,
            "Children": [
              {
                "FontSize": 32,
                "LabelText": "名字最多五",
                "HorizontalAlignmentType": "HT_Center",
                "OutlineColor": {
                  "R": 61,
                  "G": 55,
                  "B": 55
                },
                "OutlineEnabled": true,
                "ShadowColor": {
                  "R": 110,
                  "G": 110,
                  "B": 110
                },
                "ShadowOffsetX": 2.0,
                "ShadowOffsetY": -2.0,
                "AnchorPoint": {
                  "ScaleX": 0.5,
                  "ScaleY": 0.5
                },
                "Position": {
                  "X": 48.5,
                  "Y": -25.0
                },
                "Scale": {
                  "ScaleX": 1.0,
                  "ScaleY": 1.0
                },
                "CColor": {},
                "IconVisible": false,
                "PositionPercentXEnabled": true,
                "PrePosition": {
                  "X": 0.5,
                  "Y": -0.2525
                },
                "PreSize": {
                  "X": 1.6495,
                  "Y": 0.3737
                },
                "LeftMargin": -31.5,
                "RightMargin": -31.5,
                "TopMargin": 105.5,
                "BottomMargin": -43.5,
                "Tag": 570,
                "ActionTag": -2104488758,
                "Size": {
                  "X": 160.0,
                  "Y": 37.0
                },
                "Name": "lb_nickname",
                "ctype": "TextObjectData"
              },
              {
                "FileData": {
                  "Type": "Normal",
                  "Path": "appCommon/fydp/common/transparent/transparent_64x64.png",
                  "Plist": ""
                },
                "BlendFunc": {
                  "Src": 1,
                  "Dst": 771
                },
                "AnchorPoint": {
                  "ScaleX": 0.5,
                  "ScaleY": 0.5
                },
                "Position": {
                  "X": 48.5,
                  "Y": 49.5
                },
                "Scale": {
                  "ScaleX": 1.45,
                  "ScaleY": 1.45
                },
                "CColor": {},
                "IconVisible": false,
                "PositionPercentXEnabled": true,
                "PositionPercentYEnabled": true,
                "PrePosition": {
                  "X": 0.5,
                  "Y": 0.5
                },
                "PreSize": {
                  "X": 0.6598,
                  "Y": 0.6465
                },
                "LeftMargin": 16.5,
                "RightMargin": 16.5,
                "TopMargin": 17.5,
                "BottomMargin": 17.5,
                "Tag": 574,
                "ActionTag": -1563836694,
                "Size": {
                  "X": 64.0,
                  "Y": 64.0
                },
                "Name": "head",
                "ctype": "SpriteObjectData"
              },
              {
                "FileData": {
                  "Type": "Normal",
                  "Path": "submodules/psz/image/common/head_bg.png",
                  "Plist": ""
                },
                "BlendFunc": {
                  "Src": 1,
                  "Dst": 771
                },
                "AnchorPoint": {
                  "ScaleX": 0.5,
                  "ScaleY": 0.5
                },
                "Position": {
                  "X": 48.5,
                  "Y": 49.5
                },
                "Scale": {
                  "ScaleX": 1.0,
                  "ScaleY": 1.0
                },
                "CColor": {},
                "IconVisible": false,
                "PositionPercentXEnabled": true,
                "PositionPercentYEnabled": true,
                "PrePosition": {
                  "X": 0.5,
                  "Y": 0.5
                },
                "PreSize": {
                  "X": 1.2165,
                  "Y": 1.1919
                },
                "LeftMargin": -10.5,
                "RightMargin": -10.5,
                "TopMargin": -9.5,
                "BottomMargin": -9.5,
                "Tag": 576,
                "ActionTag": 1377456828,
                "Size": {
                  "X": 118.0,
                  "Y": 118.0
                },
                "VisibleForFrame": false,
                "Name": "head_bg_1",
                "ctype": "SpriteObjectData"
              }
            ],
            "ActionTag": -1041581640,
            "Size": {
              "X": 97.0,
              "Y": 99.0
            },
            "Name": "info",
            "ctype": "SpriteObjectData"
          }
        ],
        "Size": {
          "X": 0.0,
          "Y": 0.0
        },
        "Name": "Layer",
        "ctype": "LayerObjectData"
      },
      "UsedResources": [
        "../../../appCommon/fydp/common/transparent/transparent_64x64.png",
        "../../../appCommon/fydp/common/transparent/transparent_97x99.png",
        "../image/common/head_bg.png"
      ],
      "ctype": "GameFileData"
    }
  },
  "Type": "Layer"
}