{
  "ID": "3f5d60dc-3a4f-4cfb-ab0a-69e03515e6aa",
  "Version": "3.10.0.0",
  "Name": "PlayerInfo",
  "Content": {
    "Content": {
      "Animation": {
        "Duration": 0,
        "Speed": 1.0,
        "Timelines": [],
        "ctype": "TimelineActionData"
      },
      "AnimationList": [],
      "ObjectData": {
        "Tag": 460,
        "Children": [
          {
            "ClipAble": false,
            "BackColorAlpha": 127,
            "ComboBoxIndex": 1,
            "SingleColor": {
              "R": 0,
              "G": 0,
              "B": 0
            },
            "FirstColor": {
              "R": 150,
              "G": 200
            },
            "EndColor": {},
            "ColorVector": {
              "ScaleY": 1.0
            },
            "Scale9Width": 1,
            "Scale9Height": 1,
            "TouchEnable": true,
            "AnchorPoint": {},
            "Position": {
              "X": 0.0,
              "Y": 0.0
            },
            "Scale": {
              "ScaleX": 1.0,
              "ScaleY": 1.0
            },
            "CColor": {},
            "IconVisible": false,
            "PrePosition": {
              "X": 0.0,
              "Y": 0.0
            },
            "PercentWidthEnable": true,
            "PercentHeightEnable": true,
            "PercentWidthEnabled": true,
            "PercentHeightEnabled": true,
            "PreSize": {
              "X": 1.0,
              "Y": 1.0
            },
            "Tag": 461,
            "Children": [
              {
                "FileData": {
                  "Type": "Normal",
                  "Path": "image/ui/common/transparent_1280x720.png",
                  "Plist": ""
                },
                "BlendFunc": {
                  "Src": 1,
                  "Dst": 771
                },
                "AnchorPoint": {},
                "Position": {
                  "X": 0.0,
                  "Y": 0.0
                },
                "Scale": {
                  "ScaleX": 1.0,
                  "ScaleY": 1.0
                },
                "CColor": {},
                "IconVisible": false,
                "PositionPercentXEnabled": true,
                "PositionPercentYEnabled": true,
                "PrePosition": {
                  "X": 0.0,
                  "Y": 0.0
                },
                "PreSize": {
                  "X": 1.0,
                  "Y": 1.0
                },
                "Tag": 462,
                "ActionTag": 2010888592,
                "Size": {
                  "X": 1280.0,
                  "Y": 720.0
                },
                "Name": "fake_root",
                "ctype": "SpriteObjectData"
              },
              {
                "ClipAble": false,
                "BackColorAlpha": 102,
                "SingleColor": {
                  "R": 150,
                  "G": 200
                },
                "FirstColor": {
                  "R": 150,
                  "G": 200
                },
                "EndColor": {},
                "ColorVector": {
                  "ScaleY": 1.0
                },
                "Scale9Width": 1,
                "Scale9Height": 1,
                "TouchEnable": true,
                "AnchorPoint": {
                  "ScaleX": 0.5
                },
                "Position": {
                  "X": 640.0,
                  "Y": 270.3397
                },
                "Scale": {
                  "ScaleX": 1.0,
                  "ScaleY": 1.0
                },
                "CColor": {},
                "IconVisible": false,
                "PositionPercentXEnabled": true,
                "PrePosition": {
                  "X": 0.5,
                  "Y": 0.3755
                },
                "PreSize": {
                  "X": 0.4688,
                  "Y": 0.2778
                },
                "LeftMargin": 340.0,
                "RightMargin": 340.0,
                "TopMargin": 249.6603,
                "BottomMargin": 270.3397,
                "Tag": 589,
                "Children": [
                  {
                    "FileData": {
                      "Type": "Normal",
                      "Path": "image/ui/room/player_info_bg.png",
                      "Plist": ""
                    },
                    "BlendFunc": {
                      "Src": 1,
                      "Dst": 771
                    },
                    "AnchorPoint": {
                      "ScaleX": 0.5,
                      "ScaleY": 0.5
                    },
                    "Position": {
                      "X": 300.0,
                      "Y": 100.0
                    },
                    "Scale": {
                      "ScaleX": 1.2,
                      "ScaleY": 1.1
                    },
                    "CColor": {},
                    "IconVisible": false,
                    "PositionPercentXEnabled": true,
                    "PositionPercentYEnabled": true,
                    "PrePosition": {
                      "X": 0.5,
                      "Y": 0.5
                    },
                    "PreSize": {
                      "X": 0.88,
                      "Y": 0.975
                    },
                    "LeftMargin": 36.0,
                    "RightMargin": 36.0,
                    "TopMargin": 2.5,
                    "BottomMargin": 2.5,
                    "Tag": 590,
                    "ActionTag": -988100850,
                    "Size": {
                      "X": 528.0,
                      "Y": 195.0
                    },
                    "Name": "player_info_bg_31",
                    "ctype": "SpriteObjectData"
                  },
                  {
                    "FontSize": 14,
                    "ButtonText": "",
                    "TextColor": {
                      "R": 65,
                      "G": 65,
                      "B": 70
                    },
                    "DisabledFileData": {
                      "Type": "Normal",
                      "Path": "image/ui/common/shock.png",
                      "Plist": ""
                    },
                    "PressedFileData": {
                      "Type": "Normal",
                      "Path": "image/ui/common/shock.png",
                      "Plist": ""
                    },
                    "NormalFileData": {
                      "Type": "Normal",
                      "Path": "image/ui/common/shock.png",
                      "Plist": ""
                    },
                    "Scale9Enable": true,
                    "Scale9OriginX": 15,
                    "Scale9OriginY": 11,
                    "Scale9Width": 34,
                    "Scale9Height": 42,
                    "OutlineColor": {
                      "G": 0,
                      "B": 0
                    },
                    "ShadowColor": {
                      "R": 110,
                      "G": 110,
                      "B": 110
                    },
                    "ShadowOffsetX": 2.0,
                    "ShadowOffsetY": -2.0,
                    "TouchEnable": true,
                    "AnchorPoint": {
                      "ScaleX": 0.5,
                      "ScaleY": 0.5
                    },
                    "Position": {
                      "X": 512.4608,
                      "Y": 207.6376
                    },
                    "Scale": {
                      "ScaleX": 1.0,
                      "ScaleY": 1.0
                    },
                    "CColor": {},
                    "IconVisible": false,
                    "PrePosition": {
                      "X": 0.8541,
                      "Y": 1.0382
                    },
                    "PreSize": {
                      "X": 0.1067,
                      "Y": 0.32
                    },
                    "LeftMargin": 480.4608,
                    "RightMargin": 55.5392,
                    "TopMargin": -39.6376,
                    "BottomMargin": 175.6376,
                    "Tag": 464,
                    "ActionTag": 567747151,
                    "Size": {
                      "X": 64.0,
                      "Y": 64.0
                    },
                    "VisibleForFrame": false,
                    "Name": "shake_btn",
                    "ctype": "ButtonObjectData"
                  },
                  {
                    "FileData": {
                      "Type": "Normal",
                      "Path": "image/ui/head/transparent_132x132.png",
                      "Plist": ""
                    },
                    "BlendFunc": {
                      "Src": 1,
                      "Dst": 771
                    },
                    "AnchorPoint": {
                      "ScaleX": 0.5,
                      "ScaleY": 0.5
                    },
                    "Position": {
                      "X": 84.7853,
                      "Y": 113.1085
                    },
                    "Scale": {
                      "ScaleX": 1.0,
                      "ScaleY": 1.0
                    },
                    "CColor": {},
                    "IconVisible": false,
                    "PrePosition": {
                      "X": 0.1413,
                      "Y": 0.5655
                    },
                    "PreSize": {
                      "X": 0.2,
                      "Y": 0.6
                    },
                    "LeftMargin": 24.7853,
                    "RightMargin": 455.2147,
                    "TopMargin": 26.8915,
                    "BottomMargin": 53.1085,
                    "Tag": 465,
                    "ActionTag": -83194203,
                    "Size": {
                      "X": 120.0,
                      "Y": 120.0
                    },
                    "Name": "head",
                    "ctype": "SpriteObjectData"
                  },
                  {
                    "FileData": {
                      "Type": "Normal",
                      "Path": "image/ui/head/head_132x132.png",
                      "Plist": ""
                    },
                    "BlendFunc": {
                      "Src": 1,
                      "Dst": 771
                    },
                    "AnchorPoint": {
                      "ScaleX": 0.5,
                      "ScaleY": 0.5
                    },
                    "Position": {
                      "X": 84.7853,
                      "Y": 113.1085
                    },
                    "Scale": {
                      "ScaleX": 0.96,
                      "ScaleY": 0.96
                    },
                    "CColor": {},
                    "IconVisible": false,
                    "PrePosition": {
                      "X": 0.1413,
                      "Y": 0.5655
                    },
                    "PreSize": {
                      "X": 0.22,
                      "Y": 0.66
                    },
                    "LeftMargin": 18.7853,
                    "RightMargin": 449.2147,
                    "TopMargin": 20.8915,
                    "BottomMargin": 47.1085,
                    "Tag": 466,
                    "ActionTag": -498565226,
                    "Size": {
                      "X": 132.0,
                      "Y": 132.0
                    },
                    "Name": "info",
                    "ctype": "SpriteObjectData"
                  },
                  {
                    "FileData": {
                      "Type": "Normal",
                      "Path": "image/ui/room/male.png",
                      "Plist": ""
                    },
                    "BlendFunc": {
                      "Src": 1,
                      "Dst": 771
                    },
                    "AnchorPoint": {
                      "ScaleX": 0.5,
                      "ScaleY": 0.5
                    },
                    "Position": {
                      "X": 176.2906,
                      "Y": 154.5893
                    },
                    "Scale": {
                      "ScaleX": 1.0,
                      "ScaleY": 1.0
                    },
                    "CColor": {},
                    "IconVisible": false,
                    "PrePosition": {
                      "X": 0.2938,
                      "Y": 0.7729
                    },
                    "PreSize": {
                      "X": 0.0317,
                      "Y": 0.12
                    },
                    "LeftMargin": 166.7906,
                    "RightMargin": 414.2094,
                    "TopMargin": 33.4107,
                    "BottomMargin": 142.5893,
                    "Tag": 467,
                    "ActionTag": -272568523,
                    "Size": {
                      "X": 19.0,
                      "Y": 24.0
                    },
                    "Name": "male",
                    "ctype": "SpriteObjectData"
                  },
                  {
                    "FileData": {
                      "Type": "Normal",
                      "Path": "image/ui/room/female.png",
                      "Plist": ""
                    },
                    "BlendFunc": {
                      "Src": 1,
                      "Dst": 771
                    },
                    "AnchorPoint": {
                      "ScaleX": 0.5,
                      "ScaleY": 0.5
                    },
                    "Position": {
                      "X": 176.2906,
                      "Y": 154.5893
                    },
                    "Scale": {
                      "ScaleX": 1.0,
                      "ScaleY": 1.0
                    },
                    "CColor": {},
                    "IconVisible": false,
                    "PrePosition": {
                      "X": 0.2938,
                      "Y": 0.7729
                    },
                    "PreSize": {
                      "X": 0.0317,
                      "Y": 0.12
                    },
                    "LeftMargin": 166.7906,
                    "RightMargin": 414.2094,
                    "TopMargin": 33.4107,
                    "BottomMargin": 142.5893,
                    "Tag": 468,
                    "ActionTag": -1420107484,
                    "Size": {
                      "X": 19.0,
                      "Y": 24.0
                    },
                    "Name": "female",
                    "ctype": "SpriteObjectData"
                  },
                  {
                    "IsCustomSize": true,
                    "FontSize": 36,
                    "LabelText": "王小明王小明",
                    "FontResource": {
                      "Type": "Normal",
                      "Path": "image/fonts/FZZY.TTF",
                      "Plist": ""
                    },
                    "OutlineColor": {
                      "R": 123,
                      "G": 97,
                      "B": 0
                    },
                    "ShadowColor": {
                      "R": 110,
                      "G": 110,
                      "B": 110
                    },
                    "ShadowOffsetX": 1.0,
                    "ShadowOffsetY": -1.0,
                    "AnchorPoint": {
                      "ScaleX": 0.4709,
                      "ScaleY": 0.7967
                    },
                    "Position": {
                      "X": 299.5188,
                      "Y": 165.4018
                    },
                    "Scale": {
                      "ScaleX": 1.0,
                      "ScaleY": 1.0
                    },
                    "CColor": {
                      "R": 197,
                      "G": 213
                    },
                    "IconVisible": false,
                    "PrePosition": {
                      "X": 0.4992,
                      "Y": 0.827
                    },
                    "PreSize": {
                      "X": 0.3633,
                      "Y": 0.205
                    },
                    "LeftMargin": 196.8626,
                    "RightMargin": 185.1374,
                    "TopMargin": 26.2629,
                    "BottomMargin": 132.7371,
                    "Tag": 469,
                    "ActionTag": -1907655984,
                    "Size": {
                      "X": 218.0,
                      "Y": 41.0
                    },
                    "Name": "lb_nickname",
                    "ctype": "TextObjectData"
                  },
                  {
                    "IsCustomSize": true,
                    "FontSize": 30,
                    "LabelText": "123456789",
                    "FontResource": {
                      "Type": "Normal",
                      "Path": "image/fonts/FZZY.TTF",
                      "Plist": ""
                    },
                    "OutlineColor": {
                      "G": 0,
                      "B": 0
                    },
                    "ShadowColor": {
                      "R": 110,
                      "G": 110,
                      "B": 110
                    },
                    "ShadowOffsetX": 2.0,
                    "ShadowOffsetY": -2.0,
                    "AnchorPoint": {
                      "ScaleX": 0.5,
                      "ScaleY": 0.5
                    },
                    "Position": {
                      "X": 259.414,
                      "Y": 109.6489
                    },
                    "Scale": {
                      "ScaleX": 1.0,
                      "ScaleY": 1.0
                    },
                    "CColor": {
                      "R": 197,
                      "G": 213
                    },
                    "IconVisible": false,
                    "PrePosition": {
                      "X": 0.4324,
                      "Y": 0.5482
                    },
                    "PreSize": {
                      "X": 0.2333,
                      "Y": 0.17
                    },
                    "LeftMargin": 189.414,
                    "RightMargin": 270.586,
                    "TopMargin": 73.3511,
                    "BottomMargin": 92.6489,
                    "Tag": 470,
                    "ActionTag": 1571228787,
                    "Size": {
                      "X": 140.0,
                      "Y": 34.0
                    },
                    "Name": "lb_id",
                    "ctype": "TextObjectData"
                  },
                  {
                    "IsCustomSize": true,
                    "FontSize": 30,
                    "LabelText": "255.255.255.2551",
                    "FontResource": {
                      "Type": "Normal",
                      "Path": "image/fonts/FZZY.TTF",
                      "Plist": ""
                    },
                    "OutlineColor": {
                      "G": 0,
                      "B": 0
                    },
                    "ShadowColor": {
                      "R": 110,
                      "G": 110,
                      "B": 110
                    },
                    "ShadowOffsetX": 2.0,
                    "ShadowOffsetY": -2.0,
                    "AnchorPoint": {
                      "ScaleX": 0.5,
                      "ScaleY": 0.5
                    },
                    "Position": {
                      "X": 476.4412,
                      "Y": 109.6489
                    },
                    "Scale": {
                      "ScaleX": 1.0,
                      "ScaleY": 1.0
                    },
                    "CColor": {
                      "R": 197,
                      "G": 213
                    },
                    "IconVisible": false,
                    "PrePosition": {
                      "X": 0.7941,
                      "Y": 0.5482
                    },
                    "PreSize": {
                      "X": 0.3783,
                      "Y": 0.17
                    },
                    "LeftMargin": 362.9412,
                    "RightMargin": 10.0588,
                    "TopMargin": 73.3511,
                    "BottomMargin": 92.6489,
                    "Tag": 471,
                    "ActionTag": -1345506205,
                    "Size": {
                      "X": 227.0,
                      "Y": 34.0
                    },
                    "Name": "lb_ip",
                    "ctype": "TextObjectData"
                  },
                  {
                    "IsCustomSize": true,
                    "FontSize": 30,
                    "LabelText": "中国北京市朝阳区清河中街莲花乡池水沟子镇----------",
                    "FontResource": {
                      "Type": "Normal",
                      "Path": "image/fonts/FZZY.TTF",
                      "Plist": ""
                    },
                    "OutlineColor": {
                      "G": 0,
                      "B": 0
                    },
                    "ShadowColor": {
                      "R": 110,
                      "G": 110,
                      "B": 110
                    },
                    "ShadowOffsetX": 2.0,
                    "ShadowOffsetY": -2.0,
                    "AnchorPoint": {
                      "ScaleX": 0.5,
                      "ScaleY": 0.5
                    },
                    "Position": {
                      "X": 400.5583,
                      "Y": 43.7956
                    },
                    "Scale": {
                      "ScaleX": 1.0,
                      "ScaleY": 1.0
                    },
                    "CColor": {
                      "R": 197,
                      "G": 213
                    },
                    "IconVisible": false,
                    "PrePosition": {
                      "X": 0.6676,
                      "Y": 0.219
                    },
                    "PreSize": {
                      "X": 0.7,
                      "Y": 0.4
                    },
                    "LeftMargin": 190.5583,
                    "RightMargin": -10.5583,
                    "TopMargin": 116.2044,
                    "BottomMargin": 3.7956,
                    "Tag": 472,
                    "ActionTag": 425318874,
                    "Size": {
                      "X": 420.0,
                      "Y": 80.0
                    },
                    "Name": "lb_ad",
                    "ctype": "TextObjectData"
                  },
                  {
                    "IsCustomSize": true,
                    "FontSize": 24,
                    "LabelText": "距离：000000000000米",
                    "FontResource": {
                      "Type": "Normal",
                      "Path": "image/fonts/FZZY.TTF",
                      "Plist": ""
                    },
                    "OutlineColor": {
                      "G": 0,
                      "B": 0
                    },
                    "ShadowColor": {
                      "R": 110,
                      "G": 110,
                      "B": 110
                    },
                    "ShadowOffsetX": 2.0,
                    "ShadowOffsetY": -2.0,
                    "AnchorPoint": {
                      "ScaleX": 0.5,
                      "ScaleY": 0.5
                    },
                    "Position": {
                      "X": 221.2846,
                      "Y": 28.4701
                    },
                    "Scale": {
                      "ScaleX": 1.0,
                      "ScaleY": 1.0
                    },
                    "CColor": {
                      "R": 165,
                      "G": 42,
                      "B": 42
                    },
                    "IconVisible": false,
                    "PrePosition": {
                      "X": 0.3688,
                      "Y": 0.1424
                    },
                    "PreSize": {
                      "X": 0.6667,
                      "Y": 0.15
                    },
                    "LeftMargin": 21.2846,
                    "RightMargin": 178.7154,
                    "TopMargin": 156.5299,
                    "BottomMargin": 13.4701,
                    "Tag": 473,
                    "ActionTag": -1928501080,
                    "Size": {
                      "X": 400.0,
                      "Y": 30.0
                    },
                    "Name": "lb_dt",
                    "ctype": "TextObjectData"
                  },
                  {
                    "FileData": {
                      "Type": "Normal",
                      "Path": "image/ui/room/icon_ip.png",
                      "Plist": ""
                    },
                    "BlendFunc": {
                      "Src": 1,
                      "Dst": 771
                    },
                    "AnchorPoint": {
                      "ScaleX": 0.5,
                      "ScaleY": 0.5
                    },
                    "Position": {
                      "X": 342.1776,
                      "Y": 109.6489
                    },
                    "Scale": {
                      "ScaleX": 1.0,
                      "ScaleY": 1.0
                    },
                    "CColor": {},
                    "IconVisible": false,
                    "PrePosition": {
                      "X": 0.5703,
                      "Y": 0.5482
                    },
                    "PreSize": {
                      "X": 0.04,
                      "Y": 0.12
                    },
                    "LeftMargin": 330.1776,
                    "RightMargin": 245.8224,
                    "TopMargin": 78.3511,
                    "BottomMargin": 97.6489,
                    "Tag": 576,
                    "ActionTag": -169339304,
                    "Size": {
                      "X": 24.0,
                      "Y": 24.0
                    },
                    "Name": "icon_ip_24",
                    "ctype": "SpriteObjectData"
                  },
                  {
                    "FileData": {
                      "Type": "Normal",
                      "Path": "image/ui/room/icon_id.png",
                      "Plist": ""
                    },
                    "BlendFunc": {
                      "Src": 1,
                      "Dst": 771
                    },
                    "AnchorPoint": {
                      "ScaleX": 0.5,
                      "ScaleY": 0.5
                    },
                    "Position": {
                      "X": 176.6505,
                      "Y": 109.6489
                    },
                    "Scale": {
                      "ScaleX": 1.0,
                      "ScaleY": 1.0
                    },
                    "CColor": {},
                    "IconVisible": false,
                    "PrePosition": {
                      "X": 0.2944,
                      "Y": 0.5482
                    },
                    "PreSize": {
                      "X": 0.04,
                      "Y": 0.12
                    },
                    "LeftMargin": 164.6505,
                    "RightMargin": 411.3495,
                    "TopMargin": 78.3511,
                    "BottomMargin": 97.6489,
                    "Tag": 575,
                    "ActionTag": 1581091401,
                    "Size": {
                      "X": 24.0,
                      "Y": 24.0
                    },
                    "Name": "icon_id_23",
                    "ctype": "SpriteObjectData"
                  },
                  {
                    "FileData": {
                      "Type": "Normal",
                      "Path": "image/ui/room/icon_add.png",
                      "Plist": ""
                    },
                    "BlendFunc": {
                      "Src": 1,
                      "Dst": 771
                    },
                    "AnchorPoint": {
                      "ScaleX": 0.5,
                      "ScaleY": 0.5
                    },
                    "Position": {
                      "X": 176.6505,
                      "Y": 70.4542
                    },
                    "Scale": {
                      "ScaleX": 1.0,
                      "ScaleY": 1.0
                    },
                    "CColor": {},
                    "IconVisible": false,
                    "PrePosition": {
                      "X": 0.2944,
                      "Y": 0.3523
                    },
                    "PreSize": {
                      "X": 0.04,
                      "Y": 0.12
                    },
                    "LeftMargin": 164.6505,
                    "RightMargin": 411.3495,
                    "TopMargin": 117.5458,
                    "BottomMargin": 58.4542,
                    "Tag": 574,
                    "ActionTag": -749322346,
                    "Size": {
                      "X": 24.0,
                      "Y": 24.0
                    },
                    "Name": "icon_add_22",
                    "ctype": "SpriteObjectData"
                  }
                ],
                "ActionTag": -751484593,
                "Size": {
                  "X": 600.0,
                  "Y": 200.0
                },
                "Name": "panel",
                "ctype": "PanelObjectData"
              }
            ],
            "ActionTag": 1875322800,
            "Size": {
              "X": 1280.0,
              "Y": 720.0
            },
            "Name": "root",
            "ctype": "PanelObjectData"
          }
        ],
        "Size": {
          "X": 1280.0,
          "Y": 720.0
        },
        "Name": "Layer",
        "ctype": "LayerObjectData"
      },
      "UsedResources": [
        "../../image/fonts/FZZY.TTF",
        "../../image/ui/common/shock.png",
        "../../image/ui/common/transparent_1280x720.png",
        "../../image/ui/head/head_132x132.png",
        "../../image/ui/head/transparent_132x132.png",
        "../../image/ui/room/female.png",
        "../../image/ui/room/icon_add.png",
        "../../image/ui/room/icon_id.png",
        "../../image/ui/room/icon_ip.png",
        "../../image/ui/room/male.png",
        "../../image/ui/room/player_info_bg.png"
      ],
      "ctype": "GameFileData"
    }
  },
  "Type": "Layer"
}