{
  "ID": "8d378864-47f2-4bd9-8ec2-d88022c40fa9",
  "Version": "3.10.0.0",
  "Name": "WxShopItem",
  "Content": {
    "Content": {
      "Animation": {
        "Duration": 0,
        "Speed": 1.0,
        "Timelines": [],
        "ctype": "TimelineActionData"
      },
      "AnimationList": [],
      "ObjectData": {
        "Tag": 2738,
        "Children": [
          {
            "FileData": {
              "Type": "Normal",
              "Path": "image/ui/wxshop/fangka.png",
              "Plist": ""
            },
            "BlendFunc": {
              "Src": 1,
              "Dst": 771
            },
            "AnchorPoint": {
              "ScaleX": 0.5,
              "ScaleY": 0.5
            },
            "Position": {
              "X": 179.3842,
              "Y": 198.4762
            },
            "Scale": {
              "ScaleX": 1.0,
              "ScaleY": 1.0
            },
            "CColor": {},
            "IconVisible": false,
            "PrePosition": {
              "X": 0.5979,
              "Y": 0.4962
            },
            "PreSize": {
              "X": 1.0767,
              "Y": 0.9125
            },
            "LeftMargin": 17.8842,
            "RightMargin": -40.8842,
            "TopMargin": 19.0238,
            "BottomMargin": 15.9762,
            "Tag": 2739,
            "Children": [
              {
                "FontSize": 45,
                "LabelText": "0000张",
                "FontResource": {
                  "Type": "Normal",
                  "Path": "image/fonts/FZZY.TTF",
                  "Plist": ""
                },
                "HorizontalAlignmentType": "HT_Center",
                "VerticalAlignmentType": "VT_Center",
                "OutlineColor": {
                  "R": 100,
                  "G": 57,
                  "B": 4
                },
                "ShadowColor": {
                  "R": 110,
                  "G": 110,
                  "B": 110
                },
                "ShadowOffsetX": 2.0,
                "ShadowOffsetY": -2.0,
                "AnchorPoint": {
                  "ScaleX": 0.5,
                  "ScaleY": 0.5
                },
                "Position": {
                  "X": 131.7968,
                  "Y": 273.594
                },
                "Scale": {
                  "ScaleX": 1.0,
                  "ScaleY": 0.9385
                },
                "CColor": {
                  "R": 248,
                  "G": 227,
                  "B": 179
                },
                "IconVisible": false,
                "PositionPercentXEnabled": true,
                "PrePosition": {
                  "X": 0.408,
                  "Y": 0.7496
                },
                "PreSize": {
                  "X": 0.4458,
                  "Y": 0.1397
                },
                "LeftMargin": 59.7968,
                "RightMargin": 119.2032,
                "TopMargin": 65.906,
                "BottomMargin": 248.094,
                "Tag": 2741,
                "ActionTag": 481887453,
                "Size": {
                  "X": 144.0,
                  "Y": 51.0
                },
                "Name": "card",
                "ctype": "TextObjectData"
              },
              {
                "FileData": {
                  "Type": "Normal",
                  "Path": "image/ui/wxshop/goumai.png",
                  "Plist": ""
                },
                "BlendFunc": {
                  "Src": 1,
                  "Dst": 771
                },
                "AnchorPoint": {
                  "ScaleX": 0.5,
                  "ScaleY": 0.5
                },
                "Position": {
                  "X": 134.3147,
                  "Y": 19.0022
                },
                "Scale": {
                  "ScaleX": 1.0,
                  "ScaleY": 1.0
                },
                "CColor": {},
                "IconVisible": false,
                "PrePosition": {
                  "X": 0.4158,
                  "Y": 0.0521
                },
                "PreSize": {
                  "X": 0.8916,
                  "Y": 0.2356
                },
                "LeftMargin": -9.6853,
                "RightMargin": 44.6853,
                "TopMargin": 302.9978,
                "BottomMargin": -23.9978,
                "Tag": 2780,
                "ActionTag": -16977277,
                "Size": {
                  "X": 288.0,
                  "Y": 86.0
                },
                "Name": "buy",
                "ctype": "SpriteObjectData"
              },
              {
                "FileData": {
                  "Type": "Normal",
                  "Path": "image/ui/wxshop/fangka_img.png",
                  "Plist": ""
                },
                "BlendFunc": {
                  "Src": 1,
                  "Dst": 771
                },
                "AnchorPoint": {
                  "ScaleX": 0.5,
                  "ScaleY": 0.5
                },
                "Position": {
                  "X": 133.3667,
                  "Y": 201.7342
                },
                "Scale": {
                  "ScaleX": 1.0,
                  "ScaleY": 1.0
                },
                "CColor": {},
                "IconVisible": false,
                "PositionPercentXEnabled": true,
                "PrePosition": {
                  "X": 0.4129,
                  "Y": 0.5527
                },
                "PreSize": {
                  "X": 0.4334,
                  "Y": 0.3014
                },
                "LeftMargin": 63.3667,
                "RightMargin": 119.6333,
                "TopMargin": 108.2658,
                "BottomMargin": 146.7342,
                "Tag": 3752,
                "ActionTag": -341212984,
                "Size": {
                  "X": 140.0,
                  "Y": 110.0
                },
                "Name": "fangka_img_2",
                "ctype": "SpriteObjectData"
              },
              {
                "FontSize": 45,
                "LabelText": "0000张",
                "FontResource": {
                  "Type": "Normal",
                  "Path": "image/fonts/FZZY.TTF",
                  "Plist": ""
                },
                "HorizontalAlignmentType": "HT_Center",
                "VerticalAlignmentType": "VT_Center",
                "OutlineColor": {
                  "R": 100,
                  "G": 57,
                  "B": 4
                },
                "ShadowColor": {
                  "R": 110,
                  "G": 110,
                  "B": 110
                },
                "ShadowOffsetX": 2.0,
                "ShadowOffsetY": -2.0,
                "AnchorPoint": {
                  "ScaleX": 0.5,
                  "ScaleY": 0.5
                },
                "Position": {
                  "X": 128.7155,
                  "Y": 110.4614
                },
                "Scale": {
                  "ScaleX": 1.0,
                  "ScaleY": 1.0
                },
                "CColor": {
                  "R": 248,
                  "G": 227,
                  "B": 179
                },
                "IconVisible": false,
                "PositionPercentXEnabled": true,
                "PrePosition": {
                  "X": 0.3985,
                  "Y": 0.3026
                },
                "PreSize": {
                  "X": 0.4458,
                  "Y": 0.1397
                },
                "LeftMargin": 56.7155,
                "RightMargin": 122.2845,
                "TopMargin": 229.0386,
                "BottomMargin": 84.9614,
                "Tag": 3753,
                "ActionTag": -387815909,
                "Size": {
                  "X": 144.0,
                  "Y": 51.0
                },
                "Name": "money",
                "ctype": "TextObjectData"
              },
              {
                "FileData": {
                  "Type": "Normal",
                  "Path": "image/ui/wxshop/wxshop_title.png",
                  "Plist": ""
                },
                "BlendFunc": {
                  "Src": 1,
                  "Dst": 771
                },
                "AnchorPoint": {
                  "ScaleX": 0.5,
                  "ScaleY": 0.5
                },
                "Position": {
                  "X": 131.7971,
                  "Y": 330.9016
                },
                "Scale": {
                  "ScaleX": 1.0,
                  "ScaleY": 1.0
                },
                "CColor": {},
                "IconVisible": false,
                "PrePosition": {
                  "X": 0.408,
                  "Y": 0.9066
                },
                "PreSize": {
                  "X": 0.8854,
                  "Y": 0.2877
                },
                "LeftMargin": -11.2029,
                "RightMargin": 48.2029,
                "TopMargin": -18.4016,
                "BottomMargin": 278.4016,
                "Tag": 147,
                "ActionTag": -521619154,
                "Size": {
                  "X": 286.0,
                  "Y": 105.0
                },
                "Name": "zengtitle",
                "ctype": "SpriteObjectData"
              },
              {
                "FontSize": 35,
                "LabelText": "00000",
                "FontResource": {
                  "Type": "Normal",
                  "Path": "image/fonts/FZZY.TTF",
                  "Plist": ""
                },
                "HorizontalAlignmentType": "HT_Right",
                "VerticalAlignmentType": "VT_Center",
                "OutlineColor": {
                  "R": 0,
                  "G": 0,
                  "B": 0
                },
                "OutlineEnabled": true,
                "ShadowColor": {
                  "R": 110,
                  "G": 110,
                  "B": 110
                },
                "ShadowOffsetX": 2.0,
                "ShadowOffsetY": -2.0,
                "AnchorPoint": {
                  "ScaleX": 0.5,
                  "ScaleY": 0.5
                },
                "Position": {
                  "X": 168.9569,
                  "Y": 319.2763
                },
                "Scale": {
                  "ScaleX": 1.0,
                  "ScaleY": 1.0
                },
                "CColor": {
                  "B": 0
                },
                "IconVisible": false,
                "PositionPercentXEnabled": true,
                "PrePosition": {
                  "X": 0.5231,
                  "Y": 0.8747
                },
                "PreSize": {
                  "X": 0.3034,
                  "Y": 0.1151
                },
                "LeftMargin": 119.9569,
                "RightMargin": 105.0431,
                "TopMargin": 24.7237,
                "BottomMargin": 298.2763,
                "Tag": 148,
                "ActionTag": 1209676228,
                "Size": {
                  "X": 98.0,
                  "Y": 42.0
                },
                "Name": "zeng",
                "ctype": "TextObjectData"
              }
            ],
            "ActionTag": 362117954,
            "Size": {
              "X": 323.0,
              "Y": 365.0
            },
            "Name": "fk",
            "ctype": "SpriteObjectData"
          }
        ],
        "Size": {
          "X": 300.0,
          "Y": 400.0
        },
        "Name": "Layer",
        "ctype": "LayerObjectData"
      },
      "UsedResources": [
        "../../image/fonts/FZZY.TTF",
        "../../image/ui/wxshop/fangka.png",
        "../../image/ui/wxshop/fangka_img.png",
        "../../image/ui/wxshop/goumai.png",
        "../../image/ui/wxshop/wxshop_title.png"
      ],
      "ctype": "GameFileData"
    }
  },
  "Type": "Layer"
}