{"skeleton":{"hash":"xTdF8iocZxPD8FCMTVEVgGDz+8c","spine":"3.5.51","width":0,"height":0,"images":"./images/"},"bones":[{"name":"root"},{"name":"hongyun","parent":"root","y":-1.47,"scaleX":2,"scaleY":2},{"name":"huo","parent":"root","y":-13.87,"scaleX":2,"scaleY":2},{"name":"huo2","parent":"root","y":-13.87,"scaleX":2,"scaleY":2},{"name":"huo3","parent":"root","x":1.29,"y":-29.02,"scaleX":2,"scaleY":2},{"name":"huo4","parent":"root","x":1.29,"y":-29.02,"scaleX":2,"scaleY":2},{"name":"huoyun1","parent":"root","y":-0.5,"scaleX":2,"scaleY":2}],"slots":[{"name":"hongyun","bone":"hongyun","blend":"additive"},{"name":"touxiang_huoyan01","bone":"huo","color":"ffffffc7"},{"name":"touxiang_huoyan1","bone":"huo2","color":"ffffff32","blend":"additive"},{"name":"hongyun1","bone":"huoyun1","color":"ffffffdb","blend":"additive"},{"name":"touxiang2_huoyan01","bone":"huo3","color":"ffffffc7"},{"name":"touxiang2_huoyan1","bone":"huo4","color":"ffffff32","blend":"additive"}],"skins":{"default":{"hongyun":{"hongyun2":{"color":"ffffff95","y":4.03,"width":123,"height":59}},"hongyun1":{"hongyun1":{"width":57,"height":83}},"touxiang2_huoyan01":{"touxiang2_huoyan01":{"width":55,"height":49},"touxiang2_huoyan02":{"width":55,"height":49},"touxiang2_huoyan03":{"width":55,"height":49},"touxiang2_huoyan04":{"width":55,"height":49},"touxiang2_huoyan05":{"width":55,"height":49},"touxiang2_huoyan06":{"width":55,"height":49},"touxiang2_huoyan07":{"width":55,"height":49},"touxiang2_huoyan08":{"width":55,"height":49},"touxiang2_huoyan09":{"width":55,"height":49},"touxiang2_huoyan10":{"width":55,"height":49},"touxiang2_huoyan11":{"width":55,"height":49},"touxiang2_huoyan12":{"width":55,"height":49},"touxiang2_huoyan13":{"width":55,"height":49},"touxiang2_huoyan14":{"width":55,"height":49},"touxiang2_huoyan15":{"width":55,"height":49}},"touxiang2_huoyan1":{"touxiang2_huoyan01":{"width":55,"height":49},"touxiang2_huoyan02":{"width":55,"height":49},"touxiang2_huoyan03":{"width":55,"height":49},"touxiang2_huoyan04":{"width":55,"height":49},"touxiang2_huoyan05":{"width":55,"height":49},"touxiang2_huoyan06":{"width":55,"height":49},"touxiang2_huoyan07":{"width":55,"height":49},"touxiang2_huoyan08":{"width":55,"height":49},"touxiang2_huoyan09":{"width":55,"height":49},"touxiang2_huoyan10":{"width":55,"height":49},"touxiang2_huoyan11":{"width":55,"height":49},"touxiang2_huoyan12":{"width":55,"height":49},"touxiang2_huoyan13":{"width":55,"height":49},"touxiang2_huoyan14":{"width":55,"height":49},"touxiang2_huoyan15":{"width":55,"height":49}},"touxiang_huoyan01":{"touxiang_huoyan01":{"width":132,"height":51},"touxiang_huoyan02":{"width":132,"height":51},"touxiang_huoyan03":{"width":132,"height":51},"touxiang_huoyan04":{"width":132,"height":51},"touxiang_huoyan05":{"width":132,"height":51},"touxiang_huoyan06":{"width":132,"height":51},"touxiang_huoyan07":{"width":132,"height":51},"touxiang_huoyan08":{"width":132,"height":51},"touxiang_huoyan09":{"width":132,"height":51},"touxiang_huoyan10":{"width":132,"height":51},"touxiang_huoyan11":{"width":132,"height":51},"touxiang_huoyan12":{"width":132,"height":51},"touxiang_huoyan13":{"width":132,"height":51},"touxiang_huoyan14":{"width":132,"height":51},"touxiang_huoyan15":{"width":132,"height":51}},"touxiang_huoyan1":{"touxiang_huoyan01":{"width":132,"height":51},"touxiang_huoyan02":{"width":132,"height":51},"touxiang_huoyan03":{"width":132,"height":51},"touxiang_huoyan04":{"width":132,"height":51},"touxiang_huoyan05":{"width":132,"height":51},"touxiang_huoyan06":{"width":132,"height":51},"touxiang_huoyan07":{"width":132,"height":51},"touxiang_huoyan08":{"width":132,"height":51},"touxiang_huoyan09":{"width":132,"height":51},"touxiang_huoyan10":{"width":132,"height":51},"touxiang_huoyan11":{"width":132,"height":51},"touxiang_huoyan12":{"width":132,"height":51},"touxiang_huoyan13":{"width":132,"height":51},"touxiang_huoyan14":{"width":132,"height":51},"touxiang_huoyan15":{"width":132,"height":51}}}},"animations":{"huoyan01":{"slots":{"hongyun":{"attachment":[{"time":0,"name":"hongyun2"}]},"touxiang_huoyan01":{"attachment":[{"time":0,"name":"touxiang_huoyan01"},{"time":0.0667,"name":"touxiang_huoyan02"},{"time":0.1333,"name":"touxiang_huoyan03"},{"time":0.2,"name":"touxiang_huoyan04"},{"time":0.2667,"name":"touxiang_huoyan05"},{"time":0.3333,"name":"touxiang_huoyan06"},{"time":0.4,"name":"touxiang_huoyan07"},{"time":0.4667,"name":"touxiang_huoyan08"},{"time":0.5333,"name":"touxiang_huoyan09"},{"time":0.6,"name":"touxiang_huoyan10"},{"time":0.6667,"name":"touxiang_huoyan11"},{"time":0.7333,"name":"touxiang_huoyan12"},{"time":0.8,"name":"touxiang_huoyan13"},{"time":0.8667,"name":"touxiang_huoyan14"},{"time":0.9333,"name":"touxiang_huoyan15"},{"time":0.9667,"name":"touxiang_huoyan15"}]},"touxiang_huoyan1":{"attachment":[{"time":0,"name":"touxiang_huoyan01"},{"time":0.0667,"name":"touxiang_huoyan02"},{"time":0.1333,"name":"touxiang_huoyan03"},{"time":0.2,"name":"touxiang_huoyan04"},{"time":0.2667,"name":"touxiang_huoyan05"},{"time":0.3333,"name":"touxiang_huoyan06"},{"time":0.4,"name":"touxiang_huoyan07"},{"time":0.4667,"name":"touxiang_huoyan08"},{"time":0.5333,"name":"touxiang_huoyan09"},{"time":0.6,"name":"touxiang_huoyan10"},{"time":0.6667,"name":"touxiang_huoyan11"},{"time":0.7333,"name":"touxiang_huoyan12"},{"time":0.8,"name":"touxiang_huoyan13"},{"time":0.8667,"name":"touxiang_huoyan14"},{"time":0.9333,"name":"touxiang_huoyan15"},{"time":0.9667,"name":"touxiang_huoyan15"}]}}},"huoyan02":{"slots":{"hongyun1":{"attachment":[{"time":0,"name":"hongyun1"}]},"touxiang2_huoyan1":{"attachment":[{"time":0,"name":"touxiang2_huoyan01"},{"time":0.0667,"name":"touxiang2_huoyan02"},{"time":0.1333,"name":"touxiang2_huoyan03"},{"time":0.2,"name":"touxiang2_huoyan04"},{"time":0.2667,"name":"touxiang2_huoyan05"},{"time":0.3333,"name":"touxiang2_huoyan06"},{"time":0.4,"name":"touxiang2_huoyan07"},{"time":0.4667,"name":"touxiang2_huoyan08"},{"time":0.5333,"name":"touxiang2_huoyan09"},{"time":0.6,"name":"touxiang2_huoyan10"},{"time":0.6667,"name":"touxiang2_huoyan11"},{"time":0.7333,"name":"touxiang2_huoyan12"},{"time":0.8,"name":"touxiang2_huoyan13"},{"time":0.8667,"name":"touxiang2_huoyan14"},{"time":0.9333,"name":"touxiang2_huoyan15"},{"time":0.9667,"name":"touxiang2_huoyan15"}]},"touxiang2_huoyan01":{"attachment":[{"time":0,"name":"touxiang2_huoyan01"},{"time":0.0667,"name":"touxiang2_huoyan02"},{"time":0.1333,"name":"touxiang2_huoyan03"},{"time":0.2,"name":"touxiang2_huoyan04"},{"time":0.2667,"name":"touxiang2_huoyan05"},{"time":0.3333,"name":"touxiang2_huoyan06"},{"time":0.4,"name":"touxiang2_huoyan07"},{"time":0.4667,"name":"touxiang2_huoyan08"},{"time":0.5333,"name":"touxiang2_huoyan09"},{"time":0.6,"name":"touxiang2_huoyan10"},{"time":0.6667,"name":"touxiang2_huoyan11"},{"time":0.7333,"name":"touxiang2_huoyan12"},{"time":0.8,"name":"touxiang2_huoyan13"},{"time":0.8667,"name":"touxiang2_huoyan14"},{"time":0.9333,"name":"touxiang2_huoyan15"},{"time":0.9667,"name":"touxiang2_huoyan15"}]}}}}}