{
  "ID": "8d378864-47f2-4bd9-8ec2-d88022c40fa9",
  "Version": "3.10.0.0",
  "Name": "WxShopItem",
  "Content": {
    "Content": {
      "Animation": {
        "Duration": 0,
        "Speed": 1.0,
        "Timelines": [],
        "ctype": "TimelineActionData"
      },
      "AnimationList": [],
      "ObjectData": {
        "Tag": 2738,
        "Children": [
          {
            "FileData": {
              "Type": "Normal",
              "Path": "image/ui/wxshop/fangka.png",
              "Plist": ""
            },
            "BlendFunc": {
              "Src": 1,
              "Dst": 771
            },
            "AnchorPoint": {
              "ScaleX": 0.5,
              "ScaleY": 0.5
            },
            "Position": {
              "X": 179.3842,
              "Y": 209.4592
            },
            "Scale": {
              "ScaleX": 1.0,
              "ScaleY": 1.0
            },
            "CColor": {},
            "IconVisible": false,
            "PrePosition": {
              "X": 0.5979,
              "Y": 0.5236
            },
            "PreSize": {
              "X": 1.0767,
              "Y": 0.9125
            },
            "LeftMargin": 17.8842,
            "RightMargin": -40.8842,
            "TopMargin": 8.0408,
            "BottomMargin": 26.9592,
            "Tag": 2739,
            "Children": [
              {
                "FontSize": 45,
                "LabelText": "0000张",
                "FontResource": {
                  "Type": "Normal",
                  "Path": "image/fonts/FZZY.TTF",
                  "Plist": ""
                },
                "HorizontalAlignmentType": "HT_Center",
                "VerticalAlignmentType": "VT_Center",
                "OutlineColor": {
                  "R": 100,
                  "G": 57,
                  "B": 4
                },
                "ShadowColor": {
                  "R": 110,
                  "G": 110,
                  "B": 110
                },
                "ShadowOffsetX": 2.0,
                "ShadowOffsetY": -2.0,
                "AnchorPoint": {
                  "ScaleX": 0.5,
                  "ScaleY": 0.5
                },
                "Position": {
                  "X": 133.3667,
                  "Y": 304.0084
                },
                "Scale": {
                  "ScaleX": 1.0,
                  "ScaleY": 1.0
                },
                "CColor": {
                  "R": 248,
                  "G": 227,
                  "B": 179
                },
                "IconVisible": false,
                "PositionPercentXEnabled": true,
                "PrePosition": {
                  "X": 0.4129,
                  "Y": 0.8329
                },
                "PreSize": {
                  "X": 0.4458,
                  "Y": 0.1397
                },
                "LeftMargin": 61.3667,
                "RightMargin": 117.6333,
                "TopMargin": 35.4916,
                "BottomMargin": 278.5084,
                "Tag": 2741,
                "ActionTag": 481887453,
                "Size": {
                  "X": 144.0,
                  "Y": 51.0
                },
                "Name": "card",
                "ctype": "TextObjectData"
              },
              {
                "FileData": {
                  "Type": "Normal",
                  "Path": "image/ui/wxshop/goumai.png",
                  "Plist": ""
                },
                "BlendFunc": {
                  "Src": 1,
                  "Dst": 771
                },
                "AnchorPoint": {
                  "ScaleX": 0.5,
                  "ScaleY": 0.5
                },
                "Position": {
                  "X": 132.6075,
                  "Y": 14.0199
                },
                "Scale": {
                  "ScaleX": 1.0,
                  "ScaleY": 1.0
                },
                "CColor": {},
                "IconVisible": false,
                "PrePosition": {
                  "X": 0.4105,
                  "Y": 0.0384
                },
                "PreSize": {
                  "X": 0.8916,
                  "Y": 0.2356
                },
                "LeftMargin": -11.3925,
                "RightMargin": 46.3925,
                "TopMargin": 307.9801,
                "BottomMargin": -28.9801,
                "Tag": 2780,
                "ActionTag": -16977277,
                "Size": {
                  "X": 288.0,
                  "Y": 86.0
                },
                "Name": "buy",
                "ctype": "SpriteObjectData"
              },
              {
                "FileData": {
                  "Type": "Normal",
                  "Path": "image/ui/wxshop/fangka_img.png",
                  "Plist": ""
                },
                "BlendFunc": {
                  "Src": 1,
                  "Dst": 771
                },
                "AnchorPoint": {
                  "ScaleX": 0.5,
                  "ScaleY": 0.5
                },
                "Position": {
                  "X": 133.3667,
                  "Y": 208.7347
                },
                "Scale": {
                  "ScaleX": 1.0,
                  "ScaleY": 1.0
                },
                "CColor": {},
                "IconVisible": false,
                "PositionPercentXEnabled": true,
                "PrePosition": {
                  "X": 0.4129,
                  "Y": 0.5719
                },
                "PreSize": {
                  "X": 0.4334,
                  "Y": 0.3014
                },
                "LeftMargin": 63.3667,
                "RightMargin": 119.6333,
                "TopMargin": 101.2653,
                "BottomMargin": 153.7347,
                "Tag": 3752,
                "ActionTag": -341212984,
                "Size": {
                  "X": 140.0,
                  "Y": 110.0
                },
                "Name": "fangka_img_2",
                "ctype": "SpriteObjectData"
              },
              {
                "FontSize": 45,
                "LabelText": "0000张",
                "FontResource": {
                  "Type": "Normal",
                  "Path": "image/fonts/FZZY.TTF",
                  "Plist": ""
                },
                "HorizontalAlignmentType": "HT_Center",
                "VerticalAlignmentType": "VT_Center",
                "OutlineColor": {
                  "R": 100,
                  "G": 57,
                  "B": 4
                },
                "ShadowColor": {
                  "R": 110,
                  "G": 110,
                  "B": 110
                },
                "ShadowOffsetX": 2.0,
                "ShadowOffsetY": -2.0,
                "AnchorPoint": {
                  "ScaleX": 0.5,
                  "ScaleY": 0.5
                },
                "Position": {
                  "X": 128.7155,
                  "Y": 124.4615
                },
                "Scale": {
                  "ScaleX": 1.0,
                  "ScaleY": 1.0
                },
                "CColor": {
                  "R": 248,
                  "G": 227,
                  "B": 179
                },
                "IconVisible": false,
                "PositionPercentXEnabled": true,
                "PrePosition": {
                  "X": 0.3985,
                  "Y": 0.341
                },
                "PreSize": {
                  "X": 0.4458,
                  "Y": 0.1397
                },
                "LeftMargin": 56.7155,
                "RightMargin": 122.2845,
                "TopMargin": 215.0385,
                "BottomMargin": 98.9615,
                "Tag": 3753,
                "ActionTag": -387815909,
                "Size": {
                  "X": 144.0,
                  "Y": 51.0
                },
                "Name": "money",
                "ctype": "TextObjectData"
              }
            ],
            "ActionTag": 362117954,
            "Size": {
              "X": 323.0,
              "Y": 365.0
            },
            "Name": "fk",
            "ctype": "SpriteObjectData"
          }
        ],
        "Size": {
          "X": 300.0,
          "Y": 400.0
        },
        "Name": "Layer",
        "ctype": "LayerObjectData"
      },
      "UsedResources": [
        "../../image/fonts/FZZY.TTF",
        "../../image/ui/wxshop/fangka.png",
        "../../image/ui/wxshop/fangka_img.png",
        "../../image/ui/wxshop/goumai.png"
      ],
      "ctype": "GameFileData"
    }
  },
  "Type": "Layer"
}