{
  "ID": "b07a1c04-ff2f-44a0-b4d5-dcca0b44fc30",
  "Version": "3.10.0.0",
  "Name": "Home",
  "Content": {
    "Content": {
      "Animation": {
        "Duration": 0,
        "Speed": 1.0,
        "Timelines": [],
        "ctype": "TimelineActionData"
      },
      "AnimationList": [],
      "ObjectData": {
        "Tag": 146,
        "Children": [
          {
            "FileData": {
              "Type": "Normal",
              "Path": "image/ui/login/bg.jpg",
              "Plist": ""
            },
            "Scale9OriginX": 15,
            "Scale9OriginY": 15,
            "Scale9Width": 1250,
            "Scale9Height": 690,
            "AnchorPoint": {},
            "Position": {
              "X": 0.0,
              "Y": 0.0
            },
            "Scale": {
              "ScaleX": 1.0,
              "ScaleY": 1.0
            },
            "CColor": {},
            "IconVisible": false,
            "PrePosition": {
              "X": 0.0,
              "Y": 0.0
            },
            "PreSize": {
              "X": 1.0,
              "Y": 1.0
            },
            "Tag": 224,
            "Children": [
              {
                "FileData": {
                  "Type": "Normal",
                  "Path": "image/ui/hall/hall_title_ndw.png",
                  "Plist": ""
                },
                "BlendFunc": {
                  "Src": 1,
                  "Dst": 771
                },
                "AnchorPoint": {
                  "ScaleX": 0.5,
                  "ScaleY": 1.0
                },
                "Position": {
                  "X": 450.176,
                  "Y": 711.648
                },
                "Scale": {
                  "ScaleX": 1.0,
                  "ScaleY": 1.0
                },
                "CColor": {},
                "IconVisible": false,
                "PositionPercentXEnabled": true,
                "PositionPercentYEnabled": true,
                "PrePosition": {
                  "X": 0.3517,
                  "Y": 0.9884
                },
                "PreSize": {
                  "X": 0.3102,
                  "Y": 0.1917
                },
                "LeftMargin": 251.676,
                "RightMargin": 631.324,
                "TopMargin": 8.352,
                "BottomMargin": 573.648,
                "Tag": 129,
                "ActionTag": -1798258350,
                "Size": {
                  "X": 397.0,
                  "Y": 138.0
                },
                "Name": "hall_title_41",
                "ctype": "SpriteObjectData"
              },
              {
                "AnchorPoint": {},
                "Position": {
                  "X": 0.0,
                  "Y": 0.0
                },
                "Scale": {
                  "ScaleX": 1.0,
                  "ScaleY": 1.0
                },
                "CColor": {},
                "IconVisible": true,
                "PrePosition": {
                  "X": 0.0,
                  "Y": 0.0
                },
                "PreSize": {
                  "X": 0.0,
                  "Y": 0.0
                },
                "RightMargin": 1280.0,
                "TopMargin": 720.0,
                "Tag": 42,
                "Children": [
                  {
                    "InnerNodeSize": {
                      "Width": 920,
                      "Height": 400
                    },
                    "ScrollDirectionType": "Horizontal",
                    "ClipAble": false,
                    "BackColorAlpha": 102,
                    "SingleColor": {
                      "G": 150,
                      "B": 100
                    },
                    "FirstColor": {
                      "G": 150,
                      "B": 100
                    },
                    "EndColor": {},
                    "ColorVector": {
                      "ScaleY": 1.0
                    },
                    "Scale9Width": 1,
                    "Scale9Height": 1,
                    "AnchorPoint": {},
                    "Position": {
                      "X": 356.5283,
                      "Y": 145.4173
                    },
                    "Scale": {
                      "ScaleX": 1.0,
                      "ScaleY": 1.0
                    },
                    "CColor": {},
                    "IconVisible": false,
                    "PrePosition": {
                      "X": 0.0,
                      "Y": 0.0
                    },
                    "PreSize": {
                      "X": 0.0,
                      "Y": 0.0
                    },
                    "LeftMargin": 356.5283,
                    "RightMargin": -1276.5283,
                    "TopMargin": -545.4173,
                    "BottomMargin": 145.4173,
                    "Tag": 47,
                    "Children": [
                      {
                        "FileData": {
                          "Type": "Normal",
                          "Path": "image/ui/hall/roomcreate_huzi.png",
                          "Plist": ""
                        },
                        "BlendFunc": {
                          "Src": 1,
                          "Dst": 771
                        },
                        "AnchorPoint": {
                          "ScaleX": 0.5,
                          "ScaleY": 0.5
                        },
                        "Position": {
                          "X": 1034.7983,
                          "Y": 232.501
                        },
                        "Scale": {
                          "ScaleX": 0.8,
                          "ScaleY": 0.8
                        },
                        "CColor": {},
                        "IconVisible": false,
                        "PrePosition": {
                          "X": 1.1248,
                          "Y": 0.5813
                        },
                        "PreSize": {
                          "X": 0.3,
                          "Y": 0.8925
                        },
                        "LeftMargin": 896.7983,
                        "RightMargin": -252.7983,
                        "TopMargin": -11.001,
                        "BottomMargin": 54.001,
                        "Tag": 181,
                        "Children": [
                          {
                            "FileData": {
                              "Type": "Normal",
                              "Path": "image/ui/hall/title_roomcreate_huzi.png",
                              "Plist": ""
                            },
                            "BlendFunc": {
                              "Src": 1,
                              "Dst": 771
                            },
                            "AnchorPoint": {
                              "ScaleX": 0.5,
                              "ScaleY": 0.5
                            },
                            "Position": {
                              "X": 160.3105,
                              "Y": 75.1219
                            },
                            "Scale": {
                              "ScaleX": 1.0,
                              "ScaleY": 1.0
                            },
                            "CColor": {},
                            "IconVisible": false,
                            "PrePosition": {
                              "X": 0.5808,
                              "Y": 0.2104
                            },
                            "PreSize": {
                              "X": 0.7681,
                              "Y": 0.3137
                            },
                            "LeftMargin": 54.3105,
                            "RightMargin": 9.6895,
                            "TopMargin": 225.8781,
                            "BottomMargin": 19.1219,
                            "Tag": 182,
                            "ActionTag": 764891184,
                            "Size": {
                              "X": 212.0,
                              "Y": 112.0
                            },
                            "Name": "title",
                            "ctype": "SpriteObjectData"
                          }
                        ],
                        "ActionTag": -225954885,
                        "Size": {
                          "X": 276.0,
                          "Y": 357.0
                        },
                        "Name": "btn_createroom_huzi",
                        "ctype": "SpriteObjectData"
                      },
                      {
                        "FileData": {
                          "Type": "Normal",
                          "Path": "image/ui/hall/roomcreate_majiang.png",
                          "Plist": ""
                        },
                        "BlendFunc": {
                          "Src": 1,
                          "Dst": 771
                        },
                        "AnchorPoint": {
                          "ScaleX": 0.5,
                          "ScaleY": 0.5
                        },
                        "Position": {
                          "X": 594.1779,
                          "Y": 66.0511
                        },
                        "Scale": {
                          "ScaleX": 0.68,
                          "ScaleY": 0.68
                        },
                        "CColor": {},
                        "IconVisible": false,
                        "PrePosition": {
                          "X": 0.6458,
                          "Y": 0.1651
                        },
                        "PreSize": {
                          "X": 0.3,
                          "Y": 0.935
                        },
                        "LeftMargin": 456.1779,
                        "RightMargin": 187.8221,
                        "TopMargin": 146.9489,
                        "BottomMargin": -120.9489,
                        "Tag": 125,
                        "Children": [
                          {
                            "FileData": {
                              "Type": "Normal",
                              "Path": "image/ui/hall/title_roomcreate_majiang.png",
                              "Plist": ""
                            },
                            "BlendFunc": {
                              "Src": 1,
                              "Dst": 771
                            },
                            "AnchorPoint": {
                              "ScaleX": 0.5,
                              "ScaleY": 0.5
                            },
                            "Position": {
                              "X": 120.0154,
                              "Y": 75.1252
                            },
                            "Scale": {
                              "ScaleX": 1.0,
                              "ScaleY": 1.0
                            },
                            "CColor": {},
                            "IconVisible": false,
                            "PrePosition": {
                              "X": 0.4348,
                              "Y": 0.2009
                            },
                            "PreSize": {
                              "X": 0.7355,
                              "Y": 0.3529
                            },
                            "LeftMargin": 18.5154,
                            "RightMargin": 54.4846,
                            "TopMargin": 232.8748,
                            "BottomMargin": 9.1252,
                            "Tag": 158,
                            "ActionTag": 1019072044,
                            "Size": {
                              "X": 203.0,
                              "Y": 132.0
                            },
                            "Name": "title",
                            "ctype": "SpriteObjectData"
                          }
                        ],
                        "ActionTag": -1984205575,
                        "Size": {
                          "X": 276.0,
                          "Y": 374.0
                        },
                        "Name": "btn_createroom_majiang",
                        "ctype": "SpriteObjectData"
                      },
                      {
                        "FileData": {
                          "Type": "Normal",
                          "Path": "image/ui/hall/roomcreate_niuniu.png",
                          "Plist": ""
                        },
                        "BlendFunc": {
                          "Src": 1,
                          "Dst": 771
                        },
                        "AnchorPoint": {
                          "ScaleX": 0.5,
                          "ScaleY": 0.5
                        },
                        "Position": {
                          "X": 163.8864,
                          "Y": 304.2006
                        },
                        "Scale": {
                          "ScaleX": 0.68,
                          "ScaleY": 0.68
                        },
                        "CColor": {},
                        "IconVisible": false,
                        "PrePosition": {
                          "X": 0.1781,
                          "Y": 0.7605
                        },
                        "PreSize": {
                          "X": 0.3228,
                          "Y": 0.9375
                        },
                        "LeftMargin": 15.3864,
                        "RightMargin": 607.6136,
                        "TopMargin": -91.7006,
                        "BottomMargin": 116.7006,
                        "Tag": 1674,
                        "Children": [
                          {
                            "FileData": {
                              "Type": "Normal",
                              "Path": "image/ui/hall/title_roomcreate_niuniu.png",
                              "Plist": ""
                            },
                            "BlendFunc": {
                              "Src": 1,
                              "Dst": 771
                            },
                            "AnchorPoint": {
                              "ScaleX": 0.5,
                              "ScaleY": 0.5
                            },
                            "Position": {
                              "X": 118.9468,
                              "Y": 76.1221
                            },
                            "Scale": {
                              "ScaleX": 1.0,
                              "ScaleY": 1.0
                            },
                            "CColor": {},
                            "IconVisible": false,
                            "PrePosition": {
                              "X": 0.4005,
                              "Y": 0.203
                            },
                            "PreSize": {
                              "X": 0.7071,
                              "Y": 0.3573
                            },
                            "LeftMargin": 13.9468,
                            "RightMargin": 73.0532,
                            "TopMargin": 231.8779,
                            "BottomMargin": 9.1221,
                            "Tag": 159,
                            "ActionTag": 2010068649,
                            "Size": {
                              "X": 210.0,
                              "Y": 134.0
                            },
                            "Name": "title",
                            "ctype": "SpriteObjectData"
                          }
                        ],
                        "ActionTag": 546344929,
                        "Size": {
                          "X": 297.0,
                          "Y": 375.0
                        },
                        "Name": "btn_createroom_niuniu",
                        "ctype": "SpriteObjectData"
                      },
                      {
                        "FileData": {
                          "Type": "Normal",
                          "Path": "image/ui/hall/roomcreate_pdk.png",
                          "Plist": ""
                        },
                        "BlendFunc": {
                          "Src": 1,
                          "Dst": 771
                        },
                        "AnchorPoint": {
                          "ScaleX": 0.5,
                          "ScaleY": 0.5
                        },
                        "Position": {
                          "X": 748.8895,
                          "Y": 313.051
                        },
                        "Scale": {
                          "ScaleX": 0.68,
                          "ScaleY": 0.68
                        },
                        "CColor": {},
                        "IconVisible": false,
                        "PrePosition": {
                          "X": 0.814,
                          "Y": 0.7826
                        },
                        "PreSize": {
                          "X": 0.2978,
                          "Y": 1.0475
                        },
                        "LeftMargin": 611.8895,
                        "RightMargin": 34.1105,
                        "TopMargin": -122.551,
                        "BottomMargin": 103.551,
                        "Tag": 48,
                        "Children": [
                          {
                            "FileData": {
                              "Type": "Normal",
                              "Path": "image/ui/hall/title_roomcreate_pdk.png",
                              "Plist": ""
                            },
                            "BlendFunc": {
                              "Src": 1,
                              "Dst": 771
                            },
                            "AnchorPoint": {
                              "ScaleX": 0.5,
                              "ScaleY": 0.5
                            },
                            "Position": {
                              "X": 116.952,
                              "Y": 76.1218
                            },
                            "Scale": {
                              "ScaleX": 1.0,
                              "ScaleY": 1.0
                            },
                            "CColor": {},
                            "IconVisible": false,
                            "PrePosition": {
                              "X": 0.4268,
                              "Y": 0.1817
                            },
                            "PreSize": {
                              "X": 0.7153,
                              "Y": 0.2816
                            },
                            "LeftMargin": 18.952,
                            "RightMargin": 59.048,
                            "TopMargin": 283.8782,
                            "BottomMargin": 17.1218,
                            "Tag": 49,
                            "ActionTag": 1427895069,
                            "Size": {
                              "X": 196.0,
                              "Y": 118.0
                            },
                            "Name": "title",
                            "ctype": "SpriteObjectData"
                          }
                        ],
                        "ActionTag": -2118702238,
                        "Size": {
                          "X": 274.0,
                          "Y": 419.0
                        },
                        "Name": "btn_createroom_pdk",
                        "ctype": "SpriteObjectData"
                      },
                      {
                        "FileData": {
                          "Type": "Normal",
                          "Path": "image/ui/hall/roomcreate_psz.png",
                          "Plist": ""
                        },
                        "BlendFunc": {
                          "Src": 1,
                          "Dst": 771
                        },
                        "AnchorPoint": {
                          "ScaleX": 0.5,
                          "ScaleY": 0.5
                        },
                        "Position": {
                          "X": 455.2868,
                          "Y": 305.6526
                        },
                        "Scale": {
                          "ScaleX": 0.68,
                          "ScaleY": 0.68
                        },
                        "CColor": {},
                        "IconVisible": false,
                        "PrePosition": {
                          "X": 0.4949,
                          "Y": 0.7641
                        },
                        "PreSize": {
                          "X": 0.3293,
                          "Y": 0.97
                        },
                        "LeftMargin": 303.7868,
                        "RightMargin": 313.2132,
                        "TopMargin": -99.6526,
                        "BottomMargin": 111.6526,
                        "Tag": 50,
                        "Children": [
                          {
                            "FileData": {
                              "Type": "Normal",
                              "Path": "image/ui/hall/title_roomcreate_psz.png",
                              "Plist": ""
                            },
                            "BlendFunc": {
                              "Src": 1,
                              "Dst": 771
                            },
                            "AnchorPoint": {
                              "ScaleX": 0.5,
                              "ScaleY": 0.5
                            },
                            "Position": {
                              "X": 142.9455,
                              "Y": 76.1218
                            },
                            "Scale": {
                              "ScaleX": 1.0,
                              "ScaleY": 1.0
                            },
                            "CColor": {},
                            "IconVisible": false,
                            "PrePosition": {
                              "X": 0.4718,
                              "Y": 0.1962
                            },
                            "PreSize": {
                              "X": 0.6964,
                              "Y": 0.2887
                            },
                            "LeftMargin": 37.4455,
                            "RightMargin": 54.5545,
                            "TopMargin": 255.8782,
                            "BottomMargin": 20.1218,
                            "Tag": 51,
                            "ActionTag": 1296587828,
                            "Size": {
                              "X": 211.0,
                              "Y": 112.0
                            },
                            "Name": "title",
                            "ctype": "SpriteObjectData"
                          }
                        ],
                        "ActionTag": 458233089,
                        "Size": {
                          "X": 303.0,
                          "Y": 388.0
                        },
                        "Name": "btn_createroom_psz",
                        "ctype": "SpriteObjectData"
                      },
                      {
                        "FileData": {
                          "Type": "Normal",
                          "Path": "image/ui/hall/roomcreate_kaokao.png",
                          "Plist": ""
                        },
                        "BlendFunc": {
                          "Src": 1,
                          "Dst": 771
                        },
                        "AnchorPoint": {
                          "ScaleX": 0.5,
                          "ScaleY": 0.5
                        },
                        "Position": {
                          "X": 295.7748,
                          "Y": 65.3642
                        },
                        "Scale": {
                          "ScaleX": 0.68,
                          "ScaleY": 0.68
                        },
                        "CColor": {},
                        "IconVisible": false,
                        "PrePosition": {
                          "X": 0.3215,
                          "Y": 0.1634
                        },
                        "PreSize": {
                          "X": 0.3652,
                          "Y": 0.915
                        },
                        "LeftMargin": 127.7748,
                        "RightMargin": 456.2252,
                        "TopMargin": 151.6358,
                        "BottomMargin": -117.6358,
                        "Tag": 121,
                        "Children": [
                          {
                            "FileData": {
                              "Type": "Normal",
                              "Path": "image/ui/hall/title_roomcreate_kaokao.png",
                              "Plist": ""
                            },
                            "BlendFunc": {
                              "Src": 1,
                              "Dst": 771
                            },
                            "AnchorPoint": {
                              "ScaleX": 0.5,
                              "ScaleY": 0.5
                            },
                            "Position": {
                              "X": 183.314,
                              "Y": 75.1221
                            },
                            "Scale": {
                              "ScaleX": 1.0,
                              "ScaleY": 1.0
                            },
                            "CColor": {},
                            "IconVisible": false,
                            "PrePosition": {
                              "X": 0.5456,
                              "Y": 0.2053
                            },
                            "PreSize": {
                              "X": 0.6696,
                              "Y": 0.3169
                            },
                            "LeftMargin": 70.814,
                            "RightMargin": 40.186,
                            "TopMargin": 232.8779,
                            "BottomMargin": 17.1221,
                            "Tag": 122,
                            "ActionTag": -398642188,
                            "Size": {
                              "X": 225.0,
                              "Y": 116.0
                            },
                            "Name": "title",
                            "ctype": "SpriteObjectData"
                          }
                        ],
                        "ActionTag": 549853579,
                        "Size": {
                          "X": 336.0,
                          "Y": 366.0
                        },
                        "Name": "btn_createroom_kaokao",
                        "ctype": "SpriteObjectData"
                      }
                    ],
                    "ActionTag": -1301352020,
                    "Size": {
                      "X": 920.0,
                      "Y": 400.0
                    },
                    "Name": "scroll",
                    "ctype": "ScrollViewObjectData"
                  },
                  {
                    "FileData": {
                      "Type": "Normal",
                      "Path": "image/ui/hall/joinbg.png",
                      "Plist": ""
                    },
                    "Scale9Enable": true,
                    "Scale9OriginX": 100,
                    "Scale9OriginY": 20,
                    "Scale9Width": 122,
                    "Scale9Height": 13,
                    "AnchorPoint": {
                      "ScaleX": 0.5
                    },
                    "Position": {
                      "X": 640.0,
                      "Y": 0.0
                    },
                    "Scale": {
                      "ScaleX": 1.0,
                      "ScaleY": 0.8
                    },
                    "CColor": {},
                    "IconVisible": false,
                    "PositionPercentYEnabled": true,
                    "PrePosition": {
                      "X": 0.0,
                      "Y": 0.0
                    },
                    "PreSize": {
                      "X": 0.0,
                      "Y": 0.0
                    },
                    "LeftMargin": 40.0,
                    "RightMargin": -1240.0,
                    "TopMargin": -53.0,
                    "Tag": 1678,
                    "ActionTag": 935547434,
                    "Size": {
                      "X": 1200.0,
                      "Y": 53.0
                    },
                    "Name": "bg_joinroom",
                    "ctype": "ImageViewObjectData"
                  },
                  {
                    "FileData": {
                      "Type": "Normal",
                      "Path": "image/ui/hall/join.png",
                      "Plist": ""
                    },
                    "BlendFunc": {
                      "Src": 1,
                      "Dst": 771
                    },
                    "AnchorPoint": {
                      "ScaleX": 0.5,
                      "ScaleY": 0.5
                    },
                    "Position": {
                      "X": 1200.0911,
                      "Y": 89.0574
                    },
                    "Scale": {
                      "ScaleX": 1.0,
                      "ScaleY": 1.0
                    },
                    "CColor": {},
                    "IconVisible": false,
                    "PrePosition": {
                      "X": 0.0,
                      "Y": 0.0
                    },
                    "PreSize": {
                      "X": 0.0,
                      "Y": 0.0
                    },
                    "LeftMargin": 1116.0911,
                    "RightMargin": -1284.0911,
                    "TopMargin": -178.5574,
                    "BottomMargin": -0.4426,
                    "Tag": 126,
                    "ActionTag": -830538609,
                    "Size": {
                      "X": 168.0,
                      "Y": 179.0
                    },
                    "Name": "btn_joinroom",
                    "ctype": "SpriteObjectData"
                  },
                  {
                    "FileData": {
                      "Type": "Normal",
                      "Path": "image/ui/hall/hall_yikai.png",
                      "Plist": ""
                    },
                    "BlendFunc": {
                      "Src": 1,
                      "Dst": 771
                    },
                    "AnchorPoint": {
                      "ScaleX": 0.442,
                      "ScaleY": 0.494
                    },
                    "Position": {
                      "X": 1060.3574,
                      "Y": 60.2344
                    },
                    "Scale": {
                      "ScaleX": 1.0,
                      "ScaleY": 1.0
                    },
                    "CColor": {},
                    "IconVisible": false,
                    "PrePosition": {
                      "X": 0.0,
                      "Y": 0.0
                    },
                    "PreSize": {
                      "X": 0.0,
                      "Y": 0.0
                    },
                    "LeftMargin": 1011.2954,
                    "RightMargin": -1122.2954,
                    "TopMargin": -92.6184,
                    "BottomMargin": 28.6184,
                    "Tag": 181,
                    "ActionTag": -1307437567,
                    "Size": {
                      "X": 111.0,
                      "Y": 64.0
                    },
                    "VisibleForFrame": false,
                    "Name": "btn_yikai",
                    "ctype": "SpriteObjectData"
                  },
                  {
                    "FileData": {
                      "Type": "Normal",
                      "Path": "image/ui/hall/hall_daikai.png",
                      "Plist": ""
                    },
                    "BlendFunc": {
                      "Src": 1,
                      "Dst": 771
                    },
                    "AnchorPoint": {
                      "ScaleX": 0.5,
                      "ScaleY": 0.5
                    },
                    "Position": {
                      "X": 938.728,
                      "Y": 62.1169
                    },
                    "Scale": {
                      "ScaleX": 1.0,
                      "ScaleY": 1.0
                    },
                    "CColor": {},
                    "IconVisible": false,
                    "PrePosition": {
                      "X": 0.0,
                      "Y": 0.0
                    },
                    "PreSize": {
                      "X": 0.0,
                      "Y": 0.0
                    },
                    "LeftMargin": 875.228,
                    "RightMargin": -1002.228,
                    "TopMargin": -95.6169,
                    "BottomMargin": 28.6169,
                    "Tag": 180,
                    "ActionTag": 2135044819,
                    "Size": {
                      "X": 127.0,
                      "Y": 67.0
                    },
                    "VisibleForFrame": false,
                    "Name": "btn_daikai",
                    "ctype": "SpriteObjectData"
                  }
                ],
                "ActionTag": -444527038,
                "Size": {
                  "X": 0.0,
                  "Y": 0.0
                },
                "Name": "nMain",
                "ctype": "SingleNodeObjectData"
              },
              {
                "AnchorPoint": {},
                "Position": {
                  "X": 1280.0,
                  "Y": 720.0
                },
                "Scale": {
                  "ScaleX": 1.0,
                  "ScaleY": 1.0
                },
                "CColor": {},
                "IconVisible": true,
                "PrePosition": {
                  "X": 1.0,
                  "Y": 1.0
                },
                "PreSize": {
                  "X": 0.0,
                  "Y": 0.0
                },
                "LeftMargin": 1280.0,
                "BottomMargin": 720.0,
                "Tag": 35,
                "Children": [
                  {
                    "FileData": {
                      "Type": "Normal",
                      "Path": "image/ui/room2/icon_share.png",
                      "Plist": ""
                    },
                    "BlendFunc": {
                      "Src": 1,
                      "Dst": 771
                    },
                    "AnchorPoint": {
                      "ScaleX": 0.5,
                      "ScaleY": 0.5
                    },
                    "Position": {
                      "X": -874.1907,
                      "Y": -673.834
                    },
                    "Scale": {
                      "ScaleX": 1.0,
                      "ScaleY": 1.0
                    },
                    "CColor": {},
                    "IconVisible": false,
                    "PrePosition": {
                      "X": 0.0,
                      "Y": 0.0
                    },
                    "PreSize": {
                      "X": 0.0,
                      "Y": 0.0
                    },
                    "LeftMargin": -932.6907,
                    "RightMargin": 815.6907,
                    "TopMargin": 641.834,
                    "BottomMargin": -705.834,
                    "Tag": 1677,
                    "ActionTag": -242724493,
                    "Size": {
                      "X": 117.0,
                      "Y": 64.0
                    },
                    "Name": "btn_share",
                    "ctype": "SpriteObjectData"
                  },
                  {
                    "FileData": {
                      "Type": "Normal",
                      "Path": "image/ui/room2/icon_shop.png",
                      "Plist": ""
                    },
                    "BlendFunc": {
                      "Src": 1,
                      "Dst": 771
                    },
                    "AnchorPoint": {
                      "ScaleX": 0.5,
                      "ScaleY": 0.5
                    },
                    "Position": {
                      "X": -1040.323,
                      "Y": -662.0885
                    },
                    "Scale": {
                      "ScaleX": 1.0,
                      "ScaleY": 1.0
                    },
                    "CColor": {},
                    "IconVisible": false,
                    "PrePosition": {
                      "X": 0.0,
                      "Y": 0.0
                    },
                    "PreSize": {
                      "X": 0.0,
                      "Y": 0.0
                    },
                    "LeftMargin": -1155.823,
                    "RightMargin": 924.823,
                    "TopMargin": 586.0885,
                    "BottomMargin": -738.0885,
                    "Tag": 112,
                    "ActionTag": -412581982,
                    "Size": {
                      "X": 231.0,
                      "Y": 152.0
                    },
                    "Name": "btn_iap",
                    "ctype": "SpriteObjectData"
                  },
                  {
                    "FileData": {
                      "Type": "Normal",
                      "Path": "image/ui/room2/icon_sz.png",
                      "Plist": ""
                    },
                    "BlendFunc": {
                      "Src": 1,
                      "Dst": 771
                    },
                    "AnchorPoint": {
                      "ScaleX": 0.5,
                      "ScaleY": 0.5
                    },
                    "Position": {
                      "X": -183.1395,
                      "Y": -62.5676
                    },
                    "Scale": {
                      "ScaleX": 1.0,
                      "ScaleY": 1.0
                    },
                    "CColor": {},
                    "IconVisible": false,
                    "PrePosition": {
                      "X": 0.0,
                      "Y": 0.0
                    },
                    "PreSize": {
                      "X": 0.0,
                      "Y": 0.0
                    },
                    "LeftMargin": -240.6395,
                    "RightMargin": 125.6395,
                    "TopMargin": 8.5676,
                    "BottomMargin": -116.5676,
                    "Tag": 113,
                    "ActionTag": -1455410194,
                    "Size": {
                      "X": 115.0,
                      "Y": 108.0
                    },
                    "Name": "btn_sz",
                    "ctype": "SpriteObjectData"
                  },
                  {
                    "FileData": {
                      "Type": "Normal",
                      "Path": "image/ui/room2/icon_huodong.png",
                      "Plist": ""
                    },
                    "BlendFunc": {
                      "Src": 1,
                      "Dst": 771
                    },
                    "AnchorPoint": {
                      "ScaleX": 0.5,
                      "ScaleY": 0.5
                    },
                    "Position": {
                      "X": -538.0585,
                      "Y": -62.5676
                    },
                    "Scale": {
                      "ScaleX": 1.0,
                      "ScaleY": 1.0
                    },
                    "CColor": {},
                    "IconVisible": false,
                    "PrePosition": {
                      "X": 0.0,
                      "Y": 0.0
                    },
                    "PreSize": {
                      "X": 0.0,
                      "Y": 0.0
                    },
                    "LeftMargin": -593.0585,
                    "RightMargin": 483.0585,
                    "TopMargin": 3.5676,
                    "BottomMargin": -121.5676,
                    "Tag": 114,
                    "Children": [
                      {
                        "FileData": {
                          "Type": "Normal",
                          "Path": "image/ui/hall/club_redbg.png",
                          "Plist": ""
                        },
                        "BlendFunc": {
                          "Src": 1,
                          "Dst": 771
                        },
                        "AnchorPoint": {
                          "ScaleX": 0.5,
                          "ScaleY": 0.5
                        },
                        "Position": {
                          "X": 98.8338,
                          "Y": 82.714
                        },
                        "Scale": {
                          "ScaleX": 1.2,
                          "ScaleY": 1.2
                        },
                        "CColor": {},
                        "IconVisible": false,
                        "PrePosition": {
                          "X": 0.8985,
                          "Y": 0.701
                        },
                        "PreSize": {
                          "X": 0.2364,
                          "Y": 0.2203
                        },
                        "LeftMargin": 85.8338,
                        "RightMargin": -1.8338,
                        "TopMargin": 22.286,
                        "BottomMargin": 69.714,
                        "Tag": 4139,
                        "ActionTag": 1047573949,
                        "Size": {
                          "X": 26.0,
                          "Y": 26.0
                        },
                        "Name": "message_numbg",
                        "ctype": "SpriteObjectData"
                      },
                      {
                        "FontSize": 28,
                        "LabelText": "0",
                        "FontResource": {
                          "Type": "Normal",
                          "Path": "image/fonts/FZZY.TTF",
                          "Plist": ""
                        },
                        "HorizontalAlignmentType": "HT_Center",
                        "VerticalAlignmentType": "VT_Center",
                        "OutlineColor": {
                          "G": 0,
                          "B": 0
                        },
                        "ShadowColor": {
                          "R": 110,
                          "G": 110,
                          "B": 110
                        },
                        "ShadowOffsetX": 2.0,
                        "ShadowOffsetY": -2.0,
                        "AnchorPoint": {
                          "ScaleX": 0.5,
                          "ScaleY": 0.5
                        },
                        "Position": {
                          "X": 98.3615,
                          "Y": 83.0399
                        },
                        "Scale": {
                          "ScaleX": 1.0,
                          "ScaleY": 1.0
                        },
                        "CColor": {},
                        "IconVisible": false,
                        "PrePosition": {
                          "X": 0.8942,
                          "Y": 0.7037
                        },
                        "PreSize": {
                          "X": 0.1636,
                          "Y": 0.2712
                        },
                        "LeftMargin": 89.3615,
                        "RightMargin": 2.6385,
                        "TopMargin": 18.9601,
                        "BottomMargin": 67.0399,
                        "Tag": 4098,
                        "ActionTag": -1139394924,
                        "Size": {
                          "X": 18.0,
                          "Y": 32.0
                        },
                        "Name": "messagenum",
                        "ctype": "TextObjectData"
                      }
                    ],
                    "ActionTag": 1295831779,
                    "Size": {
                      "X": 110.0,
                      "Y": 118.0
                    },
                    "Name": "btn_msg",
                    "ctype": "SpriteObjectData"
                  },
                  {
                    "FileData": {
                      "Type": "Normal",
                      "Path": "image/ui/room2/icon_zj.png",
                      "Plist": ""
                    },
                    "BlendFunc": {
                      "Src": 1,
                      "Dst": 771
                    },
                    "AnchorPoint": {
                      "ScaleX": 0.5,
                      "ScaleY": 0.5
                    },
                    "Position": {
                      "X": -301.4458,
                      "Y": -62.5676
                    },
                    "Scale": {
                      "ScaleX": 1.0,
                      "ScaleY": 1.0
                    },
                    "CColor": {},
                    "IconVisible": false,
                    "PrePosition": {
                      "X": 0.0,
                      "Y": 0.0
                    },
                    "PreSize": {
                      "X": 0.0,
                      "Y": 0.0
                    },
                    "LeftMargin": -358.9458,
                    "RightMargin": 243.9458,
                    "TopMargin": 8.5676,
                    "BottomMargin": -116.5676,
                    "Tag": 115,
                    "ActionTag": 127778937,
                    "Size": {
                      "X": 115.0,
                      "Y": 108.0
                    },
                    "Name": "btn_zj",
                    "ctype": "SpriteObjectData"
                  },
                  {
                    "FileData": {
                      "Type": "Normal",
                      "Path": "image/ui/room2/icon_dc.png",
                      "Plist": ""
                    },
                    "BlendFunc": {
                      "Src": 1,
                      "Dst": 771
                    },
                    "AnchorPoint": {
                      "ScaleX": 0.5,
                      "ScaleY": 0.5
                    },
                    "Position": {
                      "X": -64.8329,
                      "Y": -62.5676
                    },
                    "Scale": {
                      "ScaleX": 1.0,
                      "ScaleY": 1.0
                    },
                    "CColor": {},
                    "IconVisible": false,
                    "PrePosition": {
                      "X": 0.0,
                      "Y": 0.0
                    },
                    "PreSize": {
                      "X": 0.0,
                      "Y": 0.0
                    },
                    "LeftMargin": -122.3329,
                    "RightMargin": 7.3329,
                    "TopMargin": 8.5676,
                    "BottomMargin": -116.5676,
                    "Tag": 1679,
                    "ActionTag": 669424423,
                    "Size": {
                      "X": 115.0,
                      "Y": 108.0
                    },
                    "Name": "btn_dc",
                    "ctype": "SpriteObjectData"
                  },
                  {
                    "FileData": {
                      "Type": "Normal",
                      "Path": "image/ui/room2/icon_fw.png",
                      "Plist": ""
                    },
                    "BlendFunc": {
                      "Src": 1,
                      "Dst": 771
                    },
                    "AnchorPoint": {
                      "ScaleX": 0.5,
                      "ScaleY": 0.5
                    },
                    "Position": {
                      "X": -419.7537,
                      "Y": -62.5676
                    },
                    "Scale": {
                      "ScaleX": 1.0,
                      "ScaleY": 1.0
                    },
                    "CColor": {},
                    "IconVisible": false,
                    "PrePosition": {
                      "X": 0.0,
                      "Y": 0.0
                    },
                    "PreSize": {
                      "X": 0.0,
                      "Y": 0.0
                    },
                    "LeftMargin": -477.2537,
                    "RightMargin": 362.2537,
                    "TopMargin": 8.5676,
                    "BottomMargin": -116.5676,
                    "Tag": 116,
                    "ActionTag": 1595509189,
                    "Size": {
                      "X": 115.0,
                      "Y": 108.0
                    },
                    "Name": "btn_wf",
                    "ctype": "SpriteObjectData"
                  }
                ],
                "ActionTag": 858305101,
                "Size": {
                  "X": 0.0,
                  "Y": 0.0
                },
                "Name": "nBTN",
                "ctype": "SingleNodeObjectData"
              },
              {
                "AnchorPoint": {},
                "Position": {
                  "X": 0.0,
                  "Y": 715.0
                },
                "Scale": {
                  "ScaleX": 1.0,
                  "ScaleY": 1.0
                },
                "CColor": {},
                "IconVisible": true,
                "PrePosition": {
                  "X": 0.0,
                  "Y": 0.9931
                },
                "PreSize": {
                  "X": 0.0,
                  "Y": 0.0
                },
                "RightMargin": 1280.0,
                "TopMargin": 5.0,
                "BottomMargin": 715.0,
                "Tag": 43,
                "Children": [
                  {
                    "FileData": {
                      "Type": "Normal",
                      "Path": "image/ui/hall/roomcard.png",
                      "Plist": ""
                    },
                    "Scale9OriginX": 67,
                    "Scale9OriginY": 10,
                    "Scale9Width": 37,
                    "Scale9Height": 26,
                    "AnchorPoint": {
                      "ScaleX": 0.5,
                      "ScaleY": 0.5
                    },
                    "Position": {
                      "X": 130.0,
                      "Y": -40.0
                    },
                    "Scale": {
                      "ScaleX": 1.0,
                      "ScaleY": 1.0
                    },
                    "CColor": {},
                    "IconVisible": false,
                    "PrePosition": {
                      "X": 0.0,
                      "Y": 0.0
                    },
                    "PreSize": {
                      "X": 0.0,
                      "Y": 0.0
                    },
                    "LeftMargin": 28.0,
                    "RightMargin": -232.0,
                    "TopMargin": 3.5,
                    "BottomMargin": -76.5,
                    "Tag": 4347,
                    "Children": [
                      {
                        "FileData": {
                          "Type": "Normal",
                          "Path": "image/ui/head/transparent_72x72.png",
                          "Plist": ""
                        },
                        "BlendFunc": {
                          "Src": 1,
                          "Dst": 771
                        },
                        "AnchorPoint": {
                          "ScaleX": 0.5,
                          "ScaleY": 0.5
                        },
                        "Position": {
                          "X": 15.0,
                          "Y": 36.0
                        },
                        "Scale": {
                          "ScaleX": 1.0,
                          "ScaleY": 1.0
                        },
                        "CColor": {},
                        "IconVisible": false,
                        "PrePosition": {
                          "X": 0.0735,
                          "Y": 0.4932
                        },
                        "PreSize": {
                          "X": 0.3235,
                          "Y": 0.9041
                        },
                        "LeftMargin": -18.0,
                        "RightMargin": 156.0,
                        "TopMargin": 4.0,
                        "BottomMargin": 3.0,
                        "Tag": 284,
                        "ActionTag": -1079723558,
                        "Size": {
                          "X": 66.0,
                          "Y": 66.0
                        },
                        "Name": "head",
                        "ctype": "SpriteObjectData"
                      },
                      {
                        "FileData": {
                          "Type": "Normal",
                          "Path": "image/ui/head/head_72x72.png",
                          "Plist": ""
                        },
                        "BlendFunc": {
                          "Src": 1,
                          "Dst": 771
                        },
                        "AnchorPoint": {
                          "ScaleX": 0.5,
                          "ScaleY": 0.5
                        },
                        "Position": {
                          "X": 15.0,
                          "Y": 35.9998
                        },
                        "Scale": {
                          "ScaleX": 1.0,
                          "ScaleY": 1.0
                        },
                        "CColor": {},
                        "IconVisible": false,
                        "PrePosition": {
                          "X": 0.0735,
                          "Y": 0.4931
                        },
                        "PreSize": {
                          "X": 0.3529,
                          "Y": 0.9863
                        },
                        "LeftMargin": -21.0,
                        "RightMargin": 153.0,
                        "TopMargin": 1.0002,
                        "BottomMargin": -0.0002,
                        "Tag": 44,
                        "ActionTag": -162055151,
                        "Size": {
                          "X": 72.0,
                          "Y": 72.0
                        },
                        "Name": "head_1",
                        "ctype": "SpriteObjectData"
                      },
                      {
                        "FontSize": 22,
                        "LabelText": "ID：88888888",
                        "FontResource": {
                          "Type": "Normal",
                          "Path": "image/fonts/FZZY.TTF",
                          "Plist": ""
                        },
                        "VerticalAlignmentType": "VT_Center",
                        "OutlineColor": {
                          "R": 0,
                          "G": 0,
                          "B": 0
                        },
                        "OutlineEnabled": true,
                        "ShadowColor": {
                          "R": 110,
                          "G": 110,
                          "B": 110
                        },
                        "ShadowOffsetX": 2.0,
                        "ShadowOffsetY": -2.0,
                        "AnchorPoint": {
                          "ScaleY": 0.5
                        },
                        "Position": {
                          "X": 55.0,
                          "Y": 21.9473
                        },
                        "Scale": {
                          "ScaleX": 1.0,
                          "ScaleY": 1.0
                        },
                        "CColor": {},
                        "IconVisible": false,
                        "PrePosition": {
                          "X": 0.2696,
                          "Y": 0.3006
                        },
                        "PreSize": {
                          "X": 0.6814,
                          "Y": 0.3699
                        },
                        "LeftMargin": 55.0,
                        "RightMargin": 10.0,
                        "TopMargin": 37.5527,
                        "BottomMargin": 8.4473,
                        "Tag": 179,
                        "ActionTag": -283893048,
                        "Size": {
                          "X": 139.0,
                          "Y": 27.0
                        },
                        "Name": "txtID",
                        "ctype": "TextObjectData"
                      },
                      {
                        "FontSize": 22,
                        "LabelText": "丫丫株洲玩家...",
                        "FontResource": {
                          "Type": "Normal",
                          "Path": "image/fonts/FZZY.TTF",
                          "Plist": ""
                        },
                        "VerticalAlignmentType": "VT_Center",
                        "OutlineColor": {
                          "R": 0,
                          "G": 0,
                          "B": 0
                        },
                        "OutlineEnabled": true,
                        "ShadowColor": {
                          "R": 110,
                          "G": 110,
                          "B": 110
                        },
                        "ShadowOffsetX": 2.0,
                        "ShadowOffsetY": -2.0,
                        "AnchorPoint": {
                          "ScaleY": 0.5
                        },
                        "Position": {
                          "X": 55.0,
                          "Y": 46.4373
                        },
                        "Scale": {
                          "ScaleX": 1.0,
                          "ScaleY": 1.0
                        },
                        "CColor": {},
                        "IconVisible": false,
                        "PrePosition": {
                          "X": 0.2696,
                          "Y": 0.6361
                        },
                        "PreSize": {
                          "X": 0.7451,
                          "Y": 0.3699
                        },
                        "LeftMargin": 55.0,
                        "RightMargin": -3.0,
                        "TopMargin": 13.0627,
                        "BottomMargin": 32.9373,
                        "Tag": 47,
                        "ActionTag": -2051988036,
                        "Size": {
                          "X": 152.0,
                          "Y": 27.0
                        },
                        "Name": "txtName",
                        "ctype": "TextObjectData"
                      }
                    ],
                    "ActionTag": -2147043310,
                    "Size": {
                      "X": 204.0,
                      "Y": 73.0
                    },
                    "Name": "playerinfo",
                    "ctype": "ImageViewObjectData"
                  },
                  {
                    "FileData": {
                      "Type": "Normal",
                      "Path": "image/ui/hall/roomcard.png",
                      "Plist": ""
                    },
                    "BlendFunc": {
                      "Src": 1,
                      "Dst": 771
                    },
                    "AnchorPoint": {
                      "ScaleX": 0.5,
                      "ScaleY": 0.5
                    },
                    "Position": {
                      "X": 120.0,
                      "Y": -101.0
                    },
                    "Scale": {
                      "ScaleX": 1.0,
                      "ScaleY": 1.0
                    },
                    "CColor": {},
                    "IconVisible": false,
                    "PrePosition": {
                      "X": 0.0,
                      "Y": 0.0
                    },
                    "PreSize": {
                      "X": 0.0,
                      "Y": 0.0
                    },
                    "LeftMargin": 34.5,
                    "RightMargin": -205.5,
                    "TopMargin": 78.0,
                    "BottomMargin": -124.0,
                    "Tag": 45,
                    "Children": [
                      {
                        "FileData": {
                          "Type": "Normal",
                          "Path": "image/ui/hall/add.png",
                          "Plist": ""
                        },
                        "BlendFunc": {
                          "Src": 1,
                          "Dst": 771
                        },
                        "AnchorPoint": {
                          "ScaleX": 0.5,
                          "ScaleY": 0.5
                        },
                        "Position": {
                          "X": 163.179,
                          "Y": 24.007
                        },
                        "Scale": {
                          "ScaleX": 1.0,
                          "ScaleY": 1.0
                        },
                        "CColor": {},
                        "IconVisible": false,
                        "PrePosition": {
                          "X": 0.9543,
                          "Y": 0.5219
                        },
                        "PreSize": {
                          "X": 0.3041,
                          "Y": 1.1304
                        },
                        "LeftMargin": 137.179,
                        "RightMargin": -18.179,
                        "TopMargin": -4.007,
                        "BottomMargin": -1.993,
                        "Tag": 46,
                        "ActionTag": -953760022,
                        "Size": {
                          "X": 52.0,
                          "Y": 52.0
                        },
                        "Name": "add_3",
                        "ctype": "SpriteObjectData"
                      },
                      {
                        "FontSize": 28,
                        "LabelText": "100000",
                        "FontResource": {
                          "Type": "Normal",
                          "Path": "image/fonts/FZZY.TTF",
                          "Plist": ""
                        },
                        "HorizontalAlignmentType": "HT_Center",
                        "VerticalAlignmentType": "VT_Center",
                        "OutlineColor": {
                          "R": 0,
                          "G": 0,
                          "B": 0
                        },
                        "OutlineEnabled": true,
                        "ShadowColor": {
                          "R": 110,
                          "G": 110,
                          "B": 110
                        },
                        "ShadowOffsetX": 2.0,
                        "ShadowOffsetY": -2.0,
                        "AnchorPoint": {
                          "ScaleX": 0.5,
                          "ScaleY": 0.5
                        },
                        "Position": {
                          "X": 85.5,
                          "Y": 23.0
                        },
                        "Scale": {
                          "ScaleX": 1.0,
                          "ScaleY": 1.0
                        },
                        "CColor": {},
                        "IconVisible": false,
                        "PositionPercentXEnabled": true,
                        "PositionPercentYEnabled": true,
                        "PrePosition": {
                          "X": 0.5,
                          "Y": 0.5
                        },
                        "PreSize": {
                          "X": 0.5205,
                          "Y": 0.7391
                        },
                        "LeftMargin": 41.0,
                        "RightMargin": 41.0,
                        "TopMargin": 6.0,
                        "BottomMargin": 6.0,
                        "Tag": 48,
                        "ActionTag": 1719747266,
                        "Size": {
                          "X": 89.0,
                          "Y": 34.0
                        },
                        "Name": "txtCount",
                        "ctype": "TextObjectData"
                      },
                      {
                        "FileData": {
                          "Type": "Normal",
                          "Path": "image/ui/room2/fangka_bg.png",
                          "Plist": ""
                        },
                        "BlendFunc": {
                          "Src": 1,
                          "Dst": 771
                        },
                        "AnchorPoint": {
                          "ScaleX": 0.5,
                          "ScaleY": 0.5
                        },
                        "Position": {
                          "X": 7.6073,
                          "Y": 23.2473
                        },
                        "Scale": {
                          "ScaleX": 1.0,
                          "ScaleY": 1.0
                        },
                        "CColor": {},
                        "IconVisible": false,
                        "PrePosition": {
                          "X": 0.0445,
                          "Y": 0.5054
                        },
                        "PreSize": {
                          "X": 0.3801,
                          "Y": 0.913
                        },
                        "LeftMargin": -24.8927,
                        "RightMargin": 130.8927,
                        "TopMargin": 1.7527,
                        "BottomMargin": 2.2473,
                        "Tag": 178,
                        "ActionTag": -708164259,
                        "Size": {
                          "X": 65.0,
                          "Y": 42.0
                        },
                        "Name": "hall_card_3",
                        "ctype": "SpriteObjectData"
                      }
                    ],
                    "ActionTag": 1135549705,
                    "Size": {
                      "X": 171.0,
                      "Y": 46.0
                    },
                    "Name": "roomcard",
                    "ctype": "SpriteObjectData"
                  }
                ],
                "ActionTag": 314354714,
                "Size": {
                  "X": 0.0,
                  "Y": 0.0
                },
                "Name": "nInfo",
                "ctype": "SingleNodeObjectData"
              },
              {
                "ClipAble": false,
                "BackColorAlpha": 102,
                "SingleColor": {
                  "R": 150,
                  "G": 200
                },
                "FirstColor": {
                  "R": 150,
                  "G": 200
                },
                "EndColor": {},
                "ColorVector": {
                  "ScaleY": 1.0
                },
                "Scale9Width": 1,
                "Scale9Height": 1,
                "AnchorPoint": {},
                "Position": {
                  "X": 248.0,
                  "Y": 515.0
                },
                "Scale": {
                  "ScaleX": 1.0,
                  "ScaleY": 1.0
                },
                "CColor": {},
                "IconVisible": false,
                "PrePosition": {
                  "X": 0.1937,
                  "Y": 0.7153
                },
                "PercentWidthEnable": true,
                "PercentWidthEnabled": true,
                "PreSize": {
                  "X": 1.0,
                  "Y": 0.1111
                },
                "LeftMargin": 248.0,
                "RightMargin": -248.0,
                "TopMargin": 125.0,
                "BottomMargin": 515.0,
                "Tag": 56,
                "Children": [
                  {
                    "FileData": {
                      "Type": "Normal",
                      "Path": "image/ui/hall/bg_gg.png",
                      "Plist": ""
                    },
                    "Scale9OriginX": 33,
                    "Scale9OriginY": 13,
                    "Scale9Width": 37,
                    "Scale9Height": 14,
                    "AnchorPoint": {
                      "ScaleX": 0.5,
                      "ScaleY": 0.5
                    },
                    "Position": {
                      "X": 550.0,
                      "Y": 60.0
                    },
                    "Scale": {
                      "ScaleX": 1.0,
                      "ScaleY": 1.0
                    },
                    "CColor": {},
                    "IconVisible": false,
                    "PrePosition": {
                      "X": 0.4297,
                      "Y": 0.75
                    },
                    "PreSize": {
                      "X": 0.7031,
                      "Y": 0.5
                    },
                    "LeftMargin": 100.0,
                    "RightMargin": 280.0,
                    "BottomMargin": 40.0,
                    "Tag": 177,
                    "ActionTag": 636773629,
                    "Size": {
                      "X": 900.0,
                      "Y": 40.0
                    },
                    "Name": "bg_gg",
                    "ctype": "ImageViewObjectData"
                  },
                  {
                    "ClipAble": true,
                    "SingleColor": {
                      "R": 150,
                      "G": 200
                    },
                    "FirstColor": {
                      "R": 150,
                      "G": 200
                    },
                    "EndColor": {},
                    "ColorVector": {
                      "ScaleY": 1.0
                    },
                    "Scale9Width": 1,
                    "Scale9Height": 1,
                    "TouchEnable": true,
                    "AnchorPoint": {},
                    "Position": {
                      "X": 222.3877,
                      "Y": 38.5862
                    },
                    "Scale": {
                      "ScaleX": 1.0,
                      "ScaleY": 1.0
                    },
                    "CColor": {},
                    "IconVisible": false,
                    "PrePosition": {
                      "X": 0.1737,
                      "Y": 0.4823
                    },
                    "PreSize": {
                      "X": 0.5781,
                      "Y": 0.5
                    },
                    "LeftMargin": 222.3877,
                    "RightMargin": 317.6123,
                    "TopMargin": 1.4138,
                    "BottomMargin": 38.5862,
                    "Tag": 97,
                    "ActionTag": -2106360144,
                    "Size": {
                      "X": 740.0,
                      "Y": 40.0
                    },
                    "Name": "speakepanel",
                    "ctype": "PanelObjectData"
                  }
                ],
                "ActionTag": -1290867466,
                "Size": {
                  "X": 1280.0,
                  "Y": 80.0
                },
                "Alpha": 244,
                "Name": "speaker",
                "ctype": "PanelObjectData"
              }
            ],
            "ActionTag": -19823566,
            "Size": {
              "X": 1280.0,
              "Y": 720.0
            },
            "Name": "bg",
            "ctype": "ImageViewObjectData"
          },
          {
            "FontSize": 14,
            "ButtonText": "",
            "TextColor": {
              "R": 65,
              "G": 65,
              "B": 70
            },
            "DisabledFileData": {
              "Type": "Normal",
              "Path": "image/ui/hall/btn_yaoqing.png",
              "Plist": ""
            },
            "PressedFileData": {
              "Type": "Normal",
              "Path": "image/ui/hall/btn_yaoqing.png",
              "Plist": ""
            },
            "NormalFileData": {
              "Type": "Normal",
              "Path": "image/ui/hall/btn_yaoqing.png",
              "Plist": ""
            },
            "Scale9Enable": true,
            "Scale9OriginX": 15,
            "Scale9OriginY": 11,
            "Scale9Width": 47,
            "Scale9Height": 56,
            "OutlineColor": {
              "G": 0,
              "B": 0
            },
            "ShadowColor": {
              "R": 110,
              "G": 110,
              "B": 110
            },
            "ShadowOffsetX": 2.0,
            "ShadowOffsetY": -2.0,
            "TouchEnable": true,
            "AnchorPoint": {
              "ScaleX": 0.5,
              "ScaleY": 0.5
            },
            "Position": {
              "X": 395.6894,
              "Y": 466.1418
            },
            "Scale": {
              "ScaleX": 1.0,
              "ScaleY": 1.0
            },
            "CColor": {},
            "IconVisible": false,
            "PrePosition": {
              "X": 0.3091,
              "Y": 0.6474
            },
            "PreSize": {
              "X": 0.0602,
              "Y": 0.1083
            },
            "LeftMargin": 357.1894,
            "RightMargin": 845.8106,
            "TopMargin": 214.8582,
            "BottomMargin": 427.1418,
            "Tag": 54,
            "ActionTag": 2103095955,
            "Size": {
              "X": 77.0,
              "Y": 78.0
            },
            "VisibleForFrame": false,
            "Name": "btn_yaoqing",
            "ctype": "ButtonObjectData"
          },
          {
            "FileData": {
              "Type": "Normal",
              "Path": "image/ui/Verified/icon.png",
              "Plist": ""
            },
            "BlendFunc": {
              "Src": 1,
              "Dst": 771
            },
            "AnchorPoint": {
              "ScaleX": 0.5,
              "ScaleY": 0.5
            },
            "Position": {
              "X": 663.0103,
              "Y": 43.1642
            },
            "Scale": {
              "ScaleX": 1.0,
              "ScaleY": 1.0
            },
            "CColor": {},
            "IconVisible": false,
            "PrePosition": {
              "X": 0.518,
              "Y": 0.06
            },
            "PreSize": {
              "X": 0.1031,
              "Y": 0.0806
            },
            "LeftMargin": 597.0103,
            "RightMargin": 550.9897,
            "TopMargin": 647.8358,
            "BottomMargin": 14.1642,
            "Tag": 106,
            "ActionTag": -1750649015,
            "Size": {
              "X": 132.0,
              "Y": 58.0
            },
            "Name": "btn_verify",
            "ctype": "SpriteObjectData"
          },
          {
            "FileData": {
              "Type": "Normal",
              "Path": "appCommon/fydp/common/transparent/transparent_80x80.png",
              "Plist": ""
            },
            "BlendFunc": {
              "Src": 1,
              "Dst": 771
            },
            "AnchorPoint": {
              "ScaleX": 0.5,
              "ScaleY": 0.5
            },
            "Position": {
              "X": 362.3346,
              "Y": 555.2945
            },
            "Scale": {
              "ScaleX": 0.8,
              "ScaleY": 0.8
            },
            "CColor": {},
            "IconVisible": false,
            "PrePosition": {
              "X": 0.2831,
              "Y": 0.7712
            },
            "PreSize": {
              "X": 0.0625,
              "Y": 0.1111
            },
            "LeftMargin": 322.3346,
            "RightMargin": 877.6654,
            "TopMargin": 124.7055,
            "BottomMargin": 515.2945,
            "Tag": 78,
            "ActionTag": 624127737,
            "Size": {
              "X": 80.0,
              "Y": 80.0
            },
            "Name": "lottery",
            "ctype": "SpriteObjectData"
          },
          {
            "FileData": {
              "Type": "Normal",
              "Path": "image/ui/wxshop/yaoqingma2.png",
              "Plist": ""
            },
            "BlendFunc": {
              "Src": 1,
              "Dst": 771
            },
            "AnchorPoint": {
              "ScaleX": 0.5,
              "ScaleY": 0.5
            },
            "Position": {
              "X": 530.6609,
              "Y": 48.1642
            },
            "Scale": {
              "ScaleX": 1.0,
              "ScaleY": 1.0
            },
            "CColor": {},
            "IconVisible": false,
            "PrePosition": {
              "X": 0.4146,
              "Y": 0.0669
            },
            "PreSize": {
              "X": 0.0984,
              "Y": 0.0944
            },
            "LeftMargin": 467.6609,
            "RightMargin": 686.3391,
            "TopMargin": 637.8358,
            "BottomMargin": 14.1642,
            "Tag": 465,
            "ActionTag": -213999568,
            "Size": {
              "X": 126.0,
              "Y": 68.0
            },
            "Name": "binding",
            "ctype": "SpriteObjectData"
          },
          {
            "FontSize": 30,
            "LabelText": "正在加入房间请等待.......20秒",
            "HorizontalAlignmentType": "HT_Center",
            "OutlineColor": {
              "G": 0,
              "B": 0
            },
            "ShadowColor": {
              "R": 110,
              "G": 110,
              "B": 110
            },
            "ShadowOffsetX": 2.0,
            "ShadowOffsetY": -2.0,
            "AnchorPoint": {
              "ScaleX": 0.5,
              "ScaleY": 0.5
            },
            "Position": {
              "X": 624.0,
              "Y": 559.08
            },
            "Scale": {
              "ScaleX": 1.0,
              "ScaleY": 1.0
            },
            "CColor": {
              "R": 0,
              "G": 0,
              "B": 0
            },
            "IconVisible": false,
            "PositionPercentXEnabled": true,
            "PositionPercentYEnabled": true,
            "PrePosition": {
              "X": 0.4875,
              "Y": 0.7765
            },
            "PreSize": {
              "X": 0.3063,
              "Y": 0.0472
            },
            "LeftMargin": 428.0,
            "RightMargin": 460.0,
            "TopMargin": 143.92,
            "BottomMargin": 542.08,
            "Tag": 44,
            "ActionTag": 1552531053,
            "Size": {
              "X": 392.0,
              "Y": 34.0
            },
            "VisibleForFrame": false,
            "Name": "joinRommTime",
            "ctype": "TextObjectData"
          },
          {
            "FileData": {
              "Type": "Normal",
              "Path": "image/ui/room2/shoprow1.png",
              "Plist": ""
            },
            "BlendFunc": {
              "Src": 1,
              "Dst": 771
            },
            "AnchorPoint": {
              "ScaleX": 0.5,
              "ScaleY": 0.5
            },
            "Position": {
              "X": 133.1475,
              "Y": 56.4319
            },
            "Scale": {
              "ScaleX": 1.0,
              "ScaleY": 1.0
            },
            "CColor": {},
            "IconVisible": false,
            "PrePosition": {
              "X": 0.104,
              "Y": 0.0784
            },
            "PreSize": {
              "X": 0.0359,
              "Y": 0.0944
            },
            "LeftMargin": 110.1475,
            "RightMargin": 1123.8525,
            "TopMargin": 629.5681,
            "BottomMargin": 22.4319,
            "Tag": 57,
            "ActionTag": -980766343,
            "Size": {
              "X": 46.0,
              "Y": 68.0
            },
            "Name": "shoprow1",
            "ctype": "SpriteObjectData"
          },
          {
            "FileData": {
              "Type": "Normal",
              "Path": "image/ui/room2/shoprow2.png",
              "Plist": ""
            },
            "BlendFunc": {
              "Src": 1,
              "Dst": 771
            },
            "AnchorPoint": {
              "ScaleX": 0.5,
              "ScaleY": 0.5
            },
            "Position": {
              "X": 104.0243,
              "Y": 56.4319
            },
            "Scale": {
              "ScaleX": 1.0,
              "ScaleY": 1.0
            },
            "CColor": {},
            "IconVisible": false,
            "PrePosition": {
              "X": 0.0813,
              "Y": 0.0784
            },
            "PreSize": {
              "X": 0.0359,
              "Y": 0.0944
            },
            "LeftMargin": 81.0243,
            "RightMargin": 1152.9757,
            "TopMargin": 629.5681,
            "BottomMargin": 22.4319,
            "Tag": 58,
            "ActionTag": 1674758219,
            "Size": {
              "X": 46.0,
              "Y": 68.0
            },
            "Name": "shoprow2",
            "ctype": "SpriteObjectData"
          },
          {
            "FileData": {
              "Type": "Normal",
              "Path": "image/ui/room2/shoprow3.png",
              "Plist": ""
            },
            "BlendFunc": {
              "Src": 1,
              "Dst": 771
            },
            "AnchorPoint": {
              "ScaleX": 0.5,
              "ScaleY": 0.5
            },
            "Position": {
              "X": 75.9006,
              "Y": 56.4317
            },
            "Scale": {
              "ScaleX": 1.0,
              "ScaleY": 1.0
            },
            "CColor": {},
            "IconVisible": false,
            "PrePosition": {
              "X": 0.0593,
              "Y": 0.0784
            },
            "PreSize": {
              "X": 0.0359,
              "Y": 0.0944
            },
            "LeftMargin": 52.9006,
            "RightMargin": 1181.0994,
            "TopMargin": 629.5683,
            "BottomMargin": 22.4317,
            "Tag": 59,
            "ActionTag": 602162093,
            "Size": {
              "X": 46.0,
              "Y": 68.0
            },
            "Name": "shoprow3",
            "ctype": "SpriteObjectData"
          },
          {
            "FileData": {
              "Type": "Normal",
              "Path": "image/ui/hall/btn_club.png",
              "Plist": ""
            },
            "BlendFunc": {
              "Src": 1,
              "Dst": 771
            },
            "AnchorPoint": {
              "ScaleX": 0.5,
              "ScaleY": 0.5
            },
            "Position": {
              "X": 67.2525,
              "Y": 405.6833
            },
            "Scale": {
              "ScaleX": 1.0,
              "ScaleY": 1.0
            },
            "CColor": {},
            "IconVisible": false,
            "PrePosition": {
              "X": 0.0525,
              "Y": 0.5634
            },
            "PreSize": {
              "X": 0.0539,
              "Y": 0.2778
            },
            "LeftMargin": 32.7525,
            "RightMargin": 1178.2476,
            "TopMargin": 214.3167,
            "BottomMargin": 305.6833,
            "Tag": 397,
            "ActionTag": 362634567,
            "Size": {
              "X": 69.0,
              "Y": 200.0
            },
            "Name": "btn_club",
            "ctype": "SpriteObjectData"
          },
          {
            "FileData": {
              "Type": "Normal",
              "Path": "image/ui/hall/title_roomcreate_kaokao.png",
              "Plist": ""
            },
            "BlendFunc": {
              "Src": 1,
              "Dst": 771
            },
            "AnchorPoint": {
              "ScaleX": 0.5,
              "ScaleY": 0.5
            },
            "Position": {
              "X": 149.9979,
              "Y": -101.4268
            },
            "Scale": {
              "ScaleX": 1.0,
              "ScaleY": 1.0
            },
            "CColor": {},
            "IconVisible": false,
            "PrePosition": {
              "X": 0.1172,
              "Y": -0.1409
            },
            "PreSize": {
              "X": 0.1758,
              "Y": 0.1611
            },
            "LeftMargin": 37.4979,
            "RightMargin": 1017.5021,
            "TopMargin": 763.4268,
            "BottomMargin": -159.4268,
            "Tag": 299,
            "ActionTag": -205806960,
            "Size": {
              "X": 225.0,
              "Y": 116.0
            },
            "Name": "debugcreateroom",
            "ctype": "SpriteObjectData"
          },
          {
            "FileData": {
              "Type": "Normal",
              "Path": "image/ui/hall/btn_shengming.png",
              "Plist": ""
            },
            "BlendFunc": {
              "Src": 1,
              "Dst": 771
            },
            "AnchorPoint": {
              "ScaleX": 0.5,
              "ScaleY": 0.5
            },
            "Position": {
              "X": 796.4495,
              "Y": 48.7321
            },
            "Scale": {
              "ScaleX": 1.0,
              "ScaleY": 1.0
            },
            "CColor": {},
            "IconVisible": false,
            "PrePosition": {
              "X": 0.6222,
              "Y": 0.0677
            },
            "PreSize": {
              "X": 0.0992,
              "Y": 0.1056
            },
            "LeftMargin": 732.9495,
            "RightMargin": 420.0505,
            "TopMargin": 633.2679,
            "BottomMargin": 10.7321,
            "Tag": 57,
            "ActionTag": -1848331017,
            "Size": {
              "X": 127.0,
              "Y": 76.0
            },
            "Name": "btn_notice",
            "ctype": "SpriteObjectData"
          }
        ],
        "Size": {
          "X": 1280.0,
          "Y": 720.0
        },
        "Name": "Layer",
        "ctype": "LayerObjectData"
      },
      "UsedResources": [
        "../../appCommon/fydp/common/transparent/transparent_80x80.png",
        "../../image/fonts/FZZY.TTF",
        "../../image/ui/hall/add.png",
        "../../image/ui/hall/bg_gg.png",
        "../../image/ui/hall/btn_club.png",
        "../../image/ui/hall/btn_shengming.png",
        "../../image/ui/hall/btn_yaoqing.png",
        "../../image/ui/hall/club_redbg.png",
        "../../image/ui/hall/hall_daikai.png",
        "../../image/ui/hall/hall_title_ndw.png",
        "../../image/ui/hall/hall_yikai.png",
        "../../image/ui/hall/join.png",
        "../../image/ui/hall/joinbg.png",
        "../../image/ui/hall/roomcard.png",
        "../../image/ui/hall/roomcreate_huzi.png",
        "../../image/ui/hall/roomcreate_kaokao.png",
        "../../image/ui/hall/roomcreate_majiang.png",
        "../../image/ui/hall/roomcreate_niuniu.png",
        "../../image/ui/hall/roomcreate_pdk.png",
        "../../image/ui/hall/roomcreate_psz.png",
        "../../image/ui/hall/title_roomcreate_huzi.png",
        "../../image/ui/hall/title_roomcreate_kaokao.png",
        "../../image/ui/hall/title_roomcreate_majiang.png",
        "../../image/ui/hall/title_roomcreate_niuniu.png",
        "../../image/ui/hall/title_roomcreate_pdk.png",
        "../../image/ui/hall/title_roomcreate_psz.png",
        "../../image/ui/head/head_72x72.png",
        "../../image/ui/head/transparent_72x72.png",
        "../../image/ui/login/bg.jpg",
        "../../image/ui/room2/fangka_bg.png",
        "../../image/ui/room2/icon_dc.png",
        "../../image/ui/room2/icon_fw.png",
        "../../image/ui/room2/icon_huodong.png",
        "../../image/ui/room2/icon_share.png",
        "../../image/ui/room2/icon_shop.png",
        "../../image/ui/room2/icon_sz.png",
        "../../image/ui/room2/icon_zj.png",
        "../../image/ui/room2/shoprow1.png",
        "../../image/ui/room2/shoprow2.png",
        "../../image/ui/room2/shoprow3.png",
        "../../image/ui/Verified/icon.png",
        "../../image/ui/wxshop/yaoqingma2.png"
      ],
      "ctype": "GameFileData"
    }
  },
  "Type": "Layer"
}