{
  "ID": "3f5d60dc-3a4f-4cfb-ab0a-69e03515e6aa",
  "Version": "3.10.0.0",
  "Name": "PlayerInfo",
  "Content": {
    "Content": {
      "Animation": {
        "Duration": 0,
        "Speed": 1.0,
        "Timelines": [],
        "ctype": "TimelineActionData"
      },
      "AnimationList": [],
      "ObjectData": {
        "Tag": 460,
        "Children": [
          {
            "ClipAble": false,
            "BackColorAlpha": 127,
            "ComboBoxIndex": 1,
            "SingleColor": {
              "R": 0,
              "G": 0,
              "B": 0
            },
            "FirstColor": {
              "R": 150,
              "G": 200
            },
            "EndColor": {},
            "ColorVector": {
              "ScaleY": 1.0
            },
            "Scale9Width": 1,
            "Scale9Height": 1,
            "TouchEnable": true,
            "AnchorPoint": {},
            "Position": {
              "X": 0.0,
              "Y": 0.0
            },
            "Scale": {
              "ScaleX": 1.0,
              "ScaleY": 1.0
            },
            "CColor": {},
            "IconVisible": false,
            "PrePosition": {
              "X": 0.0,
              "Y": 0.0
            },
            "PercentWidthEnable": true,
            "PercentHeightEnable": true,
            "PercentWidthEnabled": true,
            "PercentHeightEnabled": true,
            "PreSize": {
              "X": 1.0,
              "Y": 1.0
            },
            "Tag": 461,
            "Children": [
              {
                "FileData": {
                  "Type": "Normal",
                  "Path": "image/ui/common/transparent_1280x720.png",
                  "Plist": ""
                },
                "BlendFunc": {
                  "Src": 1,
                  "Dst": 771
                },
                "AnchorPoint": {},
                "Position": {
                  "X": 0.0,
                  "Y": 0.0
                },
                "Scale": {
                  "ScaleX": 1.0,
                  "ScaleY": 1.0
                },
                "CColor": {},
                "IconVisible": false,
                "PositionPercentXEnabled": true,
                "PositionPercentYEnabled": true,
                "PrePosition": {
                  "X": 0.0,
                  "Y": 0.0
                },
                "PreSize": {
                  "X": 1.0,
                  "Y": 1.0
                },
                "Tag": 462,
                "ActionTag": 2010888592,
                "Size": {
                  "X": 1280.0,
                  "Y": 720.0
                },
                "Name": "fake_root",
                "ctype": "SpriteObjectData"
              },
              {
                "ClipAble": false,
                "BackColorAlpha": 102,
                "SingleColor": {
                  "R": 150,
                  "G": 200
                },
                "FirstColor": {
                  "R": 150,
                  "G": 200
                },
                "EndColor": {},
                "ColorVector": {
                  "ScaleY": 1.0
                },
                "Scale9Width": 1,
                "Scale9Height": 1,
                "TouchEnable": true,
                "AnchorPoint": {
                  "ScaleX": 0.5
                },
                "Position": {
                  "X": 640.0,
                  "Y": 270.3397
                },
                "Scale": {
                  "ScaleX": 1.0,
                  "ScaleY": 1.0
                },
                "CColor": {},
                "IconVisible": false,
                "PositionPercentXEnabled": true,
                "PrePosition": {
                  "X": 0.5,
                  "Y": 0.3755
                },
                "PreSize": {
                  "X": 0.5469,
                  "Y": 0.4861
                },
                "LeftMargin": 290.0,
                "RightMargin": 290.0,
                "TopMargin": 99.6603,
                "BottomMargin": 270.3397,
                "Tag": 589,
                "Children": [
                  {
                    "FileData": {
                      "Type": "Normal",
                      "Path": "appCommon/fydp/common/player_info_bg.png",
                      "Plist": ""
                    },
                    "Scale9Enable": true,
                    "Scale9OriginX": 174,
                    "Scale9OriginY": 64,
                    "Scale9Width": 180,
                    "Scale9Height": 67,
                    "AnchorPoint": {
                      "ScaleX": 0.5,
                      "ScaleY": 0.5
                    },
                    "Position": {
                      "X": 350.0,
                      "Y": 175.0
                    },
                    "Scale": {
                      "ScaleX": 1.0,
                      "ScaleY": 1.0
                    },
                    "CColor": {},
                    "IconVisible": false,
                    "PositionPercentXEnabled": true,
                    "PositionPercentYEnabled": true,
                    "PrePosition": {
                      "X": 0.5,
                      "Y": 0.5
                    },
                    "PreSize": {
                      "X": 1.0,
                      "Y": 1.0
                    },
                    "Tag": 177,
                    "ActionTag": 1283949361,
                    "Size": {
                      "X": 700.0,
                      "Y": 350.0
                    },
                    "Name": "bg",
                    "ctype": "ImageViewObjectData"
                  },
                  {
                    "FileData": {
                      "Type": "Normal",
                      "Path": "image/ui/hall/get_gps.png",
                      "Plist": ""
                    },
                    "BlendFunc": {
                      "Src": 1,
                      "Dst": 771
                    },
                    "AnchorPoint": {
                      "ScaleX": 0.5,
                      "ScaleY": 0.5
                    },
                    "Position": {
                      "X": 657.7162,
                      "Y": 305.3929
                    },
                    "Scale": {
                      "ScaleX": 1.2,
                      "ScaleY": 1.2
                    },
                    "CColor": {},
                    "IconVisible": false,
                    "PrePosition": {
                      "X": 0.9396,
                      "Y": 0.8726
                    },
                    "PreSize": {
                      "X": 0.0514,
                      "Y": 0.1371
                    },
                    "LeftMargin": 639.7162,
                    "RightMargin": 24.2838,
                    "TopMargin": 20.6071,
                    "BottomMargin": 281.3929,
                    "Tag": 330,
                    "ActionTag": -327751118,
                    "Size": {
                      "X": 36.0,
                      "Y": 48.0
                    },
                    "Name": "get_gps",
                    "ctype": "SpriteObjectData"
                  },
                  {
                    "FontSize": 14,
                    "ButtonText": "",
                    "TextColor": {
                      "R": 65,
                      "G": 65,
                      "B": 70
                    },
                    "DisabledFileData": {
                      "Type": "Normal",
                      "Path": "image/ui/common/shock.png",
                      "Plist": ""
                    },
                    "PressedFileData": {
                      "Type": "Normal",
                      "Path": "image/ui/common/shock.png",
                      "Plist": ""
                    },
                    "NormalFileData": {
                      "Type": "Normal",
                      "Path": "image/ui/common/shock.png",
                      "Plist": ""
                    },
                    "Scale9Enable": true,
                    "Scale9OriginX": 15,
                    "Scale9OriginY": 11,
                    "Scale9Width": 34,
                    "Scale9Height": 42,
                    "OutlineColor": {
                      "G": 0,
                      "B": 0
                    },
                    "ShadowColor": {
                      "R": 110,
                      "G": 110,
                      "B": 110
                    },
                    "ShadowOffsetX": 2.0,
                    "ShadowOffsetY": -2.0,
                    "TouchEnable": true,
                    "AnchorPoint": {
                      "ScaleX": 0.5,
                      "ScaleY": 0.5
                    },
                    "Position": {
                      "X": 564.447,
                      "Y": 244.7716
                    },
                    "Scale": {
                      "ScaleX": 1.0,
                      "ScaleY": 1.0
                    },
                    "CColor": {},
                    "IconVisible": false,
                    "PrePosition": {
                      "X": 0.8064,
                      "Y": 0.6993
                    },
                    "PreSize": {
                      "X": 0.0914,
                      "Y": 0.1829
                    },
                    "LeftMargin": 532.447,
                    "RightMargin": 103.553,
                    "TopMargin": 73.2284,
                    "BottomMargin": 212.7716,
                    "Tag": 464,
                    "ActionTag": 567747151,
                    "Size": {
                      "X": 64.0,
                      "Y": 64.0
                    },
                    "VisibleForFrame": false,
                    "Name": "shake_btn",
                    "ctype": "ButtonObjectData"
                  },
                  {
                    "FileData": {
                      "Type": "Normal",
                      "Path": "image/ui/head/transparent_132x132.png",
                      "Plist": ""
                    },
                    "BlendFunc": {
                      "Src": 1,
                      "Dst": 771
                    },
                    "AnchorPoint": {
                      "ScaleX": 0.5,
                      "ScaleY": 0.5
                    },
                    "Position": {
                      "X": 89.1136,
                      "Y": 264.2079
                    },
                    "Scale": {
                      "ScaleX": 1.0,
                      "ScaleY": 1.0
                    },
                    "CColor": {},
                    "IconVisible": false,
                    "PrePosition": {
                      "X": 0.1273,
                      "Y": 0.7549
                    },
                    "PreSize": {
                      "X": 0.1714,
                      "Y": 0.3429
                    },
                    "LeftMargin": 29.1136,
                    "RightMargin": 550.8865,
                    "TopMargin": 25.7921,
                    "BottomMargin": 204.2079,
                    "Tag": 465,
                    "ActionTag": -83194203,
                    "Size": {
                      "X": 120.0,
                      "Y": 120.0
                    },
                    "Name": "head",
                    "ctype": "SpriteObjectData"
                  },
                  {
                    "FileData": {
                      "Type": "Normal",
                      "Path": "image/ui/head/head_132x132.png",
                      "Plist": ""
                    },
                    "BlendFunc": {
                      "Src": 1,
                      "Dst": 771
                    },
                    "AnchorPoint": {
                      "ScaleX": 0.5,
                      "ScaleY": 0.5
                    },
                    "Position": {
                      "X": 89.114,
                      "Y": 264.2087
                    },
                    "Scale": {
                      "ScaleX": 0.96,
                      "ScaleY": 0.96
                    },
                    "CColor": {},
                    "IconVisible": false,
                    "PrePosition": {
                      "X": 0.1273,
                      "Y": 0.7549
                    },
                    "PreSize": {
                      "X": 0.1886,
                      "Y": 0.3771
                    },
                    "LeftMargin": 23.114,
                    "RightMargin": 544.886,
                    "TopMargin": 19.7913,
                    "BottomMargin": 198.2087,
                    "Tag": 466,
                    "ActionTag": -498565226,
                    "Size": {
                      "X": 132.0,
                      "Y": 132.0
                    },
                    "Name": "info",
                    "ctype": "SpriteObjectData"
                  },
                  {
                    "FileData": {
                      "Type": "Normal",
                      "Path": "image/ui/room/male.png",
                      "Plist": ""
                    },
                    "BlendFunc": {
                      "Src": 1,
                      "Dst": 771
                    },
                    "AnchorPoint": {
                      "ScaleX": 0.5,
                      "ScaleY": 0.5
                    },
                    "Position": {
                      "X": 212.2769,
                      "Y": 303.7238
                    },
                    "Scale": {
                      "ScaleX": 1.0,
                      "ScaleY": 1.0
                    },
                    "CColor": {},
                    "IconVisible": false,
                    "PrePosition": {
                      "X": 0.3033,
                      "Y": 0.8678
                    },
                    "PreSize": {
                      "X": 0.0271,
                      "Y": 0.0686
                    },
                    "LeftMargin": 202.7769,
                    "RightMargin": 478.2231,
                    "TopMargin": 34.2762,
                    "BottomMargin": 291.7238,
                    "Tag": 467,
                    "ActionTag": -272568523,
                    "Size": {
                      "X": 19.0,
                      "Y": 24.0
                    },
                    "Name": "male",
                    "ctype": "SpriteObjectData"
                  },
                  {
                    "FileData": {
                      "Type": "Normal",
                      "Path": "image/ui/room/female.png",
                      "Plist": ""
                    },
                    "BlendFunc": {
                      "Src": 1,
                      "Dst": 771
                    },
                    "AnchorPoint": {
                      "ScaleX": 0.5,
                      "ScaleY": 0.5
                    },
                    "Position": {
                      "X": 212.2769,
                      "Y": 303.7238
                    },
                    "Scale": {
                      "ScaleX": 1.0,
                      "ScaleY": 1.0
                    },
                    "CColor": {},
                    "IconVisible": false,
                    "PrePosition": {
                      "X": 0.3033,
                      "Y": 0.8678
                    },
                    "PreSize": {
                      "X": 0.0271,
                      "Y": 0.0686
                    },
                    "LeftMargin": 202.7769,
                    "RightMargin": 478.2231,
                    "TopMargin": 34.2762,
                    "BottomMargin": 291.7238,
                    "Tag": 468,
                    "ActionTag": -1420107484,
                    "Size": {
                      "X": 19.0,
                      "Y": 24.0
                    },
                    "Name": "female",
                    "ctype": "SpriteObjectData"
                  },
                  {
                    "IsCustomSize": true,
                    "FontSize": 36,
                    "LabelText": "王小明王小明",
                    "FontResource": {
                      "Type": "Normal",
                      "Path": "image/fonts/FZZY.TTF",
                      "Plist": ""
                    },
                    "OutlineColor": {
                      "R": 123,
                      "G": 97,
                      "B": 0
                    },
                    "ShadowColor": {
                      "R": 110,
                      "G": 110,
                      "B": 110
                    },
                    "ShadowOffsetX": 1.0,
                    "ShadowOffsetY": -1.0,
                    "AnchorPoint": {
                      "ScaleX": 0.4709,
                      "ScaleY": 0.7967
                    },
                    "Position": {
                      "X": 337.0007,
                      "Y": 314.4302
                    },
                    "Scale": {
                      "ScaleX": 1.0,
                      "ScaleY": 1.0
                    },
                    "CColor": {
                      "R": 197,
                      "G": 213
                    },
                    "IconVisible": false,
                    "PrePosition": {
                      "X": 0.4814,
                      "Y": 0.8984
                    },
                    "PreSize": {
                      "X": 0.3114,
                      "Y": 0.1171
                    },
                    "LeftMargin": 234.3445,
                    "RightMargin": 247.6555,
                    "TopMargin": 27.2345,
                    "BottomMargin": 281.7655,
                    "Tag": 469,
                    "ActionTag": -1907655984,
                    "Size": {
                      "X": 218.0,
                      "Y": 41.0
                    },
                    "Name": "lb_nickname",
                    "ctype": "TextObjectData"
                  },
                  {
                    "IsCustomSize": true,
                    "FontSize": 30,
                    "LabelText": "123456789",
                    "FontResource": {
                      "Type": "Normal",
                      "Path": "image/fonts/FZZY.TTF",
                      "Plist": ""
                    },
                    "OutlineColor": {
                      "G": 0,
                      "B": 0
                    },
                    "ShadowColor": {
                      "R": 110,
                      "G": 110,
                      "B": 110
                    },
                    "ShadowOffsetX": 2.0,
                    "ShadowOffsetY": -2.0,
                    "AnchorPoint": {
                      "ScaleX": 0.5,
                      "ScaleY": 0.5
                    },
                    "Position": {
                      "X": 296.897,
                      "Y": 258.6778
                    },
                    "Scale": {
                      "ScaleX": 1.0,
                      "ScaleY": 1.0
                    },
                    "CColor": {
                      "R": 197,
                      "G": 213
                    },
                    "IconVisible": false,
                    "PrePosition": {
                      "X": 0.4241,
                      "Y": 0.7391
                    },
                    "PreSize": {
                      "X": 0.2,
                      "Y": 0.0971
                    },
                    "LeftMargin": 226.897,
                    "RightMargin": 333.103,
                    "TopMargin": 74.3222,
                    "BottomMargin": 241.6778,
                    "Tag": 470,
                    "ActionTag": 1571228787,
                    "Size": {
                      "X": 140.0,
                      "Y": 34.0
                    },
                    "Name": "lb_id",
                    "ctype": "TextObjectData"
                  },
                  {
                    "IsCustomSize": true,
                    "FontSize": 30,
                    "LabelText": "255.255.255.2551",
                    "FontResource": {
                      "Type": "Normal",
                      "Path": "image/fonts/FZZY.TTF",
                      "Plist": ""
                    },
                    "OutlineColor": {
                      "G": 0,
                      "B": 0
                    },
                    "ShadowColor": {
                      "R": 110,
                      "G": 110,
                      "B": 110
                    },
                    "ShadowOffsetX": 2.0,
                    "ShadowOffsetY": -2.0,
                    "AnchorPoint": {
                      "ScaleX": 0.5,
                      "ScaleY": 0.5
                    },
                    "Position": {
                      "X": 513.9229,
                      "Y": 258.6778
                    },
                    "Scale": {
                      "ScaleX": 1.0,
                      "ScaleY": 1.0
                    },
                    "CColor": {
                      "R": 197,
                      "G": 213
                    },
                    "IconVisible": false,
                    "PrePosition": {
                      "X": 0.7342,
                      "Y": 0.7391
                    },
                    "PreSize": {
                      "X": 0.3243,
                      "Y": 0.0971
                    },
                    "LeftMargin": 400.4229,
                    "RightMargin": 72.5771,
                    "TopMargin": 74.3222,
                    "BottomMargin": 241.6778,
                    "Tag": 471,
                    "ActionTag": -1345506205,
                    "Size": {
                      "X": 227.0,
                      "Y": 34.0
                    },
                    "Name": "lb_ip",
                    "ctype": "TextObjectData"
                  },
                  {
                    "IsCustomSize": true,
                    "FontSize": 30,
                    "LabelText": "中国北京市朝阳区清河中街莲花乡池水沟子镇----------",
                    "FontResource": {
                      "Type": "Normal",
                      "Path": "image/fonts/FZZY.TTF",
                      "Plist": ""
                    },
                    "OutlineColor": {
                      "G": 0,
                      "B": 0
                    },
                    "ShadowColor": {
                      "R": 110,
                      "G": 110,
                      "B": 110
                    },
                    "ShadowOffsetX": 2.0,
                    "ShadowOffsetY": -2.0,
                    "AnchorPoint": {
                      "ScaleX": 0.5,
                      "ScaleY": 0.5
                    },
                    "Position": {
                      "X": 438.0389,
                      "Y": 192.8242
                    },
                    "Scale": {
                      "ScaleX": 1.0,
                      "ScaleY": 1.0
                    },
                    "CColor": {
                      "R": 197,
                      "G": 213
                    },
                    "IconVisible": false,
                    "PrePosition": {
                      "X": 0.6258,
                      "Y": 0.5509
                    },
                    "PreSize": {
                      "X": 0.6,
                      "Y": 0.2286
                    },
                    "LeftMargin": 228.0389,
                    "RightMargin": 51.9611,
                    "TopMargin": 117.1758,
                    "BottomMargin": 152.8242,
                    "Tag": 472,
                    "ActionTag": 425318874,
                    "Size": {
                      "X": 420.0,
                      "Y": 80.0
                    },
                    "Name": "lb_ad",
                    "ctype": "TextObjectData"
                  },
                  {
                    "IsCustomSize": true,
                    "FontSize": 24,
                    "LabelText": "距离：000000000000米",
                    "FontResource": {
                      "Type": "Normal",
                      "Path": "image/fonts/FZZY.TTF",
                      "Plist": ""
                    },
                    "OutlineColor": {
                      "G": 0,
                      "B": 0
                    },
                    "ShadowColor": {
                      "R": 110,
                      "G": 110,
                      "B": 110
                    },
                    "ShadowOffsetX": 2.0,
                    "ShadowOffsetY": -2.0,
                    "AnchorPoint": {
                      "ScaleX": 0.5,
                      "ScaleY": 0.5
                    },
                    "Position": {
                      "X": 213.1799,
                      "Y": 173.3538
                    },
                    "Scale": {
                      "ScaleX": 1.0,
                      "ScaleY": 1.0
                    },
                    "CColor": {
                      "R": 165,
                      "G": 42,
                      "B": 42
                    },
                    "IconVisible": false,
                    "PrePosition": {
                      "X": 0.3045,
                      "Y": 0.4953
                    },
                    "PreSize": {
                      "X": 0.5714,
                      "Y": 0.0857
                    },
                    "LeftMargin": 13.1799,
                    "RightMargin": 286.8201,
                    "TopMargin": 161.6462,
                    "BottomMargin": 158.3538,
                    "Tag": 473,
                    "ActionTag": -1928501080,
                    "Size": {
                      "X": 400.0,
                      "Y": 30.0
                    },
                    "Name": "lb_dt",
                    "ctype": "TextObjectData"
                  },
                  {
                    "FileData": {
                      "Type": "Normal",
                      "Path": "image/ui/room/icon_ip.png",
                      "Plist": ""
                    },
                    "BlendFunc": {
                      "Src": 1,
                      "Dst": 771
                    },
                    "AnchorPoint": {
                      "ScaleX": 0.5,
                      "ScaleY": 0.5
                    },
                    "Position": {
                      "X": 379.6603,
                      "Y": 258.6769
                    },
                    "Scale": {
                      "ScaleX": 1.0,
                      "ScaleY": 1.0
                    },
                    "CColor": {},
                    "IconVisible": false,
                    "PrePosition": {
                      "X": 0.5424,
                      "Y": 0.7391
                    },
                    "PreSize": {
                      "X": 0.0343,
                      "Y": 0.0686
                    },
                    "LeftMargin": 367.6603,
                    "RightMargin": 308.3397,
                    "TopMargin": 79.3231,
                    "BottomMargin": 246.6769,
                    "Tag": 576,
                    "ActionTag": -169339304,
                    "Size": {
                      "X": 24.0,
                      "Y": 24.0
                    },
                    "Name": "icon_ip_24",
                    "ctype": "SpriteObjectData"
                  },
                  {
                    "FileData": {
                      "Type": "Normal",
                      "Path": "image/ui/room/icon_id.png",
                      "Plist": ""
                    },
                    "BlendFunc": {
                      "Src": 1,
                      "Dst": 771
                    },
                    "AnchorPoint": {
                      "ScaleX": 0.5,
                      "ScaleY": 0.5
                    },
                    "Position": {
                      "X": 214.1328,
                      "Y": 258.6769
                    },
                    "Scale": {
                      "ScaleX": 1.0,
                      "ScaleY": 1.0
                    },
                    "CColor": {},
                    "IconVisible": false,
                    "PrePosition": {
                      "X": 0.3059,
                      "Y": 0.7391
                    },
                    "PreSize": {
                      "X": 0.0343,
                      "Y": 0.0686
                    },
                    "LeftMargin": 202.1328,
                    "RightMargin": 473.8672,
                    "TopMargin": 79.3231,
                    "BottomMargin": 246.6769,
                    "Tag": 575,
                    "ActionTag": 1581091401,
                    "Size": {
                      "X": 24.0,
                      "Y": 24.0
                    },
                    "Name": "icon_id_23",
                    "ctype": "SpriteObjectData"
                  },
                  {
                    "FileData": {
                      "Type": "Normal",
                      "Path": "image/ui/room/icon_add.png",
                      "Plist": ""
                    },
                    "BlendFunc": {
                      "Src": 1,
                      "Dst": 771
                    },
                    "AnchorPoint": {
                      "ScaleX": 0.5,
                      "ScaleY": 0.5
                    },
                    "Position": {
                      "X": 214.1328,
                      "Y": 219.4822
                    },
                    "Scale": {
                      "ScaleX": 1.0,
                      "ScaleY": 1.0
                    },
                    "CColor": {},
                    "IconVisible": false,
                    "PrePosition": {
                      "X": 0.3059,
                      "Y": 0.6271
                    },
                    "PreSize": {
                      "X": 0.0343,
                      "Y": 0.0686
                    },
                    "LeftMargin": 202.1328,
                    "RightMargin": 473.8672,
                    "TopMargin": 118.5178,
                    "BottomMargin": 207.4822,
                    "Tag": 574,
                    "ActionTag": -749322346,
                    "Size": {
                      "X": 24.0,
                      "Y": 24.0
                    },
                    "Name": "icon_add_22",
                    "ctype": "SpriteObjectData"
                  },
                  {
                    "FileData": {
                      "Type": "Normal",
                      "Path": "image/ui/animationtalk/effect_emoji_di.png",
                      "Plist": ""
                    },
                    "BlendFunc": {
                      "Src": 1,
                      "Dst": 771
                    },
                    "AnchorPoint": {
                      "ScaleX": 0.5,
                      "ScaleY": 0.5
                    },
                    "Position": {
                      "X": 104.3165,
                      "Y": 79.565
                    },
                    "Scale": {
                      "ScaleX": 1.0,
                      "ScaleY": 1.0
                    },
                    "CColor": {},
                    "IconVisible": false,
                    "PositionPercentXEnabled": true,
                    "PrePosition": {
                      "X": 0.149,
                      "Y": 0.2273
                    },
                    "PreSize": {
                      "X": 0.1757,
                      "Y": 0.3486
                    },
                    "LeftMargin": 42.8165,
                    "RightMargin": 534.1835,
                    "TopMargin": 209.435,
                    "BottomMargin": 18.565,
                    "Tag": 179,
                    "Children": [
                      {
                        "FileData": {
                          "Type": "Normal",
                          "Path": "image/ui/animationtalk/shaoxiang.png",
                          "Plist": ""
                        },
                        "BlendFunc": {
                          "Src": 1,
                          "Dst": 771
                        },
                        "AnchorPoint": {
                          "ScaleX": 0.5,
                          "ScaleY": 0.5
                        },
                        "Position": {
                          "X": 61.5,
                          "Y": 61.0
                        },
                        "Scale": {
                          "ScaleX": 1.0,
                          "ScaleY": 1.0
                        },
                        "CColor": {},
                        "IconVisible": false,
                        "PositionPercentXEnabled": true,
                        "PositionPercentYEnabled": true,
                        "PrePosition": {
                          "X": 0.5,
                          "Y": 0.5
                        },
                        "PreSize": {
                          "X": 0.6992,
                          "Y": 0.877
                        },
                        "LeftMargin": 18.5,
                        "RightMargin": 18.5,
                        "TopMargin": 7.5,
                        "BottomMargin": 7.5,
                        "Tag": 180,
                        "ActionTag": 1633923356,
                        "Size": {
                          "X": 86.0,
                          "Y": 107.0
                        },
                        "Name": "emoji",
                        "ctype": "SpriteObjectData"
                      }
                    ],
                    "ActionTag": 1431128235,
                    "Size": {
                      "X": 123.0,
                      "Y": 122.0
                    },
                    "Name": "emoji1",
                    "ctype": "SpriteObjectData"
                  },
                  {
                    "FileData": {
                      "Type": "Normal",
                      "Path": "image/ui/animationtalk/effect_emoji_di.png",
                      "Plist": ""
                    },
                    "BlendFunc": {
                      "Src": 1,
                      "Dst": 771
                    },
                    "AnchorPoint": {
                      "ScaleX": 0.5,
                      "ScaleY": 0.5
                    },
                    "Position": {
                      "X": 268.069,
                      "Y": 79.565
                    },
                    "Scale": {
                      "ScaleX": 1.0,
                      "ScaleY": 1.0
                    },
                    "CColor": {},
                    "IconVisible": false,
                    "PositionPercentXEnabled": true,
                    "PrePosition": {
                      "X": 0.383,
                      "Y": 0.2273
                    },
                    "PreSize": {
                      "X": 0.1757,
                      "Y": 0.3486
                    },
                    "LeftMargin": 206.569,
                    "RightMargin": 370.431,
                    "TopMargin": 209.435,
                    "BottomMargin": 18.565,
                    "Tag": 181,
                    "Children": [
                      {
                        "FileData": {
                          "Type": "Normal",
                          "Path": "image/ui/animationtalk/xishou.png",
                          "Plist": ""
                        },
                        "BlendFunc": {
                          "Src": 1,
                          "Dst": 771
                        },
                        "AnchorPoint": {
                          "ScaleX": 0.5,
                          "ScaleY": 0.5
                        },
                        "Position": {
                          "X": 61.5,
                          "Y": 61.0
                        },
                        "Scale": {
                          "ScaleX": 1.0,
                          "ScaleY": 1.0
                        },
                        "CColor": {},
                        "IconVisible": false,
                        "PositionPercentXEnabled": true,
                        "PositionPercentYEnabled": true,
                        "PrePosition": {
                          "X": 0.5,
                          "Y": 0.5
                        },
                        "PreSize": {
                          "X": 0.8699,
                          "Y": 0.8115
                        },
                        "LeftMargin": 8.0,
                        "RightMargin": 8.0,
                        "TopMargin": 11.5,
                        "BottomMargin": 11.5,
                        "Tag": 182,
                        "ActionTag": -167915525,
                        "Size": {
                          "X": 107.0,
                          "Y": 99.0
                        },
                        "Name": "emoji",
                        "ctype": "SpriteObjectData"
                      }
                    ],
                    "ActionTag": -2004916198,
                    "Size": {
                      "X": 123.0,
                      "Y": 122.0
                    },
                    "Name": "emoji2",
                    "ctype": "SpriteObjectData"
                  },
                  {
                    "FileData": {
                      "Type": "Normal",
                      "Path": "image/ui/animationtalk/effect_emoji_di.png",
                      "Plist": ""
                    },
                    "BlendFunc": {
                      "Src": 1,
                      "Dst": 771
                    },
                    "AnchorPoint": {
                      "ScaleX": 0.5,
                      "ScaleY": 0.5
                    },
                    "Position": {
                      "X": 431.8214,
                      "Y": 79.565
                    },
                    "Scale": {
                      "ScaleX": 1.0,
                      "ScaleY": 1.0
                    },
                    "CColor": {},
                    "IconVisible": false,
                    "PositionPercentXEnabled": true,
                    "PrePosition": {
                      "X": 0.6169,
                      "Y": 0.2273
                    },
                    "PreSize": {
                      "X": 0.1757,
                      "Y": 0.3486
                    },
                    "LeftMargin": 370.3214,
                    "RightMargin": 206.6786,
                    "TopMargin": 209.435,
                    "BottomMargin": 18.565,
                    "Tag": 183,
                    "Children": [
                      {
                        "FileData": {
                          "Type": "Normal",
                          "Path": "image/ui/animationtalk/caishen.png",
                          "Plist": ""
                        },
                        "BlendFunc": {
                          "Src": 1,
                          "Dst": 771
                        },
                        "AnchorPoint": {
                          "ScaleX": 0.5,
                          "ScaleY": 0.5
                        },
                        "Position": {
                          "X": 61.5,
                          "Y": 61.0
                        },
                        "Scale": {
                          "ScaleX": 1.0,
                          "ScaleY": 1.0
                        },
                        "CColor": {},
                        "IconVisible": false,
                        "PositionPercentXEnabled": true,
                        "PositionPercentYEnabled": true,
                        "PrePosition": {
                          "X": 0.5,
                          "Y": 0.5
                        },
                        "PreSize": {
                          "X": 0.7886,
                          "Y": 0.8361
                        },
                        "LeftMargin": 13.0,
                        "RightMargin": 13.0,
                        "TopMargin": 10.0,
                        "BottomMargin": 10.0,
                        "Tag": 184,
                        "ActionTag": -1928873290,
                        "Size": {
                          "X": 97.0,
                          "Y": 102.0
                        },
                        "Name": "emoji",
                        "ctype": "SpriteObjectData"
                      }
                    ],
                    "ActionTag": 1324085239,
                    "Size": {
                      "X": 123.0,
                      "Y": 122.0
                    },
                    "Name": "emoji3",
                    "ctype": "SpriteObjectData"
                  },
                  {
                    "FileData": {
                      "Type": "Normal",
                      "Path": "image/ui/animationtalk/effect_emoji_di.png",
                      "Plist": ""
                    },
                    "BlendFunc": {
                      "Src": 1,
                      "Dst": 771
                    },
                    "AnchorPoint": {
                      "ScaleX": 0.5,
                      "ScaleY": 0.5
                    },
                    "Position": {
                      "X": 595.5737,
                      "Y": 79.565
                    },
                    "Scale": {
                      "ScaleX": 1.0,
                      "ScaleY": 1.0
                    },
                    "CColor": {},
                    "IconVisible": false,
                    "PositionPercentXEnabled": true,
                    "PrePosition": {
                      "X": 0.8508,
                      "Y": 0.2273
                    },
                    "PreSize": {
                      "X": 0.1757,
                      "Y": 0.3486
                    },
                    "LeftMargin": 534.0737,
                    "RightMargin": 42.9263,
                    "TopMargin": 209.435,
                    "BottomMargin": 18.565,
                    "Tag": 185,
                    "Children": [
                      {
                        "FileData": {
                          "Type": "Normal",
                          "Path": "image/ui/animationtalk/qifu.png",
                          "Plist": ""
                        },
                        "BlendFunc": {
                          "Src": 1,
                          "Dst": 771
                        },
                        "AnchorPoint": {
                          "ScaleX": 0.5,
                          "ScaleY": 0.5
                        },
                        "Position": {
                          "X": 61.5,
                          "Y": 61.0
                        },
                        "Scale": {
                          "ScaleX": 1.0,
                          "ScaleY": 1.0
                        },
                        "CColor": {},
                        "IconVisible": false,
                        "PositionPercentXEnabled": true,
                        "PositionPercentYEnabled": true,
                        "PrePosition": {
                          "X": 0.5,
                          "Y": 0.5
                        },
                        "PreSize": {
                          "X": 0.7236,
                          "Y": 0.8115
                        },
                        "LeftMargin": 17.0,
                        "RightMargin": 17.0,
                        "TopMargin": 11.5,
                        "BottomMargin": 11.5,
                        "Tag": 186,
                        "ActionTag": 1125588769,
                        "Size": {
                          "X": 89.0,
                          "Y": 99.0
                        },
                        "Name": "emoji",
                        "ctype": "SpriteObjectData"
                      }
                    ],
                    "ActionTag": 308762174,
                    "Size": {
                      "X": 123.0,
                      "Y": 122.0
                    },
                    "Name": "emoji4",
                    "ctype": "SpriteObjectData"
                  }
                ],
                "ActionTag": -751484593,
                "Size": {
                  "X": 700.0,
                  "Y": 350.0
                },
                "Name": "panel",
                "ctype": "PanelObjectData"
              }
            ],
            "ActionTag": 1875322800,
            "Size": {
              "X": 1280.0,
              "Y": 720.0
            },
            "Name": "root",
            "ctype": "PanelObjectData"
          }
        ],
        "Size": {
          "X": 1280.0,
          "Y": 720.0
        },
        "Name": "Layer",
        "ctype": "LayerObjectData"
      },
      "UsedResources": [
        "../../appCommon/fydp/common/player_info_bg.png",
        "../../image/fonts/FZZY.TTF",
        "../../image/ui/animationtalk/caishen.png",
        "../../image/ui/animationtalk/effect_emoji_di.png",
        "../../image/ui/animationtalk/qifu.png",
        "../../image/ui/animationtalk/shaoxiang.png",
        "../../image/ui/animationtalk/xishou.png",
        "../../image/ui/common/shock.png",
        "../../image/ui/common/transparent_1280x720.png",
        "../../image/ui/hall/get_gps.png",
        "../../image/ui/head/head_132x132.png",
        "../../image/ui/head/transparent_132x132.png",
        "../../image/ui/room/female.png",
        "../../image/ui/room/icon_add.png",
        "../../image/ui/room/icon_id.png",
        "../../image/ui/room/icon_ip.png",
        "../../image/ui/room/male.png"
      ],
      "ctype": "GameFileData"
    }
  },
  "Type": "Layer"
}