{"skeleton":{"hash":"WnbyIDOw7Eu52hFd1y50SQH6YfE","spine":"3.6.38","width":0,"height":0,"images":"./images/"},"bones":[{"name":"root","x":-318.72,"y":-271.21,"scaleX":0.3,"scaleY":0.3},{"name":"bone39","parent":"root","length":82.69,"rotation":92.26,"x":345.87,"y":36.8},{"name":"1","parent":"bone39","rotation":-92.26,"x":235.3,"y":17.9},{"name":"bone","parent":"root","length":47.82,"rotation":90.36,"x":327.56,"y":157.53},{"name":"bone2","parent":"bone","length":45.44,"rotation":0.39,"x":47.82},{"name":"bone3","parent":"bone2","length":213.84,"rotation":-0.43,"x":48.14,"y":0.56},{"name":"bone4","parent":"bone2","length":29.77,"rotation":154.48,"x":48.7,"y":66.19},{"name":"bone5","parent":"bone4","length":24.61,"rotation":48.25,"x":30.89,"y":1.83},{"name":"bone6","parent":"bone2","length":28.88,"rotation":-150.49,"x":54.4,"y":-66.06},{"name":"bone7","parent":"bone6","length":25.59,"rotation":-33.58,"x":28.58,"y":-0.51},{"name":"bone30","parent":"bone3","x":134.13,"y":22.96},{"name":"bone8","parent":"bone30","length":3.92,"rotation":-36.2,"x":-4.89,"y":64.01},{"name":"bone9","parent":"bone8","length":4.65,"rotation":-19.82,"x":3.91,"y":0.02},{"name":"bone10","parent":"bone9","length":6.57,"rotation":-14.55,"x":4.71,"y":0.1},{"name":"bone11","parent":"bone30","length":4.14,"rotation":41.59,"x":-7.39,"y":-74.68},{"name":"bone12","parent":"bone11","length":5.45,"rotation":9.56,"x":4.14},{"name":"bone13","parent":"bone12","length":6.19,"rotation":8.69,"x":5.45},{"name":"bone14","parent":"bone13","length":6.79,"rotation":21.14,"x":6.19},{"name":"bone15","parent":"bone14","length":5.87,"rotation":19.55,"x":7.08,"y":0.2},{"name":"bone35","parent":"bone3","length":26.71,"rotation":90.22,"x":32.63,"y":-6.2},{"name":"bone36","parent":"bone35","length":22.85,"rotation":-9.74,"x":26.71},{"name":"bone16","parent":"bone36","length":19.84,"rotation":-5.85,"x":24,"y":-0.61},{"name":"bone17","parent":"bone16","length":14.64,"rotation":-14.62,"x":19.84},{"name":"bone18","parent":"bone17","length":8.78,"rotation":-19.05,"x":13.86,"y":-0.26},{"name":"bone19","parent":"bone18","length":7.4,"rotation":-87.17,"x":7.69,"y":-0.76},{"name":"bone37","parent":"bone35","length":21.24,"rotation":-172.85,"x":-0.31,"y":-0.22},{"name":"bone38","parent":"bone37","length":9.13,"rotation":12.5,"x":21.69,"y":0.03},{"name":"bone20","parent":"bone38","length":11.21,"rotation":0.85,"x":10.54,"y":0.15},{"name":"bone21","parent":"bone20","length":9.68,"rotation":24.64,"x":11.06,"y":0.06},{"name":"bone22","parent":"bone21","length":7.85,"rotation":69.84,"x":9.45,"y":0.23},{"name":"bone23","parent":"bone3","x":98.13,"y":12.85},{"name":"bone24","parent":"bone10","length":8.15,"rotation":-13.42,"x":6.51,"y":0.02},{"name":"bone25","parent":"bone24","length":6.34,"rotation":-23.4,"x":8.08,"y":-0.11},{"name":"bone26","parent":"bone25","length":5.94,"rotation":-18.07,"x":6.34},{"name":"bone27","parent":"bone30","length":5.93,"rotation":-129.16,"x":-1.3,"y":33.22},{"name":"bone28","parent":"bone15","length":5.55,"rotation":13.52,"x":5.95,"y":-0.01},{"name":"bone29","parent":"bone30","length":6.17,"rotation":129.49,"x":-0.19,"y":-44.15},{"name":"bone31","parent":"bone23","x":1.71,"y":54.16},{"name":"bone32","parent":"bone23","x":3.27,"y":-47.38},{"name":"bone33","parent":"bone31","x":-8.05,"y":17.18},{"name":"bone34","parent":"bone32","x":-9.68,"y":22.19},{"name":"bone40","parent":"bone39","length":39.96,"rotation":1.25,"x":82.65,"y":-0.81},{"name":"bone41","parent":"bone40","length":113.59,"rotation":-171.51,"x":57.14,"y":-92.39},{"name":"bone42","parent":"bone39","length":117.3,"rotation":47.81,"x":108.58,"y":57.63},{"name":"bone43","parent":"bone40","length":224.29,"rotation":-2.57,"x":39.61,"y":-5.69},{"name":"bone44","parent":"bone39","rotation":-92.26,"x":166.97,"y":228.36},{"name":"bone45","parent":"bone43","x":102.12,"y":71.6},{"name":"bone46","parent":"bone43","length":16.39,"rotation":-166.55,"x":48.72,"y":-7.72},{"name":"bone47","parent":"bone46","length":14.45,"rotation":-162.03},{"name":"bone48","parent":"bone43","length":10.94,"rotation":71.25,"x":137.72,"y":69.11},{"name":"bone49","parent":"bone48","length":11.74,"rotation":-31.68,"x":10.76,"y":-0.06},{"name":"bone50","parent":"bone43","length":13.41,"rotation":-67.22,"x":142.69,"y":-2.78},{"name":"bone51","parent":"bone50","length":12.99,"rotation":37.15,"x":13.41},{"name":"bone52","parent":"bone39","x":135.03,"y":274.18},{"name":"bone53","parent":"bone39","x":137.29,"y":220.98},{"name":"bone54","parent":"bone43","rotation":-90.94,"x":98.91,"y":71.41},{"name":"bone55","parent":"bone43","rotation":-90.94,"x":108.59,"y":-13.32},{"name":"bone56","parent":"bone41","rotation":78.01,"x":-110.74,"y":-92.44},{"name":"bone57","parent":"root","x":116.71,"y":109.69}],"slots":[{"name":"shenti3","bone":"root"},{"name":"shou5","bone":"root"},{"name":"tou2","bone":"root"},{"name":"shou4","bone":"root"},{"name":"shou3","bone":"root"},{"name":"meimao3","bone":"root"},{"name":"yan5","bone":"root"},{"name":"toufa","bone":"root"},{"name":"zui2","bone":"root"},{"name":"shenti1","bone":"root"},{"name":"shou2","bone":"root"},{"name":"meimao2","bone":"root"},{"name":"shou1","bone":"root"},{"name":"tou1","bone":"root"},{"name":"meimao1","bone":"root"},{"name":"shenti","bone":"root"},{"name":"tou","bone":"root"},{"name":"meimao","bone":"root"},{"name":"yan3","bone":"root"},{"name":"yan1","bone":"root"},{"name":"yan2","bone":"root"},{"name":"zui","bone":"root"},{"name":"1/1_00000","bone":"1"},{"name":"yan4","bone":"root"},{"name":"yan6","bone":"bone54","blend":"additive"},{"name":"yan7","bone":"bone55","blend":"additive"},{"name":"zui1","bone":"root"},{"name":"shou222_00000","bone":"bone56"}],"skins":{"default":{"1/1_00000":{"1/1_00000":{"width":293,"height":379},"1/1_00001":{"width":293,"height":379},"1/1_00002":{"width":293,"height":379},"1/1_00003":{"width":293,"height":379},"1/1_00004":{"width":293,"height":379},"1/1_00005":{"width":293,"height":379},"1/1_00006":{"width":293,"height":379},"1/1_00007":{"width":293,"height":379},"1/1_00008":{"width":293,"height":379},"1/1_00009":{"width":293,"height":379}},"meimao":{"meimao":{"type":"mesh","uvs":[1,0.81449,1,1,0.98688,0.9625,0,1,0,0.69875,0,0,1,0,0.01964,0.77883,0.00976,0.77584,0.01236,0.47499,0.02569,0.5775,0.0369,0.67749,0.06016,0.5425,0.05321,0.415,0.04002,0.2675,0.09576,0.27,0.10257,0.42375,0.08796,0.09375,0.15164,0.03713,0.15405,0.22213,0.15545,0.41215,0.19363,0.46838,0.1956,0.33464,0.19788,0.15338,0.23512,0.42529,0.22817,0.53529,0.22319,0.58904,0.26175,0.79163,0.73708,0.70274,0.76744,0.37149,0.7768,0.44524,0.79155,0.59149,0.8046,0.16523,0.81382,0.30774,0.82574,0.50524,0.84759,0.04949,0.85525,0.23199,0.86518,0.47199,0.90574,0.50949,0.90546,0.28699,0.90518,0.0645,0.95227,0.25449,0.94206,0.47699,0.93894,0.63199,0.97014,0.81199,0.97525,0.69449,0.98007,0.48449,0.9934,0.88949],"triangles":[45,46,0,0,46,6,44,45,0,28,44,2,47,44,0,2,44,47,47,0,1,2,47,1,46,41,6,35,18,6,44,43,45,45,43,46,42,41,46,42,46,43,41,39,40,42,38,39,42,39,41,31,38,43,41,40,6,42,43,38,40,35,6,39,36,40,39,37,36,38,37,39,40,36,35,32,23,35,33,32,36,33,37,34,37,33,36,36,32,35,34,37,38,31,34,38,30,33,34,33,29,32,32,29,23,29,33,30,31,30,34,29,30,28,24,29,28,28,30,31,28,31,43,28,43,44,11,26,27,27,24,28,27,26,25,25,24,27,2,27,28,26,21,25,25,21,24,29,24,23,23,24,22,24,21,22,12,21,26,21,20,22,22,19,23,22,20,19,23,18,35,23,19,18,16,20,21,19,17,18,20,15,19,20,16,15,19,15,17,15,14,17,13,14,15,16,13,15,16,12,13,12,16,21,13,12,9,10,9,12,11,10,12,11,12,26,9,14,13,18,5,6,17,5,18,9,5,14,4,9,10,4,10,11,7,8,4,11,7,4,3,4,8,3,8,7,7,11,27,3,7,27,2,3,27,9,4,5,14,5,17],"vertices":[1,14,0.22,-1.48,1,1,14,-1.99,0.51,1,1,14,-0.3,1.48,1,2,11,-3.67,-1,1,32,-17.01,-18.27,0,1,11,0.24,1.83,1,1,11,9.3,8.38,1,1,14,9.92,-10.18,1,1,11,0.82,-1.17,1,1,11,0.04,-0.01,1,2,11,4.16,2.51,0.5,12,-0.61,2.43,0.5,2,11,3.93,0.03,0.5,12,0.01,0.02,0.5,2,11,3.56,-2.19,0.5,12,0.42,-2.19,0.5,2,12,4.34,-2.26,0.5,13,0.24,-2.37,0.5,2,12,4.68,-0.02,0.5,13,0,-0.12,0.5,2,12,4.48,2.98,0.5,13,-0.95,2.73,0.5,2,13,6.43,0.03,0.5,31,-0.08,-0.01,0.5,2,13,6.51,-2.61,0.5,31,0.61,-2.56,0.5,2,13,6.35,3.06,0.5,31,-0.86,2.92,0.5,2,31,8.16,2.83,0.5,32,-1.09,2.73,0.5,2,31,8.18,-0.15,0.5,32,0.11,0,0.5,2,31,8.04,-3.2,0.5,32,1.19,-2.85,0.5,2,32,6.6,-2.13,0.5,33,0.9,-1.94,0.5,2,32,6.23,0,0.5,33,-0.1,-0.03,0.5,2,32,5.69,2.87,0.5,33,-1.5,2.53,0.5,2,33,5.29,1.99,0.5,34,-0.38,2.11,0.5,2,33,5.5,-0.01,0.5,34,-0.03,0.13,0.5,2,33,5.43,-1.12,0.5,34,-0.04,-0.98,0.5,1,34,6.23,-0.1,1,1,36,6.88,-0.41,1,2,36,0.2,-1.74,0.5,35,6.42,-1.72,0.5,2,36,-0.06,0.01,0.5,35,5.71,-0.1,0.5,2,36,-0.16,3.14,0.5,35,4.78,2.89,0.5,2,35,0.29,-2.56,0.5,18,6.83,-2.44,0.5,2,35,0.05,0.05,0.5,18,5.98,0.04,0.5,2,35,-0.18,3.62,0.5,18,4.93,3.46,0.5,2,18,0.53,-3.12,0.5,17,8.62,-2.56,0.5,2,18,0.02,-0.05,0.5,17,7.11,0.17,0.5,2,18,-0.63,3.99,0.5,17,5.15,3.75,0.5,2,17,-0.6,3.48,0.5,16,4.38,3.03,0.5,2,17,-0.02,-0.03,0.5,16,6.19,-0.04,0.5,2,17,0.56,-3.55,0.5,16,7.99,-3.11,0.5,2,16,0.72,-3.77,0.5,15,6.74,-3.62,0.5,2,16,0.2,0.03,0.5,15,5.65,0.06,0.5,2,16,-0.65,2.4,0.5,15,4.45,2.27,0.5,2,15,-0.79,1.79,0.5,14,3.06,1.63,0.5,2,15,-0.18,-0.13,0.5,14,3.98,-0.16,0.5,2,15,1.38,-3.18,0.5,14,6.03,-2.91,0.5,1,14,-0.05,0.02,1],"hull":7,"edges":[6,8,8,10,24,32,26,24,28,34,34,36,36,38,38,40,40,42,42,44,44,46,46,48,48,50,42,52,52,54,48,54,10,12,56,58,58,60,60,62,56,62,58,64,64,66,66,68,64,70,70,72,72,74,74,76,76,78,78,80,80,82,82,84,84,86,86,88,88,90,90,92,2,0,0,12,92,0,2,4,4,6,88,4],"width":141,"height":16}},"meimao1":{"meimao1":{"x":312,"y":307.5,"width":114,"height":29}},"meimao2":{"meimao2":{"x":117,"y":130.5,"width":138,"height":27}},"meimao3":{"meimao3":{"type":"mesh","uvs":[1,1,0,1,0,0,1,0],"triangles":[1,3,0,1,2,3],"vertices":[1,54,-19.61,-58.62,1,1,54,-14.29,76.28,1,1,54,7.69,75.41,1,1,54,2.38,-59.49,1],"hull":4,"edges":[0,2,2,4,4,6,0,6],"width":135,"height":22}},"shenti":{"shenti":{"type":"mesh","uvs":[1,0.32424,1,0.54963,1,1,0,1,0,0.60053,0,0,1,0,0.08712,0.60562,0.48801,0.54963,0.92729,0.54453,0.09707,0.18652,1.0E-5,0.38013,0.15962,0.21027,0.1255,0.40879,0.12757,0.58295,0.07628,0.58851,0.06434,0.39551,0.0278,0.51796,0.03974,0.23867,0.1318,0.20345,0.13672,0.3259,0.91172,0.11373,0.84356,0.16824,0.79648,0.19257,0.91804,0.3276,0.86745,0.33598,0.97215,0.49031,0.95177,0.1934,0.88953,0.54231,0.16775,0.20976,0.14245,0.32969,0.13367,0.41189,0.12287,0.50109,0.13366,0.50379,0.13876,0.57899,0.77997,0.20024,0.85307,0.34601,0.9048,0.54247,0.88755,0.41898,0.87344,0.42553],"triangles":[39,36,38,38,37,39,9,1,2,9,37,26,9,26,1,36,25,38,38,25,24,0,38,24,26,0,1,26,37,38,26,38,0,27,21,6,24,22,27,23,21,22,25,35,23,24,25,22,24,27,0,25,23,22,6,21,23,22,21,27,27,6,0,5,6,23,7,14,34,14,32,33,14,33,34,7,4,15,4,17,15,7,15,14,14,15,32,4,11,17,15,17,32,17,11,16,17,16,32,7,3,4,10,5,29,13,16,20,11,5,18,11,18,16,18,5,10,18,19,20,12,19,29,20,19,12,19,10,29,18,10,19,16,18,20,11,4,5,8,34,33,13,20,30,29,20,12,32,13,31,32,16,13,31,13,30,23,35,5,35,29,5,29,30,20,36,35,25,8,29,35,8,35,36,31,8,33,8,30,29,30,8,31,33,32,31,8,36,39,3,7,34,8,39,28,2,28,9,8,28,2,3,34,8,2,3,8,28,39,37,28,37,9],"vertices":[2,8,34.86,13.42,0.5,9,-2.48,15.08,0.5,1,9,32.4,17.11,1,1,3,-25.6,-94.04,1,1,3,-24.46,90.95,1,1,7,22.53,-23.29,1,1,6,-21.25,-35.88,1,1,8,-8.55,38.74,1,1,7,29.67,-8.82,1,2,3,44.79,0.24,0.49533,4,-3.03,0.26,0.50467,1,9,32.39,3.63,1,1,6,-2.53,-7.47,1,2,6,32.25,-11.19,0.5,7,-8.81,-9.68,0.5,1,6,-4.03,4.58,1,2,4,19.68,67.03,0.5,6,26.55,11.75,0.5,2,3,40.04,66.95,0.41,7,29.43,-0.56,0.59,1,7,26.44,-9.6,1,2,6,29.42,0.61,0.5,7,-1.88,0.28,0.5,1,7,12.84,-13.48,1,1,6,9.26,-13.71,1,1,6,-2.84,-0.53,1,2,4,32.5,64.79,0.5,6,14.02,8.25,0.5,1,8,-1.55,15.75,1,1,8,-0.61,0.6,1,1,8,-1.74,-8.82,1,2,8,27.67,0.06,0.5,9,-1.08,-0.03,0.5,2,8,24.08,-8.68,0.5,9,0.76,-9.29,0.5,1,9,23.52,11.43,1,1,8,12.85,15.93,1,1,3,45.46,-74.05,1,1,4,50.42,58.81,1,2,4,31.9,63.74,0.5,6,14.11,9.46,0.5,3,4,19.18,65.53,0.335,6,26.35,13.32,0.335,7,5.56,11.04,0.33,2,4,5.38,67.71,0.5,7,17.44,3.7,0.5,2,4,4.93,65.72,0.5,7,18.62,5.36,0.5,2,3,40.64,64.88,0.5,7,29.69,1.59,0.5,1,4,50.42,-54.46,1,2,4,27.65,-67.68,0.5,8,24.08,-11.76,0.5,2,3,45.42,-76.87,0.5,9,32.31,-0.54,0.5,1,9,13.39,-4.83,1,2,4,15.28,-71.29,0.5,9,14.56,-7.38,0.5],"hull":7,"edges":[4,6,10,12,4,2,6,8,8,10,2,0,0,12],"width":185,"height":155}},"shenti1":{"shenti1":{"type":"mesh","uvs":[1,0.46745,1,1,0,1,0,0.49176,0,0,1,0,0.47399,0.47353],"triangles":[3,4,6,0,6,5,6,4,5,2,6,1,6,0,1,2,3,6],"vertices":[2,1,80.27,-107.37,0.5,41,-4.7,-106.48,0.5,1,1,-29.88,-103.03,1,1,1,-21.97,97.81,1,2,1,83.16,93.67,0.5,41,2.56,94.45,0.5,1,41,104.16,88.23,1,1,41,91.88,-112.4,1,2,1,83.18,-1.68,0.50037,41,0.5,-0.88,0.49963],"hull":6,"edges":[2,4,8,10,2,0,0,10,4,6,6,8],"width":201,"height":207}},"shenti3":{"shenti3":{"x":135.5,"y":58,"width":175,"height":116}},"shou1":{"shou1":{"type":"mesh","uvs":[1,1,0,1,0,0,1,0],"triangles":[1,2,3,1,3,0],"vertices":[1,43,-0.3,12.83,1,1,43,71.01,72.53,1,1,43,131.99,-0.32,1,1,43,60.68,-60.02,1],"hull":4,"edges":[0,2,2,4,4,6,0,6],"width":93,"height":95}},"shou2":{"shou2":{"type":"mesh","uvs":[1,1,0,1,0,0,1,0],"triangles":[1,2,3,1,3,0],"vertices":[1,42,121.02,10.94,1,1,42,110.63,-37.97,1,1,42,-19.47,-10.33,1,1,42,-9.08,38.57,1],"hull":4,"edges":[0,2,2,4,4,6,0,6],"width":50,"height":133}},"shou222_00000":{"shou222_00000":{"width":60,"height":150}},"shou3":{"shou3":{"x":175,"y":78,"width":70,"height":32}},"shou4":{"shou4":{"x":80.5,"y":71,"width":71,"height":32}},"shou5":{"shou5":{"x":67,"y":85.5,"width":48,"height":45}},"tou":{"tou":{"type":"mesh","uvs":[1,1,0,1,0,0,1,0],"triangles":[1,2,3,1,3,0],"vertices":[1,5,-5.44,-118.22,1,1,5,-4.11,121.77,1,1,5,218.89,120.53,1,1,5,217.55,-119.46,1],"hull":4,"edges":[0,2,2,4,4,6,0,6],"width":240,"height":223}},"tou1":{"tou1":{"type":"mesh","uvs":[1,1,0,1,0,0,1,0],"triangles":[1,2,3,1,3,0],"vertices":[1,44,-3.42,-129.28,1,1,44,0.79,128.69,1,1,44,232.76,124.9,1,1,44,228.55,-133.07,1],"hull":4,"edges":[0,2,2,4,4,6,0,6],"width":258,"height":232}},"tou2":{"tou2":{"x":117.5,"y":187.5,"width":235,"height":209}},"toufa":{"toufa":{"type":"mesh","uvs":[1,1,0,1,0,0,1,0],"triangles":[1,2,3,1,3,0],"vertices":[1,45,35.89,-20.65,1,1,45,-36.11,-20.65,1,1,45,-36.11,22.35,1,1,45,35.89,22.35,1],"hull":4,"edges":[0,2,2,4,4,6,0,6],"width":72,"height":43}},"yan1":{"yan1":{"type":"mesh","uvs":[1,1,0,1,0,0,1,0],"triangles":[1,3,0,1,2,3],"vertices":[1,39,-7.09,-6,1,1,39,-7.02,6,1,1,39,5.98,5.93,1,1,39,5.91,-6.07,1],"hull":4,"edges":[0,2,2,4,4,6,0,6],"width":12,"height":13}},"yan2":{"yan2":{"type":"mesh","uvs":[1,1,0,1,0,0,1,0],"triangles":[1,3,0,1,2,3],"vertices":[1,40,-7.56,-6.2,1,1,40,-7.49,5.8,1,1,40,5.51,5.73,1,1,40,5.44,-6.27,1],"hull":4,"edges":[0,2,2,4,4,6,0,6],"width":12,"height":13}},"yan3":{"yan3":{"type":"mesh","uvs":[1,1,0.69954,1,0.07315,0.99999,0.04964,1,0,1,0,0.78109,1.0E-5,0.59512,0,0,1,0,0.31784,0.88383,0.29172,0.87766,0.27277,0.84188,0.25351,0.8181,0.22583,0.8048,0.19712,0.80207,0.16922,0.82137,0.14939,0.85191,0.1308,0.88583,0.11267,0.92312,0.09351,0.95327,0.03212,0.94647,0.0155,0.87998,0.01487,0.46269,0.03921,0.3289,0.06305,0.22553,0.09521,0.12944,0.12964,0.07715,0.18021,0.02539,0.21821,0.03999,0.25577,0.08769,0.29302,0.15458,0.32083,0.2458,0.34451,0.35755,0.35723,0.48107,0.36355,0.6208,0.35709,0.74039,0.33921,0.84985,0.69343,0.22813,0.7133,0.16327,0.73834,0.11948,0.76814,0.06273,0.8065,0.02219,0.84523,0.03636,0.88549,0.06879,0.91675,0.11852,0.93953,0.17906,0.9655,0.28933,0.98245,0.41257,0.98934,0.49474,0.99146,0.59636,0.9904,0.70447,0.97874,0.80392,0.95278,0.8623,0.92894,0.85582,0.90298,0.8169,0.87172,0.79095,0.83834,0.78014,0.81185,0.7996,0.779,0.83852,0.75146,0.89041,0.72285,0.95311,0.67199,0.95095,0.65292,0.86014,0.64073,0.73906,0.63659,0.59122,0.65467,0.43338,0.67017,0.32825,0.15202,0.04512],"triangles":[29,26,28,23,31,32,3,4,20,26,7,67,25,7,26,22,7,23,25,26,29,22,23,32,4,21,20,23,7,24,22,6,7,10,16,11,17,16,10,34,33,64,35,13,34,34,13,14,14,6,34,31,30,37,19,3,20,28,27,41,26,67,28,35,34,63,32,31,66,29,28,40,33,6,22,19,18,10,2,19,10,34,6,33,19,2,3,67,27,28,12,13,35,10,11,36,9,10,36,36,35,62,61,9,36,2,10,9,15,13,12,13,15,14,30,29,39,33,22,32,27,7,41,67,7,27,25,29,30,24,30,31,33,32,65,1,2,9,11,16,15,18,17,10,5,6,14,16,5,15,21,5,16,17,21,16,19,20,18,24,7,25,24,25,30,23,24,31,36,11,12,35,36,12,15,12,11,15,5,14,18,21,17,20,21,18,4,5,21,48,8,0,38,39,45,57,63,56,42,41,8,43,42,8,46,45,8,54,55,51,45,44,8,53,54,51,58,63,57,39,44,45,8,48,47,49,56,64,39,43,44,39,40,43,62,63,58,37,30,38,64,33,65,61,36,62,9,61,1,40,28,41,49,0,50,53,52,0,40,42,43,40,41,42,66,37,46,60,61,59,1,61,60,1,60,0,44,43,8,37,45,46,51,55,50,52,53,51,51,50,0,52,51,0,0,60,53,56,63,64,37,38,45,56,55,54,53,58,57,47,46,8,66,46,47,0,49,48,49,64,48,65,48,64,59,62,58,53,59,58,50,56,49,61,62,59,53,60,59,54,53,56,65,66,47,53,57,56,55,56,50,48,65,47,39,29,40,66,31,37,38,30,39,65,32,66,35,63,62,34,64,63,41,7,8],"vertices":[1,38,-20.5,-23.42,1,1,38,-20.25,21.95,1,1,37,-18.16,14.99,1,1,37,-18.14,18.54,1,1,37,-18.1,26.03,1,1,37,-10,25.99,1,1,37,-3.12,25.95,1,1,37,18.9,25.83,1,1,38,16.5,-23.63,1,1,37,-14.07,-21.98,1,1,37,-13.82,-18.04,1,1,37,-12.48,-15.18,1,1,37,-11.58,-12.28,1,1,37,-11.06,-8.11,1,1,37,-10.94,-3.77,1,1,37,-11.63,0.45,1,1,37,-12.74,3.45,1,1,37,-13.98,6.26,1,1,37,-15.35,9.01,1,1,37,-16.45,11.9,1,1,37,-16.14,21.17,1,1,37,-13.67,23.67,1,1,37,1.77,23.68,1,1,37,6.7,19.98,1,1,37,10.51,16.35,1,1,37,14.03,11.48,1,1,37,15.94,6.27,1,1,37,17.81,-1.38,1,1,37,17.24,-7.11,1,1,37,15.44,-12.77,1,1,37,12.94,-18.38,1,1,37,9.54,-22.57,1,1,37,5.38,-26.12,1,1,37,0.8,-28.01,1,1,37,-4.37,-28.94,1,1,37,-8.79,-27.94,1,1,37,-12.83,-25.22,1,1,38,8.31,22.71,1,1,38,10.7,19.7,1,1,38,12.3,15.91,1,1,38,14.37,11.4,1,1,38,15.84,5.63,1,1,38,15.28,-0.25,1,1,38,14.05,-6.32,1,1,38,12.18,-11.03,1,1,38,9.92,-14.46,1,1,38,5.82,-18.36,1,1,38,1.25,-20.89,1,1,38,-1.8,-21.92,1,1,38,-5.56,-22.22,1,1,38,-9.56,-22.03,1,1,38,-13.23,-20.25,1,1,38,-15.37,-16.32,1,1,38,-15.11,-12.72,1,1,38,-13.65,-8.81,1,1,38,-12.66,-4.1,1,1,38,-12.23,0.94,1,1,38,-12.93,4.95,1,1,38,-14.34,9.91,1,1,38,-16.24,14.08,1,1,38,-18.53,18.42,1,1,38,-18.41,26.1,1,1,38,-15.04,28.96,1,1,38,-10.55,30.77,1,1,38,-5.07,31.37,1,1,38,0.75,28.6,1,1,38,4.63,26.24,1,1,37,17.11,2.88,1],"hull":9,"edges":[14,16,0,16,4,6,6,8,8,10,10,12,12,14,0,2,2,4],"width":151,"height":37}},"yan4":{"yan4":{"type":"mesh","uvs":[1,1,0,1,0,0,1,0],"triangles":[1,2,3,1,3,0],"vertices":[1,46,-32.87,-99.05,1,1,46,-30.96,17.93,1,1,46,39.03,16.79,1,1,46,37.12,-100.2,1],"hull":4,"edges":[0,2,2,4,4,6,0,6],"width":117,"height":70}},"yan5":{"yan5":{"type":"mesh","uvs":[1,1,0,1,0,0,1,0],"triangles":[1,2,3,1,3,0],"vertices":[1,53,-25.62,-118.49,1,1,53,-20.1,21.4,1,1,53,12.87,20.1,1,1,53,7.36,-119.79,1],"hull":4,"edges":[0,2,2,4,4,6,0,6],"width":140,"height":33}},"yan6":{"yan6":{"x":-0.89,"y":1,"width":35,"height":60}},"yan7":{"yan7":{"x":-1.29,"y":1.14,"width":31,"height":61}},"zui":{"zui":{"type":"mesh","uvs":[0.99999,0.264,1,1,0.65994,1,0.62299,1,0.43266,1,0,1,4.3E-4,0.18134,0,0,0.03222,0.00484,0.04418,0.00484,0.0557,1.0E-5,1,0,0.26773,0.72005,0.26454,0.79811,0.2615,0.8536,0.12215,0.68199,0.12584,0.61715,0.13164,0.55586,0.04781,0.3607,0.03816,0.37941,0.02519,0.42199,0.02505,0.17844,0.00679,0.17442,0.86729,0.75797,0.85825,0.68568,0.85265,0.64142,0.92482,0.52529,0.93275,0.55823,0.94081,0.61155,0.99411,0.34819,0.9808,0.33881,0.96865,0.32849,0.96081,0.08042,0.44129,0.8549,0.43574,0.91248,0.62792,0.83845,0.631,0.90425,0.6507,0.88506,0.64886,0.80006,0.78744,0.81651,0.78253,0.72877,0.79052,0.88506],"triangles":[2,41,1,37,38,39,35,38,37,36,37,2,2,37,41,40,38,25,38,40,39,37,39,41,40,24,23,41,39,23,39,40,23,24,40,25,3,36,2,4,34,3,3,34,36,36,35,37,33,38,35,33,35,36,34,33,36,32,10,11,0,32,11,31,32,0,30,31,0,29,30,0,18,32,31,23,28,1,41,23,1,26,17,31,27,26,29,28,27,29,1,29,0,26,31,30,26,30,29,28,29,1,25,17,26,25,26,27,25,27,28,24,25,28,23,24,28,22,7,8,21,22,8,6,7,22,10,21,9,32,21,10,9,21,8,32,18,21,18,6,21,18,19,6,6,22,21,20,6,19,31,17,18,19,18,17,20,19,17,16,20,17,15,20,16,6,20,5,5,20,15,34,14,33,4,14,34,12,16,17,25,12,17,15,16,12,13,15,12,12,33,13,12,38,33,14,15,13,33,14,13,5,15,14,5,14,4,25,38,12],"vertices":[1,29,0.72,-3.47,1,1,28,-3.36,-16.23,1,1,25,3.54,-3.52,1,1,19,0.85,2.79,1,2,20,-0.04,2.57,0.5,19,27.11,2.54,0.5,3,22,9.05,19.12,0.99778,23,-10.87,16.75,0.00121,24,-18.4,-17.68,0.00101,2,23,8.16,-0.04,0.5,24,-0.69,0.5,0.5,1,24,3.18,4.58,1,1,24,6.27,1.38,1,1,24,7.45,0.23,1,1,24,8.7,-0.77,1,1,29,8.11,-6.99,1,1,21,0,-1.75,1,1,21,-0.21,0.7,1,1,21,-0.25,2.47,1,2,21,19.7,2.32,0.5,22,-0.72,2.21,0.5,2,21,19.73,0.25,0.5,22,-0.17,0.22,0.5,2,21,19.45,-1.79,0.5,22,0.08,-1.83,0.5,2,22,13.13,-1.36,0.5,23,-0.33,-1.28,0.5,2,22,13.99,-0.2,0.5,23,0.11,0.1,0.5,2,22,14.9,1.83,0.5,23,0.3,2.32,0.5,2,23,5.99,-2.65,0.5,24,1.81,-1.8,0.5,2,23,7.74,-0.84,0.5,24,0.09,0.04,0.5,2,27,0.37,-2.52,0.5,26,10.95,-2.37,0.5,2,27,0.01,0.02,0.5,26,10.55,0.17,0.5,2,27,-0.22,1.58,0.5,26,10.3,1.72,0.5,2,27,10.37,1.36,0.5,28,-0.09,1.47,0.5,2,27,11.02,0.02,0.5,28,-0.05,-0.02,0.5,2,27,11.47,-1.93,0.5,28,-0.46,-1.97,0.5,2,28,10.52,-1.53,0.5,29,-1.28,-1.61,0.5,2,28,9.45,-0.01,0.5,29,-0.23,-0.08,0.5,2,28,8.5,1.41,0.5,29,0.78,1.3,0.5,1,29,8.19,-1.04,1,2,20,-0.49,-2.06,0.5,19,25.88,-1.95,0.5,2,20,-0.02,-0.18,0.5,19,26.66,-0.17,0.5,1,19,0.12,-2.21,1,1,19,-0.29,-0.17,1,1,25,2.75,0.18,1,1,25,2.85,2.83,1,2,26,-0.02,-0.27,0.5,25,21.73,-0.24,0.5,2,26,0.28,2.52,0.5,25,21.42,2.55,0.5,2,26,-0.35,-2.41,0.5,25,21.87,-2.4,0.5],"hull":12,"edges":[10,12,12,14,20,22,14,16,16,18,18,20,2,0,0,22,8,10,6,8,2,4,4,6],"width":138,"height":31}},"zui1":{"zui1":{"type":"mesh","uvs":[1,0.1577,1,0.53115,1,1,0.33774,1,0,1,0,0.7746,0,0.71551,0,0.65879,0,0,0.92851,0,1,0,0.2973,0.61388,0.52743,0.4713,0.65696,0.3397,0.84673,0.12212,0.79563,0.87388,0.62807,0.97777,0.74218,0.57606,0.91985,0.30897,0.96463,0.06788,0.94874,0.13879,0.58474,0.70369,0.31607,0.80533,0.17012,0.90303],"triangles":[19,10,0,4,23,3,22,23,6,23,22,3,3,16,2,16,15,2,15,1,2,3,22,16,4,5,23,6,23,5,18,0,1,16,21,15,15,17,1,20,19,0,22,21,16,17,18,1,21,17,15,18,20,0,22,11,21,22,6,11,6,7,11,11,12,21,21,12,17,7,8,11,11,8,12,12,13,17,17,13,18,12,8,13,13,14,18,13,8,14,18,14,20,20,14,19,14,9,19,14,8,9,19,9,10],"vertices":[1,47,-15.67,28.17,1,1,47,4.23,23.07,1,1,47,29.2,16.67,1,1,47,14.4,-41.07,1,1,47,6.85,-70.51,1,1,47,-5.16,-67.44,1,2,48,28.45,60.82,0.5,47,-8.31,-66.63,0.5,1,48,31.09,59.15,1,1,48,61.7,39.76,1,1,48,16.99,-30.84,1,2,48,13.54,-36.27,0.5,47,-24.07,30.33,0.5,1,48,18.86,35.22,1,1,48,14.4,13.53,1,1,48,14.28,-0.19,1,1,48,15.25,-21.02,1,1,47,17.92,0.57,1,1,47,19.71,-15.46,1,2,48,-0.81,0.28,0.5,47,0.85,-0.02,0.5,2,48,3.05,-21.09,0.5,47,-9.4,19.12,0.5,2,48,12.09,-31.59,0.5,47,-21.25,26.31,0.5,2,48,9.56,-28.29,0.5,47,-17.82,23.96,0.5,2,48,0.84,16.01,0.5,47,4.14,-15.49,0.5,2,48,9.06,39.43,0.5,47,3.54,-40.3,0.5,1,47,5.49,-54.36,1],"hull":11,"edges":[14,16,16,18,18,20,4,2,2,0,0,20,4,6,6,8,8,10,10,12,12,14],"width":90,"height":55}},"zui2":{"zui2":{"type":"mesh","uvs":[1,1,0,1,0,0,1,0],"triangles":[1,2,3,1,3,0],"vertices":[1,58,31.29,-6.69,1,1,58,-34.71,-6.69,1,1,58,-34.71,2.31,1,1,58,31.29,2.31,1],"hull":4,"edges":[0,2,2,4,4,6,0,6],"width":66,"height":9}}}},"animations":{"tiaoxing1":{"slots":{"meimao":{"attachment":[{"time":0,"name":"meimao"}]},"shenti":{"attachment":[{"time":0,"name":"shenti"}]},"tou":{"attachment":[{"time":0,"name":"tou"}]},"yan1":{"attachment":[{"time":0,"name":"yan1"}]},"yan2":{"attachment":[{"time":0,"name":"yan2"}]},"yan3":{"attachment":[{"time":0,"name":"yan3"}]},"zui":{"attachment":[{"time":0,"name":"zui"}]}},"bones":{"root":{"translate":[{"time":0,"x":222.56,"y":190.29}]},"bone2":{"translate":[{"time":0,"x":0,"y":0,"curve":[0.25,0,0.75,1]},{"time":0.7,"x":5.71,"y":-0.04,"curve":[0.25,0,0.75,1]},{"time":0.7667,"x":-4.5,"y":0.03,"curve":[0.25,0,0.75,1]},{"time":0.8667,"x":2.71,"y":-0.02,"curve":[0.25,0,0.75,1]},{"time":0.9667,"x":-8.5,"y":0.05,"curve":[0.25,0,0.75,1]},{"time":1.0667,"x":5.21,"y":-0.03,"curve":[0.25,0,0.75,1]},{"time":1.1667,"x":-7.5,"y":0.05,"curve":[0.25,0,0.75,1]},{"time":1.2333,"x":0,"y":0,"curve":"stepped"},{"time":1.5,"x":0,"y":0}]},"bone4":{"rotate":[{"time":0,"angle":0,"curve":[0.25,0,0.75,1]},{"time":0.7,"angle":-12.68,"curve":[0.25,0,0.75,1]},{"time":0.7667,"angle":2.52,"curve":[0.25,0,0.75,1]},{"time":0.8667,"angle":-12.68,"curve":[0.25,0,0.75,1]},{"time":0.9667,"angle":2.52,"curve":[0.25,0,0.75,1]},{"time":1.0667,"angle":-12.68,"curve":[0.25,0,0.75,1]},{"time":1.1667,"angle":2.52,"curve":[0.25,0,0.75,1]},{"time":1.2,"angle":0}]},"bone5":{"rotate":[{"time":0,"angle":0,"curve":[0.25,0,0.75,1]},{"time":0.7,"angle":3.58,"curve":[0.25,0,0.75,1]},{"time":0.7667,"angle":7.85,"curve":[0.25,0,0.75,1]},{"time":0.8667,"angle":3.58,"curve":[0.25,0,0.75,1]},{"time":0.9667,"angle":7.85,"curve":[0.25,0,0.75,1]},{"time":1.0667,"angle":3.58,"curve":[0.25,0,0.75,1]},{"time":1.1667,"angle":7.85,"curve":[0.25,0,0.75,1]},{"time":1.2333,"angle":0,"curve":"stepped"},{"time":1.5,"angle":0}]},"bone6":{"rotate":[{"time":0,"angle":0,"curve":[0.25,0,0.75,1]},{"time":0.7,"angle":5.77,"curve":[0.25,0,0.75,1]},{"time":0.7667,"angle":-3.02,"curve":[0.25,0,0.75,1]},{"time":0.8667,"angle":5.77,"curve":[0.25,0,0.75,1]},{"time":0.9667,"angle":-3.02,"curve":[0.25,0,0.75,1]},{"time":1.0667,"angle":5.77,"curve":[0.25,0,0.75,1]},{"time":1.1667,"angle":-3.02,"curve":[0.25,0,0.75,1]},{"time":1.2,"angle":0}]},"bone3":{"rotate":[{"time":0,"angle":0}],"translate":[{"time":0,"x":0,"y":0}]},"bone24":{"rotate":[{"time":0,"angle":0,"curve":"stepped"},{"time":0.7,"angle":0,"curve":[0.25,0,0.75,1]},{"time":0.7333,"angle":1.65,"curve":[0.25,0,0.75,1]},{"time":0.8,"angle":0,"curve":[0.25,0,0.75,1]},{"time":0.8667,"angle":1.65,"curve":[0.25,0,0.75,1]},{"time":0.9333,"angle":0,"curve":[0.25,0,0.75,1]},{"time":1,"angle":1.65,"curve":[0.25,0,0.75,1]},{"time":1.0667,"angle":0,"curve":[0.25,0,0.75,1]},{"time":1.1333,"angle":1.65,"curve":[0.25,0,0.75,1]},{"time":1.2,"angle":0}],"translate":[{"time":0,"x":0,"y":0,"curve":"stepped"},{"time":0.7,"x":0,"y":0,"curve":[0.25,0,0.75,1]},{"time":0.7333,"x":-0.39,"y":1.14,"curve":[0.25,0,0.75,1]},{"time":0.8,"x":0,"y":0,"curve":[0.25,0,0.75,1]},{"time":0.8667,"x":-0.39,"y":1.14,"curve":[0.25,0,0.75,1]},{"time":0.9333,"x":0,"y":0,"curve":[0.25,0,0.75,1]},{"time":1,"x":-0.39,"y":1.14,"curve":[0.25,0,0.75,1]},{"time":1.0667,"x":0,"y":0,"curve":[0.25,0,0.75,1]},{"time":1.1333,"x":-0.39,"y":1.14,"curve":[0.25,0,0.75,1]},{"time":1.2,"x":0,"y":0}]},"bone9":{"rotate":[{"time":0,"angle":0,"curve":"stepped"},{"time":0.7,"angle":0,"curve":[0.25,0,0.75,1]},{"time":0.7333,"angle":5.01,"curve":[0.25,0,0.75,1]},{"time":0.8,"angle":0,"curve":[0.25,0,0.75,1]},{"time":0.8667,"angle":5.01,"curve":[0.25,0,0.75,1]},{"time":0.9333,"angle":0,"curve":[0.25,0,0.75,1]},{"time":1,"angle":5.01,"curve":[0.25,0,0.75,1]},{"time":1.0667,"angle":0,"curve":[0.25,0,0.75,1]},{"time":1.1333,"angle":5.01,"curve":[0.25,0,0.75,1]},{"time":1.2,"angle":0}],"translate":[{"time":0,"x":0,"y":0,"curve":"stepped"},{"time":0.7,"x":0,"y":0,"curve":[0.25,0,0.75,1]},{"time":0.7333,"x":0.16,"y":0.99,"curve":[0.25,0,0.75,1]},{"time":0.8,"x":0,"y":0,"curve":[0.25,0,0.75,1]},{"time":0.8667,"x":0.16,"y":0.99,"curve":[0.25,0,0.75,1]},{"time":0.9333,"x":0,"y":0,"curve":[0.25,0,0.75,1]},{"time":1,"x":0.16,"y":0.99,"curve":[0.25,0,0.75,1]},{"time":1.0667,"x":0,"y":0,"curve":[0.25,0,0.75,1]},{"time":1.1333,"x":0.16,"y":0.99,"curve":[0.25,0,0.75,1]},{"time":1.2,"x":0,"y":0}]},"bone10":{"rotate":[{"time":0,"angle":0,"curve":"stepped"},{"time":0.7,"angle":0,"curve":[0.25,0,0.75,1]},{"time":0.7333,"angle":2.98,"curve":[0.25,0,0.75,1]},{"time":0.8,"angle":0,"curve":[0.25,0,0.75,1]},{"time":0.8667,"angle":2.98,"curve":[0.25,0,0.75,1]},{"time":0.9333,"angle":0,"curve":[0.25,0,0.75,1]},{"time":1,"angle":2.98,"curve":[0.25,0,0.75,1]},{"time":1.0667,"angle":0,"curve":[0.25,0,0.75,1]},{"time":1.1333,"angle":2.98,"curve":[0.25,0,0.75,1]},{"time":1.2,"angle":0}],"translate":[{"time":0,"x":0,"y":0,"curve":"stepped"},{"time":0.7,"x":0,"y":0,"curve":[0.25,0,0.75,1]},{"time":0.7333,"x":-0.45,"y":1.82,"curve":[0.25,0,0.75,1]},{"time":0.8,"x":0,"y":0,"curve":[0.25,0,0.75,1]},{"time":0.8667,"x":-0.45,"y":1.82,"curve":[0.25,0,0.75,1]},{"time":0.9333,"x":0,"y":0,"curve":[0.25,0,0.75,1]},{"time":1,"x":-0.45,"y":1.82,"curve":[0.25,0,0.75,1]},{"time":1.0667,"x":0,"y":0,"curve":[0.25,0,0.75,1]},{"time":1.1333,"x":-0.45,"y":1.82,"curve":[0.25,0,0.75,1]},{"time":1.2,"x":0,"y":0}]},"bone25":{"rotate":[{"time":0,"angle":0,"curve":"stepped"},{"time":0.7,"angle":0,"curve":[0.25,0,0.75,1]},{"time":0.7333,"angle":-7.91,"curve":[0.25,0,0.75,1]},{"time":0.8,"angle":0,"curve":[0.25,0,0.75,1]},{"time":0.8667,"angle":-7.91,"curve":[0.25,0,0.75,1]},{"time":0.9333,"angle":0,"curve":[0.25,0,0.75,1]},{"time":1,"angle":-7.91,"curve":[0.25,0,0.75,1]},{"time":1.0667,"angle":0,"curve":[0.25,0,0.75,1]},{"time":1.1333,"angle":-7.91,"curve":[0.25,0,0.75,1]},{"time":1.2,"angle":0}],"translate":[{"time":0,"x":0,"y":0,"curve":"stepped"},{"time":0.7,"x":0,"y":0,"curve":[0.25,0,0.75,1]},{"time":0.7333,"x":-0.3,"y":0.38,"curve":[0.25,0,0.75,1]},{"time":0.8,"x":0,"y":0,"curve":[0.25,0,0.75,1]},{"time":0.8667,"x":-0.3,"y":0.38,"curve":[0.25,0,0.75,1]},{"time":0.9333,"x":0,"y":0,"curve":[0.25,0,0.75,1]},{"time":1,"x":-0.3,"y":0.38,"curve":[0.25,0,0.75,1]},{"time":1.0667,"x":0,"y":0,"curve":[0.25,0,0.75,1]},{"time":1.1333,"x":-0.3,"y":0.38,"curve":[0.25,0,0.75,1]},{"time":1.2,"x":0,"y":0}]},"bone26":{"rotate":[{"time":0,"angle":0,"curve":"stepped"},{"time":0.7,"angle":0,"curve":[0.25,0,0.75,1]},{"time":0.7333,"angle":-9.81,"curve":[0.25,0,0.75,1]},{"time":0.8,"angle":0,"curve":[0.25,0,0.75,1]},{"time":0.8667,"angle":-9.81,"curve":[0.25,0,0.75,1]},{"time":0.9333,"angle":0,"curve":[0.25,0,0.75,1]},{"time":1,"angle":-9.81,"curve":[0.25,0,0.75,1]},{"time":1.0667,"angle":0,"curve":[0.25,0,0.75,1]},{"time":1.1333,"angle":-9.81,"curve":[0.25,0,0.75,1]},{"time":1.2,"angle":0}],"translate":[{"time":0,"x":0,"y":0,"curve":"stepped"},{"time":0.7,"x":0,"y":0,"curve":[0.25,0,0.75,1]},{"time":0.7333,"x":1.6,"y":-0.09,"curve":[0.25,0,0.75,1]},{"time":0.8,"x":0,"y":0,"curve":[0.25,0,0.75,1]},{"time":0.8667,"x":1.6,"y":-0.09,"curve":[0.25,0,0.75,1]},{"time":0.9333,"x":0,"y":0,"curve":[0.25,0,0.75,1]},{"time":1,"x":1.6,"y":-0.09,"curve":[0.25,0,0.75,1]},{"time":1.0667,"x":0,"y":0,"curve":[0.25,0,0.75,1]},{"time":1.1333,"x":1.6,"y":-0.09,"curve":[0.25,0,0.75,1]},{"time":1.2,"x":0,"y":0}]},"bone27":{"rotate":[{"time":0,"angle":0,"curve":"stepped"},{"time":0.7,"angle":0,"curve":[0.25,0,0.75,1]},{"time":0.7333,"angle":-16.22,"curve":[0.25,0,0.75,1]},{"time":0.8,"angle":0,"curve":[0.25,0,0.75,1]},{"time":0.8667,"angle":-16.22,"curve":[0.25,0,0.75,1]},{"time":0.9333,"angle":0,"curve":[0.25,0,0.75,1]},{"time":1,"angle":-16.22,"curve":[0.25,0,0.75,1]},{"time":1.0667,"angle":0,"curve":[0.25,0,0.75,1]},{"time":1.1333,"angle":-16.22,"curve":[0.25,0,0.75,1]},{"time":1.2,"angle":0}]},"bone30":{"rotate":[{"time":0,"angle":0,"curve":"stepped"},{"time":0.7,"angle":0,"curve":"stepped"},{"time":0.8,"angle":0,"curve":"stepped"},{"time":0.9333,"angle":0,"curve":"stepped"},{"time":1.0667,"angle":0,"curve":"stepped"},{"time":1.2,"angle":0}],"translate":[{"time":0,"x":0,"y":0,"curve":"stepped"},{"time":0.7,"x":0,"y":0,"curve":[0.25,0,0.75,1]},{"time":0.7333,"x":4.49,"y":-0.02,"curve":[0.25,0,0.75,1]},{"time":0.8,"x":0,"y":0,"curve":[0.25,0,0.75,1]},{"time":0.8667,"x":4.49,"y":-0.02,"curve":[0.25,0,0.75,1]},{"time":0.9333,"x":0,"y":0,"curve":[0.25,0,0.75,1]},{"time":1,"x":4.49,"y":-0.02,"curve":[0.25,0,0.75,1]},{"time":1.0667,"x":0,"y":0,"curve":[0.25,0,0.75,1]},{"time":1.1333,"x":4.49,"y":-0.02,"curve":[0.25,0,0.75,1]},{"time":1.2,"x":0,"y":0}]},"bone15":{"rotate":[{"time":0.7,"angle":0,"curve":[0.25,0,0.75,1]},{"time":0.7333,"angle":5.97,"curve":[0.25,0,0.75,1]},{"time":0.8,"angle":0,"curve":[0.25,0,0.75,1]},{"time":0.8667,"angle":5.97,"curve":[0.25,0,0.75,1]},{"time":0.9333,"angle":0,"curve":[0.25,0,0.75,1]},{"time":1,"angle":5.97,"curve":[0.25,0,0.75,1]},{"time":1.0667,"angle":0,"curve":[0.25,0,0.75,1]},{"time":1.1333,"angle":5.97,"curve":[0.25,0,0.75,1]},{"time":1.2,"angle":0}],"translate":[{"time":0.7,"x":0,"y":0,"curve":[0.25,0,0.75,1]},{"time":0.7333,"x":-0.44,"y":3.38,"curve":[0.25,0,0.75,1]},{"time":0.8,"x":0,"y":0,"curve":[0.25,0,0.75,1]},{"time":0.8667,"x":-0.44,"y":3.38,"curve":[0.25,0,0.75,1]},{"time":0.9333,"x":0,"y":0,"curve":[0.25,0,0.75,1]},{"time":1,"x":-0.44,"y":3.38,"curve":[0.25,0,0.75,1]},{"time":1.0667,"x":0,"y":0,"curve":[0.25,0,0.75,1]},{"time":1.1333,"x":-0.44,"y":3.38,"curve":[0.25,0,0.75,1]},{"time":1.2,"x":0,"y":0}]},"bone28":{"rotate":[{"time":0,"angle":0,"curve":"stepped"},{"time":0.7,"angle":0,"curve":[0.25,0,0.75,1]},{"time":0.7333,"angle":18.47,"curve":[0.25,0,0.75,1]},{"time":0.8,"angle":0,"curve":[0.25,0,0.75,1]},{"time":0.8667,"angle":18.47,"curve":[0.25,0,0.75,1]},{"time":0.9333,"angle":0,"curve":[0.25,0,0.75,1]},{"time":1,"angle":18.47,"curve":[0.25,0,0.75,1]},{"time":1.0667,"angle":0,"curve":[0.25,0,0.75,1]},{"time":1.1333,"angle":18.47,"curve":[0.25,0,0.75,1]},{"time":1.2,"angle":0}],"translate":[{"time":0,"x":0,"y":0,"curve":"stepped"},{"time":0.7,"x":0,"y":0,"curve":[0.25,0,0.75,1]},{"time":0.7333,"x":1.98,"y":1.88,"curve":[0.25,0,0.75,1]},{"time":0.8,"x":0,"y":0,"curve":[0.25,0,0.75,1]},{"time":0.8667,"x":1.98,"y":1.88,"curve":[0.25,0,0.75,1]},{"time":0.9333,"x":0,"y":0,"curve":[0.25,0,0.75,1]},{"time":1,"x":1.98,"y":1.88,"curve":[0.25,0,0.75,1]},{"time":1.0667,"x":0,"y":0,"curve":[0.25,0,0.75,1]},{"time":1.1333,"x":1.98,"y":1.88,"curve":[0.25,0,0.75,1]},{"time":1.2,"x":0,"y":0}]},"bone12":{"rotate":[{"time":0.7,"angle":0,"curve":[0.25,0,0.75,1]},{"time":0.7333,"angle":-10.43,"curve":[0.25,0,0.75,1]},{"time":0.8,"angle":0,"curve":[0.25,0,0.75,1]},{"time":0.8667,"angle":-7.74,"curve":[0.25,0,0.75,1]},{"time":0.9333,"angle":0,"curve":[0.25,0,0.75,1]},{"time":1,"angle":-7.74,"curve":[0.25,0,0.75,1]},{"time":1.0667,"angle":0,"curve":[0.25,0,0.75,1]},{"time":1.1333,"angle":-7.74,"curve":[0.25,0,0.75,1]},{"time":1.2,"angle":0}],"translate":[{"time":0.7,"x":0,"y":0,"curve":[0.25,0,0.75,1]},{"time":0.7333,"x":0.4,"y":-0.71,"curve":[0.25,0,0.75,1]},{"time":0.8,"x":0,"y":0,"curve":[0.25,0,0.75,1]},{"time":0.8667,"x":0.4,"y":-0.71,"curve":[0.25,0,0.75,1]},{"time":0.9333,"x":0,"y":0,"curve":[0.25,0,0.75,1]},{"time":1,"x":0.4,"y":-0.71,"curve":[0.25,0,0.75,1]},{"time":1.0667,"x":0,"y":0,"curve":[0.25,0,0.75,1]},{"time":1.1333,"x":0.4,"y":-0.71,"curve":[0.25,0,0.75,1]},{"time":1.2,"x":0,"y":0}]},"bone11":{"rotate":[{"time":0.7,"angle":0,"curve":[0.25,0,0.75,1]},{"time":0.7333,"angle":-15.95,"curve":[0.25,0,0.75,1]},{"time":0.8,"angle":0,"curve":[0.25,0,0.75,1]},{"time":0.8667,"angle":-8.29,"curve":[0.25,0,0.75,1]},{"time":0.9333,"angle":0,"curve":[0.25,0,0.75,1]},{"time":1,"angle":-8.29,"curve":[0.25,0,0.75,1]},{"time":1.0667,"angle":0,"curve":[0.25,0,0.75,1]},{"time":1.1333,"angle":-8.29,"curve":[0.25,0,0.75,1]},{"time":1.2,"angle":0}],"translate":[{"time":0.7,"x":0,"y":0}]},"bone13":{"rotate":[{"time":0.7,"angle":0,"curve":[0.25,0,0.75,1]},{"time":0.7333,"angle":3.16,"curve":[0.25,0,0.75,1]},{"time":0.8,"angle":0,"curve":[0.25,0,0.75,1]},{"time":0.8667,"angle":3.16,"curve":[0.25,0,0.75,1]},{"time":0.9333,"angle":0,"curve":[0.25,0,0.75,1]},{"time":1,"angle":3.16,"curve":[0.25,0,0.75,1]},{"time":1.0667,"angle":0,"curve":[0.25,0,0.75,1]},{"time":1.1333,"angle":3.16,"curve":[0.25,0,0.75,1]},{"time":1.2,"angle":0}],"translate":[{"time":0.7,"x":0,"y":0,"curve":[0.25,0,0.75,1]},{"time":0.7333,"x":1.37,"y":0.95,"curve":[0.25,0,0.75,1]},{"time":0.8,"x":0,"y":0,"curve":[0.25,0,0.75,1]},{"time":0.8667,"x":1.37,"y":0.95,"curve":[0.25,0,0.75,1]},{"time":0.9333,"x":0,"y":0,"curve":[0.25,0,0.75,1]},{"time":1,"x":1.37,"y":0.95,"curve":[0.25,0,0.75,1]},{"time":1.0667,"x":0,"y":0,"curve":[0.25,0,0.75,1]},{"time":1.1333,"x":1.37,"y":0.95,"curve":[0.25,0,0.75,1]},{"time":1.2,"x":0,"y":0}]},"bone14":{"rotate":[{"time":0.7,"angle":0,"curve":[0.25,0,0.75,1]},{"time":0.7333,"angle":3.44,"curve":[0.25,0,0.75,1]},{"time":0.8,"angle":0,"curve":[0.25,0,0.75,1]},{"time":0.8667,"angle":3.44,"curve":[0.25,0,0.75,1]},{"time":0.9333,"angle":0,"curve":[0.25,0,0.75,1]},{"time":1,"angle":3.44,"curve":[0.25,0,0.75,1]},{"time":1.0667,"angle":0,"curve":[0.25,0,0.75,1]},{"time":1.1333,"angle":3.44,"curve":[0.25,0,0.75,1]},{"time":1.2,"angle":0}],"translate":[{"time":0.7,"x":0,"y":0,"curve":[0.25,0,0.75,1]},{"time":0.7333,"x":1.23,"y":0.19,"curve":[0.25,0,0.75,1]},{"time":0.8,"x":0,"y":0,"curve":[0.25,0,0.75,1]},{"time":0.8667,"x":1.23,"y":0.19,"curve":[0.25,0,0.75,1]},{"time":0.9333,"x":0,"y":0,"curve":[0.25,0,0.75,1]},{"time":1,"x":1.23,"y":0.19,"curve":[0.25,0,0.75,1]},{"time":1.0667,"x":0,"y":0,"curve":[0.25,0,0.75,1]},{"time":1.1333,"x":1.23,"y":0.19,"curve":[0.25,0,0.75,1]},{"time":1.2,"x":0,"y":0}]},"bone29":{"rotate":[{"time":0.7,"angle":0,"curve":[0.25,0,0.75,1]},{"time":0.7333,"angle":16.35,"curve":[0.25,0,0.75,1]},{"time":0.8,"angle":0,"curve":[0.25,0,0.75,1]},{"time":0.8667,"angle":16.35,"curve":[0.25,0,0.75,1]},{"time":0.9333,"angle":0,"curve":[0.25,0,0.75,1]},{"time":1,"angle":16.35,"curve":[0.25,0,0.75,1]},{"time":1.0667,"angle":0,"curve":[0.25,0,0.75,1]},{"time":1.1333,"angle":16.35,"curve":[0.25,0,0.75,1]},{"time":1.2,"angle":0}],"translate":[{"time":0.7,"x":0,"y":0,"curve":"stepped"},{"time":0.8,"x":0,"y":0,"curve":"stepped"},{"time":0.9333,"x":0,"y":0,"curve":"stepped"},{"time":1.0667,"x":0,"y":0,"curve":"stepped"},{"time":1.2,"x":0,"y":0}]},"bone31":{"rotate":[{"time":0,"angle":0}],"translate":[{"time":0,"x":0,"y":0}],"scale":[{"time":0,"x":1,"y":1,"curve":[0.25,0,0.75,1]},{"time":0.6667,"x":0.5,"y":1.2,"curve":[0.25,0,0.75,1]},{"time":0.7333,"x":0.8,"y":1.1,"curve":[0.25,0,0.75,1]},{"time":0.8,"x":0.5,"y":1.2,"curve":[0.25,0,0.75,1]},{"time":0.8667,"x":0.8,"y":1.1,"curve":[0.25,0,0.75,1]},{"time":0.9333,"x":0.5,"y":1.2,"curve":[0.25,0,0.75,1]},{"time":1,"x":0.8,"y":1.1,"curve":[0.25,0,0.75,1]},{"time":1.0667,"x":0.5,"y":1.2,"curve":[0.25,0,0.75,1]},{"time":1.1333,"x":0.8,"y":1.1,"curve":[0.25,0,0.75,1]},{"time":1.2,"x":0.5,"y":1.2,"curve":[0.25,0,0.75,1]},{"time":1.2333,"x":1,"y":1,"curve":"stepped"},{"time":1.5,"x":1,"y":1}]},"bone32":{"rotate":[{"time":0,"angle":0}],"translate":[{"time":0,"x":0,"y":0}],"scale":[{"time":0,"x":1,"y":1,"curve":[0.25,0,0.75,1]},{"time":0.6667,"x":0.5,"y":1.3,"curve":[0.25,0,0.75,1]},{"time":0.7333,"x":0.8,"y":1.1,"curve":[0.25,0,0.75,1]},{"time":0.8,"x":0.5,"y":1.3,"curve":[0.25,0,0.75,1]},{"time":0.8667,"x":0.8,"y":1.1,"curve":[0.25,0,0.75,1]},{"time":0.9333,"x":0.5,"y":1.3,"curve":[0.25,0,0.75,1]},{"time":1,"x":0.8,"y":1.1,"curve":[0.25,0,0.75,1]},{"time":1.0667,"x":0.5,"y":1.3,"curve":[0.25,0,0.75,1]},{"time":1.1333,"x":0.8,"y":1.1,"curve":[0.25,0,0.75,1]},{"time":1.2,"x":0.5,"y":1.3,"curve":[0.25,0,0.75,1]},{"time":1.2333,"x":1,"y":1,"curve":"stepped"},{"time":1.5,"x":1,"y":1}]},"bone36":{"rotate":[{"time":0,"angle":0,"curve":[0.25,0,0.75,1]},{"time":0.6667,"angle":-5.46},{"time":0.7333,"angle":0,"curve":[0.25,0,0.75,1]},{"time":0.8,"angle":-5.46},{"time":0.8667,"angle":0,"curve":[0.25,0,0.75,1]},{"time":0.9333,"angle":-5.46},{"time":1,"angle":0,"curve":[0.25,0,0.75,1]},{"time":1.0667,"angle":-5.46},{"time":1.1333,"angle":0}],"translate":[{"time":0,"x":0,"y":0,"curve":[0.25,0,0.75,1]},{"time":0.6667,"x":16.88,"y":-0.16},{"time":0.7333,"x":0,"y":0,"curve":[0.25,0,0.75,1]},{"time":0.8,"x":16.88,"y":-0.16},{"time":0.8667,"x":0,"y":0,"curve":[0.25,0,0.75,1]},{"time":0.9333,"x":16.88,"y":-0.16},{"time":1,"x":0,"y":0,"curve":[0.25,0,0.75,1]},{"time":1.0667,"x":16.88,"y":-0.16},{"time":1.1333,"x":0,"y":0}]},"bone37":{"rotate":[{"time":0,"angle":0,"curve":[0.25,0,0.75,1]},{"time":0.6667,"angle":8.29,"curve":[0.25,0,0.75,1]},{"time":0.7333,"angle":0,"curve":[0.25,0,0.75,1]},{"time":0.8,"angle":8.29,"curve":[0.25,0,0.75,1]},{"time":0.8667,"angle":0,"curve":[0.25,0,0.75,1]},{"time":0.9333,"angle":8.29,"curve":[0.25,0,0.75,1]},{"time":1,"angle":0,"curve":[0.25,0,0.75,1]},{"time":1.0667,"angle":8.29,"curve":[0.25,0,0.75,1]},{"time":1.1333,"angle":0}],"translate":[{"time":0,"x":0,"y":0,"curve":[0.25,0,0.75,1]},{"time":0.6667,"x":-10.96,"y":-1.59,"curve":[0.25,0,0.75,1]},{"time":0.7333,"x":0,"y":0,"curve":[0.25,0,0.75,1]},{"time":0.8,"x":-10.96,"y":-1.59,"curve":[0.25,0,0.75,1]},{"time":0.8667,"x":0,"y":0,"curve":[0.25,0,0.75,1]},{"time":0.9333,"x":-10.96,"y":-1.59,"curve":[0.25,0,0.75,1]},{"time":1,"x":0,"y":0,"curve":[0.25,0,0.75,1]},{"time":1.0667,"x":-10.96,"y":-1.59,"curve":[0.25,0,0.75,1]},{"time":1.1333,"x":0,"y":0}]},"bone38":{"rotate":[{"time":0,"angle":0,"curve":[0.25,0,0.75,1]},{"time":0.6667,"angle":5.23,"curve":[0.25,0,0.75,1]},{"time":0.7333,"angle":0,"curve":[0.25,0,0.75,1]},{"time":0.8,"angle":5.23,"curve":[0.25,0,0.75,1]},{"time":0.8667,"angle":0,"curve":[0.25,0,0.75,1]},{"time":0.9333,"angle":5.23,"curve":[0.25,0,0.75,1]},{"time":1,"angle":0,"curve":[0.25,0,0.75,1]},{"time":1.0667,"angle":5.23,"curve":[0.25,0,0.75,1]},{"time":1.1333,"angle":0}]},"bone20":{"rotate":[{"time":0,"angle":0,"curve":[0.25,0,0.75,1]},{"time":0.6667,"angle":6.01,"curve":[0.25,0,0.75,1]},{"time":0.7333,"angle":0,"curve":[0.25,0,0.75,1]},{"time":0.8,"angle":6.01,"curve":[0.25,0,0.75,1]},{"time":0.8667,"angle":0,"curve":[0.25,0,0.75,1]},{"time":0.9333,"angle":6.01,"curve":[0.25,0,0.75,1]},{"time":1,"angle":0,"curve":[0.25,0,0.75,1]},{"time":1.0667,"angle":6.01,"curve":[0.25,0,0.75,1]},{"time":1.1333,"angle":0}]},"bone21":{"rotate":[{"time":0,"angle":0,"curve":[0.25,0,0.75,1]},{"time":0.6667,"angle":3.6,"curve":[0.25,0,0.75,1]},{"time":0.7333,"angle":0,"curve":[0.25,0,0.75,1]},{"time":0.8,"angle":3.6,"curve":[0.25,0,0.75,1]},{"time":0.8667,"angle":0,"curve":[0.25,0,0.75,1]},{"time":0.9333,"angle":3.6,"curve":[0.25,0,0.75,1]},{"time":1,"angle":0,"curve":[0.25,0,0.75,1]},{"time":1.0667,"angle":3.6,"curve":[0.25,0,0.75,1]},{"time":1.1333,"angle":0}]},"bone22":{"rotate":[{"time":0,"angle":0,"curve":[0.25,0,0.75,1]},{"time":0.6667,"angle":-2.13,"curve":[0.25,0,0.75,1]},{"time":0.7333,"angle":0,"curve":[0.25,0,0.75,1]},{"time":0.8,"angle":-2.13,"curve":[0.25,0,0.75,1]},{"time":0.8667,"angle":0,"curve":[0.25,0,0.75,1]},{"time":0.9333,"angle":-2.13,"curve":[0.25,0,0.75,1]},{"time":1,"angle":0,"curve":[0.25,0,0.75,1]},{"time":1.0667,"angle":-2.13,"curve":[0.25,0,0.75,1]},{"time":1.1333,"angle":0}],"translate":[{"time":0,"x":0,"y":0,"curve":[0.25,0,0.75,1]},{"time":0.6667,"x":-0.35,"y":0.91,"curve":[0.25,0,0.75,1]},{"time":0.7333,"x":0,"y":0,"curve":[0.25,0,0.75,1]},{"time":0.8,"x":-0.35,"y":0.91,"curve":[0.25,0,0.75,1]},{"time":0.8667,"x":0,"y":0,"curve":[0.25,0,0.75,1]},{"time":0.9333,"x":-0.35,"y":0.91,"curve":[0.25,0,0.75,1]},{"time":1,"x":0,"y":0,"curve":[0.25,0,0.75,1]},{"time":1.0667,"x":-0.35,"y":0.91,"curve":[0.25,0,0.75,1]},{"time":1.1333,"x":0,"y":0}]},"bone16":{"rotate":[{"time":0,"angle":0,"curve":[0.25,0,0.75,1]},{"time":0.6667,"angle":-3.84,"curve":[0.25,0,0.75,1]},{"time":0.7333,"angle":0,"curve":[0.25,0,0.75,1]},{"time":0.8,"angle":-3.84,"curve":[0.25,0,0.75,1]},{"time":0.8667,"angle":0,"curve":[0.25,0,0.75,1]},{"time":0.9333,"angle":-3.84,"curve":[0.25,0,0.75,1]},{"time":1,"angle":0,"curve":[0.25,0,0.75,1]},{"time":1.0667,"angle":-3.84,"curve":[0.25,0,0.75,1]},{"time":1.1333,"angle":0}]},"bone17":{"rotate":[{"time":0,"angle":0,"curve":[0.25,0,0.75,1]},{"time":0.6667,"angle":-9.36,"curve":[0.25,0,0.75,1]},{"time":0.7333,"angle":0,"curve":[0.25,0,0.75,1]},{"time":0.8,"angle":-9.36,"curve":[0.25,0,0.75,1]},{"time":0.8667,"angle":0,"curve":[0.25,0,0.75,1]},{"time":0.9333,"angle":-9.36,"curve":[0.25,0,0.75,1]},{"time":1,"angle":0,"curve":[0.25,0,0.75,1]},{"time":1.0667,"angle":-9.36,"curve":[0.25,0,0.75,1]},{"time":1.1333,"angle":0}]},"bone18":{"rotate":[{"time":0,"angle":0,"curve":[0.25,0,0.75,1]},{"time":0.6667,"angle":-15.19,"curve":[0.25,0,0.75,1]},{"time":0.7333,"angle":0,"curve":[0.25,0,0.75,1]},{"time":0.8,"angle":-15.19,"curve":[0.25,0,0.75,1]},{"time":0.8667,"angle":0,"curve":[0.25,0,0.75,1]},{"time":0.9333,"angle":-15.19,"curve":[0.25,0,0.75,1]},{"time":1,"angle":0,"curve":[0.25,0,0.75,1]},{"time":1.0667,"angle":-15.19,"curve":[0.25,0,0.75,1]},{"time":1.1333,"angle":0}]},"bone19":{"rotate":[{"time":0,"angle":0,"curve":[0.25,0,0.75,1]},{"time":0.6667,"angle":-1.84,"curve":[0.25,0,0.75,1]},{"time":0.7333,"angle":0,"curve":[0.25,0,0.75,1]},{"time":0.8,"angle":-1.84,"curve":[0.25,0,0.75,1]},{"time":0.8667,"angle":0,"curve":[0.25,0,0.75,1]},{"time":0.9333,"angle":-1.84,"curve":[0.25,0,0.75,1]},{"time":1,"angle":0,"curve":[0.25,0,0.75,1]},{"time":1.0667,"angle":-1.84,"curve":[0.25,0,0.75,1]},{"time":1.1333,"angle":0}],"translate":[{"time":0,"x":0,"y":0,"curve":[0.25,0,0.75,1]},{"time":0.6667,"x":-0.3,"y":-2.27,"curve":[0.25,0,0.75,1]},{"time":0.7333,"x":0,"y":0,"curve":[0.25,0,0.75,1]},{"time":0.8,"x":-0.3,"y":-2.27,"curve":[0.25,0,0.75,1]},{"time":0.8667,"x":0,"y":0,"curve":[0.25,0,0.75,1]},{"time":0.9333,"x":-0.3,"y":-2.27,"curve":[0.25,0,0.75,1]},{"time":1,"x":0,"y":0,"curve":[0.25,0,0.75,1]},{"time":1.0667,"x":-0.3,"y":-2.27,"curve":[0.25,0,0.75,1]},{"time":1.1333,"x":0,"y":0}]},"bone33":{"rotate":[{"time":0.6667,"angle":0}],"translate":[{"time":0.6667,"x":0,"y":0}],"scale":[{"time":0.6667,"x":1,"y":1}]}},"deform":{"default":{"yan3":{"yan3":[{"time":0,"offset":30,"vertices":[0.20374,-4.8E-4,0,0,0,0,0,0,0,0,0,0,0,0,0,0,0,0,0,0,0,0,0,0,0,0,0,0,0,0,0,0,0,0,0,0,0,0,0,0,0,0,0,0,0,0,0,0,0,0,0,0,0,0,0,0,0,0,0,0,0,0,0,0,0,0,0,0,0,0,0,0,0,0,0,0,0,0,0,0,0,0,0,0,0,0,0.20799],"curve":"stepped"},{"time":0.6667,"offset":30,"vertices":[0.20374,-4.8E-4,0,0,0,0,0,0,0,0,0,0,0,0,0,0,0,0,0,0,0,0,0,0,0,0,0,0,0,0,0,0,0,0,0,0,0,0,0,0,0,0,0,0,0,0,0,0,0,0,0,0,0,0,0,0,0,0,0,0,0,0,0,0,0,0,0,0,0,0,0,0,0,0,0,0,0,0,0,0,0,0,0,0,0,0,0.20799],"curve":[0.25,0,0.75,1]},{"time":0.7333,"offset":10,"vertices":[-3.05703,-0.59308,-4.58234,-0.48597,3.60767,-0.01439,5.59026,-0.02272,0.5751,-0.00225,4.17757,-0.01674,5.32526,-0.02122,5.56262,-0.82957,7.32764,-0.0293,6.57755,-0.02641,6.30237,0.27746,5.82376,-0.02337,3.96005,-0.01588,1.53003,-0.00615,0,0,0,0,-2.36075,-0.2931,-3.05007,0.3151,0,0,1.80386,-0.00719,3.05258,-0.01223,4.02382,-0.01613,4.57867,-0.01847,4.44002,-0.01783,4.57874,-0.01841,3.19127,-0.0128,1.80377,-0.00723,0,0,0,0,0,0,0,0,-0.34994,0.00144,1.77005,-0.00716,2.95003,-0.01195,3.54005,-0.01433,4.42532,-0.01799,4.42505,-0.01791,5.60509,-0.0227,5.47302,-0.02227,5.3401,-0.02166,5.02013,-0.02038,3.78512,-0.01535,3.11774,-0.01268,1.39763,-0.00572,0,0,0,0,0,0,-0.77977,0.0031,2.47009,-0.01001,4.55015,-0.01844,6.37018,-0.02582,6.76028,-0.02741,7.15076,-0.02909,5.01823,-0.01997,3.12009,-0.01264,0,0,0,0,0,0,0,0,0,0,0,0,1.18011,-0.00481,5.13375,-0.02064],"curve":[0.25,0,0.75,1]},{"time":0.8,"offset":116,"vertices":[0.20799],"curve":[0.25,0,0.75,1]},{"time":0.8667,"offset":10,"vertices":[-3.05703,-0.59308,-4.58234,-0.48597,3.60767,-0.01439,5.59026,-0.02272,0.5751,-0.00225,1.40261,-0.00557,2.55025,-0.01006,2.93256,-0.0117,3.44266,-0.0137,4.08006,-0.01637,4.08,-0.01637,3.18748,-0.01279,2.29502,-0.00921,1.53003,-0.00615,0,0,0,0,-2.36075,-0.2931,-3.05007,0.3151,0,0,1.80386,-0.00719,3.05258,-0.01223,4.02382,-0.01613,4.57867,-0.01847,4.44002,-0.01783,4.57874,-0.01841,3.19127,-0.0128,1.80377,-0.00723,0,0,0,0,0,0,0,0,-0.34994,0.00144,1.77005,-0.00716,2.95003,-0.01195,3.54005,-0.01433,4.42532,-0.01799,4.42505,-0.01791,5.60509,-0.0227,5.47302,-0.02227,5.3401,-0.02166,5.02013,-0.02038,3.78512,-0.01535,3.11774,-0.01268,1.39763,-0.00572,0,0,0,0,0,0,-0.77977,0.0031,2.47009,-0.01001,4.55015,-0.01844,6.37018,-0.02582,6.76028,-0.02741,7.15076,-0.02909,5.01823,-0.01997,3.12009,-0.01264,0,0,0,0,0,0,0,0,0,0,0,0,1.18011,-0.00481,5.13375,-0.02064],"curve":[0.25,0,0.75,1]},{"time":0.9333,"offset":116,"vertices":[0.20799],"curve":[0.25,0,0.75,1]},{"time":1,"offset":10,"vertices":[-3.05703,-0.59308,-4.58234,-0.48597,3.60767,-0.01439,5.59026,-0.02272,0.5751,-0.00225,1.40261,-0.00557,2.55025,-0.01006,2.93256,-0.0117,3.44266,-0.0137,4.08006,-0.01637,4.08,-0.01637,3.18748,-0.01279,2.29502,-0.00921,1.53003,-0.00615,0,0,0,0,-2.36075,-0.2931,-3.05007,0.3151,0,0,1.80386,-0.00719,3.05258,-0.01223,4.02382,-0.01613,4.57867,-0.01847,4.44002,-0.01783,4.57874,-0.01841,3.19127,-0.0128,1.80377,-0.00723,0,0,0,0,0,0,0,0,-0.34994,0.00144,1.77005,-0.00716,2.95003,-0.01195,3.54005,-0.01433,4.42532,-0.01799,4.42505,-0.01791,5.60509,-0.0227,5.47302,-0.02227,5.3401,-0.02166,5.02013,-0.02038,3.78512,-0.01535,3.11774,-0.01268,1.39763,-0.00572,0,0,0,0,0,0,-0.77977,0.0031,2.47009,-0.01001,4.55015,-0.01844,6.37018,-0.02582,6.76028,-0.02741,7.15076,-0.02909,5.01823,-0.01997,3.12009,-0.01264,0,0,0,0,0,0,0,0,0,0,0,0,1.18011,-0.00481,5.13375,-0.02064],"curve":[0.25,0,0.75,1]},{"time":1.0667,"offset":116,"vertices":[0.20799],"curve":[0.25,0,0.75,1]},{"time":1.1333,"offset":10,"vertices":[-3.05703,-0.59308,-4.58234,-0.48597,3.60767,-0.01439,5.59026,-0.02272,0.5751,-0.00225,1.40261,-0.00557,2.55025,-0.01006,2.93256,-0.0117,3.44266,-0.0137,4.08006,-0.01637,4.08,-0.01637,3.18748,-0.01279,2.29502,-0.00921,1.53003,-0.00615,0,0,0,0,-2.36075,-0.2931,-3.05007,0.3151,0,0,1.80386,-0.00719,3.05258,-0.01223,4.02382,-0.01613,4.57867,-0.01847,4.44002,-0.01783,4.57874,-0.01841,3.19127,-0.0128,1.80377,-0.00723,0,0,0,0,0,0,0,0,-0.34994,0.00144,1.77005,-0.00716,2.95003,-0.01195,3.54005,-0.01433,4.42532,-0.01799,4.42505,-0.01791,5.60509,-0.0227,5.47302,-0.02227,5.3401,-0.02166,5.02013,-0.02038,3.78512,-0.01535,3.11774,-0.01268,1.39763,-0.00572,0,0,0,0,0,0,-0.77977,0.0031,2.47009,-0.01001,4.55015,-0.01844,6.37018,-0.02582,6.76028,-0.02741,7.15076,-0.02909,5.01823,-0.01997,3.12009,-0.01264,0,0,0,0,0,0,0,0,0,0,0,0,1.18011,-0.00481,5.13375,-0.02064],"curve":[0.25,0,0.75,1]},{"time":1.2,"offset":116,"vertices":[0.20799]}]}}}},"tiaoxing2":{"slots":{"1/1_00000":{"attachment":[{"time":0.6667,"name":"1/1_00000"},{"time":0.7,"name":"1/1_00001"},{"time":0.7333,"name":"1/1_00002"},{"time":0.7667,"name":"1/1_00003"},{"time":0.8,"name":"1/1_00004"},{"time":0.8333,"name":"1/1_00005"},{"time":0.8667,"name":"1/1_00006"},{"time":0.9,"name":"1/1_00007"},{"time":0.9333,"name":"1/1_00008"},{"time":0.9667,"name":"1/1_00009"}]},"meimao":{"attachment":[{"time":0,"name":"meimao"},{"time":0.9,"name":null}]},"meimao1":{"attachment":[{"time":0,"name":null}]},"meimao2":{"attachment":[{"time":0,"name":null},{"time":0.7,"name":"meimao2"}]},"meimao3":{"attachment":[{"time":0,"name":"meimao3"}]},"shenti1":{"attachment":[{"time":0,"name":"shenti1"}]},"shenti3":{"attachment":[{"time":0,"name":"shenti3"}]},"shou1":{"attachment":[{"time":0,"name":"shou1"}]},"shou2":{"attachment":[{"time":0,"name":"shou2"}]},"shou3":{"attachment":[{"time":0,"name":"shou3"}]},"shou4":{"attachment":[{"time":0,"name":"shou4"}]},"shou5":{"attachment":[{"time":0,"name":"shou5"}]},"shou222_00000":{"attachment":[{"time":0,"name":null},{"time":1,"name":null},{"time":1.0333,"name":"shou222_00000"}]},"tou":{"attachment":[{"time":1.1,"name":null}]},"tou1":{"attachment":[{"time":0,"name":"tou1"},{"time":1.1,"name":"tou1"}]},"tou2":{"attachment":[{"time":0,"name":"tou2"}]},"toufa":{"attachment":[{"time":0,"name":"toufa"}]},"yan1":{"attachment":[{"time":0,"name":"yan1"},{"time":0.9,"name":null}]},"yan2":{"attachment":[{"time":0,"name":"yan2"},{"time":0.9,"name":null}]},"yan3":{"attachment":[{"time":0,"name":"yan3"},{"time":0.9,"name":null}]},"yan4":{"attachment":[{"time":0,"name":null},{"time":0.9,"name":"yan4"}]},"yan5":{"attachment":[{"time":0,"name":"yan5"},{"time":0.7,"name":null}]},"yan6":{"color":[{"time":1.1,"color":"fffffffe"},{"time":1.3333,"color":"ffffff00"},{"time":1.7,"color":"fffffffe"},{"time":1.9333,"color":"ffffff00"}],"attachment":[{"time":0,"name":null},{"time":0.8667,"name":null},{"time":0.9,"name":"yan6"},{"time":1.4667,"name":null},{"time":1.5,"name":"yan6"}]},"yan7":{"color":[{"time":1.1,"color":"fffffffe"},{"time":1.3333,"color":"ffffff00"},{"time":1.7,"color":"fffffffe"},{"time":1.9333,"color":"ffffff00"}],"attachment":[{"time":0,"name":null},{"time":0.8667,"name":null},{"time":0.9,"name":"yan7"},{"time":1.4667,"name":null},{"time":1.5,"name":"yan7"}]},"zui":{"attachment":[{"time":0,"name":"zui"},{"time":0.9,"name":null}]},"zui1":{"attachment":[{"time":0,"name":null},{"time":0.9,"name":"zui1"}]},"zui2":{"attachment":[{"time":0,"name":"zui2"},{"time":0.9,"name":"zui2"}]}},"bones":{"root":{"translate":[{"time":0,"x":246.92,"y":236.74}]},"bone33":{"translate":[{"time":0,"x":-86.8,"y":-12.26}]},"bone53":{"rotate":[{"time":0.6667,"angle":0}],"translate":[{"time":0,"x":18.18,"y":0.63},{"time":0.6667,"x":1.08,"y":-1.58}]},"bone42":{"rotate":[{"time":0,"angle":0,"curve":[0.25,0,0.75,1]},{"time":0.1667,"angle":6.51,"curve":[0.25,0,0.75,1]},{"time":0.3333,"angle":0,"curve":[0.25,0,0.75,1]},{"time":0.5,"angle":6.51,"curve":[0.25,0,0.75,1]},{"time":0.6667,"angle":0}]},"bone52":{"rotate":[{"time":0,"angle":0,"curve":"stepped"},{"time":0.6667,"angle":0}],"translate":[{"time":0,"x":0,"y":0},{"time":0.6667,"x":-19.45,"y":0.77}]},"bone44":{"rotate":[{"time":0,"angle":0,"curve":"stepped"},{"time":0.6667,"angle":0}],"translate":[{"time":0,"x":0,"y":0},{"time":0.6667,"x":-30.98,"y":1.22}]},"1":{"translate":[{"time":0.6667,"x":-72.82,"y":-7.37}]},"bone54":{"scale":[{"time":0.9,"x":1,"y":1},{"time":1.2,"x":1.52,"y":1.5},{"time":1.5,"x":1,"y":1},{"time":1.8,"x":1.52,"y":1.5}]},"bone55":{"translate":[{"time":0.9,"x":-0.04,"y":-2.48,"curve":"stepped"},{"time":1.5,"x":-0.04,"y":-2.48}],"scale":[{"time":0.9,"x":1,"y":1},{"time":1.2,"x":1.5,"y":1.5},{"time":1.5,"x":1,"y":1},{"time":1.8,"x":1.5,"y":1.5}]},"bone47":{"rotate":[{"time":0.9,"angle":0,"curve":"stepped"},{"time":1.0333,"angle":0,"curve":"stepped"},{"time":1.1667,"angle":0,"curve":"stepped"},{"time":1.3,"angle":0,"curve":"stepped"},{"time":1.4333,"angle":0,"curve":"stepped"},{"time":1.5667,"angle":0}],"translate":[{"time":0.9,"x":0,"y":0},{"time":0.9667,"x":-2.38,"y":0.61},{"time":1.0333,"x":0,"y":0},{"time":1.1,"x":-2.38,"y":0.61},{"time":1.1667,"x":0,"y":0},{"time":1.2333,"x":-2.38,"y":0.61},{"time":1.3,"x":0,"y":0},{"time":1.3667,"x":-2.38,"y":0.61},{"time":1.4333,"x":0,"y":0},{"time":1.5,"x":-2.38,"y":0.61},{"time":1.5667,"x":0,"y":0}]},"bone46":{"rotate":[{"time":0.9,"angle":0}],"translate":[{"time":0.9,"x":0,"y":0}]},"bone41":{"rotate":[{"time":0.9667,"angle":0,"curve":[0.25,0,0.75,1]},{"time":1.0333,"angle":253.61,"curve":[0.25,0,0.75,1]},{"time":1.1,"angle":247.03,"curve":[0.25,0,0.75,1]},{"time":1.1667,"angle":253.61,"curve":[0.25,0,0.75,1]},{"time":1.2333,"angle":247.03,"curve":[0.25,0,0.75,1]},{"time":1.3,"angle":253.61,"curve":[0.25,0,0.75,1]},{"time":1.3667,"angle":247.03,"curve":[0.25,0,0.75,1]},{"time":1.4333,"angle":253.61}],"translate":[{"time":0.9667,"x":0,"y":0}]},"bone40":{"rotate":[{"time":1.0333,"angle":0}],"translate":[{"time":1.0333,"x":0,"y":0,"curve":[0.25,0,0.75,1]},{"time":1.1,"x":3.11,"y":-0.12,"curve":[0.25,0,0.75,1]},{"time":1.1667,"x":0,"y":0,"curve":[0.25,0,0.75,1]},{"time":1.2333,"x":3.11,"y":-0.12,"curve":[0.25,0,0.75,1]},{"time":1.3,"x":0,"y":0,"curve":[0.25,0,0.75,1]},{"time":1.3667,"x":3.11,"y":-0.12,"curve":[0.25,0,0.75,1]},{"time":1.4333,"x":0,"y":0,"curve":[0.25,0,0.75,1]},{"time":1.5,"x":3.11,"y":-0.12}]},"bone56":{"translate":[{"time":1.0333,"x":161.36,"y":91.65}]},"bone57":{"rotate":[{"time":0,"angle":0}],"translate":[{"time":0,"x":0,"y":0,"curve":[0.25,0,0.75,1]},{"time":0.6667,"x":0,"y":-9.59}],"scale":[{"time":0,"x":1,"y":1,"curve":[0.25,0,0.75,1]},{"time":0.6667,"x":0.5,"y":0.5}]}},"deform":{"default":{"meimao":{"meimao":[{"time":0,"vertices":[-72.75057,50.24442,-72.75057,50.24442,-72.75057,50.24442,-64.50121,-60.46936,36.43686,-80.5569,-64.50121,-60.46936,-64.50121,-60.46936,-72.75057,50.24442,-64.50121,-60.46936,-64.50121,-60.46936,-64.50121,-60.46936,-40.18065,-78.75623,-64.50121,-60.46936,-40.18065,-78.75623,-64.50121,-60.46936,-40.18065,-78.75623,-40.18065,-78.75623,-19.11283,-86.32333,-40.18065,-78.75623,-19.11283,-86.32333,-40.18065,-78.75623,-19.11283,-86.32333,-19.11283,-86.32333,1.44262,-88.40189,-19.11283,-86.32333,1.44262,-88.40189,-19.11283,-86.32333,1.44262,-88.40189,1.44262,-88.40189,36.43686,-80.5569,1.44262,-88.40189,36.43686,-80.5569,1.44262,-88.40189,36.43686,-80.5569,36.43686,-80.5569,59.62804,-65.2802,36.43686,-80.5569,59.62804,-65.2802,36.43686,-80.5569,59.62804,-65.2802,59.62804,-65.2802,63.72281,-61.28799,59.62804,-65.2802,63.72281,-61.28799,59.62804,-65.2802,63.72281,-61.28799,63.72281,-61.28799,47.54469,74.54184,47.54469,74.54184,25.99884,84.50366,47.54469,74.54184,25.99884,84.50366,47.54469,74.54184,25.99884,84.50366,25.99884,84.50366,5.52266,88.24115,25.99884,84.50366,5.52266,88.24115,25.99884,84.50366,5.52266,88.24115,5.52266,88.24115,-24.32642,85.00131,5.52266,88.24115,-24.32642,85.00131,5.52266,88.24115,-24.32642,85.00131,-24.32642,85.00131,-53.34478,70.5076,-24.32642,85.00131,-53.34478,70.5076,-24.32642,85.00131,-53.34478,70.5076,-53.34478,70.5076,-63.39093,61.63281,-53.34478,70.5076,-63.39093,61.63281,-53.34478,70.5076,-63.39093,61.63281,-63.39093,61.63281,-72.75057,50.24442,-63.39093,61.63281,-72.75057,50.24442,-63.39093,61.63281,-72.75057,50.24442,-72.75057,50.24442]}]},"meimao3":{"meimao3":[{"time":0}]},"toufa":{"toufa":[{"time":0,"offset":1,"vertices":[32.34601,0,32.34601,0,32.34601,0,32.34601]}]},"yan2":{"yan2":[{"time":0,"vertices":[-84.83725,-11.77894,-84.83725,-11.77894,-84.83725,-11.77894,-84.83725,-11.77894]}]},"yan3":{"yan3":[{"time":0,"vertices":[-89.04178,-10.16448,-89.04178,-10.16448,-89.04195,-10.16446,-89.04195,-10.16446,-89.04195,-10.16446,-89.04195,-10.16446,-89.04195,-10.16446,-89.04195,-10.16446,-89.04178,-10.16448,-89.04195,-10.16446,-89.04195,-10.16446,-89.04195,-10.16446,-89.04195,-10.16446,-89.04195,-10.16446,-89.04195,-10.16446,-89.04195,-10.16446,-89.04195,-10.16446,-89.04195,-10.16446,-89.04195,-10.16446,-89.04195,-10.16446,-89.04195,-10.16446,-89.04195,-10.16446,-89.04195,-10.16446,-89.04195,-10.16446,-89.04195,-10.16446,-89.04195,-10.16446,-89.04195,-10.16446,-89.04195,-10.16446,-89.04195,-10.16446,-89.04195,-10.16446,-89.04195,-10.16446,-89.04195,-10.16446,-89.04195,-10.16446,-89.04195,-10.16446,-89.04195,-10.16446,-89.04195,-10.16446,-89.04195,-10.16446,-89.04178,-10.16448,-89.04178,-10.16448,-89.04178,-10.16448,-89.04178,-10.16448,-89.04178,-10.16448,-89.04178,-10.16448,-89.04178,-10.16448,-89.04178,-10.16448,-89.04178,-10.16448,-89.04178,-10.16448,-89.04178,-10.16448,-89.04178,-10.16448,-89.04178,-10.16448,-89.04178,-10.16448,-89.04178,-10.16448,-89.04178,-10.16448,-89.04178,-10.16448,-89.04178,-10.16448,-89.04178,-10.16448,-89.04178,-10.16448,-89.04178,-10.16448,-89.04178,-10.16448,-89.04178,-10.16448,-89.04178,-10.16448,-89.04178,-10.16448,-89.04178,-10.16448,-89.04178,-10.16448,-89.04178,-10.16448,-89.04178,-10.16448,-89.04178,-10.16448,-89.04195,-10.16446]}]},"zui":{"zui":[{"time":0,"vertices":[-87.79934,31.0451,-59.40373,-71.72102,-2.67722,-93.08774,-8.92641,92.69801,-24.48458,89.85085,-8.92641,92.69801,-54.35336,75.62029,-76.05708,53.73963,-57.43439,-73.30699,-76.05708,53.73963,-57.43439,-73.30699,-57.43439,-73.30699,-57.43439,-73.30699,-57.43439,-73.30699,-57.43439,-73.30699,-87.79934,31.0451,-33.51285,86.88802,-33.51285,86.88802,-33.51285,86.88802,-33.51285,86.88802,-54.35336,75.62029,-33.51285,86.88802,-54.35336,75.62029,-33.51285,86.88802,-54.35336,75.62029,-54.35336,75.62029,-76.05708,53.73963,-54.35336,75.62029,-76.05708,53.73963,-54.35336,75.62029,-76.05708,53.73963,-76.05708,53.73963,-57.43439,-73.30699,-76.05708,53.73963,-57.43439,-73.30699,-24.09778,-89.9553,-22.75838,-90.30346,-24.09778,-89.9553,-22.75838,-90.30346,-24.09778,-89.9553,-22.75838,-90.30346,-24.09778,-89.9553,-59.40373,-71.72102,-24.09778,-89.9553,-59.40373,-71.72102,-24.09778,-89.9553,-59.40373,-71.72102,-59.40373,-71.72102,-87.79934,31.0451,-59.40373,-71.72102,-87.79934,31.0451,-59.40373,-71.72102,-87.79934,31.0451,-87.79934,31.0451,-24.48458,89.85085,-8.92641,92.69801,-24.48458,89.85085,-8.92641,92.69801,-8.92641,92.69801,-8.92641,92.69801,-2.67722,-93.08774,-2.67722,-93.08774,-22.75838,-90.30346,-2.67722,-93.08774,-22.75838,-90.30346,-2.67722,-93.08774,-22.75838,-90.30346,-2.67722,-93.08774]}]},"zui1":{"zui1":[{"time":0.9,"offset":26,"vertices":[-1.02728,0.65025],"curve":[0.25,0,0.75,1]},{"time":0.9667,"vertices":[0.151,0.58894,3.72237,-0.16978,0,0,1.56992,-0.40244,0,0,-3.33041,0.85393,0,0,0,0,-1.78589,1.13101,0,0,2.05464,-1.30136,0,0,0,0,-1.78444,4.00813,-1.41246,0.89447,-1.01531,0.64281,2.04977,-1.29845,6.2254,-1.59621,4.01723,-0.53945,0,0,0,0,0,0,0,0,-0.56926,-0.89902,0.26427,1.0307,0,0,0,0,0,0,0,0,-3.06571,1.94153,3.51516,-0.90134,0.41238,-0.1057],"curve":[0.25,0,0.75,1]},{"time":1.0333,"offset":26,"vertices":[-1.02728,0.65025],"curve":[0.25,0,0.75,1]},{"time":1.1,"vertices":[0.151,0.58894,3.72237,-0.16978,0,0,1.56992,-0.40244,0,0,-3.33041,0.85393,0,0,0,0,-1.78589,1.13101,0,0,2.05464,-1.30136,0,0,0,0,-1.78444,4.00813,-1.41246,0.89447,-1.01531,0.64281,2.04977,-1.29845,6.2254,-1.59621,4.01723,-0.53945,0,0,0,0,0,0,0,0,-0.56926,-0.89902,0.26427,1.0307,0,0,0,0,0,0,0,0,-3.06571,1.94153,3.51516,-0.90134,0.41238,-0.1057],"curve":[0.25,0,0.75,1]},{"time":1.1667,"offset":26,"vertices":[-1.02728,0.65025],"curve":[0.25,0,0.75,1]},{"time":1.2333,"vertices":[0.151,0.58894,3.72237,-0.16978,0,0,1.56992,-0.40244,0,0,-3.33041,0.85393,0,0,0,0,-1.78589,1.13101,0,0,2.05464,-1.30136,0,0,0,0,-1.78444,4.00813,-1.41246,0.89447,-1.01531,0.64281,2.04977,-1.29845,6.2254,-1.59621,4.01723,-0.53945,0,0,0,0,0,0,0,0,-0.56926,-0.89902,0.26427,1.0307,0,0,0,0,0,0,0,0,-3.06571,1.94153,3.51516,-0.90134,0.41238,-0.1057],"curve":[0.25,0,0.75,1]},{"time":1.3,"offset":26,"vertices":[-1.02728,0.65025],"curve":[0.25,0,0.75,1]},{"time":1.3667,"vertices":[0.151,0.58894,3.72237,-0.16978,0,0,1.56992,-0.40244,0,0,-3.33041,0.85393,0,0,0,0,-1.78589,1.13101,0,0,2.05464,-1.30136,0,0,0,0,-1.78444,4.00813,-1.41246,0.89447,-1.01531,0.64281,2.04977,-1.29845,6.2254,-1.59621,4.01723,-0.53945,0,0,0,0,0,0,0,0,-0.56926,-0.89902,0.26427,1.0307,0,0,0,0,0,0,0,0,-3.06571,1.94153,3.51516,-0.90134,0.41238,-0.1057],"curve":[0.25,0,0.75,1]},{"time":1.4333,"offset":26,"vertices":[-1.02728,0.65025],"curve":[0.25,0,0.75,1]},{"time":1.5,"vertices":[0.151,0.58894,3.72237,-0.16978,0,0,1.56992,-0.40244,0,0,-3.33041,0.85393,0,0,0,0,-1.78589,1.13101,0,0,2.05464,-1.30136,0,0,0,0,-1.78444,4.00813,-1.41246,0.89447,-1.01531,0.64281,2.04977,-1.29845,6.2254,-1.59621,4.01723,-0.53945,0,0,0,0,0,0,0,0,-0.56926,-0.89902,0.26427,1.0307,0,0,0,0,0,0,0,0,-3.06571,1.94153,3.51516,-0.90134,0.41238,-0.1057],"curve":[0.25,0,0.75,1]},{"time":1.5667,"offset":26,"vertices":[-1.02728,0.65025]}]}}},"drawOrder":[{"time":1.0333,"offsets":[{"slot":"shou2","offset":16}]},{"time":1.6333,"offsets":[{"slot":"shou2","offset":16}]}]}}}