{
  "ID": "d0f3ab33-8526-422e-97d4-23bbb4525894",
  "Version": "3.10.0.0",
  "Name": "animPeng",
  "Content": {
    "Content": {
      "Animation": {
        "Duration": 54,
        "Speed": 1.0,
        "ActivedAnimationName": "action",
        "Timelines": [
          {
            "ActionTag": -1575053770,
            "Property": "FileData",
            "Frames": [
              {
                "TextureFile": {
                  "Type": "PlistSubImage",
                  "Path": "peng01.png",
                  "Plist": "submodules/kaokao/image/common/peng.plist"
                },
                "FrameIndex": 0,
                "Tween": false,
                "ctype": "TextureFrameData"
              },
              {
                "TextureFile": {
                  "Type": "PlistSubImage",
                  "Path": "peng02.png",
                  "Plist": "submodules/kaokao/image/common/peng.plist"
                },
                "FrameIndex": 6,
                "Tween": false,
                "ctype": "TextureFrameData"
              },
              {
                "TextureFile": {
                  "Type": "PlistSubImage",
                  "Path": "peng03.png",
                  "Plist": "submodules/kaokao/image/common/peng.plist"
                },
                "FrameIndex": 12,
                "Tween": false,
                "ctype": "TextureFrameData"
              },
              {
                "TextureFile": {
                  "Type": "PlistSubImage",
                  "Path": "peng04.png",
                  "Plist": "submodules/kaokao/image/common/peng.plist"
                },
                "FrameIndex": 18,
                "Tween": false,
                "ctype": "TextureFrameData"
              },
              {
                "TextureFile": {
                  "Type": "PlistSubImage",
                  "Path": "peng05.png",
                  "Plist": "submodules/kaokao/image/common/peng.plist"
                },
                "FrameIndex": 24,
                "Tween": false,
                "ctype": "TextureFrameData"
              },
              {
                "TextureFile": {
                  "Type": "PlistSubImage",
                  "Path": "peng06.png",
                  "Plist": "submodules/kaokao/image/common/peng.plist"
                },
                "FrameIndex": 30,
                "Tween": false,
                "ctype": "TextureFrameData"
              },
              {
                "TextureFile": {
                  "Type": "PlistSubImage",
                  "Path": "peng07.png",
                  "Plist": "submodules/kaokao/image/common/peng.plist"
                },
                "FrameIndex": 36,
                "Tween": false,
                "ctype": "TextureFrameData"
              },
              {
                "TextureFile": {
                  "Type": "PlistSubImage",
                  "Path": "peng08.png",
                  "Plist": "submodules/kaokao/image/common/peng.plist"
                },
                "FrameIndex": 42,
                "Tween": false,
                "ctype": "TextureFrameData"
              },
              {
                "TextureFile": {
                  "Type": "PlistSubImage",
                  "Path": "peng09.png",
                  "Plist": "submodules/kaokao/image/common/peng.plist"
                },
                "FrameIndex": 48,
                "Tween": false,
                "ctype": "TextureFrameData"
              },
              {
                "TextureFile": {
                  "Type": "PlistSubImage",
                  "Path": "peng10.png",
                  "Plist": "submodules/kaokao/image/common/peng.plist"
                },
                "FrameIndex": 54,
                "Tween": false,
                "ctype": "TextureFrameData"
              }
            ],
            "ctype": "TimelineData"
          }
        ],
        "ctype": "TimelineActionData"
      },
      "AnimationList": [
        {
          "StartIndex": 0,
          "EndIndex": 54,
          "Name": "action",
          "ctype": "AnimationInfoData"
        }
      ],
      "ObjectData": {
        "Tag": 126,
        "Children": [
          {
            "FileData": {
              "Type": "PlistSubImage",
              "Path": "peng10.png",
              "Plist": "submodules/kaokao/image/common/peng.plist"
            },
            "BlendFunc": {
              "Src": 1,
              "Dst": 771
            },
            "AnchorPoint": {
              "ScaleX": 0.5,
              "ScaleY": 0.5
            },
            "Position": {
              "X": 2.0176,
              "Y": -4.0351
            },
            "Scale": {
              "ScaleX": 1.0,
              "ScaleY": 1.0
            },
            "CColor": {},
            "IconVisible": false,
            "PrePosition": {
              "X": 0.0,
              "Y": 0.0
            },
            "PreSize": {
              "X": 0.0,
              "Y": 0.0
            },
            "LeftMargin": -20.9824,
            "RightMargin": -25.0176,
            "TopMargin": -18.9649,
            "BottomMargin": -27.0351,
            "Tag": 127,
            "ActionTag": -1575053770,
            "Size": {
              "X": 500.0,
              "Y": 500.0
            },
            "Name": "Sprite_1",
            "ctype": "SpriteObjectData"
          }
        ],
        "Size": {
          "X": 0.0,
          "Y": 0.0
        },
        "Name": "Node",
        "ctype": "SingleNodeObjectData"
      },
      "UsedResources": [
        "../image/common/peng.plist",
        "../image/common/peng.png"
      ],
      "ctype": "GameFileData"
    }
  },
  "Type": "Node"
}