{
  "ID": "6a0931af-4012-4144-8233-9eaa0d8c68da",
  "Version": "3.10.0.0",
  "Name": "animHu",
  "Content": {
    "Content": {
      "Animation": {
        "Duration": 79,
        "Speed": 1.0,
        "ActivedAnimationName": "action",
        "Timelines": [
          {
            "ActionTag": -1298758865,
            "Property": "FileData",
            "Frames": [
              {
                "TextureFile": {
                  "Type": "PlistSubImage",
                  "Path": "hu01.png",
                  "Plist": "submodules/kaokao/image/common/hu.plist"
                },
                "FrameIndex": 0,
                "Tween": false,
                "ctype": "TextureFrameData"
              },
              {
                "TextureFile": {
                  "Type": "PlistSubImage",
                  "Path": "hu02.png",
                  "Plist": "submodules/kaokao/image/common/hu.plist"
                },
                "FrameIndex": 6,
                "Tween": false,
                "ctype": "TextureFrameData"
              },
              {
                "TextureFile": {
                  "Type": "PlistSubImage",
                  "Path": "hu03.png",
                  "Plist": "submodules/kaokao/image/common/hu.plist"
                },
                "FrameIndex": 12,
                "Tween": false,
                "ctype": "TextureFrameData"
              },
              {
                "TextureFile": {
                  "Type": "PlistSubImage",
                  "Path": "hu04.png",
                  "Plist": "submodules/kaokao/image/common/hu.plist"
                },
                "FrameIndex": 18,
                "Tween": false,
                "ctype": "TextureFrameData"
              },
              {
                "TextureFile": {
                  "Type": "PlistSubImage",
                  "Path": "hu05.png",
                  "Plist": "submodules/kaokao/image/common/hu.plist"
                },
                "FrameIndex": 24,
                "Tween": false,
                "ctype": "TextureFrameData"
              },
              {
                "TextureFile": {
                  "Type": "PlistSubImage",
                  "Path": "hu06.png",
                  "Plist": "submodules/kaokao/image/common/hu.plist"
                },
                "FrameIndex": 30,
                "Tween": false,
                "ctype": "TextureFrameData"
              },
              {
                "TextureFile": {
                  "Type": "PlistSubImage",
                  "Path": "hu07.png",
                  "Plist": "submodules/kaokao/image/common/hu.plist"
                },
                "FrameIndex": 36,
                "Tween": false,
                "ctype": "TextureFrameData"
              },
              {
                "TextureFile": {
                  "Type": "PlistSubImage",
                  "Path": "hu08.png",
                  "Plist": "submodules/kaokao/image/common/hu.plist"
                },
                "FrameIndex": 42,
                "Tween": false,
                "ctype": "TextureFrameData"
              },
              {
                "TextureFile": {
                  "Type": "PlistSubImage",
                  "Path": "hu09.png",
                  "Plist": "submodules/kaokao/image/common/hu.plist"
                },
                "FrameIndex": 48,
                "Tween": false,
                "ctype": "TextureFrameData"
              },
              {
                "TextureFile": {
                  "Type": "PlistSubImage",
                  "Path": "hu10.png",
                  "Plist": "submodules/kaokao/image/common/hu.plist"
                },
                "FrameIndex": 54,
                "Tween": false,
                "ctype": "TextureFrameData"
              },
              {
                "TextureFile": {
                  "Type": "PlistSubImage",
                  "Path": "hu11.png",
                  "Plist": "submodules/kaokao/image/common/hu.plist"
                },
                "FrameIndex": 60,
                "Tween": false,
                "ctype": "TextureFrameData"
              },
              {
                "TextureFile": {
                  "Type": "PlistSubImage",
                  "Path": "hu12.png",
                  "Plist": "submodules/kaokao/image/common/hu.plist"
                },
                "FrameIndex": 66,
                "Tween": false,
                "ctype": "TextureFrameData"
              },
              {
                "TextureFile": {
                  "Type": "PlistSubImage",
                  "Path": "hu13.png",
                  "Plist": "submodules/kaokao/image/common/hu.plist"
                },
                "FrameIndex": 79,
                "Tween": false,
                "ctype": "TextureFrameData"
              }
            ],
            "ctype": "TimelineData"
          }
        ],
        "ctype": "TimelineActionData"
      },
      "AnimationList": [
        {
          "StartIndex": 0,
          "EndIndex": 79,
          "Name": "action",
          "ctype": "AnimationInfoData"
        }
      ],
      "ObjectData": {
        "Tag": 121,
        "Children": [
          {
            "FileData": {
              "Type": "PlistSubImage",
              "Path": "hu10.png",
              "Plist": "submodules/kaokao/image/common/hu.plist"
            },
            "BlendFunc": {
              "Src": 1,
              "Dst": 771
            },
            "AnchorPoint": {
              "ScaleX": 0.5,
              "ScaleY": 0.5
            },
            "Position": {
              "X": 0.0,
              "Y": -2.0176
            },
            "Scale": {
              "ScaleX": 1.0,
              "ScaleY": 1.0
            },
            "CColor": {},
            "IconVisible": false,
            "PrePosition": {
              "X": 0.0,
              "Y": 0.0
            },
            "PreSize": {
              "X": 0.0,
              "Y": 0.0
            },
            "LeftMargin": -23.0,
            "RightMargin": -23.0,
            "TopMargin": -20.9824,
            "BottomMargin": -25.0176,
            "Tag": 122,
            "ActionTag": -1298758865,
            "Size": {
              "X": 500.0,
              "Y": 500.0
            },
            "Name": "Sprite_1",
            "ctype": "SpriteObjectData"
          }
        ],
        "Size": {
          "X": 0.0,
          "Y": 0.0
        },
        "Name": "Node",
        "ctype": "SingleNodeObjectData"
      },
      "UsedResources": [
        "../image/common/hu.plist",
        "../image/common/hu.png"
      ],
      "ctype": "GameFileData"
    }
  },
  "Type": "Node"
}