{
  "ID": "20376324-e3eb-40fa-ad3a-c1479cc0ed09",
  "Version": "3.10.0.0",
  "Name": "ChiLayer",
  "Content": {
    "Content": {
      "Animation": {
        "Duration": 0,
        "Speed": 1.0,
        "Timelines": [],
        "ctype": "TimelineActionData"
      },
      "AnimationList": [],
      "ObjectData": {
        "Tag": 132,
        "Children": [
          {
            "ClipAble": false,
            "BackColorAlpha": 102,
            "SingleColor": {
              "R": 150,
              "G": 200
            },
            "FirstColor": {
              "R": 150,
              "G": 200
            },
            "EndColor": {},
            "ColorVector": {
              "ScaleY": 1.0
            },
            "Scale9Width": 1,
            "Scale9Height": 1,
            "TouchEnable": true,
            "AnchorPoint": {},
            "Position": {
              "X": -6.1745,
              "Y": -10.8053
            },
            "Scale": {
              "ScaleX": 1.0,
              "ScaleY": 1.0
            },
            "CColor": {},
            "IconVisible": false,
            "PrePosition": {
              "X": -0.0048,
              "Y": -0.015
            },
            "PreSize": {
              "X": 1.0156,
              "Y": 1.1111
            },
            "LeftMargin": -6.1745,
            "RightMargin": -13.8254,
            "TopMargin": -69.1947,
            "BottomMargin": -10.8053,
            "Tag": 137,
            "ActionTag": 320848593,
            "Size": {
              "X": 1300.0,
              "Y": 800.0
            },
            "Name": "root",
            "ctype": "PanelObjectData"
          },
          {
            "FileData": {
              "Type": "Normal",
              "Path": "submodules/kaokao/image/ui/bg_chi.png",
              "Plist": ""
            },
            "BlendFunc": {
              "Src": 1,
              "Dst": 771
            },
            "AnchorPoint": {
              "ScaleX": 0.5,
              "ScaleY": 0.5
            },
            "Position": {
              "X": 637.8235,
              "Y": 426.7332
            },
            "Scale": {
              "ScaleX": 1.0,
              "ScaleY": 1.0
            },
            "CColor": {},
            "IconVisible": false,
            "PrePosition": {
              "X": 0.4983,
              "Y": 0.5927
            },
            "PreSize": {
              "X": 0.4281,
              "Y": 0.4958
            },
            "LeftMargin": 363.8235,
            "RightMargin": 368.1765,
            "TopMargin": 114.7668,
            "BottomMargin": 248.2332,
            "Tag": 133,
            "ActionTag": 1422856531,
            "Size": {
              "X": 600.0,
              "Y": 386.0
            },
            "Name": "scheme_bg_1",
            "ctype": "SpriteObjectData"
          },
          {
            "FileData": {
              "Type": "PlistSubImage",
              "Path": "SCCP/Resources/GameResources/SettingUI/shezhiguan.png",
              "Plist": "submodules/kaokao/image/SCCPGameRes.plist"
            },
            "BlendFunc": {
              "Src": 1,
              "Dst": 771
            },
            "AnchorPoint": {
              "ScaleX": 0.5,
              "ScaleY": 0.5
            },
            "Position": {
              "X": 897.6466,
              "Y": 593.7787
            },
            "Scale": {
              "ScaleX": 1.0,
              "ScaleY": 1.0
            },
            "CColor": {},
            "IconVisible": false,
            "PrePosition": {
              "X": 0.7013,
              "Y": 0.8247
            },
            "PreSize": {
              "X": 0.05,
              "Y": 0.0889
            },
            "LeftMargin": 865.6466,
            "RightMargin": 350.3534,
            "TopMargin": 94.2213,
            "BottomMargin": 561.7787,
            "Tag": 134,
            "ActionTag": 733739510,
            "Size": {
              "X": 64.0,
              "Y": 64.0
            },
            "Name": "btn_close",
            "ctype": "SpriteObjectData"
          },
          {
            "FileData": {
              "Type": "PlistSubImage",
              "Path": "image_dingding.png",
              "Plist": "submodules/kaokao/image/common/cards.plist"
            },
            "BlendFunc": {
              "Src": 1,
              "Dst": 771
            },
            "AnchorPoint": {
              "ScaleX": 0.5,
              "ScaleY": 0.5
            },
            "Position": {
              "X": 637.8237,
              "Y": 525.1807
            },
            "Scale": {
              "ScaleX": 1.0,
              "ScaleY": 1.0
            },
            "RotationSkewX": 90.0,
            "RotationSkewY": 90.0,
            "CColor": {},
            "IconVisible": false,
            "PrePosition": {
              "X": 0.4983,
              "Y": 0.7294
            },
            "PreSize": {
              "X": 0.0719,
              "Y": 0.4097
            },
            "LeftMargin": 591.8237,
            "RightMargin": 596.1763,
            "TopMargin": 47.3193,
            "BottomMargin": 377.6807,
            "Tag": 135,
            "ActionTag": -879595885,
            "Size": {
              "X": 92.0,
              "Y": 295.0
            },
            "Name": "sprite_pai",
            "ctype": "SpriteObjectData"
          },
          {
            "AnchorPoint": {},
            "Position": {
              "X": 637.8229,
              "Y": 304.4892
            },
            "Scale": {
              "ScaleX": 1.0,
              "ScaleY": 1.0
            },
            "CColor": {},
            "IconVisible": true,
            "PrePosition": {
              "X": 0.4983,
              "Y": 0.4229
            },
            "PreSize": {
              "X": 0.0,
              "Y": 0.0
            },
            "LeftMargin": 637.8229,
            "RightMargin": 642.1771,
            "TopMargin": 415.5108,
            "BottomMargin": 304.4892,
            "Tag": 136,
            "ActionTag": -1818182464,
            "Size": {
              "X": 0.0,
              "Y": 0.0
            },
            "Name": "nodes",
            "ctype": "SingleNodeObjectData"
          }
        ],
        "Size": {
          "X": 1280.0,
          "Y": 720.0
        },
        "Name": "Layer",
        "ctype": "LayerObjectData"
      },
      "UsedResources": [
        "../image/common/cards.plist",
        "../image/common/cards.png",
        "../image/SCCPGameRes.plist",
        "../image/SCCPGameRes.png",
        "../image/ui/bg_chi.png"
      ],
      "ctype": "GameFileData"
    }
  },
  "Type": "Layer"
}