{
  "ID": "2fb07ca0-2f1d-460d-a70e-55212249872e",
  "Version": "3.10.0.0",
  "Name": "CreateTabList",
  "Content": {
    "Content": {
      "Animation": {
        "Duration": 0,
        "Speed": 1.0,
        "Timelines": [],
        "ctype": "TimelineActionData"
      },
      "AnimationList": [],
      "ObjectData": {
        "Tag": 220,
        "Children": [
          {
            "IsBounceEnabled": true,
            "InnerNodeSize": {
              "Width": 260,
              "Height": 600
            },
            "ScrollDirectionType": "Vertical",
            "ClipAble": true,
            "SingleColor": {
              "G": 150,
              "B": 100
            },
            "FirstColor": {
              "G": 150,
              "B": 100
            },
            "EndColor": {},
            "ColorVector": {
              "ScaleY": 1.0
            },
            "Scale9Width": 1,
            "Scale9Height": 1,
            "TouchEnable": true,
            "AnchorPoint": {},
            "Position": {
              "X": 0.0,
              "Y": 0.0
            },
            "Scale": {
              "ScaleX": 1.0,
              "ScaleY": 1.0
            },
            "CColor": {},
            "IconVisible": false,
            "PrePosition": {
              "X": 0.0,
              "Y": 0.0
            },
            "PreSize": {
              "X": 0.0,
              "Y": 0.0
            },
            "RightMargin": -260.0,
            "TopMargin": -600.0,
            "Tag": 337,
            "Children": [
              {
                "FileData": {
                  "Type": "Normal",
                  "Path": "image/ui/room2/create_btn19.png",
                  "Plist": ""
                },
                "BlendFunc": {
                  "Src": 1,
                  "Dst": 771
                },
                "AnchorPoint": {
                  "ScaleX": 0.5,
                  "ScaleY": 0.5
                },
                "Position": {
                  "X": 120.0,
                  "Y": 550.0
                },
                "Scale": {
                  "ScaleX": 1.0,
                  "ScaleY": 1.0
                },
                "CColor": {},
                "IconVisible": false,
                "PrePosition": {
                  "X": 0.4615,
                  "Y": 0.9167
                },
                "PreSize": {
                  "X": 0.8923,
                  "Y": 0.1567
                },
                "LeftMargin": 4.0,
                "RightMargin": 24.0,
                "TopMargin": 3.0,
                "BottomMargin": 503.0,
                "Tag": 503,
                "Children": [
                  {
                    "FileData": {
                      "Type": "Normal",
                      "Path": "image/ui/room2/create_btn19_1.png",
                      "Plist": ""
                    },
                    "BlendFunc": {
                      "Src": 1,
                      "Dst": 771
                    },
                    "AnchorPoint": {
                      "ScaleX": 0.5,
                      "ScaleY": 0.5
                    },
                    "Position": {
                      "X": 125.6,
                      "Y": 47.0
                    },
                    "Scale": {
                      "ScaleX": 1.0,
                      "ScaleY": 1.0
                    },
                    "CColor": {},
                    "IconVisible": false,
                    "PrePosition": {
                      "X": 0.5414,
                      "Y": 0.5
                    },
                    "PreSize": {
                      "X": 1.0991,
                      "Y": 1.0319
                    },
                    "LeftMargin": -1.9,
                    "RightMargin": -21.1,
                    "TopMargin": -1.5,
                    "BottomMargin": -1.5,
                    "Tag": 504,
                    "ActionTag": -176552513,
                    "Size": {
                      "X": 255.0,
                      "Y": 97.0
                    },
                    "VisibleForFrame": false,
                    "Name": "foucs",
                    "ctype": "SpriteObjectData"
                  },
                  {
                    "FileData": {
                      "Type": "Normal",
                      "Path": "appCommon/fydp/common/notice_xm.png",
                      "Plist": ""
                    },
                    "BlendFunc": {
                      "Src": 1,
                      "Dst": 771
                    },
                    "AnchorPoint": {
                      "ScaleX": 0.5,
                      "ScaleY": 0.5
                    },
                    "Position": {
                      "X": 31.9999,
                      "Y": 60.9998
                    },
                    "Scale": {
                      "ScaleX": 1.0,
                      "ScaleY": 1.0
                    },
                    "CColor": {},
                    "IconVisible": false,
                    "PrePosition": {
                      "X": 0.1379,
                      "Y": 0.6489
                    },
                    "PreSize": {
                      "X": 0.4095,
                      "Y": 1.0106
                    },
                    "LeftMargin": -15.5001,
                    "RightMargin": 152.5001,
                    "TopMargin": -14.4998,
                    "BottomMargin": 13.4998,
                    "Tag": 505,
                    "ActionTag": 1596517245,
                    "Size": {
                      "X": 95.0,
                      "Y": 95.0
                    },
                    "VisibleForFrame": false,
                    "Name": "xm",
                    "ctype": "SpriteObjectData"
                  }
                ],
                "ActionTag": 1792491701,
                "Size": {
                  "X": 232.0,
                  "Y": 94.0
                },
                "Name": "btn_19",
                "ctype": "SpriteObjectData"
              },
              {
                "FileData": {
                  "Type": "Normal",
                  "Path": "image/ui/room2/create_btn20.png",
                  "Plist": ""
                },
                "BlendFunc": {
                  "Src": 1,
                  "Dst": 771
                },
                "AnchorPoint": {
                  "ScaleX": 0.5,
                  "ScaleY": 0.5
                },
                "Position": {
                  "X": 120.0,
                  "Y": 454.0
                },
                "Scale": {
                  "ScaleX": 1.0,
                  "ScaleY": 1.0
                },
                "CColor": {},
                "IconVisible": false,
                "PrePosition": {
                  "X": 0.4615,
                  "Y": 0.7567
                },
                "PreSize": {
                  "X": 0.8923,
                  "Y": 0.1567
                },
                "LeftMargin": 4.0,
                "RightMargin": 24.0,
                "TopMargin": 99.0,
                "BottomMargin": 407.0,
                "Tag": 195,
                "Children": [
                  {
                    "FileData": {
                      "Type": "Normal",
                      "Path": "image/ui/room2/create_btn20_1.png",
                      "Plist": ""
                    },
                    "BlendFunc": {
                      "Src": 1,
                      "Dst": 771
                    },
                    "AnchorPoint": {
                      "ScaleX": 0.5,
                      "ScaleY": 0.5
                    },
                    "Position": {
                      "X": 125.6,
                      "Y": 47.0
                    },
                    "Scale": {
                      "ScaleX": 1.0,
                      "ScaleY": 1.0
                    },
                    "CColor": {},
                    "IconVisible": false,
                    "PrePosition": {
                      "X": 0.5414,
                      "Y": 0.5
                    },
                    "PreSize": {
                      "X": 1.0991,
                      "Y": 1.0319
                    },
                    "LeftMargin": -1.9,
                    "RightMargin": -21.1,
                    "TopMargin": -1.5,
                    "BottomMargin": -1.5,
                    "Tag": 196,
                    "ActionTag": 1612751379,
                    "Size": {
                      "X": 255.0,
                      "Y": 97.0
                    },
                    "VisibleForFrame": false,
                    "Name": "foucs",
                    "ctype": "SpriteObjectData"
                  },
                  {
                    "FileData": {
                      "Type": "Normal",
                      "Path": "appCommon/fydp/common/notice_xm.png",
                      "Plist": ""
                    },
                    "BlendFunc": {
                      "Src": 1,
                      "Dst": 771
                    },
                    "AnchorPoint": {
                      "ScaleX": 0.5,
                      "ScaleY": 0.5
                    },
                    "Position": {
                      "X": 31.9999,
                      "Y": 60.9998
                    },
                    "Scale": {
                      "ScaleX": 1.0,
                      "ScaleY": 1.0
                    },
                    "CColor": {},
                    "IconVisible": false,
                    "PrePosition": {
                      "X": 0.1379,
                      "Y": 0.6489
                    },
                    "PreSize": {
                      "X": 0.4095,
                      "Y": 1.0106
                    },
                    "LeftMargin": -15.5001,
                    "RightMargin": 152.5001,
                    "TopMargin": -14.4998,
                    "BottomMargin": 13.4998,
                    "Tag": 197,
                    "ActionTag": 1855770793,
                    "Size": {
                      "X": 95.0,
                      "Y": 95.0
                    },
                    "VisibleForFrame": false,
                    "Name": "xm",
                    "ctype": "SpriteObjectData"
                  }
                ],
                "ActionTag": -10518470,
                "Size": {
                  "X": 232.0,
                  "Y": 94.0
                },
                "Name": "btn_20",
                "ctype": "SpriteObjectData"
              }
            ],
            "ActionTag": 850086635,
            "Size": {
              "X": 260.0,
              "Y": 600.0
            },
            "Name": "tabList",
            "ctype": "ScrollViewObjectData"
          }
        ],
        "Size": {
          "X": 0.0,
          "Y": 0.0
        },
        "Name": "Node",
        "ctype": "SingleNodeObjectData"
      },
      "UsedResources": [
        "../../../appCommon/fydp/common/notice_xm.png",
        "../../../image/ui/room2/create_btn19.png",
        "../../../image/ui/room2/create_btn19_1.png",
        "../../../image/ui/room2/create_btn20.png",
        "../../../image/ui/room2/create_btn20_1.png"
      ],
      "ctype": "GameFileData"
    }
  },
  "Type": "Node"
}