{
  "ID": "368df161-2ef2-40ba-b7cc-c8a9f1887957",
  "Version": "3.10.0.0",
  "Name": "KKJiesuanLayer",
  "Content": {
    "Content": {
      "Animation": {
        "Duration": 0,
        "Speed": 1.0,
        "Timelines": [],
        "ctype": "TimelineActionData"
      },
      "AnimationList": [],
      "ObjectData": {
        "Tag": 138,
        "Children": [
          {
            "ClipAble": false,
            "BackColorAlpha": 102,
            "ComboBoxIndex": 1,
            "SingleColor": {
              "R": 0,
              "G": 0,
              "B": 0
            },
            "FirstColor": {
              "R": 150,
              "G": 200
            },
            "EndColor": {},
            "ColorVector": {
              "ScaleY": 1.0
            },
            "Scale9Width": 1,
            "Scale9Height": 1,
            "TouchEnable": true,
            "AnchorPoint": {},
            "Position": {
              "X": -6.1745,
              "Y": -10.8053
            },
            "Scale": {
              "ScaleX": 1.0,
              "ScaleY": 1.0
            },
            "CColor": {},
            "IconVisible": false,
            "PrePosition": {
              "X": -0.0048,
              "Y": -0.015
            },
            "PreSize": {
              "X": 1.0156,
              "Y": 1.1111
            },
            "LeftMargin": -6.1745,
            "RightMargin": -13.8254,
            "TopMargin": -69.1947,
            "BottomMargin": -10.8053,
            "Tag": 143,
            "ActionTag": 1953756797,
            "Size": {
              "X": 1300.0,
              "Y": 800.0
            },
            "Name": "root",
            "ctype": "PanelObjectData"
          },
          {
            "FileData": {
              "Type": "PlistSubImage",
              "Path": "SCCP/Resources/GameResources/SettingUI/shezhiguan.png",
              "Plist": "submodules/kaokao/image/SCCPGameRes.plist"
            },
            "BlendFunc": {
              "Src": 1,
              "Dst": 771
            },
            "AnchorPoint": {
              "ScaleX": 0.5,
              "ScaleY": 0.5
            },
            "Position": {
              "X": 1255.2769,
              "Y": 686.5364
            },
            "Scale": {
              "ScaleX": 1.0,
              "ScaleY": 1.0
            },
            "CColor": {},
            "IconVisible": false,
            "PrePosition": {
              "X": 0.9807,
              "Y": 0.9535
            },
            "PreSize": {
              "X": 0.05,
              "Y": 0.0889
            },
            "LeftMargin": 1223.2769,
            "RightMargin": -7.2769,
            "TopMargin": 1.4636,
            "BottomMargin": 654.5364,
            "Tag": 141,
            "ActionTag": -343177216,
            "Size": {
              "X": 64.0,
              "Y": 64.0
            },
            "VisibleForFrame": false,
            "Name": "btn_close",
            "ctype": "SpriteObjectData"
          },
          {
            "IsCustomSize": true,
            "FontSize": 20,
            "LabelText": "Text Label",
            "HorizontalAlignmentType": "HT_Center",
            "VerticalAlignmentType": "VT_Center",
            "OutlineColor": {
              "G": 0,
              "B": 0
            },
            "ShadowColor": {
              "R": 110,
              "G": 110,
              "B": 110
            },
            "ShadowOffsetX": 2.0,
            "ShadowOffsetY": -2.0,
            "AnchorPoint": {
              "ScaleX": 0.5,
              "ScaleY": 0.5
            },
            "Position": {
              "X": 644.251,
              "Y": 612.4774
            },
            "Scale": {
              "ScaleX": 1.0,
              "ScaleY": 1.0
            },
            "CColor": {},
            "IconVisible": false,
            "PrePosition": {
              "X": 0.5033,
              "Y": 0.8507
            },
            "PreSize": {
              "X": 0.3125,
              "Y": 0.3194
            },
            "LeftMargin": 444.251,
            "RightMargin": 435.749,
            "TopMargin": -7.4774,
            "BottomMargin": 497.4774,
            "Tag": 244,
            "ActionTag": 1863410856,
            "Size": {
              "X": 400.0,
              "Y": 230.0
            },
            "Name": "lb_res",
            "ctype": "TextObjectData"
          },
          {
            "FileData": {
              "Type": "PlistSubImage",
              "Path": "SCCP/Resources/GameResources/BasicUI/btn_get_ready.png",
              "Plist": "submodules/kaokao/image/SCCPGameRes.plist"
            },
            "BlendFunc": {
              "Src": 1,
              "Dst": 771
            },
            "AnchorPoint": {
              "ScaleX": 0.5,
              "ScaleY": 0.5
            },
            "Position": {
              "X": 1039.6106,
              "Y": 112.5508
            },
            "Scale": {
              "ScaleX": 1.0,
              "ScaleY": 1.0
            },
            "CColor": {},
            "IconVisible": false,
            "PrePosition": {
              "X": 0.8122,
              "Y": 0.1563
            },
            "PreSize": {
              "X": 0.1977,
              "Y": 0.0944
            },
            "LeftMargin": 913.1106,
            "RightMargin": 113.8894,
            "TopMargin": 573.4492,
            "BottomMargin": 78.5508,
            "Tag": 538,
            "ActionTag": -1979791985,
            "Size": {
              "X": 253.0,
              "Y": 68.0
            },
            "Name": "btn_ready",
            "ctype": "SpriteObjectData"
          },
          {
            "FileData": {
              "Type": "Normal",
              "Path": "submodules/kaokao/image/btn_zongjiesuan.png",
              "Plist": ""
            },
            "BlendFunc": {
              "Src": 1,
              "Dst": 771
            },
            "AnchorPoint": {
              "ScaleX": 0.5,
              "ScaleY": 0.5
            },
            "Position": {
              "X": 1043.209,
              "Y": 110.842
            },
            "Scale": {
              "ScaleX": 1.0,
              "ScaleY": 1.0
            },
            "CColor": {},
            "IconVisible": false,
            "PrePosition": {
              "X": 0.815,
              "Y": 0.1539
            },
            "PreSize": {
              "X": 0.1641,
              "Y": 0.0847
            },
            "LeftMargin": 938.209,
            "RightMargin": 131.791,
            "TopMargin": 578.658,
            "BottomMargin": 80.342,
            "Tag": 214,
            "ActionTag": 2092699471,
            "Size": {
              "X": 210.0,
              "Y": 61.0
            },
            "Name": "btn_chakan",
            "ctype": "SpriteObjectData"
          },
          {
            "AnchorPoint": {},
            "Position": {
              "X": 640.0,
              "Y": 262.7098
            },
            "Scale": {
              "ScaleX": 1.0,
              "ScaleY": 1.0
            },
            "CColor": {},
            "IconVisible": true,
            "PrePosition": {
              "X": 0.5,
              "Y": 0.3649
            },
            "PreSize": {
              "X": 0.0,
              "Y": 0.0
            },
            "LeftMargin": 640.0,
            "RightMargin": 640.0,
            "TopMargin": 457.2902,
            "BottomMargin": 262.7098,
            "Tag": 539,
            "Children": [
              {
                "FileData": {
                  "Type": "PlistSubImage",
                  "Path": "SCCP/Resources/GameResources/GameResult/result_big_win.png",
                  "Plist": "submodules/kaokao/image/SCCPGameRes.plist"
                },
                "BlendFunc": {
                  "Src": 1,
                  "Dst": 771
                },
                "AnchorPoint": {
                  "ScaleX": 0.5,
                  "ScaleY": 0.5
                },
                "Position": {
                  "X": 0.0,
                  "Y": 0.0
                },
                "Scale": {
                  "ScaleX": 1.0,
                  "ScaleY": 1.0
                },
                "CColor": {},
                "IconVisible": false,
                "PrePosition": {
                  "X": 0.0,
                  "Y": 0.0
                },
                "PreSize": {
                  "X": 0.0,
                  "Y": 0.0
                },
                "LeftMargin": -152.5,
                "RightMargin": -152.5,
                "TopMargin": -36.0,
                "BottomMargin": -36.0,
                "Tag": 7,
                "ActionTag": -1914182245,
                "Size": {
                  "X": 305.0,
                  "Y": 72.0
                },
                "Name": "Sprite_1",
                "ctype": "SpriteObjectData"
              },
              {
                "FontSize": 20,
                "LabelText": "Text LabelText LabelText LabelText LabelText LabelText Label\nText LabelText LabelText LabelText LabelText Label",
                "HorizontalAlignmentType": "HT_Center",
                "VerticalAlignmentType": "VT_Center",
                "OutlineColor": {
                  "G": 0,
                  "B": 0
                },
                "ShadowColor": {
                  "R": 110,
                  "G": 110,
                  "B": 110
                },
                "ShadowOffsetX": 2.0,
                "ShadowOffsetY": -2.0,
                "AnchorPoint": {
                  "ScaleX": 0.5,
                  "ScaleY": 0.5
                },
                "Position": {
                  "X": 0.0,
                  "Y": 19.0
                },
                "Scale": {
                  "ScaleX": 1.0,
                  "ScaleY": 1.0
                },
                "CColor": {
                  "R": 213,
                  "G": 166,
                  "B": 70
                },
                "IconVisible": false,
                "PrePosition": {
                  "X": 0.0,
                  "Y": 0.0
                },
                "PreSize": {
                  "X": 0.0,
                  "Y": 0.0
                },
                "LeftMargin": -274.0,
                "RightMargin": -274.0,
                "TopMargin": -42.0,
                "BottomMargin": -4.0,
                "Tag": 121,
                "ActionTag": 497528748,
                "Size": {
                  "X": 548.0,
                  "Y": 46.0
                },
                "Name": "desp",
                "ctype": "TextObjectData"
              },
              {
                "FontSize": 28,
                "LabelText": "  +99  ",
                "HorizontalAlignmentType": "HT_Center",
                "VerticalAlignmentType": "VT_Center",
                "OutlineColor": {
                  "G": 0,
                  "B": 0
                },
                "ShadowColor": {
                  "R": 110,
                  "G": 110,
                  "B": 110
                },
                "ShadowOffsetX": 2.0,
                "ShadowOffsetY": -2.0,
                "AnchorPoint": {
                  "ScaleX": 0.5,
                  "ScaleY": 0.5
                },
                "Position": {
                  "X": 0.0,
                  "Y": -16.0
                },
                "Scale": {
                  "ScaleX": 1.0,
                  "ScaleY": 1.0
                },
                "CColor": {},
                "IconVisible": false,
                "PrePosition": {
                  "X": 0.0,
                  "Y": 0.0
                },
                "PreSize": {
                  "X": 0.0,
                  "Y": 0.0
                },
                "LeftMargin": -39.5,
                "RightMargin": -39.5,
                "BottomMargin": -32.0,
                "Tag": 120,
                "ActionTag": 2081509411,
                "Size": {
                  "X": 79.0,
                  "Y": 32.0
                },
                "Name": "score",
                "ctype": "TextObjectData"
              }
            ],
            "ActionTag": 2027846559,
            "Size": {
              "X": 0.0,
              "Y": 0.0
            },
            "Name": "info0",
            "ctype": "SingleNodeObjectData"
          },
          {
            "AnchorPoint": {},
            "Position": {
              "X": 925.0653,
              "Y": 332.5413
            },
            "Scale": {
              "ScaleX": 1.0,
              "ScaleY": 1.0
            },
            "CColor": {},
            "IconVisible": true,
            "PrePosition": {
              "X": 0.7227,
              "Y": 0.4619
            },
            "PreSize": {
              "X": 0.0,
              "Y": 0.0
            },
            "LeftMargin": 925.0653,
            "RightMargin": 354.9347,
            "TopMargin": 387.4587,
            "BottomMargin": 332.5413,
            "Tag": 8,
            "Children": [
              {
                "FileData": {
                  "Type": "PlistSubImage",
                  "Path": "SCCP/Resources/GameResources/GameResult/result_small_win.png",
                  "Plist": "submodules/kaokao/image/SCCPGameRes.plist"
                },
                "BlendFunc": {
                  "Src": 1,
                  "Dst": 771
                },
                "AnchorPoint": {
                  "ScaleX": 0.5,
                  "ScaleY": 0.5
                },
                "Position": {
                  "X": -157.0059,
                  "Y": 67.0934
                },
                "Scale": {
                  "ScaleX": 1.0,
                  "ScaleY": 1.0
                },
                "CColor": {},
                "IconVisible": false,
                "PrePosition": {
                  "X": 0.0,
                  "Y": 0.0
                },
                "PreSize": {
                  "X": 0.0,
                  "Y": 0.0
                },
                "LeftMargin": -217.0059,
                "RightMargin": 97.0059,
                "TopMargin": -84.0934,
                "BottomMargin": 50.0934,
                "Tag": 9,
                "ActionTag": -92807752,
                "Size": {
                  "X": 120.0,
                  "Y": 34.0
                },
                "Name": "Sprite_1",
                "ctype": "SpriteObjectData"
              },
              {
                "FontSize": 20,
                "LabelText": "  +99  ",
                "HorizontalAlignmentType": "HT_Center",
                "VerticalAlignmentType": "VT_Center",
                "OutlineColor": {
                  "G": 0,
                  "B": 0
                },
                "ShadowColor": {
                  "R": 110,
                  "G": 110,
                  "B": 110
                },
                "ShadowOffsetX": 2.0,
                "ShadowOffsetY": -2.0,
                "AnchorPoint": {
                  "ScaleX": 0.5,
                  "ScaleY": 0.5
                },
                "Position": {
                  "X": -155.9454,
                  "Y": 66.7061
                },
                "Scale": {
                  "ScaleX": 1.0,
                  "ScaleY": 1.0
                },
                "CColor": {},
                "IconVisible": false,
                "PrePosition": {
                  "X": 0.0,
                  "Y": 0.0
                },
                "PreSize": {
                  "X": 0.0,
                  "Y": 0.0
                },
                "LeftMargin": -184.4454,
                "RightMargin": 127.4454,
                "TopMargin": -78.2061,
                "BottomMargin": 55.2061,
                "Tag": 123,
                "ActionTag": 671193035,
                "Size": {
                  "X": 57.0,
                  "Y": 23.0
                },
                "Name": "score",
                "ctype": "TextObjectData"
              },
              {
                "FontSize": 20,
                "LabelText": "Text LabelText LabelText LabelText LabelText Label\nText LabelText LabelText LabelText LabelText Label",
                "HorizontalAlignmentType": "HT_Center",
                "VerticalAlignmentType": "VT_Center",
                "OutlineColor": {
                  "G": 0,
                  "B": 0
                },
                "ShadowColor": {
                  "R": 110,
                  "G": 110,
                  "B": 110
                },
                "ShadowOffsetX": 2.0,
                "ShadowOffsetY": -2.0,
                "AnchorPoint": {
                  "ScaleX": 0.5,
                  "ScaleY": 0.5
                },
                "Position": {
                  "X": -0.3466,
                  "Y": -19.6505
                },
                "Scale": {
                  "ScaleX": 1.0,
                  "ScaleY": 1.0
                },
                "CColor": {
                  "R": 213,
                  "G": 166,
                  "B": 70
                },
                "IconVisible": false,
                "PrePosition": {
                  "X": 0.0,
                  "Y": 0.0
                },
                "PreSize": {
                  "X": 0.0,
                  "Y": 0.0
                },
                "LeftMargin": -228.3466,
                "RightMargin": -227.6534,
                "TopMargin": -3.3495,
                "BottomMargin": -42.6505,
                "Tag": 122,
                "ActionTag": 569369331,
                "Size": {
                  "X": 456.0,
                  "Y": 46.0
                },
                "Name": "desp",
                "ctype": "TextObjectData"
              }
            ],
            "ActionTag": -1021695331,
            "Size": {
              "X": 0.0,
              "Y": 0.0
            },
            "Name": "info1",
            "ctype": "SingleNodeObjectData"
          },
          {
            "AnchorPoint": {},
            "Position": {
              "X": 646.357,
              "Y": 593.7901
            },
            "Scale": {
              "ScaleX": 1.0,
              "ScaleY": 1.0
            },
            "CColor": {},
            "IconVisible": true,
            "PrePosition": {
              "X": 0.505,
              "Y": 0.8247
            },
            "PreSize": {
              "X": 0.0,
              "Y": 0.0
            },
            "LeftMargin": 646.357,
            "RightMargin": 633.643,
            "TopMargin": 126.2099,
            "BottomMargin": 593.7901,
            "Tag": 118,
            "Children": [
              {
                "FileData": {
                  "Type": "PlistSubImage",
                  "Path": "SCCP/Resources/GameResources/GameResult/result_small_lose.png",
                  "Plist": "submodules/kaokao/image/SCCPGameRes.plist"
                },
                "BlendFunc": {
                  "Src": 1,
                  "Dst": 771
                },
                "AnchorPoint": {
                  "ScaleX": 0.5,
                  "ScaleY": 0.5
                },
                "Position": {
                  "X": -3.371,
                  "Y": -120.8639
                },
                "Scale": {
                  "ScaleX": 1.0,
                  "ScaleY": 1.0
                },
                "CColor": {},
                "IconVisible": false,
                "PrePosition": {
                  "X": 0.0,
                  "Y": 0.0
                },
                "PreSize": {
                  "X": 0.0,
                  "Y": 0.0
                },
                "LeftMargin": -63.371,
                "RightMargin": -56.629,
                "TopMargin": 103.8639,
                "BottomMargin": -137.8639,
                "Tag": 119,
                "ActionTag": 1625781805,
                "Size": {
                  "X": 120.0,
                  "Y": 34.0
                },
                "Name": "Sprite_1",
                "ctype": "SpriteObjectData"
              },
              {
                "FontSize": 20,
                "LabelText": "                                                                                          ",
                "HorizontalAlignmentType": "HT_Center",
                "VerticalAlignmentType": "VT_Center",
                "OutlineColor": {
                  "G": 0,
                  "B": 0
                },
                "ShadowColor": {
                  "R": 110,
                  "G": 110,
                  "B": 110
                },
                "ShadowOffsetX": 2.0,
                "ShadowOffsetY": -2.0,
                "AnchorPoint": {
                  "ScaleX": 0.5,
                  "ScaleY": 0.5
                },
                "Position": {
                  "X": 0.1035,
                  "Y": -22.4877
                },
                "Scale": {
                  "ScaleX": 1.0,
                  "ScaleY": 1.0
                },
                "CColor": {
                  "R": 213,
                  "G": 166,
                  "B": 70
                },
                "IconVisible": false,
                "PrePosition": {
                  "X": 0.0,
                  "Y": 0.0
                },
                "PreSize": {
                  "X": 0.0,
                  "Y": 0.0
                },
                "LeftMargin": -250.3965,
                "RightMargin": -250.6035,
                "TopMargin": 10.9877,
                "BottomMargin": -33.9877,
                "Tag": 125,
                "ActionTag": 1073050626,
                "Size": {
                  "X": 501.0,
                  "Y": 23.0
                },
                "Name": "desp",
                "ctype": "TextObjectData"
              },
              {
                "FontSize": 20,
                "LabelText": "              ",
                "HorizontalAlignmentType": "HT_Center",
                "VerticalAlignmentType": "VT_Center",
                "OutlineColor": {
                  "G": 0,
                  "B": 0
                },
                "ShadowColor": {
                  "R": 110,
                  "G": 110,
                  "B": 110
                },
                "ShadowOffsetX": 2.0,
                "ShadowOffsetY": -2.0,
                "AnchorPoint": {
                  "ScaleX": 0.5,
                  "ScaleY": 0.5
                },
                "Position": {
                  "X": -3.371,
                  "Y": -120.8639
                },
                "Scale": {
                  "ScaleX": 1.0,
                  "ScaleY": 1.0
                },
                "CColor": {},
                "IconVisible": false,
                "PrePosition": {
                  "X": 0.0,
                  "Y": 0.0
                },
                "PreSize": {
                  "X": 0.0,
                  "Y": 0.0
                },
                "LeftMargin": -42.371,
                "RightMargin": -35.629,
                "TopMargin": 109.3639,
                "BottomMargin": -132.3639,
                "Tag": 124,
                "ActionTag": -483925944,
                "Size": {
                  "X": 78.0,
                  "Y": 23.0
                },
                "Name": "score",
                "ctype": "TextObjectData"
              }
            ],
            "ActionTag": -2114376085,
            "Size": {
              "X": 0.0,
              "Y": 0.0
            },
            "Name": "info3",
            "ctype": "SingleNodeObjectData"
          },
          {
            "AnchorPoint": {},
            "Position": {
              "X": 350.1094,
              "Y": 332.5415
            },
            "Scale": {
              "ScaleX": 1.0,
              "ScaleY": 1.0
            },
            "CColor": {},
            "IconVisible": true,
            "PrePosition": {
              "X": 0.2735,
              "Y": 0.4619
            },
            "PreSize": {
              "X": 0.0,
              "Y": 0.0
            },
            "LeftMargin": 350.1094,
            "RightMargin": 929.8906,
            "TopMargin": 387.4585,
            "BottomMargin": 332.5415,
            "Tag": 789,
            "Children": [
              {
                "FileData": {
                  "Type": "PlistSubImage",
                  "Path": "SCCP/Resources/GameResources/GameResult/result_small_lose.png",
                  "Plist": "submodules/kaokao/image/SCCPGameRes.plist"
                },
                "BlendFunc": {
                  "Src": 1,
                  "Dst": 771
                },
                "AnchorPoint": {
                  "ScaleX": 0.5,
                  "ScaleY": 0.5
                },
                "Position": {
                  "X": 162.3288,
                  "Y": 67.0934
                },
                "Scale": {
                  "ScaleX": 1.0,
                  "ScaleY": 1.0
                },
                "CColor": {},
                "IconVisible": false,
                "PrePosition": {
                  "X": 0.0,
                  "Y": 0.0
                },
                "PreSize": {
                  "X": 0.0,
                  "Y": 0.0
                },
                "LeftMargin": 102.3288,
                "RightMargin": -222.3288,
                "TopMargin": -84.0934,
                "BottomMargin": 50.0934,
                "Tag": 790,
                "ActionTag": -2114720466,
                "Size": {
                  "X": 120.0,
                  "Y": 34.0
                },
                "Name": "Sprite_1",
                "ctype": "SpriteObjectData"
              },
              {
                "FontSize": 20,
                "LabelText": "Text LabelText LabelText LabelText LabelText Label\nText LabelText LabelText LabelText LabelText Label",
                "HorizontalAlignmentType": "HT_Center",
                "VerticalAlignmentType": "VT_Center",
                "OutlineColor": {
                  "G": 0,
                  "B": 0
                },
                "ShadowColor": {
                  "R": 110,
                  "G": 110,
                  "B": 110
                },
                "ShadowOffsetX": 2.0,
                "ShadowOffsetY": -2.0,
                "AnchorPoint": {
                  "ScaleX": 0.5,
                  "ScaleY": 0.5
                },
                "Position": {
                  "X": 0.1035,
                  "Y": -22.4877
                },
                "Scale": {
                  "ScaleX": 1.0,
                  "ScaleY": 1.0
                },
                "CColor": {
                  "R": 213,
                  "G": 166,
                  "B": 70
                },
                "IconVisible": false,
                "PrePosition": {
                  "X": 0.0,
                  "Y": 0.0
                },
                "PreSize": {
                  "X": 0.0,
                  "Y": 0.0
                },
                "LeftMargin": -227.8965,
                "RightMargin": -228.1035,
                "TopMargin": -0.5123,
                "BottomMargin": -45.4877,
                "Tag": 791,
                "ActionTag": 966205566,
                "Size": {
                  "X": 456.0,
                  "Y": 46.0
                },
                "Name": "desp",
                "ctype": "TextObjectData"
              },
              {
                "FontSize": 20,
                "LabelText": "  +99  ",
                "HorizontalAlignmentType": "HT_Center",
                "VerticalAlignmentType": "VT_Center",
                "OutlineColor": {
                  "G": 0,
                  "B": 0
                },
                "ShadowColor": {
                  "R": 110,
                  "G": 110,
                  "B": 110
                },
                "ShadowOffsetX": 2.0,
                "ShadowOffsetY": -2.0,
                "AnchorPoint": {
                  "ScaleX": 0.5,
                  "ScaleY": 0.5
                },
                "Position": {
                  "X": 161.2522,
                  "Y": 66.706
                },
                "Scale": {
                  "ScaleX": 1.0,
                  "ScaleY": 1.0
                },
                "CColor": {},
                "IconVisible": false,
                "PrePosition": {
                  "X": 0.0,
                  "Y": 0.0
                },
                "PreSize": {
                  "X": 0.0,
                  "Y": 0.0
                },
                "LeftMargin": 132.7522,
                "RightMargin": -189.7522,
                "TopMargin": -78.206,
                "BottomMargin": 55.206,
                "Tag": 792,
                "ActionTag": 601472762,
                "Size": {
                  "X": 57.0,
                  "Y": 23.0
                },
                "Name": "score",
                "ctype": "TextObjectData"
              }
            ],
            "ActionTag": -1327596276,
            "Size": {
              "X": 0.0,
              "Y": 0.0
            },
            "Name": "info2",
            "ctype": "SingleNodeObjectData"
          }
        ],
        "Size": {
          "X": 1280.0,
          "Y": 720.0
        },
        "Name": "Layer",
        "ctype": "LayerObjectData"
      },
      "UsedResources": [
        "../image/btn_zongjiesuan.png",
        "../image/SCCPGameRes.plist",
        "../image/SCCPGameRes.png"
      ],
      "ctype": "GameFileData"
    }
  },
  "Type": "Layer"
}