{
  "ID": "a6b18837-f523-4bd9-bcea-85eb4489aaa7",
  "Version": "3.10.0.0",
  "Name": "KKReplayLayer",
  "Content": {
    "Content": {
      "Animation": {
        "Duration": 0,
        "Speed": 1.0,
        "Timelines": [],
        "ctype": "TimelineActionData"
      },
      "AnimationList": [],
      "ObjectData": {
        "Tag": 780,
        "Children": [
          {
            "ClipAble": false,
            "BackColorAlpha": 102,
            "SingleColor": {
              "R": 150,
              "G": 200
            },
            "FirstColor": {
              "R": 150,
              "G": 200
            },
            "EndColor": {},
            "ColorVector": {
              "ScaleY": 1.0
            },
            "TouchEnable": true,
            "AnchorPoint": {},
            "Position": {
              "X": -20.0,
              "Y": -13.7502
            },
            "Scale": {
              "ScaleX": 6.5937,
              "ScaleY": 3.7812
            },
            "CColor": {},
            "IconVisible": false,
            "PrePosition": {
              "X": -0.0156,
              "Y": -0.0191
            },
            "PreSize": {
              "X": 0.1563,
              "Y": 0.2778
            },
            "LeftMargin": -20.0,
            "RightMargin": 1100.0,
            "TopMargin": 533.7502,
            "BottomMargin": -13.7502,
            "Tag": 785,
            "ActionTag": -882756455,
            "Size": {
              "X": 200.0,
              "Y": 200.0
            },
            "Name": "Panel_1",
            "ctype": "PanelObjectData"
          },
          {
            "FileData": {
              "Type": "PlistSubImage",
              "Path": "SCCP/Resources/GameResources/Record/img_bg.png",
              "Plist": "submodules/kaokao/image/SCCPGameRes.plist"
            },
            "BlendFunc": {
              "Src": 1,
              "Dst": 771
            },
            "AnchorPoint": {
              "ScaleX": 0.5,
              "ScaleY": 0.5
            },
            "Position": {
              "X": 612.4999,
              "Y": 148.7484
            },
            "Scale": {
              "ScaleX": 1.0,
              "ScaleY": 1.0
            },
            "CColor": {},
            "IconVisible": false,
            "PrePosition": {
              "X": 0.4785,
              "Y": 0.2066
            },
            "PreSize": {
              "X": 0.3625,
              "Y": 0.1458
            },
            "LeftMargin": 380.4999,
            "RightMargin": 435.5001,
            "TopMargin": 518.7516,
            "BottomMargin": 96.2484,
            "Tag": 781,
            "ActionTag": 1363058950,
            "Size": {
              "X": 464.0,
              "Y": 105.0
            },
            "Name": "SCCP_Resources_GameResources_Record_img_bg_1",
            "ctype": "SpriteObjectData"
          },
          {
            "FileData": {
              "Type": "PlistSubImage",
              "Path": "SCCP/Resources/GameResources/Record/btn_exit.png",
              "Plist": "submodules/kaokao/image/SCCPGameRes.plist"
            },
            "BlendFunc": {
              "Src": 1,
              "Dst": 771
            },
            "AnchorPoint": {
              "ScaleX": 0.5,
              "ScaleY": 0.5
            },
            "Position": {
              "X": 729.2495,
              "Y": 149.5001
            },
            "Scale": {
              "ScaleX": 1.0,
              "ScaleY": 1.0
            },
            "CColor": {},
            "IconVisible": false,
            "PrePosition": {
              "X": 0.5697,
              "Y": 0.2076
            },
            "PreSize": {
              "X": 0.0531,
              "Y": 0.0944
            },
            "LeftMargin": 695.2495,
            "RightMargin": 516.7505,
            "TopMargin": 536.4999,
            "BottomMargin": 115.5001,
            "Tag": 782,
            "ActionTag": -999906450,
            "Size": {
              "X": 68.0,
              "Y": 68.0
            },
            "Name": "quit",
            "ctype": "SpriteObjectData"
          },
          {
            "FileData": {
              "Type": "PlistSubImage",
              "Path": "SCCP/Resources/GameResources/Record/btn_pause.png",
              "Plist": "submodules/kaokao/image/SCCPGameRes.plist"
            },
            "BlendFunc": {
              "Src": 1,
              "Dst": 771
            },
            "AnchorPoint": {
              "ScaleX": 0.5,
              "ScaleY": 0.5
            },
            "Position": {
              "X": 496.2485,
              "Y": 148.7491
            },
            "Scale": {
              "ScaleX": 1.0,
              "ScaleY": 1.0
            },
            "CColor": {},
            "IconVisible": false,
            "PrePosition": {
              "X": 0.3877,
              "Y": 0.2066
            },
            "PreSize": {
              "X": 0.0391,
              "Y": 0.0944
            },
            "LeftMargin": 471.2485,
            "RightMargin": 758.7515,
            "TopMargin": 537.2509,
            "BottomMargin": 114.7491,
            "Tag": 783,
            "ActionTag": -55413040,
            "Size": {
              "X": 50.0,
              "Y": 68.0
            },
            "Name": "pause",
            "ctype": "SpriteObjectData"
          },
          {
            "FileData": {
              "Type": "PlistSubImage",
              "Path": "SCCP/Resources/GameResources/Record/btn_play.png",
              "Plist": "submodules/kaokao/image/SCCPGameRes.plist"
            },
            "BlendFunc": {
              "Src": 1,
              "Dst": 771
            },
            "AnchorPoint": {
              "ScaleX": 0.5,
              "ScaleY": 0.5
            },
            "Position": {
              "X": 617.4944,
              "Y": 151.2485
            },
            "Scale": {
              "ScaleX": 1.0,
              "ScaleY": 1.0
            },
            "CColor": {},
            "IconVisible": false,
            "PrePosition": {
              "X": 0.4824,
              "Y": 0.2101
            },
            "PreSize": {
              "X": 0.0383,
              "Y": 0.0861
            },
            "LeftMargin": 592.9944,
            "RightMargin": 638.0056,
            "TopMargin": 537.7515,
            "BottomMargin": 120.2485,
            "Tag": 784,
            "ActionTag": 328270633,
            "Size": {
              "X": 49.0,
              "Y": 62.0
            },
            "Name": "play",
            "ctype": "SpriteObjectData"
          }
        ],
        "Size": {
          "X": 1280.0,
          "Y": 720.0
        },
        "Name": "Layer",
        "ctype": "LayerObjectData"
      },
      "UsedResources": [
        "../image/SCCPGameRes.plist",
        "../image/SCCPGameRes.png"
      ],
      "ctype": "GameFileData"
    }
  },
  "Type": "Layer"
}