{
  "ID": "3a9b9c52-3dab-4510-af93-4468b3cb9ee2",
  "Version": "3.10.0.0",
  "Name": "TouLayer",
  "Content": {
    "Content": {
      "Animation": {
        "Duration": 0,
        "Speed": 1.0,
        "Timelines": [],
        "ctype": "TimelineActionData"
      },
      "AnimationList": [],
      "ObjectData": {
        "Tag": 138,
        "Children": [
          {
            "ClipAble": false,
            "BackColorAlpha": 102,
            "SingleColor": {
              "R": 150,
              "G": 200
            },
            "FirstColor": {
              "R": 150,
              "G": 200
            },
            "EndColor": {},
            "ColorVector": {
              "ScaleY": 1.0
            },
            "Scale9Width": 1,
            "Scale9Height": 1,
            "TouchEnable": true,
            "AnchorPoint": {},
            "Position": {
              "X": -6.1745,
              "Y": -10.8053
            },
            "Scale": {
              "ScaleX": 1.0,
              "ScaleY": 1.0
            },
            "CColor": {},
            "IconVisible": false,
            "PrePosition": {
              "X": -0.0048,
              "Y": -0.015
            },
            "PreSize": {
              "X": 1.0156,
              "Y": 1.1111
            },
            "LeftMargin": -6.1745,
            "RightMargin": -13.8254,
            "TopMargin": -69.1947,
            "BottomMargin": -10.8053,
            "Tag": 143,
            "ActionTag": 1953756797,
            "Size": {
              "X": 1300.0,
              "Y": 800.0
            },
            "Name": "root",
            "ctype": "PanelObjectData"
          },
          {
            "FileData": {
              "Type": "Normal",
              "Path": "submodules/kaokao/image/ui/bg_tou.png",
              "Plist": ""
            },
            "BlendFunc": {
              "Src": 1,
              "Dst": 771
            },
            "AnchorPoint": {
              "ScaleX": 0.5,
              "ScaleY": 0.5
            },
            "Position": {
              "X": 642.1496,
              "Y": 420.6678
            },
            "Scale": {
              "ScaleX": 1.0,
              "ScaleY": 1.0
            },
            "CColor": {},
            "IconVisible": false,
            "PrePosition": {
              "X": 0.5017,
              "Y": 0.5843
            },
            "PreSize": {
              "X": 0.4094,
              "Y": 0.4833
            },
            "LeftMargin": 380.1496,
            "RightMargin": 375.8504,
            "TopMargin": 125.3322,
            "BottomMargin": 246.6678,
            "Tag": 142,
            "ActionTag": -1825102565,
            "Size": {
              "X": 600.0,
              "Y": 386.0
            },
            "Name": "scheme_bg_1",
            "ctype": "SpriteObjectData"
          },
          {
            "AnchorPoint": {},
            "Position": {
              "X": 642.1481,
              "Y": 275.4293
            },
            "Scale": {
              "ScaleX": 1.0,
              "ScaleY": 1.0
            },
            "CColor": {},
            "IconVisible": true,
            "PrePosition": {
              "X": 0.5017,
              "Y": 0.3825
            },
            "PreSize": {
              "X": 0.0,
              "Y": 0.0
            },
            "LeftMargin": 642.1481,
            "RightMargin": 637.8519,
            "TopMargin": 444.5707,
            "BottomMargin": 275.4293,
            "Tag": 139,
            "ActionTag": -1240594444,
            "Size": {
              "X": 0.0,
              "Y": 0.0
            },
            "Name": "nodes",
            "ctype": "SingleNodeObjectData"
          },
          {
            "FileData": {
              "Type": "PlistSubImage",
              "Path": "SCCP/Resources/GameResources/SettingUI/shezhiguan.png",
              "Plist": "submodules/kaokao/image/SCCPGameRes.plist"
            },
            "BlendFunc": {
              "Src": 1,
              "Dst": 771
            },
            "AnchorPoint": {
              "ScaleX": 0.5,
              "ScaleY": 0.5
            },
            "Position": {
              "X": 901.9718,
              "Y": 587.7122
            },
            "Scale": {
              "ScaleX": 1.0,
              "ScaleY": 1.0
            },
            "CColor": {},
            "IconVisible": false,
            "PrePosition": {
              "X": 0.7047,
              "Y": 0.8163
            },
            "PreSize": {
              "X": 0.05,
              "Y": 0.0889
            },
            "LeftMargin": 869.9718,
            "RightMargin": 346.0282,
            "TopMargin": 100.2878,
            "BottomMargin": 555.7122,
            "Tag": 141,
            "ActionTag": -343177216,
            "Size": {
              "X": 64.0,
              "Y": 64.0
            },
            "Name": "btn_close",
            "ctype": "SpriteObjectData"
          }
        ],
        "Size": {
          "X": 1280.0,
          "Y": 720.0
        },
        "Name": "Layer",
        "ctype": "LayerObjectData"
      },
      "UsedResources": [
        "../image/SCCPGameRes.plist",
        "../image/SCCPGameRes.png",
        "../image/ui/bg_tou.png"
      ],
      "ctype": "GameFileData"
    }
  },
  "Type": "Layer"
}