{
  "ID": "cfc21428-cf24-46d0-be24-44cabbb9d0f7",
  "Version": "3.10.0.0",
  "Name": "MaScene1_1KWX",
  "Content": {
    "Content": {
      "Animation": {
        "Duration": 0,
        "Speed": 1.0,
        "Timelines": [],
        "ctype": "TimelineActionData"
      },
      "AnimationList": [],
      "ObjectData": {
        "Children": [
          {
            "FontSize": 46,
            "LabelText": "取消",
            "OutlineSize": 3,
            "OutlineColor": {
              "R": 0,
              "G": 0,
              "B": 0
            },
            "OutlineEnabled": true,
            "ShadowColor": {
              "R": 110,
              "G": 110,
              "B": 110
            },
            "ShadowOffsetX": 2.0,
            "ShadowOffsetY": -2.0,
            "AnchorPoint": {
              "ScaleX": 0.5,
              "ScaleY": 0.5
            },
            "Position": {
              "X": 1089.0,
              "Y": 275.4615
            },
            "Scale": {
              "ScaleX": 1.0,
              "ScaleY": 1.0
            },
            "CColor": {
              "R": 176,
              "G": 176,
              "B": 176
            },
            "IconVisible": false,
            "PrePosition": {
              "X": 0.8508,
              "Y": 0.3826
            },
            "PreSize": {
              "X": 0.0719,
              "Y": 0.0736
            },
            "LeftMargin": 1043.0,
            "RightMargin": 145.0,
            "TopMargin": 418.0385,
            "BottomMargin": 248.9615,
            "Tag": 1850,
            "ActionTag": -65265943,
            "Size": {
              "X": 92.0,
              "Y": 53.0
            },
            "Name": "btn_quxiao",
            "ctype": "TextObjectData"
          },
          {
            "FileData": {
              "Type": "Normal",
              "Path": "submodules/majiang/image/MaScene1_1KWX/btn_bg_green.png",
              "Plist": ""
            },
            "BlendFunc": {
              "Src": 1,
              "Dst": 771
            },
            "AnchorPoint": {
              "ScaleX": 0.5,
              "ScaleY": 0.5
            },
            "Position": {
              "X": 827.03,
              "Y": 315.0
            },
            "Scale": {
              "ScaleX": 1.0,
              "ScaleY": 1.0
            },
            "CColor": {},
            "IconVisible": false,
            "PrePosition": {
              "X": 0.6461,
              "Y": 0.4375
            },
            "PreSize": {
              "X": 0.0359,
              "Y": 0.0639
            },
            "LeftMargin": 804.03,
            "RightMargin": 429.97,
            "TopMargin": 382.0,
            "BottomMargin": 292.0,
            "Tag": 265,
            "Children": [
              {
                "FontSize": 40,
                "LabelText": "选择完成",
                "OutlineColor": {},
                "OutlineEnabled": true,
                "ShadowColor": {
                  "R": 110,
                  "G": 110,
                  "B": 110
                },
                "ShadowOffsetX": 2.0,
                "ShadowOffsetY": -2.0,
                "AnchorPoint": {
                  "ScaleX": 0.4963,
                  "ScaleY": 0.4762
                },
                "Position": {
                  "X": 111.9121,
                  "Y": 37.2848
                },
                "Scale": {
                  "ScaleX": 1.0,
                  "ScaleY": 1.0
                },
                "CColor": {},
                "IconVisible": false,
                "PositionPercentXEnabled": true,
                "PositionPercentYEnabled": true,
                "PrePosition": {
                  "X": 0.4996,
                  "Y": 0.4906
                },
                "PreSize": {
                  "X": 3.4783,
                  "Y": 0.9783
                },
                "LeftMargin": 32.5041,
                "RightMargin": 31.4959,
                "TopMargin": 15.1442,
                "BottomMargin": 15.8558,
                "Tag": 266,
                "ActionTag": -734894892,
                "Size": {
                  "X": 160.0,
                  "Y": 45.0
                },
                "Name": "Text_22_0",
                "ctype": "TextObjectData"
              }
            ],
            "ActionTag": -608814695,
            "Size": {
              "X": 224.0,
              "Y": 76.0
            },
            "Name": "btn_xuanzewancheng",
            "ctype": "SpriteObjectData"
          },
          {
            "FileData": {
              "Type": "Normal",
              "Path": "submodules/majiang/image/MaScene1_1KWX/djjs_mo.png",
              "Plist": ""
            },
            "BlendFunc": {
              "Src": 1,
              "Dst": 771
            },
            "AnchorPoint": {
              "ScaleX": 0.5,
              "ScaleY": 0.5
            },
            "Position": {
              "X": 820.2623,
              "Y": 271.8118
            },
            "Scale": {
              "ScaleX": 1.0,
              "ScaleY": 1.0
            },
            "CColor": {},
            "IconVisible": false,
            "PrePosition": {
              "X": 0.6408,
              "Y": 0.3775
            },
            "PreSize": {
              "X": 0.0359,
              "Y": 0.0639
            },
            "LeftMargin": 797.2623,
            "RightMargin": 436.7377,
            "TopMargin": 425.1882,
            "BottomMargin": 248.8118,
            "Tag": 1853,
            "Children": [
              {
                "FontSize": 46,
                "LabelText": "确  定",
                "OutlineSize": 3,
                "OutlineColor": {
                  "R": 115,
                  "G": 50,
                  "B": 1
                },
                "OutlineEnabled": true,
                "ShadowColor": {
                  "R": 110,
                  "G": 110,
                  "B": 110
                },
                "ShadowOffsetX": 2.0,
                "ShadowOffsetY": -2.0,
                "AnchorPoint": {
                  "ScaleX": 0.5,
                  "ScaleY": 0.5
                },
                "Position": {
                  "X": 159.2575,
                  "Y": 52.5247
                },
                "Scale": {
                  "ScaleX": 1.0,
                  "ScaleY": 1.0
                },
                "CColor": {
                  "R": 253,
                  "G": 229,
                  "B": 92
                },
                "IconVisible": false,
                "PrePosition": {
                  "X": 3.4621,
                  "Y": 1.1418
                },
                "PreSize": {
                  "X": 2.5652,
                  "Y": 1.1522
                },
                "LeftMargin": 100.2575,
                "RightMargin": -172.2575,
                "TopMargin": -33.0247,
                "BottomMargin": 26.0247,
                "Tag": 1854,
                "ActionTag": -1701813859,
                "Size": {
                  "X": 118.0,
                  "Y": 53.0
                },
                "Name": "Text_8",
                "ctype": "TextObjectData"
              }
            ],
            "ActionTag": -602137367,
            "Size": {
              "X": 353.0,
              "Y": 87.0
            },
            "Name": "btn_queding",
            "ctype": "SpriteObjectData"
          }
        ],
        "Size": {
          "X": 1280.0,
          "Y": 720.0
        },
        "Name": "Scene1",
        "ctype": "SingleNodeObjectData"
      },
      "UsedResources": [
        "../image/MaScene1_1KWX/btn_bg_green.png",
        "../image/MaScene1_1KWX/djjs_mo.png"
      ],
      "ctype": "GameFileData"
    }
  },
  "Type": "Scene"
}