{
  "ID": "1c919726-237a-4071-a6ab-b94b685b7156",
  "Version": "3.10.0.0",
  "Name": "PlayBackLayer_sc",
  "Content": {
    "Content": {
      "Animation": {
        "Duration": 0,
        "Speed": 1.0,
        "Timelines": [],
        "ctype": "TimelineActionData"
      },
      "AnimationList": [],
      "ObjectData": {
        "Tag": 119,
        "Children": [
          {
            "FileData": {
              "Type": "Normal",
              "Path": "appCommon/fydp/common/transparent/transparent_1280x720.png",
              "Plist": ""
            },
            "BlendFunc": {
              "Src": 1,
              "Dst": 771
            },
            "AnchorPoint": {
              "ScaleX": 0.5,
              "ScaleY": 0.5
            },
            "Position": {
              "X": 638.72,
              "Y": 360.0
            },
            "Scale": {
              "ScaleX": 1.0,
              "ScaleY": 1.0
            },
            "CColor": {},
            "IconVisible": false,
            "PositionPercentXEnabled": true,
            "PositionPercentYEnabled": true,
            "PrePosition": {
              "X": 0.499,
              "Y": 0.5
            },
            "PreSize": {
              "X": 1.0,
              "Y": 1.0
            },
            "LeftMargin": -1.28,
            "RightMargin": 1.28,
            "Tag": 14,
            "Children": [
              {
                "FileData": {
                  "Type": "Normal",
                  "Path": "appCommon/fydp/common/bg_sea.png",
                  "Plist": ""
                },
                "BlendFunc": {
                  "Src": 1,
                  "Dst": 771
                },
                "AnchorPoint": {
                  "ScaleX": 0.5,
                  "ScaleY": 0.5
                },
                "Position": {
                  "X": 640.0,
                  "Y": 252.0
                },
                "Scale": {
                  "ScaleX": 1.0,
                  "ScaleY": 1.0
                },
                "CColor": {},
                "IconVisible": false,
                "PositionPercentXEnabled": true,
                "PositionPercentYEnabled": true,
                "PrePosition": {
                  "X": 0.5,
                  "Y": 0.35
                },
                "PreSize": {
                  "X": 0.3672,
                  "Y": 0.1472
                },
                "LeftMargin": 405.0,
                "RightMargin": 405.0,
                "TopMargin": 415.0,
                "BottomMargin": 199.0,
                "Tag": 11,
                "ActionTag": 1609028265,
                "Size": {
                  "X": 470.0,
                  "Y": 106.0
                },
                "Name": "bg_searchpai",
                "ctype": "SpriteObjectData"
              },
              {
                "FileData": {
                  "Type": "Normal",
                  "Path": "appCommon/fydp/common/back_searchpai.png",
                  "Plist": ""
                },
                "BlendFunc": {
                  "Src": 1,
                  "Dst": 771
                },
                "AnchorPoint": {
                  "ScaleX": 0.5,
                  "ScaleY": 0.5
                },
                "Position": {
                  "X": 471.04,
                  "Y": 252.0
                },
                "Scale": {
                  "ScaleX": 1.0,
                  "ScaleY": 1.0
                },
                "CColor": {},
                "IconVisible": false,
                "PositionPercentXEnabled": true,
                "PositionPercentYEnabled": true,
                "PrePosition": {
                  "X": 0.368,
                  "Y": 0.35
                },
                "PreSize": {
                  "X": 0.0391,
                  "Y": 0.0569
                },
                "LeftMargin": 446.04,
                "RightMargin": 783.96,
                "TopMargin": 447.5,
                "BottomMargin": 231.5,
                "Tag": 10,
                "ActionTag": -548959817,
                "Size": {
                  "X": 50.0,
                  "Y": 41.0
                },
                "Name": "back_searchpai",
                "ctype": "SpriteObjectData"
              },
              {
                "FileData": {
                  "Type": "Normal",
                  "Path": "appCommon/fydp/common/next_searchpai.png",
                  "Plist": ""
                },
                "BlendFunc": {
                  "Src": 1,
                  "Dst": 771
                },
                "AnchorPoint": {
                  "ScaleX": 0.5,
                  "ScaleY": 0.5
                },
                "Position": {
                  "X": 697.984,
                  "Y": 252.0
                },
                "Scale": {
                  "ScaleX": 1.0,
                  "ScaleY": 1.0
                },
                "CColor": {},
                "IconVisible": false,
                "PositionPercentXEnabled": true,
                "PositionPercentYEnabled": true,
                "PrePosition": {
                  "X": 0.5453,
                  "Y": 0.35
                },
                "PreSize": {
                  "X": 0.0391,
                  "Y": 0.0569
                },
                "LeftMargin": 672.984,
                "RightMargin": 557.016,
                "TopMargin": 447.5,
                "BottomMargin": 231.5,
                "Tag": 15,
                "ActionTag": 1860340794,
                "Size": {
                  "X": 50.0,
                  "Y": 41.0
                },
                "Name": "next_searchpai",
                "ctype": "SpriteObjectData"
              },
              {
                "FileData": {
                  "Type": "Normal",
                  "Path": "appCommon/fydp/common/pause_searchpai.png",
                  "Plist": ""
                },
                "BlendFunc": {
                  "Src": 1,
                  "Dst": 771
                },
                "AnchorPoint": {
                  "ScaleX": 0.5,
                  "ScaleY": 0.5
                },
                "Position": {
                  "X": 584.064,
                  "Y": 252.0
                },
                "Scale": {
                  "ScaleX": 1.0,
                  "ScaleY": 1.0
                },
                "CColor": {},
                "IconVisible": false,
                "PositionPercentXEnabled": true,
                "PositionPercentYEnabled": true,
                "PrePosition": {
                  "X": 0.4563,
                  "Y": 0.35
                },
                "PreSize": {
                  "X": 0.0375,
                  "Y": 0.0778
                },
                "LeftMargin": 560.064,
                "RightMargin": 671.936,
                "TopMargin": 440.0,
                "BottomMargin": 224.0,
                "Tag": 12,
                "ActionTag": 396275557,
                "Size": {
                  "X": 48.0,
                  "Y": 56.0
                },
                "Name": "pause_searchpai",
                "ctype": "SpriteObjectData"
              },
              {
                "FileData": {
                  "Type": "Normal",
                  "Path": "appCommon/fydp/common/play_searchpai.png",
                  "Plist": ""
                },
                "BlendFunc": {
                  "Src": 1,
                  "Dst": 771
                },
                "AnchorPoint": {
                  "ScaleX": 0.5263,
                  "ScaleY": 0.4842
                },
                "Position": {
                  "X": 584.064,
                  "Y": 252.0
                },
                "Scale": {
                  "ScaleX": 1.0,
                  "ScaleY": 1.0
                },
                "CColor": {},
                "IconVisible": false,
                "PositionPercentXEnabled": true,
                "PositionPercentYEnabled": true,
                "PrePosition": {
                  "X": 0.4563,
                  "Y": 0.35
                },
                "PreSize": {
                  "X": 0.0375,
                  "Y": 0.075
                },
                "LeftMargin": 558.8016,
                "RightMargin": 673.1984,
                "TopMargin": 440.1468,
                "BottomMargin": 225.8532,
                "Tag": 13,
                "ActionTag": 1482300526,
                "Size": {
                  "X": 48.0,
                  "Y": 54.0
                },
                "Name": "play_searchpai",
                "ctype": "SpriteObjectData"
              },
              {
                "FileData": {
                  "Type": "Normal",
                  "Path": "appCommon/fydp/common/btn_playback.png",
                  "Plist": ""
                },
                "BlendFunc": {
                  "Src": 1,
                  "Dst": 771
                },
                "AnchorPoint": {
                  "ScaleX": 0.5,
                  "ScaleY": 0.5
                },
                "Position": {
                  "X": 808.0,
                  "Y": 252.0
                },
                "Scale": {
                  "ScaleX": 1.0,
                  "ScaleY": 1.0
                },
                "CColor": {},
                "IconVisible": false,
                "PositionPercentYEnabled": true,
                "PrePosition": {
                  "X": 0.6313,
                  "Y": 0.35
                },
                "PreSize": {
                  "X": 0.0422,
                  "Y": 0.0694
                },
                "LeftMargin": 781.0,
                "RightMargin": 445.0,
                "TopMargin": 443.0,
                "BottomMargin": 227.0,
                "Tag": 93,
                "ActionTag": 1535668952,
                "Size": {
                  "X": 54.0,
                  "Y": 50.0
                },
                "Name": "btn_close",
                "ctype": "SpriteObjectData"
              }
            ],
            "ActionTag": -478004560,
            "Size": {
              "X": 1280.0,
              "Y": 720.0
            },
            "Name": "root",
            "ctype": "SpriteObjectData"
          },
          {
            "ClipAble": false,
            "BackColorAlpha": 102,
            "SingleColor": {
              "R": 150,
              "G": 200
            },
            "FirstColor": {
              "R": 150,
              "G": 200
            },
            "EndColor": {},
            "ColorVector": {
              "ScaleY": 1.0
            },
            "Scale9Width": 1,
            "Scale9Height": 1,
            "TouchEnable": true,
            "AnchorPoint": {},
            "Position": {
              "X": 937.984,
              "Y": 140.4
            },
            "Scale": {
              "ScaleX": 1.0,
              "ScaleY": 1.0
            },
            "CColor": {},
            "IconVisible": false,
            "PositionPercentXEnabled": true,
            "PositionPercentYEnabled": true,
            "PrePosition": {
              "X": 0.7328,
              "Y": 0.195
            },
            "PreSize": {
              "X": 0.0781,
              "Y": 0.6389
            },
            "LeftMargin": 937.984,
            "RightMargin": 242.016,
            "TopMargin": 119.6,
            "BottomMargin": 140.4,
            "Tag": 304,
            "Children": [
              {
                "FileData": {
                  "Type": "Normal",
                  "Path": "submodules/majiang/image/ma_sc/cpghRep/1_3bg.png",
                  "Plist": ""
                },
                "Scale9Enable": true,
                "Scale9OriginX": 23,
                "Scale9OriginY": 128,
                "Scale9Width": 24,
                "Scale9Height": 134,
                "AnchorPoint": {
                  "ScaleX": 0.5,
                  "ScaleY": 0.5
                },
                "Position": {
                  "X": 50.0,
                  "Y": 230.0
                },
                "Scale": {
                  "ScaleX": 1.0,
                  "ScaleY": 1.0
                },
                "CColor": {},
                "IconVisible": false,
                "PositionPercentXEnabled": true,
                "PositionPercentYEnabled": true,
                "PrePosition": {
                  "X": 0.5,
                  "Y": 0.5
                },
                "PreSize": {
                  "X": 0.7,
                  "Y": 1.0
                },
                "LeftMargin": 15.0,
                "RightMargin": 15.0,
                "Tag": 708,
                "ActionTag": 1114100671,
                "Size": {
                  "X": 70.0,
                  "Y": 460.0
                },
                "Name": "sp_bg",
                "ctype": "ImageViewObjectData"
              },
              {
                "FileData": {
                  "Type": "PlistSubImage",
                  "Path": "p0s27.png",
                  "Plist": "submodules/majiang/image/pai.plist"
                },
                "BlendFunc": {
                  "Src": 770,
                  "Dst": 771
                },
                "AnchorPoint": {
                  "ScaleX": 0.5,
                  "ScaleY": 0.5
                },
                "Position": {
                  "X": 49.9994,
                  "Y": 55.0
                },
                "Scale": {
                  "ScaleX": 1.0,
                  "ScaleY": 1.0
                },
                "CColor": {},
                "IconVisible": false,
                "PrePosition": {
                  "X": 0.5,
                  "Y": 0.1196
                },
                "PreSize": {
                  "X": 0.62,
                  "Y": 0.1935
                },
                "LeftMargin": 18.9994,
                "RightMargin": 19.0006,
                "TopMargin": 360.5,
                "BottomMargin": 10.5,
                "Tag": 306,
                "ActionTag": 76799088,
                "Size": {
                  "X": 62.0,
                  "Y": 89.0
                },
                "Name": "sp_pai",
                "ctype": "SpriteObjectData"
              },
              {
                "FileData": {
                  "Type": "Normal",
                  "Path": "submodules/majiang/image/ma_sc/cpghRep/sp1_0.png",
                  "Plist": ""
                },
                "BlendFunc": {
                  "Src": 1,
                  "Dst": 771
                },
                "AnchorPoint": {
                  "ScaleX": 0.5,
                  "ScaleY": 0.5
                },
                "Position": {
                  "X": 51.57,
                  "Y": 430.928
                },
                "Scale": {
                  "ScaleX": 1.0,
                  "ScaleY": 1.0
                },
                "CColor": {},
                "IconVisible": false,
                "PositionPercentXEnabled": true,
                "PositionPercentYEnabled": true,
                "PrePosition": {
                  "X": 0.5157,
                  "Y": 0.9368
                },
                "PreSize": {
                  "X": 0.52,
                  "Y": 0.0848
                },
                "LeftMargin": 25.57,
                "RightMargin": 22.43,
                "TopMargin": 9.572,
                "BottomMargin": 411.428,
                "Tag": 307,
                "ActionTag": 768228462,
                "Size": {
                  "X": 52.0,
                  "Y": 39.0
                },
                "Name": "sp_0",
                "ctype": "SpriteObjectData"
              },
              {
                "FileData": {
                  "Type": "Normal",
                  "Path": "submodules/majiang/image/ma_sc/cpghRep/sp1_1.png",
                  "Plist": ""
                },
                "BlendFunc": {
                  "Src": 1,
                  "Dst": 771
                },
                "AnchorPoint": {
                  "ScaleX": 0.5,
                  "ScaleY": 0.5
                },
                "Position": {
                  "X": 51.57,
                  "Y": 387.274
                },
                "Scale": {
                  "ScaleX": 1.0,
                  "ScaleY": 1.0
                },
                "CColor": {},
                "IconVisible": false,
                "PositionPercentXEnabled": true,
                "PositionPercentYEnabled": true,
                "PrePosition": {
                  "X": 0.5157,
                  "Y": 0.8419
                },
                "PreSize": {
                  "X": 0.52,
                  "Y": 0.0848
                },
                "LeftMargin": 25.57,
                "RightMargin": 22.43,
                "TopMargin": 53.226,
                "BottomMargin": 367.774,
                "Tag": 308,
                "ActionTag": 1650448799,
                "Size": {
                  "X": 52.0,
                  "Y": 39.0
                },
                "Name": "sp_1",
                "ctype": "SpriteObjectData"
              },
              {
                "FileData": {
                  "Type": "Normal",
                  "Path": "submodules/majiang/image/ma_sc/cpghRep/sp1_2.png",
                  "Plist": ""
                },
                "BlendFunc": {
                  "Src": 1,
                  "Dst": 771
                },
                "AnchorPoint": {
                  "ScaleX": 0.5,
                  "ScaleY": 0.5
                },
                "Position": {
                  "X": 51.57,
                  "Y": 343.666
                },
                "Scale": {
                  "ScaleX": 1.0,
                  "ScaleY": 1.0
                },
                "CColor": {},
                "IconVisible": false,
                "PositionPercentXEnabled": true,
                "PositionPercentYEnabled": true,
                "PrePosition": {
                  "X": 0.5157,
                  "Y": 0.7471
                },
                "PreSize": {
                  "X": 0.52,
                  "Y": 0.0848
                },
                "LeftMargin": 25.57,
                "RightMargin": 22.43,
                "TopMargin": 96.834,
                "BottomMargin": 324.166,
                "Tag": 309,
                "ActionTag": 1968816920,
                "Size": {
                  "X": 52.0,
                  "Y": 39.0
                },
                "Name": "sp_2",
                "ctype": "SpriteObjectData"
              },
              {
                "FileData": {
                  "Type": "Normal",
                  "Path": "submodules/majiang/image/ma_sc/cpghRep/sp1_5.png",
                  "Plist": ""
                },
                "BlendFunc": {
                  "Src": 1,
                  "Dst": 771
                },
                "AnchorPoint": {
                  "ScaleX": 0.5,
                  "ScaleY": 0.5
                },
                "Position": {
                  "X": 51.57,
                  "Y": 300.012
                },
                "Scale": {
                  "ScaleX": 1.0,
                  "ScaleY": 1.0
                },
                "CColor": {},
                "IconVisible": false,
                "PositionPercentXEnabled": true,
                "PositionPercentYEnabled": true,
                "PrePosition": {
                  "X": 0.5157,
                  "Y": 0.6522
                },
                "PreSize": {
                  "X": 0.52,
                  "Y": 0.0848
                },
                "LeftMargin": 25.57,
                "RightMargin": 22.43,
                "TopMargin": 140.488,
                "BottomMargin": 280.512,
                "Tag": 310,
                "ActionTag": 2100981975,
                "Size": {
                  "X": 52.0,
                  "Y": 39.0
                },
                "Name": "sp_5",
                "ctype": "SpriteObjectData"
              },
              {
                "FileData": {
                  "Type": "Normal",
                  "Path": "submodules/majiang/image/ma_sc/cpghRep/sp1_3.png",
                  "Plist": ""
                },
                "BlendFunc": {
                  "Src": 1,
                  "Dst": 771
                },
                "AnchorPoint": {
                  "ScaleX": 0.5,
                  "ScaleY": 0.5
                },
                "Position": {
                  "X": 51.57,
                  "Y": 256.404
                },
                "Scale": {
                  "ScaleX": 1.0,
                  "ScaleY": 1.0
                },
                "CColor": {},
                "IconVisible": false,
                "PositionPercentXEnabled": true,
                "PositionPercentYEnabled": true,
                "PrePosition": {
                  "X": 0.5157,
                  "Y": 0.5574
                },
                "PreSize": {
                  "X": 0.52,
                  "Y": 0.0848
                },
                "LeftMargin": 25.57,
                "RightMargin": 22.43,
                "TopMargin": 184.096,
                "BottomMargin": 236.904,
                "Tag": 311,
                "ActionTag": -1859908155,
                "Size": {
                  "X": 52.0,
                  "Y": 39.0
                },
                "Name": "sp_3",
                "ctype": "SpriteObjectData"
              },
              {
                "FileData": {
                  "Type": "Normal",
                  "Path": "submodules/majiang/image/ma_sc/cpghRep/sp1_4.png",
                  "Plist": ""
                },
                "BlendFunc": {
                  "Src": 1,
                  "Dst": 771
                },
                "AnchorPoint": {
                  "ScaleX": 0.5,
                  "ScaleY": 0.5
                },
                "Position": {
                  "X": 51.57,
                  "Y": 124.01
                },
                "Scale": {
                  "ScaleX": 1.0,
                  "ScaleY": 1.0
                },
                "CColor": {},
                "IconVisible": false,
                "PositionPercentXEnabled": true,
                "PrePosition": {
                  "X": 0.5157,
                  "Y": 0.2696
                },
                "PreSize": {
                  "X": 0.52,
                  "Y": 0.0848
                },
                "LeftMargin": 25.57,
                "RightMargin": 22.43,
                "TopMargin": 316.49,
                "BottomMargin": 104.51,
                "Tag": 312,
                "ActionTag": 2117055034,
                "Size": {
                  "X": 52.0,
                  "Y": 39.0
                },
                "Name": "sp_4",
                "ctype": "SpriteObjectData"
              },
              {
                "FileData": {
                  "Type": "Normal",
                  "Path": "submodules/majiang/image/ma_sc/cpghRep/sp1_7.png",
                  "Plist": ""
                },
                "BlendFunc": {
                  "Src": 1,
                  "Dst": 771
                },
                "AnchorPoint": {
                  "ScaleX": 0.5,
                  "ScaleY": 0.5
                },
                "Position": {
                  "X": 51.57,
                  "Y": 212.77
                },
                "Scale": {
                  "ScaleX": 1.0,
                  "ScaleY": 1.0
                },
                "CColor": {},
                "IconVisible": false,
                "PositionPercentXEnabled": true,
                "PrePosition": {
                  "X": 0.5157,
                  "Y": 0.4625
                },
                "PreSize": {
                  "X": 0.55,
                  "Y": 0.0848
                },
                "LeftMargin": 24.07,
                "RightMargin": 20.93,
                "TopMargin": 227.73,
                "BottomMargin": 193.27,
                "Tag": 709,
                "ActionTag": 465438655,
                "Size": {
                  "X": 55.0,
                  "Y": 39.0
                },
                "Name": "sp_7",
                "ctype": "SpriteObjectData"
              },
              {
                "FileData": {
                  "Type": "Normal",
                  "Path": "submodules/majiang/image/ma_sc/cpghRep/sp1_8.png",
                  "Plist": ""
                },
                "BlendFunc": {
                  "Src": 1,
                  "Dst": 771
                },
                "AnchorPoint": {
                  "ScaleX": 0.5,
                  "ScaleY": 0.5
                },
                "Position": {
                  "X": 51.57,
                  "Y": 169.14
                },
                "Scale": {
                  "ScaleX": 1.0,
                  "ScaleY": 1.0
                },
                "CColor": {},
                "IconVisible": false,
                "PositionPercentXEnabled": true,
                "PrePosition": {
                  "X": 0.5157,
                  "Y": 0.3677
                },
                "PreSize": {
                  "X": 0.55,
                  "Y": 0.087
                },
                "LeftMargin": 24.07,
                "RightMargin": 20.93,
                "TopMargin": 270.86,
                "BottomMargin": 149.14,
                "Tag": 710,
                "ActionTag": -354803863,
                "Size": {
                  "X": 55.0,
                  "Y": 40.0
                },
                "Name": "sp_8",
                "ctype": "SpriteObjectData"
              }
            ],
            "ActionTag": 1142215492,
            "Size": {
              "X": 100.0,
              "Y": 460.0
            },
            "VisibleForFrame": false,
            "Name": "cpghRep1",
            "ctype": "PanelObjectData"
          },
          {
            "ClipAble": false,
            "BackColorAlpha": 102,
            "SingleColor": {
              "R": 150,
              "G": 200
            },
            "FirstColor": {
              "R": 150,
              "G": 200
            },
            "EndColor": {},
            "ColorVector": {
              "ScaleY": 1.0
            },
            "Scale9Width": 1,
            "Scale9Height": 1,
            "TouchEnable": true,
            "AnchorPoint": {},
            "Position": {
              "X": 354.048,
              "Y": 494.568
            },
            "Scale": {
              "ScaleX": 1.0,
              "ScaleY": 1.0
            },
            "CColor": {},
            "IconVisible": false,
            "PositionPercentXEnabled": true,
            "PositionPercentYEnabled": true,
            "PrePosition": {
              "X": 0.2766,
              "Y": 0.6869
            },
            "PreSize": {
              "X": 0.3906,
              "Y": 0.1389
            },
            "LeftMargin": 354.048,
            "RightMargin": 425.952,
            "TopMargin": 125.432,
            "BottomMargin": 494.568,
            "Tag": 322,
            "Children": [
              {
                "FileData": {
                  "Type": "Normal",
                  "Path": "submodules/majiang/image/ma_sc/cpghRep/0_2bg.png",
                  "Plist": ""
                },
                "Scale9Enable": true,
                "Scale9OriginX": 23,
                "Scale9OriginY": 23,
                "Scale9Width": 341,
                "Scale9Height": 26,
                "AnchorPoint": {
                  "ScaleX": 0.5,
                  "ScaleY": 0.5
                },
                "Position": {
                  "X": 250.0,
                  "Y": 50.0
                },
                "Scale": {
                  "ScaleX": 1.0,
                  "ScaleY": 1.0
                },
                "CColor": {},
                "IconVisible": false,
                "PositionPercentXEnabled": true,
                "PositionPercentYEnabled": true,
                "PrePosition": {
                  "X": 0.5,
                  "Y": 0.5
                },
                "PreSize": {
                  "X": 1.0,
                  "Y": 0.72
                },
                "TopMargin": 14.0,
                "BottomMargin": 14.0,
                "Tag": 733,
                "ActionTag": -826594845,
                "Size": {
                  "X": 500.0,
                  "Y": 72.0
                },
                "Name": "sp_bg",
                "ctype": "ImageViewObjectData"
              },
              {
                "FileData": {
                  "Type": "PlistSubImage",
                  "Path": "p0s27.png",
                  "Plist": "submodules/majiang/image/pai.plist"
                },
                "BlendFunc": {
                  "Src": 770,
                  "Dst": 771
                },
                "AnchorPoint": {
                  "ScaleX": 0.5,
                  "ScaleY": 0.5
                },
                "Position": {
                  "X": 40.0,
                  "Y": 53.0
                },
                "Scale": {
                  "ScaleX": 1.0,
                  "ScaleY": 1.0
                },
                "CColor": {},
                "IconVisible": false,
                "PositionPercentXEnabled": true,
                "PrePosition": {
                  "X": 0.08,
                  "Y": 0.53
                },
                "PreSize": {
                  "X": 0.124,
                  "Y": 0.89
                },
                "LeftMargin": 9.0,
                "RightMargin": 429.0,
                "TopMargin": 2.5,
                "BottomMargin": 8.5,
                "Tag": 324,
                "ActionTag": 1731776312,
                "Size": {
                  "X": 62.0,
                  "Y": 89.0
                },
                "Name": "sp_pai",
                "ctype": "SpriteObjectData"
              },
              {
                "FileData": {
                  "Type": "Normal",
                  "Path": "submodules/majiang/image/ma_sc/cpghRep/sp1_0.png",
                  "Plist": ""
                },
                "BlendFunc": {
                  "Src": 1,
                  "Dst": 771
                },
                "AnchorPoint": {
                  "ScaleX": 0.5,
                  "ScaleY": 0.5
                },
                "Position": {
                  "X": 95.0,
                  "Y": 53.0
                },
                "Scale": {
                  "ScaleX": 1.0,
                  "ScaleY": 1.0
                },
                "CColor": {},
                "IconVisible": false,
                "PositionPercentXEnabled": true,
                "PrePosition": {
                  "X": 0.19,
                  "Y": 0.53
                },
                "PreSize": {
                  "X": 0.092,
                  "Y": 0.46
                },
                "LeftMargin": 72.0,
                "RightMargin": 382.0,
                "TopMargin": 24.0,
                "BottomMargin": 30.0,
                "Tag": 325,
                "ActionTag": -1974519527,
                "Size": {
                  "X": 52.0,
                  "Y": 39.0
                },
                "Name": "sp_0",
                "ctype": "SpriteObjectData"
              },
              {
                "FileData": {
                  "Type": "Normal",
                  "Path": "submodules/majiang/image/ma_sc/cpghRep/sp1_1.png",
                  "Plist": ""
                },
                "BlendFunc": {
                  "Src": 1,
                  "Dst": 771
                },
                "AnchorPoint": {
                  "ScaleX": 0.5,
                  "ScaleY": 0.5
                },
                "Position": {
                  "X": 147.05,
                  "Y": 53.0
                },
                "Scale": {
                  "ScaleX": 1.0,
                  "ScaleY": 1.0
                },
                "CColor": {},
                "IconVisible": false,
                "PositionPercentXEnabled": true,
                "PrePosition": {
                  "X": 0.2941,
                  "Y": 0.53
                },
                "PreSize": {
                  "X": 0.092,
                  "Y": 0.46
                },
                "LeftMargin": 124.05,
                "RightMargin": 329.95,
                "TopMargin": 24.0,
                "BottomMargin": 30.0,
                "Tag": 326,
                "ActionTag": 1451406294,
                "Size": {
                  "X": 52.0,
                  "Y": 39.0
                },
                "Name": "sp_1",
                "ctype": "SpriteObjectData"
              },
              {
                "FileData": {
                  "Type": "Normal",
                  "Path": "submodules/majiang/image/ma_sc/cpghRep/sp1_2.png",
                  "Plist": ""
                },
                "BlendFunc": {
                  "Src": 1,
                  "Dst": 771
                },
                "AnchorPoint": {
                  "ScaleX": 0.5,
                  "ScaleY": 0.5
                },
                "Position": {
                  "X": 199.05,
                  "Y": 53.0
                },
                "Scale": {
                  "ScaleX": 1.0,
                  "ScaleY": 1.0
                },
                "CColor": {},
                "IconVisible": false,
                "PositionPercentXEnabled": true,
                "PrePosition": {
                  "X": 0.3981,
                  "Y": 0.53
                },
                "PreSize": {
                  "X": 0.104,
                  "Y": 0.39
                },
                "LeftMargin": 173.05,
                "RightMargin": 274.95,
                "TopMargin": 27.5,
                "BottomMargin": 33.5,
                "Tag": 327,
                "ActionTag": 543665364,
                "Size": {
                  "X": 52.0,
                  "Y": 39.0
                },
                "Name": "sp_2",
                "ctype": "SpriteObjectData"
              },
              {
                "FileData": {
                  "Type": "Normal",
                  "Path": "submodules/majiang/image/ma_sc/cpghRep/sp1_5.png",
                  "Plist": ""
                },
                "BlendFunc": {
                  "Src": 1,
                  "Dst": 771
                },
                "AnchorPoint": {
                  "ScaleX": 0.5,
                  "ScaleY": 0.5
                },
                "Position": {
                  "X": 251.1,
                  "Y": 53.0
                },
                "Scale": {
                  "ScaleX": 1.0,
                  "ScaleY": 1.0
                },
                "CColor": {},
                "IconVisible": false,
                "PositionPercentXEnabled": true,
                "PrePosition": {
                  "X": 0.5022,
                  "Y": 0.53
                },
                "PreSize": {
                  "X": 0.104,
                  "Y": 0.39
                },
                "LeftMargin": 225.1,
                "RightMargin": 222.9,
                "TopMargin": 27.5,
                "BottomMargin": 33.5,
                "Tag": 328,
                "ActionTag": -491260632,
                "Size": {
                  "X": 52.0,
                  "Y": 39.0
                },
                "Name": "sp_5",
                "ctype": "SpriteObjectData"
              },
              {
                "FileData": {
                  "Type": "Normal",
                  "Path": "submodules/majiang/image/ma_sc/cpghRep/sp1_3.png",
                  "Plist": ""
                },
                "BlendFunc": {
                  "Src": 1,
                  "Dst": 771
                },
                "AnchorPoint": {
                  "ScaleX": 0.5,
                  "ScaleY": 0.5
                },
                "Position": {
                  "X": 303.1,
                  "Y": 53.0
                },
                "Scale": {
                  "ScaleX": 1.0,
                  "ScaleY": 1.0
                },
                "CColor": {},
                "IconVisible": false,
                "PositionPercentXEnabled": true,
                "PrePosition": {
                  "X": 0.6062,
                  "Y": 0.53
                },
                "PreSize": {
                  "X": 0.104,
                  "Y": 0.39
                },
                "LeftMargin": 277.1,
                "RightMargin": 170.9,
                "TopMargin": 27.5,
                "BottomMargin": 33.5,
                "Tag": 329,
                "ActionTag": -88498586,
                "Size": {
                  "X": 52.0,
                  "Y": 39.0
                },
                "Name": "sp_3",
                "ctype": "SpriteObjectData"
              },
              {
                "FileData": {
                  "Type": "Normal",
                  "Path": "submodules/majiang/image/ma_sc/cpghRep/sp1_4.png",
                  "Plist": ""
                },
                "BlendFunc": {
                  "Src": 1,
                  "Dst": 771
                },
                "AnchorPoint": {
                  "ScaleX": 0.5,
                  "ScaleY": 0.5
                },
                "Position": {
                  "X": 465.2,
                  "Y": 53.0
                },
                "Scale": {
                  "ScaleX": 1.0,
                  "ScaleY": 1.0
                },
                "CColor": {},
                "IconVisible": false,
                "PositionPercentXEnabled": true,
                "PrePosition": {
                  "X": 0.9304,
                  "Y": 0.53
                },
                "PreSize": {
                  "X": 0.092,
                  "Y": 0.46
                },
                "LeftMargin": 442.2,
                "RightMargin": 11.8,
                "TopMargin": 24.0,
                "BottomMargin": 30.0,
                "Tag": 330,
                "ActionTag": 1852137576,
                "Size": {
                  "X": 52.0,
                  "Y": 39.0
                },
                "Name": "sp_4",
                "ctype": "SpriteObjectData"
              },
              {
                "FileData": {
                  "Type": "Normal",
                  "Path": "submodules/majiang/image/ma_sc/cpghRep/sp1_8.png",
                  "Plist": ""
                },
                "BlendFunc": {
                  "Src": 1,
                  "Dst": 771
                },
                "AnchorPoint": {
                  "ScaleX": 0.5,
                  "ScaleY": 0.5
                },
                "Position": {
                  "X": 411.65,
                  "Y": 53.0
                },
                "Scale": {
                  "ScaleX": 1.0,
                  "ScaleY": 1.0
                },
                "CColor": {},
                "IconVisible": false,
                "PositionPercentXEnabled": true,
                "PrePosition": {
                  "X": 0.8233,
                  "Y": 0.53
                },
                "PreSize": {
                  "X": 0.092,
                  "Y": 0.46
                },
                "LeftMargin": 388.65,
                "RightMargin": 65.35,
                "TopMargin": 24.0,
                "BottomMargin": 30.0,
                "Tag": 735,
                "ActionTag": -796168404,
                "Size": {
                  "X": 55.0,
                  "Y": 40.0
                },
                "Name": "sp_8",
                "ctype": "SpriteObjectData"
              },
              {
                "FileData": {
                  "Type": "Normal",
                  "Path": "submodules/majiang/image/ma_sc/cpghRep/sp1_7.png",
                  "Plist": ""
                },
                "BlendFunc": {
                  "Src": 1,
                  "Dst": 771
                },
                "AnchorPoint": {
                  "ScaleX": 0.5,
                  "ScaleY": 0.5
                },
                "Position": {
                  "X": 356.65,
                  "Y": 53.0
                },
                "Scale": {
                  "ScaleX": 1.0,
                  "ScaleY": 1.0
                },
                "CColor": {},
                "IconVisible": false,
                "PositionPercentXEnabled": true,
                "PrePosition": {
                  "X": 0.7133,
                  "Y": 0.53
                },
                "PreSize": {
                  "X": 0.092,
                  "Y": 0.46
                },
                "LeftMargin": 333.65,
                "RightMargin": 120.35,
                "TopMargin": 24.0,
                "BottomMargin": 30.0,
                "Tag": 734,
                "ActionTag": 903537333,
                "Size": {
                  "X": 55.0,
                  "Y": 39.0
                },
                "Name": "sp_7",
                "ctype": "SpriteObjectData"
              }
            ],
            "ActionTag": 1228016154,
            "Size": {
              "X": 500.0,
              "Y": 100.0
            },
            "VisibleForFrame": false,
            "Name": "cpghRep0",
            "ctype": "PanelObjectData"
          },
          {
            "ClipAble": false,
            "BackColorAlpha": 102,
            "SingleColor": {
              "R": 150,
              "G": 200
            },
            "FirstColor": {
              "R": 150,
              "G": 200
            },
            "EndColor": {},
            "ColorVector": {
              "ScaleY": 1.0
            },
            "Scale9Width": 1,
            "Scale9Height": 1,
            "TouchEnable": true,
            "AnchorPoint": {},
            "Position": {
              "X": 237.824,
              "Y": 140.4
            },
            "Scale": {
              "ScaleX": 1.0,
              "ScaleY": 1.0
            },
            "CColor": {},
            "IconVisible": false,
            "PositionPercentXEnabled": true,
            "PositionPercentYEnabled": true,
            "PrePosition": {
              "X": 0.1858,
              "Y": 0.195
            },
            "PreSize": {
              "X": 0.0781,
              "Y": 0.6389
            },
            "LeftMargin": 237.824,
            "RightMargin": 942.176,
            "TopMargin": 119.6,
            "BottomMargin": 140.4,
            "Tag": 711,
            "Children": [
              {
                "FileData": {
                  "Type": "Normal",
                  "Path": "submodules/majiang/image/ma_sc/cpghRep/1_3bg.png",
                  "Plist": ""
                },
                "Scale9Enable": true,
                "Scale9OriginX": 23,
                "Scale9OriginY": 128,
                "Scale9Width": 24,
                "Scale9Height": 134,
                "AnchorPoint": {
                  "ScaleX": 0.5,
                  "ScaleY": 0.5
                },
                "Position": {
                  "X": 50.0,
                  "Y": 230.0
                },
                "Scale": {
                  "ScaleX": 1.0,
                  "ScaleY": 1.0
                },
                "CColor": {},
                "IconVisible": false,
                "PositionPercentXEnabled": true,
                "PositionPercentYEnabled": true,
                "PrePosition": {
                  "X": 0.5,
                  "Y": 0.5
                },
                "PreSize": {
                  "X": 0.7,
                  "Y": 1.0
                },
                "LeftMargin": 15.0,
                "RightMargin": 15.0,
                "Tag": 712,
                "ActionTag": -1111984975,
                "Size": {
                  "X": 70.0,
                  "Y": 460.0
                },
                "Name": "sp_bg",
                "ctype": "ImageViewObjectData"
              },
              {
                "FileData": {
                  "Type": "PlistSubImage",
                  "Path": "p0s27.png",
                  "Plist": "submodules/majiang/image/pai.plist"
                },
                "BlendFunc": {
                  "Src": 770,
                  "Dst": 771
                },
                "AnchorPoint": {
                  "ScaleX": 0.5,
                  "ScaleY": 0.5
                },
                "Position": {
                  "X": 49.9994,
                  "Y": 55.0
                },
                "Scale": {
                  "ScaleX": 1.0,
                  "ScaleY": 1.0
                },
                "CColor": {},
                "IconVisible": false,
                "PrePosition": {
                  "X": 0.5,
                  "Y": 0.1196
                },
                "PreSize": {
                  "X": 0.62,
                  "Y": 0.1935
                },
                "LeftMargin": 18.9994,
                "RightMargin": 19.0006,
                "TopMargin": 360.5,
                "BottomMargin": 10.5,
                "Tag": 713,
                "ActionTag": 991517012,
                "Size": {
                  "X": 62.0,
                  "Y": 89.0
                },
                "Name": "sp_pai",
                "ctype": "SpriteObjectData"
              },
              {
                "FileData": {
                  "Type": "Normal",
                  "Path": "submodules/majiang/image/ma_sc/cpghRep/sp1_0.png",
                  "Plist": ""
                },
                "BlendFunc": {
                  "Src": 1,
                  "Dst": 771
                },
                "AnchorPoint": {
                  "ScaleX": 0.5,
                  "ScaleY": 0.5
                },
                "Position": {
                  "X": 51.57,
                  "Y": 430.928
                },
                "Scale": {
                  "ScaleX": 1.0,
                  "ScaleY": 1.0
                },
                "CColor": {},
                "IconVisible": false,
                "PositionPercentXEnabled": true,
                "PositionPercentYEnabled": true,
                "PrePosition": {
                  "X": 0.5157,
                  "Y": 0.9368
                },
                "PreSize": {
                  "X": 0.46,
                  "Y": 0.1
                },
                "LeftMargin": 28.57,
                "RightMargin": 25.43,
                "TopMargin": 6.072,
                "BottomMargin": 407.928,
                "Tag": 714,
                "ActionTag": -1820503507,
                "Size": {
                  "X": 52.0,
                  "Y": 39.0
                },
                "Name": "sp_0",
                "ctype": "SpriteObjectData"
              },
              {
                "FileData": {
                  "Type": "Normal",
                  "Path": "submodules/majiang/image/ma_sc/cpghRep/sp1_1.png",
                  "Plist": ""
                },
                "BlendFunc": {
                  "Src": 1,
                  "Dst": 771
                },
                "AnchorPoint": {
                  "ScaleX": 0.5,
                  "ScaleY": 0.5
                },
                "Position": {
                  "X": 51.57,
                  "Y": 387.274
                },
                "Scale": {
                  "ScaleX": 1.0,
                  "ScaleY": 1.0
                },
                "CColor": {},
                "IconVisible": false,
                "PositionPercentXEnabled": true,
                "PositionPercentYEnabled": true,
                "PrePosition": {
                  "X": 0.5157,
                  "Y": 0.8419
                },
                "PreSize": {
                  "X": 0.46,
                  "Y": 0.1
                },
                "LeftMargin": 28.57,
                "RightMargin": 25.43,
                "TopMargin": 49.726,
                "BottomMargin": 364.274,
                "Tag": 715,
                "ActionTag": -331475232,
                "Size": {
                  "X": 52.0,
                  "Y": 39.0
                },
                "Name": "sp_1",
                "ctype": "SpriteObjectData"
              },
              {
                "FileData": {
                  "Type": "Normal",
                  "Path": "submodules/majiang/image/ma_sc/cpghRep/sp1_2.png",
                  "Plist": ""
                },
                "BlendFunc": {
                  "Src": 1,
                  "Dst": 771
                },
                "AnchorPoint": {
                  "ScaleX": 0.5,
                  "ScaleY": 0.5
                },
                "Position": {
                  "X": 51.57,
                  "Y": 343.666
                },
                "Scale": {
                  "ScaleX": 1.0,
                  "ScaleY": 1.0
                },
                "CColor": {},
                "IconVisible": false,
                "PositionPercentXEnabled": true,
                "PositionPercentYEnabled": true,
                "PrePosition": {
                  "X": 0.5157,
                  "Y": 0.7471
                },
                "PreSize": {
                  "X": 0.46,
                  "Y": 0.1
                },
                "LeftMargin": 28.57,
                "RightMargin": 25.43,
                "TopMargin": 93.334,
                "BottomMargin": 320.666,
                "Tag": 716,
                "ActionTag": 1849160732,
                "Size": {
                  "X": 52.0,
                  "Y": 39.0
                },
                "Name": "sp_2",
                "ctype": "SpriteObjectData"
              },
              {
                "FileData": {
                  "Type": "Normal",
                  "Path": "submodules/majiang/image/ma_sc/cpghRep/sp1_5.png",
                  "Plist": ""
                },
                "BlendFunc": {
                  "Src": 1,
                  "Dst": 771
                },
                "AnchorPoint": {
                  "ScaleX": 0.5,
                  "ScaleY": 0.5
                },
                "Position": {
                  "X": 51.57,
                  "Y": 300.012
                },
                "Scale": {
                  "ScaleX": 1.0,
                  "ScaleY": 1.0
                },
                "CColor": {},
                "IconVisible": false,
                "PositionPercentXEnabled": true,
                "PositionPercentYEnabled": true,
                "PrePosition": {
                  "X": 0.5157,
                  "Y": 0.6522
                },
                "PreSize": {
                  "X": 0.46,
                  "Y": 0.1
                },
                "LeftMargin": 28.57,
                "RightMargin": 25.43,
                "TopMargin": 136.988,
                "BottomMargin": 277.012,
                "Tag": 717,
                "ActionTag": -725261476,
                "Size": {
                  "X": 52.0,
                  "Y": 39.0
                },
                "Name": "sp_5",
                "ctype": "SpriteObjectData"
              },
              {
                "FileData": {
                  "Type": "Normal",
                  "Path": "submodules/majiang/image/ma_sc/cpghRep/sp1_3.png",
                  "Plist": ""
                },
                "BlendFunc": {
                  "Src": 1,
                  "Dst": 771
                },
                "AnchorPoint": {
                  "ScaleX": 0.5,
                  "ScaleY": 0.5
                },
                "Position": {
                  "X": 51.57,
                  "Y": 256.404
                },
                "Scale": {
                  "ScaleX": 1.0,
                  "ScaleY": 1.0
                },
                "CColor": {},
                "IconVisible": false,
                "PositionPercentXEnabled": true,
                "PositionPercentYEnabled": true,
                "PrePosition": {
                  "X": 0.5157,
                  "Y": 0.5574
                },
                "PreSize": {
                  "X": 0.46,
                  "Y": 0.1
                },
                "LeftMargin": 28.57,
                "RightMargin": 25.43,
                "TopMargin": 180.596,
                "BottomMargin": 233.404,
                "Tag": 718,
                "ActionTag": -1426061929,
                "Size": {
                  "X": 52.0,
                  "Y": 39.0
                },
                "Name": "sp_3",
                "ctype": "SpriteObjectData"
              },
              {
                "FileData": {
                  "Type": "Normal",
                  "Path": "submodules/majiang/image/ma_sc/cpghRep/sp1_4.png",
                  "Plist": ""
                },
                "BlendFunc": {
                  "Src": 1,
                  "Dst": 771
                },
                "AnchorPoint": {
                  "ScaleX": 0.5,
                  "ScaleY": 0.5
                },
                "Position": {
                  "X": 51.57,
                  "Y": 124.01
                },
                "Scale": {
                  "ScaleX": 1.0,
                  "ScaleY": 1.0
                },
                "CColor": {},
                "IconVisible": false,
                "PositionPercentXEnabled": true,
                "PrePosition": {
                  "X": 0.5157,
                  "Y": 0.2696
                },
                "PreSize": {
                  "X": 0.46,
                  "Y": 0.1
                },
                "LeftMargin": 28.57,
                "RightMargin": 25.43,
                "TopMargin": 312.99,
                "BottomMargin": 101.01,
                "Tag": 719,
                "ActionTag": -879355959,
                "Size": {
                  "X": 52.0,
                  "Y": 39.0
                },
                "Name": "sp_4",
                "ctype": "SpriteObjectData"
              },
              {
                "FileData": {
                  "Type": "Normal",
                  "Path": "submodules/majiang/image/ma_sc/cpghRep/sp1_7.png",
                  "Plist": ""
                },
                "BlendFunc": {
                  "Src": 1,
                  "Dst": 771
                },
                "AnchorPoint": {
                  "ScaleX": 0.5,
                  "ScaleY": 0.5
                },
                "Position": {
                  "X": 51.57,
                  "Y": 212.77
                },
                "Scale": {
                  "ScaleX": 1.0,
                  "ScaleY": 1.0
                },
                "CColor": {},
                "IconVisible": false,
                "PositionPercentXEnabled": true,
                "PrePosition": {
                  "X": 0.5157,
                  "Y": 0.4625
                },
                "PreSize": {
                  "X": 0.46,
                  "Y": 0.1
                },
                "LeftMargin": 28.57,
                "RightMargin": 25.43,
                "TopMargin": 224.23,
                "BottomMargin": 189.77,
                "Tag": 720,
                "ActionTag": -2013402556,
                "Size": {
                  "X": 55.0,
                  "Y": 39.0
                },
                "Name": "sp_7",
                "ctype": "SpriteObjectData"
              },
              {
                "FileData": {
                  "Type": "Normal",
                  "Path": "submodules/majiang/image/ma_sc/cpghRep/sp1_8.png",
                  "Plist": ""
                },
                "BlendFunc": {
                  "Src": 1,
                  "Dst": 771
                },
                "AnchorPoint": {
                  "ScaleX": 0.5,
                  "ScaleY": 0.5
                },
                "Position": {
                  "X": 51.57,
                  "Y": 169.14
                },
                "Scale": {
                  "ScaleX": 1.0,
                  "ScaleY": 1.0
                },
                "CColor": {},
                "IconVisible": false,
                "PositionPercentXEnabled": true,
                "PrePosition": {
                  "X": 0.5157,
                  "Y": 0.3677
                },
                "PreSize": {
                  "X": 0.46,
                  "Y": 0.1
                },
                "LeftMargin": 28.57,
                "RightMargin": 25.43,
                "TopMargin": 267.86,
                "BottomMargin": 146.14,
                "Tag": 721,
                "ActionTag": -1191708588,
                "Size": {
                  "X": 55.0,
                  "Y": 40.0
                },
                "Name": "sp_8",
                "ctype": "SpriteObjectData"
              }
            ],
            "ActionTag": 981971257,
            "Size": {
              "X": 100.0,
              "Y": 460.0
            },
            "VisibleForFrame": false,
            "Name": "cpghRep3",
            "ctype": "PanelObjectData"
          },
          {
            "ClipAble": false,
            "BackColorAlpha": 102,
            "SingleColor": {
              "R": 150,
              "G": 200
            },
            "FirstColor": {
              "R": 150,
              "G": 200
            },
            "EndColor": {},
            "ColorVector": {
              "ScaleY": 1.0
            },
            "Scale9Width": 1,
            "Scale9Height": 1,
            "TouchEnable": true,
            "AnchorPoint": {},
            "Position": {
              "X": 436.0,
              "Y": 114.768
            },
            "Scale": {
              "ScaleX": 1.0,
              "ScaleY": 1.0
            },
            "CColor": {},
            "IconVisible": false,
            "PositionPercentYEnabled": true,
            "PrePosition": {
              "X": 0.3406,
              "Y": 0.1594
            },
            "PreSize": {
              "X": 0.3906,
              "Y": 0.1389
            },
            "LeftMargin": 436.0,
            "RightMargin": 344.0,
            "TopMargin": 505.232,
            "BottomMargin": 114.768,
            "Tag": 736,
            "Children": [
              {
                "FileData": {
                  "Type": "Normal",
                  "Path": "submodules/majiang/image/ma_sc/cpghRep/0_2bg.png",
                  "Plist": ""
                },
                "Scale9Enable": true,
                "Scale9OriginX": 23,
                "Scale9OriginY": 23,
                "Scale9Width": 341,
                "Scale9Height": 26,
                "AnchorPoint": {
                  "ScaleX": 0.5,
                  "ScaleY": 0.5
                },
                "Position": {
                  "X": 250.0,
                  "Y": 50.0
                },
                "Scale": {
                  "ScaleX": 1.0,
                  "ScaleY": 1.0
                },
                "CColor": {},
                "IconVisible": false,
                "PositionPercentXEnabled": true,
                "PositionPercentYEnabled": true,
                "PrePosition": {
                  "X": 0.5,
                  "Y": 0.5
                },
                "PreSize": {
                  "X": 1.0,
                  "Y": 0.72
                },
                "TopMargin": 14.0,
                "BottomMargin": 14.0,
                "Tag": 737,
                "ActionTag": 2140730409,
                "Size": {
                  "X": 500.0,
                  "Y": 72.0
                },
                "Name": "sp_bg",
                "ctype": "ImageViewObjectData"
              },
              {
                "FileData": {
                  "Type": "PlistSubImage",
                  "Path": "p0s27.png",
                  "Plist": "submodules/majiang/image/pai.plist"
                },
                "BlendFunc": {
                  "Src": 770,
                  "Dst": 771
                },
                "AnchorPoint": {
                  "ScaleX": 0.5,
                  "ScaleY": 0.5
                },
                "Position": {
                  "X": 40.0,
                  "Y": 53.0
                },
                "Scale": {
                  "ScaleX": 1.0,
                  "ScaleY": 1.0
                },
                "CColor": {},
                "IconVisible": false,
                "PositionPercentXEnabled": true,
                "PrePosition": {
                  "X": 0.08,
                  "Y": 0.53
                },
                "PreSize": {
                  "X": 0.124,
                  "Y": 0.89
                },
                "LeftMargin": 9.0,
                "RightMargin": 429.0,
                "TopMargin": 2.5,
                "BottomMargin": 8.5,
                "Tag": 738,
                "ActionTag": -888688677,
                "Size": {
                  "X": 62.0,
                  "Y": 89.0
                },
                "Name": "sp_pai",
                "ctype": "SpriteObjectData"
              },
              {
                "FileData": {
                  "Type": "Normal",
                  "Path": "submodules/majiang/image/ma_sc/cpghRep/sp1_0.png",
                  "Plist": ""
                },
                "BlendFunc": {
                  "Src": 1,
                  "Dst": 771
                },
                "AnchorPoint": {
                  "ScaleX": 0.5,
                  "ScaleY": 0.5
                },
                "Position": {
                  "X": 95.0,
                  "Y": 53.0
                },
                "Scale": {
                  "ScaleX": 1.0,
                  "ScaleY": 1.0
                },
                "CColor": {},
                "IconVisible": false,
                "PositionPercentXEnabled": true,
                "PrePosition": {
                  "X": 0.19,
                  "Y": 0.53
                },
                "PreSize": {
                  "X": 0.104,
                  "Y": 0.39
                },
                "LeftMargin": 69.0,
                "RightMargin": 379.0,
                "TopMargin": 27.5,
                "BottomMargin": 33.5,
                "Tag": 739,
                "ActionTag": -1009314797,
                "Size": {
                  "X": 52.0,
                  "Y": 39.0
                },
                "Name": "sp_0",
                "ctype": "SpriteObjectData"
              },
              {
                "FileData": {
                  "Type": "Normal",
                  "Path": "submodules/majiang/image/ma_sc/cpghRep/sp1_1.png",
                  "Plist": ""
                },
                "BlendFunc": {
                  "Src": 1,
                  "Dst": 771
                },
                "AnchorPoint": {
                  "ScaleX": 0.5,
                  "ScaleY": 0.5
                },
                "Position": {
                  "X": 147.05,
                  "Y": 53.0
                },
                "Scale": {
                  "ScaleX": 1.0,
                  "ScaleY": 1.0
                },
                "CColor": {},
                "IconVisible": false,
                "PositionPercentXEnabled": true,
                "PrePosition": {
                  "X": 0.2941,
                  "Y": 0.53
                },
                "PreSize": {
                  "X": 0.092,
                  "Y": 0.46
                },
                "LeftMargin": 124.05,
                "RightMargin": 329.95,
                "TopMargin": 24.0,
                "BottomMargin": 30.0,
                "Tag": 740,
                "ActionTag": 296155370,
                "Size": {
                  "X": 52.0,
                  "Y": 39.0
                },
                "Name": "sp_1",
                "ctype": "SpriteObjectData"
              },
              {
                "FileData": {
                  "Type": "Normal",
                  "Path": "submodules/majiang/image/ma_sc/cpghRep/sp1_2.png",
                  "Plist": ""
                },
                "BlendFunc": {
                  "Src": 1,
                  "Dst": 771
                },
                "AnchorPoint": {
                  "ScaleX": 0.5,
                  "ScaleY": 0.5
                },
                "Position": {
                  "X": 199.05,
                  "Y": 53.0
                },
                "Scale": {
                  "ScaleX": 1.0,
                  "ScaleY": 1.0
                },
                "CColor": {},
                "IconVisible": false,
                "PositionPercentXEnabled": true,
                "PrePosition": {
                  "X": 0.3981,
                  "Y": 0.53
                },
                "PreSize": {
                  "X": 0.092,
                  "Y": 0.46
                },
                "LeftMargin": 176.05,
                "RightMargin": 277.95,
                "TopMargin": 24.0,
                "BottomMargin": 30.0,
                "Tag": 741,
                "ActionTag": 2138934095,
                "Size": {
                  "X": 52.0,
                  "Y": 39.0
                },
                "Name": "sp_2",
                "ctype": "SpriteObjectData"
              },
              {
                "FileData": {
                  "Type": "Normal",
                  "Path": "submodules/majiang/image/ma_sc/cpghRep/sp1_5.png",
                  "Plist": ""
                },
                "BlendFunc": {
                  "Src": 1,
                  "Dst": 771
                },
                "AnchorPoint": {
                  "ScaleX": 0.5,
                  "ScaleY": 0.5
                },
                "Position": {
                  "X": 251.1,
                  "Y": 53.0
                },
                "Scale": {
                  "ScaleX": 1.0,
                  "ScaleY": 1.0
                },
                "CColor": {},
                "IconVisible": false,
                "PositionPercentXEnabled": true,
                "PrePosition": {
                  "X": 0.5022,
                  "Y": 0.53
                },
                "PreSize": {
                  "X": 0.092,
                  "Y": 0.46
                },
                "LeftMargin": 228.1,
                "RightMargin": 225.9,
                "TopMargin": 24.0,
                "BottomMargin": 30.0,
                "Tag": 742,
                "ActionTag": -1709391288,
                "Size": {
                  "X": 52.0,
                  "Y": 39.0
                },
                "Name": "sp_5",
                "ctype": "SpriteObjectData"
              },
              {
                "FileData": {
                  "Type": "Normal",
                  "Path": "submodules/majiang/image/ma_sc/cpghRep/sp1_3.png",
                  "Plist": ""
                },
                "BlendFunc": {
                  "Src": 1,
                  "Dst": 771
                },
                "AnchorPoint": {
                  "ScaleX": 0.5,
                  "ScaleY": 0.5
                },
                "Position": {
                  "X": 303.1,
                  "Y": 53.0
                },
                "Scale": {
                  "ScaleX": 1.0,
                  "ScaleY": 1.0
                },
                "CColor": {},
                "IconVisible": false,
                "PositionPercentXEnabled": true,
                "PrePosition": {
                  "X": 0.6062,
                  "Y": 0.53
                },
                "PreSize": {
                  "X": 0.092,
                  "Y": 0.46
                },
                "LeftMargin": 280.1,
                "RightMargin": 173.9,
                "TopMargin": 24.0,
                "BottomMargin": 30.0,
                "Tag": 743,
                "ActionTag": -1933821431,
                "Size": {
                  "X": 52.0,
                  "Y": 39.0
                },
                "Name": "sp_3",
                "ctype": "SpriteObjectData"
              },
              {
                "FileData": {
                  "Type": "Normal",
                  "Path": "submodules/majiang/image/ma_sc/cpghRep/sp1_4.png",
                  "Plist": ""
                },
                "BlendFunc": {
                  "Src": 1,
                  "Dst": 771
                },
                "AnchorPoint": {
                  "ScaleX": 0.5,
                  "ScaleY": 0.5
                },
                "Position": {
                  "X": 465.2,
                  "Y": 53.0
                },
                "Scale": {
                  "ScaleX": 1.0,
                  "ScaleY": 1.0
                },
                "CColor": {},
                "IconVisible": false,
                "PositionPercentXEnabled": true,
                "PrePosition": {
                  "X": 0.9304,
                  "Y": 0.53
                },
                "PreSize": {
                  "X": 0.092,
                  "Y": 0.46
                },
                "LeftMargin": 442.2,
                "RightMargin": 11.8,
                "TopMargin": 24.0,
                "BottomMargin": 30.0,
                "Tag": 744,
                "ActionTag": 1720298339,
                "Size": {
                  "X": 52.0,
                  "Y": 39.0
                },
                "Name": "sp_4",
                "ctype": "SpriteObjectData"
              },
              {
                "FileData": {
                  "Type": "Normal",
                  "Path": "submodules/majiang/image/ma_sc/cpghRep/sp1_8.png",
                  "Plist": ""
                },
                "BlendFunc": {
                  "Src": 1,
                  "Dst": 771
                },
                "AnchorPoint": {
                  "ScaleX": 0.5,
                  "ScaleY": 0.5
                },
                "Position": {
                  "X": 411.65,
                  "Y": 53.0
                },
                "Scale": {
                  "ScaleX": 1.0,
                  "ScaleY": 1.0
                },
                "CColor": {},
                "IconVisible": false,
                "PositionPercentXEnabled": true,
                "PrePosition": {
                  "X": 0.8233,
                  "Y": 0.53
                },
                "PreSize": {
                  "X": 0.092,
                  "Y": 0.46
                },
                "LeftMargin": 388.65,
                "RightMargin": 65.35,
                "TopMargin": 24.0,
                "BottomMargin": 30.0,
                "Tag": 745,
                "ActionTag": -100762922,
                "Size": {
                  "X": 55.0,
                  "Y": 40.0
                },
                "Name": "sp_8",
                "ctype": "SpriteObjectData"
              },
              {
                "FileData": {
                  "Type": "Normal",
                  "Path": "submodules/majiang/image/ma_sc/cpghRep/sp1_7.png",
                  "Plist": ""
                },
                "BlendFunc": {
                  "Src": 1,
                  "Dst": 771
                },
                "AnchorPoint": {
                  "ScaleX": 0.5,
                  "ScaleY": 0.5
                },
                "Position": {
                  "X": 356.65,
                  "Y": 53.0
                },
                "Scale": {
                  "ScaleX": 1.0,
                  "ScaleY": 1.0
                },
                "CColor": {},
                "IconVisible": false,
                "PositionPercentXEnabled": true,
                "PrePosition": {
                  "X": 0.7133,
                  "Y": 0.53
                },
                "PreSize": {
                  "X": 0.092,
                  "Y": 0.46
                },
                "LeftMargin": 333.65,
                "RightMargin": 120.35,
                "TopMargin": 24.0,
                "BottomMargin": 30.0,
                "Tag": 746,
                "ActionTag": 1915521634,
                "Size": {
                  "X": 55.0,
                  "Y": 39.0
                },
                "Name": "sp_7",
                "ctype": "SpriteObjectData"
              }
            ],
            "ActionTag": 42239246,
            "Size": {
              "X": 500.0,
              "Y": 100.0
            },
            "VisibleForFrame": false,
            "Name": "cpghRep2",
            "ctype": "PanelObjectData"
          }
        ],
        "Size": {
          "X": 1280.0,
          "Y": 720.0
        },
        "Name": "Layer",
        "ctype": "LayerObjectData"
      },
      "UsedResources": [
        "../../../appCommon/fydp/common/back_searchpai.png",
        "../../../appCommon/fydp/common/bg_sea.png",
        "../../../appCommon/fydp/common/btn_playback.png",
        "../../../appCommon/fydp/common/next_searchpai.png",
        "../../../appCommon/fydp/common/pause_searchpai.png",
        "../../../appCommon/fydp/common/play_searchpai.png",
        "../../../appCommon/fydp/common/transparent/transparent_1280x720.png",
        "../image/ma_sc/cpghRep/0_2bg.png",
        "../image/ma_sc/cpghRep/1_3bg.png",
        "../image/ma_sc/cpghRep/sp1_0.png",
        "../image/ma_sc/cpghRep/sp1_1.png",
        "../image/ma_sc/cpghRep/sp1_2.png",
        "../image/ma_sc/cpghRep/sp1_3.png",
        "../image/ma_sc/cpghRep/sp1_4.png",
        "../image/ma_sc/cpghRep/sp1_5.png",
        "../image/ma_sc/cpghRep/sp1_7.png",
        "../image/ma_sc/cpghRep/sp1_8.png",
        "../image/pai.plist",
        "../image/pai.png"
      ],
      "ctype": "GameFileData"
    }
  },
  "Type": "Layer"
}