{
  "ID": "edabae79-0ab7-42cd-bcef-43846851f357",
  "Version": "3.10.0.0",
  "Name": "CreateWanfa",
  "Content": {
    "Content": {
      "Animation": {
        "Duration": 0,
        "Speed": 1.0,
        "Timelines": [],
        "ctype": "TimelineActionData"
      },
      "AnimationList": [],
      "ObjectData": {
        "Tag": 44,
        "Children": [
          {
            "FontSize": 33,
            "LabelText": "付费方式：",
            "FontResource": {
              "Type": "Normal",
              "Path": "image/fonts/FZZY.TTF",
              "Plist": ""
            },
            "OutlineColor": {
              "R": 203,
              "G": 188,
              "B": 119
            },
            "ShadowColor": {
              "R": 110,
              "G": 110,
              "B": 110
            },
            "ShadowOffsetX": 2.0,
            "ShadowOffsetY": -2.0,
            "AnchorPoint": {
              "ScaleY": 0.5
            },
            "Position": {
              "X": 294.1573,
              "Y": 579.9999
            },
            "Scale": {
              "ScaleX": 1.0,
              "ScaleY": 1.0
            },
            "CColor": {
              "R": 140,
              "G": 112,
              "B": 71
            },
            "IconVisible": false,
            "PrePosition": {
              "X": 0.0,
              "Y": 0.0
            },
            "PreSize": {
              "X": 0.0,
              "Y": 0.0
            },
            "LeftMargin": 294.1573,
            "RightMargin": -440.1573,
            "TopMargin": -598.9999,
            "BottomMargin": 560.9999,
            "Tag": 48,
            "ActionTag": -1080949291,
            "Size": {
              "X": 146.0,
              "Y": 38.0
            },
            "Name": "word_fufei",
            "ctype": "TextObjectData"
          },
          {
            "FontSize": 33,
            "LabelText": "局数选择：",
            "FontResource": {
              "Type": "Normal",
              "Path": "image/fonts/FZZY.TTF",
              "Plist": ""
            },
            "OutlineColor": {
              "R": 203,
              "G": 188,
              "B": 119
            },
            "ShadowColor": {
              "R": 110,
              "G": 110,
              "B": 110
            },
            "ShadowOffsetX": 2.0,
            "ShadowOffsetY": -2.0,
            "AnchorPoint": {
              "ScaleY": 0.5
            },
            "Position": {
              "X": 294.1573,
              "Y": 530.0
            },
            "Scale": {
              "ScaleX": 1.0,
              "ScaleY": 1.0
            },
            "CColor": {
              "R": 140,
              "G": 112,
              "B": 71
            },
            "IconVisible": false,
            "PrePosition": {
              "X": 0.0,
              "Y": 0.0
            },
            "PreSize": {
              "X": 0.0,
              "Y": 0.0
            },
            "LeftMargin": 294.1573,
            "RightMargin": -440.1573,
            "TopMargin": -549.0,
            "BottomMargin": 511.0,
            "Tag": 47,
            "ActionTag": 1811939745,
            "Size": {
              "X": 146.0,
              "Y": 38.0
            },
            "Name": "word_jushu",
            "ctype": "TextObjectData"
          },
          {
            "FontSize": 33,
            "LabelText": "玩       法：",
            "FontResource": {
              "Type": "Normal",
              "Path": "image/fonts/FZZY.TTF",
              "Plist": ""
            },
            "OutlineColor": {
              "R": 203,
              "G": 188,
              "B": 119
            },
            "ShadowColor": {
              "R": 110,
              "G": 110,
              "B": 110
            },
            "ShadowOffsetX": 2.0,
            "ShadowOffsetY": -2.0,
            "AnchorPoint": {
              "ScaleY": 0.5
            },
            "Position": {
              "X": 294.1573,
              "Y": 430.0
            },
            "Scale": {
              "ScaleX": 1.0,
              "ScaleY": 1.0
            },
            "CColor": {
              "R": 140,
              "G": 112,
              "B": 71
            },
            "IconVisible": false,
            "PrePosition": {
              "X": 0.0,
              "Y": 0.0
            },
            "PreSize": {
              "X": 0.0,
              "Y": 0.0
            },
            "LeftMargin": 294.1573,
            "RightMargin": -430.1573,
            "TopMargin": -449.0,
            "BottomMargin": 411.0,
            "Tag": 46,
            "ActionTag": 209825279,
            "Size": {
              "X": 136.0,
              "Y": 38.0
            },
            "Name": "word_wf",
            "ctype": "TextObjectData"
          },
          {
            "FontSize": 33,
            "LabelText": "跟牌轮数：",
            "FontResource": {
              "Type": "Normal",
              "Path": "image/fonts/FZZY.TTF",
              "Plist": ""
            },
            "OutlineColor": {
              "R": 203,
              "G": 188,
              "B": 119
            },
            "ShadowColor": {
              "R": 110,
              "G": 110,
              "B": 110
            },
            "ShadowOffsetX": 2.0,
            "ShadowOffsetY": -2.0,
            "AnchorPoint": {
              "ScaleY": 0.5
            },
            "Position": {
              "X": 294.1573,
              "Y": 230.0
            },
            "Scale": {
              "ScaleX": 1.0,
              "ScaleY": 1.0
            },
            "CColor": {
              "R": 140,
              "G": 112,
              "B": 71
            },
            "IconVisible": false,
            "PrePosition": {
              "X": 0.0,
              "Y": 0.0
            },
            "PreSize": {
              "X": 0.0,
              "Y": 0.0
            },
            "LeftMargin": 294.1573,
            "RightMargin": -440.1573,
            "TopMargin": -249.0,
            "BottomMargin": 211.0,
            "Tag": 45,
            "ActionTag": 764156903,
            "Size": {
              "X": 146.0,
              "Y": 38.0
            },
            "Name": "word_gpls",
            "ctype": "TextObjectData"
          },
          {
            "FontSize": 33,
            "LabelText": "比牌轮数：",
            "FontResource": {
              "Type": "Normal",
              "Path": "image/fonts/FZZY.TTF",
              "Plist": ""
            },
            "OutlineColor": {
              "R": 203,
              "G": 188,
              "B": 119
            },
            "ShadowColor": {
              "R": 110,
              "G": 110,
              "B": 110
            },
            "ShadowOffsetX": 2.0,
            "ShadowOffsetY": -2.0,
            "AnchorPoint": {
              "ScaleY": 0.5
            },
            "Position": {
              "X": 750.0,
              "Y": 230.0
            },
            "Scale": {
              "ScaleX": 1.0,
              "ScaleY": 1.0
            },
            "CColor": {
              "R": 140,
              "G": 112,
              "B": 71
            },
            "IconVisible": false,
            "PrePosition": {
              "X": 0.0,
              "Y": 0.0
            },
            "PreSize": {
              "X": 0.0,
              "Y": 0.0
            },
            "LeftMargin": 750.0,
            "RightMargin": -896.0,
            "TopMargin": -249.0,
            "BottomMargin": 211.0,
            "Tag": 6,
            "ActionTag": -358177214,
            "Size": {
              "X": 146.0,
              "Y": 38.0
            },
            "Name": "word_bpls",
            "ctype": "TextObjectData"
          },
          {
            "FontSize": 33,
            "LabelText": "闷牌轮数：",
            "FontResource": {
              "Type": "Normal",
              "Path": "image/fonts/FZZY.TTF",
              "Plist": ""
            },
            "OutlineColor": {
              "R": 203,
              "G": 188,
              "B": 119
            },
            "ShadowColor": {
              "R": 110,
              "G": 110,
              "B": 110
            },
            "ShadowOffsetX": 2.0,
            "ShadowOffsetY": -2.0,
            "AnchorPoint": {
              "ScaleY": 0.5
            },
            "Position": {
              "X": 294.1573,
              "Y": 180.0
            },
            "Scale": {
              "ScaleX": 1.0,
              "ScaleY": 1.0
            },
            "CColor": {
              "R": 140,
              "G": 112,
              "B": 71
            },
            "IconVisible": false,
            "PrePosition": {
              "X": 0.0,
              "Y": 0.0
            },
            "PreSize": {
              "X": 0.0,
              "Y": 0.0
            },
            "LeftMargin": 294.1573,
            "RightMargin": -440.1573,
            "TopMargin": -199.0,
            "BottomMargin": 161.0,
            "Tag": 7,
            "ActionTag": 479771569,
            "Size": {
              "X": 146.0,
              "Y": 38.0
            },
            "Name": "word_mpls",
            "ctype": "TextObjectData"
          },
          {
            "FontSize": 33,
            "LabelText": "高级选项：",
            "FontResource": {
              "Type": "Normal",
              "Path": "image/fonts/FZZY.TTF",
              "Plist": ""
            },
            "OutlineColor": {
              "R": 203,
              "G": 188,
              "B": 119
            },
            "ShadowColor": {
              "R": 110,
              "G": 110,
              "B": 110
            },
            "ShadowOffsetX": 2.0,
            "ShadowOffsetY": -2.0,
            "AnchorPoint": {
              "ScaleY": 0.5
            },
            "Position": {
              "X": 294.1573,
              "Y": 130.0
            },
            "Scale": {
              "ScaleX": 1.0,
              "ScaleY": 1.0
            },
            "CColor": {
              "R": 140,
              "G": 112,
              "B": 71
            },
            "IconVisible": false,
            "PrePosition": {
              "X": 0.0,
              "Y": 0.0
            },
            "PreSize": {
              "X": 0.0,
              "Y": 0.0
            },
            "LeftMargin": 294.1573,
            "RightMargin": -440.1573,
            "TopMargin": -149.0,
            "BottomMargin": 111.0,
            "Tag": 8,
            "ActionTag": 1538357716,
            "Size": {
              "X": 146.0,
              "Y": 38.0
            },
            "Name": "word_gjxx",
            "ctype": "TextObjectData"
          },
          {
            "FontSize": 33,
            "LabelText": "超时弃牌：",
            "FontResource": {
              "Type": "Normal",
              "Path": "image/fonts/FZZY.TTF",
              "Plist": ""
            },
            "OutlineColor": {
              "R": 203,
              "G": 188,
              "B": 119
            },
            "ShadowColor": {
              "R": 110,
              "G": 110,
              "B": 110
            },
            "ShadowOffsetX": 2.0,
            "ShadowOffsetY": -2.0,
            "AnchorPoint": {
              "ScaleY": 0.5
            },
            "Position": {
              "X": 294.1573,
              "Y": 280.0
            },
            "Scale": {
              "ScaleX": 1.0,
              "ScaleY": 1.0
            },
            "CColor": {
              "R": 140,
              "G": 112,
              "B": 71
            },
            "IconVisible": false,
            "PrePosition": {
              "X": 0.0,
              "Y": 0.0
            },
            "PreSize": {
              "X": 0.0,
              "Y": 0.0
            },
            "LeftMargin": 294.1573,
            "RightMargin": -440.1573,
            "TopMargin": -299.0,
            "BottomMargin": 261.0,
            "Tag": 1334,
            "ActionTag": 1967226016,
            "Size": {
              "X": 146.0,
              "Y": 38.0
            },
            "Name": "word_csqp",
            "ctype": "TextObjectData"
          },
          {
            "FontSize": 33,
            "LabelText": "下注倍数：",
            "FontResource": {
              "Type": "Normal",
              "Path": "image/fonts/FZZY.TTF",
              "Plist": ""
            },
            "OutlineColor": {
              "R": 203,
              "G": 188,
              "B": 119
            },
            "ShadowColor": {
              "R": 110,
              "G": 110,
              "B": 110
            },
            "ShadowOffsetX": 2.0,
            "ShadowOffsetY": -2.0,
            "AnchorPoint": {
              "ScaleY": 0.5
            },
            "Position": {
              "X": 750.0,
              "Y": 280.0
            },
            "Scale": {
              "ScaleX": 1.0,
              "ScaleY": 1.0
            },
            "CColor": {
              "R": 140,
              "G": 112,
              "B": 71
            },
            "IconVisible": false,
            "PrePosition": {
              "X": 0.0,
              "Y": 0.0
            },
            "PreSize": {
              "X": 0.0,
              "Y": 0.0
            },
            "LeftMargin": 750.0,
            "RightMargin": -896.0,
            "TopMargin": -299.0,
            "BottomMargin": 261.0,
            "Tag": 1335,
            "ActionTag": 1474942690,
            "Size": {
              "X": 146.0,
              "Y": 38.0
            },
            "Name": "word_xzbs",
            "ctype": "TextObjectData"
          }
        ],
        "Size": {
          "X": 0.0,
          "Y": 0.0
        },
        "Name": "Node",
        "ctype": "SingleNodeObjectData"
      },
      "UsedResources": [
        "../../../image/fonts/FZZY.TTF"
      ],
      "ctype": "GameFileData"
    }
  },
  "Type": "Node"
}