{
  "ID": "17f9fe29-b55f-461b-995d-3835876591ba",
  "Version": "3.10.0.0",
  "Name": "FapaiLayer",
  "Content": {
    "Content": {
      "Animation": {
        "Duration": 0,
        "Speed": 1.0,
        "Timelines": [],
        "ctype": "TimelineActionData"
      },
      "AnimationList": [],
      "ObjectData": {
        "Tag": 67,
        "Children": [
          {
            "ClipAble": false,
            "BackColorAlpha": 126,
            "ComboBoxIndex": 1,
            "SingleColor": {
              "R": 0,
              "G": 0,
              "B": 0
            },
            "FirstColor": {
              "R": 150,
              "G": 200
            },
            "EndColor": {},
            "ColorVector": {
              "ScaleY": 1.0
            },
            "Scale9Width": 1,
            "Scale9Height": 1,
            "TouchEnable": true,
            "AnchorPoint": {},
            "Position": {
              "X": 0.0,
              "Y": 0.0
            },
            "Scale": {
              "ScaleX": 1.0,
              "ScaleY": 1.0
            },
            "CColor": {},
            "IconVisible": false,
            "PrePosition": {
              "X": 0.0,
              "Y": 0.0
            },
            "PreSize": {
              "X": 1.0,
              "Y": 1.0
            },
            "Tag": 114,
            "ActionTag": 566841209,
            "Size": {
              "X": 1280.0,
              "Y": 720.0
            },
            "Name": "panel",
            "ctype": "PanelObjectData"
          },
          {
            "FileData": {
              "Type": "Default",
              "Path": "Default/Sprite.png",
              "Plist": ""
            },
            "BlendFunc": {
              "Src": 1,
              "Dst": 771
            },
            "AnchorPoint": {
              "ScaleX": 0.5,
              "ScaleY": 0.5
            },
            "Position": {
              "X": 1207.4796,
              "Y": 673.178
            },
            "Scale": {
              "ScaleX": 2.9626,
              "ScaleY": 1.4673
            },
            "CColor": {},
            "IconVisible": false,
            "PrePosition": {
              "X": 0.9433,
              "Y": 0.935
            },
            "PreSize": {
              "X": 0.0359,
              "Y": 0.0639
            },
            "LeftMargin": 1184.4796,
            "RightMargin": 49.5204,
            "TopMargin": 23.822,
            "BottomMargin": 650.178,
            "Tag": 115,
            "ActionTag": -788365862,
            "Size": {
              "X": 46.0,
              "Y": 46.0
            },
            "VisibleForFrame": false,
            "Name": "btn",
            "ctype": "SpriteObjectData"
          },
          {
            "FileData": {
              "Type": "Normal",
              "Path": "submodules/psz/image/FapaiLayer/pai_box.png",
              "Plist": ""
            },
            "BlendFunc": {
              "Src": 1,
              "Dst": 771
            },
            "AnchorPoint": {
              "ScaleX": 0.5,
              "ScaleY": 0.5
            },
            "Position": {
              "X": 639.9997,
              "Y": 625.998
            },
            "Scale": {
              "ScaleX": 1.0,
              "ScaleY": 1.0
            },
            "CColor": {},
            "IconVisible": false,
            "PrePosition": {
              "X": 0.5,
              "Y": 0.8694
            },
            "PreSize": {
              "X": 0.0562,
              "Y": 0.1486
            },
            "LeftMargin": 603.9997,
            "RightMargin": 604.0003,
            "TopMargin": 40.502,
            "BottomMargin": 572.498,
            "Tag": 81,
            "ActionTag": -307839960,
            "Size": {
              "X": 72.0,
              "Y": 107.0
            },
            "Name": "pai_box",
            "ctype": "SpriteObjectData"
          },
          {
            "FileData": {
              "Type": "Normal",
              "Path": "submodules/psz/image/FapaiLayer/qiepai_bg.png",
              "Plist": ""
            },
            "BlendFunc": {
              "Src": 1,
              "Dst": 771
            },
            "AnchorPoint": {
              "ScaleX": 0.5,
              "ScaleY": 0.5
            },
            "Position": {
              "X": 639.9998,
              "Y": 287.3323
            },
            "Scale": {
              "ScaleX": 1.0,
              "ScaleY": 1.0
            },
            "CColor": {},
            "IconVisible": false,
            "PrePosition": {
              "X": 0.5,
              "Y": 0.3991
            },
            "PreSize": {
              "X": 0.3336,
              "Y": 0.1028
            },
            "LeftMargin": 426.4998,
            "RightMargin": 426.5002,
            "TopMargin": 395.6677,
            "BottomMargin": 250.3323,
            "Tag": 262,
            "ActionTag": 930498873,
            "Size": {
              "X": 427.0,
              "Y": 74.0
            },
            "Name": "qiepai_bg",
            "ctype": "SpriteObjectData"
          },
          {
            "FontSize": 30,
            "LabelText": "请选择要切的牌00000000",
            "HorizontalAlignmentType": "HT_Center",
            "VerticalAlignmentType": "VT_Center",
            "OutlineColor": {},
            "ShadowColor": {},
            "ShadowOffsetX": 1.0,
            "ShadowOffsetY": -1.0,
            "ShadowEnabled": true,
            "AnchorPoint": {
              "ScaleX": 0.5,
              "ScaleY": 0.5
            },
            "Position": {
              "X": 640.0001,
              "Y": 285.6422
            },
            "Scale": {
              "ScaleX": 1.0,
              "ScaleY": 1.0
            },
            "CColor": {},
            "IconVisible": false,
            "PrePosition": {
              "X": 0.5,
              "Y": 0.3967
            },
            "PreSize": {
              "X": 0.2688,
              "Y": 0.0472
            },
            "LeftMargin": 468.0001,
            "RightMargin": 467.9999,
            "TopMargin": 417.3578,
            "BottomMargin": 268.6422,
            "Tag": 271,
            "ActionTag": 431196386,
            "Size": {
              "X": 344.0,
              "Y": 34.0
            },
            "Name": "tipsLable",
            "ctype": "TextObjectData"
          },
          {
            "LabelText": "89",
            "AnchorPoint": {
              "ScaleX": 0.5,
              "ScaleY": 0.5
            },
            "Position": {
              "X": 646.4967,
              "Y": -97.1845
            },
            "Scale": {
              "ScaleX": 1.0,
              "ScaleY": 1.0
            },
            "CColor": {},
            "IconVisible": false,
            "PrePosition": {
              "X": 0.5051,
              "Y": -0.135
            },
            "PreSize": {
              "X": 0.0109,
              "Y": 0.0208
            },
            "LeftMargin": 639.4967,
            "RightMargin": 626.5033,
            "TopMargin": 809.6845,
            "BottomMargin": -104.6845,
            "Tag": 272,
            "ActionTag": 584221287,
            "Size": {
              "X": 14.0,
              "Y": 15.0
            },
            "Name": "secLabel",
            "ctype": "TextBMFontObjectData"
          },
          {
            "FileData": {
              "Type": "Normal",
              "Path": "submodules/psz/image/common/btn_cheng.png",
              "Plist": ""
            },
            "BlendFunc": {
              "Src": 1,
              "Dst": 771
            },
            "AnchorPoint": {
              "ScaleX": 0.5,
              "ScaleY": 0.5
            },
            "Position": {
              "X": 640.0,
              "Y": 191.8297
            },
            "Scale": {
              "ScaleX": 1.0,
              "ScaleY": 1.0
            },
            "CColor": {},
            "IconVisible": false,
            "PrePosition": {
              "X": 0.5,
              "Y": 0.2664
            },
            "PreSize": {
              "X": 0.1117,
              "Y": 0.0944
            },
            "LeftMargin": 568.5,
            "RightMargin": 568.5,
            "TopMargin": 494.1703,
            "BottomMargin": 157.8297,
            "Tag": 260,
            "Children": [
              {
                "FontSize": 30,
                "LabelText": "跳过x88  ",
                "HorizontalAlignmentType": "HT_Center",
                "OutlineSize": 2,
                "OutlineColor": {
                  "R": 139,
                  "G": 65,
                  "B": 0
                },
                "OutlineEnabled": true,
                "ShadowColor": {
                  "R": 110,
                  "G": 110,
                  "B": 110
                },
                "ShadowOffsetX": 2.0,
                "ShadowOffsetY": -2.0,
                "AnchorPoint": {
                  "ScaleX": 0.5,
                  "ScaleY": 0.5
                },
                "Position": {
                  "X": 71.5,
                  "Y": 35.02
                },
                "Scale": {
                  "ScaleX": 1.0,
                  "ScaleY": 1.0
                },
                "CColor": {
                  "R": 254,
                  "G": 254,
                  "B": 254
                },
                "IconVisible": false,
                "PositionPercentXEnabled": true,
                "PositionPercentYEnabled": true,
                "PrePosition": {
                  "X": 0.5,
                  "Y": 0.515
                },
                "PreSize": {
                  "X": 0.8811,
                  "Y": 0.5
                },
                "LeftMargin": 8.5,
                "RightMargin": 8.5,
                "TopMargin": 15.98,
                "BottomMargin": 18.02,
                "Tag": 261,
                "ActionTag": 244404674,
                "Size": {
                  "X": 126.0,
                  "Y": 34.0
                },
                "Name": "txt",
                "ctype": "TextObjectData"
              }
            ],
            "ActionTag": -2071252447,
            "Size": {
              "X": 143.0,
              "Y": 68.0
            },
            "Name": "pass",
            "ctype": "SpriteObjectData"
          },
          {
            "FileData": {
              "Type": "Normal",
              "Path": "submodules/psz/image/FapaiLayer/qiepai_tips.png",
              "Plist": ""
            },
            "BlendFunc": {
              "Src": 1,
              "Dst": 771
            },
            "AnchorPoint": {
              "ScaleX": 0.5,
              "ScaleY": 0.5
            },
            "Position": {
              "X": 640.0,
              "Y": 655.3276
            },
            "Scale": {
              "ScaleX": 1.0,
              "ScaleY": 1.0
            },
            "CColor": {},
            "IconVisible": false,
            "PrePosition": {
              "X": 0.5,
              "Y": 0.9102
            },
            "PreSize": {
              "X": 0.1078,
              "Y": 0.0944
            },
            "LeftMargin": 571.0,
            "RightMargin": 571.0,
            "TopMargin": 30.6724,
            "BottomMargin": 621.3276,
            "Tag": 263,
            "ActionTag": 1023789729,
            "Size": {
              "X": 138.0,
              "Y": 68.0
            },
            "Name": "qiepai_tips",
            "ctype": "SpriteObjectData"
          },
          {
            "FileData": {
              "Type": "Normal",
              "Path": "submodules/psz/image/FapaiLayer/pai_box_ban.png",
              "Plist": ""
            },
            "BlendFunc": {
              "Src": 1,
              "Dst": 771
            },
            "AnchorPoint": {
              "ScaleX": 0.5,
              "ScaleY": 0.5
            },
            "Position": {
              "X": 640.0,
              "Y": 749.2599
            },
            "Scale": {
              "ScaleX": 1.0,
              "ScaleY": 1.0
            },
            "CColor": {},
            "IconVisible": false,
            "PrePosition": {
              "X": 0.5,
              "Y": 1.0406
            },
            "PreSize": {
              "X": 0.0531,
              "Y": 0.0389
            },
            "LeftMargin": 606.0,
            "RightMargin": 606.0,
            "TopMargin": -43.2599,
            "BottomMargin": 735.2599,
            "Tag": 82,
            "ActionTag": 2145320004,
            "Size": {
              "X": 68.0,
              "Y": 28.0
            },
            "Name": "pai_box_ban",
            "ctype": "SpriteObjectData"
          }
        ],
        "Size": {
          "X": 1280.0,
          "Y": 720.0
        },
        "Name": "Layer",
        "ctype": "LayerObjectData"
      },
      "UsedResources": [
        "../../../Default/Sprite.png",
        "../image/common/btn_cheng.png",
        "../image/FapaiLayer/pai_box.png",
        "../image/FapaiLayer/pai_box_ban.png",
        "../image/FapaiLayer/qiepai_bg.png",
        "../image/FapaiLayer/qiepai_tips.png"
      ],
      "ctype": "GameFileData"
    }
  },
  "Type": "Layer"
}