{
  "ID": "0419623e-3497-4ad9-b309-eedda65dadd6",
  "Version": "3.10.0.0",
  "Name": "PlayerInfoLocation",
  "Content": {
    "Content": {
      "Animation": {
        "Duration": 0,
        "Speed": 1.0,
        "Timelines": [],
        "ctype": "TimelineActionData"
      },
      "AnimationList": [],
      "ObjectData": {
        "Children": [
          {
            "FileData": {
              "Type": "Normal",
              "Path": "submodules/psz/image/PlayerInfoLocation/rad.png",
              "Plist": ""
            },
            "BlendFunc": {
              "Src": 1,
              "Dst": 771
            },
            "AnchorPoint": {
              "ScaleX": 0.5,
              "ScaleY": 0.5
            },
            "Position": {
              "X": 448.8191,
              "Y": 225.5834
            },
            "Scale": {
              "ScaleX": 1.0,
              "ScaleY": 1.0
            },
            "CColor": {},
            "IconVisible": false,
            "PrePosition": {
              "X": 0.3506,
              "Y": 0.3133
            },
            "PreSize": {
              "X": 0.0789,
              "Y": 0.1792
            },
            "LeftMargin": 398.3191,
            "RightMargin": 780.6809,
            "TopMargin": 429.9166,
            "BottomMargin": 161.0834,
            "Tag": 340,
            "ActionTag": 742544050,
            "Size": {
              "X": 101.0,
              "Y": 129.0
            },
            "Name": "rad_3",
            "ctype": "SpriteObjectData"
          },
          {
            "ClipAble": false,
            "BackColorAlpha": 153,
            "ComboBoxIndex": 1,
            "SingleColor": {
              "R": 0,
              "G": 0,
              "B": 0
            },
            "FirstColor": {
              "R": 150,
              "G": 200
            },
            "EndColor": {},
            "ColorVector": {
              "ScaleY": 1.0
            },
            "Scale9Width": 1,
            "Scale9Height": 1,
            "TouchEnable": true,
            "AnchorPoint": {},
            "Position": {
              "X": -1.2593,
              "Y": -0.0007
            },
            "Scale": {
              "ScaleX": 1.0,
              "ScaleY": 1.0
            },
            "CColor": {},
            "IconVisible": false,
            "PrePosition": {
              "X": -0.001,
              "Y": 0.0
            },
            "PercentWidthEnable": true,
            "PercentHeightEnable": true,
            "PercentWidthEnabled": true,
            "PercentHeightEnabled": true,
            "PreSize": {
              "X": 1.0,
              "Y": 1.0
            },
            "LeftMargin": -1.2593,
            "RightMargin": 1.2593,
            "TopMargin": 0.0007,
            "BottomMargin": -0.0007,
            "Tag": 197,
            "Children": [
              {
                "FileData": {
                  "Type": "Normal",
                  "Path": "submodules/psz/image/common/transparent_1280x720.png",
                  "Plist": ""
                },
                "BlendFunc": {
                  "Src": 1,
                  "Dst": 771
                },
                "AnchorPoint": {},
                "Position": {
                  "X": 0.0,
                  "Y": 0.0
                },
                "Scale": {
                  "ScaleX": 1.0,
                  "ScaleY": 1.0
                },
                "CColor": {},
                "IconVisible": false,
                "PositionPercentXEnabled": true,
                "PositionPercentYEnabled": true,
                "PrePosition": {
                  "X": 0.0,
                  "Y": 0.0
                },
                "PreSize": {
                  "X": 1.0,
                  "Y": 1.0
                },
                "Tag": 66,
                "ActionTag": 1553104184,
                "Size": {
                  "X": 1280.0,
                  "Y": 720.0
                },
                "Name": "fake_root",
                "ctype": "SpriteObjectData"
              },
              {
                "FileData": {
                  "Type": "Default",
                  "Path": "Default/Sprite.png",
                  "Plist": ""
                },
                "BlendFunc": {
                  "Src": 1,
                  "Dst": 771
                },
                "AnchorPoint": {
                  "ScaleX": 0.5,
                  "ScaleY": 0.5
                },
                "Position": {
                  "X": 644.3789,
                  "Y": 372.5623
                },
                "Scale": {
                  "ScaleX": 1.38,
                  "ScaleY": 1.38
                },
                "CColor": {},
                "IconVisible": false,
                "PrePosition": {
                  "X": 0.5034,
                  "Y": 0.5174
                },
                "PreSize": {
                  "X": 0.0359,
                  "Y": 0.0639
                },
                "LeftMargin": 621.3789,
                "RightMargin": 612.6211,
                "TopMargin": 324.4377,
                "BottomMargin": 349.5623,
                "Tag": 1390,
                "ActionTag": 1918385842,
                "Size": {
                  "X": 46.0,
                  "Y": 46.0
                },
                "Name": "Sprite_1",
                "ctype": "SpriteObjectData"
              },
              {
                "FileData": {
                  "Type": "Normal",
                  "Path": "submodules/psz/image/PlayerInfoLocation/diban.png",
                  "Plist": ""
                },
                "BlendFunc": {
                  "Src": 1,
                  "Dst": 771
                },
                "AnchorPoint": {
                  "ScaleX": 0.5,
                  "ScaleY": 0.5
                },
                "Position": {
                  "X": 635.008,
                  "Y": 266.0133
                },
                "Scale": {
                  "ScaleX": 1.09,
                  "ScaleY": 1.09
                },
                "CColor": {},
                "IconVisible": false,
                "PositionPercentXEnabled": true,
                "PrePosition": {
                  "X": 0.4961,
                  "Y": 0.3695
                },
                "PreSize": {
                  "X": 0.4383,
                  "Y": 0.4569
                },
                "LeftMargin": 354.508,
                "RightMargin": 364.492,
                "TopMargin": 289.4867,
                "BottomMargin": 101.5133,
                "Tag": 874,
                "ActionTag": 1880122632,
                "Size": {
                  "X": 561.0,
                  "Y": 329.0
                },
                "Name": "diban_8",
                "ctype": "SpriteObjectData"
              }
            ],
            "ActionTag": -33404820,
            "Size": {
              "X": 1280.0,
              "Y": 720.0
            },
            "Name": "root",
            "ctype": "PanelObjectData"
          },
          {
            "ClipAble": false,
            "BackColorAlpha": 102,
            "SingleColor": {
              "R": 150,
              "G": 200
            },
            "FirstColor": {
              "R": 150,
              "G": 200
            },
            "EndColor": {},
            "ColorVector": {
              "ScaleY": 1.0
            },
            "Scale9Width": 1,
            "Scale9Height": 1,
            "TouchEnable": true,
            "AnchorPoint": {},
            "Position": {
              "X": 629.0693,
              "Y": 295.6701
            },
            "Scale": {
              "ScaleX": 1.0,
              "ScaleY": 1.0
            },
            "CColor": {},
            "IconVisible": false,
            "PrePosition": {
              "X": 0.4915,
              "Y": 0.4107
            },
            "PreSize": {
              "X": 0.3125,
              "Y": 0.5556
            },
            "LeftMargin": 629.0693,
            "RightMargin": 250.9307,
            "TopMargin": 24.3299,
            "BottomMargin": 295.6701,
            "Tag": 136,
            "Children": [
              {
                "FileData": {
                  "Type": "Normal",
                  "Path": "submodules/psz/image/common/transparent_64x64.png",
                  "Plist": ""
                },
                "BlendFunc": {
                  "Src": 1,
                  "Dst": 771
                },
                "AnchorPoint": {
                  "ScaleX": 0.5,
                  "ScaleY": 0.5
                },
                "Position": {
                  "X": 134.2963,
                  "Y": -425.4577
                },
                "Scale": {
                  "ScaleX": 1.0,
                  "ScaleY": 1.0
                },
                "CColor": {},
                "IconVisible": false,
                "PrePosition": {
                  "X": 0.3357,
                  "Y": -1.0636
                },
                "PreSize": {
                  "X": 0.16,
                  "Y": 0.16
                },
                "LeftMargin": 102.2963,
                "RightMargin": 233.7037,
                "TopMargin": 793.4577,
                "BottomMargin": -457.4577,
                "Tag": 130,
                "Children": [
                  {
                    "FileData": {
                      "Type": "Normal",
                      "Path": "submodules/psz/image/PlayerInfoLocation/hongsediban.png",
                      "Plist": ""
                    },
                    "BlendFunc": {
                      "Src": 1,
                      "Dst": 771
                    },
                    "AnchorPoint": {
                      "ScaleX": 0.5,
                      "ScaleY": 0.5
                    },
                    "Position": {
                      "X": 28.9286,
                      "Y": 31.0455
                    },
                    "Scale": {
                      "ScaleX": 1.0,
                      "ScaleY": 1.0
                    },
                    "CColor": {},
                    "IconVisible": false,
                    "PrePosition": {
                      "X": 0.452,
                      "Y": 0.4851
                    },
                    "PreSize": {
                      "X": 1.5313,
                      "Y": 0.5
                    },
                    "LeftMargin": -20.0714,
                    "RightMargin": -13.9286,
                    "TopMargin": 16.9545,
                    "BottomMargin": 15.0455,
                    "Tag": 886,
                    "ActionTag": -985846065,
                    "Size": {
                      "X": 98.0,
                      "Y": 32.0
                    },
                    "Name": "juliBgRed",
                    "ctype": "SpriteObjectData"
                  },
                  {
                    "FileData": {
                      "Type": "Normal",
                      "Path": "submodules/psz/image/PlayerInfoLocation/baisediban.png",
                      "Plist": ""
                    },
                    "BlendFunc": {
                      "Src": 1,
                      "Dst": 771
                    },
                    "AnchorPoint": {
                      "ScaleX": 0.5,
                      "ScaleY": 0.5
                    },
                    "Position": {
                      "X": 28.9286,
                      "Y": 31.0455
                    },
                    "Scale": {
                      "ScaleX": 1.0,
                      "ScaleY": 1.0
                    },
                    "CColor": {},
                    "IconVisible": false,
                    "PrePosition": {
                      "X": 0.452,
                      "Y": 0.4851
                    },
                    "PreSize": {
                      "X": 1.6875,
                      "Y": 0.5
                    },
                    "LeftMargin": -25.0714,
                    "RightMargin": -18.9286,
                    "TopMargin": 16.9545,
                    "BottomMargin": 15.0455,
                    "Tag": 1133,
                    "ActionTag": -682282553,
                    "Size": {
                      "X": 108.0,
                      "Y": 32.0
                    },
                    "Name": "juliBgWite",
                    "ctype": "SpriteObjectData"
                  },
                  {
                    "FontSize": 20,
                    "LabelText": "10090191km",
                    "HorizontalAlignmentType": "HT_Center",
                    "VerticalAlignmentType": "VT_Center",
                    "OutlineColor": {
                      "G": 0,
                      "B": 0
                    },
                    "ShadowColor": {
                      "R": 110,
                      "G": 110,
                      "B": 110
                    },
                    "ShadowOffsetX": 2.0,
                    "ShadowOffsetY": -2.0,
                    "AnchorPoint": {
                      "ScaleX": 0.5,
                      "ScaleY": 0.5
                    },
                    "Position": {
                      "X": 28.9286,
                      "Y": 31.0452
                    },
                    "Scale": {
                      "ScaleX": 1.0,
                      "ScaleY": 1.0
                    },
                    "CColor": {
                      "R": 0,
                      "G": 0,
                      "B": 0
                    },
                    "IconVisible": false,
                    "PrePosition": {
                      "X": 0.452,
                      "Y": 0.4851
                    },
                    "PreSize": {
                      "X": 1.8125,
                      "Y": 0.3594
                    },
                    "LeftMargin": -29.0714,
                    "RightMargin": -22.9286,
                    "TopMargin": 21.4548,
                    "BottomMargin": 19.5452,
                    "Tag": 1130,
                    "ActionTag": -234243585,
                    "Size": {
                      "X": 116.0,
                      "Y": 23.0
                    },
                    "Name": "juli",
                    "ctype": "TextObjectData"
                  }
                ],
                "ActionTag": 360582953,
                "Size": {
                  "X": 64.0,
                  "Y": 64.0
                },
                "Name": "juliSp0",
                "ctype": "SpriteObjectData"
              },
              {
                "FileData": {
                  "Type": "Normal",
                  "Path": "submodules/psz/image/common/transparent_64x64.png",
                  "Plist": ""
                },
                "BlendFunc": {
                  "Src": 1,
                  "Dst": 771
                },
                "AnchorPoint": {
                  "ScaleX": 0.5,
                  "ScaleY": 0.5
                },
                "Position": {
                  "X": -80.2639,
                  "Y": -463.0832
                },
                "Scale": {
                  "ScaleX": 1.0,
                  "ScaleY": 1.0
                },
                "CColor": {},
                "IconVisible": false,
                "PrePosition": {
                  "X": -0.2007,
                  "Y": -1.1577
                },
                "PreSize": {
                  "X": 0.16,
                  "Y": 0.16
                },
                "LeftMargin": -112.2639,
                "RightMargin": 448.2639,
                "TopMargin": 831.0832,
                "BottomMargin": -495.0832,
                "Tag": 129,
                "Children": [
                  {
                    "FontSize": 24,
                    "LabelText": "未开启定位",
                    "HorizontalAlignmentType": "HT_Center",
                    "OutlineColor": {
                      "R": 21,
                      "G": 64,
                      "B": 24
                    },
                    "OutlineEnabled": true,
                    "ShadowColor": {
                      "R": 110,
                      "G": 110,
                      "B": 110
                    },
                    "ShadowOffsetX": 2.0,
                    "ShadowOffsetY": -2.0,
                    "AnchorPoint": {
                      "ScaleX": 0.5,
                      "ScaleY": 0.5
                    },
                    "Position": {
                      "X": 37.0853,
                      "Y": 5.7577
                    },
                    "Scale": {
                      "ScaleX": 1.0,
                      "ScaleY": 1.0
                    },
                    "CColor": {},
                    "IconVisible": false,
                    "PrePosition": {
                      "X": 0.5795,
                      "Y": 0.09
                    },
                    "PreSize": {
                      "X": 1.875,
                      "Y": 0.4375
                    },
                    "LeftMargin": -22.9147,
                    "RightMargin": -33.0853,
                    "TopMargin": 44.2423,
                    "BottomMargin": -8.2423,
                    "Tag": 217,
                    "ActionTag": -232944155,
                    "Size": {
                      "X": 120.0,
                      "Y": 28.0
                    },
                    "Name": "locationClose",
                    "ctype": "TextObjectData"
                  },
                  {
                    "FontSize": 24,
                    "LabelText": "距我过近",
                    "HorizontalAlignmentType": "HT_Center",
                    "OutlineColor": {
                      "R": 21,
                      "G": 64,
                      "B": 24
                    },
                    "OutlineEnabled": true,
                    "ShadowColor": {
                      "R": 110,
                      "G": 110,
                      "B": 110
                    },
                    "ShadowOffsetX": 2.0,
                    "ShadowOffsetY": -2.0,
                    "AnchorPoint": {
                      "ScaleX": 0.5,
                      "ScaleY": 0.5
                    },
                    "Position": {
                      "X": 37.0853,
                      "Y": 5.7577
                    },
                    "Scale": {
                      "ScaleX": 1.0,
                      "ScaleY": 1.0
                    },
                    "CColor": {},
                    "IconVisible": false,
                    "PrePosition": {
                      "X": 0.5795,
                      "Y": 0.09
                    },
                    "PreSize": {
                      "X": 1.5,
                      "Y": 0.4375
                    },
                    "LeftMargin": -10.9147,
                    "RightMargin": -21.0853,
                    "TopMargin": 44.2423,
                    "BottomMargin": -8.2423,
                    "Tag": 1136,
                    "ActionTag": 860537656,
                    "Size": {
                      "X": 96.0,
                      "Y": 28.0
                    },
                    "Name": "ditanceClose",
                    "ctype": "TextObjectData"
                  },
                  {
                    "FileData": {
                      "Type": "Normal",
                      "Path": "submodules/psz/image/PlayerInfoLocation/green.png",
                      "Plist": ""
                    },
                    "BlendFunc": {
                      "Src": 1,
                      "Dst": 771
                    },
                    "AnchorPoint": {
                      "ScaleX": 0.5,
                      "ScaleY": 0.5
                    },
                    "Position": {
                      "X": 32.5087,
                      "Y": 88.7286
                    },
                    "Scale": {
                      "ScaleX": 1.0,
                      "ScaleY": 1.0
                    },
                    "CColor": {},
                    "IconVisible": false,
                    "PrePosition": {
                      "X": 0.5079,
                      "Y": 1.3864
                    },
                    "PreSize": {
                      "X": 1.5781,
                      "Y": 2.0625
                    },
                    "LeftMargin": -17.9913,
                    "RightMargin": -19.0087,
                    "TopMargin": -90.7286,
                    "BottomMargin": 22.7286,
                    "Tag": 876,
                    "ActionTag": -1485363578,
                    "Size": {
                      "X": 101.0,
                      "Y": 132.0
                    },
                    "Name": "headBG",
                    "ctype": "SpriteObjectData"
                  },
                  {
                    "FileData": {
                      "Type": "Normal",
                      "Path": "submodules/psz/image/PlayerInfoLocation/yuanhead.png",
                      "Plist": ""
                    },
                    "BlendFunc": {
                      "Src": 1,
                      "Dst": 771
                    },
                    "AnchorPoint": {
                      "ScaleX": 0.5,
                      "ScaleY": 0.5
                    },
                    "Position": {
                      "X": 32.2551,
                      "Y": 104.0251
                    },
                    "Scale": {
                      "ScaleX": 1.0,
                      "ScaleY": 1.0
                    },
                    "CColor": {},
                    "IconVisible": false,
                    "PrePosition": {
                      "X": 0.504,
                      "Y": 1.6254
                    },
                    "PreSize": {
                      "X": 1.1875,
                      "Y": 1.1875
                    },
                    "LeftMargin": -5.7449,
                    "RightMargin": -6.2551,
                    "TopMargin": -78.0251,
                    "BottomMargin": 66.0251,
                    "Tag": 343,
                    "ActionTag": -1792573370,
                    "Size": {
                      "X": 76.0,
                      "Y": 76.0
                    },
                    "Name": "head",
                    "ctype": "SpriteObjectData"
                  }
                ],
                "ActionTag": 1707881126,
                "Size": {
                  "X": 64.0,
                  "Y": 64.0
                },
                "Name": "people0",
                "ctype": "SpriteObjectData"
              }
            ],
            "ActionTag": -1203029377,
            "Size": {
              "X": 400.0,
              "Y": 400.0
            },
            "Name": "locationInfoPanel",
            "ctype": "PanelObjectData"
          },
          {
            "FontSize": 26,
            "LabelText": "其他玩家相对距离",
            "FontResource": {
              "Type": "Normal",
              "Path": "image/fonts/FZZY.TTF",
              "Plist": ""
            },
            "OutlineColor": {
              "G": 0,
              "B": 0
            },
            "ShadowColor": {
              "R": 110,
              "G": 110,
              "B": 110
            },
            "ShadowOffsetX": 2.0,
            "ShadowOffsetY": -2.0,
            "AnchorPoint": {
              "ScaleX": 0.5,
              "ScaleY": 0.5
            },
            "Position": {
              "X": 631.3442,
              "Y": 622.9036
            },
            "Scale": {
              "ScaleX": 1.0,
              "ScaleY": 1.0
            },
            "CColor": {},
            "IconVisible": false,
            "PrePosition": {
              "X": 0.4932,
              "Y": 0.8651
            },
            "PreSize": {
              "X": 0.1648,
              "Y": 0.0417
            },
            "LeftMargin": 525.8442,
            "RightMargin": 543.1558,
            "TopMargin": 82.0964,
            "BottomMargin": 607.9036,
            "Tag": 556,
            "ActionTag": 980002800,
            "Size": {
              "X": 211.0,
              "Y": 30.0
            },
            "Name": "Text_15",
            "ctype": "TextObjectData"
          },
          {
            "FileData": {
              "Type": "Normal",
              "Path": "submodules/psz/image/PlayerInfoLocation/rad.png",
              "Plist": ""
            },
            "BlendFunc": {
              "Src": 1,
              "Dst": 771
            },
            "AnchorPoint": {
              "ScaleX": 0.5,
              "ScaleY": 0.5
            },
            "Position": {
              "X": 100.8542,
              "Y": -245.7499
            },
            "Scale": {
              "ScaleX": 1.0,
              "ScaleY": 1.0
            },
            "CColor": {},
            "IconVisible": false,
            "PrePosition": {
              "X": 0.0788,
              "Y": -0.3413
            },
            "PreSize": {
              "X": 0.0789,
              "Y": 0.1792
            },
            "LeftMargin": 50.3542,
            "RightMargin": 1128.6458,
            "TopMargin": 901.2499,
            "BottomMargin": -310.2499,
            "Tag": 557,
            "ActionTag": -750779522,
            "Size": {
              "X": 101.0,
              "Y": 129.0
            },
            "Name": "youxiang2_25",
            "ctype": "SpriteObjectData"
          }
        ],
        "Size": {
          "X": 1280.0,
          "Y": 720.0
        },
        "Name": "Scene",
        "ctype": "SingleNodeObjectData"
      },
      "UsedResources": [
        "../../../Default/Sprite.png",
        "../../../image/fonts/FZZY.TTF",
        "../image/common/transparent_1280x720.png",
        "../image/common/transparent_64x64.png",
        "../image/PlayerInfoLocation/baisediban.png",
        "../image/PlayerInfoLocation/diban.png",
        "../image/PlayerInfoLocation/green.png",
        "../image/PlayerInfoLocation/hongsediban.png",
        "../image/PlayerInfoLocation/rad.png",
        "../image/PlayerInfoLocation/yuanhead.png"
      ],
      "ctype": "GameFileData"
    }
  },
  "Type": "Scene"
}