{
  "ID": "078cf4b8-a88f-49db-ad5f-30ea89fc7c09",
  "Version": "3.10.0.0",
  "Name": "ActivityMsgLayer",
  "Content": {
    "Content": {
      "Animation": {
        "Duration": 0,
        "Speed": 1.0,
        "Timelines": [],
        "ctype": "TimelineActionData"
      },
      "AnimationList": [],
      "ObjectData": {
        "Tag": 837,
        "Children": [
          {
            "ClipAble": false,
            "BackColorAlpha": 153,
            "ComboBoxIndex": 1,
            "SingleColor": {
              "R": 0,
              "G": 0,
              "B": 0
            },
            "FirstColor": {
              "R": 150,
              "G": 200
            },
            "EndColor": {},
            "ColorVector": {
              "ScaleY": 1.0
            },
            "Scale9Width": 1,
            "Scale9Height": 1,
            "TouchEnable": true,
            "AnchorPoint": {},
            "Position": {
              "X": 0.0,
              "Y": 0.0
            },
            "Scale": {
              "ScaleX": 1.0,
              "ScaleY": 1.0
            },
            "CColor": {},
            "IconVisible": false,
            "PrePosition": {
              "X": 0.0,
              "Y": 0.0
            },
            "PreSize": {
              "X": 1.0,
              "Y": 1.0
            },
            "Tag": 945,
            "Children": [
              {
                "ClipAble": false,
                "BackColorAlpha": 102,
                "SingleColor": {
                  "R": 150,
                  "G": 200
                },
                "FirstColor": {
                  "R": 150,
                  "G": 200
                },
                "EndColor": {},
                "ColorVector": {
                  "ScaleY": 1.0
                },
                "Scale9Width": 1,
                "Scale9Height": 1,
                "TouchEnable": true,
                "AnchorPoint": {},
                "Position": {
                  "X": 100.0,
                  "Y": 54.7446
                },
                "Scale": {
                  "ScaleX": 1.0,
                  "ScaleY": 1.0
                },
                "CColor": {},
                "IconVisible": false,
                "PrePosition": {
                  "X": 0.0781,
                  "Y": 0.076
                },
                "PreSize": {
                  "X": 0.8438,
                  "Y": 0.8611
                },
                "LeftMargin": 100.0,
                "RightMargin": 100.0,
                "TopMargin": 45.2554,
                "BottomMargin": 54.7446,
                "Tag": 838,
                "Children": [
                  {
                    "FileData": {
                      "Type": "Normal",
                      "Path": "image/ui/hall/activitymsg_bg.png",
                      "Plist": ""
                    },
                    "BlendFunc": {
                      "Src": 1,
                      "Dst": 771
                    },
                    "AnchorPoint": {
                      "ScaleY": 0.5
                    },
                    "Position": {
                      "X": 540.0,
                      "Y": 300.9996
                    },
                    "Scale": {
                      "ScaleX": 1.0,
                      "ScaleY": 1.0
                    },
                    "CColor": {},
                    "IconVisible": false,
                    "PositionPercentXEnabled": true,
                    "PrePosition": {
                      "X": 0.5,
                      "Y": 0.4855
                    },
                    "PreSize": {
                      "X": 0.4769,
                      "Y": 1.0242
                    },
                    "LeftMargin": 540.0,
                    "RightMargin": 25.0,
                    "TopMargin": 1.5004,
                    "BottomMargin": -16.5004,
                    "Tag": 839,
                    "ActionTag": -264975675,
                    "Size": {
                      "X": 515.0,
                      "Y": 635.0
                    },
                    "Name": "bg2",
                    "ctype": "SpriteObjectData"
                  },
                  {
                    "FileData": {
                      "Type": "Normal",
                      "Path": "image/ui/hall/activitymsg_bg.png",
                      "Plist": ""
                    },
                    "BlendFunc": {
                      "Src": 1,
                      "Dst": 771
                    },
                    "AnchorPoint": {
                      "ScaleY": 0.5
                    },
                    "Position": {
                      "X": 540.0,
                      "Y": 300.9996
                    },
                    "Scale": {
                      "ScaleX": 1.0,
                      "ScaleY": 1.0
                    },
                    "RotationSkewY": 180.0,
                    "CColor": {},
                    "IconVisible": false,
                    "PositionPercentXEnabled": true,
                    "PrePosition": {
                      "X": 0.5,
                      "Y": 0.4855
                    },
                    "PreSize": {
                      "X": 0.4769,
                      "Y": 1.0242
                    },
                    "LeftMargin": 540.0,
                    "RightMargin": 25.0,
                    "TopMargin": 1.5004,
                    "BottomMargin": -16.5004,
                    "Tag": 840,
                    "ActionTag": -1904993794,
                    "Size": {
                      "X": 515.0,
                      "Y": 635.0
                    },
                    "Name": "bg1",
                    "ctype": "SpriteObjectData"
                  },
                  {
                    "FileData": {
                      "Type": "Normal",
                      "Path": "image/ui/hall/activitymsg_share.png",
                      "Plist": ""
                    },
                    "BlendFunc": {
                      "Src": 1,
                      "Dst": 771
                    },
                    "AnchorPoint": {
                      "ScaleX": 0.5,
                      "ScaleY": 0.5
                    },
                    "Position": {
                      "X": 1020.9752,
                      "Y": 462.1148
                    },
                    "Scale": {
                      "ScaleX": 1.0,
                      "ScaleY": 1.0
                    },
                    "CColor": {},
                    "IconVisible": false,
                    "PrePosition": {
                      "X": 0.9453,
                      "Y": 0.7453
                    },
                    "PreSize": {
                      "X": 0.0694,
                      "Y": 0.2581
                    },
                    "LeftMargin": 983.4752,
                    "RightMargin": 21.5248,
                    "TopMargin": 77.8852,
                    "BottomMargin": 382.1148,
                    "Tag": 1021,
                    "ActionTag": 1141979472,
                    "Size": {
                      "X": 75.0,
                      "Y": 160.0
                    },
                    "Name": "share",
                    "ctype": "SpriteObjectData"
                  },
                  {
                    "FileData": {
                      "Type": "Normal",
                      "Path": "image/ui/hall/activitymsg_tabbg.png",
                      "Plist": ""
                    },
                    "BlendFunc": {
                      "Src": 1,
                      "Dst": 771
                    },
                    "AnchorPoint": {
                      "ScaleX": 0.5,
                      "ScaleY": 0.5
                    },
                    "Position": {
                      "X": 538.056,
                      "Y": 606.99
                    },
                    "Scale": {
                      "ScaleX": 1.0,
                      "ScaleY": 1.0
                    },
                    "CColor": {},
                    "IconVisible": false,
                    "PositionPercentXEnabled": true,
                    "PrePosition": {
                      "X": 0.4982,
                      "Y": 0.979
                    },
                    "PreSize": {
                      "X": 0.4722,
                      "Y": 0.1323
                    },
                    "LeftMargin": 283.056,
                    "RightMargin": 286.944,
                    "TopMargin": -27.99,
                    "BottomMargin": 565.99,
                    "Tag": 882,
                    "Children": [
                      {
                        "FileData": {
                          "Type": "Normal",
                          "Path": "image/ui/hall/activitymsg_tab.png",
                          "Plist": ""
                        },
                        "BlendFunc": {
                          "Src": 1,
                          "Dst": 771
                        },
                        "AnchorPoint": {
                          "ScaleX": 0.5,
                          "ScaleY": 0.5
                        },
                        "Position": {
                          "X": 137.496,
                          "Y": 45.0016
                        },
                        "Scale": {
                          "ScaleX": 1.0,
                          "ScaleY": 1.0
                        },
                        "CColor": {},
                        "IconVisible": false,
                        "PositionPercentXEnabled": true,
                        "PositionPercentYEnabled": true,
                        "PrePosition": {
                          "X": 0.2696,
                          "Y": 0.5488
                        },
                        "PreSize": {
                          "X": 0.5059,
                          "Y": 0.878
                        },
                        "LeftMargin": 8.496,
                        "RightMargin": 243.504,
                        "TopMargin": 0.9984,
                        "BottomMargin": 9.0016,
                        "Tag": 883,
                        "ActionTag": 1855998319,
                        "Size": {
                          "X": 258.0,
                          "Y": 72.0
                        },
                        "Name": "activitytab",
                        "ctype": "SpriteObjectData"
                      },
                      {
                        "FileData": {
                          "Type": "Normal",
                          "Path": "image/ui/hall/activitymsg_tab.png",
                          "Plist": ""
                        },
                        "BlendFunc": {
                          "Src": 1,
                          "Dst": 771
                        },
                        "AnchorPoint": {
                          "ScaleX": 0.5,
                          "ScaleY": 0.5
                        },
                        "Position": {
                          "X": 373.932,
                          "Y": 45.0016
                        },
                        "Scale": {
                          "ScaleX": 1.0,
                          "ScaleY": 1.0
                        },
                        "CColor": {},
                        "IconVisible": false,
                        "PositionPercentXEnabled": true,
                        "PositionPercentYEnabled": true,
                        "PrePosition": {
                          "X": 0.7332,
                          "Y": 0.5488
                        },
                        "PreSize": {
                          "X": 0.5059,
                          "Y": 0.878
                        },
                        "LeftMargin": 244.932,
                        "RightMargin": 7.068,
                        "TopMargin": 0.9984,
                        "BottomMargin": 9.0016,
                        "Tag": 884,
                        "ActionTag": 2042977004,
                        "Size": {
                          "X": 258.0,
                          "Y": 72.0
                        },
                        "Name": "msgtab",
                        "ctype": "SpriteObjectData"
                      },
                      {
                        "FileData": {
                          "Type": "Normal",
                          "Path": "image/ui/hall/activitymsg_activity2.png",
                          "Plist": ""
                        },
                        "BlendFunc": {
                          "Src": 1,
                          "Dst": 771
                        },
                        "AnchorPoint": {
                          "ScaleX": 0.5,
                          "ScaleY": 0.5
                        },
                        "Position": {
                          "X": 134.5063,
                          "Y": 43.414
                        },
                        "Scale": {
                          "ScaleX": 1.0,
                          "ScaleY": 1.0
                        },
                        "CColor": {},
                        "IconVisible": false,
                        "PrePosition": {
                          "X": 0.2637,
                          "Y": 0.5294
                        },
                        "PreSize": {
                          "X": 0.2843,
                          "Y": 0.7561
                        },
                        "LeftMargin": 62.0063,
                        "RightMargin": 302.9937,
                        "TopMargin": 7.586,
                        "BottomMargin": 12.414,
                        "Tag": 888,
                        "ActionTag": 1189189661,
                        "Size": {
                          "X": 145.0,
                          "Y": 62.0
                        },
                        "Name": "activitymsg_activity2",
                        "ctype": "SpriteObjectData"
                      },
                      {
                        "FileData": {
                          "Type": "Normal",
                          "Path": "image/ui/hall/activitymsg_activity1.png",
                          "Plist": ""
                        },
                        "BlendFunc": {
                          "Src": 1,
                          "Dst": 771
                        },
                        "AnchorPoint": {
                          "ScaleX": 0.5,
                          "ScaleY": 0.5
                        },
                        "Position": {
                          "X": 134.5063,
                          "Y": 43.414
                        },
                        "Scale": {
                          "ScaleX": 1.0,
                          "ScaleY": 1.0
                        },
                        "CColor": {},
                        "IconVisible": false,
                        "PrePosition": {
                          "X": 0.2637,
                          "Y": 0.5294
                        },
                        "PreSize": {
                          "X": 0.2843,
                          "Y": 0.7561
                        },
                        "LeftMargin": 62.0063,
                        "RightMargin": 302.9937,
                        "TopMargin": 7.586,
                        "BottomMargin": 12.414,
                        "Tag": 887,
                        "ActionTag": -1708989212,
                        "Size": {
                          "X": 145.0,
                          "Y": 62.0
                        },
                        "Name": "activitymsg_activity1",
                        "ctype": "SpriteObjectData"
                      },
                      {
                        "FileData": {
                          "Type": "Normal",
                          "Path": "image/ui/hall/activitymsg_msg2.png",
                          "Plist": ""
                        },
                        "BlendFunc": {
                          "Src": 1,
                          "Dst": 771
                        },
                        "AnchorPoint": {
                          "ScaleX": 0.5,
                          "ScaleY": 0.5
                        },
                        "Position": {
                          "X": 373.7571,
                          "Y": 43.4141
                        },
                        "Scale": {
                          "ScaleX": 1.0,
                          "ScaleY": 1.0
                        },
                        "CColor": {},
                        "IconVisible": false,
                        "PrePosition": {
                          "X": 0.7329,
                          "Y": 0.5294
                        },
                        "PreSize": {
                          "X": 0.2843,
                          "Y": 0.7561
                        },
                        "LeftMargin": 301.2571,
                        "RightMargin": 63.7429,
                        "TopMargin": 7.5859,
                        "BottomMargin": 12.4141,
                        "Tag": 886,
                        "ActionTag": -422759532,
                        "Size": {
                          "X": 145.0,
                          "Y": 62.0
                        },
                        "Name": "activitymsg_msg2",
                        "ctype": "SpriteObjectData"
                      },
                      {
                        "FileData": {
                          "Type": "Normal",
                          "Path": "image/ui/hall/activitymsg_msg1.png",
                          "Plist": ""
                        },
                        "BlendFunc": {
                          "Src": 1,
                          "Dst": 771
                        },
                        "AnchorPoint": {
                          "ScaleX": 0.5,
                          "ScaleY": 0.5
                        },
                        "Position": {
                          "X": 373.7571,
                          "Y": 43.4141
                        },
                        "Scale": {
                          "ScaleX": 1.0,
                          "ScaleY": 1.0
                        },
                        "CColor": {},
                        "IconVisible": false,
                        "PrePosition": {
                          "X": 0.7329,
                          "Y": 0.5294
                        },
                        "PreSize": {
                          "X": 0.2843,
                          "Y": 0.7561
                        },
                        "LeftMargin": 301.2571,
                        "RightMargin": 63.7429,
                        "TopMargin": 7.5859,
                        "BottomMargin": 12.4141,
                        "Tag": 885,
                        "ActionTag": 1758591451,
                        "Size": {
                          "X": 145.0,
                          "Y": 62.0
                        },
                        "Name": "activitymsg_msg1",
                        "ctype": "SpriteObjectData"
                      }
                    ],
                    "ActionTag": 1175870869,
                    "Size": {
                      "X": 510.0,
                      "Y": 82.0
                    },
                    "Name": "tabbg",
                    "ctype": "SpriteObjectData"
                  },
                  {
                    "FileData": {
                      "Type": "Normal",
                      "Path": "appCommon/fydp/common/room_close.png",
                      "Plist": ""
                    },
                    "BlendFunc": {
                      "Src": 1,
                      "Dst": 771
                    },
                    "AnchorPoint": {
                      "ScaleX": 0.5,
                      "ScaleY": 0.5
                    },
                    "Position": {
                      "X": 1037.8689,
                      "Y": 590.4394
                    },
                    "Scale": {
                      "ScaleX": 1.0,
                      "ScaleY": 1.0
                    },
                    "CColor": {},
                    "IconVisible": false,
                    "PrePosition": {
                      "X": 0.961,
                      "Y": 0.9523
                    },
                    "PreSize": {
                      "X": 0.0852,
                      "Y": 0.1613
                    },
                    "LeftMargin": 991.8689,
                    "RightMargin": -3.8689,
                    "TopMargin": -20.4394,
                    "BottomMargin": 540.4394,
                    "Tag": 878,
                    "ActionTag": -142610491,
                    "Size": {
                      "X": 92.0,
                      "Y": 100.0
                    },
                    "Name": "btn_back",
                    "ctype": "SpriteObjectData"
                  },
                  {
                    "FileData": {
                      "Type": "Normal",
                      "Path": "image/ui/hall/activitymsg_innerbg2.png",
                      "Plist": ""
                    },
                    "Scale9OriginX": 33,
                    "Scale9OriginY": 168,
                    "Scale9Width": 36,
                    "Scale9Height": 174,
                    "AnchorPoint": {
                      "ScaleX": 0.5,
                      "ScaleY": 0.5
                    },
                    "Position": {
                      "X": 136.3388,
                      "Y": 280.8397
                    },
                    "Scale": {
                      "ScaleX": 1.0,
                      "ScaleY": 1.0
                    },
                    "CColor": {},
                    "IconVisible": false,
                    "PrePosition": {
                      "X": 0.1262,
                      "Y": 0.453
                    },
                    "PreSize": {
                      "X": 0.1667,
                      "Y": 0.871
                    },
                    "LeftMargin": 46.3388,
                    "RightMargin": 853.6612,
                    "TopMargin": 69.1603,
                    "BottomMargin": 10.8397,
                    "Tag": 881,
                    "Children": [
                      {
                        "FileData": {
                          "Type": "Normal",
                          "Path": "image/ui/hall/activitymsg_btn.png",
                          "Plist": ""
                        },
                        "BlendFunc": {
                          "Src": 1,
                          "Dst": 771
                        },
                        "AnchorPoint": {
                          "ScaleX": 0.5,
                          "ScaleY": 0.5
                        },
                        "Position": {
                          "X": 93.3097,
                          "Y": 479.7393
                        },
                        "Scale": {
                          "ScaleX": 1.0,
                          "ScaleY": 1.0
                        },
                        "CColor": {},
                        "IconVisible": false,
                        "PrePosition": {
                          "X": 0.5184,
                          "Y": 0.8884
                        },
                        "PreSize": {
                          "X": 1.0333,
                          "Y": 0.1722
                        },
                        "LeftMargin": 0.3097,
                        "RightMargin": -6.3097,
                        "TopMargin": 13.7607,
                        "BottomMargin": 433.2393,
                        "Tag": 889,
                        "Children": [
                          {
                            "FontSize": 30,
                            "LabelText": "红包雨红包雨",
                            "FontResource": {
                              "Type": "Normal",
                              "Path": "image/fonts/FZZY.TTF",
                              "Plist": ""
                            },
                            "HorizontalAlignmentType": "HT_Center",
                            "VerticalAlignmentType": "VT_Center",
                            "OutlineSize": 2,
                            "OutlineColor": {
                              "R": 13,
                              "G": 48,
                              "B": 95
                            },
                            "OutlineEnabled": true,
                            "ShadowColor": {
                              "R": 110,
                              "G": 110,
                              "B": 110
                            },
                            "ShadowOffsetX": 2.0,
                            "ShadowOffsetY": -2.0,
                            "AnchorPoint": {
                              "ScaleX": 0.5,
                              "ScaleY": 0.5
                            },
                            "Position": {
                              "X": 93.0,
                              "Y": 46.5
                            },
                            "Scale": {
                              "ScaleX": 1.0,
                              "ScaleY": 1.0
                            },
                            "CColor": {
                              "R": 197,
                              "G": 230
                            },
                            "IconVisible": false,
                            "PositionPercentXEnabled": true,
                            "PositionPercentYEnabled": true,
                            "PrePosition": {
                              "X": 0.5,
                              "Y": 0.5
                            },
                            "PreSize": {
                              "X": 0.9946,
                              "Y": 0.4086
                            },
                            "LeftMargin": 0.5,
                            "RightMargin": 0.5,
                            "TopMargin": 27.5,
                            "BottomMargin": 27.5,
                            "Tag": 890,
                            "ActionTag": -831507382,
                            "Size": {
                              "X": 185.0,
                              "Y": 38.0
                            },
                            "Name": "title",
                            "ctype": "TextObjectData"
                          },
                          {
                            "FontSize": 30,
                            "LabelText": "红包雨红包雨",
                            "FontResource": {
                              "Type": "Normal",
                              "Path": "image/fonts/FZZY.TTF",
                              "Plist": ""
                            },
                            "HorizontalAlignmentType": "HT_Center",
                            "VerticalAlignmentType": "VT_Center",
                            "OutlineSize": 2,
                            "OutlineColor": {
                              "R": 200,
                              "G": 79,
                              "B": 20
                            },
                            "OutlineEnabled": true,
                            "ShadowColor": {
                              "R": 110,
                              "G": 110,
                              "B": 110
                            },
                            "ShadowOffsetX": 2.0,
                            "ShadowOffsetY": -2.0,
                            "AnchorPoint": {
                              "ScaleX": 0.5,
                              "ScaleY": 0.5
                            },
                            "Position": {
                              "X": 93.0,
                              "Y": 46.5
                            },
                            "Scale": {
                              "ScaleX": 1.0,
                              "ScaleY": 1.0
                            },
                            "CColor": {
                              "G": 243,
                              "B": 202
                            },
                            "IconVisible": false,
                            "PositionPercentXEnabled": true,
                            "PositionPercentYEnabled": true,
                            "PrePosition": {
                              "X": 0.5,
                              "Y": 0.5
                            },
                            "PreSize": {
                              "X": 0.9946,
                              "Y": 0.4086
                            },
                            "LeftMargin": 0.5,
                            "RightMargin": 0.5,
                            "TopMargin": 27.5,
                            "BottomMargin": 27.5,
                            "Tag": 110,
                            "ActionTag": -191694236,
                            "Size": {
                              "X": 185.0,
                              "Y": 38.0
                            },
                            "Name": "title2",
                            "ctype": "TextObjectData"
                          }
                        ],
                        "ActionTag": 2040464985,
                        "Size": {
                          "X": 186.0,
                          "Y": 93.0
                        },
                        "Name": "activitybtn0",
                        "ctype": "SpriteObjectData"
                      },
                      {
                        "FileData": {
                          "Type": "Normal",
                          "Path": "image/ui/hall/activitymsg_btn2.png",
                          "Plist": ""
                        },
                        "BlendFunc": {
                          "Src": 1,
                          "Dst": 771
                        },
                        "AnchorPoint": {
                          "ScaleX": 0.5,
                          "ScaleY": 0.5
                        },
                        "Position": {
                          "X": 88.8089,
                          "Y": 380.5798
                        },
                        "Scale": {
                          "ScaleX": 1.0,
                          "ScaleY": 1.0
                        },
                        "CColor": {},
                        "IconVisible": false,
                        "PrePosition": {
                          "X": 0.4934,
                          "Y": 0.7048
                        },
                        "PreSize": {
                          "X": 0.9389,
                          "Y": 0.1556
                        },
                        "LeftMargin": 4.3089,
                        "RightMargin": 6.6911,
                        "TopMargin": 117.4202,
                        "BottomMargin": 338.5798,
                        "Tag": 965,
                        "Children": [
                          {
                            "FontSize": 30,
                            "LabelText": "红包雨红包雨",
                            "FontResource": {
                              "Type": "Normal",
                              "Path": "image/fonts/FZZY.TTF",
                              "Plist": ""
                            },
                            "HorizontalAlignmentType": "HT_Center",
                            "VerticalAlignmentType": "VT_Center",
                            "OutlineSize": 2,
                            "OutlineColor": {
                              "R": 13,
                              "G": 48,
                              "B": 95
                            },
                            "OutlineEnabled": true,
                            "ShadowColor": {
                              "R": 110,
                              "G": 110,
                              "B": 110
                            },
                            "ShadowOffsetX": 2.0,
                            "ShadowOffsetY": -2.0,
                            "AnchorPoint": {
                              "ScaleX": 0.5,
                              "ScaleY": 0.5
                            },
                            "Position": {
                              "X": 84.5,
                              "Y": 42.0
                            },
                            "Scale": {
                              "ScaleX": 1.0,
                              "ScaleY": 1.0
                            },
                            "CColor": {
                              "R": 197,
                              "G": 230
                            },
                            "IconVisible": false,
                            "PositionPercentXEnabled": true,
                            "PositionPercentYEnabled": true,
                            "PrePosition": {
                              "X": 0.5,
                              "Y": 0.5
                            },
                            "PreSize": {
                              "X": 1.0947,
                              "Y": 0.4524
                            },
                            "LeftMargin": -8.0,
                            "RightMargin": -8.0,
                            "TopMargin": 23.0,
                            "BottomMargin": 23.0,
                            "Tag": 966,
                            "ActionTag": 963744386,
                            "Size": {
                              "X": 185.0,
                              "Y": 38.0
                            },
                            "Name": "title",
                            "ctype": "TextObjectData"
                          },
                          {
                            "FontSize": 30,
                            "LabelText": "红包雨红包雨",
                            "FontResource": {
                              "Type": "Normal",
                              "Path": "image/fonts/FZZY.TTF",
                              "Plist": ""
                            },
                            "HorizontalAlignmentType": "HT_Center",
                            "VerticalAlignmentType": "VT_Center",
                            "OutlineSize": 2,
                            "OutlineColor": {
                              "R": 200,
                              "G": 79,
                              "B": 20
                            },
                            "OutlineEnabled": true,
                            "ShadowColor": {
                              "R": 110,
                              "G": 110,
                              "B": 110
                            },
                            "ShadowOffsetX": 2.0,
                            "ShadowOffsetY": -2.0,
                            "AnchorPoint": {
                              "ScaleX": 0.5,
                              "ScaleY": 0.5
                            },
                            "Position": {
                              "X": 84.5,
                              "Y": 42.0
                            },
                            "Scale": {
                              "ScaleX": 1.0,
                              "ScaleY": 1.0
                            },
                            "CColor": {
                              "G": 243,
                              "B": 202
                            },
                            "IconVisible": false,
                            "PositionPercentXEnabled": true,
                            "PositionPercentYEnabled": true,
                            "PrePosition": {
                              "X": 0.5,
                              "Y": 0.5
                            },
                            "PreSize": {
                              "X": 1.0947,
                              "Y": 0.4524
                            },
                            "LeftMargin": -8.0,
                            "RightMargin": -8.0,
                            "TopMargin": 23.0,
                            "BottomMargin": 23.0,
                            "Tag": 113,
                            "ActionTag": -668166697,
                            "Size": {
                              "X": 185.0,
                              "Y": 38.0
                            },
                            "Name": "title2",
                            "ctype": "TextObjectData"
                          }
                        ],
                        "ActionTag": 1658675097,
                        "Size": {
                          "X": 169.0,
                          "Y": 84.0
                        },
                        "Name": "activitybtn1",
                        "ctype": "SpriteObjectData"
                      }
                    ],
                    "ActionTag": 1316801421,
                    "Size": {
                      "X": 180.0,
                      "Y": 540.0
                    },
                    "Name": "left",
                    "ctype": "ImageViewObjectData"
                  },
                  {
                    "FileData": {
                      "Type": "Normal",
                      "Path": "image/ui/hall/activitymsg_innerbg.png",
                      "Plist": ""
                    },
                    "Scale9Enable": true,
                    "Scale9OriginX": 23,
                    "Scale9OriginY": 23,
                    "Scale9Width": 24,
                    "Scale9Height": 24,
                    "AnchorPoint": {
                      "ScaleX": 0.5,
                      "ScaleY": 0.5
                    },
                    "Position": {
                      "X": 616.0851,
                      "Y": 280.8397
                    },
                    "Scale": {
                      "ScaleX": 1.0,
                      "ScaleY": 1.0
                    },
                    "CColor": {},
                    "IconVisible": false,
                    "PrePosition": {
                      "X": 0.5704,
                      "Y": 0.453
                    },
                    "PreSize": {
                      "X": 0.7037,
                      "Y": 0.871
                    },
                    "LeftMargin": 236.0851,
                    "RightMargin": 83.9149,
                    "TopMargin": 69.1603,
                    "BottomMargin": 10.8397,
                    "Tag": 879,
                    "Children": [
                      {
                        "IsCustomSize": true,
                        "FontSize": 35,
                        "LabelText": "暂无活动",
                        "FontResource": {
                          "Type": "Normal",
                          "Path": "image/fonts/FZZY.TTF",
                          "Plist": ""
                        },
                        "HorizontalAlignmentType": "HT_Center",
                        "VerticalAlignmentType": "VT_Center",
                        "OutlineColor": {
                          "R": 61,
                          "G": 55,
                          "B": 55
                        },
                        "ShadowColor": {
                          "R": 110,
                          "G": 110,
                          "B": 110
                        },
                        "ShadowOffsetX": 2.0,
                        "ShadowOffsetY": -2.0,
                        "AnchorPoint": {
                          "ScaleX": 0.5,
                          "ScaleY": 1.0
                        },
                        "Position": {
                          "X": 367.232,
                          "Y": 595.1138
                        },
                        "Scale": {
                          "ScaleX": 1.0,
                          "ScaleY": 1.0
                        },
                        "CColor": {
                          "R": 197,
                          "G": 213
                        },
                        "IconVisible": false,
                        "PositionPercentXEnabled": true,
                        "PrePosition": {
                          "X": 0.4832,
                          "Y": 1.1021
                        },
                        "PreSize": {
                          "X": 0.7895,
                          "Y": 0.3659
                        },
                        "LeftMargin": 67.232,
                        "RightMargin": 92.7679,
                        "TopMargin": -55.1138,
                        "BottomMargin": 397.5215,
                        "Tag": 1068,
                        "ActionTag": 601630625,
                        "Size": {
                          "X": 600.0,
                          "Y": 197.5923
                        },
                        "Name": "noactivity",
                        "ctype": "TextObjectData"
                      }
                    ],
                    "ActionTag": -12644291,
                    "Size": {
                      "X": 760.0,
                      "Y": 540.0
                    },
                    "Name": "right",
                    "ctype": "ImageViewObjectData"
                  },
                  {
                    "FileData": {
                      "Type": "Normal",
                      "Path": "image/ui/hall/activitymsg_innerbg.png",
                      "Plist": ""
                    },
                    "Scale9Enable": true,
                    "Scale9OriginX": 23,
                    "Scale9OriginY": 23,
                    "Scale9Width": 24,
                    "Scale9Height": 24,
                    "AnchorPoint": {
                      "ScaleX": 0.5,
                      "ScaleY": 0.5
                    },
                    "Position": {
                      "X": 540.0,
                      "Y": 281.2516
                    },
                    "Scale": {
                      "ScaleX": 1.0,
                      "ScaleY": 1.0
                    },
                    "CColor": {},
                    "IconVisible": false,
                    "PositionPercentXEnabled": true,
                    "PrePosition": {
                      "X": 0.5,
                      "Y": 0.4536
                    },
                    "PreSize": {
                      "X": 0.8704,
                      "Y": 0.871
                    },
                    "LeftMargin": 70.0,
                    "RightMargin": 70.0,
                    "TopMargin": 68.7484,
                    "BottomMargin": 11.2516,
                    "Tag": 42,
                    "Children": [
                      {
                        "IsBounceEnabled": true,
                        "InnerNodeSize": {
                          "Width": 940,
                          "Height": 600
                        },
                        "ScrollDirectionType": "Vertical",
                        "ClipAble": true,
                        "BackColorAlpha": 102,
                        "SingleColor": {
                          "G": 150,
                          "B": 100
                        },
                        "FirstColor": {
                          "G": 150,
                          "B": 100
                        },
                        "EndColor": {},
                        "ColorVector": {
                          "ScaleY": 1.0
                        },
                        "Scale9Width": 1,
                        "Scale9Height": 1,
                        "TouchEnable": true,
                        "AnchorPoint": {},
                        "Position": {
                          "X": 0.0,
                          "Y": 0.0
                        },
                        "Scale": {
                          "ScaleX": 1.0,
                          "ScaleY": 1.0
                        },
                        "CColor": {},
                        "IconVisible": false,
                        "PrePosition": {
                          "X": 0.0,
                          "Y": 0.0
                        },
                        "PreSize": {
                          "X": 1.0,
                          "Y": 1.0
                        },
                        "Tag": 41,
                        "ActionTag": 1325254923,
                        "Size": {
                          "X": 940.0,
                          "Y": 540.0
                        },
                        "Name": "scrollview",
                        "ctype": "ScrollViewObjectData"
                      }
                    ],
                    "ActionTag": -1609772677,
                    "Size": {
                      "X": 940.0,
                      "Y": 540.0
                    },
                    "Name": "right_msg",
                    "ctype": "ImageViewObjectData"
                  }
                ],
                "ActionTag": 268480781,
                "Size": {
                  "X": 1080.0,
                  "Y": 620.0
                },
                "Name": "main",
                "ctype": "PanelObjectData"
              }
            ],
            "ActionTag": 1202311183,
            "Size": {
              "X": 1280.0,
              "Y": 720.0
            },
            "Name": "root",
            "ctype": "PanelObjectData"
          }
        ],
        "Size": {
          "X": 1280.0,
          "Y": 720.0
        },
        "Name": "Scene",
        "ctype": "SingleNodeObjectData"
      },
      "UsedResources": [
        "../../appCommon/fydp/common/room_close.png",
        "../../image/fonts/FZZY.TTF",
        "../../image/ui/hall/activitymsg_activity1.png",
        "../../image/ui/hall/activitymsg_activity2.png",
        "../../image/ui/hall/activitymsg_bg.png",
        "../../image/ui/hall/activitymsg_btn.png",
        "../../image/ui/hall/activitymsg_btn2.png",
        "../../image/ui/hall/activitymsg_innerbg.png",
        "../../image/ui/hall/activitymsg_innerbg2.png",
        "../../image/ui/hall/activitymsg_msg1.png",
        "../../image/ui/hall/activitymsg_msg2.png",
        "../../image/ui/hall/activitymsg_share.png",
        "../../image/ui/hall/activitymsg_tab.png",
        "../../image/ui/hall/activitymsg_tabbg.png"
      ],
      "ctype": "GameFileData"
    }
  },
  "Type": "Scene"
}