{
  "ID": "67352393-dd15-4cb5-9b2e-2d88e5851091",
  "Version": "3.10.0.0",
  "Name": "CreateRoomSelectPop",
  "Content": {
    "Content": {
      "Animation": {
        "Duration": 0,
        "Speed": 1.0,
        "Timelines": [],
        "ctype": "TimelineActionData"
      },
      "AnimationList": [],
      "ObjectData": {
        "Tag": 48,
        "Children": [
          {
            "FileData": {
              "Type": "Normal",
              "Path": "image/ui/hall/createroom_arr1.png",
              "Plist": ""
            },
            "BlendFunc": {
              "Src": 1,
              "Dst": 771
            },
            "AnchorPoint": {
              "ScaleX": 0.5,
              "ScaleY": 0.5
            },
            "Position": {
              "X": -78.8292,
              "Y": 251.8688
            },
            "Scale": {
              "ScaleX": 1.0,
              "ScaleY": 1.0
            },
            "CColor": {},
            "IconVisible": false,
            "PrePosition": {
              "X": -0.0616,
              "Y": 0.3498
            },
            "PreSize": {
              "X": 0.0141,
              "Y": 0.0181
            },
            "LeftMargin": -87.8292,
            "RightMargin": 1349.8292,
            "TopMargin": 461.6312,
            "BottomMargin": 245.3688,
            "Tag": 558,
            "ActionTag": 1615766051,
            "Size": {
              "X": 18.0,
              "Y": 13.0
            },
            "Name": "row1",
            "ctype": "SpriteObjectData"
          },
          {
            "FileData": {
              "Type": "Normal",
              "Path": "image/ui/hall/createroom_arr2.png",
              "Plist": ""
            },
            "BlendFunc": {
              "Src": 1,
              "Dst": 771
            },
            "AnchorPoint": {
              "ScaleX": 0.5,
              "ScaleY": 0.5
            },
            "Position": {
              "X": -78.8292,
              "Y": 251.8688
            },
            "Scale": {
              "ScaleX": 1.0,
              "ScaleY": 1.0
            },
            "CColor": {},
            "IconVisible": false,
            "PrePosition": {
              "X": -0.0616,
              "Y": 0.3498
            },
            "PreSize": {
              "X": 0.0141,
              "Y": 0.0181
            },
            "LeftMargin": -87.8292,
            "RightMargin": 1349.8292,
            "TopMargin": 461.6312,
            "BottomMargin": 245.3688,
            "Tag": 557,
            "ActionTag": -1102981704,
            "Size": {
              "X": 18.0,
              "Y": 13.0
            },
            "Name": "row2",
            "ctype": "SpriteObjectData"
          },
          {
            "FileData": {
              "Type": "Normal",
              "Path": "image/ui/hall/createroom_kuang1.png",
              "Plist": ""
            },
            "Scale9Enable": true,
            "Scale9OriginX": 22,
            "Scale9OriginY": 22,
            "Scale9Width": 16,
            "Scale9Height": 22,
            "AnchorPoint": {
              "ScaleX": 0.5,
              "ScaleY": 0.5
            },
            "Position": {
              "X": -119.6432,
              "Y": 184.7406
            },
            "Scale": {
              "ScaleX": 1.0,
              "ScaleY": 1.0
            },
            "CColor": {},
            "IconVisible": false,
            "PrePosition": {
              "X": -0.0935,
              "Y": 0.2566
            },
            "PreSize": {
              "X": 0.0469,
              "Y": 0.0917
            },
            "LeftMargin": -149.6432,
            "RightMargin": 1369.6432,
            "TopMargin": 502.2594,
            "BottomMargin": 151.7406,
            "Tag": 565,
            "ActionTag": 77028781,
            "Size": {
              "X": 60.0,
              "Y": 66.0
            },
            "Name": "kuang2",
            "ctype": "ImageViewObjectData"
          },
          {
            "ClipAble": false,
            "BackColorAlpha": 102,
            "SingleColor": {
              "R": 150,
              "G": 200
            },
            "FirstColor": {
              "R": 150,
              "G": 200
            },
            "EndColor": {},
            "ColorVector": {
              "ScaleY": 1.0
            },
            "Scale9Width": 1,
            "Scale9Height": 1,
            "TouchEnable": true,
            "AnchorPoint": {},
            "Position": {
              "X": 0.0,
              "Y": 0.0
            },
            "Scale": {
              "ScaleX": 1.0,
              "ScaleY": 1.0
            },
            "CColor": {},
            "IconVisible": false,
            "PrePosition": {
              "X": 0.0,
              "Y": 0.0
            },
            "PreSize": {
              "X": 1.0,
              "Y": 1.0
            },
            "Tag": 49,
            "Children": [
              {
                "FileData": {
                  "Type": "Normal",
                  "Path": "image/ui/hall/createroom_kuang2.png",
                  "Plist": ""
                },
                "Scale9Enable": true,
                "Scale9OriginX": 19,
                "Scale9OriginY": 21,
                "Scale9Width": 59,
                "Scale9Height": 78,
                "AnchorPoint": {
                  "ScaleY": 1.0
                },
                "Position": {
                  "X": 340.8624,
                  "Y": 473.9218
                },
                "Scale": {
                  "ScaleX": 1.0,
                  "ScaleY": 1.0
                },
                "CColor": {},
                "IconVisible": false,
                "PrePosition": {
                  "X": 0.2663,
                  "Y": 0.6582
                },
                "PreSize": {
                  "X": 0.0758,
                  "Y": 0.1667
                },
                "LeftMargin": 340.8624,
                "RightMargin": 842.1376,
                "TopMargin": 246.0782,
                "BottomMargin": 353.9218,
                "Tag": 556,
                "Children": [
                  {
                    "NormalBackFileData": {
                      "Type": "Normal",
                      "Path": "image/ui/room2/bt_bg.png",
                      "Plist": ""
                    },
                    "PressedBackFileData": {
                      "Type": "Normal",
                      "Path": "image/ui/room2/bt_bg.png",
                      "Plist": ""
                    },
                    "DisableBackFileData": {
                      "Type": "Normal",
                      "Path": "image/ui/room2/bt_bg.png",
                      "Plist": ""
                    },
                    "NodeNormalFileData": {
                      "Type": "Normal",
                      "Path": "image/ui/room2/btselect.png",
                      "Plist": ""
                    },
                    "NodeDisableFileData": {
                      "Type": "Normal",
                      "Path": "image/ui/room2/btselect.png",
                      "Plist": ""
                    },
                    "TouchEnable": true,
                    "AnchorPoint": {
                      "ScaleX": 0.5,
                      "ScaleY": 0.5
                    },
                    "Position": {
                      "X": 34.3652,
                      "Y": 82.6746
                    },
                    "Scale": {
                      "ScaleX": 1.0,
                      "ScaleY": 1.0
                    },
                    "CColor": {},
                    "IconVisible": false,
                    "PrePosition": {
                      "X": 0.3543,
                      "Y": 0.689
                    },
                    "PreSize": {
                      "X": 0.4536,
                      "Y": 0.3833
                    },
                    "LeftMargin": 12.3652,
                    "RightMargin": 40.6348,
                    "TopMargin": 14.3254,
                    "BottomMargin": 59.6746,
                    "Tag": 561,
                    "ActionTag": 1643970909,
                    "Size": {
                      "X": 44.0,
                      "Y": 46.0
                    },
                    "Name": "checkBox0",
                    "ctype": "CheckBoxObjectData"
                  },
                  {
                    "FontSize": 34,
                    "LabelText": "123456789abcdef123456789abcdefabcdef",
                    "OutlineColor": {
                      "R": 0,
                      "G": 0,
                      "B": 0
                    },
                    "ShadowColor": {
                      "R": 110,
                      "G": 110,
                      "B": 110
                    },
                    "ShadowOffsetX": 1.0,
                    "ShadowOffsetY": -1.0,
                    "AnchorPoint": {
                      "ScaleY": 0.5
                    },
                    "Position": {
                      "X": 69.3655,
                      "Y": 84.7066
                    },
                    "Scale": {
                      "ScaleX": 1.0,
                      "ScaleY": 1.0
                    },
                    "CColor": {
                      "R": 153,
                      "G": 81,
                      "B": 14
                    },
                    "IconVisible": false,
                    "PrePosition": {
                      "X": 0.7151,
                      "Y": 0.7059
                    },
                    "PreSize": {
                      "X": 6.6701,
                      "Y": 0.325
                    },
                    "LeftMargin": 69.3655,
                    "RightMargin": -619.3655,
                    "TopMargin": 15.7934,
                    "BottomMargin": 65.2066,
                    "Tag": 562,
                    "ActionTag": 2142508963,
                    "Size": {
                      "X": 647.0,
                      "Y": 39.0
                    },
                    "Name": "text0",
                    "ctype": "TextObjectData"
                  }
                ],
                "ActionTag": -1174582105,
                "Size": {
                  "X": 97.0,
                  "Y": 120.0
                },
                "Name": "bg",
                "ctype": "ImageViewObjectData"
              }
            ],
            "ActionTag": -365750820,
            "Size": {
              "X": 1280.0,
              "Y": 720.0
            },
            "Name": "root",
            "ctype": "PanelObjectData"
          }
        ],
        "Size": {
          "X": 1280.0,
          "Y": 720.0
        },
        "Name": "Layer",
        "ctype": "LayerObjectData"
      },
      "UsedResources": [
        "../../image/ui/hall/createroom_arr1.png",
        "../../image/ui/hall/createroom_arr2.png",
        "../../image/ui/hall/createroom_kuang1.png",
        "../../image/ui/hall/createroom_kuang2.png",
        "../../image/ui/room2/bt_bg.png",
        "../../image/ui/room2/btselect.png"
      ],
      "ctype": "GameFileData"
    }
  },
  "Type": "Layer"
}