{
  "ID": "49f513ae-68af-4434-acc7-cdbe5b1958e0",
  "Version": "3.10.0.0",
  "Name": "RedRainAwardLayer",
  "Content": {
    "Content": {
      "Animation": {
        "Duration": 0,
        "Speed": 1.0,
        "Timelines": [],
        "ctype": "TimelineActionData"
      },
      "AnimationList": [],
      "ObjectData": {
        "Tag": 1069,
        "Children": [
          {
            "ClipAble": false,
            "BackColorAlpha": 102,
            "ComboBoxIndex": 1,
            "SingleColor": {
              "R": 150,
              "G": 200
            },
            "FirstColor": {
              "R": 150,
              "G": 200
            },
            "EndColor": {},
            "ColorVector": {
              "ScaleY": 1.0
            },
            "Scale9Width": 1,
            "Scale9Height": 1,
            "TouchEnable": true,
            "AnchorPoint": {},
            "Position": {
              "X": 88.013,
              "Y": 3.8143
            },
            "Scale": {
              "ScaleX": 1.4,
              "ScaleY": 1.4
            },
            "CColor": {},
            "IconVisible": false,
            "PrePosition": {
              "X": 0.0688,
              "Y": 0.0053
            },
            "PreSize": {
              "X": 0.625,
              "Y": 0.7083
            },
            "LeftMargin": 88.013,
            "RightMargin": 391.987,
            "TopMargin": 206.1857,
            "BottomMargin": 3.8143,
            "Tag": 1081,
            "Children": [
              {
                "FileData": {
                  "Type": "Normal",
                  "Path": "image/ui/hall/activitymsg_awardbg.png",
                  "Plist": ""
                },
                "BlendFunc": {
                  "Src": 770,
                  "Dst": 771
                },
                "AnchorPoint": {
                  "ScaleX": 0.5,
                  "ScaleY": 0.5
                },
                "Position": {
                  "X": 400.0,
                  "Y": 255.0
                },
                "Scale": {
                  "ScaleX": 1.0,
                  "ScaleY": 1.0
                },
                "CColor": {},
                "IconVisible": false,
                "PositionPercentXEnabled": true,
                "PositionPercentYEnabled": true,
                "PrePosition": {
                  "X": 0.5,
                  "Y": 0.5
                },
                "PreSize": {
                  "X": 0.9987,
                  "Y": 1.0
                },
                "LeftMargin": 0.5,
                "RightMargin": 0.5,
                "Tag": 1070,
                "ActionTag": 586416214,
                "Size": {
                  "X": 799.0,
                  "Y": 510.0
                },
                "Name": "bg",
                "ctype": "SpriteObjectData"
              },
              {
                "FontSize": 35,
                "LabelText": "0000000元人民币",
                "FontResource": {
                  "Type": "Normal",
                  "Path": "image/fonts/FZZY.TTF",
                  "Plist": ""
                },
                "HorizontalAlignmentType": "HT_Center",
                "VerticalAlignmentType": "VT_Center",
                "OutlineColor": {
                  "G": 0,
                  "B": 0
                },
                "ShadowColor": {
                  "R": 110,
                  "G": 110,
                  "B": 110
                },
                "ShadowOffsetX": 2.0,
                "ShadowOffsetY": -2.0,
                "AnchorPoint": {
                  "ScaleX": 0.5,
                  "ScaleY": 0.5
                },
                "Position": {
                  "X": 581.9139,
                  "Y": 176.3986
                },
                "Scale": {
                  "ScaleX": 1.0,
                  "ScaleY": 1.0
                },
                "CColor": {},
                "IconVisible": false,
                "PrePosition": {
                  "X": 0.7274,
                  "Y": 0.3459
                },
                "PreSize": {
                  "X": 0.3425,
                  "Y": 0.0784
                },
                "LeftMargin": 444.9139,
                "RightMargin": 81.0861,
                "TopMargin": 313.6014,
                "BottomMargin": 156.3986,
                "Tag": 1071,
                "ActionTag": 967696789,
                "Size": {
                  "X": 274.0,
                  "Y": 40.0
                },
                "Name": "all",
                "ctype": "TextObjectData"
              },
              {
                "IsBounceEnabled": true,
                "InnerNodeSize": {
                  "Width": 330,
                  "Height": 300
                },
                "ScrollDirectionType": "Vertical",
                "ClipAble": true,
                "BackColorAlpha": 102,
                "SingleColor": {
                  "G": 150,
                  "B": 100
                },
                "FirstColor": {
                  "G": 150,
                  "B": 100
                },
                "EndColor": {},
                "ColorVector": {
                  "ScaleY": 1.0
                },
                "Scale9Width": 1,
                "Scale9Height": 1,
                "TouchEnable": true,
                "AnchorPoint": {},
                "Position": {
                  "X": 80.1296,
                  "Y": 112.9909
                },
                "Scale": {
                  "ScaleX": 1.0,
                  "ScaleY": 1.0
                },
                "CColor": {},
                "IconVisible": false,
                "PrePosition": {
                  "X": 0.1002,
                  "Y": 0.2216
                },
                "PreSize": {
                  "X": 0.4125,
                  "Y": 0.3137
                },
                "LeftMargin": 80.1296,
                "RightMargin": 389.8704,
                "TopMargin": 237.0091,
                "BottomMargin": 112.9909,
                "Tag": 1072,
                "Children": [
                  {
                    "FontSize": 25,
                    "LabelText": "10000元",
                    "FontResource": {
                      "Type": "Normal",
                      "Path": "image/fonts/FZZY.TTF",
                      "Plist": ""
                    },
                    "HorizontalAlignmentType": "HT_Center",
                    "VerticalAlignmentType": "VT_Center",
                    "OutlineColor": {
                      "G": 0,
                      "B": 0
                    },
                    "ShadowColor": {
                      "R": 110,
                      "G": 110,
                      "B": 110
                    },
                    "ShadowOffsetX": 2.0,
                    "ShadowOffsetY": -2.0,
                    "AnchorPoint": {
                      "ScaleX": 0.5,
                      "ScaleY": 0.5
                    },
                    "Position": {
                      "X": 281.7223,
                      "Y": 283.0982
                    },
                    "Scale": {
                      "ScaleX": 1.0,
                      "ScaleY": 1.0
                    },
                    "CColor": {
                      "R": 0,
                      "G": 0,
                      "B": 0
                    },
                    "IconVisible": false,
                    "PrePosition": {
                      "X": 0.8537,
                      "Y": 0.9437
                    },
                    "PreSize": {
                      "X": 0.2697,
                      "Y": 0.0933
                    },
                    "LeftMargin": 237.2223,
                    "RightMargin": 3.7777,
                    "TopMargin": 2.9018,
                    "BottomMargin": 269.0982,
                    "Tag": 1075,
                    "ActionTag": -451870919,
                    "Size": {
                      "X": 89.0,
                      "Y": 28.0
                    },
                    "Name": "money0",
                    "ctype": "TextObjectData"
                  },
                  {
                    "FontSize": 25,
                    "LabelText": "2017/01/01 12:121111",
                    "FontResource": {
                      "Type": "Normal",
                      "Path": "image/fonts/FZZY.TTF",
                      "Plist": ""
                    },
                    "HorizontalAlignmentType": "HT_Center",
                    "VerticalAlignmentType": "VT_Center",
                    "OutlineColor": {
                      "G": 0,
                      "B": 0
                    },
                    "ShadowColor": {
                      "R": 110,
                      "G": 110,
                      "B": 110
                    },
                    "ShadowOffsetX": 2.0,
                    "ShadowOffsetY": -2.0,
                    "AnchorPoint": {
                      "ScaleX": 0.5,
                      "ScaleY": 0.5
                    },
                    "Position": {
                      "X": 128.7141,
                      "Y": 283.0982
                    },
                    "Scale": {
                      "ScaleX": 1.0,
                      "ScaleY": 1.0
                    },
                    "CColor": {
                      "R": 0,
                      "G": 0,
                      "B": 0
                    },
                    "IconVisible": false,
                    "PrePosition": {
                      "X": 0.39,
                      "Y": 0.9437
                    },
                    "PreSize": {
                      "X": 0.6212,
                      "Y": 0.0933
                    },
                    "LeftMargin": 26.2141,
                    "RightMargin": 98.7859,
                    "TopMargin": 2.9018,
                    "BottomMargin": 269.0982,
                    "Tag": 36,
                    "ActionTag": -2083181524,
                    "Size": {
                      "X": 205.0,
                      "Y": 28.0
                    },
                    "Name": "time0",
                    "ctype": "TextObjectData"
                  }
                ],
                "ActionTag": -1980698723,
                "Size": {
                  "X": 330.0,
                  "Y": 160.0
                },
                "Name": "scrollview",
                "ctype": "ScrollViewObjectData"
              }
            ],
            "ActionTag": 910861125,
            "Size": {
              "X": 800.0,
              "Y": 510.0
            },
            "Name": "root",
            "ctype": "PanelObjectData"
          }
        ],
        "Size": {
          "X": 1280.0,
          "Y": 720.0
        },
        "Name": "Scene",
        "ctype": "SingleNodeObjectData"
      },
      "UsedResources": [
        "../../image/fonts/FZZY.TTF",
        "../../image/ui/hall/activitymsg_awardbg.png"
      ],
      "ctype": "GameFileData"
    }
  },
  "Type": "Scene"
}