{
  "ID": "f685c306-4fab-4824-abe0-6a1919d9228d",
  "Version": "3.10.0.0",
  "Name": "ShareTypeLayer",
  "Content": {
    "Content": {
      "Animation": {
        "Duration": 0,
        "Speed": 1.0,
        "Timelines": [],
        "ctype": "TimelineActionData"
      },
      "AnimationList": [],
      "ObjectData": {
        "Tag": 323,
        "Children": [
          {
            "ClipAble": false,
            "BackColorAlpha": 127,
            "ComboBoxIndex": 1,
            "SingleColor": {
              "R": 0,
              "G": 0,
              "B": 0
            },
            "FirstColor": {
              "R": 150,
              "G": 200
            },
            "EndColor": {},
            "ColorVector": {
              "ScaleY": 1.0
            },
            "Scale9Width": 1,
            "Scale9Height": 1,
            "AnchorPoint": {},
            "Position": {
              "X": 0.0,
              "Y": 0.0
            },
            "Scale": {
              "ScaleX": 1.0,
              "ScaleY": 1.0
            },
            "CColor": {},
            "IconVisible": false,
            "PositionPercentXEnabled": true,
            "PositionPercentYEnabled": true,
            "PrePosition": {
              "X": 0.0,
              "Y": 0.0
            },
            "PercentWidthEnable": true,
            "PercentHeightEnable": true,
            "PercentWidthEnabled": true,
            "PercentHeightEnabled": true,
            "PreSize": {
              "X": 1.0,
              "Y": 1.0
            },
            "Tag": 37,
            "Children": [
              {
                "FileData": {
                  "Type": "Normal",
                  "Path": "image/ui/common/shareTypes_bg.png",
                  "Plist": ""
                },
                "Scale9Enable": true,
                "Scale9OriginX": 46,
                "Scale9OriginY": 63,
                "Scale9Width": 50,
                "Scale9Height": 66,
                "AnchorPoint": {
                  "ScaleX": 0.5,
                  "ScaleY": 0.5
                },
                "Position": {
                  "X": 641.5808,
                  "Y": 399.4394
                },
                "Scale": {
                  "ScaleX": 1.0,
                  "ScaleY": 1.0
                },
                "CColor": {},
                "IconVisible": false,
                "PrePosition": {
                  "X": 0.5012,
                  "Y": 0.5548
                },
                "PreSize": {
                  "X": 0.4234,
                  "Y": 0.2667
                },
                "LeftMargin": 370.5808,
                "RightMargin": 367.4192,
                "TopMargin": 224.5606,
                "BottomMargin": 303.4394,
                "Tag": 1234,
                "ActionTag": 1747472995,
                "Size": {
                  "X": 542.0,
                  "Y": 192.0
                },
                "Name": "viewbg",
                "ctype": "ImageViewObjectData"
              },
              {
                "FontSize": 28,
                "LabelText": "微信",
                "FontResource": {
                  "Type": "Normal",
                  "Path": "image/fonts/FZZY.TTF",
                  "Plist": ""
                },
                "HorizontalAlignmentType": "HT_Center",
                "VerticalAlignmentType": "VT_Center",
                "OutlineColor": {
                  "G": 0,
                  "B": 0
                },
                "ShadowColor": {
                  "R": 110,
                  "G": 110,
                  "B": 110
                },
                "ShadowOffsetX": 2.0,
                "ShadowOffsetY": -2.0,
                "AnchorPoint": {
                  "ScaleX": 0.5,
                  "ScaleY": 0.5
                },
                "Position": {
                  "X": 477.7399,
                  "Y": 336.0447
                },
                "Scale": {
                  "ScaleX": 1.0,
                  "ScaleY": 1.0
                },
                "CColor": {
                  "R": 44,
                  "G": 43,
                  "B": 82
                },
                "IconVisible": false,
                "PrePosition": {
                  "X": 0.3732,
                  "Y": 0.4667
                },
                "PreSize": {
                  "X": 0.0461,
                  "Y": 0.0444
                },
                "LeftMargin": 448.2399,
                "RightMargin": 772.7601,
                "TopMargin": 367.9553,
                "BottomMargin": 320.0447,
                "Tag": 606,
                "ActionTag": -301181192,
                "Size": {
                  "X": 59.0,
                  "Y": 32.0
                },
                "Name": "Text_10",
                "ctype": "TextObjectData"
              },
              {
                "FontSize": 30,
                "LabelText": "钉钉",
                "FontResource": {
                  "Type": "Normal",
                  "Path": "image/fonts/FZZY.TTF",
                  "Plist": ""
                },
                "OutlineColor": {
                  "G": 0,
                  "B": 0
                },
                "ShadowColor": {
                  "R": 110,
                  "G": 110,
                  "B": 110
                },
                "ShadowOffsetX": 2.0,
                "ShadowOffsetY": -2.0,
                "AnchorPoint": {
                  "ScaleX": 0.5,
                  "ScaleY": 0.5
                },
                "Position": {
                  "X": 514.267,
                  "Y": 334.045
                },
                "Scale": {
                  "ScaleX": 1.0,
                  "ScaleY": 1.0
                },
                "CColor": {
                  "R": 197,
                  "G": 213
                },
                "IconVisible": false,
                "PrePosition": {
                  "X": 0.4018,
                  "Y": 0.464
                },
                "PreSize": {
                  "X": 0.0492,
                  "Y": 0.0472
                },
                "LeftMargin": 482.767,
                "RightMargin": 734.233,
                "TopMargin": 368.955,
                "BottomMargin": 317.045,
                "Tag": 619,
                "ActionTag": 1940538377,
                "Size": {
                  "X": 63.0,
                  "Y": 34.0
                },
                "VisibleForFrame": false,
                "Name": "Text_10_0",
                "ctype": "TextObjectData"
              },
              {
                "FontSize": 30,
                "LabelText": "QQ",
                "FontResource": {
                  "Type": "Normal",
                  "Path": "image/fonts/FZZY.TTF",
                  "Plist": ""
                },
                "OutlineColor": {
                  "G": 0,
                  "B": 0
                },
                "ShadowColor": {
                  "R": 110,
                  "G": 110,
                  "B": 110
                },
                "ShadowOffsetX": 2.0,
                "ShadowOffsetY": -2.0,
                "AnchorPoint": {
                  "ScaleX": 0.5,
                  "ScaleY": 0.5
                },
                "Position": {
                  "X": 630.2653,
                  "Y": 334.0447
                },
                "Scale": {
                  "ScaleX": 1.0,
                  "ScaleY": 1.0
                },
                "CColor": {
                  "R": 197,
                  "G": 213
                },
                "IconVisible": false,
                "PrePosition": {
                  "X": 0.4924,
                  "Y": 0.464
                },
                "PreSize": {
                  "X": 0.0352,
                  "Y": 0.0472
                },
                "LeftMargin": 607.7653,
                "RightMargin": 627.2347,
                "TopMargin": 368.9553,
                "BottomMargin": 317.0447,
                "Tag": 620,
                "ActionTag": -1957211953,
                "Size": {
                  "X": 45.0,
                  "Y": 34.0
                },
                "VisibleForFrame": false,
                "Name": "Text_10_1",
                "ctype": "TextObjectData"
              },
              {
                "FontSize": 28,
                "LabelText": "闲聊",
                "FontResource": {
                  "Type": "Normal",
                  "Path": "image/fonts/FZZY.TTF",
                  "Plist": ""
                },
                "HorizontalAlignmentType": "HT_Center",
                "VerticalAlignmentType": "VT_Center",
                "OutlineColor": {
                  "G": 0,
                  "B": 0
                },
                "ShadowColor": {
                  "R": 110,
                  "G": 110,
                  "B": 110
                },
                "ShadowOffsetX": 2.0,
                "ShadowOffsetY": -2.0,
                "AnchorPoint": {
                  "ScaleX": 0.5,
                  "ScaleY": 0.5
                },
                "Position": {
                  "X": 649.0016,
                  "Y": 336.0447
                },
                "Scale": {
                  "ScaleX": 1.0,
                  "ScaleY": 1.0
                },
                "CColor": {
                  "R": 44,
                  "G": 43,
                  "B": 82
                },
                "IconVisible": false,
                "PrePosition": {
                  "X": 0.507,
                  "Y": 0.4667
                },
                "PreSize": {
                  "X": 0.0453,
                  "Y": 0.0444
                },
                "LeftMargin": 620.0016,
                "RightMargin": 601.9984,
                "TopMargin": 367.9553,
                "BottomMargin": 320.0447,
                "Tag": 621,
                "ActionTag": -996518959,
                "Size": {
                  "X": 58.0,
                  "Y": 32.0
                },
                "Name": "Text_10_2",
                "ctype": "TextObjectData"
              },
              {
                "FontSize": 28,
                "LabelText": "聊呗",
                "FontResource": {
                  "Type": "Normal",
                  "Path": "image/fonts/FZZY.TTF",
                  "Plist": ""
                },
                "HorizontalAlignmentType": "HT_Center",
                "VerticalAlignmentType": "VT_Center",
                "OutlineColor": {
                  "G": 0,
                  "B": 0
                },
                "ShadowColor": {
                  "R": 110,
                  "G": 110,
                  "B": 110
                },
                "ShadowOffsetX": 2.0,
                "ShadowOffsetY": -2.0,
                "AnchorPoint": {
                  "ScaleX": 0.5,
                  "ScaleY": 0.5
                },
                "Position": {
                  "X": 820.2634,
                  "Y": 336.0447
                },
                "Scale": {
                  "ScaleX": 1.0,
                  "ScaleY": 1.0
                },
                "CColor": {
                  "R": 44,
                  "G": 43,
                  "B": 82
                },
                "IconVisible": false,
                "PrePosition": {
                  "X": 0.6408,
                  "Y": 0.4667
                },
                "PreSize": {
                  "X": 0.0461,
                  "Y": 0.0444
                },
                "LeftMargin": 790.7634,
                "RightMargin": 430.2366,
                "TopMargin": 367.9553,
                "BottomMargin": 320.0447,
                "Tag": 622,
                "ActionTag": -323173751,
                "Size": {
                  "X": 59.0,
                  "Y": 32.0
                },
                "Name": "Text_10_3",
                "ctype": "TextObjectData"
              },
              {
                "FileData": {
                  "Type": "Normal",
                  "Path": "image/ui/hall/btn_xianliao.png",
                  "Plist": ""
                },
                "BlendFunc": {
                  "Src": 1,
                  "Dst": 771
                },
                "AnchorPoint": {
                  "ScaleX": 0.5,
                  "ScaleY": 0.5
                },
                "Position": {
                  "X": 648.7439,
                  "Y": 424.0231
                },
                "Scale": {
                  "ScaleX": 1.0,
                  "ScaleY": 1.0
                },
                "CColor": {},
                "IconVisible": false,
                "PrePosition": {
                  "X": 0.5068,
                  "Y": 0.5889
                },
                "PreSize": {
                  "X": 0.0812,
                  "Y": 0.1444
                },
                "LeftMargin": 596.7439,
                "RightMargin": 579.2561,
                "TopMargin": 243.9769,
                "BottomMargin": 372.0231,
                "Tag": 577,
                "ActionTag": -2059325318,
                "Size": {
                  "X": 104.0,
                  "Y": 104.0
                },
                "Name": "btn_xianliao",
                "ctype": "SpriteObjectData"
              },
              {
                "FileData": {
                  "Type": "Normal",
                  "Path": "image/ui/hall/btn_winxin.png",
                  "Plist": ""
                },
                "BlendFunc": {
                  "Src": 1,
                  "Dst": 771
                },
                "AnchorPoint": {
                  "ScaleX": 0.5,
                  "ScaleY": 0.5
                },
                "Position": {
                  "X": 477.7399,
                  "Y": 424.0231
                },
                "Scale": {
                  "ScaleX": 1.0,
                  "ScaleY": 1.0
                },
                "CColor": {},
                "IconVisible": false,
                "PrePosition": {
                  "X": 0.3732,
                  "Y": 0.5889
                },
                "PreSize": {
                  "X": 0.0812,
                  "Y": 0.1444
                },
                "LeftMargin": 425.7399,
                "RightMargin": 750.2601,
                "TopMargin": 243.9769,
                "BottomMargin": 372.0231,
                "Tag": 576,
                "ActionTag": -932909699,
                "Size": {
                  "X": 104.0,
                  "Y": 104.0
                },
                "Name": "btn_winxin",
                "ctype": "SpriteObjectData"
              },
              {
                "FileData": {
                  "Type": "Normal",
                  "Path": "image/ui/hall/btn_qq_info.png",
                  "Plist": ""
                },
                "BlendFunc": {
                  "Src": 1,
                  "Dst": 771
                },
                "AnchorPoint": {
                  "ScaleX": 0.5,
                  "ScaleY": 0.5
                },
                "Position": {
                  "X": 638.2264,
                  "Y": 431.0231
                },
                "Scale": {
                  "ScaleX": 1.0,
                  "ScaleY": 1.0
                },
                "CColor": {},
                "IconVisible": false,
                "PrePosition": {
                  "X": 0.4986,
                  "Y": 0.5986
                },
                "PreSize": {
                  "X": 0.0812,
                  "Y": 0.1444
                },
                "LeftMargin": 586.2264,
                "RightMargin": 589.7736,
                "TopMargin": 236.9769,
                "BottomMargin": 379.0231,
                "Tag": 575,
                "ActionTag": 464125536,
                "Size": {
                  "X": 104.0,
                  "Y": 104.0
                },
                "VisibleForFrame": false,
                "Name": "btn_qq",
                "ctype": "SpriteObjectData"
              },
              {
                "FileData": {
                  "Type": "Normal",
                  "Path": "image/ui/hall/btn_liaobei.png",
                  "Plist": ""
                },
                "BlendFunc": {
                  "Src": 1,
                  "Dst": 771
                },
                "AnchorPoint": {
                  "ScaleX": 0.5,
                  "ScaleY": 0.5
                },
                "Position": {
                  "X": 819.7479,
                  "Y": 424.0231
                },
                "Scale": {
                  "ScaleX": 1.0,
                  "ScaleY": 1.0
                },
                "CColor": {},
                "IconVisible": false,
                "PrePosition": {
                  "X": 0.6404,
                  "Y": 0.5889
                },
                "PreSize": {
                  "X": 0.0812,
                  "Y": 0.1444
                },
                "LeftMargin": 767.7479,
                "RightMargin": 408.2521,
                "TopMargin": 243.9769,
                "BottomMargin": 372.0231,
                "Tag": 574,
                "ActionTag": -1039362237,
                "Size": {
                  "X": 104.0,
                  "Y": 104.0
                },
                "Name": "btn_liaobei",
                "ctype": "SpriteObjectData"
              },
              {
                "FileData": {
                  "Type": "Normal",
                  "Path": "image/ui/hall/btn_dingding.png",
                  "Plist": ""
                },
                "BlendFunc": {
                  "Src": 1,
                  "Dst": 771
                },
                "AnchorPoint": {
                  "ScaleX": 0.5,
                  "ScaleY": 0.5
                },
                "Position": {
                  "X": 523.4665,
                  "Y": 431.0231
                },
                "Scale": {
                  "ScaleX": 1.0,
                  "ScaleY": 1.0
                },
                "CColor": {},
                "IconVisible": false,
                "PrePosition": {
                  "X": 0.409,
                  "Y": 0.5986
                },
                "PreSize": {
                  "X": 0.0812,
                  "Y": 0.1444
                },
                "LeftMargin": 471.4665,
                "RightMargin": 704.5335,
                "TopMargin": 236.9769,
                "BottomMargin": 379.0231,
                "Tag": 605,
                "ActionTag": -1955591023,
                "Size": {
                  "X": 104.0,
                  "Y": 104.0
                },
                "VisibleForFrame": false,
                "Name": "btn_dingding",
                "ctype": "SpriteObjectData"
              }
            ],
            "ActionTag": 1112948100,
            "Size": {
              "X": 1280.0,
              "Y": 720.0
            },
            "Name": "root",
            "ctype": "PanelObjectData"
          }
        ],
        "Size": {
          "X": 1280.0,
          "Y": 720.0
        },
        "Name": "Layer",
        "ctype": "LayerObjectData"
      },
      "UsedResources": [
        "../../image/fonts/FZZY.TTF",
        "../../image/ui/common/shareTypes_bg.png",
        "../../image/ui/hall/btn_dingding.png",
        "../../image/ui/hall/btn_liaobei.png",
        "../../image/ui/hall/btn_qq_info.png",
        "../../image/ui/hall/btn_winxin.png",
        "../../image/ui/hall/btn_xianliao.png"
      ],
      "ctype": "GameFileData"
    }
  },
  "Type": "Layer"
}