{"skeleton":{"hash":"c4zZNVf5tyDT0pr3zBA7ZokOnDY","spine":"3.6.38","width":400,"height":400,"images":"./tx/"},"bones":[{"name":"root"},{"name":"feijidonghua","parent":"root"},{"name":"bone","parent":"feijidonghua"},{"name":"bone2","parent":"feijidonghua"},{"name":"bone3","parent":"feijidonghua"},{"name":"bone4","parent":"feijidonghua"},{"name":"bone5","parent":"feijidonghua"},{"name":"bone6","parent":"feijidonghua"},{"name":"bone7","parent":"feijidonghua"},{"name":"bone8","parent":"feijidonghua"},{"name":"bone9","parent":"feijidonghua"},{"name":"bone10","parent":"feijidonghua"},{"name":"bone11","parent":"feijidonghua"},{"name":"bone12","parent":"feijidonghua"},{"name":"bone13","parent":"feijidonghua"},{"name":"bone14","parent":"feijidonghua"},{"name":"bone15","parent":"feijidonghua"},{"name":"bone16","parent":"feijidonghua"},{"name":"bone17","parent":"feijidonghua"},{"name":"bone18","parent":"feijidonghua"},{"name":"bone19","parent":"feijidonghua"},{"name":"bone20","parent":"feijidonghua"},{"name":"bone21","parent":"feijidonghua"},{"name":"bone22","parent":"feijidonghua"},{"name":"bone23","parent":"feijidonghua"},{"name":"bone24","parent":"root"},{"name":"bone25","parent":"root"},{"name":"bone26","parent":"root"},{"name":"feiji","parent":"root"}],"slots":[{"name":"di","bone":"root"},{"name":"1_00000","bone":"bone2","attachment":"1_00000","blend":"additive"},{"name":"1_18","bone":"bone22","attachment":"1_00000","blend":"additive"},{"name":"1_0","bone":"bone3","attachment":"1_00000","blend":"additive"},{"name":"1_19","bone":"bone23","attachment":"1_00000","blend":"additive"},{"name":"1_1","bone":"bone4","attachment":"1_00000","blend":"additive"},{"name":"1_2","bone":"bone5","attachment":"1_00000","blend":"additive"},{"name":"1_3","bone":"bone6","attachment":"1_00000","blend":"additive"},{"name":"1_4","bone":"bone7","attachment":"1_00000","blend":"additive"},{"name":"1_5","bone":"bone8","attachment":"1_00000","blend":"additive"},{"name":"1_6","bone":"bone9","attachment":"1_00000","blend":"additive"},{"name":"1_7","bone":"bone10","attachment":"1_00000","blend":"additive"},{"name":"1_8","bone":"bone11","attachment":"1_00000","blend":"additive"},{"name":"1_9","bone":"bone12","attachment":"1_00000","blend":"additive"},{"name":"1_10","bone":"bone13","attachment":"1_00000","blend":"additive"},{"name":"1_11","bone":"bone14","attachment":"1_00000","blend":"additive"},{"name":"1_12","bone":"bone15","attachment":"1_00000","blend":"additive"},{"name":"1_14","bone":"bone17","attachment":"1_00000","blend":"additive"},{"name":"1_15","bone":"bone18","attachment":"1_00000","blend":"additive"},{"name":"1_16","bone":"bone19","attachment":"1_00000","blend":"additive"},{"name":"1_17","bone":"bone20","attachment":"1_00000","blend":"additive"},{"name":"1_13","bone":"bone16","attachment":"1_00000","blend":"additive"},{"name":"huo/1_00000","bone":"bone21","attachment":"huo/1_00000","blend":"additive"},{"name":"feiji1","bone":"bone","attachment":"feiji1"},{"name":"zhadan/guanghuan/111_00000","bone":"bone24"},{"name":"zhadan/zha/222_00001","bone":"bone25"},{"name":"zhadan","bone":"bone26","attachment":"zhadan"},{"name":"feiji","bone":"feiji","attachment":"feiji"}],"skins":{"default":{"1_0":{"1_00000":{"x":-91.68,"y":8.95,"width":80,"height":80}},"1_00000":{"1_00000":{"x":-91.68,"y":8.95,"width":80,"height":80}},"1_1":{"1_00000":{"x":-91.68,"y":8.95,"width":80,"height":80}},"1_10":{"1_00000":{"x":-91.68,"y":8.95,"width":80,"height":80}},"1_11":{"1_00000":{"x":-91.68,"y":8.95,"width":80,"height":80}},"1_12":{"1_00000":{"x":-91.68,"y":8.95,"width":80,"height":80}},"1_13":{"1_00000":{"x":-91.68,"y":8.95,"width":80,"height":80}},"1_14":{"1_00000":{"x":-91.68,"y":8.95,"width":80,"height":80}},"1_15":{"1_00000":{"x":-91.68,"y":8.95,"width":80,"height":80}},"1_16":{"1_00000":{"x":-91.68,"y":8.95,"width":80,"height":80}},"1_17":{"1_00000":{"x":-91.68,"y":8.95,"width":80,"height":80}},"1_18":{"1_00000":{"x":-91.68,"y":8.95,"width":80,"height":80}},"1_19":{"1_00000":{"x":-91.68,"y":8.95,"width":80,"height":80}},"1_2":{"1_00000":{"x":-91.68,"y":8.95,"width":80,"height":80}},"1_3":{"1_00000":{"x":-91.68,"y":8.95,"width":80,"height":80}},"1_4":{"1_00000":{"x":-91.68,"y":8.95,"width":80,"height":80}},"1_5":{"1_00000":{"x":-91.68,"y":8.95,"width":80,"height":80}},"1_6":{"1_00000":{"x":-91.68,"y":8.95,"width":80,"height":80}},"1_7":{"1_00000":{"x":-91.68,"y":8.95,"width":80,"height":80}},"1_8":{"1_00000":{"x":-91.68,"y":8.95,"width":80,"height":80}},"1_9":{"1_00000":{"x":-91.68,"y":8.95,"width":80,"height":80}},"feiji":{"feiji":{"width":227,"height":136}},"feiji1":{"feiji1":{"scaleX":0.5,"scaleY":0.5,"width":800,"height":800}},"huo/1_00000":{"huo/1_00000":{"width":100,"height":100},"huo/1_00001":{"width":100,"height":100},"huo/1_00002":{"width":100,"height":100},"huo/1_00003":{"width":100,"height":100},"huo/1_00004":{"width":100,"height":100},"huo/1_00005":{"width":100,"height":100},"huo/1_00006":{"width":100,"height":100},"huo/1_00007":{"width":100,"height":100},"huo/1_00008":{"width":100,"height":100},"huo/1_00009":{"width":100,"height":100}},"zhadan":{"zhadan":{"width":227,"height":136}},"zhadan/guanghuan/111_00000":{"zhadan/guanghuan/1":{"width":400,"height":280},"zhadan/guanghuan/2":{"width":400,"height":280},"zhadan/guanghuan/3":{"width":400,"height":280},"zhadan/guanghuan/4":{"width":400,"height":280},"zhadan/guanghuan/5":{"width":400,"height":280}},"zhadan/zha/222_00001":{"zhadan/zha/1":{"width":400,"height":280},"zhadan/zha/2":{"width":400,"height":280},"zhadan/zha/3":{"width":400,"height":280},"zhadan/zha/4":{"width":400,"height":280},"zhadan/zha/5":{"width":400,"height":280},"zhadan/zha/6":{"width":400,"height":280},"zhadan/zha/7":{"width":400,"height":280},"zhadan/zha/8":{"width":400,"height":280},"zhadan/zha/9":{"width":400,"height":280},"zhadan/zha/10":{"width":400,"height":280},"zhadan/zha/11":{"width":400,"height":280}}}},"animations":{"feijidonghua":{"slots":{"1_00000":{"color":[{"time":0,"color":"ffffff00","curve":"stepped"},{"time":0.6,"color":"ffffff00","curve":[0.25,0,0.75,1]},{"time":0.6333,"color":"ffffff8a","curve":[0.25,0,0.75,1]},{"time":0.8333,"color":"ffffff00"}]},"1_0":{"color":[{"time":0,"color":"ffffff00","curve":"stepped"},{"time":0.7333,"color":"ffffff00"},{"time":0.7667,"color":"ffffff96","curve":[0.244,0,0.643,0.58]},{"time":0.9667,"color":"ffffff00"}]},"1_1":{"color":[{"time":0,"color":"ffffff00","curve":"stepped"},{"time":0.6333,"color":"ffffff00"},{"time":0.6667,"color":"ffffff48","curve":[0.25,0,0.75,1]},{"time":0.9,"color":"ffffff00"}]},"1_2":{"color":[{"time":0,"color":"ffffff00","curve":"stepped"},{"time":0.8,"color":"ffffff00","curve":[0.25,0,0.75,1]},{"time":0.8333,"color":"ffffff8e","curve":[0.25,0,0.75,1]},{"time":1.0667,"color":"ffffff00"}]},"1_3":{"color":[{"time":0,"color":"ffffff00","curve":"stepped"},{"time":0.8667,"color":"ffffff00"},{"time":0.9,"color":"ffffff9c","curve":[0.25,0,0.75,1]},{"time":1.1667,"color":"ffffff00"}]},"1_4":{"color":[{"time":0,"color":"ffffff00","curve":"stepped"},{"time":0.9,"color":"ffffff00"},{"time":0.9333,"color":"ffffff2e","curve":[0.243,0,0.649,0.6]},{"time":1.2333,"color":"ffffff00"}]},"1_5":{"color":[{"time":0,"color":"ffffff00","curve":"stepped"},{"time":0.9667,"color":"ffffff00"},{"time":1,"color":"ffffffa0","curve":[0.25,0,0.75,1]},{"time":1.2667,"color":"ffffff00"}]},"1_6":{"color":[{"time":0,"color":"ffffff00","curve":"stepped"},{"time":1,"color":"ffffff00"},{"time":1.0333,"color":"ffffff74","curve":[0.25,0,0.75,1]},{"time":1.3,"color":"ffffff00"}]},"1_7":{"color":[{"time":0,"color":"ffffff00","curve":"stepped"},{"time":1.0667,"color":"ffffff00"},{"time":1.1,"color":"ffffff84","curve":[0.25,0,0.75,1]},{"time":1.4333,"color":"ffffff00"}]},"1_8":{"color":[{"time":0,"color":"ffffff00","curve":"stepped"},{"time":1.2,"color":"ffffff00"},{"time":1.2333,"color":"ffffff6a","curve":[0.25,0,0.75,1]},{"time":1.4667,"color":"ffffff00"}]},"1_9":{"color":[{"time":0,"color":"ffffff00","curve":"stepped"},{"time":1.2,"color":"ffffff00"},{"time":1.2333,"color":"ffffff8e","curve":[0.25,0,0.75,1]},{"time":1.5333,"color":"ffffff00"}]},"1_10":{"color":[{"time":0,"color":"ffffff00","curve":"stepped"},{"time":1.3,"color":"ffffff00"},{"time":1.3333,"color":"ffffffae","curve":[0.25,0,0.75,1]},{"time":1.6,"color":"ffffff00"}]},"1_11":{"color":[{"time":0,"color":"ffffff00","curve":"stepped"},{"time":1.3,"color":"ffffff00"},{"time":1.3333,"color":"ffffffa0","curve":[0.25,0,0.75,1]},{"time":1.5667,"color":"ffffff00"}]},"1_12":{"color":[{"time":0,"color":"ffffff00","curve":"stepped"},{"time":1.4,"color":"ffffff00"},{"time":1.4333,"color":"ffffff94","curve":[0.25,0,0.75,1]},{"time":1.7,"color":"ffffff00"}]},"1_13":{"color":[{"time":0,"color":"ffffff00","curve":"stepped"},{"time":1.4,"color":"ffffff00"},{"time":1.4333,"color":"ffffff3a","curve":[0.25,0,0.75,1]},{"time":1.6333,"color":"ffffff00"}]},"1_14":{"color":[{"time":0,"color":"ffffff00","curve":"stepped"},{"time":1.5333,"color":"ffffff00"},{"time":1.5667,"color":"ffffff86","curve":[0.25,0,0.75,1]},{"time":1.8333,"color":"ffffff00"}]},"1_15":{"color":[{"time":0,"color":"ffffff00","curve":"stepped"},{"time":1.5333,"color":"ffffff00"},{"time":1.5667,"color":"ffffff96","curve":[0.25,0,0.75,1]},{"time":1.7667,"color":"ffffff00"}]},"1_16":{"color":[{"time":0,"color":"ffffff00","curve":"stepped"},{"time":1.7333,"color":"ffffff00"},{"time":1.7667,"color":"ffffffde","curve":[0.25,0,0.75,1]},{"time":2,"color":"ffffff00"}]},"1_17":{"color":[{"time":0,"color":"ffffff00","curve":"stepped"},{"time":1.6667,"color":"ffffff00","curve":"stepped"},{"time":1.9,"color":"ffffff00"}]},"1_18":{"color":[{"time":0,"color":"ffffff00","curve":"stepped"},{"time":0.6,"color":"ffffff00","curve":[0.25,0,0.75,1]},{"time":0.6333,"color":"ffffffa8","curve":[0.25,0,0.75,1]},{"time":0.8333,"color":"ffffff00"}]},"1_19":{"color":[{"time":0,"color":"ffffff00","curve":"stepped"},{"time":0.7333,"color":"ffffff00"},{"time":0.7667,"color":"ffffffa2","curve":[0.244,0,0.643,0.58]},{"time":0.9667,"color":"ffffff00"}]},"di":{"attachment":[{"time":0,"name":null}]},"feiji":{"attachment":[{"time":0,"name":null}]},"huo/1_00000":{"attachment":[{"time":0.5,"name":"huo/1_00000"},{"time":0.5333,"name":"huo/1_00001"},{"time":0.5667,"name":"huo/1_00002"},{"time":0.6,"name":"huo/1_00003"},{"time":0.6333,"name":"huo/1_00004"},{"time":0.6667,"name":"huo/1_00005"},{"time":0.7,"name":"huo/1_00006"},{"time":0.7333,"name":"huo/1_00007"},{"time":0.7667,"name":"huo/1_00008"},{"time":0.8,"name":"huo/1_00009"},{"time":0.8333,"name":"huo/1_00000"},{"time":0.8667,"name":"huo/1_00001"},{"time":0.9,"name":"huo/1_00002"},{"time":0.9333,"name":"huo/1_00003"},{"time":0.9667,"name":"huo/1_00004"},{"time":1,"name":"huo/1_00005"},{"time":1.0333,"name":"huo/1_00006"},{"time":1.0667,"name":"huo/1_00007"},{"time":1.1,"name":"huo/1_00008"},{"time":1.1333,"name":"huo/1_00009"},{"time":1.1667,"name":"huo/1_00000"},{"time":1.2,"name":"huo/1_00001"},{"time":1.2333,"name":"huo/1_00002"},{"time":1.2667,"name":"huo/1_00003"},{"time":1.3,"name":"huo/1_00004"},{"time":1.3333,"name":"huo/1_00005"},{"time":1.3667,"name":"huo/1_00006"},{"time":1.4,"name":"huo/1_00007"},{"time":1.4333,"name":"huo/1_00008"},{"time":1.4667,"name":"huo/1_00009"},{"time":1.5,"name":"huo/1_00000"},{"time":1.5333,"name":"huo/1_00001"},{"time":1.5667,"name":"huo/1_00002"},{"time":1.6,"name":"huo/1_00003"},{"time":1.6333,"name":"huo/1_00004"},{"time":1.6667,"name":"huo/1_00005"},{"time":1.7,"name":"huo/1_00006"},{"time":1.7333,"name":"huo/1_00007"},{"time":1.7667,"name":"huo/1_00008"},{"time":1.8,"name":"huo/1_00009"},{"time":1.8333,"name":"huo/1_00000"},{"time":1.8667,"name":"huo/1_00001"},{"time":1.9,"name":"huo/1_00002"},{"time":1.9333,"name":"huo/1_00003"},{"time":1.9667,"name":"huo/1_00004"},{"time":2,"name":"huo/1_00005"}]},"zhadan":{"attachment":[{"time":0,"name":null}]}},"bones":{"bone":{"translate":[{"time":0,"x":-841.7,"y":275.5,"curve":[0.25,0,0.75,1]},{"time":2,"x":862.6,"y":-226.1}]},"bone2":{"rotate":[{"time":0.6333,"angle":0,"curve":[0.25,0,0.75,1]},{"time":1,"angle":30}],"translate":[{"time":0.6333,"x":-399,"y":138.7,"curve":[0.25,0,0.75,1]},{"time":0.6667,"x":-429.4,"y":148.2,"curve":[0.284,0,0.625,0.38]},{"time":0.7333,"x":-496.05,"y":160.31,"curve":[0.32,0.29,0.757,1]},{"time":1,"x":-598.5,"y":241.3}],"scale":[{"time":0.6333,"x":1.1,"y":1.1,"curve":[0.25,0,0.75,1]},{"time":1,"x":0.5,"y":0.5}]},"bone3":{"rotate":[{"time":0.7667,"angle":0,"curve":[0.25,0,0.75,1]},{"time":1.2333,"angle":30}],"translate":[{"time":0.7333,"x":-188.1,"y":85.5,"curve":[0.29,0,0.629,0.38]},{"time":0.7667,"x":-271.46,"y":96.33,"curve":[0.311,0.25,0.757,1]},{"time":1.2333,"x":-598.5,"y":271.7}],"scale":[{"time":0.7333,"x":1.1,"y":1.1,"curve":[0.25,0,0.75,1]},{"time":1.2333,"x":0.5,"y":0.5}]},"bone4":{"rotate":[{"time":0.8333,"angle":0,"curve":[0.25,0,0.75,1]},{"time":1.2,"angle":30}],"translate":[{"time":0.6667,"x":-401.61,"y":96.78},{"time":1.2,"x":-598.5,"y":203.3}],"scale":[{"time":0.6667,"x":0.8,"y":0.8,"curve":[0.25,0,0.75,1]},{"time":1.2,"x":0.5,"y":0.5}]},"bone5":{"rotate":[{"time":0.8333,"angle":0,"curve":[0.25,0,0.75,1]},{"time":1.3333,"angle":30}],"translate":[{"time":0.8333,"x":-171,"y":66.5,"curve":[0.25,0,0.75,1]},{"time":1.3333,"x":-598.5,"y":241.3}],"scale":[{"time":0.8333,"x":1.2,"y":1.2,"curve":[0.273,0,0.619,0.41]},{"time":1,"x":1.35,"y":1.35,"curve":[0.339,0.35,0.758,1]},{"time":1.3333,"x":0.5,"y":0.5}]},"bone6":{"rotate":[{"time":0.9,"angle":0,"curve":[0.25,0,0.75,1]},{"time":1.3333,"angle":30}],"translate":[{"time":0.9,"x":-90.01,"y":22.08,"curve":[0.287,0.14,0.633,0.52]},{"time":1.3333,"x":-598.5,"y":241.3}],"scale":[{"time":0.9,"x":1.1,"y":1.1,"curve":[0.25,0,0.75,1]},{"time":1.3333,"x":0.5,"y":0.5}]},"bone7":{"rotate":[{"time":0.9333,"angle":0,"curve":[0.25,0,0.75,1]},{"time":1.4,"angle":30}],"translate":[{"time":0.9333,"x":-165.65,"y":132.65,"curve":[0.25,0,0.75,1]},{"time":1.4,"x":-598.5,"y":319.87}],"scale":[{"time":0.9333,"x":1.1,"y":1.1,"curve":[0.25,0,0.75,1]},{"time":1.4,"x":0.5,"y":0.5}]},"bone8":{"rotate":[{"time":1,"angle":0,"curve":[0.25,0,0.75,1]},{"time":1.4333,"angle":30}],"translate":[{"time":1,"x":-21.97,"y":9.17,"curve":[0.25,0,0.75,1]},{"time":1.4333,"x":-598.5,"y":241.3}],"scale":[{"time":1,"x":1.4,"y":1.4,"curve":[0.25,0,0.75,1]},{"time":1.4333,"x":0.5,"y":0.5}]},"bone9":{"rotate":[{"time":1.0333,"angle":0,"curve":[0.25,0,0.75,1]},{"time":1.5,"angle":30}],"translate":[{"time":1.0333,"x":41.72,"y":35.27,"curve":[0.25,0,0.75,1]},{"time":1.5,"x":-598.5,"y":288.48}],"scale":[{"time":1.0333,"x":1.1,"y":1.1,"curve":[0.25,0,0.75,1]},{"time":1.5,"x":0.5,"y":0.5}]},"bone10":{"rotate":[{"time":1.1,"angle":0,"curve":[0.25,0,0.75,1]},{"time":1.6,"angle":30}],"translate":[{"time":1.1,"x":119.34,"y":-10.39,"curve":[0.25,0,0.75,1]},{"time":1.6,"x":-598.5,"y":241.3}],"scale":[{"time":1.1,"x":1.1,"y":1.1,"curve":[0.25,0,0.75,1]},{"time":1.6,"x":0.5,"y":0.5}]},"bone11":{"rotate":[{"time":1.2333,"angle":0,"curve":[0.25,0,0.75,1]},{"time":1.6667,"angle":30}],"translate":[{"time":1.2333,"x":166.53,"y":-8.86,"curve":[0.248,0,0.629,0.52]},{"time":1.6667,"x":-91.38,"y":67.06}],"scale":[{"time":1.2333,"x":1.1,"y":1.1,"curve":[0.25,0,0.75,1]},{"time":1.6667,"x":0.5,"y":0.5}]},"bone12":{"rotate":[{"time":1.2333,"angle":0,"curve":[0.25,0,0.75,1]},{"time":1.6667,"angle":30}],"translate":[{"time":1.2333,"x":166.53,"y":-8.86,"curve":[0.245,0,0.64,0.57]},{"time":1.6667,"x":-598.5,"y":267.17}],"scale":[{"time":1.2333,"x":1.1,"y":1.1,"curve":[0.25,0,0.75,1]},{"time":1.6667,"x":0.5,"y":0.5}]},"bone13":{"rotate":[{"time":1.3333,"angle":0,"curve":[0.25,0,0.75,1]},{"time":1.7667,"angle":30}],"translate":[{"time":1.3333,"x":367.43,"y":-77.35,"curve":[0.25,0,0.75,1]},{"time":1.7667,"x":-598.5,"y":267.17}],"scale":[{"time":1.3333,"x":1.1,"y":1.1,"curve":[0.25,0,0.75,1]},{"time":1.7667,"x":0.5,"y":0.5}]},"bone14":{"rotate":[{"time":1.3333,"angle":0,"curve":[0.25,0,0.75,1]},{"time":1.7667,"angle":30}],"translate":[{"time":1.3333,"x":203.05,"y":13.97,"curve":[0.25,0,0.75,1]},{"time":1.7667,"x":-598.5,"y":267.17}],"scale":[{"time":1.3333,"x":0.8,"y":0.8,"curve":[0.25,0,0.75,1]},{"time":1.7667,"x":0.5,"y":0.5}]},"bone15":{"rotate":[{"time":1.4333,"angle":0,"curve":[0.25,0,0.75,1]},{"time":1.8667,"angle":30}],"translate":[{"time":1.4333,"x":460.27,"y":-109.32,"curve":[0.25,0,0.75,1]},{"time":1.8667,"x":-248.35,"y":184.92}],"scale":[{"time":1.4333,"x":1.1,"y":1.1,"curve":[0.25,0,0.75,1]},{"time":1.8667,"x":0.5,"y":0.5}]},"bone16":{"rotate":[{"time":1.4333,"angle":0,"curve":[0.25,0,0.75,1]},{"time":1.8667,"angle":30}],"translate":[{"time":1.4333,"x":405.48,"y":-22.56,"curve":[0.25,0,0.75,1]},{"time":1.8667,"x":-283.6,"y":206.07}],"scale":[{"time":1.4333,"x":0.8,"y":0.8,"curve":[0.25,0,0.75,1]},{"time":1.8667,"x":0.5,"y":0.5}]},"bone17":{"rotate":[{"time":1.5667,"angle":0,"curve":[0.25,0,0.75,1]},{"time":2,"angle":30}],"translate":[{"time":1.5667,"x":553.11,"y":-126.06,"curve":[0.242,0,0.671,0.68]},{"time":1.9,"x":48.1,"y":-15.69}],"scale":[{"time":1.5667,"x":1.1,"y":1.1,"curve":[0.25,0,0.75,1]},{"time":2,"x":0.5,"y":0.5}]},"bone18":{"rotate":[{"time":1.5667,"angle":0,"curve":[0.25,0,0.75,1]},{"time":2,"angle":30}],"translate":[{"time":1.5667,"x":547.28,"y":-90.25,"curve":[0.242,0,0.671,0.68]},{"time":1.9,"x":-54.03,"y":75.69,"curve":[0.378,0.61,0.721,1]},{"time":2,"x":-598.5,"y":267.17}],"scale":[{"time":1.5667,"x":0.6,"y":0.6,"curve":[0.25,0,0.75,1]},{"time":2,"x":0.5,"y":0.5}]},"bone19":{"rotate":[{"time":1.7667,"angle":0,"curve":[0.25,0,0.75,1]},{"time":2,"angle":30}],"translate":[{"time":1.7667,"x":298.12,"y":17.52,"curve":[0.246,0,0.633,0.54]},{"time":2,"x":-69.75,"y":189.62}],"scale":[{"time":1.7667,"x":0.8,"y":0.8,"curve":[0.25,0,0.75,1]},{"time":2,"x":0.5,"y":0.5}]},"bone20":{"rotate":[{"time":1.6667,"angle":0,"curve":[0.25,0,0.75,1]},{"time":2,"angle":30}],"translate":[{"time":1.6667,"x":551.92,"y":-107.03,"curve":[0.25,0,0.75,1]},{"time":1.9,"x":24.25,"y":83.87}],"scale":[{"time":1.6667,"x":1.2,"y":1.2,"curve":[0.25,0,0.75,1]},{"time":2,"x":0.5,"y":0.5}]},"bone21":{"translate":[{"time":0,"x":-920.78,"y":275.78},{"time":0.4667,"x":-642.65,"y":200.23},{"time":0.6,"x":-510.31,"y":159.48},{"time":0.6333,"x":-473.09,"y":149.63},{"time":0.6667,"x":-441.17,"y":141.1},{"time":0.7333,"x":-368.35,"y":115.94},{"time":0.7667,"x":-330.61,"y":107.11},{"time":0.8333,"x":-257.13,"y":81.52},{"time":0.9333,"x":-145.91,"y":50.4},{"time":0.9667,"x":-107.19,"y":42.13},{"time":1,"x":-67.14,"y":27.23},{"time":1.1,"x":42.09,"y":-2.56},{"time":1.1667,"x":116.24,"y":-27.71},{"time":1.2667,"x":229.44,"y":-56.84},{"time":1.3333,"x":299.61,"y":-80.01},{"time":1.4333,"x":408.18,"y":-109.8},{"time":1.5,"x":469.74,"y":-130.99},{"time":1.6,"x":562.42,"y":-156.14},{"time":1.7333,"x":665.7,"y":-187.92},{"time":1.8333,"x":735.87,"y":-207.78},{"time":1.9,"x":745.1,"y":-209.32},{"time":2,"x":783.58,"y":-223.17}]},"bone22":{"rotate":[{"time":0.6333,"angle":0,"curve":[0.25,0,0.75,1]},{"time":1,"angle":30}],"translate":[{"time":0.6333,"x":-399,"y":138.7,"curve":[0.25,0,0.75,1]},{"time":0.6667,"x":-325.07,"y":146.58,"curve":[0.32,0.29,0.757,1]},{"time":1,"x":-598.5,"y":241.3}],"scale":[{"time":0.6333,"x":0.9,"y":0.9,"curve":[0.286,0.15,0.755,1]},{"time":1,"x":0.5,"y":0.5}]},"bone23":{"rotate":[{"time":0.7667,"angle":0,"curve":[0.25,0,0.75,1]},{"time":1.2333,"angle":30}],"translate":[{"time":0.7333,"x":-188.1,"y":85.5,"curve":[0.29,0,0.629,0.38]},{"time":0.7667,"x":-164.13,"y":133.77,"curve":[0.311,0.25,0.757,1]},{"time":1.2333,"x":-598.5,"y":271.7}],"scale":[{"time":0.7333,"x":1.1,"y":1.1,"curve":[0.313,0,0.648,0.35]},{"time":0.7667,"x":0.9,"y":0.9,"curve":[0.277,0.12,0.754,1]},{"time":1.2333,"x":0.5,"y":0.5}]},"feiji":{"translate":[{"time":0,"x":-742.63,"y":-92.83},{"time":1.2,"x":237.94,"y":-92.83},{"time":1.5667,"x":467.3,"y":-91.1},{"time":2,"x":738.36,"y":-92.83}]}}},"zhadan":{"slots":{"1_0":{"attachment":[{"time":0,"name":null}]},"1_00000":{"attachment":[{"time":0,"name":null}]},"1_1":{"attachment":[{"time":0,"name":null}]},"1_2":{"attachment":[{"time":0,"name":null}]},"1_3":{"attachment":[{"time":0,"name":null}]},"1_4":{"attachment":[{"time":0,"name":null}]},"1_5":{"attachment":[{"time":0,"name":null}]},"1_6":{"attachment":[{"time":0,"name":null}]},"1_7":{"attachment":[{"time":0,"name":null}]},"1_8":{"attachment":[{"time":0,"name":null}]},"1_9":{"attachment":[{"time":0,"name":null}]},"1_10":{"attachment":[{"time":0,"name":null}]},"1_11":{"attachment":[{"time":0,"name":null}]},"1_12":{"attachment":[{"time":0,"name":null}]},"1_13":{"attachment":[{"time":0,"name":null}]},"1_14":{"attachment":[{"time":0,"name":null}]},"1_15":{"attachment":[{"time":0,"name":null}]},"1_16":{"attachment":[{"time":0,"name":null}]},"1_17":{"attachment":[{"time":0,"name":null}]},"1_18":{"attachment":[{"time":0,"name":null}]},"1_19":{"attachment":[{"time":0,"name":null}]},"di":{"attachment":[{"time":0,"name":null}]},"feiji":{"attachment":[{"time":0,"name":null}]},"feiji1":{"attachment":[{"time":0,"name":null}]},"huo/1_00000":{"attachment":[{"time":0,"name":null}]},"zhadan":{"color":[{"time":0,"color":"ffffff00","curve":"stepped"},{"time":0.3,"color":"ffffff00"},{"time":0.3333,"color":"fffffffe"}],"attachment":[{"time":0,"name":null}]},"zhadan/guanghuan/111_00000":{"color":[{"time":0,"color":"ffffff00"},{"time":0.1,"color":"fff9f9fe","curve":"stepped"},{"time":0.2333,"color":"fff9f9fe"},{"time":0.5,"color":"ffffff00"}],"attachment":[{"time":0,"name":null},{"time":0.1,"name":"zhadan/guanghuan/2"},{"time":0.2333,"name":"zhadan/guanghuan/4"},{"time":0.3333,"name":"zhadan/guanghuan/5"}]},"zhadan/zha/222_00001":{"color":[{"time":0.7333,"color":"fffffffe"},{"time":1.1333,"color":"ffffff00"}],"attachment":[{"time":0,"name":null},{"time":0.1667,"name":"zhadan/zha/1"},{"time":0.2333,"name":"zhadan/zha/2"},{"time":0.3,"name":"zhadan/zha/3"},{"time":0.3667,"name":"zhadan/zha/4"},{"time":0.4333,"name":"zhadan/zha/5"},{"time":0.5,"name":"zhadan/zha/6"},{"time":0.5667,"name":"zhadan/zha/7"},{"time":0.6333,"name":"zhadan/zha/8"},{"time":0.7333,"name":"zhadan/zha/9"},{"time":0.8333,"name":"zhadan/zha/10"},{"time":0.9333,"name":"zhadan/zha/11"}]}},"bones":{"bone24":{"translate":[{"time":0,"x":0,"y":0}],"scale":[{"time":0,"x":2,"y":2}]},"bone25":{"translate":[{"time":0,"x":0,"y":0}],"scale":[{"time":0,"x":2,"y":2}]},"bone26":{"translate":[{"time":0,"x":0,"y":-68.2,"curve":"stepped"},{"time":0.3333,"x":0,"y":-68.2}],"scale":[{"time":0,"x":0,"y":0,"curve":"stepped"},{"time":0.3333,"x":0,"y":0},{"time":0.4333,"x":2,"y":2},{"time":0.5,"x":0.6,"y":0.6},{"time":0.5333,"x":1,"y":1}]}},"drawOrder":[{"time":0,"offsets":[{"slot":"zhadan/guanghuan/111_00000","offset":1}]}]},"zhadanzi":{"slots":{"1_0":{"attachment":[{"time":0,"name":null}]},"1_00000":{"attachment":[{"time":0,"name":null}]},"1_1":{"attachment":[{"time":0,"name":null}]},"1_2":{"attachment":[{"time":0,"name":null}]},"1_3":{"attachment":[{"time":0,"name":null}]},"1_4":{"attachment":[{"time":0,"name":null}]},"1_5":{"attachment":[{"time":0,"name":null}]},"1_6":{"attachment":[{"time":0,"name":null}]},"1_7":{"attachment":[{"time":0,"name":null}]},"1_8":{"attachment":[{"time":0,"name":null}]},"1_9":{"attachment":[{"time":0,"name":null}]},"1_10":{"attachment":[{"time":0,"name":null}]},"1_11":{"attachment":[{"time":0,"name":null}]},"1_12":{"attachment":[{"time":0,"name":null}]},"1_13":{"attachment":[{"time":0,"name":null}]},"1_14":{"attachment":[{"time":0,"name":null}]},"1_15":{"attachment":[{"time":0,"name":null}]},"1_16":{"attachment":[{"time":0,"name":null}]},"1_17":{"attachment":[{"time":0,"name":null}]},"1_18":{"attachment":[{"time":0,"name":null}]},"1_19":{"attachment":[{"time":0,"name":null}]},"di":{"attachment":[{"time":0,"name":null}]},"feiji":{"attachment":[{"time":0,"name":null}]},"feiji1":{"attachment":[{"time":0,"name":null}]},"huo/1_00000":{"attachment":[{"time":0,"name":null}]},"zhadan":{"color":[{"time":0,"color":"ffffff00","curve":"stepped"},{"time":0.3,"color":"ffffff00"},{"time":0.3333,"color":"fffffffe"}]},"zhadan/guanghuan/111_00000":{"color":[{"time":0,"color":"ffffff00"},{"time":0.1,"color":"fff9f9fe","curve":"stepped"},{"time":0.2333,"color":"fff9f9fe"},{"time":0.5,"color":"ffffff00"}],"attachment":[{"time":0,"name":null},{"time":0.1,"name":null},{"time":0.2333,"name":null},{"time":0.3,"name":null},{"time":0.3333,"name":null},{"time":0.3667,"name":null},{"time":0.4333,"name":null}]},"zhadan/zha/222_00001":{"color":[{"time":0.7333,"color":"fffffffe"},{"time":1.1333,"color":"ffffff00"}],"attachment":[{"time":0,"name":null},{"time":0.1667,"name":null},{"time":0.2333,"name":null},{"time":0.3,"name":null},{"time":0.3667,"name":null},{"time":0.4333,"name":null},{"time":0.5,"name":null},{"time":0.5667,"name":null},{"time":0.6333,"name":null},{"time":0.7333,"name":null},{"time":0.8333,"name":null},{"time":0.9333,"name":null},{"time":1.0333,"name":null}]}},"bones":{"bone24":{"translate":[{"time":0,"x":0,"y":101.17}]},"bone25":{"translate":[{"time":0,"x":0,"y":-20.51}]},"bone26":{"translate":[{"time":0,"x":0,"y":0}],"scale":[{"time":0,"x":0,"y":0,"curve":"stepped"},{"time":0.3333,"x":0,"y":0},{"time":0.4333,"x":2,"y":2},{"time":0.5,"x":0.6,"y":0.6},{"time":0.5333,"x":1,"y":1}]}},"drawOrder":[{"time":0,"offsets":[{"slot":"zhadan/guanghuan/111_00000","offset":1}]}]}}}