{
  "ID": "5c7aa808-4d6c-4f19-945c-b566a3208659",
  "Version": "2.3.4",
  "Name": "BindingTipPop",
  "Content": {
    "Content": {
      "Animation": {
        "Duration": 0,
        "Speed": 1.0,
        "Timelines": [],
        "ctype": "TimelineActionData"
      },
      "AnimationList": [],
      "ObjectData": {
        "Tag": 151,
        "Children": [
          {
            "ClipAble": false,
            "BackColorAlpha": 127,
            "ComboBoxIndex": 1,
            "SingleColor": {
              "R": 0,
              "G": 0,
              "B": 0
            },
            "FirstColor": {
              "R": 150,
              "G": 200
            },
            "EndColor": {},
            "ColorVector": {
              "ScaleY": 1.0
            },
            "TouchEnable": true,
            "AnchorPoint": {},
            "Position": {
              "X": -1.0527,
              "Y": 0.0
            },
            "Scale": {
              "ScaleX": 1.0,
              "ScaleY": 1.0
            },
            "CColor": {},
            "IconVisible": false,
            "PrePosition": {
              "X": -0.0008,
              "Y": 0.0
            },
            "PreSize": {
              "X": 1.0,
              "Y": 1.0
            },
            "LeftMargin": -1.0527,
            "RightMargin": 1.0527,
            "Tag": 152,
            "Children": [
              {
                "FileData": {
                  "Type": "Normal",
                  "Path": "image/ui/common/messagebg.png",
                  "Plist": ""
                },
                "Scale9OriginX": 35,
                "Scale9OriginY": 40,
                "Scale9Width": 350,
                "Scale9Height": 395,
                "AnchorPoint": {
                  "ScaleY": 0.5
                },
                "Position": {
                  "X": 640.0,
                  "Y": 341.5555
                },
                "Scale": {
                  "ScaleX": 1.0,
                  "ScaleY": 1.0
                },
                "CColor": {},
                "IconVisible": false,
                "PositionPercentXEnabled": true,
                "PositionPercentYEnabled": true,
                "PrePosition": {
                  "X": 0.5,
                  "Y": 0.4744
                },
                "PreSize": {
                  "X": 0.3281,
                  "Y": 0.6597
                },
                "LeftMargin": 640.0,
                "RightMargin": 220.0,
                "TopMargin": 140.9445,
                "BottomMargin": 104.0555,
                "Tag": 189,
                "Children": [
                  {
                    "FileData": {
                      "Type": "Normal",
                      "Path": "image/ui/common/messagebg.png",
                      "Plist": ""
                    },
                    "Scale9OriginX": 138,
                    "Scale9OriginY": 156,
                    "Scale9Width": 144,
                    "Scale9Height": 163,
                    "AnchorPoint": {
                      "ScaleX": 1.0,
                      "ScaleY": 0.5
                    },
                    "Position": {
                      "X": -420.0,
                      "Y": 237.5
                    },
                    "Scale": {
                      "ScaleX": 1.0,
                      "ScaleY": -1.0
                    },
                    "RotationSkewX": 180.0,
                    "RotationSkewY": 180.0,
                    "CColor": {},
                    "IconVisible": false,
                    "PositionPercentXEnabled": true,
                    "PositionPercentYEnabled": true,
                    "PrePosition": {
                      "X": -1.0,
                      "Y": 0.5
                    },
                    "PreSize": {
                      "X": 1.0,
                      "Y": 1.0
                    },
                    "LeftMargin": -840.0,
                    "RightMargin": 840.0,
                    "Tag": 201,
                    "ActionTag": -420028329,
                    "Size": {
                      "X": 420.0,
                      "Y": 475.0
                    },
                    "Name": "bg2",
                    "ctype": "ImageViewObjectData"
                  }
                ],
                "ActionTag": -1643767063,
                "Size": {
                  "X": 420.0,
                  "Y": 475.0
                },
                "Name": "bg",
                "ctype": "ImageViewObjectData"
              },
              {
                "FileData": {
                  "Type": "Normal",
                  "Path": "image/ui/room2/room_join_close.png",
                  "Plist": ""
                },
                "BlendFunc": {
                  "Src": 1,
                  "Dst": 771
                },
                "AnchorPoint": {
                  "ScaleX": 0.5,
                  "ScaleY": 0.5
                },
                "Position": {
                  "X": 1044.5054,
                  "Y": 521.6289
                },
                "Scale": {
                  "ScaleX": 1.0,
                  "ScaleY": 1.0
                },
                "CColor": {},
                "IconVisible": false,
                "PrePosition": {
                  "X": 0.816,
                  "Y": 0.7245
                },
                "PreSize": {
                  "X": 0.0641,
                  "Y": 0.1139
                },
                "LeftMargin": 1003.5054,
                "RightMargin": 194.4946,
                "TopMargin": 157.3711,
                "BottomMargin": 480.6289,
                "Tag": 277,
                "ActionTag": 1513800480,
                "Size": {
                  "X": 82.0,
                  "Y": 82.0
                },
                "Name": "close",
                "ctype": "SpriteObjectData"
              },
              {
                "FileData": {
                  "Type": "Normal",
                  "Path": "image/ui/common/commom_title_bg2.png",
                  "Plist": ""
                },
                "BlendFunc": {
                  "Src": 1,
                  "Dst": 771
                },
                "AnchorPoint": {
                  "ScaleX": 0.5,
                  "ScaleY": 0.5
                },
                "Position": {
                  "X": 640.0,
                  "Y": 552.0
                },
                "Scale": {
                  "ScaleX": 1.0,
                  "ScaleY": 1.0
                },
                "CColor": {},
                "IconVisible": false,
                "PositionPercentXEnabled": true,
                "PrePosition": {
                  "X": 0.5,
                  "Y": 0.7667
                },
                "PreSize": {
                  "X": 0.3297,
                  "Y": 0.1181
                },
                "LeftMargin": 429.0,
                "RightMargin": 429.0,
                "TopMargin": 125.5,
                "BottomMargin": 509.5,
                "Tag": 296,
                "Children": [
                  {
                    "FileData": {
                      "Type": "Normal",
                      "Path": "image/ui/wxshop/title_buy.png",
                      "Plist": ""
                    },
                    "BlendFunc": {
                      "Src": 1,
                      "Dst": 771
                    },
                    "AnchorPoint": {
                      "ScaleX": 0.5,
                      "ScaleY": 0.5
                    },
                    "Position": {
                      "X": 211.0,
                      "Y": 42.5
                    },
                    "Scale": {
                      "ScaleX": 1.0,
                      "ScaleY": 1.0
                    },
                    "CColor": {},
                    "IconVisible": false,
                    "PositionPercentXEnabled": true,
                    "PositionPercentYEnabled": true,
                    "PrePosition": {
                      "X": 0.5,
                      "Y": 0.5
                    },
                    "PreSize": {
                      "X": 0.5332,
                      "Y": 1.3529
                    },
                    "LeftMargin": 98.5,
                    "RightMargin": 98.5,
                    "TopMargin": -15.0,
                    "BottomMargin": -15.0,
                    "Tag": 297,
                    "ActionTag": 100349444,
                    "Size": {
                      "X": 225.0,
                      "Y": 115.0
                    },
                    "Name": "title_set_1",
                    "ctype": "SpriteObjectData"
                  }
                ],
                "ActionTag": 1615432691,
                "Size": {
                  "X": 422.0,
                  "Y": 85.0
                },
                "Name": "titlebg",
                "ctype": "SpriteObjectData"
              },
              {
                "FileData": {
                  "Type": "Normal",
                  "Path": "image/ui/wxshop/bg_kuang.png",
                  "Plist": ""
                },
                "Scale9Enable": true,
                "Scale9OriginX": 31,
                "Scale9OriginY": 31,
                "Scale9Width": 32,
                "Scale9Height": 33,
                "AnchorPoint": {
                  "ScaleX": 0.5,
                  "ScaleY": 0.5
                },
                "Position": {
                  "X": 637.8607,
                  "Y": 316.7159
                },
                "Scale": {
                  "ScaleX": 1.0,
                  "ScaleY": 1.0
                },
                "CColor": {},
                "IconVisible": false,
                "PositionPercentXEnabled": true,
                "PrePosition": {
                  "X": 0.4983,
                  "Y": 0.4399
                },
                "PreSize": {
                  "X": 0.4375,
                  "Y": 0.1389
                },
                "LeftMargin": 357.8607,
                "RightMargin": 362.1393,
                "TopMargin": 353.2841,
                "BottomMargin": 266.7159,
                "Tag": 278,
                "Children": [
                  {
                    "FileData": {
                      "Type": "Normal",
                      "Path": "image/ui/wxshop/fangka_img.png",
                      "Plist": ""
                    },
                    "BlendFunc": {
                      "Src": 1,
                      "Dst": 771
                    },
                    "AnchorPoint": {
                      "ScaleX": 0.5,
                      "ScaleY": 0.5
                    },
                    "Position": {
                      "X": 203.3125,
                      "Y": 51.673
                    },
                    "Scale": {
                      "ScaleX": 0.6,
                      "ScaleY": 0.6
                    },
                    "CColor": {},
                    "IconVisible": false,
                    "PrePosition": {
                      "X": 0.3631,
                      "Y": 0.5167
                    },
                    "PreSize": {
                      "X": 0.25,
                      "Y": 1.1
                    },
                    "LeftMargin": 133.3125,
                    "RightMargin": 286.6875,
                    "TopMargin": -6.673,
                    "BottomMargin": -3.327,
                    "Tag": 220,
                    "ActionTag": 118739686,
                    "Size": {
                      "X": 140.0,
                      "Y": 110.0
                    },
                    "Name": "fangka_img_13",
                    "ctype": "SpriteObjectData"
                  },
                  {
                    "FontSize": 30,
                    "LabelText": "￥11111111 = ",
                    "FontResource": {
                      "Type": "Normal",
                      "Path": "image/fonts/FZZY.TTF",
                      "Plist": ""
                    },
                    "HorizontalAlignmentType": "HT_Right",
                    "OutlineColor": {
                      "G": 0,
                      "B": 0
                    },
                    "ShadowColor": {
                      "R": 110,
                      "G": 110,
                      "B": 110
                    },
                    "ShadowOffsetX": 2.0,
                    "ShadowOffsetY": -2.0,
                    "AnchorPoint": {
                      "ScaleX": 0.5,
                      "ScaleY": 0.5
                    },
                    "Position": {
                      "X": 83.9304,
                      "Y": 44.1728
                    },
                    "Scale": {
                      "ScaleX": 1.0,
                      "ScaleY": 1.0
                    },
                    "CColor": {
                      "R": 165,
                      "G": 192,
                      "B": 231
                    },
                    "IconVisible": false,
                    "PrePosition": {
                      "X": 0.1499,
                      "Y": 0.4417
                    },
                    "PreSize": {
                      "X": 0.2607,
                      "Y": 0.34
                    },
                    "LeftMargin": 10.9304,
                    "RightMargin": 403.0696,
                    "TopMargin": 38.8272,
                    "BottomMargin": 27.1728,
                    "Tag": 221,
                    "ActionTag": 1003139391,
                    "Size": {
                      "X": 146.0,
                      "Y": 34.0
                    },
                    "Name": "money",
                    "ctype": "TextObjectData"
                  },
                  {
                    "FontSize": 30,
                    "LabelText": "99999",
                    "FontResource": {
                      "Type": "Normal",
                      "Path": "image/fonts/FZZY.TTF",
                      "Plist": ""
                    },
                    "OutlineColor": {
                      "G": 0,
                      "B": 0
                    },
                    "ShadowColor": {
                      "R": 110,
                      "G": 110,
                      "B": 110
                    },
                    "ShadowOffsetX": 2.0,
                    "ShadowOffsetY": -2.0,
                    "AnchorPoint": {
                      "ScaleX": 0.5,
                      "ScaleY": 0.5
                    },
                    "Position": {
                      "X": 286.6926,
                      "Y": 44.1728
                    },
                    "Scale": {
                      "ScaleX": 1.0,
                      "ScaleY": 1.0
                    },
                    "CColor": {
                      "R": 165,
                      "G": 192,
                      "B": 231
                    },
                    "IconVisible": false,
                    "PrePosition": {
                      "X": 0.512,
                      "Y": 0.4417
                    },
                    "PreSize": {
                      "X": 0.1464,
                      "Y": 0.34
                    },
                    "LeftMargin": 245.6926,
                    "RightMargin": 232.3074,
                    "TopMargin": 38.8272,
                    "BottomMargin": 27.1728,
                    "Tag": 222,
                    "ActionTag": 1152697815,
                    "Size": {
                      "X": 82.0,
                      "Y": 34.0
                    },
                    "Name": "num1",
                    "ctype": "TextObjectData"
                  },
                  {
                    "FontSize": 30,
                    "LabelText": "99999",
                    "FontResource": {
                      "Type": "Normal",
                      "Path": "image/fonts/FZZY.TTF",
                      "Plist": ""
                    },
                    "OutlineColor": {
                      "G": 0,
                      "B": 0
                    },
                    "ShadowColor": {
                      "R": 110,
                      "G": 110,
                      "B": 110
                    },
                    "ShadowOffsetX": 2.0,
                    "ShadowOffsetY": -2.0,
                    "AnchorPoint": {
                      "ScaleX": 0.5,
                      "ScaleY": 0.5
                    },
                    "Position": {
                      "X": 474.8026,
                      "Y": 44.1728
                    },
                    "Scale": {
                      "ScaleX": 1.0,
                      "ScaleY": 1.0
                    },
                    "CColor": {
                      "R": 165,
                      "G": 192,
                      "B": 231
                    },
                    "IconVisible": false,
                    "PrePosition": {
                      "X": 0.8479,
                      "Y": 0.4417
                    },
                    "PreSize": {
                      "X": 0.1464,
                      "Y": 0.34
                    },
                    "LeftMargin": 433.8026,
                    "RightMargin": 44.1974,
                    "TopMargin": 38.8272,
                    "BottomMargin": 27.1728,
                    "Tag": 223,
                    "ActionTag": -780671533,
                    "Size": {
                      "X": 82.0,
                      "Y": 34.0
                    },
                    "Name": "num2",
                    "ctype": "TextObjectData"
                  },
                  {
                    "FileData": {
                      "Type": "Normal",
                      "Path": "image/ui/wxshop/fangka_img.png",
                      "Plist": ""
                    },
                    "BlendFunc": {
                      "Src": 1,
                      "Dst": 771
                    },
                    "AnchorPoint": {
                      "ScaleX": 0.5,
                      "ScaleY": 0.5
                    },
                    "Position": {
                      "X": 392.584,
                      "Y": 51.673
                    },
                    "Scale": {
                      "ScaleX": 0.6,
                      "ScaleY": 0.6
                    },
                    "CColor": {},
                    "IconVisible": false,
                    "PrePosition": {
                      "X": 0.701,
                      "Y": 0.5167
                    },
                    "PreSize": {
                      "X": 0.25,
                      "Y": 1.1
                    },
                    "LeftMargin": 322.584,
                    "RightMargin": 97.416,
                    "TopMargin": -6.673,
                    "BottomMargin": -3.327,
                    "Tag": 224,
                    "ActionTag": 403634750,
                    "Size": {
                      "X": 140.0,
                      "Y": 110.0
                    },
                    "Name": "fangka_img_13_0",
                    "ctype": "SpriteObjectData"
                  },
                  {
                    "FontSize": 40,
                    "LabelText": "+ ",
                    "FontResource": {
                      "Type": "Normal",
                      "Path": "image/fonts/FZZY.TTF",
                      "Plist": ""
                    },
                    "OutlineColor": {
                      "G": 0,
                      "B": 0
                    },
                    "ShadowColor": {
                      "R": 110,
                      "G": 110,
                      "B": 110
                    },
                    "ShadowOffsetX": 2.0,
                    "ShadowOffsetY": -2.0,
                    "AnchorPoint": {
                      "ScaleX": 0.5,
                      "ScaleY": 0.5
                    },
                    "Position": {
                      "X": 340.5654,
                      "Y": 49.6727
                    },
                    "Scale": {
                      "ScaleX": 1.0,
                      "ScaleY": 1.0
                    },
                    "CColor": {
                      "R": 165,
                      "G": 192,
                      "B": 231
                    },
                    "IconVisible": false,
                    "PrePosition": {
                      "X": 0.6082,
                      "Y": 0.4967
                    },
                    "PreSize": {
                      "X": 0.0464,
                      "Y": 0.45
                    },
                    "LeftMargin": 327.5654,
                    "RightMargin": 206.4346,
                    "TopMargin": 27.8273,
                    "BottomMargin": 27.1727,
                    "Tag": 225,
                    "ActionTag": -817070454,
                    "Size": {
                      "X": 26.0,
                      "Y": 45.0
                    },
                    "Name": "num1_0",
                    "ctype": "TextObjectData"
                  },
                  {
                    "FileData": {
                      "Type": "Normal",
                      "Path": "image/ui/wxshop/tip_add.png",
                      "Plist": ""
                    },
                    "BlendFunc": {
                      "Src": 1,
                      "Dst": 771
                    },
                    "AnchorPoint": {
                      "ScaleX": 0.5,
                      "ScaleY": 0.5
                    },
                    "Position": {
                      "X": 522.5608,
                      "Y": 66.9613
                    },
                    "Scale": {
                      "ScaleX": 1.0,
                      "ScaleY": 1.0
                    },
                    "CColor": {},
                    "IconVisible": false,
                    "PrePosition": {
                      "X": 0.9331,
                      "Y": 0.6696
                    },
                    "PreSize": {
                      "X": 0.1268,
                      "Y": 0.73
                    },
                    "LeftMargin": 487.0608,
                    "RightMargin": 1.9392,
                    "TopMargin": -3.4613,
                    "BottomMargin": 30.4613,
                    "Tag": 318,
                    "ActionTag": -990377787,
                    "Size": {
                      "X": 71.0,
                      "Y": 73.0
                    },
                    "Name": "tip_add_48",
                    "ctype": "SpriteObjectData"
                  }
                ],
                "ActionTag": 208566534,
                "Size": {
                  "X": 560.0,
                  "Y": 100.0
                },
                "Name": "mainbg",
                "ctype": "ImageViewObjectData"
              },
              {
                "FileData": {
                  "Type": "Normal",
                  "Path": "image/ui/wxshop/btn_buy.png",
                  "Plist": ""
                },
                "BlendFunc": {
                  "Src": 1,
                  "Dst": 771
                },
                "AnchorPoint": {
                  "ScaleX": 0.5,
                  "ScaleY": 0.5
                },
                "Position": {
                  "X": 485.4933,
                  "Y": 185.3765
                },
                "Scale": {
                  "ScaleX": 1.0,
                  "ScaleY": 1.0
                },
                "CColor": {},
                "IconVisible": false,
                "PrePosition": {
                  "X": 0.3793,
                  "Y": 0.2575
                },
                "PreSize": {
                  "X": 0.175,
                  "Y": 0.1139
                },
                "LeftMargin": 373.4933,
                "RightMargin": 682.5067,
                "TopMargin": 493.6235,
                "BottomMargin": 144.3765,
                "Tag": 219,
                "ActionTag": -1421608876,
                "Size": {
                  "X": 224.0,
                  "Y": 82.0
                },
                "Name": "btn_go",
                "ctype": "SpriteObjectData"
              },
              {
                "FileData": {
                  "Type": "Normal",
                  "Path": "image/ui/wxshop/btn_binding.png",
                  "Plist": ""
                },
                "BlendFunc": {
                  "Src": 1,
                  "Dst": 771
                },
                "AnchorPoint": {
                  "ScaleX": 0.5,
                  "ScaleY": 0.5
                },
                "Position": {
                  "X": 802.0273,
                  "Y": 191.3765
                },
                "Scale": {
                  "ScaleX": 1.0,
                  "ScaleY": 1.0
                },
                "CColor": {},
                "IconVisible": false,
                "PrePosition": {
                  "X": 0.6266,
                  "Y": 0.2658
                },
                "PreSize": {
                  "X": 0.1641,
                  "Y": 0.0972
                },
                "LeftMargin": 697.0273,
                "RightMargin": 372.9727,
                "TopMargin": 493.6235,
                "BottomMargin": 156.3765,
                "Tag": 218,
                "ActionTag": 1064045396,
                "Size": {
                  "X": 210.0,
                  "Y": 70.0
                },
                "Name": "btn_bangding",
                "ctype": "SpriteObjectData"
              },
              {
                "FontSize": 30,
                "LabelText": "绑定邀请码，每次充值可享受额外",
                "FontResource": {
                  "Type": "Normal",
                  "Path": "image/fonts/FZZY.TTF",
                  "Plist": ""
                },
                "HorizontalAlignmentType": "HT_Right",
                "OutlineColor": {
                  "G": 0,
                  "B": 0
                },
                "ShadowColor": {
                  "R": 110,
                  "G": 110,
                  "B": 110
                },
                "ShadowOffsetX": 2.0,
                "ShadowOffsetY": -2.0,
                "AnchorPoint": {
                  "ScaleX": 0.5,
                  "ScaleY": 0.5
                },
                "Position": {
                  "X": 544.6881,
                  "Y": 415.9596
                },
                "Scale": {
                  "ScaleX": 1.0,
                  "ScaleY": 1.0
                },
                "CColor": {
                  "R": 165,
                  "G": 192,
                  "B": 231
                },
                "IconVisible": false,
                "PrePosition": {
                  "X": 0.4255,
                  "Y": 0.5777
                },
                "PreSize": {
                  "X": 0.3539,
                  "Y": 0.0472
                },
                "LeftMargin": 318.1881,
                "RightMargin": 508.8119,
                "TopMargin": 287.0404,
                "BottomMargin": 398.9596,
                "Tag": 279,
                "ActionTag": -149424049,
                "Size": {
                  "X": 453.0,
                  "Y": 34.0
                },
                "Name": "money_0",
                "ctype": "TextObjectData"
              },
              {
                "FileData": {
                  "Type": "Normal",
                  "Path": "image/ui/wxshop/tip_add2.png",
                  "Plist": ""
                },
                "BlendFunc": {
                  "Src": 1,
                  "Dst": 771
                },
                "AnchorPoint": {
                  "ScaleX": 0.5,
                  "ScaleY": 0.5
                },
                "Position": {
                  "X": 866.6057,
                  "Y": 420.4597
                },
                "Scale": {
                  "ScaleX": 1.0,
                  "ScaleY": 1.0
                },
                "CColor": {},
                "IconVisible": false,
                "PrePosition": {
                  "X": 0.677,
                  "Y": 0.584
                },
                "PreSize": {
                  "X": 0.1312,
                  "Y": 0.0597
                },
                "LeftMargin": 782.6057,
                "RightMargin": 329.3943,
                "TopMargin": 278.0403,
                "BottomMargin": 398.9597,
                "Tag": 298,
                "ActionTag": -1479059173,
                "Size": {
                  "X": 168.0,
                  "Y": 43.0
                },
                "Name": "tip_add2_41",
                "ctype": "SpriteObjectData"
              }
            ],
            "ActionTag": 1563259026,
            "Size": {
              "X": 1280.0,
              "Y": 720.0
            },
            "Name": "root",
            "ctype": "PanelObjectData"
          }
        ],
        "Size": {
          "X": 1280.0,
          "Y": 720.0
        },
        "Name": "Layer",
        "ctype": "LayerObjectData"
      },
      "UsedResources": [
        "../../image/fonts/FZZY.TTF",
        "../../image/ui/common/commom_title_bg2.png",
        "../../image/ui/common/messagebg.png",
        "../../image/ui/room2/room_join_close.png",
        "../../image/ui/wxshop/bg_kuang.png",
        "../../image/ui/wxshop/btn_binding.png",
        "../../image/ui/wxshop/btn_buy.png",
        "../../image/ui/wxshop/fangka_img.png",
        "../../image/ui/wxshop/tip_add.png",
        "../../image/ui/wxshop/tip_add2.png",
        "../../image/ui/wxshop/title_buy.png"
      ],
      "ctype": "GameFileData"
    }
  },
  "Type": "Layer"
}