{
  "ID": "ee338052-8b40-4559-b1c0-21e3cdf0549e",
  "Version": "2.3.4",
  "Name": "BindingAgencyLayer",
  "Content": {
    "Content": {
      "Animation": {
        "Duration": 0,
        "Speed": 1.0,
        "Timelines": [],
        "ctype": "TimelineActionData"
      },
      "AnimationList": [],
      "ObjectData": {
        "Tag": 203,
        "Children": [
          {
            "ClipAble": false,
            "BackColorAlpha": 102,
            "SingleColor": {
              "R": 150,
              "G": 200
            },
            "FirstColor": {
              "R": 150,
              "G": 200
            },
            "EndColor": {},
            "ColorVector": {
              "ScaleY": 1.0
            },
            "Scale9Width": 1,
            "Scale9Height": 1,
            "TouchEnable": true,
            "AnchorPoint": {
              "ScaleX": 0.5,
              "ScaleY": 0.5
            },
            "Position": {
              "X": 640.0,
              "Y": 360.0
            },
            "Scale": {
              "ScaleX": 1.0,
              "ScaleY": 1.0
            },
            "CColor": {},
            "IconVisible": false,
            "PrePosition": {
              "X": 0.5,
              "Y": 0.5
            },
            "PreSize": {
              "X": 1.0,
              "Y": 1.0
            },
            "Tag": 934,
            "Children": [
              {
                "FileData": {
                  "Type": "Normal",
                  "Path": "image/ui/wxshop/bangdingtishi.png",
                  "Plist": ""
                },
                "BlendFunc": {
                  "Src": 1,
                  "Dst": 771
                },
                "AnchorPoint": {
                  "ScaleX": 0.5,
                  "ScaleY": 0.5
                },
                "Position": {
                  "X": 640.0,
                  "Y": 369.5909
                },
                "Scale": {
                  "ScaleX": 1.0,
                  "ScaleY": 1.0
                },
                "CColor": {},
                "IconVisible": false,
                "PositionPercentXEnabled": true,
                "PrePosition": {
                  "X": 0.5,
                  "Y": 0.5133
                },
                "PreSize": {
                  "X": 0.6531,
                  "Y": 0.7653
                },
                "LeftMargin": 222.0,
                "RightMargin": 222.0,
                "TopMargin": 74.9091,
                "BottomMargin": 94.0909,
                "Tag": 71,
                "ActionTag": 131705003,
                "Size": {
                  "X": 836.0,
                  "Y": 551.0
                },
                "Name": "bangdingtishi_14",
                "ctype": "SpriteObjectData"
              },
              {
                "FontSize": 24,
                "LabelText": "微信公众号000\nyykf99960000",
                "FontResource": {
                  "Type": "Normal",
                  "Path": "image/fonts/FZZY.TTF",
                  "Plist": ""
                },
                "HorizontalAlignmentType": "HT_Center",
                "VerticalAlignmentType": "VT_Center",
                "OutlineColor": {
                  "R": 152,
                  "G": 24,
                  "B": 24
                },
                "ShadowColor": {
                  "R": 152,
                  "G": 24,
                  "B": 24
                },
                "ShadowOffsetX": 0.0,
                "ShadowOffsetY": 0.0,
                "AnchorPoint": {
                  "ScaleX": 0.5,
                  "ScaleY": 0.5
                },
                "Position": {
                  "X": 529.0065,
                  "Y": 373.1608
                },
                "Scale": {
                  "ScaleX": 1.0,
                  "ScaleY": 1.0
                },
                "CColor": {},
                "IconVisible": false,
                "PrePosition": {
                  "X": 0.4133,
                  "Y": 0.5183
                },
                "PreSize": {
                  "X": 0.1266,
                  "Y": 0.075
                },
                "LeftMargin": 448.0065,
                "RightMargin": 669.9935,
                "TopMargin": 319.8392,
                "BottomMargin": 346.1608,
                "Tag": 118,
                "ActionTag": 1887570268,
                "Size": {
                  "X": 162.0,
                  "Y": 54.0
                },
                "VisibleForFrame": false,
                "Name": "weixin",
                "ctype": "TextObjectData"
              },
              {
                "FileData": {
                  "Type": "Normal",
                  "Path": "image/ui/room2/room_join_close.png",
                  "Plist": ""
                },
                "BlendFunc": {
                  "Src": 1,
                  "Dst": 771
                },
                "AnchorPoint": {
                  "ScaleX": 0.5,
                  "ScaleY": 0.5
                },
                "Position": {
                  "X": 991.4573,
                  "Y": 610.5519
                },
                "Scale": {
                  "ScaleX": 1.0,
                  "ScaleY": 1.0
                },
                "CColor": {},
                "IconVisible": false,
                "PrePosition": {
                  "X": 0.7746,
                  "Y": 0.848
                },
                "PreSize": {
                  "X": 0.0594,
                  "Y": 0.1056
                },
                "LeftMargin": 953.4573,
                "RightMargin": 250.5427,
                "TopMargin": 71.4481,
                "BottomMargin": 572.5519,
                "Tag": 359,
                "ActionTag": -1841204478,
                "Size": {
                  "X": 76.0,
                  "Y": 76.0
                },
                "Name": "close",
                "ctype": "SpriteObjectData"
              },
              {
                "FileData": {
                  "Type": "Normal",
                  "Path": "image/ui/wxshop/di2.png",
                  "Plist": ""
                },
                "BlendFunc": {
                  "Src": 1,
                  "Dst": 771
                },
                "AnchorPoint": {
                  "ScaleX": 0.5,
                  "ScaleY": 0.5
                },
                "Position": {
                  "X": 640.0,
                  "Y": 608.0
                },
                "Scale": {
                  "ScaleX": 1.0,
                  "ScaleY": 1.0
                },
                "CColor": {},
                "IconVisible": false,
                "PositionPercentXEnabled": true,
                "PrePosition": {
                  "X": 0.5,
                  "Y": 0.8444
                },
                "PreSize": {
                  "X": 0.1883,
                  "Y": 0.0736
                },
                "LeftMargin": 519.5,
                "RightMargin": 519.5,
                "TopMargin": 85.5,
                "BottomMargin": 581.5,
                "Tag": 3780,
                "ActionTag": 848658453,
                "Size": {
                  "X": 241.0,
                  "Y": 53.0
                },
                "Name": "di2_3",
                "ctype": "SpriteObjectData"
              },
              {
                "ClipAble": false,
                "BackColorAlpha": 102,
                "SingleColor": {
                  "R": 150,
                  "G": 200
                },
                "FirstColor": {
                  "R": 150,
                  "G": 200
                },
                "EndColor": {},
                "ColorVector": {
                  "ScaleY": 1.0
                },
                "Scale9Width": 1,
                "Scale9Height": 1,
                "TouchEnable": true,
                "AnchorPoint": {},
                "Position": {
                  "X": 30.0,
                  "Y": 0.0
                },
                "Scale": {
                  "ScaleX": 1.0,
                  "ScaleY": 1.0
                },
                "CColor": {},
                "IconVisible": false,
                "PrePosition": {
                  "X": 0.0234,
                  "Y": 0.0
                },
                "PreSize": {
                  "X": 0.0781,
                  "Y": 0.1389
                },
                "LeftMargin": 30.0,
                "RightMargin": 1150.0,
                "TopMargin": 620.0,
                "Tag": 3540,
                "Children": [
                  {
                    "FileData": {
                      "Type": "Normal",
                      "Path": "image/ui/wxshop/zhaodaili.png",
                      "Plist": ""
                    },
                    "BlendFunc": {
                      "Src": 1,
                      "Dst": 771
                    },
                    "AnchorPoint": {
                      "ScaleX": 0.5,
                      "ScaleY": 0.5
                    },
                    "Position": {
                      "X": 790.6492,
                      "Y": 453.0
                    },
                    "Scale": {
                      "ScaleX": 1.0,
                      "ScaleY": 1.0
                    },
                    "CColor": {},
                    "IconVisible": false,
                    "PrePosition": {
                      "X": 7.9065,
                      "Y": 4.53
                    },
                    "PreSize": {
                      "X": 3.74,
                      "Y": 1.63
                    },
                    "LeftMargin": 603.6492,
                    "RightMargin": -877.6492,
                    "TopMargin": -434.5,
                    "BottomMargin": 371.5,
                    "Tag": 762,
                    "ActionTag": -996434185,
                    "Size": {
                      "X": 374.0,
                      "Y": 163.0
                    },
                    "Name": "bg0",
                    "ctype": "SpriteObjectData"
                  },
                  {
                    "FileData": {
                      "Type": "Normal",
                      "Path": "image/ui/wxshop/shurukuangbg.png",
                      "Plist": ""
                    },
                    "BlendFunc": {
                      "Src": 1,
                      "Dst": 771
                    },
                    "AnchorPoint": {
                      "ScaleX": 0.5,
                      "ScaleY": 0.5
                    },
                    "Position": {
                      "X": 790.6493,
                      "Y": 330.0
                    },
                    "Scale": {
                      "ScaleX": 1.0,
                      "ScaleY": 1.0
                    },
                    "CColor": {},
                    "IconVisible": false,
                    "PrePosition": {
                      "X": 7.9065,
                      "Y": 3.3
                    },
                    "PreSize": {
                      "X": 3.44,
                      "Y": 0.53
                    },
                    "LeftMargin": 618.6493,
                    "RightMargin": -862.6493,
                    "TopMargin": -256.5,
                    "BottomMargin": 303.5,
                    "Tag": 3541,
                    "ActionTag": 1067929157,
                    "Size": {
                      "X": 344.0,
                      "Y": 53.0
                    },
                    "Name": "bg1",
                    "ctype": "SpriteObjectData"
                  },
                  {
                    "FileData": {
                      "Type": "Normal",
                      "Path": "image/ui/wxshop/txt_info.png",
                      "Plist": ""
                    },
                    "BlendFunc": {
                      "Src": 1,
                      "Dst": 771
                    },
                    "AnchorPoint": {
                      "ScaleX": 0.5,
                      "ScaleY": 0.5
                    },
                    "Position": {
                      "X": 789.2207,
                      "Y": 243.0
                    },
                    "Scale": {
                      "ScaleX": 1.0,
                      "ScaleY": 1.0
                    },
                    "CColor": {},
                    "IconVisible": false,
                    "PrePosition": {
                      "X": 7.8922,
                      "Y": 2.43
                    },
                    "PreSize": {
                      "X": 4.13,
                      "Y": 0.58
                    },
                    "LeftMargin": 582.7207,
                    "RightMargin": -895.7207,
                    "TopMargin": -172.0,
                    "BottomMargin": 214.0,
                    "Tag": 761,
                    "Children": [
                      {
                        "FontSize": 20,
                        "LabelText": "绑定代理邀请码即可获得18张房卡！\n机会难得，先到先得！",
                        "HorizontalAlignmentType": "HT_Center",
                        "OutlineColor": {
                          "G": 0,
                          "B": 0
                        },
                        "ShadowColor": {
                          "R": 110,
                          "G": 110,
                          "B": 110
                        },
                        "ShadowOffsetX": 2.0,
                        "ShadowOffsetY": -2.0,
                        "AnchorPoint": {
                          "ScaleX": 0.5,
                          "ScaleY": 0.5
                        },
                        "Position": {
                          "X": 206.5,
                          "Y": 29.0
                        },
                        "Scale": {
                          "ScaleX": 1.0,
                          "ScaleY": 1.0
                        },
                        "CColor": {
                          "R": 253,
                          "G": 254,
                          "B": 174
                        },
                        "IconVisible": false,
                        "PositionPercentXEnabled": true,
                        "PositionPercentYEnabled": true,
                        "PrePosition": {
                          "X": 0.5,
                          "Y": 0.5
                        },
                        "PreSize": {
                          "X": 0.7821,
                          "Y": 0.7931
                        },
                        "LeftMargin": 45.0,
                        "RightMargin": 45.0,
                        "TopMargin": 6.0,
                        "BottomMargin": 6.0,
                        "Tag": 763,
                        "ActionTag": 1727339867,
                        "Size": {
                          "X": 323.0,
                          "Y": 46.0
                        },
                        "Name": "Text_1",
                        "ctype": "TextObjectData"
                      }
                    ],
                    "ActionTag": -805772780,
                    "Size": {
                      "X": 413.0,
                      "Y": 58.0
                    },
                    "Name": "bg2",
                    "ctype": "SpriteObjectData"
                  },
                  {
                    "FontResource": {
                      "Type": "Normal",
                      "Path": "image/fonts/FZZY.TTF",
                      "Plist": ""
                    },
                    "FontSize": 36,
                    "IsCustomSize": true,
                    "LabelText": "",
                    "PlaceHolderText": "",
                    "MaxLengthEnable": true,
                    "MaxLengthText": 68,
                    "TouchEnable": true,
                    "AnchorPoint": {
                      "ScaleX": 0.5,
                      "ScaleY": 0.5
                    },
                    "Position": {
                      "X": 794.2307,
                      "Y": 330.0
                    },
                    "Scale": {
                      "ScaleX": 1.0,
                      "ScaleY": 1.0
                    },
                    "CColor": {},
                    "IconVisible": false,
                    "PrePosition": {
                      "X": 7.9423,
                      "Y": 3.3
                    },
                    "PreSize": {
                      "X": 3.2,
                      "Y": 0.7
                    },
                    "LeftMargin": 634.2307,
                    "RightMargin": -854.2307,
                    "TopMargin": -265.0,
                    "BottomMargin": 295.0,
                    "Tag": 3542,
                    "ActionTag": 2057137448,
                    "Size": {
                      "X": 320.0,
                      "Y": 70.0
                    },
                    "Name": "input",
                    "ctype": "TextFieldObjectData"
                  },
                  {
                    "FileData": {
                      "Type": "Normal",
                      "Path": "image/ui/wxshop/sur.png",
                      "Plist": ""
                    },
                    "BlendFunc": {
                      "Src": 1,
                      "Dst": 771
                    },
                    "AnchorPoint": {
                      "ScaleX": 0.5,
                      "ScaleY": 0.5
                    },
                    "Position": {
                      "X": 781.8691,
                      "Y": 153.41
                    },
                    "Scale": {
                      "ScaleX": 1.0,
                      "ScaleY": 1.0
                    },
                    "CColor": {},
                    "IconVisible": false,
                    "PrePosition": {
                      "X": 7.8187,
                      "Y": 1.5341
                    },
                    "PreSize": {
                      "X": 2.06,
                      "Y": 0.83
                    },
                    "LeftMargin": 678.8691,
                    "RightMargin": -784.8691,
                    "TopMargin": -94.91,
                    "BottomMargin": 111.91,
                    "Tag": 3543,
                    "ActionTag": 818981106,
                    "Size": {
                      "X": 206.0,
                      "Y": 83.0
                    },
                    "Name": "btn_send",
                    "ctype": "SpriteObjectData"
                  },
                  {
                    "FontSize": 32,
                    "LabelText": "邀请码有误请重新输入",
                    "HorizontalAlignmentType": "HT_Center",
                    "OutlineColor": {
                      "R": 0,
                      "G": 0,
                      "B": 0
                    },
                    "ShadowColor": {
                      "R": 110,
                      "G": 110,
                      "B": 110
                    },
                    "ShadowOffsetX": 2.0,
                    "ShadowOffsetY": -2.0,
                    "AnchorPoint": {
                      "ScaleX": 0.5,
                      "ScaleY": 0.5
                    },
                    "Position": {
                      "X": 785.0812,
                      "Y": 278.1
                    },
                    "Scale": {
                      "ScaleX": 1.0,
                      "ScaleY": 1.0
                    },
                    "CColor": {
                      "G": 0,
                      "B": 0
                    },
                    "IconVisible": false,
                    "PrePosition": {
                      "X": 7.8508,
                      "Y": 2.781
                    },
                    "PreSize": {
                      "X": 3.2,
                      "Y": 0.37
                    },
                    "LeftMargin": 625.0812,
                    "RightMargin": -845.0812,
                    "TopMargin": -196.6,
                    "BottomMargin": 259.6,
                    "Tag": 3548,
                    "ActionTag": 2079958709,
                    "Size": {
                      "X": 320.0,
                      "Y": 37.0
                    },
                    "VisibleForFrame": false,
                    "Name": "chongxinshuru",
                    "ctype": "TextObjectData"
                  },
                  {
                    "FontSize": 40,
                    "LabelText": "点击输入邀请码",
                    "FontResource": {
                      "Type": "Normal",
                      "Path": "image/fonts/FZZY.TTF",
                      "Plist": ""
                    },
                    "OutlineColor": {
                      "G": 0,
                      "B": 0
                    },
                    "ShadowColor": {
                      "R": 110,
                      "G": 110,
                      "B": 110
                    },
                    "ShadowOffsetX": 2.0,
                    "ShadowOffsetY": -2.0,
                    "AnchorPoint": {
                      "ScaleX": 0.5,
                      "ScaleY": 0.5
                    },
                    "Position": {
                      "X": 787.9851,
                      "Y": 330.0
                    },
                    "Scale": {
                      "ScaleX": 0.8685,
                      "ScaleY": 1.0
                    },
                    "CColor": {},
                    "IconVisible": false,
                    "PrePosition": {
                      "X": 7.8799,
                      "Y": 3.3
                    },
                    "PreSize": {
                      "X": 2.81,
                      "Y": 0.45
                    },
                    "LeftMargin": 647.4851,
                    "RightMargin": -828.4851,
                    "TopMargin": -252.5,
                    "BottomMargin": 307.5,
                    "Tag": 693,
                    "ActionTag": 1734439923,
                    "Size": {
                      "X": 281.0,
                      "Y": 45.0
                    },
                    "Name": "tishi",
                    "ctype": "TextObjectData"
                  }
                ],
                "ActionTag": 176939631,
                "Size": {
                  "X": 100.0,
                  "Y": 100.0
                },
                "VisibleForFrame": false,
                "Name": "mask",
                "ctype": "PanelObjectData"
              },
              {
                "ClipAble": false,
                "BackColorAlpha": 102,
                "SingleColor": {
                  "R": 150,
                  "G": 200
                },
                "FirstColor": {
                  "R": 150,
                  "G": 200
                },
                "EndColor": {},
                "ColorVector": {
                  "ScaleY": 1.0
                },
                "Scale9Width": 1,
                "Scale9Height": 1,
                "TouchEnable": true,
                "AnchorPoint": {},
                "Position": {
                  "X": 20.0,
                  "Y": -20.0
                },
                "Scale": {
                  "ScaleX": 1.0,
                  "ScaleY": 1.0
                },
                "CColor": {},
                "IconVisible": false,
                "PrePosition": {
                  "X": 0.0156,
                  "Y": -0.0278
                },
                "PreSize": {
                  "X": 0.0781,
                  "Y": 0.1389
                },
                "LeftMargin": 20.0,
                "RightMargin": 1160.0,
                "TopMargin": 640.0,
                "BottomMargin": -20.0,
                "Tag": 473,
                "Children": [
                  {
                    "FileData": {
                      "Type": "Normal",
                      "Path": "image/ui/wxshop/bindbg.png",
                      "Plist": ""
                    },
                    "Scale9OriginX": 112,
                    "Scale9OriginY": 19,
                    "Scale9Width": 197,
                    "Scale9Height": 420,
                    "AnchorPoint": {
                      "ScaleX": 0.5,
                      "ScaleY": 0.5
                    },
                    "Position": {
                      "X": 798.0,
                      "Y": 351.0
                    },
                    "Scale": {
                      "ScaleX": 1.0,
                      "ScaleY": 1.0
                    },
                    "CColor": {},
                    "IconVisible": false,
                    "PrePosition": {
                      "X": 7.98,
                      "Y": 3.51
                    },
                    "PreSize": {
                      "X": 4.21,
                      "Y": 4.58
                    },
                    "LeftMargin": 587.5,
                    "RightMargin": -908.5,
                    "TopMargin": -480.0,
                    "BottomMargin": 122.0,
                    "Tag": 3783,
                    "ActionTag": -291949517,
                    "Size": {
                      "X": 421.0,
                      "Y": 458.0
                    },
                    "Name": "Image_1_0",
                    "ctype": "ImageViewObjectData"
                  },
                  {
                    "FileData": {
                      "Type": "Normal",
                      "Path": "image/ui/wxshop/txt_info_1.png",
                      "Plist": ""
                    },
                    "Scale9OriginX": 112,
                    "Scale9OriginY": 19,
                    "Scale9Width": 189,
                    "Scale9Height": 69,
                    "AnchorPoint": {
                      "ScaleX": 0.5,
                      "ScaleY": 0.5
                    },
                    "Position": {
                      "X": 796.9427,
                      "Y": 282.8573
                    },
                    "Scale": {
                      "ScaleX": 1.0,
                      "ScaleY": 1.0
                    },
                    "CColor": {},
                    "IconVisible": false,
                    "PrePosition": {
                      "X": 7.9694,
                      "Y": 2.8286
                    },
                    "PreSize": {
                      "X": 4.13,
                      "Y": 1.07
                    },
                    "LeftMargin": 590.4427,
                    "RightMargin": -903.4427,
                    "TopMargin": -236.3573,
                    "BottomMargin": 229.3573,
                    "Tag": 764,
                    "ActionTag": 1929885312,
                    "Size": {
                      "X": 413.0,
                      "Y": 107.0
                    },
                    "Name": "Image_bg",
                    "ctype": "ImageViewObjectData"
                  },
                  {
                    "FontSize": 30,
                    "LabelText": "邀请人",
                    "HorizontalAlignmentType": "HT_Center",
                    "OutlineColor": {
                      "R": 0,
                      "G": 0,
                      "B": 0
                    },
                    "ShadowColor": {
                      "R": 110,
                      "G": 110,
                      "B": 110
                    },
                    "ShadowOffsetX": 2.0,
                    "ShadowOffsetY": -2.0,
                    "AnchorPoint": {
                      "ScaleX": 0.5,
                      "ScaleY": 0.5
                    },
                    "Position": {
                      "X": 810.0,
                      "Y": 495.2073
                    },
                    "Scale": {
                      "ScaleX": 1.0,
                      "ScaleY": 1.0
                    },
                    "CColor": {
                      "R": 55,
                      "G": 66,
                      "B": 87
                    },
                    "IconVisible": false,
                    "PrePosition": {
                      "X": 8.1,
                      "Y": 4.9521
                    },
                    "PreSize": {
                      "X": 0.9,
                      "Y": 0.34
                    },
                    "LeftMargin": 765.0,
                    "RightMargin": -755.0,
                    "TopMargin": -412.2073,
                    "BottomMargin": 478.2073,
                    "Tag": 481,
                    "ActionTag": 687929070,
                    "Size": {
                      "X": 90.0,
                      "Y": 34.0
                    },
                    "Name": "yaoqingren",
                    "ctype": "TextObjectData"
                  },
                  {
                    "FontSize": 28,
                    "LabelText": "绑定成功！\n您已得到18张房卡奖励！",
                    "HorizontalAlignmentType": "HT_Center",
                    "OutlineColor": {
                      "R": 0,
                      "G": 0,
                      "B": 0
                    },
                    "ShadowColor": {
                      "R": 110,
                      "G": 110,
                      "B": 110
                    },
                    "ShadowOffsetX": 2.0,
                    "ShadowOffsetY": -2.0,
                    "AnchorPoint": {
                      "ScaleX": 0.5,
                      "ScaleY": 0.5
                    },
                    "Position": {
                      "X": 839.5842,
                      "Y": 281.6716
                    },
                    "Scale": {
                      "ScaleX": 1.0,
                      "ScaleY": 1.0
                    },
                    "CColor": {
                      "R": 241,
                      "G": 185,
                      "B": 35
                    },
                    "IconVisible": false,
                    "PrePosition": {
                      "X": 8.3958,
                      "Y": 2.8167
                    },
                    "PreSize": {
                      "X": 3.12,
                      "Y": 0.64
                    },
                    "LeftMargin": 683.5842,
                    "RightMargin": -895.5842,
                    "TopMargin": -213.6716,
                    "BottomMargin": 249.6716,
                    "Tag": 484,
                    "ActionTag": 159457469,
                    "Size": {
                      "X": 312.0,
                      "Y": 64.0
                    },
                    "Name": "maoshu_0_0",
                    "ctype": "TextObjectData"
                  },
                  {
                    "FontSize": 22,
                    "LabelText": "温馨提示:奖励会有延迟，请耐心等待",
                    "HorizontalAlignmentType": "HT_Center",
                    "OutlineColor": {
                      "R": 0,
                      "G": 0,
                      "B": 0
                    },
                    "ShadowColor": {
                      "R": 110,
                      "G": 110,
                      "B": 110
                    },
                    "ShadowOffsetX": 2.0,
                    "ShadowOffsetY": -2.0,
                    "AnchorPoint": {
                      "ScaleX": 0.5,
                      "ScaleY": 0.5
                    },
                    "Position": {
                      "X": 799.0,
                      "Y": 183.8236
                    },
                    "Scale": {
                      "ScaleX": 1.0,
                      "ScaleY": 1.0
                    },
                    "CColor": {
                      "R": 37,
                      "G": 42,
                      "B": 47
                    },
                    "IconVisible": false,
                    "PrePosition": {
                      "X": 7.99,
                      "Y": 1.8382
                    },
                    "PreSize": {
                      "X": 3.59,
                      "Y": 0.26
                    },
                    "LeftMargin": 619.5,
                    "RightMargin": -878.5,
                    "TopMargin": -96.8236,
                    "BottomMargin": 170.8236,
                    "Tag": 485,
                    "ActionTag": 1174509570,
                    "Size": {
                      "X": 359.0,
                      "Y": 26.0
                    },
                    "Name": "maoshu_0_0_0",
                    "ctype": "TextObjectData"
                  },
                  {
                    "FontSize": 24,
                    "LabelText": "昵称：",
                    "HorizontalAlignmentType": "HT_Center",
                    "OutlineColor": {
                      "R": 0,
                      "G": 0,
                      "B": 0
                    },
                    "ShadowColor": {
                      "R": 110,
                      "G": 110,
                      "B": 110
                    },
                    "ShadowOffsetX": 2.0,
                    "ShadowOffsetY": -2.0,
                    "AnchorPoint": {
                      "ScaleY": 0.5
                    },
                    "Position": {
                      "X": 768.0,
                      "Y": 423.037
                    },
                    "Scale": {
                      "ScaleX": 1.0,
                      "ScaleY": 1.0
                    },
                    "CColor": {
                      "R": 55,
                      "G": 66,
                      "B": 87
                    },
                    "IconVisible": false,
                    "PrePosition": {
                      "X": 7.68,
                      "Y": 4.2304
                    },
                    "PreSize": {
                      "X": 0.72,
                      "Y": 0.28
                    },
                    "LeftMargin": 768.0,
                    "RightMargin": -740.0,
                    "TopMargin": -337.037,
                    "BottomMargin": 409.037,
                    "Tag": 680,
                    "ActionTag": -48032162,
                    "Size": {
                      "X": 72.0,
                      "Y": 28.0
                    },
                    "Name": "id_0_0",
                    "ctype": "TextObjectData"
                  },
                  {
                    "FontSize": 24,
                    "LabelText": "ID:",
                    "HorizontalAlignmentType": "HT_Center",
                    "OutlineColor": {
                      "R": 0,
                      "G": 0,
                      "B": 0
                    },
                    "ShadowColor": {
                      "R": 110,
                      "G": 110,
                      "B": 110
                    },
                    "ShadowOffsetX": 2.0,
                    "ShadowOffsetY": -2.0,
                    "AnchorPoint": {
                      "ScaleY": 0.5
                    },
                    "Position": {
                      "X": 768.0,
                      "Y": 456.7502
                    },
                    "Scale": {
                      "ScaleX": 1.0,
                      "ScaleY": 1.0
                    },
                    "CColor": {
                      "R": 55,
                      "G": 66,
                      "B": 87
                    },
                    "IconVisible": false,
                    "PrePosition": {
                      "X": 7.68,
                      "Y": 4.5675
                    },
                    "PreSize": {
                      "X": 0.31,
                      "Y": 0.28
                    },
                    "LeftMargin": 768.0,
                    "RightMargin": -699.0,
                    "TopMargin": -370.7502,
                    "BottomMargin": 442.7502,
                    "Tag": 679,
                    "ActionTag": 282798660,
                    "Size": {
                      "X": 31.0,
                      "Y": 28.0
                    },
                    "Name": "id_0",
                    "ctype": "TextObjectData"
                  },
                  {
                    "FileData": {
                      "Type": "Normal",
                      "Path": "image/ui/wxshop/bangdingchenggong.png",
                      "Plist": ""
                    },
                    "BlendFunc": {
                      "Src": 1,
                      "Dst": 771
                    },
                    "AnchorPoint": {
                      "ScaleX": 0.5,
                      "ScaleY": 0.5
                    },
                    "Position": {
                      "X": 934.2765,
                      "Y": 506.9772
                    },
                    "Scale": {
                      "ScaleX": 1.0,
                      "ScaleY": 1.0
                    },
                    "CColor": {},
                    "IconVisible": false,
                    "PrePosition": {
                      "X": 9.3428,
                      "Y": 5.0698
                    },
                    "PreSize": {
                      "X": 1.24,
                      "Y": 1.26
                    },
                    "LeftMargin": 872.2765,
                    "RightMargin": -896.2765,
                    "TopMargin": -469.9772,
                    "BottomMargin": 443.9772,
                    "Tag": 681,
                    "ActionTag": 1967601940,
                    "Size": {
                      "X": 124.0,
                      "Y": 126.0
                    },
                    "Name": "Sprite_119",
                    "ctype": "SpriteObjectData"
                  },
                  {
                    "FileData": {
                      "Type": "Normal",
                      "Path": "appCommon/fydp/common/transparent/transparent_64x64.png",
                      "Plist": ""
                    },
                    "BlendFunc": {
                      "Src": 1,
                      "Dst": 771
                    },
                    "AnchorPoint": {
                      "ScaleX": 0.5,
                      "ScaleY": 0.5
                    },
                    "Position": {
                      "X": 694.5377,
                      "Y": 462.6472
                    },
                    "Scale": {
                      "ScaleX": 1.5,
                      "ScaleY": 1.5
                    },
                    "CColor": {},
                    "IconVisible": false,
                    "PrePosition": {
                      "X": 6.9454,
                      "Y": 4.6265
                    },
                    "PreSize": {
                      "X": 0.64,
                      "Y": 0.64
                    },
                    "LeftMargin": 662.5377,
                    "RightMargin": -626.5377,
                    "TopMargin": -394.6472,
                    "BottomMargin": 430.6472,
                    "Tag": 475,
                    "ActionTag": 800033984,
                    "Size": {
                      "X": 64.0,
                      "Y": 64.0
                    },
                    "Name": "head",
                    "ctype": "SpriteObjectData"
                  },
                  {
                    "FileData": {
                      "Type": "Normal",
                      "Path": "image/ui/wxshop/avatarBg.png",
                      "Plist": ""
                    },
                    "BlendFunc": {
                      "Src": 1,
                      "Dst": 771
                    },
                    "AnchorPoint": {
                      "ScaleX": 0.5144
                    },
                    "Position": {
                      "X": 695.8298,
                      "Y": 408.4604
                    },
                    "Scale": {
                      "ScaleX": 1.0,
                      "ScaleY": 1.0
                    },
                    "CColor": {},
                    "IconVisible": false,
                    "PrePosition": {
                      "X": 6.9583,
                      "Y": 4.0846
                    },
                    "PreSize": {
                      "X": 1.02,
                      "Y": 1.05
                    },
                    "LeftMargin": 643.361,
                    "RightMargin": -645.361,
                    "TopMargin": -413.4604,
                    "BottomMargin": 408.4604,
                    "Tag": 474,
                    "ActionTag": -1554659559,
                    "Size": {
                      "X": 102.0,
                      "Y": 105.0
                    },
                    "Name": "renwutouxiangkuang_6",
                    "ctype": "SpriteObjectData"
                  },
                  {
                    "FontSize": 24,
                    "LabelText": "123423",
                    "OutlineColor": {
                      "R": 0,
                      "G": 0,
                      "B": 0
                    },
                    "ShadowColor": {
                      "R": 110,
                      "G": 110,
                      "B": 110
                    },
                    "ShadowOffsetX": 2.0,
                    "ShadowOffsetY": -2.0,
                    "AnchorPoint": {
                      "ScaleY": 0.5
                    },
                    "Position": {
                      "X": 806.0,
                      "Y": 455.5594
                    },
                    "Scale": {
                      "ScaleX": 1.0,
                      "ScaleY": 1.0
                    },
                    "CColor": {
                      "R": 55,
                      "G": 66,
                      "B": 87
                    },
                    "IconVisible": false,
                    "PrePosition": {
                      "X": 8.06,
                      "Y": 4.5556
                    },
                    "PreSize": {
                      "X": 0.81,
                      "Y": 0.28
                    },
                    "LeftMargin": 806.0,
                    "RightMargin": -787.0,
                    "TopMargin": -369.5594,
                    "BottomMargin": 441.5594,
                    "Tag": 480,
                    "ActionTag": 1775884056,
                    "Size": {
                      "X": 81.0,
                      "Y": 28.0
                    },
                    "Name": "id",
                    "ctype": "TextObjectData"
                  },
                  {
                    "IsCustomSize": true,
                    "FontSize": 24,
                    "LabelText": "名字四字",
                    "FontResource": {
                      "Type": "Normal",
                      "Path": "image/fonts/FZZY.TTF",
                      "Plist": ""
                    },
                    "OutlineColor": {
                      "R": 0,
                      "G": 0,
                      "B": 0
                    },
                    "ShadowColor": {
                      "R": 110,
                      "G": 110,
                      "B": 110
                    },
                    "ShadowOffsetX": 2.0,
                    "ShadowOffsetY": -2.0,
                    "AnchorPoint": {
                      "ScaleY": 0.5
                    },
                    "Position": {
                      "X": 832.0,
                      "Y": 423.0376
                    },
                    "Scale": {
                      "ScaleX": 1.0,
                      "ScaleY": 1.0
                    },
                    "CColor": {
                      "R": 55,
                      "G": 66,
                      "B": 87
                    },
                    "IconVisible": false,
                    "PrePosition": {
                      "X": 8.32,
                      "Y": 4.2304
                    },
                    "PreSize": {
                      "X": 1.4,
                      "Y": 0.27
                    },
                    "LeftMargin": 832.0,
                    "RightMargin": -872.0,
                    "TopMargin": -336.5376,
                    "BottomMargin": 409.5376,
                    "Tag": 483,
                    "ActionTag": -1790957151,
                    "Size": {
                      "X": 140.0,
                      "Y": 27.0
                    },
                    "Name": "name",
                    "ctype": "TextObjectData"
                  }
                ],
                "ActionTag": 32395257,
                "Size": {
                  "X": 100.0,
                  "Y": 100.0
                },
                "VisibleForFrame": false,
                "Name": "bindingScusse",
                "ctype": "PanelObjectData"
              },
              {
                "ClipAble": false,
                "BackColorAlpha": 102,
                "SingleColor": {
                  "R": 150,
                  "G": 200
                },
                "FirstColor": {
                  "R": 150,
                  "G": 200
                },
                "EndColor": {},
                "ColorVector": {
                  "ScaleY": 1.0
                },
                "Scale9Width": 1,
                "Scale9Height": 1,
                "TouchEnable": true,
                "AnchorPoint": {},
                "Position": {
                  "X": 20.0,
                  "Y": -20.0
                },
                "Scale": {
                  "ScaleX": 1.0,
                  "ScaleY": 1.0
                },
                "CColor": {},
                "IconVisible": false,
                "PrePosition": {
                  "X": 0.0156,
                  "Y": -0.0278
                },
                "PreSize": {
                  "X": 0.0781,
                  "Y": 0.1389
                },
                "LeftMargin": 20.0,
                "RightMargin": 1160.0,
                "TopMargin": 640.0,
                "BottomMargin": -20.0,
                "Tag": 682,
                "Children": [
                  {
                    "FileData": {
                      "Type": "Normal",
                      "Path": "image/ui/wxshop/bindbg.png",
                      "Plist": ""
                    },
                    "BlendFunc": {
                      "Src": 1,
                      "Dst": 771
                    },
                    "AnchorPoint": {
                      "ScaleX": 0.5,
                      "ScaleY": 0.5
                    },
                    "Position": {
                      "X": 798.0,
                      "Y": 351.0
                    },
                    "Scale": {
                      "ScaleX": 1.0,
                      "ScaleY": 1.0
                    },
                    "CColor": {},
                    "IconVisible": false,
                    "PrePosition": {
                      "X": 7.98,
                      "Y": 3.51
                    },
                    "PreSize": {
                      "X": 4.21,
                      "Y": 4.58
                    },
                    "LeftMargin": 587.5,
                    "RightMargin": -908.5,
                    "TopMargin": -480.0,
                    "BottomMargin": 122.0,
                    "Tag": 1034,
                    "ActionTag": -1400619392,
                    "Size": {
                      "X": 421.0,
                      "Y": 458.0
                    },
                    "Name": "bindbg_1",
                    "ctype": "SpriteObjectData"
                  },
                  {
                    "FileData": {
                      "Type": "Normal",
                      "Path": "image/ui/wxshop/btn_cancel.png",
                      "Plist": ""
                    },
                    "BlendFunc": {
                      "Src": 1,
                      "Dst": 771
                    },
                    "AnchorPoint": {
                      "ScaleX": 0.5,
                      "ScaleY": 0.5
                    },
                    "Position": {
                      "X": 679.1124,
                      "Y": 162.1747
                    },
                    "Scale": {
                      "ScaleX": 1.0,
                      "ScaleY": 1.0
                    },
                    "CColor": {},
                    "IconVisible": false,
                    "PrePosition": {
                      "X": 6.7911,
                      "Y": 1.6217
                    },
                    "PreSize": {
                      "X": 2.1,
                      "Y": 0.61
                    },
                    "LeftMargin": 574.1124,
                    "RightMargin": -684.1124,
                    "TopMargin": -92.6747,
                    "BottomMargin": 131.6747,
                    "Tag": 461,
                    "ActionTag": 1822636555,
                    "Size": {
                      "X": 210.0,
                      "Y": 61.0
                    },
                    "Name": "btn_cancle",
                    "ctype": "SpriteObjectData"
                  },
                  {
                    "FileData": {
                      "Type": "Normal",
                      "Path": "image/ui/wxshop/btn_bangding.png",
                      "Plist": ""
                    },
                    "BlendFunc": {
                      "Src": 1,
                      "Dst": 771
                    },
                    "AnchorPoint": {
                      "ScaleX": 0.5,
                      "ScaleY": 0.5
                    },
                    "Position": {
                      "X": 917.8295,
                      "Y": 163.35
                    },
                    "Scale": {
                      "ScaleX": 1.0,
                      "ScaleY": 1.0
                    },
                    "CColor": {},
                    "IconVisible": false,
                    "PrePosition": {
                      "X": 9.1783,
                      "Y": 1.6335
                    },
                    "PreSize": {
                      "X": 2.1,
                      "Y": 0.61
                    },
                    "LeftMargin": 812.8295,
                    "RightMargin": -922.8295,
                    "TopMargin": -93.85,
                    "BottomMargin": 132.85,
                    "Tag": 213,
                    "ActionTag": 1928858906,
                    "Size": {
                      "X": 210.0,
                      "Y": 61.0
                    },
                    "Name": "btn_bangding",
                    "ctype": "SpriteObjectData"
                  },
                  {
                    "FontSize": 32,
                    "LabelText": "邀请人信息",
                    "FontResource": {
                      "Type": "Normal",
                      "Path": "image/fonts/FZZY.TTF",
                      "Plist": ""
                    },
                    "HorizontalAlignmentType": "HT_Center",
                    "OutlineColor": {
                      "R": 0,
                      "G": 0,
                      "B": 0
                    },
                    "ShadowColor": {
                      "R": 110,
                      "G": 110,
                      "B": 110
                    },
                    "ShadowOffsetX": 2.0,
                    "ShadowOffsetY": -2.0,
                    "AnchorPoint": {
                      "ScaleX": 0.5,
                      "ScaleY": 0.5
                    },
                    "Position": {
                      "X": 812.8198,
                      "Y": 503.3632
                    },
                    "Scale": {
                      "ScaleX": 1.0,
                      "ScaleY": 1.0
                    },
                    "CColor": {
                      "R": 55,
                      "G": 66,
                      "B": 87
                    },
                    "IconVisible": false,
                    "PrePosition": {
                      "X": 8.1282,
                      "Y": 5.0336
                    },
                    "PreSize": {
                      "X": 1.63,
                      "Y": 0.36
                    },
                    "LeftMargin": 731.3198,
                    "RightMargin": -794.3198,
                    "TopMargin": -421.3632,
                    "BottomMargin": 485.3632,
                    "Tag": 683,
                    "ActionTag": -1818300205,
                    "Size": {
                      "X": 163.0,
                      "Y": 36.0
                    },
                    "Name": "yaoqingren",
                    "ctype": "TextObjectData"
                  },
                  {
                    "FontSize": 28,
                    "LabelText": "昵称：",
                    "HorizontalAlignmentType": "HT_Center",
                    "OutlineColor": {
                      "R": 0,
                      "G": 0,
                      "B": 0
                    },
                    "ShadowColor": {
                      "R": 110,
                      "G": 110,
                      "B": 110
                    },
                    "ShadowOffsetX": 2.0,
                    "ShadowOffsetY": -2.0,
                    "AnchorPoint": {
                      "ScaleY": 0.5
                    },
                    "Position": {
                      "X": 681.5772,
                      "Y": 270.0178
                    },
                    "Scale": {
                      "ScaleX": 1.0,
                      "ScaleY": 1.0
                    },
                    "CColor": {
                      "R": 55,
                      "G": 66,
                      "B": 87
                    },
                    "IconVisible": false,
                    "PrePosition": {
                      "X": 6.8158,
                      "Y": 2.7002
                    },
                    "PreSize": {
                      "X": 0.84,
                      "Y": 0.32
                    },
                    "LeftMargin": 681.5772,
                    "RightMargin": -665.5772,
                    "TopMargin": -186.0178,
                    "BottomMargin": 254.0178,
                    "Tag": 686,
                    "ActionTag": 1350057843,
                    "Size": {
                      "X": 84.0,
                      "Y": 32.0
                    },
                    "Name": "id_0_0",
                    "ctype": "TextObjectData"
                  },
                  {
                    "FontSize": 28,
                    "LabelText": "ID:",
                    "HorizontalAlignmentType": "HT_Center",
                    "OutlineColor": {
                      "R": 0,
                      "G": 0,
                      "B": 0
                    },
                    "ShadowColor": {
                      "R": 110,
                      "G": 110,
                      "B": 110
                    },
                    "ShadowOffsetX": 2.0,
                    "ShadowOffsetY": -2.0,
                    "AnchorPoint": {
                      "ScaleY": 0.5
                    },
                    "Position": {
                      "X": 683.1704,
                      "Y": 306.9167
                    },
                    "Scale": {
                      "ScaleX": 1.0,
                      "ScaleY": 1.0
                    },
                    "CColor": {
                      "R": 55,
                      "G": 66,
                      "B": 87
                    },
                    "IconVisible": false,
                    "PrePosition": {
                      "X": 6.8317,
                      "Y": 3.0692
                    },
                    "PreSize": {
                      "X": 0.36,
                      "Y": 0.32
                    },
                    "LeftMargin": 683.1704,
                    "RightMargin": -619.1704,
                    "TopMargin": -222.9167,
                    "BottomMargin": 290.9167,
                    "Tag": 687,
                    "ActionTag": -1356683004,
                    "Size": {
                      "X": 36.0,
                      "Y": 32.0
                    },
                    "Name": "id_0",
                    "ctype": "TextObjectData"
                  },
                  {
                    "FileData": {
                      "Type": "Normal",
                      "Path": "appCommon/fydp/common/transparent/transparent_64x64.png",
                      "Plist": ""
                    },
                    "BlendFunc": {
                      "Src": 1,
                      "Dst": 771
                    },
                    "AnchorPoint": {
                      "ScaleX": 0.5,
                      "ScaleY": 0.5
                    },
                    "Position": {
                      "X": 821.4067,
                      "Y": 373.7868
                    },
                    "Scale": {
                      "ScaleX": 1.5,
                      "ScaleY": 1.5
                    },
                    "CColor": {},
                    "IconVisible": false,
                    "PrePosition": {
                      "X": 8.2141,
                      "Y": 3.7379
                    },
                    "PreSize": {
                      "X": 0.64,
                      "Y": 0.64
                    },
                    "LeftMargin": 789.4067,
                    "RightMargin": -753.4067,
                    "TopMargin": -305.7868,
                    "BottomMargin": 341.7868,
                    "Tag": 689,
                    "ActionTag": 2044602268,
                    "Size": {
                      "X": 64.0,
                      "Y": 64.0
                    },
                    "Name": "head",
                    "ctype": "SpriteObjectData"
                  },
                  {
                    "FileData": {
                      "Type": "Normal",
                      "Path": "image/ui/wxshop/avatarBg.png",
                      "Plist": ""
                    },
                    "BlendFunc": {
                      "Src": 1,
                      "Dst": 771
                    },
                    "AnchorPoint": {
                      "ScaleX": 0.5144
                    },
                    "Position": {
                      "X": 815.0688,
                      "Y": 357.682
                    },
                    "Scale": {
                      "ScaleX": 1.0,
                      "ScaleY": 1.0
                    },
                    "CColor": {},
                    "IconVisible": false,
                    "PrePosition": {
                      "X": 8.1507,
                      "Y": 3.5768
                    },
                    "PreSize": {
                      "X": 1.02,
                      "Y": 1.05
                    },
                    "LeftMargin": 762.6,
                    "RightMargin": -764.6,
                    "TopMargin": -362.682,
                    "BottomMargin": 357.682,
                    "Tag": 690,
                    "ActionTag": -684006827,
                    "Size": {
                      "X": 102.0,
                      "Y": 105.0
                    },
                    "Name": "renwutouxiangkuang_6",
                    "ctype": "SpriteObjectData"
                  },
                  {
                    "FontSize": 28,
                    "LabelText": "123423",
                    "OutlineColor": {
                      "R": 0,
                      "G": 0,
                      "B": 0
                    },
                    "ShadowColor": {
                      "R": 110,
                      "G": 110,
                      "B": 110
                    },
                    "ShadowOffsetX": 2.0,
                    "ShadowOffsetY": -2.0,
                    "AnchorPoint": {
                      "ScaleY": 0.5
                    },
                    "Position": {
                      "X": 738.8865,
                      "Y": 305.7254
                    },
                    "Scale": {
                      "ScaleX": 1.0,
                      "ScaleY": 1.0
                    },
                    "CColor": {
                      "R": 55,
                      "G": 66,
                      "B": 87
                    },
                    "IconVisible": false,
                    "PrePosition": {
                      "X": 7.3889,
                      "Y": 3.0573
                    },
                    "PreSize": {
                      "X": 0.94,
                      "Y": 0.32
                    },
                    "LeftMargin": 738.8865,
                    "RightMargin": -732.8865,
                    "TopMargin": -221.7254,
                    "BottomMargin": 289.7254,
                    "Tag": 691,
                    "ActionTag": 1815687975,
                    "Size": {
                      "X": 94.0,
                      "Y": 32.0
                    },
                    "Name": "id",
                    "ctype": "TextObjectData"
                  },
                  {
                    "FontSize": 28,
                    "LabelText": "名字预留七个字",
                    "OutlineColor": {
                      "R": 0,
                      "G": 0,
                      "B": 0
                    },
                    "ShadowColor": {
                      "R": 110,
                      "G": 110,
                      "B": 110
                    },
                    "ShadowOffsetX": 2.0,
                    "ShadowOffsetY": -2.0,
                    "AnchorPoint": {
                      "ScaleY": 0.5
                    },
                    "Position": {
                      "X": 764.9786,
                      "Y": 270.0178
                    },
                    "Scale": {
                      "ScaleX": 1.0,
                      "ScaleY": 1.0
                    },
                    "CColor": {
                      "R": 55,
                      "G": 66,
                      "B": 87
                    },
                    "IconVisible": false,
                    "PrePosition": {
                      "X": 7.6498,
                      "Y": 2.7002
                    },
                    "PreSize": {
                      "X": 1.96,
                      "Y": 0.32
                    },
                    "LeftMargin": 764.9786,
                    "RightMargin": -860.9786,
                    "TopMargin": -186.0178,
                    "BottomMargin": 254.0178,
                    "Tag": 692,
                    "ActionTag": 2120854828,
                    "Size": {
                      "X": 196.0,
                      "Y": 32.0
                    },
                    "Name": "name",
                    "ctype": "TextObjectData"
                  }
                ],
                "ActionTag": 1331295830,
                "Size": {
                  "X": 100.0,
                  "Y": 100.0
                },
                "Name": "binding",
                "ctype": "PanelObjectData"
              }
            ],
            "ActionTag": 1517523822,
            "Size": {
              "X": 1280.0,
              "Y": 720.0
            },
            "Name": "root",
            "ctype": "PanelObjectData"
          }
        ],
        "Size": {
          "X": 960.0,
          "Y": 640.0
        },
        "Name": "Scene",
        "ctype": "SingleNodeObjectData"
      },
      "UsedResources": [
        "../../appCommon/fydp/common/transparent/transparent_64x64.png",
        "../../image/fonts/FZZY.TTF",
        "../../image/ui/room2/room_join_close.png",
        "../../image/ui/wxshop/avatarBg.png",
        "../../image/ui/wxshop/bangdingchenggong.png",
        "../../image/ui/wxshop/bangdingtishi.png",
        "../../image/ui/wxshop/bindbg.png",
        "../../image/ui/wxshop/btn_bangding.png",
        "../../image/ui/wxshop/btn_cancel.png",
        "../../image/ui/wxshop/di2.png",
        "../../image/ui/wxshop/shurukuangbg.png",
        "../../image/ui/wxshop/sur.png",
        "../../image/ui/wxshop/txt_info.png",
        "../../image/ui/wxshop/txt_info_1.png",
        "../../image/ui/wxshop/zhaodaili.png"
      ],
      "ctype": "GameFileData"
    }
  },
  "Type": "Scene"
}