{
  "ID": "f47e36d2-90eb-4b7e-b453-64df49e9a7fa",
  "Version": "2.3.4",
  "Name": "WxShopItem2",
  "Content": {
    "Content": {
      "Animation": {
        "Duration": 0,
        "Speed": 1.0,
        "Timelines": [],
        "ctype": "TimelineActionData"
      },
      "AnimationList": [],
      "ObjectData": {
        "Tag": 323,
        "Children": [
          {
            "FileData": {
              "Type": "Normal",
              "Path": "image/ui/wxshop/tiaobg.png",
              "Plist": ""
            },
            "BlendFunc": {
              "Src": 1,
              "Dst": 771
            },
            "AnchorPoint": {
              "ScaleX": 0.5,
              "ScaleY": 0.5
            },
            "Position": {
              "X": 446.7782,
              "Y": 31.4905
            },
            "Scale": {
              "ScaleX": 0.93,
              "ScaleY": 1.0
            },
            "CColor": {},
            "IconVisible": false,
            "PrePosition": {
              "X": 0.4975,
              "Y": 0.5248
            },
            "PreSize": {
              "X": 1.0668,
              "Y": 0.9833
            },
            "LeftMargin": -32.2218,
            "RightMargin": -27.7782,
            "TopMargin": -0.9905,
            "BottomMargin": 1.9905,
            "Tag": 3461,
            "ActionTag": -1622970354,
            "Size": {
              "X": 958.0,
              "Y": 59.0
            },
            "Name": "bg",
            "ctype": "SpriteObjectData"
          },
          {
            "FontSize": 30,
            "LabelText": "8888888888",
            "HorizontalAlignmentType": "HT_Center",
            "OutlineColor": {
              "R": 0,
              "G": 0,
              "B": 0
            },
            "ShadowColor": {
              "R": 110,
              "G": 110,
              "B": 110
            },
            "ShadowOffsetX": 2.0,
            "ShadowOffsetY": -2.0,
            "AnchorPoint": {
              "ScaleX": 0.5,
              "ScaleY": 0.5
            },
            "Position": {
              "X": 107.848,
              "Y": 28.7648
            },
            "Scale": {
              "ScaleX": 1.0,
              "ScaleY": 1.0
            },
            "CColor": {
              "R": 163,
              "G": 86,
              "B": 34
            },
            "IconVisible": false,
            "PrePosition": {
              "X": 0.1201,
              "Y": 0.4794
            },
            "PreSize": {
              "X": 0.186,
              "Y": 0.5667
            },
            "LeftMargin": 24.348,
            "RightMargin": 706.652,
            "TopMargin": 14.2352,
            "BottomMargin": 11.7648,
            "Tag": 328,
            "ActionTag": 28152261,
            "Size": {
              "X": 167.0,
              "Y": 34.0
            },
            "Name": "order",
            "ctype": "TextObjectData"
          },
          {
            "FontSize": 30,
            "LabelText": "张一元:",
            "HorizontalAlignmentType": "HT_Center",
            "OutlineColor": {
              "R": 0,
              "G": 0,
              "B": 0
            },
            "ShadowColor": {
              "R": 110,
              "G": 110,
              "B": 110
            },
            "ShadowOffsetX": 2.0,
            "ShadowOffsetY": -2.0,
            "AnchorPoint": {
              "ScaleX": 0.5,
              "ScaleY": 0.5
            },
            "Position": {
              "X": 284.1134,
              "Y": 30.5729
            },
            "Scale": {
              "ScaleX": 1.0,
              "ScaleY": 1.0
            },
            "CColor": {
              "R": 163,
              "G": 86,
              "B": 34
            },
            "IconVisible": false,
            "PrePosition": {
              "X": 0.3164,
              "Y": 0.5095
            },
            "PreSize": {
              "X": 0.1102,
              "Y": 0.5667
            },
            "LeftMargin": 234.6134,
            "RightMargin": 564.3866,
            "TopMargin": 12.4271,
            "BottomMargin": 13.5729,
            "Tag": 3462,
            "ActionTag": -118907725,
            "Size": {
              "X": 99.0,
              "Y": 34.0
            },
            "Name": "money",
            "ctype": "TextObjectData"
          },
          {
            "FontSize": 30,
            "LabelText": "张一元:",
            "HorizontalAlignmentType": "HT_Center",
            "OutlineColor": {
              "R": 0,
              "G": 0,
              "B": 0
            },
            "ShadowColor": {
              "R": 110,
              "G": 110,
              "B": 110
            },
            "ShadowOffsetX": 2.0,
            "ShadowOffsetY": -2.0,
            "AnchorPoint": {
              "ScaleX": 0.5,
              "ScaleY": 0.5
            },
            "Position": {
              "X": 460.1555,
              "Y": 28.4462
            },
            "Scale": {
              "ScaleX": 1.0,
              "ScaleY": 1.0
            },
            "CColor": {
              "R": 163,
              "G": 86,
              "B": 34
            },
            "IconVisible": false,
            "PrePosition": {
              "X": 0.5124,
              "Y": 0.4741
            },
            "PreSize": {
              "X": 0.1102,
              "Y": 0.5667
            },
            "LeftMargin": 410.6555,
            "RightMargin": 388.3445,
            "TopMargin": 14.5538,
            "BottomMargin": 11.4462,
            "Tag": 3463,
            "ActionTag": -1130058479,
            "Size": {
              "X": 99.0,
              "Y": 34.0
            },
            "Name": "id",
            "ctype": "TextObjectData"
          },
          {
            "FontSize": 30,
            "LabelText": "充值成功",
            "OutlineColor": {
              "G": 0,
              "B": 0
            },
            "ShadowColor": {
              "R": 110,
              "G": 110,
              "B": 110
            },
            "ShadowOffsetX": 2.0,
            "ShadowOffsetY": -2.0,
            "AnchorPoint": {
              "ScaleX": 0.5,
              "ScaleY": 0.5
            },
            "Position": {
              "X": 635.9923,
              "Y": 29.5225
            },
            "Scale": {
              "ScaleX": 1.0,
              "ScaleY": 1.0
            },
            "CColor": {},
            "IconVisible": false,
            "PrePosition": {
              "X": 0.7082,
              "Y": 0.492
            },
            "PreSize": {
              "X": 0.1336,
              "Y": 0.5667
            },
            "LeftMargin": 575.9923,
            "RightMargin": 202.0077,
            "TopMargin": 13.4775,
            "BottomMargin": 12.5225,
            "Tag": 3465,
            "ActionTag": -626090848,
            "Size": {
              "X": 120.0,
              "Y": 34.0
            },
            "Name": "statu",
            "ctype": "TextObjectData"
          },
          {
            "FontSize": 30,
            "LabelText": "03/04 22:5512312312",
            "OutlineColor": {
              "G": 0,
              "B": 0
            },
            "ShadowColor": {
              "R": 110,
              "G": 110,
              "B": 110
            },
            "ShadowOffsetX": 2.0,
            "ShadowOffsetY": -2.0,
            "AnchorPoint": {
              "ScaleY": 0.5
            },
            "Position": {
              "X": 720.46,
              "Y": 29.3235
            },
            "Scale": {
              "ScaleX": 1.0,
              "ScaleY": 1.0
            },
            "CColor": {
              "R": 163,
              "G": 86,
              "B": 34
            },
            "IconVisible": false,
            "PrePosition": {
              "X": 0.8023,
              "Y": 0.4887
            },
            "PreSize": {
              "X": 0.3252,
              "Y": 0.5667
            },
            "LeftMargin": 720.46,
            "RightMargin": -114.46,
            "TopMargin": 13.6765,
            "BottomMargin": 12.3235,
            "Tag": 76,
            "ActionTag": -1703919842,
            "Size": {
              "X": 292.0,
              "Y": 34.0
            },
            "Name": "time",
            "ctype": "TextObjectData"
          }
        ],
        "Size": {
          "X": 898.0,
          "Y": 60.0
        },
        "Name": "Layer",
        "ctype": "LayerObjectData"
      },
      "UsedResources": [
        "../../image/ui/wxshop/tiaobg.png"
      ],
      "ctype": "GameFileData"
    }
  },
  "Type": "Layer"
}