{
  "ID": "ee338052-8b40-4559-b1c0-21e3cdf0549e",
  "Version": "2.3.4",
  "Name": "WxShopLayer",
  "Content": {
    "Content": {
      "Animation": {
        "Duration": 0,
        "Speed": 1.0,
        "Timelines": [],
        "ctype": "TimelineActionData"
      },
      "AnimationList": [],
      "ObjectData": {
        "Tag": 203,
        "Children": [
          {
            "ClipAble": false,
            "BackColorAlpha": 102,
            "SingleColor": {
              "R": 150,
              "G": 200
            },
            "FirstColor": {
              "R": 150,
              "G": 200
            },
            "EndColor": {},
            "ColorVector": {
              "ScaleY": 1.0
            },
            "Scale9Width": 1,
            "Scale9Height": 1,
            "TouchEnable": true,
            "AnchorPoint": {
              "ScaleX": 0.5,
              "ScaleY": 0.5
            },
            "Position": {
              "X": 640.0,
              "Y": 360.0
            },
            "Scale": {
              "ScaleX": 1.0,
              "ScaleY": 1.0
            },
            "CColor": {},
            "IconVisible": false,
            "PrePosition": {
              "X": 0.5,
              "Y": 0.5
            },
            "PreSize": {
              "X": 1.0,
              "Y": 1.0
            },
            "Tag": 3755,
            "Children": [
              {
                "FileData": {
                  "Type": "Normal",
                  "Path": "image/ui/wxshop/shop_bg.png",
                  "Plist": ""
                },
                "BlendFunc": {
                  "Src": 770,
                  "Dst": 771
                },
                "AnchorPoint": {
                  "ScaleX": 0.5,
                  "ScaleY": 0.5
                },
                "Position": {
                  "X": 640.0,
                  "Y": 360.0
                },
                "Scale": {
                  "ScaleX": 1.0,
                  "ScaleY": 1.0
                },
                "CColor": {},
                "IconVisible": false,
                "PositionPercentXEnabled": true,
                "PositionPercentYEnabled": true,
                "PrePosition": {
                  "X": 0.5,
                  "Y": 0.5
                },
                "PreSize": {
                  "X": 1.0,
                  "Y": 1.0
                },
                "Tag": 3698,
                "ActionTag": -2027772099,
                "Size": {
                  "X": 1280.0,
                  "Y": 720.0
                },
                "Name": "shop_bg_13",
                "ctype": "SpriteObjectData"
              },
              {
                "FileData": {
                  "Type": "Normal",
                  "Path": "image/ui/common/back.png",
                  "Plist": ""
                },
                "BlendFunc": {
                  "Src": 1,
                  "Dst": 771
                },
                "AnchorPoint": {
                  "ScaleX": 0.5,
                  "ScaleY": 0.5
                },
                "Position": {
                  "X": 52.9093,
                  "Y": 674.8761
                },
                "Scale": {
                  "ScaleX": 1.0,
                  "ScaleY": 1.0
                },
                "CColor": {},
                "IconVisible": false,
                "PrePosition": {
                  "X": 0.0413,
                  "Y": 0.9373
                },
                "PreSize": {
                  "X": 0.0617,
                  "Y": 0.1097
                },
                "LeftMargin": 13.4093,
                "RightMargin": 1187.5907,
                "TopMargin": 5.6239,
                "BottomMargin": 635.3761,
                "Tag": 359,
                "ActionTag": -1841204478,
                "Size": {
                  "X": 79.0,
                  "Y": 79.0
                },
                "Name": "close",
                "ctype": "SpriteObjectData"
              },
              {
                "FileData": {
                  "Type": "Normal",
                  "Path": "image/ui/wxshop/title.png",
                  "Plist": ""
                },
                "BlendFunc": {
                  "Src": 1,
                  "Dst": 771
                },
                "AnchorPoint": {
                  "ScaleX": 0.5,
                  "ScaleY": 0.5
                },
                "Position": {
                  "X": 602.0495,
                  "Y": 664.9154
                },
                "Scale": {
                  "ScaleX": 1.0,
                  "ScaleY": 1.0
                },
                "CColor": {},
                "IconVisible": false,
                "PrePosition": {
                  "X": 0.4704,
                  "Y": 0.9235
                },
                "PreSize": {
                  "X": 0.4297,
                  "Y": 0.1847
                },
                "LeftMargin": 327.0495,
                "RightMargin": 402.9505,
                "TopMargin": -11.4154,
                "BottomMargin": 598.4154,
                "Tag": 3751,
                "ActionTag": 2112832219,
                "Size": {
                  "X": 550.0,
                  "Y": 133.0
                },
                "Name": "title",
                "ctype": "SpriteObjectData"
              },
              {
                "FontSize": 30,
                "LabelText": "充值记录",
                "FontResource": {
                  "Type": "Normal",
                  "Path": "image/fonts/FZZY.TTF",
                  "Plist": ""
                },
                "OutlineColor": {
                  "R": 0,
                  "G": 0,
                  "B": 0
                },
                "ShadowColor": {
                  "R": 110,
                  "G": 110,
                  "B": 110
                },
                "ShadowOffsetX": 2.0,
                "ShadowOffsetY": -2.0,
                "AnchorPoint": {
                  "ScaleX": 0.5,
                  "ScaleY": 0.5
                },
                "Position": {
                  "X": 1199.8884,
                  "Y": 666.8873
                },
                "Scale": {
                  "ScaleX": 1.0,
                  "ScaleY": 1.0
                },
                "CColor": {},
                "IconVisible": false,
                "PrePosition": {
                  "X": 0.9374,
                  "Y": 0.9262
                },
                "PreSize": {
                  "X": 0.0961,
                  "Y": 0.0472
                },
                "LeftMargin": 1138.3884,
                "RightMargin": 18.6116,
                "TopMargin": 36.1127,
                "BottomMargin": 649.8873,
                "Tag": 3750,
                "ActionTag": -579998237,
                "Size": {
                  "X": 123.0,
                  "Y": 34.0
                },
                "Name": "chongzhijilu",
                "ctype": "TextObjectData"
              },
              {
                "FontSize": 28,
                "LabelText": "100000",
                "FontResource": {
                  "Type": "Normal",
                  "Path": "image/fonts/FZZY.TTF",
                  "Plist": ""
                },
                "HorizontalAlignmentType": "HT_Center",
                "VerticalAlignmentType": "VT_Center",
                "OutlineColor": {
                  "R": 0,
                  "G": 0,
                  "B": 0
                },
                "OutlineEnabled": true,
                "ShadowColor": {
                  "R": 110,
                  "G": 110,
                  "B": 110
                },
                "ShadowOffsetX": 2.0,
                "ShadowOffsetY": -2.0,
                "AnchorPoint": {
                  "ScaleX": 0.5,
                  "ScaleY": 0.5
                },
                "Position": {
                  "X": 1025.792,
                  "Y": 667.584
                },
                "Scale": {
                  "ScaleX": 1.0,
                  "ScaleY": 1.0
                },
                "CColor": {},
                "IconVisible": false,
                "PositionPercentXEnabled": true,
                "PositionPercentYEnabled": true,
                "PrePosition": {
                  "X": 0.8014,
                  "Y": 0.9272
                },
                "PreSize": {
                  "X": 0.0695,
                  "Y": 0.0472
                },
                "LeftMargin": 981.292,
                "RightMargin": 209.708,
                "TopMargin": 35.416,
                "BottomMargin": 650.584,
                "Tag": 3748,
                "ActionTag": 888188066,
                "Size": {
                  "X": 89.0,
                  "Y": 34.0
                },
                "Name": "txtCount",
                "ctype": "TextObjectData"
              },
              {
                "FileData": {
                  "Type": "Normal",
                  "Path": "image/ui/room2/fangka_bg.png",
                  "Plist": ""
                },
                "BlendFunc": {
                  "Src": 1,
                  "Dst": 771
                },
                "AnchorPoint": {
                  "ScaleX": 0.5,
                  "ScaleY": 0.5
                },
                "Position": {
                  "X": 930.6714,
                  "Y": 668.2783
                },
                "Scale": {
                  "ScaleX": 1.0,
                  "ScaleY": 1.0
                },
                "CColor": {},
                "IconVisible": false,
                "PrePosition": {
                  "X": 0.7271,
                  "Y": 0.9282
                },
                "PreSize": {
                  "X": 0.0508,
                  "Y": 0.0583
                },
                "LeftMargin": 898.1714,
                "RightMargin": 316.8286,
                "TopMargin": 30.7217,
                "BottomMargin": 647.2783,
                "Tag": 3749,
                "ActionTag": -1185864728,
                "Size": {
                  "X": 65.0,
                  "Y": 42.0
                },
                "Name": "hall_card_3",
                "ctype": "SpriteObjectData"
              },
              {
                "AnchorPoint": {},
                "Position": {
                  "X": 758.144,
                  "Y": 376.488
                },
                "Scale": {
                  "ScaleX": 1.0,
                  "ScaleY": 1.0
                },
                "CColor": {},
                "IconVisible": true,
                "PositionPercentXEnabled": true,
                "PositionPercentYEnabled": true,
                "PrePosition": {
                  "X": 0.5923,
                  "Y": 0.5229
                },
                "PreSize": {
                  "X": 0.0,
                  "Y": 0.0
                },
                "LeftMargin": 758.144,
                "RightMargin": 521.856,
                "TopMargin": 343.512,
                "BottomMargin": 376.488,
                "Tag": 2676,
                "Children": [
                  {
                    "ScrollDirectionType": 0,
                    "ClipAble": true,
                    "BackColorAlpha": 102,
                    "SingleColor": {
                      "R": 150,
                      "G": 150
                    },
                    "FirstColor": {
                      "R": 150,
                      "G": 150
                    },
                    "EndColor": {},
                    "ColorVector": {
                      "ScaleY": 1.0
                    },
                    "Scale9Width": 1,
                    "Scale9Height": 1,
                    "TouchEnable": true,
                    "AnchorPoint": {},
                    "Position": {
                      "X": -412.1964,
                      "Y": -208.7224
                    },
                    "Scale": {
                      "ScaleX": 1.0,
                      "ScaleY": 1.0
                    },
                    "CColor": {},
                    "IconVisible": false,
                    "PrePosition": {
                      "X": 0.0,
                      "Y": 0.0
                    },
                    "PreSize": {
                      "X": 0.0,
                      "Y": 0.0
                    },
                    "LeftMargin": -412.1964,
                    "RightMargin": -517.8036,
                    "TopMargin": -191.2776,
                    "BottomMargin": -208.7224,
                    "Tag": 2608,
                    "ActionTag": -1570743102,
                    "Size": {
                      "X": 930.0,
                      "Y": 400.0
                    },
                    "Name": "ListView_1",
                    "ctype": "ListViewObjectData"
                  },
                  {
                    "FileData": {
                      "Type": "Normal",
                      "Path": "image/ui/wxshop/yaoqingma.png",
                      "Plist": ""
                    },
                    "BlendFunc": {
                      "Src": 1,
                      "Dst": 771
                    },
                    "AnchorPoint": {
                      "ScaleX": 0.5,
                      "ScaleY": 0.5
                    },
                    "Position": {
                      "X": 414.0464,
                      "Y": -333.3882
                    },
                    "Scale": {
                      "ScaleX": 1.0,
                      "ScaleY": 1.0
                    },
                    "CColor": {},
                    "IconVisible": false,
                    "PrePosition": {
                      "X": 0.0,
                      "Y": 0.0
                    },
                    "PreSize": {
                      "X": 0.0,
                      "Y": 0.0
                    },
                    "LeftMargin": 329.0464,
                    "RightMargin": -499.0464,
                    "TopMargin": 305.3882,
                    "BottomMargin": -361.3882,
                    "Tag": 3448,
                    "ActionTag": -1139444269,
                    "Size": {
                      "X": 170.0,
                      "Y": 56.0
                    },
                    "Name": "invite",
                    "ctype": "SpriteObjectData"
                  },
                  {
                    "FileData": {
                      "Type": "Normal",
                      "Path": "image/ui/wxshop/shouyaowanjia.png",
                      "Plist": ""
                    },
                    "BlendFunc": {
                      "Src": 1,
                      "Dst": 771
                    },
                    "AnchorPoint": {
                      "ScaleX": 0.5,
                      "ScaleY": 0.5
                    },
                    "Position": {
                      "X": -0.6509,
                      "Y": 209.6152
                    },
                    "Scale": {
                      "ScaleX": 1.0,
                      "ScaleY": 1.0
                    },
                    "CColor": {},
                    "IconVisible": false,
                    "PrePosition": {
                      "X": 0.0,
                      "Y": 0.0
                    },
                    "PreSize": {
                      "X": 0.0,
                      "Y": 0.0
                    },
                    "LeftMargin": -182.6509,
                    "RightMargin": -181.3491,
                    "TopMargin": -229.6152,
                    "BottomMargin": 189.6152,
                    "Tag": 3492,
                    "ActionTag": -924560512,
                    "Size": {
                      "X": 364.0,
                      "Y": 40.0
                    },
                    "VisibleForFrame": false,
                    "Name": "bindingPlayer",
                    "ctype": "SpriteObjectData"
                  }
                ],
                "ActionTag": -1606147903,
                "Size": {
                  "X": 0.0,
                  "Y": 0.0
                },
                "Name": "node1",
                "ctype": "SingleNodeObjectData"
              },
              {
                "AnchorPoint": {},
                "Position": {
                  "X": 724.608,
                  "Y": 268.992
                },
                "Scale": {
                  "ScaleX": 1.0,
                  "ScaleY": 1.0
                },
                "CColor": {},
                "IconVisible": true,
                "PositionPercentXEnabled": true,
                "PositionPercentYEnabled": true,
                "PrePosition": {
                  "X": 0.5661,
                  "Y": 0.3736
                },
                "PreSize": {
                  "X": 0.0,
                  "Y": 0.0
                },
                "LeftMargin": 724.608,
                "RightMargin": 555.392,
                "TopMargin": 451.008,
                "BottomMargin": 268.992,
                "Tag": 2677,
                "Children": [
                  {
                    "FileData": {
                      "Type": "Normal",
                      "Path": "image/ui/wxshop/tiao.png",
                      "Plist": ""
                    },
                    "BlendFunc": {
                      "Src": 1,
                      "Dst": 771
                    },
                    "AnchorPoint": {
                      "ScaleX": 0.5,
                      "ScaleY": 0.5
                    },
                    "Position": {
                      "X": 81.0988,
                      "Y": 277.5246
                    },
                    "Scale": {
                      "ScaleX": 1.0,
                      "ScaleY": 1.0
                    },
                    "CColor": {},
                    "IconVisible": false,
                    "PrePosition": {
                      "X": 0.0,
                      "Y": 0.0
                    },
                    "PreSize": {
                      "X": 0.0,
                      "Y": 0.0
                    },
                    "LeftMargin": -323.9012,
                    "RightMargin": -486.0988,
                    "TopMargin": -307.5246,
                    "BottomMargin": 247.5246,
                    "Tag": 3454,
                    "ActionTag": 159439477,
                    "Size": {
                      "X": 810.0,
                      "Y": 60.0
                    },
                    "Name": "Sprite_54",
                    "ctype": "SpriteObjectData"
                  },
                  {
                    "DirectionType": "Vertical",
                    "ScrollDirectionType": 0,
                    "ClipAble": true,
                    "BackColorAlpha": 102,
                    "SingleColor": {
                      "R": 150,
                      "G": 150
                    },
                    "FirstColor": {
                      "R": 150,
                      "G": 150
                    },
                    "EndColor": {},
                    "ColorVector": {
                      "ScaleY": 1.0
                    },
                    "Scale9Width": 1,
                    "Scale9Height": 1,
                    "TouchEnable": true,
                    "AnchorPoint": {},
                    "Position": {
                      "X": -368.8205,
                      "Y": -106.1976
                    },
                    "Scale": {
                      "ScaleX": 1.0,
                      "ScaleY": 1.0
                    },
                    "CColor": {},
                    "IconVisible": false,
                    "PrePosition": {
                      "X": 0.0,
                      "Y": 0.0
                    },
                    "PreSize": {
                      "X": 0.0,
                      "Y": 0.0
                    },
                    "LeftMargin": -368.8205,
                    "RightMargin": -551.1795,
                    "TopMargin": -243.8024,
                    "BottomMargin": -106.1976,
                    "Tag": 2678,
                    "ActionTag": -745865757,
                    "Size": {
                      "X": 920.0,
                      "Y": 350.0
                    },
                    "Name": "ListView_1",
                    "ctype": "ListViewObjectData"
                  },
                  {
                    "FileData": {
                      "Type": "Normal",
                      "Path": "image/ui/wxshop/btn_refresh.png",
                      "Plist": ""
                    },
                    "BlendFunc": {
                      "Src": 1,
                      "Dst": 771
                    },
                    "AnchorPoint": {
                      "ScaleX": 0.5,
                      "ScaleY": 0.5
                    },
                    "Position": {
                      "X": 444.5585,
                      "Y": -226.1521
                    },
                    "Scale": {
                      "ScaleX": 1.0,
                      "ScaleY": 1.0
                    },
                    "CColor": {},
                    "IconVisible": false,
                    "PrePosition": {
                      "X": 0.0,
                      "Y": 0.0
                    },
                    "PreSize": {
                      "X": 0.0,
                      "Y": 0.0
                    },
                    "LeftMargin": 339.5585,
                    "RightMargin": -549.5585,
                    "TopMargin": 195.6521,
                    "BottomMargin": -256.6521,
                    "Tag": 3313,
                    "ActionTag": 86455284,
                    "Size": {
                      "X": 210.0,
                      "Y": 61.0
                    },
                    "Name": "refresh",
                    "ctype": "SpriteObjectData"
                  }
                ],
                "ActionTag": -1449192744,
                "Size": {
                  "X": 0.0,
                  "Y": 0.0
                },
                "VisibleForFrame": false,
                "Name": "node2",
                "ctype": "SingleNodeObjectData"
              }
            ],
            "ActionTag": 1060885494,
            "Size": {
              "X": 1280.0,
              "Y": 720.0
            },
            "Name": "root",
            "ctype": "PanelObjectData"
          }
        ],
        "Size": {
          "X": 960.0,
          "Y": 640.0
        },
        "Name": "Scene",
        "ctype": "SingleNodeObjectData"
      },
      "UsedResources": [
        "../../image/fonts/FZZY.TTF",
        "../../image/ui/common/back.png",
        "../../image/ui/room2/fangka_bg.png",
        "../../image/ui/wxshop/btn_refresh.png",
        "../../image/ui/wxshop/shop_bg.png",
        "../../image/ui/wxshop/shouyaowanjia.png",
        "../../image/ui/wxshop/tiao.png",
        "../../image/ui/wxshop/title.png",
        "../../image/ui/wxshop/yaoqingma.png"
      ],
      "ctype": "GameFileData"
    }
  },
  "Type": "Scene"
}