{"skeleton":{"hash":"Lj4L6MsgNzArMuXbGAIozemeYRA","spine":"3.6.36","width":0,"height":0,"images":"./images/"},"bones":[{"name":"root"},{"name":"caishen_zong","parent":"root"},{"name":"caishen","parent":"caishen_zong","x":-3.05,"y":9.07},{"name":"shenti","parent":"caishen","x":8.44,"y":-39.48},{"name":"bone4","parent":"shenti","length":64.54,"rotation":96.87,"x":-0.39,"y":0.77},{"name":"xiuzi_2","parent":"bone4","length":30.25,"rotation":-148.21,"x":56.87,"y":-20.89},{"name":"bone","parent":"xiuzi_2","length":25.83,"rotation":84.74,"x":22.05,"y":12.88},{"name":"tou2","parent":"bone4","length":88.64,"rotation":-6.46,"x":65.35,"y":-1.54},{"name":"bone2","parent":"tou2","length":31.24,"rotation":-100.22,"x":51.37,"y":-19.8},{"name":"zuoshou","parent":"bone","rotation":-33.4,"x":23.13,"y":-2.14},{"name":"bone3","parent":"zuoshou","x":-0.39,"y":-42.4},{"name":"bone5","parent":"root","x":617.82,"y":210.14},{"name":"guang010","parent":"caishen_zong","x":-48.33,"y":29.71},{"name":"juangzhou_xia","parent":"zuoshou","x":0.31,"y":-80.5},{"name":"qian","parent":"caishen_zong","x":66.95,"y":138.19,"scaleX":0.7,"scaleY":0.7},{"name":"qian2","parent":"caishen_zong","x":-14.66,"y":124.49,"scaleX":0.7,"scaleY":0.7},{"name":"qian3","parent":"caishen_zong","x":-44.23,"y":139.61,"scaleX":0.6,"scaleY":0.6},{"name":"qian4","parent":"caishen_zong","x":-67.81,"y":137.61,"scaleX":0.9,"scaleY":0.9},{"name":"qian5","parent":"caishen_zong","x":-24.69,"y":146.73,"scaleX":0.8,"scaleY":0.8},{"name":"qian6","parent":"caishen_zong","x":29.63,"y":153.59,"scaleX":0.5,"scaleY":0.5},{"name":"qian7","parent":"caishen_zong","x":-54.33,"y":137.99,"scaleX":0.7,"scaleY":0.7},{"name":"qian8","parent":"caishen_zong","x":32.14,"y":136.71,"scaleX":0.8,"scaleY":0.8},{"name":"qian9","parent":"caishen_zong","x":-70.96,"y":124.9,"scaleX":0.6,"scaleY":0.6},{"name":"qian10","parent":"caishen_zong","x":53.01,"y":158.97,"scaleX":0.8,"scaleY":0.8},{"name":"qian11","parent":"caishen_zong","x":16.14,"y":155.1,"scaleX":0.9,"scaleY":0.9},{"name":"qian12","parent":"caishen_zong","x":9.99,"y":125.75,"scaleX":0.7,"scaleY":0.7},{"name":"yanwu","parent":"caishen_zong","x":-6.88,"y":39.07,"scaleX":2.8,"scaleY":2.8},{"name":"youshou_","parent":"bone4","length":27.11,"rotation":68.39,"x":38.32,"y":37.5},{"name":"yuanbao2","parent":"caishen","x":-56.65,"y":18.74},{"name":"zhuangshi_1","parent":"tou2","length":31.83,"rotation":76.81,"x":61.99,"y":32.19}],"slots":[{"name":"zhuomian_hancheng","bone":"bone5"},{"name":"yuanbao_","bone":"yuanbao2"},{"name":"xiuzi_2_","bone":"xiuzi_2"},{"name":"juanzhou_zhong_","bone":"zuoshou"},{"name":"juangzhou_xia_","bone":"juangzhou_xia"},{"name":"juanzhou_shang_","bone":"zuoshou"},{"name":"zuoshou_","bone":"zuoshou"},{"name":"xiuzi_1_","bone":"youshou_"},{"name":"youshou_","bone":"youshou_"},{"name":"xiuzi_2","bone":"xiuzi_2"},{"name":"tou2","bone":"tou2"},{"name":"ti_2","bone":"shenti"},{"name":"zhuangshi_3","bone":"bone2"},{"name":"zhuangshi_2","bone":"bone2"},{"name":"zhuangshi_1","bone":"zhuangshi_1"},{"name":"juanzhou_zhong","bone":"zuoshou"},{"name":"juangzhou_xia","bone":"juangzhou_xia"},{"name":"juanzhou_shang","bone":"zuoshou"},{"name":"zuoshou","bone":"zuoshou"},{"name":"tou","bone":"tou2"},{"name":"xiuzi_1","bone":"youshou_"},{"name":"yuanbao","bone":"yuanbao2"},{"name":"youshou","bone":"youshou_"},{"name":"qian","bone":"qian"},{"name":"qian2","bone":"qian2"},{"name":"qian3","bone":"qian3"},{"name":"qian4","bone":"qian4"},{"name":"qian11","bone":"qian11"},{"name":"qian5","bone":"qian5"},{"name":"qian10","bone":"qian10"},{"name":"qian6","bone":"qian6"},{"name":"qian7","bone":"qian7"},{"name":"qian12","bone":"qian12"},{"name":"qian8","bone":"qian8"},{"name":"qian9","bone":"qian9"},{"name":"caishen_yanwu01","bone":"yanwu"},{"name":"fa_guang01","bone":"bone3","blend":"additive"},{"name":"guang010","bone":"guang010","blend":"additive"}],"skins":{"default":{"caishen_yanwu01":{"caishen_yanwu01":{"width":74,"height":82},"caishen_yanwu02":{"width":74,"height":82},"caishen_yanwu03":{"width":74,"height":82},"caishen_yanwu04":{"width":74,"height":82},"caishen_yanwu05":{"width":74,"height":82},"caishen_yanwu06":{"width":74,"height":82},"caishen_yanwu07":{"width":74,"height":82},"caishen_yanwu08":{"width":74,"height":82},"caishen_yanwu09":{"width":74,"height":82},"caishen_yanwu10":{"width":74,"height":82},"caishen_yanwu11":{"width":74,"height":82},"caishen_yanwu12":{"width":74,"height":82},"caishen_yanwu13":{"width":74,"height":82},"caishen_yanwu14":{"width":74,"height":82}},"fa_guang01":{"fa_guang01":{"width":29,"height":31},"fa_guang02":{"width":29,"height":31},"fa_guang03":{"width":29,"height":31},"fa_guang04":{"width":29,"height":31},"fa_guang05":{"width":29,"height":31},"fa_guang06":{"width":29,"height":31},"fa_guang07":{"width":29,"height":31}},"guang010":{"xingdian01":{"width":60,"height":60}},"juangzhou_xia":{"juangzhou_xia":{"x":0.18,"y":0.66,"width":65,"height":19}},"juangzhou_xia_":{"juangzhou_xia_":{"x":-0.32,"y":0.16,"width":70,"height":24}},"juanzhou_shang":{"juanzhou_shang":{"x":-1.01,"y":-7.84,"width":68,"height":21}},"juanzhou_shang_":{"juanzhou_shang_":{"x":-1.01,"y":-7.34,"width":72,"height":26}},"juanzhou_zhong":{"juanzhou_zhong":{"type":"mesh","uvs":[0,0,1,0,1,0.14286,1,0.28571,0,0.28571,0,0.14286],"triangles":[0,1,2,5,0,2,5,2,3,4,5,3],"vertices":[-21.01,-7.34,19.99,-7.34,19.99,-17.63,19.99,-27.91,-21.01,-27.91,-21.01,-17.63],"hull":6,"edges":[2,4,4,6,8,10,10,0,0,2,6,8],"width":41,"height":72},"juanzhou_zhong2":{"type":"mesh","path":"juanzhou_zhong","uvs":[0,0,1,0,1,0.14286,1,0.28571,1,0.40479,0,0.40366,0,0.28571,0,0.14286],"triangles":[0,1,2,7,0,2,7,2,3,6,7,3,5,6,3,5,3,4],"vertices":[-21.01,-7.34,19.99,-7.34,19.99,-17.63,19.99,-27.91,19.99,-36.48,-21.01,-36.4,-21.01,-27.91,-21.01,-17.63],"hull":8,"edges":[2,4,4,6,12,14,14,0,0,2,10,12,6,8,8,10],"width":41,"height":72},"juanzhou_zhong3":{"type":"mesh","path":"juanzhou_zhong","uvs":[0,0,1,0,1,0.14286,1,0.28571,1,0.42857,1,0.53754,0,0.53641,0,0.42857,0,0.28571,0,0.14286],"triangles":[0,1,2,9,0,2,9,2,3,8,9,3,4,7,8,4,8,3,6,7,4,6,4,5],"vertices":[-21.01,-7.34,19.99,-7.34,19.99,-17.63,19.99,-27.91,19.99,-38.2,19.99,-46.04,-21.01,-45.96,-21.01,-38.2,-21.01,-27.91,-21.01,-17.63],"hull":10,"edges":[2,4,4,6,6,8,14,16,16,18,18,0,0,2,12,14,8,10,10,12],"width":41,"height":72},"juanzhou_zhong4":{"type":"mesh","path":"juanzhou_zhong","uvs":[0,0,1,0,1,0.14286,1,0.28571,1,0.42857,1,0.57143,1,0.67591,0,0.67816,0,0.57143,0,0.42857,0,0.28571,0,0.14286],"triangles":[0,1,2,11,0,2,11,2,3,10,11,3,4,9,10,4,10,3,8,9,4,8,4,5,8,5,6,7,8,6],"vertices":[-21.01,-7.34,19.99,-7.34,19.99,-17.63,19.99,-27.91,19.99,-38.2,19.99,-48.48,19.99,-56.01,-21.01,-56.17,-21.01,-48.48,-21.01,-38.2,-21.01,-27.91,-21.01,-17.63],"hull":12,"edges":[2,4,4,6,6,8,8,10,16,18,18,20,20,22,22,0,0,2,14,16,10,12,12,14],"width":41,"height":72},"juanzhou_zhong5":{"type":"mesh","path":"juanzhou_zhong","uvs":[0,0,1,0,1,0.14286,1,0.28571,1,0.42857,1,0.57143,1,0.71429,1,0.78475,0,0.78222,0,0.71429,0,0.57143,0,0.42857,0,0.28571,0,0.14286],"triangles":[0,1,2,13,0,2,13,2,3,12,13,3,4,11,12,4,12,3,10,11,4,10,4,5,9,10,5,9,5,6,8,9,6,8,6,7],"vertices":[-21.01,-7.34,19.99,-7.34,19.99,-17.63,19.99,-27.91,19.99,-38.2,19.99,-48.48,19.99,-58.77,19.99,-63.84,-21.01,-63.66,-21.01,-58.77,-21.01,-48.48,-21.01,-38.2,-21.01,-27.91,-21.01,-17.63],"hull":14,"edges":[2,4,4,6,6,8,8,10,10,12,18,20,20,22,22,24,24,26,26,0,0,2,16,18,12,14,14,16],"width":41,"height":72},"juanzhou_zhong6":{"type":"mesh","path":"juanzhou_zhong","uvs":[0,0,1,0,1,0.14286,1,0.28571,1,0.42857,1,0.57143,1,0.71429,1,0.85714,1,1,0,1,0,0.85714,0,0.71429,0,0.57143,0,0.42857,0,0.28571,0,0.14286],"triangles":[0,1,2,15,0,2,15,2,3,14,15,3,4,13,14,4,14,3,12,13,4,12,4,5,11,12,5,11,5,6,10,11,6,10,6,7,9,10,7,9,7,8],"vertices":[-21.01,-7.34,19.99,-7.34,19.99,-17.63,19.99,-27.91,19.99,-38.2,19.99,-48.48,19.99,-58.77,19.99,-69.05,19.99,-79.34,-21.01,-79.34,-21.01,-69.05,-21.01,-58.77,-21.01,-48.48,-21.01,-38.2,-21.01,-27.91,-21.01,-17.63],"hull":16,"edges":[2,4,4,6,6,8,8,10,10,12,12,14,14,16,18,20,20,22,22,24,24,26,26,28,28,30,30,0,0,2,16,18],"width":41,"height":72}},"juanzhou_zhong_":{"juanzhou_zhong_":{"type":"mesh","uvs":[0,0,1,0,1,0.14286,1,0.28571,0,0.28571,0,0.14286],"triangles":[0,1,2,5,0,2,5,2,3,4,5,3],"vertices":[-24.01,-5.34,21.99,-5.34,21.99,-16.34,21.99,-27.34,-24.01,-27.34,-24.01,-16.34],"hull":6,"edges":[2,4,4,6,8,10,10,0,0,2,6,8],"width":46,"height":77},"juanzhou_zhong_2":{"type":"mesh","path":"juanzhou_zhong_","uvs":[0,0,1,0,1,0.14286,1,0.28571,1,0.42857,0,0.42857,0,0.28571,0,0.14286],"triangles":[0,1,2,7,0,2,7,2,3,6,7,3,4,5,6,4,6,3],"vertices":[-24.01,-5.34,21.99,-5.34,21.99,-16.34,21.99,-27.34,21.99,-38.34,-24.01,-38.34,-24.01,-27.34,-24.01,-16.34],"hull":8,"edges":[2,4,4,6,6,8,10,12,12,14,14,0,0,2,8,10],"width":46,"height":77},"juanzhou_zhong_3":{"type":"mesh","path":"juanzhou_zhong_","uvs":[0,0,1,0,1,0.14286,1,0.28571,1,0.42857,1,0.57143,0,0.57143,0,0.42857,0,0.28571,0,0.14286],"triangles":[0,1,2,9,0,2,9,2,3,8,9,3,4,7,8,4,8,3,6,7,4,6,4,5],"vertices":[-24.01,-5.34,21.99,-5.34,21.99,-16.34,21.99,-27.34,21.99,-38.34,21.99,-49.34,-24.01,-49.34,-24.01,-38.34,-24.01,-27.34,-24.01,-16.34],"hull":10,"edges":[2,4,4,6,6,8,8,10,12,14,14,16,16,18,18,0,0,2,10,12],"width":46,"height":77},"juanzhou_zhong_4":{"type":"mesh","path":"juanzhou_zhong_","uvs":[0,0,1,0,1,0.14286,1,0.28571,1,0.42857,1,0.57143,1,0.71429,0,0.71429,0,0.57143,0,0.42857,0,0.28571,0,0.14286],"triangles":[0,1,2,11,0,2,11,2,3,10,11,3,4,9,10,4,10,3,8,9,4,8,4,5,7,8,5,7,5,6],"vertices":[-24.01,-5.34,21.99,-5.34,21.99,-16.34,21.99,-27.34,21.99,-38.34,21.99,-49.34,21.99,-60.34,-24.01,-60.34,-24.01,-49.34,-24.01,-38.34,-24.01,-27.34,-24.01,-16.34],"hull":12,"edges":[2,4,4,6,6,8,8,10,10,12,14,16,16,18,18,20,20,22,22,0,0,2,12,14],"width":46,"height":77},"juanzhou_zhong_5":{"type":"mesh","path":"juanzhou_zhong_","uvs":[0,0,1,0,1,0.14286,1,0.28571,1,0.42857,1,0.57143,1,0.71429,1,0.85714,0,0.85714,0,0.71429,0,0.57143,0,0.42857,0,0.28571,0,0.14286],"triangles":[0,1,2,13,0,2,13,2,3,12,13,3,4,11,12,4,12,3,10,11,4,10,4,5,9,10,5,9,5,6,8,9,6,8,6,7],"vertices":[-24.01,-5.34,21.99,-5.34,21.99,-16.34,21.99,-27.34,21.99,-38.34,21.99,-49.34,21.99,-60.34,21.99,-71.34,-24.01,-71.34,-24.01,-60.34,-24.01,-49.34,-24.01,-38.34,-24.01,-27.34,-24.01,-16.34],"hull":14,"edges":[2,4,4,6,6,8,8,10,10,12,12,14,16,18,18,20,20,22,22,24,24,26,26,0,0,2,14,16],"width":46,"height":77},"juanzhou_zhong_6":{"type":"mesh","path":"juanzhou_zhong_","uvs":[0,0,1,0,1,0.14286,1,0.28571,1,0.42857,1,0.57143,1,0.71429,1,0.85714,1,1,0,1,0,0.85714,0,0.71429,0,0.57143,0,0.42857,0,0.28571,0,0.14286],"triangles":[0,1,2,15,0,2,15,2,3,14,15,3,4,13,14,4,14,3,12,13,4,12,4,5,11,12,5,11,5,6,10,11,6,10,6,7,9,10,7,9,7,8],"vertices":[-24.01,-5.34,21.99,-5.34,21.99,-16.34,21.99,-27.34,21.99,-38.34,21.99,-49.34,21.99,-60.34,21.99,-71.34,21.99,-82.34,-24.01,-82.34,-24.01,-71.34,-24.01,-60.34,-24.01,-49.34,-24.01,-38.34,-24.01,-27.34,-24.01,-16.34],"hull":16,"edges":[2,4,4,6,6,8,8,10,10,12,12,14,14,16,18,20,20,22,22,24,24,26,26,28,28,30,30,0,0,2,16,18],"width":46,"height":77}},"qian":{"qian":{"x":-0.02,"y":0.01,"width":36,"height":37}},"qian10":{"qian":{"x":-0.02,"y":0.01,"width":36,"height":37}},"qian11":{"qian":{"x":-0.02,"y":0.01,"width":36,"height":37}},"qian12":{"qian":{"x":-0.02,"y":0.01,"width":36,"height":37}},"qian2":{"qian":{"x":-0.02,"y":0.01,"width":36,"height":37}},"qian3":{"qian":{"x":-0.02,"y":0.01,"width":36,"height":37}},"qian4":{"qian":{"x":-0.02,"y":0.01,"width":36,"height":37}},"qian5":{"qian":{"x":-0.02,"y":0.01,"width":36,"height":37}},"qian6":{"qian":{"x":-0.02,"y":0.01,"width":36,"height":37}},"qian7":{"qian":{"x":-0.02,"y":0.01,"width":36,"height":37}},"qian8":{"qian":{"x":-0.02,"y":0.01,"width":36,"height":37}},"qian9":{"qian":{"x":-0.02,"y":0.01,"width":36,"height":37}},"ti_2":{"ti_2":{"type":"mesh","uvs":[0.81824,0.0695,0.91316,0.36642,0.9719,0.53109,0.97593,0.67393,0.96845,0.89751,0.89147,0.97136,0.73705,1,0.49115,1,0.34184,0.98404,0.22032,0.93956,0,0.5333,0,0.37115,0.0702,0.17935,0.14141,0,0.42274,0,0.72163,0,0.06251,0.61525,0.15103,0.63966,0.21454,0.6414,0.19722,0.73381,0.19145,0.85761,0.94732,0.75666,0.93989,0.48159,0.85965,0.27154,0.79355,0.17414,0.32163,0.60813,0.47091,0.65076,0.70782,0.67428,0.86684,0.63459,0.55053,0.38547,0.788,0.31997,0.67524,0.37104,0.3546,0.19862,0.3546,0.35195,0.31554,0.5564,0.42895,0.37],"triangles":[19,17,18,10,16,20,28,22,2,35,29,26,26,29,27,29,31,27,1,23,0,35,24,29,33,32,35,31,29,24,34,33,35,19,16,17,30,23,1,11,12,33,33,34,11,27,31,28,24,15,0,24,0,23,14,15,32,33,12,32,32,15,24,35,32,24,17,16,10,34,17,10,32,13,14,12,13,32,30,24,23,30,31,24,34,10,11,34,26,25,35,26,34,1,2,22,34,18,17,25,18,34,30,22,31,22,30,1,28,31,22,25,19,18,19,8,20,8,9,20,7,26,27,28,2,3,5,27,21,21,28,3,8,26,7,6,7,27,5,6,27,21,27,28,10,20,9,4,21,3,5,21,4,19,26,8,20,16,19,26,19,25],"vertices":[1,4,67.25,-29.24,1,1,4,31.56,-35.07,1,2,3,36.88,17.03,0.44,4,11.68,-38.95,0.56,1,3,37.31,0.32,1,1,3,36.52,-25.84,1,1,3,28.36,-34.48,1,1,3,11.99,-37.83,1,1,3,-14.07,-37.83,1,1,3,-29.9,-35.97,1,1,3,-42.78,-30.76,1,1,4,23.75,63.37,1,1,4,42.59,61.1,1,1,4,63.97,51.02,1,1,4,83.9,41.02,1,1,4,80.34,11.41,1,1,4,76.55,-20.04,1,1,4,13.44,57.93,1,1,4,9.48,48.96,1,2,3,-43.4,4.12,0.568,4,8.47,42.3,0.432,2,3,-45.23,-6.69,0.792,4,-2.04,45.42,0.208,1,3,-45.84,-21.17,1,1,3,34.28,-9.36,1,1,4,17.84,-36.27,1,1,4,43.26,-30.77,1,1,4,55.41,-25.17,1,2,3,-32.04,8.02,0.47,4,10.98,30.56,0.53,2,3,-16.22,3.03,0.45,4,4.14,15.45,0.55,2,3,8.89,0.28,0.47,4,-1.6,-9.15,0.53,2,3,25.75,4.92,0.44,4,0.99,-26.44,0.56,1,4,33.94,3.36,1,1,4,38.54,-22.55,1,1,4,34.04,-9.97,1,1,4,58.13,21.36,1,1,4,40.32,23.51,1,1,4,17.07,30.48,1,1,4,37.28,15.94,1],"hull":16,"edges":[20,22,12,14,26,28,28,30,18,20,14,16,16,18,8,10,10,12,30,0,0,2,2,4,4,6,6,8,22,24,24,26],"width":106,"height":117}},"tou":{"tou":{"x":43.87,"y":6.14,"rotation":-90.41,"width":122,"height":123}},"tou2":{"tou2":{"x":43.87,"y":5.64,"rotation":-90.41,"width":127,"height":127}},"xiuzi_1":{"xiuzi_1":{"type":"mesh","uvs":[0,0,0.5,0,1,0,1,0.25,1,0.5,1,0.75,1,1,0.5,1,0,1,0,0.75,0,0.5,0,0.25,0.5,0.25,0.5,0.5,0.5,0.75],"triangles":[0,11,1,1,11,12,11,10,12,12,10,13,10,9,13,13,9,14,9,8,14,14,8,7,1,12,2,2,12,3,12,13,3,3,13,4,13,14,4,4,14,5,14,7,5,5,7,6],"vertices":[35.17,-8.16,13.9,-13.75,-7.38,-19.35,-12.34,-0.49,-17.3,18.36,-22.27,37.22,-27.23,56.08,-5.95,61.68,15.32,67.28,20.28,48.42,25.25,29.56,30.21,10.7,8.93,5.1,3.97,23.96,-0.99,42.82],"hull":12,"edges":[0,2,2,4,4,6,6,8,8,10,10,12,12,14,14,16,16,18,18,20,20,22,22,0],"width":44,"height":78}},"xiuzi_1_":{"xiuzi_1_":{"type":"mesh","uvs":[0,0,0.5,0,1,0,1,0.25,1,0.5,1,0.75,1,1,0.5,1,0,1,0,0.75,0,0.5,0,0.25,0.5,0.25,0.5,0.5,0.5,0.75],"triangles":[0,11,1,1,11,12,11,10,12,12,10,13,10,9,13,13,9,14,9,8,14,14,8,7,1,12,2,2,12,3,12,13,3,3,13,4,13,14,4,4,14,5,14,7,5,5,7,6],"vertices":[37.61,-9.58,14.4,-15.69,-8.8,-21.8,-14.02,-1.97,-19.24,17.85,-24.46,37.68,-29.67,57.5,-6.46,63.61,16.75,69.72,21.96,49.89,27.18,30.07,32.4,10.24,9.19,4.14,3.97,23.96,-1.25,43.79],"hull":12,"edges":[0,2,2,4,4,6,6,8,8,10,10,12,12,14,14,16,16,18,18,20,20,22,22,0],"width":48,"height":82}},"xiuzi_2":{"xiuzi_2":{"x":37.73,"y":-10.57,"rotation":51.34,"width":40,"height":85}},"xiuzi_2_":{"xiuzi_2_":{"x":37.73,"y":-10.57,"rotation":51.34,"width":44,"height":89}},"youshou":{"youshou":{"type":"mesh","uvs":[0,0,0.33333,0,0.66667,0,1,0,1,0.5,1,1,0.66667,1,0.33333,1,0,1,0,0.5,0.33333,0.5,0.66667,0.5],"triangles":[0,9,1,1,9,10,9,8,10,10,8,7,1,10,2,2,10,11,10,7,11,11,7,6,2,11,3,3,11,4,11,6,4,4,6,5],"vertices":[40.97,-6.63,30.01,-9.51,19.05,-12.4,8.09,-15.28,4.79,-2.71,1.48,9.86,12.44,12.75,23.4,15.63,34.36,18.52,37.67,5.94,26.71,3.06,15.75,0.18],"hull":10,"edges":[0,2,2,4,4,6,6,8,8,10,10,12,12,14,14,16,16,18,18,0],"width":34,"height":26}},"youshou_":{"youshou_":{"type":"mesh","uvs":[0,0,0.33333,0,0.66667,0,1,0,1,0.5,1,1,0.66667,1,0.33333,1,0,1,0,0.5,0.33333,0.5,0.66667,0.5],"triangles":[0,9,1,1,9,10,9,8,10,10,8,7,1,10,2,2,10,11,10,7,11,11,7,6,2,11,3,3,11,4,11,6,4,4,6,5],"vertices":[43.42,-8.05,30.85,-11.36,18.27,-14.67,5.7,-17.98,1.76,-2.99,-2.19,12,10.38,15.31,22.96,18.62,35.53,21.93,39.47,6.94,26.9,3.63,14.33,0.32],"hull":10,"edges":[0,2,2,4,4,6,6,8,8,10,10,12,12,14,14,16,16,18,18,0],"width":39,"height":31}},"yuanbao":{"yuanbao":{"x":1.95,"y":-0.05,"width":56,"height":40}},"yuanbao_":{"yuanbao_":{"x":2.34,"y":-0.12,"width":60,"height":44}},"zhuangshi_1":{"zhuangshi_1":{"x":42.24,"y":2.85,"rotation":-167.22,"width":60,"height":60}},"zhuangshi_3":{"zhuangshi_2":{"x":39.19,"y":1.01,"rotation":9.81,"width":53,"height":55}},"zuoshou":{"zuoshou":{"x":-1.01,"y":-2.34,"width":28,"height":18}},"zuoshou_":{"zuoshou_":{"x":-2.01,"y":-1.84,"width":34,"height":23}}}},"animations":{"caishen1":{"slots":{"yuanbao":{"attachment":[{"time":0,"name":"yuanbao"}]},"yuanbao_":{"attachment":[{"time":0,"name":"yuanbao_"}]}},"bones":{"yuanbao2":{"rotate":[{"time":0,"angle":11.87}],"translate":[{"time":0,"x":56.65,"y":-18.74}],"scale":[{"time":0,"x":0.353,"y":0.353},{"time":0.1667,"x":1.29,"y":1.29},{"time":0.3333,"x":0.904,"y":0.904},{"time":0.5,"x":1.06,"y":1.06},{"time":0.6667,"x":0.935,"y":0.935},{"time":0.8,"x":1.026,"y":1.026},{"time":0.9333,"x":1,"y":1}]}}},"caishen2":{"slots":{"caishen_yanwu01":{"attachment":[{"time":0,"name":"caishen_yanwu01"},{"time":0.0333,"name":"caishen_yanwu02"},{"time":0.0667,"name":"caishen_yanwu03"},{"time":0.1333,"name":"caishen_yanwu04"},{"time":0.2,"name":"caishen_yanwu05"},{"time":0.2667,"name":"caishen_yanwu06"},{"time":0.3333,"name":"caishen_yanwu07"},{"time":0.4,"name":"caishen_yanwu08"},{"time":0.4667,"name":"caishen_yanwu09"},{"time":0.5333,"name":"caishen_yanwu10"},{"time":0.6,"name":"caishen_yanwu11"},{"time":0.6667,"name":"caishen_yanwu12"},{"time":0.7333,"name":"caishen_yanwu13"},{"time":0.8,"name":"caishen_yanwu14"},{"time":0.8667,"name":null}]},"fa_guang01":{"attachment":[{"time":1.5667,"name":"fa_guang01"},{"time":1.6333,"name":"fa_guang02"},{"time":1.7,"name":"fa_guang03"},{"time":1.7667,"name":"fa_guang04"},{"time":1.8333,"name":"fa_guang05"},{"time":1.9,"name":"fa_guang06"},{"time":1.9667,"name":"fa_guang07"},{"time":2.0333,"name":null},{"time":2.8333,"name":"fa_guang01"},{"time":2.9,"name":"fa_guang02"},{"time":2.9667,"name":"fa_guang03"},{"time":3.0333,"name":"fa_guang04"},{"time":3.1,"name":"fa_guang05"},{"time":3.1667,"name":"fa_guang06"},{"time":3.2333,"name":"fa_guang07"},{"time":3.3,"name":null}]},"guang010":{"color":[{"time":0.7,"color":"ffffff64"},{"time":0.8333,"color":"ffffffca"},{"time":1,"color":"ffffff00"}],"attachment":[{"time":0.6333,"name":null},{"time":0.7,"name":"xingdian01"}]},"juangzhou_xia":{"attachment":[{"time":0,"name":"juangzhou_xia"}]},"juangzhou_xia_":{"attachment":[{"time":0,"name":"juangzhou_xia_"}]},"juanzhou_shang":{"attachment":[{"time":0,"name":"juanzhou_shang"}]},"juanzhou_shang_":{"attachment":[{"time":0,"name":"juanzhou_shang_"}]},"juanzhou_zhong":{"attachment":[{"time":0,"name":"juanzhou_zhong"},{"time":1.2333,"name":"juanzhou_zhong"},{"time":1.2667,"name":"juanzhou_zhong2"},{"time":1.3,"name":"juanzhou_zhong3"},{"time":1.3333,"name":"juanzhou_zhong4"},{"time":1.3667,"name":"juanzhou_zhong5"},{"time":1.4,"name":"juanzhou_zhong6"}]},"juanzhou_zhong_":{"attachment":[{"time":0,"name":"juanzhou_zhong_"},{"time":1.2667,"name":"juanzhou_zhong_2"},{"time":1.3,"name":"juanzhou_zhong_2"},{"time":1.3333,"name":"juanzhou_zhong_3"},{"time":1.3667,"name":"juanzhou_zhong_4"},{"time":1.4,"name":"juanzhou_zhong_5"},{"time":1.4333,"name":"juanzhou_zhong_6"}]},"qian":{"color":[{"time":2.7667,"color":"ffffff00"},{"time":2.8667,"color":"fffffffe","curve":"stepped"},{"time":3.1,"color":"fffffffe"},{"time":3.2,"color":"ffffff00"}],"attachment":[{"time":2.7667,"name":"qian"}]},"qian2":{"color":[{"time":2.4333,"color":"ffffff00"},{"time":2.5333,"color":"fffffffe","curve":"stepped"},{"time":2.7667,"color":"fffffffe"},{"time":2.8667,"color":"ffffff00"}],"attachment":[{"time":2.4333,"name":"qian"}]},"qian3":{"color":[{"time":2.1667,"color":"ffffff00"},{"time":2.2667,"color":"fffffffe","curve":"stepped"},{"time":2.5,"color":"fffffffe"},{"time":2.6,"color":"ffffff00"}],"attachment":[{"time":2.1667,"name":"qian"}]},"qian4":{"color":[{"time":1.9667,"color":"ffffff00"},{"time":2.0667,"color":"fffffffe","curve":"stepped"},{"time":2.3,"color":"fffffffe"},{"time":2.4,"color":"ffffff00"}],"attachment":[{"time":1.9667,"name":"qian"}]},"qian5":{"color":[{"time":2.9,"color":"ffffff00"},{"time":3,"color":"fffffffe","curve":"stepped"},{"time":3.2333,"color":"fffffffe"},{"time":3.3333,"color":"ffffff00"}],"attachment":[{"time":2.9,"name":"qian"}]},"qian6":{"color":[{"time":1.5,"color":"ffffff00"},{"time":1.6,"color":"fffffffe","curve":"stepped"},{"time":1.8333,"color":"fffffffe"},{"time":1.9333,"color":"ffffff00"}],"attachment":[{"time":1.5,"name":"qian"}]},"qian7":{"color":[{"time":1.1667,"color":"ffffff00"},{"time":1.2667,"color":"fffffffe","curve":"stepped"},{"time":1.5,"color":"fffffffe"},{"time":1.6,"color":"ffffff00"}],"attachment":[{"time":1.1667,"name":"qian"}]},"qian8":{"color":[{"time":0.7333,"color":"ffffff00"},{"time":0.8333,"color":"fffffffe","curve":"stepped"},{"time":1.0667,"color":"fffffffe"},{"time":1.1667,"color":"ffffff00"}],"attachment":[{"time":0.7333,"name":"qian"}]},"qian9":{"color":[{"time":1,"color":"ffffff00"},{"time":1.1,"color":"fffffffe","curve":"stepped"},{"time":1.3333,"color":"fffffffe"},{"time":1.4333,"color":"ffffff00"}],"attachment":[{"time":1,"name":"qian"}]},"qian10":{"color":[{"time":1.6667,"color":"ffffff00"},{"time":1.7667,"color":"fffffffe","curve":"stepped"},{"time":2,"color":"fffffffe"},{"time":2.1,"color":"ffffff00"}],"attachment":[{"time":1.6667,"name":"qian"}]},"qian11":{"color":[{"time":2.4667,"color":"ffffff00"},{"time":2.5667,"color":"fffffffe","curve":"stepped"},{"time":2.8,"color":"fffffffe"},{"time":2.9,"color":"ffffff00"}],"attachment":[{"time":2.4667,"name":"qian"}]},"qian12":{"color":[{"time":1.4,"color":"ffffff00"},{"time":1.5,"color":"fffffffe","curve":"stepped"},{"time":1.7333,"color":"fffffffe"},{"time":1.8333,"color":"ffffff00"}],"attachment":[{"time":1.4,"name":"qian"}]},"ti_2":{"attachment":[{"time":0,"name":"ti_2"}]},"tou":{"attachment":[{"time":0,"name":"tou"}]},"tou2":{"attachment":[{"time":0,"name":"tou2"}]},"xiuzi_1":{"attachment":[{"time":0,"name":"xiuzi_1"}]},"xiuzi_2":{"attachment":[{"time":0,"name":"xiuzi_2"}]},"xiuzi_1_":{"attachment":[{"time":0,"name":"xiuzi_1_"}]},"xiuzi_2_":{"attachment":[{"time":0,"name":"xiuzi_2_"}]},"youshou":{"attachment":[{"time":0,"name":"youshou"}]},"youshou_":{"attachment":[{"time":0,"name":"youshou_"}]},"yuanbao":{"attachment":[{"time":0.7,"name":null},{"time":0.7333,"name":"yuanbao"}]},"yuanbao_":{"attachment":[{"time":0.7,"name":null},{"time":0.7333,"name":"yuanbao_"}]},"zhuangshi_1":{"attachment":[{"time":0,"name":"zhuangshi_1"}]},"zhuangshi_3":{"attachment":[{"time":0,"name":"zhuangshi_2"}]},"zuoshou":{"attachment":[{"time":0,"name":"zuoshou"}]},"zuoshou_":{"attachment":[{"time":0,"name":"zuoshou_"}]}},"bones":{"tou2":{"rotate":[{"time":0,"angle":-0.94,"curve":[0.363,0.44,0.755,1]},{"time":0.3,"angle":-5.06,"curve":[0.25,0,0.75,1]},{"time":0.3333,"angle":1.46,"curve":[0.25,0,0.75,1]},{"time":0.8333,"angle":-5.06,"curve":[0.25,0,0.75,1]},{"time":1.3333,"angle":1.46,"curve":[0.25,0,0.75,1]},{"time":1.8333,"angle":-5.06,"curve":[0.25,0,0.75,1]},{"time":2.3333,"angle":1.46,"curve":[0.25,0,0.75,1]},{"time":2.8333,"angle":-5.06,"curve":[0.25,0,0.75,1]},{"time":3.3333,"angle":1.46,"curve":[0.265,0,0.618,0.43]},{"time":3.5,"angle":-0.39}]},"zhuangshi_1":{"rotate":[{"time":0,"angle":-0.76,"curve":[0.381,0.55,0.742,1]},{"time":0.2333,"angle":9.03,"curve":[0.25,0,0.75,1]},{"time":0.7333,"angle":-6.47,"curve":[0.25,0,0.75,1]},{"time":1.2333,"angle":9.03,"curve":[0.25,0,0.75,1]},{"time":1.7333,"angle":-6.47,"curve":[0.25,0,0.75,1]},{"time":2.2333,"angle":9.03,"curve":[0.25,0,0.75,1]},{"time":2.7333,"angle":-6.47,"curve":[0.25,0,0.75,1]},{"time":3.2333,"angle":9.03,"curve":[0.248,0,0.628,0.52]},{"time":3.5,"angle":0.6}],"translate":[{"time":0,"x":0,"y":0}]},"youshou_":{"rotate":[{"time":0,"angle":0,"curve":"stepped"},{"time":2,"angle":0}],"translate":[{"time":0,"x":0,"y":0,"curve":[0.25,0,0.75,1]},{"time":0.7333,"x":-2.53,"y":-0.19,"curve":[0.25,0,0.75,1]},{"time":1,"x":-8.44,"y":0.74,"curve":[0.25,0,0.75,1]},{"time":1.3333,"x":14.14,"y":2.89,"curve":[0.25,0,0.75,1]},{"time":1.8333,"x":-8.78,"y":1.26,"curve":"stepped"},{"time":2,"x":-8.78,"y":1.26,"curve":[0.25,0,0.75,1]},{"time":2.3333,"x":8.25,"y":3.44,"curve":[0.242,0,0.667,0.67]},{"time":2.8333,"x":-5.36,"y":1.48},{"time":3,"x":-7.32,"y":1.05,"curve":[0.25,0,0.75,1]},{"time":3.3333,"x":8.25,"y":3.44}]},"zuoshou":{"rotate":[{"time":0,"angle":0},{"time":1.1333,"angle":16.15,"curve":[0.25,0,0.75,1]},{"time":1.3,"angle":10.23,"curve":[0.25,0,0.75,1]},{"time":1.4,"angle":10.4},{"time":2.7333,"angle":0}],"translate":[{"time":0,"x":0,"y":0},{"time":1.1333,"x":-7.89,"y":-1.49,"curve":[0.25,0,0.75,1]},{"time":1.3,"x":1.29,"y":3.91,"curve":[0.25,0,0.75,1]},{"time":1.4,"x":0.5,"y":1.6},{"time":2.7333,"x":0,"y":0}]},"juangzhou_xia":{"rotate":[{"time":0,"angle":0,"curve":"stepped"},{"time":2.7333,"angle":0}],"translate":[{"time":0,"x":0,"y":56.3,"curve":"stepped"},{"time":1.2333,"x":0,"y":56.3},{"time":1.4333,"x":0,"y":-2.34},{"time":1.5667,"x":0,"y":7},{"time":1.6667,"x":0,"y":-0.78},{"time":1.7667,"x":0,"y":2.93},{"time":1.8333,"x":0,"y":0.56},{"time":1.9,"x":0,"y":1.26}]},"xiuzi_2":{"rotate":[{"time":0,"angle":0},{"time":1.0667,"angle":-7.89,"curve":[0.25,0,0.75,1]},{"time":1.2333,"angle":4.06,"curve":[0.25,0,0.75,1]},{"time":1.3333,"angle":0.08},{"time":2.7333,"angle":0}],"translate":[{"time":0,"x":0,"y":0,"curve":"stepped"},{"time":1.0667,"x":0,"y":0,"curve":[0.25,0,0.75,1]},{"time":1.2333,"x":5.66,"y":-0.7,"curve":[0.25,0,0.75,1]},{"time":1.3333,"x":0,"y":0,"curve":"stepped"},{"time":2.7333,"x":0,"y":0}]},"bone":{"rotate":[{"time":0,"angle":-9.61,"curve":"stepped"},{"time":1.1,"angle":-9.61,"curve":[0.25,0,0.75,1]},{"time":1.2667,"angle":-15.6,"curve":[0.25,0,0.75,1]},{"time":1.3667,"angle":-10.74},{"time":2.7333,"angle":0}],"translate":[{"time":0,"x":8.99,"y":-4.97,"curve":"stepped"},{"time":1.1,"x":8.99,"y":-4.97,"curve":[0.25,0,0.75,1]},{"time":1.2667,"x":1.08,"y":1.05}]},"bone2":{"rotate":[{"time":0,"angle":1.37,"curve":[0.381,0.55,0.742,1]},{"time":0.2333,"angle":-8.41,"curve":[0.25,0,0.75,1]},{"time":0.7333,"angle":7.06,"curve":[0.25,0,0.75,1]},{"time":1.2333,"angle":-8.41,"curve":[0.25,0,0.75,1]},{"time":1.7333,"angle":7.06,"curve":[0.25,0,0.75,1]},{"time":2.2333,"angle":-8.41,"curve":[0.25,0,0.75,1]},{"time":2.7333,"angle":7.06,"curve":[0.25,0,0.75,1]},{"time":3.2333,"angle":-8.41,"curve":[0.248,0,0.628,0.52]},{"time":3.5,"angle":0.01}]},"bone4":{"rotate":[{"time":0,"angle":1.3,"curve":[0.25,0,0.75,1]},{"time":0.5,"angle":-2.73,"curve":[0.25,0,0.75,1]},{"time":1,"angle":1.3,"curve":[0.25,0,0.75,1]},{"time":1.5,"angle":-2.73,"curve":[0.25,0,0.75,1]},{"time":2,"angle":1.3,"curve":[0.25,0,0.75,1]},{"time":2.5,"angle":-2.73,"curve":[0.25,0,0.75,1]},{"time":3,"angle":1.3,"curve":[0.25,0,0.75,1]},{"time":3.5,"angle":-2.73}]},"yuanbao2":{"translate":[{"time":0,"x":0,"y":3.53},{"time":0.7333,"x":0,"y":-7.78},{"time":0.8667,"x":0,"y":3.76},{"time":1,"x":0,"y":-11.75},{"time":1.1667,"x":-2.2,"y":5.39,"curve":[0.25,0,0.75,1]},{"time":1.4667,"x":-2.2,"y":40.26,"curve":[0.25,0,0.75,1]},{"time":1.8333,"x":0,"y":-7.35},{"time":2,"x":0,"y":-8.36},{"time":2.0333,"x":-0.44,"y":-8.1},{"time":2.1667,"x":-2.2,"y":1.78,"curve":[0.25,0,0.75,1]},{"time":2.4667,"x":-2.2,"y":39.75,"curve":[0.25,0,0.75,1]},{"time":2.8333,"x":0,"y":-4.53},{"time":3,"x":0,"y":-7.58},{"time":3.0333,"x":-0.44,"y":-7.09},{"time":3.1667,"x":-2.2,"y":0.77,"curve":[0.25,0,0.75,1]},{"time":3.5,"x":-2.2,"y":36.94}],"scale":[{"time":0.7333,"x":0.533,"y":0.533},{"time":0.8667,"x":1.378,"y":1.378},{"time":1,"x":0.917,"y":0.917},{"time":1.1,"x":1.118,"y":1.118},{"time":1.2,"x":1,"y":1}]},"caishen":{"translate":[{"time":0,"x":0,"y":-19.6},{"time":0.1667,"x":0,"y":26.12},{"time":0.3333,"x":0,"y":0},{"time":0.4333,"x":0,"y":-1.93},{"time":0.6667,"x":0,"y":0},{"time":0.7667,"x":0,"y":-0.58},{"time":0.8667,"x":0,"y":0,"curve":"stepped"},{"time":1.0333,"x":0,"y":0}],"scale":[{"time":0,"x":0.325,"y":0.325},{"time":0.1667,"x":0.8,"y":0.8}]},"guang010":{"rotate":[{"time":0.7,"angle":0},{"time":1,"angle":-6.99}],"translate":[{"time":0,"x":0,"y":-6.34}],"scale":[{"time":0.7,"x":1.218,"y":1.218,"curve":[0,0.4,0.75,1]},{"time":1,"x":3.669,"y":3.669}]},"qian":{"translate":[{"time":2.7667,"x":0,"y":0,"curve":[0.25,0,1,0.8]},{"time":3.2,"x":0,"y":-216.3}]},"qian2":{"translate":[{"time":2.4333,"x":0,"y":0,"curve":[0.25,0,1,0.8]},{"time":2.8667,"x":0,"y":-216.3}]},"qian3":{"translate":[{"time":2.1667,"x":0,"y":0,"curve":[0.25,0,1,0.8]},{"time":2.6,"x":0,"y":-216.3}]},"qian4":{"translate":[{"time":1.9667,"x":0,"y":0,"curve":[0.25,0,1,0.8]},{"time":2.4,"x":0,"y":-216.3}]},"qian5":{"translate":[{"time":2.9,"x":0,"y":0,"curve":[0.25,0,1,0.8]},{"time":3.3333,"x":0,"y":-216.3}]},"qian6":{"translate":[{"time":1.5,"x":0,"y":0,"curve":[0.25,0,1,0.8]},{"time":1.9333,"x":0,"y":-216.3}]},"qian7":{"translate":[{"time":1.1667,"x":0,"y":0,"curve":[0.25,0,1,0.8]},{"time":1.6,"x":0,"y":-216.3}]},"qian8":{"translate":[{"time":0.7333,"x":0,"y":0,"curve":[0.25,0,1,0.8]},{"time":1.1667,"x":0,"y":-216.3}]},"qian9":{"translate":[{"time":1,"x":0,"y":0,"curve":[0.25,0,1,0.8]},{"time":1.4333,"x":0,"y":-216.3}]},"qian10":{"translate":[{"time":1.6667,"x":0,"y":0,"curve":[0.25,0,1,0.8]},{"time":2.1,"x":0,"y":-216.3}]},"qian11":{"translate":[{"time":2.4667,"x":0,"y":0,"curve":[0.25,0,1,0.8]},{"time":2.9,"x":0,"y":-216.3}]},"qian12":{"translate":[{"time":1.4,"x":0,"y":0,"curve":[0.25,0,1,0.8]},{"time":1.8333,"x":0,"y":-216.3}]}},"deform":{"default":{"ti_2":{"ti_2":[{"time":0},{"time":0.3333,"offset":26,"vertices":[2.89091,1.63287,2.72537,-0.24081,0,0,0,0,0,0,0,0,0,0,0,0,0,0,0,0,0,0,0,0,0,0,0,0,0,0,0,0,0,0,0,0,0,0,0,0,0,0,0,0,0,0,0,0,0,0,0,0,0.11397,1.28997,0.15956,1.80595]},{"time":0.4333,"offset":10,"vertices":[2.56799,0,0,2.14,0,1.926,-1.498,2.354,-2.56801,1.07001,-4.28001,0,0,0,0,0,2.385,1.34712,2.24843,-0.19867,0,0,0,0,0,0,0,0,0,0,0,0,-0.85601,0,0.06977,0.85316,-1.284,0,0,0,0,0,0,0,0,0,0,0,0,0,0,0,0,0,0,0,0,0,0,0,0,0,0,0,0,0,0,0,0.09402,1.06423,0.13164,1.48991]},{"time":0.5333,"offset":26,"vertices":[1.87909,1.06137,1.77149,-0.15652,0,0,0,0,0,0,0,0,0,0,0,0,0,0,0,0,0,0,0,0,0,0,0,0,0,0,0,0,0,0,0,0,0,0,0,0,0,0,0,0,0,0,0,0,0,0,0,0,0.07408,0.83848,0.10371,1.17387]},{"time":0.6667,"offset":26,"vertices":[1.20799,0.68231,1.13882,-0.10062,0,0,0,0,0,0,0,0,0,0,0,0,0,0,0,0,0,0,0,0,0,0,0,0,0,0,0,0,0,0,0,0,0,0,0,0,0,0,0,0,0,0,0,0,0,0,0,0,0.04762,0.53902,0.06667,0.75463]},{"time":1},{"time":1.3333,"offset":26,"vertices":[2.89091,1.63287,2.72537,-0.24081,0,0,0,0,0,0,0,0,0,0,0,0,0,0,0,0,0,0,0,0,0,0,0,0,0,0,0,0,0,0,0,0,0,0,0,0,0,0,0,0,0,0,0,0,0,0,0,0,0.11397,1.28997,0.15956,1.80595]},{"time":2,"offset":24,"vertices":[-2.93246,0.42088,0.62652,-1.63318,-1.29986,-5.3493,0,0,0,0,0,0,0,0,0,0,0,0,0,0,0,0,0,0,0,0,0,0,0,0,0,0,0,0,0,0,0,0,0,0,0,0,0,0,0,0,0,0,0,0,0,0,0,0,-0.47253,1.37421,0.15956,1.80595]},{"time":2.3333,"offset":26,"vertices":[2.89091,1.63287,2.72537,-0.24081,0,0,0,0,0,0,0,0,0,0,0,0,0,0,0,0,0,0,0,0,0,0,0,0,0,0,0,0,0,0,0,0,0,0,0,0,0,0,0,0,0,0,0,0,0,0,0,0,0.11397,1.28997,0.15956,1.80595]},{"time":3,"offset":24,"vertices":[-2.93246,0.42088,0.62652,-1.63318,-1.29986,-5.3493,0,0,0,0,0,0,0,0,0,0,0,0,0,0,0,0,0,0,0,0,0,0,0,0,0,0,0,0,0,0,0,0,0,0,0,0,0,0,0,0,0,0,0,0,0,0,0,0,-0.47253,1.37421,0.15956,1.80595]},{"time":3.5,"offset":26,"vertices":[2.89091,1.63287,2.72537,-0.24081,0,0,0,0,0,0,0,0,0,0,0,0,0,0,0,0,0,0,0,0,0,0,0,0,0,0,0,0,0,0,0,0,0,0,0,0,0,0,0,0,0,0,0,0,0,0,0,0,0.11397,1.28997,0.15956,1.80595]}]},"xiuzi_1":{"xiuzi_1":[{"time":0},{"time":0.8333,"offset":6,"vertices":[-1.14397,-0.34026,-1.70183,-0.50617,-1.87875,-2.59634,0.1549,-5.61371,-0.73822,-4.52097,0.58502,-3.10859,-0.17591,-0.05233,0.88178,0.26231,0.74522,0.22167,0,0,-1.38986,-0.41338,-1.37618,-3.01279]},{"time":1.1667},{"time":1.5,"offset":6,"vertices":[-2.28794,-0.68053,-3.40365,-1.01234,-3.7575,-5.19268,0.3098,-11.22742,-1.47644,-9.04193,1.17005,-6.21718,-0.35183,-0.10465,1.76357,0.52461,1.49044,0.44334,0,0,-2.77971,-0.82675,-2.75236,-6.02559]},{"time":2.1667},{"time":2.5,"offset":6,"vertices":[-2.28794,-0.68053,-3.40365,-1.01234,-3.7575,-5.19268,0.3098,-11.22742,-1.47644,-9.04193,1.17005,-6.21718,-0.35183,-0.10465,1.76357,0.52461,1.49044,0.44334,0,0,-2.77971,-0.82675,-2.75236,-6.02559]},{"time":3.1667},{"time":3.3333,"offset":6,"vertices":[-1.14397,-0.34026,-1.70182,-0.50617,-1.87875,-2.59634,0.1549,-5.6137,-0.73822,-4.52096,0.58502,-3.10859,-0.17591,-0.05233,0.88178,0.26231,0.74522,0.22167,0,0,-1.38986,-0.41338,-1.37618,-3.01279]}]},"xiuzi_1_":{"xiuzi_1_":[{"time":0},{"time":0.8333,"offset":10,"vertices":[-1.08407,-0.32244,5.94844,-4.13046,1.16247,-3.90818,0.27832,-5.02201,-0.38103,-0.11332,0.63404,0.18863,0.52524,0.15624]},{"time":1.1667},{"time":1.5,"offset":10,"vertices":[-2.16814,-0.64488,11.89689,-8.26092,2.32494,-7.81635,0.55664,-10.04401,-0.76206,-0.22665,1.26809,0.37726,1.05048,0.31248]},{"time":2.1667},{"time":2.5,"offset":10,"vertices":[-2.16814,-0.64488,11.89689,-8.26092,2.32494,-7.81635,0.55664,-10.04401,-0.76206,-0.22665,1.26809,0.37726,1.05048,0.31248]},{"time":3.1667},{"time":3.3333,"offset":10,"vertices":[-1.08407,-0.32244,5.94844,-4.13046,1.16247,-3.90817,0.27832,-5.022,-0.38103,-0.11332,0.63404,0.18863,0.52524,0.15624]}]},"youshou":{"youshou":[{"time":0},{"time":0.8333,"offset":2,"vertices":[0.32831,-0.23828,0.61009,-0.19646,0,0,0.16107,-0.54153,0.09876,-1.0739,0.25124,-0.84467,0.11055,-0.37165,0.07034,-0.2365,0.33787,0.1005,0.23651,0.07035,0.46673,-0.33274]},{"time":1},{"time":1.3333,"offset":2,"vertices":[1.31325,-0.95313,2.44034,-0.78586,0,0,0.64429,-2.16613,0.39505,-4.2956,1.00497,-3.37866,0.44218,-1.48662,0.28138,-0.94601,1.35149,0.40199,0.94604,0.28139,1.86692,-1.33095]},{"time":2},{"time":2.3333,"offset":2,"vertices":[1.31325,-0.95313,2.44034,-0.78586,0,0,0.64429,-2.16613,0.39505,-4.2956,1.00497,-3.37866,0.44218,-1.48662,0.28138,-0.94601,1.35149,0.40199,0.94604,0.28139,1.86692,-1.33095]},{"time":3},{"time":3.3333,"offset":2,"vertices":[1.31325,-0.95313,2.44034,-0.78586,0,0,0.64429,-2.16613,0.39505,-4.2956,1.00497,-3.37866,0.44218,-1.48662,0.28138,-0.94601,1.35149,0.40199,0.94604,0.28139,1.86692,-1.33095]}]},"youshou_":{"youshou_":[{"time":0},{"time":0.8333,"vertices":[0.30624,0.0911,0,0,0,0,0,0,0,0,0,0,0,0,0,0,0,0,0.2552,0.07591]},{"time":1},{"time":1.3333,"vertices":[1.22495,0.36439,0,0,0,0,0,0,0,0,0,0,0,0,0,0,0,0,1.0208,0.30365]},{"time":2},{"time":2.3333,"vertices":[1.22495,0.36439,0,0,0,0,0,0,0,0,0,0,0,0,0,0,0,0,1.0208,0.30365]},{"time":3},{"time":3.3333,"vertices":[1.22495,0.36439,0,0,0,0,0,0,0,0,0,0,0,0,0,0,0,0,1.0208,0.30365]}]}}}}}}