{"skeleton":{"hash":"CWku11YhubljYZfE8iTKK8CYo/o","spine":"3.6.38","width":0,"height":0,"images":"./images/"},"bones":[{"name":"root"},{"name":"1","parent":"root"},{"name":"2","parent":"root"},{"name":"3","parent":"root"},{"name":"4","parent":"root"},{"name":"5","parent":"root"},{"name":"6","parent":"root"},{"name":"yan","parent":"root"},{"name":"liuguang","parent":"yan"},{"name":"maobi1","parent":"root"},{"name":"maobi2","parent":"root"},{"name":"zi","parent":"root"}],"slots":[{"name":"1/1_00001","bone":"1"},{"name":"2/2_00011","bone":"2"},{"name":"3/3_00026","bone":"3"},{"name":"4/4_00031","bone":"4"},{"name":"5/5_00036","bone":"5"},{"name":"6/6_00045","bone":"6"},{"name":"maobi1","bone":"maobi1"},{"name":"maobi2","bone":"maobi2"},{"name":"zi","bone":"zi"},{"name":"yan/1_00000","bone":"yan"},{"name":"huiguang/1_00001","bone":"liuguang","blend":"additive"}],"skins":{"default":{"1/1_00001":{"1/1_00001":{"width":200,"height":200},"1/1_00002":{"width":200,"height":200},"1/1_00003":{"width":200,"height":200},"1/1_00004":{"width":200,"height":200},"1/1_00005":{"width":200,"height":200},"1/1_00006":{"width":200,"height":200},"1/1_00007":{"width":200,"height":200},"1/1_00008":{"width":200,"height":200},"1/1_00009":{"width":200,"height":200},"1/1_00010":{"width":200,"height":200}},"2/2_00011":{"2/2_00011":{"width":200,"height":200},"2/2_00012":{"width":200,"height":200},"2/2_00013":{"width":200,"height":200},"2/2_00014":{"width":200,"height":200},"2/2_00015":{"width":200,"height":200},"2/2_00016":{"width":200,"height":200},"2/2_00017":{"width":200,"height":200},"2/2_00018":{"width":200,"height":200},"2/2_00019":{"width":200,"height":200},"2/2_00020":{"width":200,"height":200}},"3/3_00026":{"3/3_00026":{"width":200,"height":200},"3/3_00027":{"width":200,"height":200},"3/3_00028":{"width":200,"height":200},"3/3_00029":{"width":200,"height":200},"3/3_00030":{"width":200,"height":200},"3/3_00031":{"width":200,"height":200},"3/3_00032":{"width":200,"height":200}},"4/4_00031":{"4/4_00031":{"width":200,"height":200},"4/4_00032":{"width":200,"height":200},"4/4_00033":{"width":200,"height":200},"4/4_00034":{"width":200,"height":200},"4/4_00035":{"width":200,"height":200},"4/4_00036":{"width":200,"height":200}},"5/5_00036":{"5/5_00036":{"width":200,"height":200},"5/5_00037":{"width":200,"height":200},"5/5_00038":{"width":200,"height":200},"5/5_00039":{"width":200,"height":200},"5/5_00040":{"width":200,"height":200},"5/5_00041":{"width":200,"height":200},"5/5_00042":{"width":200,"height":200},"5/5_00043":{"width":200,"height":200},"5/5_00044":{"width":200,"height":200},"5/5_00045":{"width":200,"height":200}},"6/6_00045":{"6/6_00045":{"width":200,"height":200},"6/6_00046":{"width":200,"height":200},"6/6_00047":{"width":200,"height":200},"6/6_00048":{"width":200,"height":200},"6/6_00049":{"width":200,"height":200},"6/6_00050":{"width":200,"height":200},"6/6_00051":{"width":200,"height":200},"6/6_00052":{"width":200,"height":200},"6/6_00053":{"width":200,"height":200},"6/6_00054":{"width":200,"height":200}},"huiguang/1_00001":{"huiguang/1_00001":{"width":135,"height":131},"huiguang/1_00003":{"width":135,"height":131},"huiguang/1_00005":{"width":135,"height":131},"huiguang/1_00007":{"width":135,"height":131},"huiguang/1_00009":{"width":135,"height":131},"huiguang/1_00011":{"width":135,"height":131},"huiguang/1_00013":{"width":135,"height":131},"huiguang/1_00015":{"width":135,"height":131},"huiguang/1_00017":{"width":135,"height":131},"huiguang/1_00019":{"width":135,"height":131}},"maobi1":{"maobi1":{"width":128,"height":130},"maobi2":{"y":60.32,"width":135,"height":131}},"yan/1_00000":{"yan/1_00000":{"width":200,"height":200},"yan/1_00001":{"width":200,"height":200},"yan/1_00002":{"width":200,"height":200},"yan/1_00003":{"width":200,"height":200},"yan/1_00004":{"width":200,"height":200},"yan/1_00005":{"width":200,"height":200},"yan/1_00006":{"width":200,"height":200},"yan/1_00007":{"width":200,"height":200},"yan/1_00008":{"width":200,"height":200},"yan/1_00009":{"width":200,"height":200},"yan/1_00010":{"width":200,"height":200},"yan/1_00011":{"width":200,"height":200},"yan/1_00012":{"width":200,"height":200},"yan/1_00013":{"width":200,"height":200},"yan/1_00014":{"width":200,"height":200},"yan/1_00015":{"width":200,"height":200},"yan/1_00016":{"width":200,"height":200},"yan/1_00017":{"width":200,"height":200},"yan/1_00018":{"width":200,"height":200},"yan/1_00019":{"width":200,"height":200}},"zi":{"zi":{"x":-2.04,"y":-0.6,"width":91,"height":130}}}},"animations":{"maobi1":{"slots":{"huiguang/1_00001":{"attachment":[{"time":0.5667,"name":"huiguang/1_00001"},{"time":0.6,"name":"huiguang/1_00003"},{"time":0.6333,"name":"huiguang/1_00005"},{"time":0.6667,"name":"huiguang/1_00007"},{"time":0.7,"name":"huiguang/1_00009"},{"time":0.7333,"name":"huiguang/1_00011"},{"time":0.7667,"name":"huiguang/1_00013"},{"time":0.8,"name":"huiguang/1_00015"},{"time":0.8333,"name":"huiguang/1_00017"},{"time":0.8667,"name":"huiguang/1_00019"},{"time":0.9,"name":null}]},"maobi1":{"attachment":[{"time":0,"name":null},{"time":0.1667,"name":"maobi2"}]},"yan/1_00000":{"color":[{"time":0,"color":"ffffff00"},{"time":0.1,"color":"fffffffe","curve":"stepped"},{"time":0.5,"color":"fffffffe"},{"time":0.6667,"color":"ffffff00"}],"attachment":[{"time":0,"name":"yan/1_00000"},{"time":0.0333,"name":"yan/1_00001"},{"time":0.0667,"name":"yan/1_00002"},{"time":0.1,"name":"yan/1_00003"},{"time":0.1333,"name":"yan/1_00004"},{"time":0.1667,"name":"yan/1_00005"},{"time":0.2,"name":"yan/1_00006"},{"time":0.2333,"name":"yan/1_00007"},{"time":0.2667,"name":"yan/1_00008"},{"time":0.3,"name":"yan/1_00009"},{"time":0.3333,"name":"yan/1_00010"},{"time":0.3667,"name":"yan/1_00011"},{"time":0.4,"name":"yan/1_00012"},{"time":0.4333,"name":"yan/1_00013"},{"time":0.4667,"name":"yan/1_00014"},{"time":0.5,"name":"yan/1_00015"},{"time":0.5333,"name":"yan/1_00016"},{"time":0.5667,"name":"yan/1_00017"},{"time":0.6,"name":"yan/1_00018"},{"time":0.6333,"name":"yan/1_00019"},{"time":0.6667,"name":null}]}},"bones":{"maobi1":{"translate":[{"time":0.1667,"x":0,"y":-78}],"scale":[{"time":0.1667,"x":0,"y":0},{"time":0.3,"x":1.4,"y":1.4},{"time":0.3667,"x":0.8,"y":0.8},{"time":0.4,"x":1.1,"y":1.1},{"time":0.4333,"x":0.9,"y":0.9},{"time":0.4667,"x":1,"y":1}]},"liuguang":{"translate":[{"time":0.5667,"x":0,"y":-17.68}]}}},"maobi2":{"slots":{"1/1_00001":{"attachment":[{"time":0.1,"name":"1/1_00001"},{"time":0.1667,"name":"1/1_00002"},{"time":0.2333,"name":"1/1_00003"},{"time":0.3,"name":"1/1_00004"},{"time":0.3667,"name":"1/1_00005"},{"time":0.4333,"name":"1/1_00006"},{"time":0.5,"name":"1/1_00007"},{"time":0.5667,"name":"1/1_00008"},{"time":0.6333,"name":"1/1_00009"},{"time":0.7,"name":"1/1_00010"}]},"2/2_00011":{"attachment":[{"time":0.6667,"name":"2/2_00011"},{"time":0.7,"name":"2/2_00012"},{"time":0.7333,"name":"2/2_00013"},{"time":0.7667,"name":"2/2_00014"},{"time":0.8,"name":"2/2_00015"},{"time":0.8333,"name":"2/2_00016"},{"time":0.8667,"name":"2/2_00017"},{"time":0.9,"name":"2/2_00018"},{"time":0.9333,"name":"2/2_00019"},{"time":0.9667,"name":"2/2_00020"}]},"3/3_00026":{"attachment":[{"time":1.0667,"name":"3/3_00026"},{"time":1.1,"name":"3/3_00027"},{"time":1.1333,"name":"3/3_00028"},{"time":1.1667,"name":"3/3_00029"},{"time":1.2,"name":"3/3_00030"},{"time":1.2333,"name":"3/3_00031"},{"time":1.2667,"name":"3/3_00032"}]},"4/4_00031":{"attachment":[{"time":1.2667,"name":"4/4_00031"},{"time":1.3,"name":"4/4_00032"},{"time":1.3333,"name":"4/4_00033"},{"time":1.3667,"name":"4/4_00034"},{"time":1.4,"name":"4/4_00035"},{"time":1.4333,"name":"4/4_00036"}]},"5/5_00036":{"attachment":[{"time":1.4333,"name":"5/5_00036"},{"time":1.4667,"name":"5/5_00037"},{"time":1.5,"name":"5/5_00038"},{"time":1.5333,"name":"5/5_00039"},{"time":1.5667,"name":"5/5_00040"},{"time":1.6,"name":"5/5_00041"},{"time":1.6333,"name":"5/5_00042"},{"time":1.6667,"name":"5/5_00043"},{"time":1.7,"name":"5/5_00044"},{"time":1.7333,"name":"5/5_00045"}]},"6/6_00045":{"attachment":[{"time":1.7667,"name":"6/6_00045"},{"time":1.8333,"name":"6/6_00046"},{"time":1.9,"name":"6/6_00047"},{"time":1.9667,"name":"6/6_00048"},{"time":2.0333,"name":"6/6_00049"},{"time":2.1,"name":"6/6_00050"},{"time":2.1667,"name":"6/6_00051"},{"time":2.2333,"name":"6/6_00052"},{"time":2.3,"name":"6/6_00053"},{"time":2.3667,"name":"6/6_00054"}]},"maobi1":{"attachment":[{"time":0,"name":"maobi1"},{"time":0.1,"name":"maobi1"}]},"maobi2":{"attachment":[{"time":1.1667,"name":null}]},"zi":{"color":[{"time":2.5667,"color":"fffffffe","curve":[0.25,0,0.75,1]},{"time":2.7667,"color":"ffffff00"}],"attachment":[{"time":0,"name":null},{"time":2.4667,"name":null},{"time":2.5,"name":"zi"}]}},"bones":{"maobi1":{"translate":[{"time":0,"x":19.87,"y":98.27,"curve":[0.25,0,0.75,1]},{"time":0.0333,"x":17.18,"y":100.96,"curve":[0.25,0,0.75,1]},{"time":0.0667,"x":19.33,"y":93.97,"curve":[0.25,0,0.75,1]},{"time":0.1,"x":19.87,"y":98.27,"curve":[0.25,0,0.75,1]},{"time":0.1667,"x":24.24,"y":87.01,"curve":[0.25,0,0.75,1]},{"time":0.2,"x":25.63,"y":76.96,"curve":[0.25,0,0.75,1]},{"time":0.2333,"x":25.36,"y":76.79,"curve":[0.25,0,0.75,1]},{"time":0.2667,"x":25.09,"y":75.44,"curve":[0.25,0,0.75,1]},{"time":0.3,"x":24.82,"y":63.85,"curve":[0.25,0,0.75,1]},{"time":0.3667,"x":24.28,"y":63.01,"curve":[0.25,0,0.75,1]},{"time":0.4,"x":20.18,"y":55.77,"curve":[0.25,0,0.75,1]},{"time":0.5,"x":20.1,"y":52.99,"curve":[0.25,0,0.75,1]},{"time":0.6,"x":32.31,"y":106.62},{"time":0.6333,"x":43.82,"y":99.01},{"time":0.9667,"x":19.57,"y":22.19},{"time":1.0667,"x":58.86,"y":81.13},{"time":1.1667,"x":58.86,"y":44.49},{"time":1.3,"x":62.58,"y":74.23},{"time":1.4333,"x":81.17,"y":99.18},{"time":1.5667,"x":67.89,"y":47.15},{"time":1.6333,"x":83.82,"y":47.15},{"time":1.7333,"x":67.89,"y":120.42},{"time":2.2,"x":67.89,"y":17.94},{"time":2.3667,"x":94.44,"y":17.94},{"time":2.4667,"x":83.29,"y":-19.23}]},"maobi2":{"translate":[{"time":1,"x":18.27,"y":53.36,"curve":[0.25,0,0.75,1]},{"time":1.1333,"x":31.8,"y":109.94}]},"zi":{"scale":[{"time":2.5,"x":1,"y":1,"curve":[0.25,0,0.75,1]},{"time":2.8333,"x":1.7,"y":1.7}]}},"drawOrder":[{"time":0,"offsets":[{"slot":"zi","offset":-2}]}]}}}