{
  "ID": "ad8044cb-a0f9-4937-9e24-cedb1b843a94",
  "Version": "3.10.0.0",
  "Name": "PopTishi",
  "Content": {
    "Content": {
      "Animation": {
        "Duration": 0,
        "Speed": 1.0,
        "Timelines": [],
        "ctype": "TimelineActionData"
      },
      "AnimationList": [],
      "ObjectData": {
        "Children": [
          {
            "ClipAble": false,
            "BackColorAlpha": 0,
            "ComboBoxIndex": 1,
            "SingleColor": {
              "R": 0,
              "G": 0,
              "B": 0
            },
            "FirstColor": {
              "R": 150,
              "G": 200
            },
            "EndColor": {},
            "ColorVector": {
              "ScaleY": 1.0
            },
            "Scale9Width": 1,
            "Scale9Height": 1,
            "TouchEnable": true,
            "AnchorPoint": {},
            "Position": {
              "X": 0.0,
              "Y": 0.0
            },
            "Scale": {
              "ScaleX": 1.0,
              "ScaleY": 1.0
            },
            "CColor": {},
            "IconVisible": false,
            "PrePosition": {
              "X": 0.0,
              "Y": 0.0
            },
            "PreSize": {
              "X": 1.0,
              "Y": 1.0
            },
            "Tag": 197,
            "Children": [
              {
                "FileData": {
                  "Type": "Normal",
                  "Path": "image/ui/common/PopTishi.png",
                  "Plist": ""
                },
                "Scale9Enable": true,
                "Scale9OriginX": 15,
                "Scale9OriginY": 21,
                "Scale9Width": 713,
                "Scale9Height": 381,
                "TouchEnable": true,
                "AnchorPoint": {
                  "ScaleX": 1.0
                },
                "Position": {
                  "X": 1011.456,
                  "Y": 321.408
                },
                "Scale": {
                  "ScaleX": 1.0,
                  "ScaleY": 1.0
                },
                "CColor": {},
                "IconVisible": false,
                "PositionPercentXEnabled": true,
                "PositionPercentYEnabled": true,
                "PrePosition": {
                  "X": 0.7902,
                  "Y": 0.4464
                },
                "PreSize": {
                  "X": 0.5078,
                  "Y": 0.3472
                },
                "LeftMargin": 361.456,
                "RightMargin": 268.544,
                "TopMargin": 148.592,
                "BottomMargin": 321.408,
                "Tag": 33,
                "Children": [
                  {
                    "IsCustomSize": true,
                    "FontSize": 34,
                    "LabelText": "亲爱的玩家，建议您选择微信登录。游客模式下的游戏数据在更换设备时将无法找回，确定登录吗回，确定登录吗回，确定登录吗回，确定登录吗，确定登录吗",
                    "FontResource": {
                      "Type": "Normal",
                      "Path": "image/fonts/FZZY.TTF",
                      "Plist": ""
                    },
                    "HorizontalAlignmentType": "HT_Center",
                    "VerticalAlignmentType": "VT_Center",
                    "OutlineColor": {
                      "R": 139,
                      "G": 105,
                      "B": 20
                    },
                    "ShadowColor": {
                      "R": 26,
                      "G": 26,
                      "B": 26
                    },
                    "ShadowOffsetX": 1.0,
                    "ShadowOffsetY": -1.0,
                    "AnchorPoint": {
                      "ScaleX": 0.5,
                      "ScaleY": 0.5
                    },
                    "Position": {
                      "X": 325.0,
                      "Y": 125.0
                    },
                    "Scale": {
                      "ScaleX": 1.0,
                      "ScaleY": 1.0
                    },
                    "RotationSkewX": 0.1731,
                    "RotationSkewY": 0.1731,
                    "CColor": {
                      "R": 253,
                      "G": 244,
                      "B": 170
                    },
                    "IconVisible": false,
                    "PositionPercentXEnabled": true,
                    "PositionPercentYEnabled": true,
                    "PrePosition": {
                      "X": 0.5,
                      "Y": 0.5
                    },
                    "PreSize": {
                      "X": 0.9833,
                      "Y": 0.8
                    },
                    "LeftMargin": 5.426,
                    "RightMargin": 5.426,
                    "TopMargin": 25.0,
                    "BottomMargin": 25.0,
                    "Tag": 234,
                    "ActionTag": 564154279,
                    "Size": {
                      "X": 639.1481,
                      "Y": 200.0
                    },
                    "Name": "lb_content",
                    "ctype": "TextObjectData"
                  }
                ],
                "ActionTag": 1426456790,
                "Size": {
                  "X": 650.0,
                  "Y": 250.0
                },
                "Name": "panel",
                "ctype": "ImageViewObjectData"
              }
            ],
            "ActionTag": -33404820,
            "Size": {
              "X": 1280.0,
              "Y": 720.0
            },
            "Name": "root",
            "ctype": "PanelObjectData"
          }
        ],
        "Size": {
          "X": 1280.0,
          "Y": 720.0
        },
        "Name": "Scene",
        "ctype": "SingleNodeObjectData"
      },
      "UsedResources": [
        "../../image/fonts/FZZY.TTF",
        "../../image/ui/common/PopTishi.png"
      ],
      "ctype": "GameFileData"
    }
  },
  "Type": "Scene"
}