{
  "ID": "5fdaac8f-f7c1-42e0-ad74-20e8ef3b4f2c",
  "Version": "3.10.0.0",
  "Name": "Login",
  "Content": {
    "Content": {
      "Animation": {
        "Duration": 0,
        "Speed": 1.0,
        "Timelines": [],
        "ctype": "TimelineActionData"
      },
      "AnimationList": [],
      "ObjectData": {
        "Tag": 3,
        "Children": [
          {
            "FileData": {
              "Type": "Normal",
              "Path": "image/ui/login/bg.jpg",
              "Plist": ""
            },
            "Scale9OriginX": 422,
            "Scale9OriginY": 237,
            "Scale9Width": 436,
            "Scale9Height": 246,
            "AnchorPoint": {},
            "Position": {
              "X": 0.0,
              "Y": 0.0
            },
            "Scale": {
              "ScaleX": 1.0,
              "ScaleY": 1.0
            },
            "CColor": {},
            "IconVisible": false,
            "PrePosition": {
              "X": 0.0,
              "Y": 0.0
            },
            "PreSize": {
              "X": 1.0,
              "Y": 1.0
            },
            "Tag": 20,
            "ActionTag": -1852902886,
            "Size": {
              "X": 1280.0,
              "Y": 720.0
            },
            "Name": "bg",
            "ctype": "ImageViewObjectData"
          },
          {
            "AnchorPoint": {},
            "Position": {
              "X": 449.7704,
              "Y": 73.7884
            },
            "Scale": {
              "ScaleX": 1.0,
              "ScaleY": 1.0
            },
            "CColor": {},
            "IconVisible": true,
            "PrePosition": {
              "X": 0.3514,
              "Y": 0.1025
            },
            "PreSize": {
              "X": 0.0,
              "Y": 0.0
            },
            "LeftMargin": 449.7704,
            "RightMargin": 830.2296,
            "TopMargin": 646.2116,
            "BottomMargin": 73.7884,
            "Tag": 128,
            "Children": [
              {
                "CheckedState": true,
                "NormalBackFileData": {
                  "Type": "Normal",
                  "Path": "image/ui/login/checkbg.png",
                  "Plist": ""
                },
                "PressedBackFileData": {
                  "Type": "Normal",
                  "Path": "image/ui/login/checkbg.png",
                  "Plist": ""
                },
                "DisableBackFileData": {
                  "Type": "Normal",
                  "Path": "image/ui/login/checkbg.png",
                  "Plist": ""
                },
                "NodeNormalFileData": {
                  "Type": "Normal",
                  "Path": "image/ui/login/check.png",
                  "Plist": ""
                },
                "NodeDisableFileData": {
                  "Type": "Normal",
                  "Path": "image/ui/login/check.png",
                  "Plist": ""
                },
                "TouchEnable": true,
                "AnchorPoint": {
                  "ScaleX": 0.5,
                  "ScaleY": 0.5
                },
                "Position": {
                  "X": 94.3402,
                  "Y": 6.5751
                },
                "Scale": {
                  "ScaleX": 1.0,
                  "ScaleY": 1.0
                },
                "CColor": {},
                "IconVisible": false,
                "PrePosition": {
                  "X": 0.0,
                  "Y": 0.0
                },
                "PreSize": {
                  "X": 0.0,
                  "Y": 0.0
                },
                "LeftMargin": 80.8402,
                "RightMargin": -107.8402,
                "TopMargin": -20.0751,
                "BottomMargin": -6.9249,
                "Tag": 21,
                "ActionTag": 1930797208,
                "Size": {
                  "X": 27.0,
                  "Y": 27.0
                },
                "Name": "cbBox",
                "ctype": "CheckBoxObjectData"
              },
              {
                "FileData": {
                  "Type": "Normal",
                  "Path": "image/ui/login/login_xieyi.png",
                  "Plist": ""
                },
                "BlendFunc": {
                  "Src": 1,
                  "Dst": 771
                },
                "AnchorPoint": {
                  "ScaleX": 0.5,
                  "ScaleY": 0.5
                },
                "Position": {
                  "X": 223.0512,
                  "Y": 0.4245
                },
                "Scale": {
                  "ScaleX": 1.0,
                  "ScaleY": 1.0
                },
                "CColor": {},
                "IconVisible": false,
                "PrePosition": {
                  "X": 0.0,
                  "Y": 0.0
                },
                "PreSize": {
                  "X": 0.0,
                  "Y": 0.0
                },
                "LeftMargin": 133.0512,
                "RightMargin": -313.0512,
                "TopMargin": -14.4245,
                "BottomMargin": -13.5755,
                "Tag": 176,
                "ActionTag": -75123312,
                "Size": {
                  "X": 180.0,
                  "Y": 28.0
                },
                "Name": "login_xieyi_3",
                "ctype": "SpriteObjectData"
              }
            ],
            "ActionTag": -118462547,
            "Size": {
              "X": 0.0,
              "Y": 0.0
            },
            "Name": "xieyi",
            "ctype": "SingleNodeObjectData"
          },
          {
            "FileData": {
              "Type": "Normal",
              "Path": "image/ui/login/btguest.png",
              "Plist": ""
            },
            "BlendFunc": {
              "Src": 1,
              "Dst": 771
            },
            "AnchorPoint": {
              "ScaleX": 0.5,
              "ScaleY": 0.5
            },
            "Position": {
              "X": 826.4921,
              "Y": 160.2842
            },
            "Scale": {
              "ScaleX": 1.0,
              "ScaleY": 1.0
            },
            "CColor": {},
            "IconVisible": false,
            "PrePosition": {
              "X": 0.6457,
              "Y": 0.2226
            },
            "PreSize": {
              "X": 0.2461,
              "Y": 0.1361
            },
            "LeftMargin": 668.9921,
            "RightMargin": 296.0079,
            "TopMargin": 510.7158,
            "BottomMargin": 111.2842,
            "Tag": 123,
            "ActionTag": -317196026,
            "Size": {
              "X": 315.0,
              "Y": 98.0
            },
            "Name": "btGuest",
            "ctype": "SpriteObjectData"
          },
          {
            "FileData": {
              "Type": "Normal",
              "Path": "image/ui/login/btweixin.png",
              "Plist": ""
            },
            "BlendFunc": {
              "Src": 1,
              "Dst": 771
            },
            "AnchorPoint": {
              "ScaleX": 0.5,
              "ScaleY": 0.5
            },
            "Position": {
              "X": 636.6283,
              "Y": 166.7258
            },
            "Scale": {
              "ScaleX": 1.0,
              "ScaleY": 1.0
            },
            "CColor": {},
            "IconVisible": false,
            "PositionPercentXEnabled": true,
            "PrePosition": {
              "X": 0.4974,
              "Y": 0.2316
            },
            "PreSize": {
              "X": 0.2086,
              "Y": 0.1153
            },
            "LeftMargin": 503.1283,
            "RightMargin": 509.8717,
            "TopMargin": 511.7742,
            "BottomMargin": 125.2258,
            "Tag": 124,
            "ActionTag": -628772851,
            "Size": {
              "X": 267.0,
              "Y": 83.0
            },
            "Name": "btWeiXin",
            "ctype": "SpriteObjectData"
          },
          {
            "FontSize": 30,
            "IsCustomSize": true,
            "LabelText": "",
            "PlaceHolderText": "输入登陆ID",
            "MaxLengthText": 10,
            "TouchEnable": true,
            "AnchorPoint": {
              "ScaleX": 0.5,
              "ScaleY": 0.5
            },
            "Position": {
              "X": 902.0947,
              "Y": 76.2603
            },
            "Scale": {
              "ScaleX": 1.0,
              "ScaleY": 1.0
            },
            "CColor": {},
            "IconVisible": false,
            "PrePosition": {
              "X": 0.7048,
              "Y": 0.1059
            },
            "PreSize": {
              "X": 0.1563,
              "Y": 0.0556
            },
            "LeftMargin": 802.0947,
            "RightMargin": 277.9053,
            "TopMargin": 623.7397,
            "BottomMargin": 56.2603,
            "Tag": 170,
            "ActionTag": 396011228,
            "Size": {
              "X": 200.0,
              "Y": 40.0
            },
            "Name": "tfUserId",
            "ctype": "TextFieldObjectData"
          },
          {
            "FontSize": 22,
            "LabelText": "88.88.88.88",
            "FontResource": {
              "Type": "Normal",
              "Path": "image/fonts/FZZY.TTF",
              "Plist": ""
            },
            "HorizontalAlignmentType": "HT_Right",
            "VerticalAlignmentType": "VT_Center",
            "OutlineColor": {
              "R": 0,
              "G": 0,
              "B": 0
            },
            "ShadowColor": {
              "R": 110,
              "G": 110,
              "B": 110
            },
            "ShadowOffsetX": 2.0,
            "ShadowOffsetY": -2.0,
            "AnchorPoint": {
              "ScaleX": 0.5,
              "ScaleY": 0.5
            },
            "Position": {
              "X": 1209.7698,
              "Y": 57.9809
            },
            "Scale": {
              "ScaleX": 1.0,
              "ScaleY": 1.0
            },
            "CColor": {},
            "IconVisible": false,
            "PrePosition": {
              "X": 0.9451,
              "Y": 0.0805
            },
            "PreSize": {
              "X": 0.0906,
              "Y": 0.0347
            },
            "LeftMargin": 1151.7698,
            "RightMargin": 12.2302,
            "TopMargin": 649.5191,
            "BottomMargin": 45.4809,
            "Tag": 83,
            "ActionTag": 1554148841,
            "Size": {
              "X": 116.0,
              "Y": 25.0
            },
            "VisibleForFrame": false,
            "Name": "version",
            "ctype": "TextObjectData"
          },
          {
            "FileData": {
              "Type": "Normal",
              "Path": "image/ui/login/equipupgrade_progress_b.png",
              "Plist": ""
            },
            "BlendFunc": {
              "Src": 1,
              "Dst": 771
            },
            "AnchorPoint": {
              "ScaleX": 0.5,
              "ScaleY": 0.5
            },
            "Position": {
              "X": 640.0,
              "Y": 124.7138
            },
            "Scale": {
              "ScaleX": 1.0,
              "ScaleY": 1.0
            },
            "CColor": {},
            "IconVisible": false,
            "PositionPercentXEnabled": true,
            "PrePosition": {
              "X": 0.5,
              "Y": 0.1732
            },
            "PreSize": {
              "X": 0.5352,
              "Y": 0.0431
            },
            "LeftMargin": 297.5,
            "RightMargin": 297.5,
            "TopMargin": 579.7862,
            "BottomMargin": 109.2138,
            "Tag": 9,
            "Children": [
              {
                "ProgressInfo": 36,
                "ImageFileData": {
                  "Type": "Normal",
                  "Path": "image/ui/login/equipupgrade_progress_.png",
                  "Plist": ""
                },
                "AnchorPoint": {
                  "ScaleX": 0.5,
                  "ScaleY": 0.5
                },
                "Position": {
                  "X": 342.5,
                  "Y": 38.4989
                },
                "Scale": {
                  "ScaleX": 1.0,
                  "ScaleY": 1.0
                },
                "CColor": {},
                "IconVisible": false,
                "PositionPercentXEnabled": true,
                "PositionPercentYEnabled": true,
                "PrePosition": {
                  "X": 0.5,
                  "Y": 1.2419
                },
                "PreSize": {
                  "X": 1.2292,
                  "Y": 0.7742
                },
                "LeftMargin": -78.5,
                "RightMargin": -78.5,
                "TopMargin": -19.4989,
                "BottomMargin": 26.4989,
                "Tag": 11,
                "ActionTag": 159709878,
                "Size": {
                  "X": 842.0,
                  "Y": 24.0
                },
                "Name": "progress",
                "ctype": "LoadingBarObjectData"
              }
            ],
            "ActionTag": -792642672,
            "Size": {
              "X": 685.0,
              "Y": 31.0
            },
            "VisibleForFrame": false,
            "Name": "progress_bg",
            "ctype": "SpriteObjectData"
          },
          {
            "FontSize": 24,
            "LabelText": "____________________________________正在检查更新____________________________________",
            "FontResource": {
              "Type": "Normal",
              "Path": "image/fonts/FZZY.TTF",
              "Plist": ""
            },
            "HorizontalAlignmentType": "HT_Center",
            "VerticalAlignmentType": "VT_Center",
            "OutlineColor": {
              "G": 0,
              "B": 0
            },
            "ShadowColor": {
              "R": 110,
              "G": 110,
              "B": 110
            },
            "ShadowOffsetX": 1.0,
            "ShadowOffsetY": -1.0,
            "ShadowEnabled": true,
            "AnchorPoint": {
              "ScaleX": 0.5,
              "ScaleY": 0.5
            },
            "Position": {
              "X": 640.0,
              "Y": 160.0
            },
            "Scale": {
              "ScaleX": 1.0,
              "ScaleY": 1.0
            },
            "CColor": {
              "R": 28,
              "G": 28,
              "B": 28
            },
            "IconVisible": false,
            "PositionPercentXEnabled": true,
            "PrePosition": {
              "X": 0.5,
              "Y": 0.2222
            },
            "PreSize": {
              "X": 0.7906,
              "Y": 0.0375
            },
            "LeftMargin": 134.0,
            "RightMargin": 134.0,
            "TopMargin": 546.5,
            "BottomMargin": 146.5,
            "Tag": 12,
            "ActionTag": 1915693687,
            "Size": {
              "X": 1012.0,
              "Y": 27.0
            },
            "VisibleForFrame": false,
            "Name": "progress_label",
            "ctype": "TextObjectData"
          },
          {
            "FileData": {
              "Type": "Normal",
              "Path": "image/ui/login/reset.png",
              "Plist": ""
            },
            "BlendFunc": {
              "Src": 1,
              "Dst": 771
            },
            "AnchorPoint": {
              "ScaleX": 0.5,
              "ScaleY": 0.5
            },
            "Position": {
              "X": 45.0,
              "Y": 670.0
            },
            "Scale": {
              "ScaleX": 1.0,
              "ScaleY": 1.0
            },
            "CColor": {},
            "IconVisible": false,
            "PrePosition": {
              "X": 0.0352,
              "Y": 0.9306
            },
            "PreSize": {
              "X": 0.0594,
              "Y": 0.1139
            },
            "LeftMargin": 7.0,
            "RightMargin": 1197.0,
            "TopMargin": 9.0,
            "BottomMargin": 629.0,
            "Tag": 174,
            "ActionTag": -2075675153,
            "Size": {
              "X": 76.0,
              "Y": 82.0
            },
            "Name": "btn_refresh",
            "ctype": "SpriteObjectData"
          },
          {
            "FileData": {
              "Type": "Normal",
              "Path": "image/ui/login/login_tip.png",
              "Plist": ""
            },
            "BlendFunc": {
              "Src": 1,
              "Dst": 771
            },
            "AnchorPoint": {
              "ScaleX": 0.5,
              "ScaleY": 0.5
            },
            "Position": {
              "X": 640.0,
              "Y": 16.0
            },
            "Scale": {
              "ScaleX": 1.0,
              "ScaleY": 1.0
            },
            "CColor": {},
            "IconVisible": false,
            "PositionPercentXEnabled": true,
            "PrePosition": {
              "X": 0.5,
              "Y": 0.0222
            },
            "PreSize": {
              "X": 0.9594,
              "Y": 0.0375
            },
            "LeftMargin": 26.0,
            "RightMargin": 26.0,
            "TopMargin": 690.5,
            "BottomMargin": 2.5,
            "Tag": 175,
            "ActionTag": -1822997286,
            "Size": {
              "X": 1228.0,
              "Y": 27.0
            },
            "Name": "login_tip_2",
            "ctype": "SpriteObjectData"
          },
          {
            "FileData": {
              "Type": "Normal",
              "Path": "image/ui/login/login_title.png",
              "Plist": ""
            },
            "BlendFunc": {
              "Src": 1,
              "Dst": 771
            },
            "AnchorPoint": {
              "ScaleX": 0.5,
              "ScaleY": 0.5036
            },
            "Position": {
              "X": 640.0,
              "Y": 432.0
            },
            "Scale": {
              "ScaleX": 1.0,
              "ScaleY": 1.0
            },
            "CColor": {},
            "IconVisible": false,
            "PositionPercentXEnabled": true,
            "PositionPercentYEnabled": true,
            "PrePosition": {
              "X": 0.5,
              "Y": 0.6
            },
            "PreSize": {
              "X": 0.6266,
              "Y": 0.3125
            },
            "LeftMargin": 239.0,
            "RightMargin": 239.0,
            "TopMargin": 176.3099,
            "BottomMargin": 318.69,
            "Tag": 127,
            "ActionTag": -478444335,
            "Size": {
              "X": 802.0,
              "Y": 225.0
            },
            "Name": "login_title_12",
            "ctype": "SpriteObjectData"
          },
          {
            "FileData": {
              "Type": "Normal",
              "Path": "image/ui/login/btxianliao.png",
              "Plist": ""
            },
            "BlendFunc": {
              "Src": 1,
              "Dst": 771
            },
            "AnchorPoint": {
              "ScaleX": 0.5,
              "ScaleY": 0.5
            },
            "Position": {
              "X": 943.2279,
              "Y": 166.7258
            },
            "Scale": {
              "ScaleX": 1.0,
              "ScaleY": 1.0
            },
            "CColor": {},
            "IconVisible": false,
            "PositionPercentXEnabled": true,
            "PrePosition": {
              "X": 0.7369,
              "Y": 0.2316
            },
            "PreSize": {
              "X": 0.2086,
              "Y": 0.1153
            },
            "LeftMargin": 809.7279,
            "RightMargin": 203.2721,
            "TopMargin": 511.7742,
            "BottomMargin": 125.2258,
            "Tag": 16,
            "ActionTag": -2055894927,
            "Size": {
              "X": 267.0,
              "Y": 83.0
            },
            "Name": "btXianLiao",
            "ctype": "SpriteObjectData"
          },
          {
            "FileData": {
              "Type": "Normal",
              "Path": "image/ui/login/btn_liaobei.png",
              "Plist": ""
            },
            "BlendFunc": {
              "Src": 1,
              "Dst": 771
            },
            "AnchorPoint": {
              "ScaleX": 0.5,
              "ScaleY": 0.5
            },
            "Position": {
              "X": 330.0285,
              "Y": 166.7258
            },
            "Scale": {
              "ScaleX": 1.0,
              "ScaleY": 1.0
            },
            "CColor": {},
            "IconVisible": false,
            "PrePosition": {
              "X": 0.2578,
              "Y": 0.2316
            },
            "PreSize": {
              "X": 0.2086,
              "Y": 0.1153
            },
            "LeftMargin": 196.5285,
            "RightMargin": 816.4714,
            "TopMargin": 511.7742,
            "BottomMargin": 125.2258,
            "Tag": 17,
            "ActionTag": -634887974,
            "Size": {
              "X": 267.0,
              "Y": 83.0
            },
            "Name": "btLiaobei",
            "ctype": "SpriteObjectData"
          }
        ],
        "Size": {
          "X": 1280.0,
          "Y": 720.0
        },
        "Name": "Scene",
        "ctype": "SingleNodeObjectData"
      },
      "UsedResources": [
        "../../image/fonts/FZZY.TTF",
        "../../image/ui/login/bg.jpg",
        "../../image/ui/login/btguest.png",
        "../../image/ui/login/btn_liaobei.png",
        "../../image/ui/login/btweixin.png",
        "../../image/ui/login/btxianliao.png",
        "../../image/ui/login/check.png",
        "../../image/ui/login/checkbg.png",
        "../../image/ui/login/equipupgrade_progress_.png",
        "../../image/ui/login/equipupgrade_progress_b.png",
        "../../image/ui/login/login_tip.png",
        "../../image/ui/login/login_title.png",
        "../../image/ui/login/login_xieyi.png",
        "../../image/ui/login/reset.png"
      ],
      "ctype": "GameFileData"
    }
  },
  "Type": "Scene"
}