{
  "ID": "76f5910e-2967-4f5a-80c8-0f34fd27ab78",
  "Version": "3.10.0.0",
  "Name": "CardUnit",
  "Content": {
    "Content": {
      "Animation": {
        "Duration": 0,
        "Speed": 1.0,
        "Timelines": [],
        "ctype": "TimelineActionData"
      },
      "AnimationList": [],
      "ObjectData": {
        "Tag": 374,
        "Children": [
          {
            "FileData": {
              "Type": "PlistSubImage",
              "Path": "poker_epz/pai_0.png",
              "Plist": "submodules/epz/image/base/card/poker_epz.plist"
            },
            "BlendFunc": {
              "Src": 1,
              "Dst": 771
            },
            "AnchorPoint": {},
            "Position": {
              "X": 0.0,
              "Y": 0.0
            },
            "Scale": {
              "ScaleX": 0.7,
              "ScaleY": 0.7
            },
            "CColor": {},
            "IconVisible": false,
            "PrePosition": {
              "X": 0.0,
              "Y": 0.0
            },
            "PreSize": {
              "X": 0.0,
              "Y": 0.0
            },
            "RightMargin": -162.0,
            "TopMargin": -220.0,
            "Tag": 375,
            "Children": [
              {
                "FileData": {
                  "Type": "Normal",
                  "Path": "submodules/epz/image/base/card/card_bg.png",
                  "Plist": ""
                },
                "BlendFunc": {
                  "Src": 1,
                  "Dst": 771
                },
                "AnchorPoint": {
                  "ScaleX": 0.5,
                  "ScaleY": 0.5
                },
                "Position": {
                  "X": 81.0,
                  "Y": 110.0
                },
                "Scale": {
                  "ScaleX": 1.0,
                  "ScaleY": 1.0
                },
                "CColor": {},
                "IconVisible": false,
                "PositionPercentXEnabled": true,
                "PositionPercentYEnabled": true,
                "PrePosition": {
                  "X": 0.5,
                  "Y": 0.5
                },
                "PreSize": {
                  "X": 1.0,
                  "Y": 1.0
                },
                "Tag": 1125,
                "ActionTag": -1345864224,
                "Size": {
                  "X": 162.0,
                  "Y": 220.0
                },
                "Name": "bei",
                "ctype": "SpriteObjectData"
              }
            ],
            "ActionTag": 1236227140,
            "Size": {
              "X": 162.0,
              "Y": 220.0
            },
            "Name": "pai",
            "ctype": "SpriteObjectData"
          }
        ],
        "Size": {
          "X": 0.0,
          "Y": 0.0
        },
        "Name": "Node",
        "ctype": "SingleNodeObjectData"
      },
      "UsedResources": [
        "../../../image/base/card/card_bg.png",
        "../../../image/base/card/poker_epz.plist",
        "../../../image/base/card/poker_epz.png"
      ],
      "ctype": "GameFileData"
    }
  },
  "Type": "Node"
}