{
  "ID": "3186934a-9454-41b3-b8fd-477eea907bfc",
  "Version": "3.10.0.0",
  "Name": "CardTypeUnit",
  "Content": {
    "Content": {
      "Animation": {
        "Duration": 0,
        "Speed": 1.0,
        "Timelines": [],
        "ctype": "TimelineActionData"
      },
      "AnimationList": [],
      "ObjectData": {
        "Tag": 1372,
        "Children": [
          {
            "AnchorPoint": {},
            "Position": {
              "X": 0.0,
              "Y": 0.0
            },
            "Scale": {
              "ScaleX": 1.0,
              "ScaleY": 1.0
            },
            "CColor": {},
            "IconVisible": true,
            "PrePosition": {
              "X": 0.0,
              "Y": 0.0
            },
            "PreSize": {
              "X": 0.0,
              "Y": 0.0
            },
            "Tag": 1380,
            "Children": [
              {
                "FileData": {
                  "Type": "Normal",
                  "Path": "submodules/epz/image/base/card/bg_3.png",
                  "Plist": ""
                },
                "BlendFunc": {
                  "Src": 1,
                  "Dst": 771
                },
                "AnchorPoint": {
                  "ScaleX": 0.5,
                  "ScaleY": 0.5
                },
                "Position": {
                  "X": 0.0,
                  "Y": -9.0
                },
                "Scale": {
                  "ScaleX": 1.0,
                  "ScaleY": 1.0
                },
                "CColor": {},
                "IconVisible": false,
                "PrePosition": {
                  "X": 0.0,
                  "Y": 0.0
                },
                "PreSize": {
                  "X": 0.0,
                  "Y": 0.0
                },
                "LeftMargin": -73.0,
                "RightMargin": -73.0,
                "TopMargin": -16.5,
                "BottomMargin": -34.5,
                "Tag": 1157,
                "ActionTag": 121828571,
                "Size": {
                  "X": 146.0,
                  "Y": 51.0
                },
                "Name": "bg",
                "ctype": "SpriteObjectData"
              },
              {
                "FileData": {
                  "Type": "Normal",
                  "Path": "submodules/epz/image/base/card/bg_4.png",
                  "Plist": ""
                },
                "BlendFunc": {
                  "Src": 1,
                  "Dst": 771
                },
                "AnchorPoint": {
                  "ScaleX": 0.5,
                  "ScaleY": 0.5
                },
                "Position": {
                  "X": 0.0,
                  "Y": 0.0
                },
                "Scale": {
                  "ScaleX": 1.0,
                  "ScaleY": 1.0
                },
                "CColor": {},
                "IconVisible": false,
                "PrePosition": {
                  "X": 0.0,
                  "Y": 0.0
                },
                "PreSize": {
                  "X": 0.0,
                  "Y": 0.0
                },
                "LeftMargin": -92.0,
                "RightMargin": -92.0,
                "TopMargin": -33.0,
                "BottomMargin": -33.0,
                "Tag": 1373,
                "ActionTag": -1753977912,
                "Size": {
                  "X": 184.0,
                  "Y": 66.0
                },
                "Name": "bg",
                "ctype": "SpriteObjectData"
              },
              {
                "LabelText": "12点",
                "LabelBMFontFile_CNB": {
                  "Type": "Normal",
                  "Path": "submodules/epz/image/base/card/num4.fnt",
                  "Plist": ""
                },
                "AnchorPoint": {
                  "ScaleX": 0.5,
                  "ScaleY": 0.5
                },
                "Position": {
                  "X": 0.0,
                  "Y": -5.0
                },
                "Scale": {
                  "ScaleX": 1.0,
                  "ScaleY": 1.0
                },
                "CColor": {},
                "IconVisible": false,
                "PrePosition": {
                  "X": 0.0,
                  "Y": 0.0
                },
                "PreSize": {
                  "X": 0.0,
                  "Y": 0.0
                },
                "LeftMargin": -49.0,
                "RightMargin": -49.0,
                "TopMargin": -16.5,
                "BottomMargin": -26.5,
                "Tag": 1967,
                "ActionTag": 513700405,
                "Size": {
                  "X": 98.0,
                  "Y": 43.0
                },
                "Name": "num",
                "ctype": "TextBMFontObjectData"
              }
            ],
            "ActionTag": 263016729,
            "Size": {
              "X": 0.0,
              "Y": 0.0
            },
            "Name": "sanNode",
            "ctype": "SingleNodeObjectData"
          },
          {
            "FileData": {
              "Type": "Normal",
              "Path": "submodules/epz/image/base/card/cardtype_bg.png",
              "Plist": ""
            },
            "BlendFunc": {
              "Src": 1,
              "Dst": 771
            },
            "AnchorPoint": {
              "ScaleX": 0.5,
              "ScaleY": 0.5
            },
            "Position": {
              "X": 0.0,
              "Y": 0.0
            },
            "Scale": {
              "ScaleX": 1.0,
              "ScaleY": 1.0
            },
            "CColor": {},
            "IconVisible": false,
            "PositionPercentYEnabled": true,
            "PrePosition": {
              "X": 0.0,
              "Y": 0.0
            },
            "PreSize": {
              "X": 0.0,
              "Y": 0.0
            },
            "LeftMargin": -172.5,
            "RightMargin": -172.5,
            "TopMargin": -33.0,
            "BottomMargin": -33.0,
            "Tag": 1382,
            "Children": [
              {
                "FileData": {
                  "Type": "Normal",
                  "Path": "submodules/epz/image/base/card/dui_1.png",
                  "Plist": ""
                },
                "BlendFunc": {
                  "Src": 1,
                  "Dst": 771
                },
                "AnchorPoint": {
                  "ScaleX": 0.5,
                  "ScaleY": 0.5
                },
                "Position": {
                  "X": 172.5,
                  "Y": 33.0
                },
                "Scale": {
                  "ScaleX": 1.0,
                  "ScaleY": 1.0
                },
                "CColor": {},
                "IconVisible": false,
                "PositionPercentXEnabled": true,
                "PositionPercentYEnabled": true,
                "PrePosition": {
                  "X": 0.5,
                  "Y": 0.5
                },
                "PreSize": {
                  "X": 0.571,
                  "Y": 0.9545
                },
                "LeftMargin": 74.0,
                "RightMargin": 74.0,
                "TopMargin": 1.5,
                "BottomMargin": 1.5,
                "Tag": 1472,
                "ActionTag": -15251639,
                "Size": {
                  "X": 197.0,
                  "Y": 63.0
                },
                "Name": "dui_1",
                "ctype": "SpriteObjectData"
              },
              {
                "FileData": {
                  "Type": "Normal",
                  "Path": "submodules/epz/image/base/card/dui_2.png",
                  "Plist": ""
                },
                "BlendFunc": {
                  "Src": 1,
                  "Dst": 771
                },
                "AnchorPoint": {
                  "ScaleX": 0.5,
                  "ScaleY": 0.5
                },
                "Position": {
                  "X": 172.5,
                  "Y": 33.0
                },
                "Scale": {
                  "ScaleX": 1.0,
                  "ScaleY": 1.0
                },
                "CColor": {},
                "IconVisible": false,
                "PositionPercentXEnabled": true,
                "PositionPercentYEnabled": true,
                "PrePosition": {
                  "X": 0.5,
                  "Y": 0.5
                },
                "PreSize": {
                  "X": 0.6261,
                  "Y": 1.3636
                },
                "LeftMargin": 64.5,
                "RightMargin": 64.5,
                "TopMargin": -12.0,
                "BottomMargin": -12.0,
                "Tag": 1479,
                "ActionTag": -1973715547,
                "Size": {
                  "X": 216.0,
                  "Y": 90.0
                },
                "Name": "dui_2",
                "ctype": "SpriteObjectData"
              },
              {
                "FileData": {
                  "Type": "Normal",
                  "Path": "submodules/epz/image/base/card/dui_3.png",
                  "Plist": ""
                },
                "BlendFunc": {
                  "Src": 1,
                  "Dst": 771
                },
                "AnchorPoint": {
                  "ScaleX": 0.5,
                  "ScaleY": 0.5
                },
                "Position": {
                  "X": 172.5,
                  "Y": 33.0
                },
                "Scale": {
                  "ScaleX": 1.0,
                  "ScaleY": 1.0
                },
                "CColor": {},
                "IconVisible": false,
                "PositionPercentXEnabled": true,
                "PositionPercentYEnabled": true,
                "PrePosition": {
                  "X": 0.5,
                  "Y": 0.5
                },
                "PreSize": {
                  "X": 0.5652,
                  "Y": 0.9545
                },
                "LeftMargin": 75.0,
                "RightMargin": 75.0,
                "TopMargin": 1.5,
                "BottomMargin": 1.5,
                "Tag": 1480,
                "ActionTag": 258427840,
                "Size": {
                  "X": 195.0,
                  "Y": 63.0
                },
                "Name": "dui_3",
                "ctype": "SpriteObjectData"
              },
              {
                "FileData": {
                  "Type": "Normal",
                  "Path": "submodules/epz/image/base/card/dui_4.png",
                  "Plist": ""
                },
                "BlendFunc": {
                  "Src": 1,
                  "Dst": 771
                },
                "AnchorPoint": {
                  "ScaleX": 0.5,
                  "ScaleY": 0.5
                },
                "Position": {
                  "X": 172.5,
                  "Y": 33.0
                },
                "Scale": {
                  "ScaleX": 1.0,
                  "ScaleY": 1.0
                },
                "CColor": {},
                "IconVisible": false,
                "PositionPercentXEnabled": true,
                "PositionPercentYEnabled": true,
                "PrePosition": {
                  "X": 0.5,
                  "Y": 0.5
                },
                "PreSize": {
                  "X": 0.5623,
                  "Y": 0.9545
                },
                "LeftMargin": 75.5,
                "RightMargin": 75.5,
                "TopMargin": 1.5,
                "BottomMargin": 1.5,
                "Tag": 1481,
                "ActionTag": 737616929,
                "Size": {
                  "X": 194.0,
                  "Y": 63.0
                },
                "Name": "dui_4",
                "ctype": "SpriteObjectData"
              },
              {
                "FileData": {
                  "Type": "Normal",
                  "Path": "submodules/epz/image/base/card/dui_5.png",
                  "Plist": ""
                },
                "BlendFunc": {
                  "Src": 1,
                  "Dst": 771
                },
                "AnchorPoint": {
                  "ScaleX": 0.5,
                  "ScaleY": 0.5
                },
                "Position": {
                  "X": 172.5,
                  "Y": 33.0
                },
                "Scale": {
                  "ScaleX": 1.0,
                  "ScaleY": 1.0
                },
                "CColor": {},
                "IconVisible": false,
                "PositionPercentXEnabled": true,
                "PositionPercentYEnabled": true,
                "PrePosition": {
                  "X": 0.5,
                  "Y": 0.5
                },
                "PreSize": {
                  "X": 0.5652,
                  "Y": 0.9545
                },
                "LeftMargin": 75.0,
                "RightMargin": 75.0,
                "TopMargin": 1.5,
                "BottomMargin": 1.5,
                "Tag": 1482,
                "ActionTag": -1322870809,
                "Size": {
                  "X": 195.0,
                  "Y": 63.0
                },
                "Name": "dui_5",
                "ctype": "SpriteObjectData"
              },
              {
                "FileData": {
                  "Type": "Normal",
                  "Path": "submodules/epz/image/base/card/dui_6.png",
                  "Plist": ""
                },
                "BlendFunc": {
                  "Src": 1,
                  "Dst": 771
                },
                "AnchorPoint": {
                  "ScaleX": 0.5,
                  "ScaleY": 0.5
                },
                "Position": {
                  "X": 172.5,
                  "Y": 33.0
                },
                "Scale": {
                  "ScaleX": 1.0,
                  "ScaleY": 1.0
                },
                "CColor": {},
                "IconVisible": false,
                "PositionPercentXEnabled": true,
                "PositionPercentYEnabled": true,
                "PrePosition": {
                  "X": 0.5,
                  "Y": 0.5
                },
                "PreSize": {
                  "X": 0.5623,
                  "Y": 0.9545
                },
                "LeftMargin": 75.5,
                "RightMargin": 75.5,
                "TopMargin": 1.5,
                "BottomMargin": 1.5,
                "Tag": 1483,
                "ActionTag": 1829642132,
                "Size": {
                  "X": 194.0,
                  "Y": 63.0
                },
                "Name": "dui_6",
                "ctype": "SpriteObjectData"
              },
              {
                "FileData": {
                  "Type": "Normal",
                  "Path": "submodules/epz/image/base/card/dui_7.png",
                  "Plist": ""
                },
                "BlendFunc": {
                  "Src": 1,
                  "Dst": 771
                },
                "AnchorPoint": {
                  "ScaleX": 0.5,
                  "ScaleY": 0.5
                },
                "Position": {
                  "X": 172.5,
                  "Y": 33.0
                },
                "Scale": {
                  "ScaleX": 1.0,
                  "ScaleY": 1.0
                },
                "CColor": {},
                "IconVisible": false,
                "PositionPercentXEnabled": true,
                "PositionPercentYEnabled": true,
                "PrePosition": {
                  "X": 0.5,
                  "Y": 0.5
                },
                "PreSize": {
                  "X": 0.5652,
                  "Y": 0.9545
                },
                "LeftMargin": 75.0,
                "RightMargin": 75.0,
                "TopMargin": 1.5,
                "BottomMargin": 1.5,
                "Tag": 1484,
                "ActionTag": 1136095676,
                "Size": {
                  "X": 195.0,
                  "Y": 63.0
                },
                "Name": "dui_7",
                "ctype": "SpriteObjectData"
              },
              {
                "FileData": {
                  "Type": "Normal",
                  "Path": "submodules/epz/image/base/card/dui_8.png",
                  "Plist": ""
                },
                "BlendFunc": {
                  "Src": 1,
                  "Dst": 771
                },
                "AnchorPoint": {
                  "ScaleX": 0.5,
                  "ScaleY": 0.5
                },
                "Position": {
                  "X": 172.5,
                  "Y": 33.0
                },
                "Scale": {
                  "ScaleX": 1.0,
                  "ScaleY": 1.0
                },
                "CColor": {},
                "IconVisible": false,
                "PositionPercentXEnabled": true,
                "PositionPercentYEnabled": true,
                "PrePosition": {
                  "X": 0.5,
                  "Y": 0.5
                },
                "PreSize": {
                  "X": 0.5594,
                  "Y": 0.9545
                },
                "LeftMargin": 76.0,
                "RightMargin": 76.0,
                "TopMargin": 1.5,
                "BottomMargin": 1.5,
                "Tag": 1485,
                "ActionTag": 884147869,
                "Size": {
                  "X": 193.0,
                  "Y": 63.0
                },
                "Name": "dui_8",
                "ctype": "SpriteObjectData"
              },
              {
                "FileData": {
                  "Type": "Normal",
                  "Path": "submodules/epz/image/base/card/dui_9.png",
                  "Plist": ""
                },
                "BlendFunc": {
                  "Src": 1,
                  "Dst": 771
                },
                "AnchorPoint": {
                  "ScaleX": 0.5,
                  "ScaleY": 0.5
                },
                "Position": {
                  "X": 172.5,
                  "Y": 33.0
                },
                "Scale": {
                  "ScaleX": 1.0,
                  "ScaleY": 1.0
                },
                "CColor": {},
                "IconVisible": false,
                "PositionPercentXEnabled": true,
                "PositionPercentYEnabled": true,
                "PrePosition": {
                  "X": 0.5,
                  "Y": 0.5
                },
                "PreSize": {
                  "X": 0.5594,
                  "Y": 0.9545
                },
                "LeftMargin": 76.0,
                "RightMargin": 76.0,
                "TopMargin": 1.5,
                "BottomMargin": 1.5,
                "Tag": 1486,
                "ActionTag": 814745497,
                "Size": {
                  "X": 193.0,
                  "Y": 63.0
                },
                "Name": "dui_9",
                "ctype": "SpriteObjectData"
              },
              {
                "FileData": {
                  "Type": "Normal",
                  "Path": "submodules/epz/image/base/card/dui_10.png",
                  "Plist": ""
                },
                "BlendFunc": {
                  "Src": 1,
                  "Dst": 771
                },
                "AnchorPoint": {
                  "ScaleX": 0.5,
                  "ScaleY": 0.5
                },
                "Position": {
                  "X": 172.5,
                  "Y": 33.0
                },
                "Scale": {
                  "ScaleX": 1.0,
                  "ScaleY": 1.0
                },
                "CColor": {},
                "IconVisible": false,
                "PositionPercentXEnabled": true,
                "PositionPercentYEnabled": true,
                "PrePosition": {
                  "X": 0.5,
                  "Y": 0.5
                },
                "PreSize": {
                  "X": 0.6087,
                  "Y": 0.9545
                },
                "LeftMargin": 67.5,
                "RightMargin": 67.5,
                "TopMargin": 1.5,
                "BottomMargin": 1.5,
                "Tag": 1473,
                "ActionTag": -807215789,
                "Size": {
                  "X": 210.0,
                  "Y": 63.0
                },
                "Name": "dui_10",
                "ctype": "SpriteObjectData"
              },
              {
                "FileData": {
                  "Type": "Normal",
                  "Path": "submodules/epz/image/base/card/dui_11.png",
                  "Plist": ""
                },
                "BlendFunc": {
                  "Src": 1,
                  "Dst": 771
                },
                "AnchorPoint": {
                  "ScaleX": 0.5,
                  "ScaleY": 0.5
                },
                "Position": {
                  "X": 172.5,
                  "Y": 33.0
                },
                "Scale": {
                  "ScaleX": 1.0,
                  "ScaleY": 1.0
                },
                "CColor": {},
                "IconVisible": false,
                "PositionPercentXEnabled": true,
                "PositionPercentYEnabled": true,
                "PrePosition": {
                  "X": 0.5,
                  "Y": 0.5
                },
                "PreSize": {
                  "X": 0.5449,
                  "Y": 0.9545
                },
                "LeftMargin": 78.5,
                "RightMargin": 78.5,
                "TopMargin": 1.5,
                "BottomMargin": 1.5,
                "Tag": 1474,
                "ActionTag": 664807731,
                "Size": {
                  "X": 188.0,
                  "Y": 63.0
                },
                "Name": "dui_11",
                "ctype": "SpriteObjectData"
              },
              {
                "FileData": {
                  "Type": "Normal",
                  "Path": "submodules/epz/image/base/card/dui_12.png",
                  "Plist": ""
                },
                "BlendFunc": {
                  "Src": 1,
                  "Dst": 771
                },
                "AnchorPoint": {
                  "ScaleX": 0.5,
                  "ScaleY": 0.5
                },
                "Position": {
                  "X": 172.5,
                  "Y": 33.0
                },
                "Scale": {
                  "ScaleX": 1.0,
                  "ScaleY": 1.0
                },
                "CColor": {},
                "IconVisible": false,
                "PositionPercentXEnabled": true,
                "PositionPercentYEnabled": true,
                "PrePosition": {
                  "X": 0.5,
                  "Y": 0.5
                },
                "PreSize": {
                  "X": 0.571,
                  "Y": 0.9545
                },
                "LeftMargin": 74.0,
                "RightMargin": 74.0,
                "TopMargin": 1.5,
                "BottomMargin": 1.5,
                "Tag": 1475,
                "ActionTag": -1873634692,
                "Size": {
                  "X": 197.0,
                  "Y": 63.0
                },
                "Name": "dui_12",
                "ctype": "SpriteObjectData"
              },
              {
                "FileData": {
                  "Type": "Normal",
                  "Path": "submodules/epz/image/base/card/dui_13.png",
                  "Plist": ""
                },
                "BlendFunc": {
                  "Src": 1,
                  "Dst": 771
                },
                "AnchorPoint": {
                  "ScaleX": 0.5,
                  "ScaleY": 0.5
                },
                "Position": {
                  "X": 172.5,
                  "Y": 33.0
                },
                "Scale": {
                  "ScaleX": 1.0,
                  "ScaleY": 1.0
                },
                "CColor": {},
                "IconVisible": false,
                "PositionPercentXEnabled": true,
                "PositionPercentYEnabled": true,
                "PrePosition": {
                  "X": 0.5,
                  "Y": 0.5
                },
                "PreSize": {
                  "X": 0.5623,
                  "Y": 0.9545
                },
                "LeftMargin": 75.5,
                "RightMargin": 75.5,
                "TopMargin": 1.5,
                "BottomMargin": 1.5,
                "Tag": 1476,
                "ActionTag": 603843773,
                "Size": {
                  "X": 194.0,
                  "Y": 63.0
                },
                "Name": "dui_13",
                "ctype": "SpriteObjectData"
              },
              {
                "FileData": {
                  "Type": "Normal",
                  "Path": "submodules/epz/image/base/card/dui_14.png",
                  "Plist": ""
                },
                "BlendFunc": {
                  "Src": 1,
                  "Dst": 771
                },
                "AnchorPoint": {
                  "ScaleX": 0.5,
                  "ScaleY": 0.5
                },
                "Position": {
                  "X": 172.5,
                  "Y": 33.0
                },
                "Scale": {
                  "ScaleX": 1.0,
                  "ScaleY": 1.0
                },
                "CColor": {},
                "IconVisible": false,
                "PositionPercentXEnabled": true,
                "PositionPercentYEnabled": true,
                "PrePosition": {
                  "X": 0.5,
                  "Y": 0.5
                },
                "PreSize": {
                  "X": 0.7536,
                  "Y": 0.9697
                },
                "LeftMargin": 42.5,
                "RightMargin": 42.5,
                "TopMargin": 1.0,
                "BottomMargin": 1.0,
                "Tag": 1477,
                "ActionTag": -1360264048,
                "Size": {
                  "X": 260.0,
                  "Y": 64.0
                },
                "Name": "dui_14",
                "ctype": "SpriteObjectData"
              },
              {
                "FileData": {
                  "Type": "Normal",
                  "Path": "submodules/epz/image/base/card/dui_15.png",
                  "Plist": ""
                },
                "BlendFunc": {
                  "Src": 1,
                  "Dst": 771
                },
                "AnchorPoint": {
                  "ScaleX": 0.5,
                  "ScaleY": 0.5
                },
                "Position": {
                  "X": 172.5,
                  "Y": 33.0
                },
                "Scale": {
                  "ScaleX": 1.0,
                  "ScaleY": 1.0
                },
                "CColor": {},
                "IconVisible": false,
                "PositionPercentXEnabled": true,
                "PositionPercentYEnabled": true,
                "PrePosition": {
                  "X": 0.5,
                  "Y": 0.5
                },
                "PreSize": {
                  "X": 0.7478,
                  "Y": 0.9848
                },
                "LeftMargin": 43.5,
                "RightMargin": 43.5,
                "TopMargin": 0.5,
                "BottomMargin": 0.5,
                "Tag": 1478,
                "ActionTag": -1892783813,
                "Size": {
                  "X": 258.0,
                  "Y": 65.0
                },
                "Name": "dui_15",
                "ctype": "SpriteObjectData"
              },
              {
                "FileData": {
                  "Type": "Normal",
                  "Path": "submodules/epz/image/base/card/dui_16.png",
                  "Plist": ""
                },
                "BlendFunc": {
                  "Src": 1,
                  "Dst": 771
                },
                "AnchorPoint": {
                  "ScaleX": 0.5,
                  "ScaleY": 0.5
                },
                "Position": {
                  "X": 172.5,
                  "Y": 33.0
                },
                "Scale": {
                  "ScaleX": 1.0,
                  "ScaleY": 1.0
                },
                "CColor": {},
                "IconVisible": false,
                "PositionPercentXEnabled": true,
                "PositionPercentYEnabled": true,
                "PrePosition": {
                  "X": 0.5,
                  "Y": 0.5
                },
                "PreSize": {
                  "X": 0.5768,
                  "Y": 0.9545
                },
                "LeftMargin": 73.0,
                "RightMargin": 73.0,
                "TopMargin": 1.5,
                "BottomMargin": 1.5,
                "Tag": 1156,
                "ActionTag": 1584084917,
                "Size": {
                  "X": 199.0,
                  "Y": 63.0
                },
                "Name": "dui_16",
                "ctype": "SpriteObjectData"
              }
            ],
            "ActionTag": -2116167350,
            "Size": {
              "X": 345.0,
              "Y": 66.0
            },
            "Name": "duiNode",
            "ctype": "SpriteObjectData"
          }
        ],
        "Size": {
          "X": 0.0,
          "Y": 0.0
        },
        "Name": "Node",
        "ctype": "SingleNodeObjectData"
      },
      "UsedResources": [
        "../../../image/base/card/bg_3.png",
        "../../../image/base/card/bg_4.png",
        "../../../image/base/card/cardtype_bg.png",
        "../../../image/base/card/dui_1.png",
        "../../../image/base/card/dui_10.png",
        "../../../image/base/card/dui_11.png",
        "../../../image/base/card/dui_12.png",
        "../../../image/base/card/dui_13.png",
        "../../../image/base/card/dui_14.png",
        "../../../image/base/card/dui_15.png",
        "../../../image/base/card/dui_16.png",
        "../../../image/base/card/dui_2.png",
        "../../../image/base/card/dui_3.png",
        "../../../image/base/card/dui_4.png",
        "../../../image/base/card/dui_5.png",
        "../../../image/base/card/dui_6.png",
        "../../../image/base/card/dui_7.png",
        "../../../image/base/card/dui_8.png",
        "../../../image/base/card/dui_9.png",
        "../../../image/base/card/num4.fnt",
        "../../../image/base/card/num4.png"
      ],
      "ctype": "GameFileData"
    }
  },
  "Type": "Node"
}