{
  "ID": "c0be95e1-6637-42a1-8bd2-a4a32d91a3dd",
  "Version": "3.10.0.0",
  "Name": "ChatInfo4",
  "Content": {
    "Content": {
      "Animation": {
        "Duration": 0,
        "Speed": 1.0,
        "Timelines": [],
        "ctype": "TimelineActionData"
      },
      "AnimationList": [],
      "ObjectData": {
        "Tag": 556,
        "Children": [
          {
            "FileData": {
              "Type": "Normal",
              "Path": "submodules/epz/image/base/ChatInfo/ltqp3.png",
              "Plist": ""
            },
            "Scale9Enable": true,
            "Scale9OriginX": 42,
            "Scale9OriginY": 28,
            "Scale9Width": 1,
            "Scale9Height": 1,
            "AnchorPoint": {
              "ScaleY": 1.0
            },
            "Position": {
              "X": 90.6385,
              "Y": 50.0
            },
            "Scale": {
              "ScaleX": 1.0,
              "ScaleY": 1.0
            },
            "CColor": {},
            "IconVisible": false,
            "PrePosition": {
              "X": 0.0,
              "Y": 0.0
            },
            "PreSize": {
              "X": 0.0,
              "Y": 0.0
            },
            "LeftMargin": 90.6385,
            "RightMargin": -290.6385,
            "TopMargin": -50.0,
            "BottomMargin": -2.0,
            "Tag": 595,
            "Children": [
              {
                "FontSize": 26,
                "LabelText": "Text Label",
                "HorizontalAlignmentType": "HT_Center",
                "VerticalAlignmentType": "VT_Center",
                "OutlineColor": {},
                "OutlineEnabled": true,
                "ShadowColor": {
                  "R": 110,
                  "G": 110,
                  "B": 110
                },
                "ShadowOffsetX": 2.0,
                "ShadowOffsetY": -2.0,
                "AnchorPoint": {
                  "ScaleX": 0.5,
                  "ScaleY": 0.5
                },
                "Position": {
                  "X": 107.5,
                  "Y": 27.378
                },
                "Scale": {
                  "ScaleX": 1.0,
                  "ScaleY": 1.0
                },
                "CColor": {
                  "R": 0,
                  "G": 0,
                  "B": 0
                },
                "IconVisible": false,
                "PrePosition": {
                  "X": 0.5375,
                  "Y": 0.5265
                },
                "PreSize": {
                  "X": 0.595,
                  "Y": 0.5962
                },
                "HorizontalEdge": "LeftEdge",
                "VerticalEdge": "BothEdge",
                "LeftMargin": 48.0,
                "RightMargin": 33.0,
                "TopMargin": 9.122,
                "BottomMargin": 11.878,
                "Tag": 596,
                "ActionTag": -1006402802,
                "Size": {
                  "X": 119.0,
                  "Y": 31.0
                },
                "Name": "text",
                "ctype": "TextObjectData"
              }
            ],
            "ActionTag": 43575567,
            "Size": {
              "X": 200.0,
              "Y": 52.0
            },
            "Name": "qp",
            "ctype": "ImageViewObjectData"
          },
          {
            "AnchorPoint": {},
            "Position": {
              "X": 46.0,
              "Y": 35.0
            },
            "Scale": {
              "ScaleX": 1.2,
              "ScaleY": 1.2
            },
            "CColor": {},
            "IconVisible": true,
            "PrePosition": {
              "X": 0.0,
              "Y": 0.0
            },
            "PreSize": {
              "X": 0.0,
              "Y": 0.0
            },
            "LeftMargin": 46.0,
            "RightMargin": -46.0,
            "TopMargin": -35.0,
            "BottomMargin": 35.0,
            "Tag": 593,
            "Children": [
              {
                "FileData": {
                  "Type": "Default",
                  "Path": "Default/Sprite.png",
                  "Plist": ""
                },
                "BlendFunc": {
                  "Src": 1,
                  "Dst": 771
                },
                "AnchorPoint": {
                  "ScaleX": 0.5,
                  "ScaleY": 0.5
                },
                "Position": {
                  "X": 0.0001,
                  "Y": 0.0002
                },
                "Scale": {
                  "ScaleX": 1.0,
                  "ScaleY": 1.0
                },
                "CColor": {},
                "IconVisible": false,
                "PrePosition": {
                  "X": 0.0,
                  "Y": 0.0
                },
                "PreSize": {
                  "X": 0.0,
                  "Y": 0.0
                },
                "LeftMargin": -22.9999,
                "RightMargin": -23.0001,
                "TopMargin": -23.0002,
                "BottomMargin": -22.9998,
                "Tag": 594,
                "ActionTag": 1747252954,
                "Size": {
                  "X": 46.0,
                  "Y": 46.0
                },
                "Name": "emoji",
                "ctype": "SpriteObjectData"
              }
            ],
            "ActionTag": 1347041576,
            "Size": {
              "X": 0.0,
              "Y": 0.0
            },
            "Name": "emoji",
            "ctype": "SingleNodeObjectData"
          },
          {
            "FileData": {
              "Type": "Normal",
              "Path": "submodules/epz/image/base/ChatInfo/ltqp3.png",
              "Plist": ""
            },
            "Scale9Enable": true,
            "Scale9OriginX": 42,
            "Scale9OriginY": 28,
            "Scale9Width": 1,
            "Scale9Height": 1,
            "AnchorPoint": {
              "ScaleY": 1.0
            },
            "Position": {
              "X": 90.6385,
              "Y": 50.32
            },
            "Scale": {
              "ScaleX": 1.0,
              "ScaleY": 1.0
            },
            "CColor": {},
            "IconVisible": false,
            "PrePosition": {
              "X": 0.0,
              "Y": 0.0
            },
            "PreSize": {
              "X": 0.0,
              "Y": 0.0
            },
            "LeftMargin": 90.6385,
            "RightMargin": -175.6385,
            "TopMargin": -50.32,
            "BottomMargin": -1.68,
            "Tag": 588,
            "Children": [
              {
                "AnchorPoint": {},
                "Position": {
                  "X": 59.0,
                  "Y": 28.0
                },
                "Scale": {
                  "ScaleX": 1.0,
                  "ScaleY": 1.0
                },
                "CColor": {},
                "IconVisible": true,
                "PrePosition": {
                  "X": 0.6941,
                  "Y": 0.5385
                },
                "PreSize": {
                  "X": 0.0,
                  "Y": 0.0
                },
                "LeftMargin": 59.0,
                "RightMargin": 26.0,
                "TopMargin": 24.0,
                "BottomMargin": 28.0,
                "Tag": 589,
                "Children": [
                  {
                    "FileData": {
                      "Type": "Normal",
                      "Path": "submodules/epz/ccs/base/unit/ChatSpeaker.json",
                      "Plist": ""
                    },
                    "StretchWidthEnable": false,
                    "StretchHeightEnable": false,
                    "InnerActionSpeed": 0.0,
                    "AnchorPoint": {},
                    "Position": {
                      "X": 0.0,
                      "Y": 0.0
                    },
                    "Scale": {
                      "ScaleX": 1.0,
                      "ScaleY": 1.0
                    },
                    "CColor": {},
                    "IconVisible": true,
                    "PrePosition": {
                      "X": 0.0,
                      "Y": 0.0
                    },
                    "PreSize": {
                      "X": 0.0,
                      "Y": 0.0
                    },
                    "Tag": 241,
                    "ActionTag": -1379535543,
                    "Size": {
                      "X": 0.0,
                      "Y": 0.0
                    },
                    "Name": "FileNode_1",
                    "ctype": "ProjectNodeObjectData"
                  }
                ],
                "ActionTag": -2061818725,
                "Size": {
                  "X": 0.0,
                  "Y": 0.0
                },
                "Name": "pos",
                "ctype": "SingleNodeObjectData"
              }
            ],
            "ActionTag": -1566401832,
            "Size": {
              "X": 85.0,
              "Y": 52.0
            },
            "Name": "yuyin",
            "ctype": "ImageViewObjectData"
          },
          {
            "AnchorPoint": {},
            "Position": {
              "X": 0.0,
              "Y": 0.0
            },
            "Scale": {
              "ScaleX": 1.0,
              "ScaleY": 1.0
            },
            "CColor": {},
            "IconVisible": true,
            "PrePosition": {
              "X": 0.0,
              "Y": 0.0
            },
            "PreSize": {
              "X": 0.0,
              "Y": 0.0
            },
            "Tag": 4,
            "ActionTag": 627164699,
            "Size": {
              "X": 0.0,
              "Y": 0.0
            },
            "Name": "index",
            "ctype": "SingleNodeObjectData"
          }
        ],
        "Size": {
          "X": 0.0,
          "Y": 0.0
        },
        "Name": "Node",
        "ctype": "SingleNodeObjectData"
      },
      "UsedResources": [
        "../../../../../Default/Sprite.png",
        "../../../image/base/ChatInfo/ltqp3.png",
        "ChatSpeaker.json"
      ],
      "ctype": "GameFileData"
    }
  },
  "Type": "Node"
}