{
  "ID": "adc608d5-b7aa-4f33-bfa0-e284d9113d8b",
  "Version": "3.10.0.0",
  "Name": "ChatInfo2",
  "Content": {
    "Content": {
      "Animation": {
        "Duration": 0,
        "Speed": 1.0,
        "Timelines": [],
        "ctype": "TimelineActionData"
      },
      "AnimationList": [],
      "ObjectData": {
        "Tag": 556,
        "Children": [
          {
            "FileData": {
              "Type": "Normal",
              "Path": "submodules/epz/image/base/ChatInfo/ltqp1.png",
              "Plist": ""
            },
            "Scale9Enable": true,
            "Scale9OriginX": 35,
            "Scale9OriginY": 25,
            "Scale9Width": 1,
            "Scale9Height": 2,
            "AnchorPoint": {
              "ScaleX": 1.0,
              "ScaleY": 1.0
            },
            "Position": {
              "X": 8.2426,
              "Y": 50.0
            },
            "Scale": {
              "ScaleX": 1.0,
              "ScaleY": 1.0
            },
            "CColor": {},
            "IconVisible": false,
            "PrePosition": {
              "X": 0.0,
              "Y": 0.0
            },
            "PreSize": {
              "X": 0.0,
              "Y": 0.0
            },
            "LeftMargin": -191.7574,
            "RightMargin": -8.2426,
            "TopMargin": -50.0,
            "BottomMargin": -2.0,
            "Tag": 576,
            "Children": [
              {
                "FontSize": 26,
                "LabelText": "Text Label",
                "HorizontalAlignmentType": "HT_Center",
                "VerticalAlignmentType": "VT_Center",
                "OutlineColor": {},
                "OutlineEnabled": true,
                "ShadowColor": {
                  "R": 110,
                  "G": 110,
                  "B": 110
                },
                "ShadowOffsetX": 2.0,
                "ShadowOffsetY": -2.0,
                "AnchorPoint": {
                  "ScaleX": 0.5,
                  "ScaleY": 0.5
                },
                "Position": {
                  "X": 88.5,
                  "Y": 26.8112
                },
                "Scale": {
                  "ScaleX": 1.0,
                  "ScaleY": 1.0
                },
                "CColor": {
                  "R": 0,
                  "G": 0,
                  "B": 0
                },
                "IconVisible": false,
                "PrePosition": {
                  "X": 0.4425,
                  "Y": 0.5156
                },
                "PreSize": {
                  "X": 0.595,
                  "Y": 0.5962
                },
                "HorizontalEdge": "LeftEdge",
                "VerticalEdge": "BothEdge",
                "LeftMargin": 29.0,
                "RightMargin": 52.0,
                "TopMargin": 9.6888,
                "BottomMargin": 11.3112,
                "Tag": 577,
                "ActionTag": -751035578,
                "Size": {
                  "X": 119.0,
                  "Y": 31.0
                },
                "Name": "text",
                "ctype": "TextObjectData"
              }
            ],
            "ActionTag": -934794367,
            "Size": {
              "X": 200.0,
              "Y": 52.0
            },
            "Name": "qp",
            "ctype": "ImageViewObjectData"
          },
          {
            "AnchorPoint": {},
            "Position": {
              "X": 49.0,
              "Y": 35.0
            },
            "Scale": {
              "ScaleX": 1.2,
              "ScaleY": 1.2
            },
            "CColor": {},
            "IconVisible": true,
            "PrePosition": {
              "X": 0.0,
              "Y": 0.0
            },
            "PreSize": {
              "X": 0.0,
              "Y": 0.0
            },
            "LeftMargin": 49.0,
            "RightMargin": -49.0,
            "TopMargin": -35.0,
            "BottomMargin": 35.0,
            "Tag": 574,
            "Children": [
              {
                "FileData": {
                  "Type": "Default",
                  "Path": "Default/Sprite.png",
                  "Plist": ""
                },
                "BlendFunc": {
                  "Src": 1,
                  "Dst": 771
                },
                "AnchorPoint": {
                  "ScaleX": 0.5,
                  "ScaleY": 0.5
                },
                "Position": {
                  "X": 0.0,
                  "Y": 0.0
                },
                "Scale": {
                  "ScaleX": 1.0,
                  "ScaleY": 1.0
                },
                "CColor": {},
                "IconVisible": false,
                "PrePosition": {
                  "X": 0.0,
                  "Y": 0.0
                },
                "PreSize": {
                  "X": 0.0,
                  "Y": 0.0
                },
                "LeftMargin": -23.0,
                "RightMargin": -23.0,
                "TopMargin": -23.0,
                "BottomMargin": -23.0,
                "Tag": 575,
                "ActionTag": -1170827798,
                "Size": {
                  "X": 46.0,
                  "Y": 46.0
                },
                "Name": "emoji",
                "ctype": "SpriteObjectData"
              }
            ],
            "ActionTag": 1092535060,
            "Size": {
              "X": 0.0,
              "Y": 0.0
            },
            "Name": "emoji",
            "ctype": "SingleNodeObjectData"
          },
          {
            "FileData": {
              "Type": "Normal",
              "Path": "submodules/epz/image/base/ChatInfo/ltqp1.png",
              "Plist": ""
            },
            "Scale9Enable": true,
            "Scale9OriginX": 35,
            "Scale9OriginY": 25,
            "Scale9Width": 1,
            "Scale9Height": 2,
            "AnchorPoint": {
              "ScaleX": 1.0,
              "ScaleY": 1.0
            },
            "Position": {
              "X": 8.243,
              "Y": 50.0
            },
            "Scale": {
              "ScaleX": 1.0,
              "ScaleY": 1.0
            },
            "CColor": {},
            "IconVisible": false,
            "PrePosition": {
              "X": 0.0,
              "Y": 0.0
            },
            "PreSize": {
              "X": 0.0,
              "Y": 0.0
            },
            "LeftMargin": -76.757,
            "RightMargin": -8.243,
            "TopMargin": -50.0,
            "BottomMargin": -2.0,
            "Tag": 569,
            "Children": [
              {
                "AnchorPoint": {},
                "Position": {
                  "X": 36.3035,
                  "Y": 28.0
                },
                "Scale": {
                  "ScaleX": -1.0,
                  "ScaleY": 1.0
                },
                "CColor": {},
                "IconVisible": true,
                "PrePosition": {
                  "X": 0.4271,
                  "Y": 0.5385
                },
                "PreSize": {
                  "X": 0.0,
                  "Y": 0.0
                },
                "HorizontalEdge": "BothEdge",
                "LeftMargin": 36.3035,
                "RightMargin": 48.6965,
                "TopMargin": 24.0,
                "BottomMargin": 28.0,
                "Tag": 570,
                "Children": [
                  {
                    "FileData": {
                      "Type": "Normal",
                      "Path": "submodules/epz/ccs/base/unit/ChatSpeaker.json",
                      "Plist": ""
                    },
                    "StretchWidthEnable": false,
                    "StretchHeightEnable": false,
                    "InnerActionSpeed": 0.0,
                    "AnchorPoint": {},
                    "Position": {
                      "X": 0.0,
                      "Y": 0.0
                    },
                    "Scale": {
                      "ScaleX": 1.0,
                      "ScaleY": -1.0
                    },
                    "CColor": {},
                    "IconVisible": true,
                    "PrePosition": {
                      "X": 0.0,
                      "Y": 0.0
                    },
                    "PreSize": {
                      "X": 0.0,
                      "Y": 0.0
                    },
                    "Tag": 233,
                    "ActionTag": 653725949,
                    "Size": {
                      "X": 0.0,
                      "Y": 0.0
                    },
                    "Name": "FileNode_1",
                    "ctype": "ProjectNodeObjectData"
                  }
                ],
                "ActionTag": -544292983,
                "Size": {
                  "X": 0.0,
                  "Y": 0.0
                },
                "Name": "pos",
                "ctype": "SingleNodeObjectData"
              }
            ],
            "ActionTag": -1892348762,
            "Size": {
              "X": 85.0,
              "Y": 52.0
            },
            "Name": "yuyin",
            "ctype": "ImageViewObjectData"
          },
          {
            "AnchorPoint": {},
            "Position": {
              "X": 0.0,
              "Y": 0.0
            },
            "Scale": {
              "ScaleX": 1.0,
              "ScaleY": 1.0
            },
            "CColor": {},
            "IconVisible": true,
            "PrePosition": {
              "X": 0.0,
              "Y": 0.0
            },
            "PreSize": {
              "X": 0.0,
              "Y": 0.0
            },
            "Tag": 2,
            "ActionTag": 194110152,
            "Size": {
              "X": 0.0,
              "Y": 0.0
            },
            "Name": "index",
            "ctype": "SingleNodeObjectData"
          }
        ],
        "Size": {
          "X": 0.0,
          "Y": 0.0
        },
        "Name": "Node",
        "ctype": "SingleNodeObjectData"
      },
      "UsedResources": [
        "../../../../../Default/Sprite.png",
        "../../../image/base/ChatInfo/ltqp1.png",
        "ChatSpeaker.json"
      ],
      "ctype": "GameFileData"
    }
  },
  "Type": "Node"
}