{
  "ID": "c8fe9514-c2ed-46d6-8c60-738f865c0a09",
  "Version": "3.10.0.0",
  "Name": "ChatInfo1",
  "Content": {
    "Content": {
      "Animation": {
        "Duration": 0,
        "Speed": 1.0,
        "Timelines": [],
        "ctype": "TimelineActionData"
      },
      "AnimationList": [],
      "ObjectData": {
        "Tag": 556,
        "Children": [
          {
            "AnchorPoint": {},
            "Position": {
              "X": 0.0,
              "Y": 0.0
            },
            "Scale": {
              "ScaleX": 1.0,
              "ScaleY": 1.0
            },
            "CColor": {},
            "IconVisible": true,
            "PrePosition": {
              "X": 0.0,
              "Y": 0.0
            },
            "PreSize": {
              "X": 0.0,
              "Y": 0.0
            },
            "Tag": 1,
            "ActionTag": 765863611,
            "Size": {
              "X": 0.0,
              "Y": 0.0
            },
            "Name": "index",
            "ctype": "SingleNodeObjectData"
          },
          {
            "FileData": {
              "Type": "Normal",
              "Path": "submodules/epz/image/base/ChatInfo/ltqp0.png",
              "Plist": ""
            },
            "Scale9Enable": true,
            "Scale9OriginX": 20,
            "Scale9OriginY": 32,
            "Scale9Width": 1,
            "Scale9Height": 1,
            "AnchorPoint": {
              "ScaleX": 1.0,
              "ScaleY": 1.0
            },
            "Position": {
              "X": 46.7078,
              "Y": -32.5361
            },
            "Scale": {
              "ScaleX": 1.0,
              "ScaleY": 1.0
            },
            "CColor": {},
            "IconVisible": false,
            "PrePosition": {
              "X": 0.0,
              "Y": 0.0
            },
            "PreSize": {
              "X": 0.0,
              "Y": 0.0
            },
            "LeftMargin": -153.2922,
            "RightMargin": -46.7078,
            "TopMargin": 32.5361,
            "BottomMargin": -96.5361,
            "Tag": 558,
            "Children": [
              {
                "FontSize": 26,
                "LabelText": "Text Label",
                "HorizontalAlignmentType": "HT_Center",
                "VerticalAlignmentType": "VT_Center",
                "OutlineColor": {},
                "OutlineEnabled": true,
                "ShadowColor": {
                  "R": 110,
                  "G": 110,
                  "B": 110
                },
                "ShadowOffsetX": 2.0,
                "ShadowOffsetY": -2.0,
                "AnchorPoint": {
                  "ScaleX": 0.5,
                  "ScaleY": 0.5
                },
                "Position": {
                  "X": 100.0,
                  "Y": 27.0016
                },
                "Scale": {
                  "ScaleX": 1.0,
                  "ScaleY": 1.0
                },
                "CColor": {
                  "R": 0,
                  "G": 0,
                  "B": 0
                },
                "IconVisible": false,
                "PrePosition": {
                  "X": 0.5,
                  "Y": 0.4219
                },
                "PreSize": {
                  "X": 0.595,
                  "Y": 0.4844
                },
                "VerticalEdge": "BothEdge",
                "LeftMargin": 40.5,
                "RightMargin": 40.5,
                "TopMargin": 21.4984,
                "BottomMargin": 11.5016,
                "Tag": 559,
                "ActionTag": -1667110909,
                "Size": {
                  "X": 119.0,
                  "Y": 31.0
                },
                "Name": "text",
                "ctype": "TextObjectData"
              }
            ],
            "ActionTag": -175126277,
            "Size": {
              "X": 200.0,
              "Y": 64.0
            },
            "Name": "qp",
            "ctype": "ImageViewObjectData"
          },
          {
            "AnchorPoint": {},
            "Position": {
              "X": 48.0,
              "Y": 33.0
            },
            "Scale": {
              "ScaleX": 1.2,
              "ScaleY": 1.2
            },
            "CColor": {},
            "IconVisible": true,
            "PrePosition": {
              "X": 0.0,
              "Y": 0.0
            },
            "PreSize": {
              "X": 0.0,
              "Y": 0.0
            },
            "LeftMargin": 48.0,
            "RightMargin": -48.0,
            "TopMargin": -33.0,
            "BottomMargin": 33.0,
            "Tag": 560,
            "Children": [
              {
                "FileData": {
                  "Type": "Default",
                  "Path": "Default/Sprite.png",
                  "Plist": ""
                },
                "BlendFunc": {
                  "Src": 1,
                  "Dst": 771
                },
                "AnchorPoint": {
                  "ScaleX": 0.5,
                  "ScaleY": 0.5
                },
                "Position": {
                  "X": 0.0,
                  "Y": 0.0
                },
                "Scale": {
                  "ScaleX": 1.0,
                  "ScaleY": 1.0
                },
                "CColor": {},
                "IconVisible": false,
                "PrePosition": {
                  "X": 0.0,
                  "Y": 0.0
                },
                "PreSize": {
                  "X": 0.0,
                  "Y": 0.0
                },
                "LeftMargin": -23.0,
                "RightMargin": -23.0,
                "TopMargin": -23.0,
                "BottomMargin": -23.0,
                "Tag": 561,
                "ActionTag": -2114487752,
                "Size": {
                  "X": 46.0,
                  "Y": 46.0
                },
                "Name": "emoji",
                "ctype": "SpriteObjectData"
              }
            ],
            "ActionTag": -196141900,
            "Size": {
              "X": 0.0,
              "Y": 0.0
            },
            "Name": "emoji",
            "ctype": "SingleNodeObjectData"
          },
          {
            "FileData": {
              "Type": "Normal",
              "Path": "submodules/epz/image/base/ChatInfo/ltqp0.png",
              "Plist": ""
            },
            "Scale9Enable": true,
            "Scale9OriginX": 20,
            "Scale9OriginY": 32,
            "Scale9Width": 1,
            "Scale9Height": 1,
            "AnchorPoint": {
              "ScaleX": 1.0,
              "ScaleY": 1.0
            },
            "Position": {
              "X": 46.7052,
              "Y": -32.5354
            },
            "Scale": {
              "ScaleX": 1.0,
              "ScaleY": 1.0
            },
            "CColor": {},
            "IconVisible": false,
            "PrePosition": {
              "X": 0.0,
              "Y": 0.0
            },
            "PreSize": {
              "X": 0.0,
              "Y": 0.0
            },
            "LeftMargin": -38.2948,
            "RightMargin": -46.7052,
            "TopMargin": 32.5354,
            "BottomMargin": -96.5354,
            "Tag": 562,
            "Children": [
              {
                "AnchorPoint": {},
                "Position": {
                  "X": 42.5,
                  "Y": 27.0
                },
                "Scale": {
                  "ScaleX": -1.0,
                  "ScaleY": 1.0
                },
                "CColor": {},
                "IconVisible": true,
                "PositionPercentXEnabled": true,
                "PrePosition": {
                  "X": 0.5,
                  "Y": 0.4219
                },
                "PreSize": {
                  "X": 0.0,
                  "Y": 0.0
                },
                "LeftMargin": 42.5,
                "RightMargin": 42.5,
                "TopMargin": 37.0,
                "BottomMargin": 27.0,
                "Tag": 563,
                "Children": [
                  {
                    "FileData": {
                      "Type": "Normal",
                      "Path": "submodules/epz/ccs/base/unit/ChatSpeaker.json",
                      "Plist": ""
                    },
                    "StretchWidthEnable": false,
                    "StretchHeightEnable": false,
                    "InnerActionSpeed": 0.0,
                    "AnchorPoint": {},
                    "Position": {
                      "X": 0.0,
                      "Y": 0.0
                    },
                    "Scale": {
                      "ScaleX": 1.0,
                      "ScaleY": -1.0
                    },
                    "CColor": {},
                    "IconVisible": true,
                    "PrePosition": {
                      "X": 0.0,
                      "Y": 0.0
                    },
                    "PreSize": {
                      "X": 0.0,
                      "Y": 0.0
                    },
                    "Tag": 225,
                    "ActionTag": -1138276016,
                    "Size": {
                      "X": 0.0,
                      "Y": 0.0
                    },
                    "Name": "FileNode_1",
                    "ctype": "ProjectNodeObjectData"
                  }
                ],
                "ActionTag": -576698990,
                "Size": {
                  "X": 0.0,
                  "Y": 0.0
                },
                "Name": "pos",
                "ctype": "SingleNodeObjectData"
              }
            ],
            "ActionTag": 251227826,
            "Size": {
              "X": 85.0,
              "Y": 64.0
            },
            "Name": "yuyin",
            "ctype": "ImageViewObjectData"
          }
        ],
        "Size": {
          "X": 0.0,
          "Y": 0.0
        },
        "Name": "Node",
        "ctype": "SingleNodeObjectData"
      },
      "UsedResources": [
        "../../../../../Default/Sprite.png",
        "../../../image/base/ChatInfo/ltqp0.png",
        "ChatSpeaker.json"
      ],
      "ctype": "GameFileData"
    }
  },
  "Type": "Node"
}