{
  "ID": "3d910f1c-dc41-4fba-b985-03c12b8ced1d",
  "Version": "3.10.0.0",
  "Name": "ChatInfo3",
  "Content": {
    "Content": {
      "Animation": {
        "Duration": 0,
        "Speed": 1.0,
        "Timelines": [],
        "ctype": "TimelineActionData"
      },
      "AnimationList": [],
      "ObjectData": {
        "Tag": 556,
        "Children": [
          {
            "FileData": {
              "Type": "Normal",
              "Path": "submodules/epz/image/base/ChatInfo/ltqp2.png",
              "Plist": ""
            },
            "Scale9Enable": true,
            "Scale9OriginX": 42,
            "Scale9OriginY": 32,
            "Scale9Width": 3,
            "Scale9Height": 1,
            "AnchorPoint": {},
            "Position": {
              "X": 39.45,
              "Y": 67.3
            },
            "Scale": {
              "ScaleX": 1.0,
              "ScaleY": 1.0
            },
            "CColor": {},
            "IconVisible": false,
            "PrePosition": {
              "X": 0.0,
              "Y": 0.0
            },
            "PreSize": {
              "X": 0.0,
              "Y": 0.0
            },
            "LeftMargin": 39.45,
            "RightMargin": -239.45,
            "TopMargin": -131.3,
            "BottomMargin": 67.3,
            "Tag": 585,
            "Children": [
              {
                "FontSize": 26,
                "LabelText": "Text Label",
                "HorizontalAlignmentType": "HT_Center",
                "VerticalAlignmentType": "VT_Center",
                "OutlineColor": {},
                "OutlineEnabled": true,
                "ShadowColor": {
                  "R": 110,
                  "G": 110,
                  "B": 110
                },
                "ShadowOffsetX": 2.0,
                "ShadowOffsetY": -2.0,
                "AnchorPoint": {
                  "ScaleX": 0.5,
                  "ScaleY": 0.5
                },
                "Position": {
                  "X": 100.0,
                  "Y": 40.0
                },
                "Scale": {
                  "ScaleX": 1.0,
                  "ScaleY": 1.0
                },
                "CColor": {
                  "R": 0,
                  "G": 0,
                  "B": 0
                },
                "IconVisible": false,
                "PrePosition": {
                  "X": 0.5,
                  "Y": 0.625
                },
                "PreSize": {
                  "X": 0.595,
                  "Y": 0.4844
                },
                "HorizontalEdge": "LeftEdge",
                "VerticalEdge": "BothEdge",
                "LeftMargin": 40.5,
                "RightMargin": 40.5,
                "TopMargin": 8.5,
                "BottomMargin": 24.5,
                "Tag": 586,
                "ActionTag": 1577859772,
                "Size": {
                  "X": 119.0,
                  "Y": 31.0
                },
                "Name": "text",
                "ctype": "TextObjectData"
              }
            ],
            "ActionTag": 1119109165,
            "Size": {
              "X": 200.0,
              "Y": 64.0
            },
            "Name": "qp",
            "ctype": "ImageViewObjectData"
          },
          {
            "AnchorPoint": {},
            "Position": {
              "X": 46.0,
              "Y": 34.0
            },
            "Scale": {
              "ScaleX": 1.2,
              "ScaleY": 1.2
            },
            "CColor": {},
            "IconVisible": true,
            "PrePosition": {
              "X": 0.0,
              "Y": 0.0
            },
            "PreSize": {
              "X": 0.0,
              "Y": 0.0
            },
            "LeftMargin": 46.0,
            "RightMargin": -46.0,
            "TopMargin": -34.0,
            "BottomMargin": 34.0,
            "Tag": 583,
            "Children": [
              {
                "FileData": {
                  "Type": "Default",
                  "Path": "Default/Sprite.png",
                  "Plist": ""
                },
                "BlendFunc": {
                  "Src": 1,
                  "Dst": 771
                },
                "AnchorPoint": {
                  "ScaleX": 0.5,
                  "ScaleY": 0.5
                },
                "Position": {
                  "X": 0.0,
                  "Y": 0.0
                },
                "Scale": {
                  "ScaleX": 1.0,
                  "ScaleY": 1.0
                },
                "CColor": {},
                "IconVisible": false,
                "PrePosition": {
                  "X": 0.0,
                  "Y": 0.0
                },
                "PreSize": {
                  "X": 0.0,
                  "Y": 0.0
                },
                "LeftMargin": -23.0,
                "RightMargin": -23.0,
                "TopMargin": -23.0,
                "BottomMargin": -23.0,
                "Tag": 584,
                "ActionTag": 982508601,
                "Size": {
                  "X": 46.0,
                  "Y": 46.0
                },
                "Name": "emoji",
                "ctype": "SpriteObjectData"
              }
            ],
            "ActionTag": 500525457,
            "Size": {
              "X": 0.0,
              "Y": 0.0
            },
            "Name": "emoji",
            "ctype": "SingleNodeObjectData"
          },
          {
            "FileData": {
              "Type": "Normal",
              "Path": "submodules/epz/image/base/ChatInfo/ltqp2.png",
              "Plist": ""
            },
            "Scale9Enable": true,
            "Scale9OriginX": 42,
            "Scale9OriginY": 32,
            "Scale9Width": 3,
            "Scale9Height": 1,
            "AnchorPoint": {},
            "Position": {
              "X": 39.4511,
              "Y": 67.3
            },
            "Scale": {
              "ScaleX": 1.0,
              "ScaleY": 1.0
            },
            "CColor": {},
            "IconVisible": false,
            "PrePosition": {
              "X": 0.0,
              "Y": 0.0
            },
            "PreSize": {
              "X": 0.0,
              "Y": 0.0
            },
            "LeftMargin": 39.4511,
            "RightMargin": -124.4511,
            "TopMargin": -131.3,
            "BottomMargin": 67.3,
            "Tag": 578,
            "Children": [
              {
                "AnchorPoint": {},
                "Position": {
                  "X": 42.5,
                  "Y": 40.0
                },
                "Scale": {
                  "ScaleX": 1.0,
                  "ScaleY": 1.0
                },
                "CColor": {},
                "IconVisible": true,
                "PositionPercentXEnabled": true,
                "PrePosition": {
                  "X": 0.5,
                  "Y": 0.625
                },
                "PreSize": {
                  "X": 0.0,
                  "Y": 0.0
                },
                "LeftMargin": 42.5,
                "RightMargin": 42.5,
                "TopMargin": 24.0,
                "BottomMargin": 40.0,
                "Tag": 579,
                "Children": [
                  {
                    "FileData": {
                      "Type": "Normal",
                      "Path": "submodules/epz/ccs/base/unit/ChatSpeaker.json",
                      "Plist": ""
                    },
                    "StretchWidthEnable": false,
                    "StretchHeightEnable": false,
                    "InnerActionSpeed": 0.0,
                    "AnchorPoint": {},
                    "Position": {
                      "X": 0.0,
                      "Y": 0.0
                    },
                    "Scale": {
                      "ScaleX": 1.0,
                      "ScaleY": 1.0
                    },
                    "CColor": {},
                    "IconVisible": true,
                    "PrePosition": {
                      "X": 0.0,
                      "Y": 0.0
                    },
                    "PreSize": {
                      "X": 0.0,
                      "Y": 0.0
                    },
                    "Tag": 237,
                    "ActionTag": 472642004,
                    "Size": {
                      "X": 0.0,
                      "Y": 0.0
                    },
                    "Name": "FileNode_1",
                    "ctype": "ProjectNodeObjectData"
                  }
                ],
                "ActionTag": 658964995,
                "Size": {
                  "X": 0.0,
                  "Y": 0.0
                },
                "Name": "pos",
                "ctype": "SingleNodeObjectData"
              }
            ],
            "ActionTag": -272071673,
            "Size": {
              "X": 85.0,
              "Y": 64.0
            },
            "Name": "yuyin",
            "ctype": "ImageViewObjectData"
          },
          {
            "AnchorPoint": {},
            "Position": {
              "X": 0.0,
              "Y": 0.0
            },
            "Scale": {
              "ScaleX": 1.0,
              "ScaleY": 1.0
            },
            "CColor": {},
            "IconVisible": true,
            "PrePosition": {
              "X": 0.0,
              "Y": 0.0
            },
            "PreSize": {
              "X": 0.0,
              "Y": 0.0
            },
            "Tag": 3,
            "ActionTag": -2030315306,
            "Size": {
              "X": 0.0,
              "Y": 0.0
            },
            "Name": "index",
            "ctype": "SingleNodeObjectData"
          }
        ],
        "Size": {
          "X": 0.0,
          "Y": 0.0
        },
        "Name": "Node",
        "ctype": "SingleNodeObjectData"
      },
      "UsedResources": [
        "../../../../../Default/Sprite.png",
        "../../../image/base/ChatInfo/ltqp2.png",
        "ChatSpeaker.json"
      ],
      "ctype": "GameFileData"
    }
  },
  "Type": "Node"
}