{
  "ID": "5887934a-f83e-47a8-b1d7-6c527b170cfb",
  "Version": "3.10.0.0",
  "Name": "JieSuanErPiZiUnit",
  "Content": {
    "Content": {
      "Animation": {
        "Duration": 0,
        "Speed": 1.0,
        "Timelines": [],
        "ctype": "TimelineActionData"
      },
      "AnimationList": [],
      "ObjectData": {
        "Tag": 10,
        "Children": [
          {
            "ClipAble": false,
            "BackColorAlpha": 102,
            "SingleColor": {
              "R": 150,
              "G": 200
            },
            "FirstColor": {
              "R": 150,
              "G": 200
            },
            "EndColor": {},
            "ColorVector": {
              "ScaleY": 1.0
            },
            "TouchEnable": true,
            "AnchorPoint": {},
            "Position": {
              "X": 0.0,
              "Y": 0.0
            },
            "Scale": {
              "ScaleX": 1.0,
              "ScaleY": 1.0
            },
            "CColor": {},
            "IconVisible": false,
            "PrePosition": {
              "X": 0.0,
              "Y": 0.0
            },
            "PreSize": {
              "X": 0.0,
              "Y": 0.0
            },
            "RightMargin": -309.0,
            "TopMargin": -188.0,
            "Tag": 12,
            "Children": [
              {
                "FileData": {
                  "Type": "Normal",
                  "Path": "submodules/epz/image/base/JieSuanErPiZiWindow/bg_0.png",
                  "Plist": ""
                },
                "BlendFunc": {
                  "Src": 1,
                  "Dst": 771
                },
                "AnchorPoint": {},
                "Position": {
                  "X": 0.0,
                  "Y": 0.0
                },
                "Scale": {
                  "ScaleX": 1.0,
                  "ScaleY": 1.0
                },
                "CColor": {},
                "IconVisible": false,
                "PrePosition": {
                  "X": 0.0,
                  "Y": 0.0
                },
                "PreSize": {
                  "X": 1.0,
                  "Y": 1.0
                },
                "Tag": 11,
                "ActionTag": -1089170390,
                "Size": {
                  "X": 309.0,
                  "Y": 188.0
                },
                "Name": "bg",
                "ctype": "SpriteObjectData"
              },
              {
                "FileData": {
                  "Type": "Normal",
                  "Path": "submodules/epz/image/base/PlayerInfoUnit/template_ellipse.png",
                  "Plist": ""
                },
                "BlendFunc": {
                  "Src": 1,
                  "Dst": 771
                },
                "AnchorPoint": {
                  "ScaleX": 0.5,
                  "ScaleY": 0.5
                },
                "Position": {
                  "X": 65.0,
                  "Y": 125.0
                },
                "Scale": {
                  "ScaleX": 0.71,
                  "ScaleY": 0.71
                },
                "CColor": {},
                "IconVisible": false,
                "PrePosition": {
                  "X": 0.2104,
                  "Y": 0.6649
                },
                "PreSize": {
                  "X": 0.4272,
                  "Y": 0.7021
                },
                "LeftMargin": -1.0,
                "RightMargin": 178.0,
                "TopMargin": -3.0,
                "BottomMargin": 59.0,
                "Tag": 14,
                "ActionTag": -1794747034,
                "Size": {
                  "X": 132.0,
                  "Y": 132.0
                },
                "Name": "head",
                "ctype": "SpriteObjectData"
              },
              {
                "FileData": {
                  "Type": "Normal",
                  "Path": "submodules/epz/image/base/JieSuanErPiZiWindow/headBg.png",
                  "Plist": ""
                },
                "BlendFunc": {
                  "Src": 1,
                  "Dst": 771
                },
                "AnchorPoint": {
                  "ScaleX": 0.5,
                  "ScaleY": 0.5
                },
                "Position": {
                  "X": 65.0,
                  "Y": 125.0
                },
                "Scale": {
                  "ScaleX": 1.0,
                  "ScaleY": 1.0
                },
                "CColor": {},
                "IconVisible": false,
                "PrePosition": {
                  "X": 0.2104,
                  "Y": 0.6649
                },
                "PreSize": {
                  "X": 0.3236,
                  "Y": 0.5319
                },
                "LeftMargin": 15.0,
                "RightMargin": 194.0,
                "TopMargin": 13.0,
                "BottomMargin": 75.0,
                "Tag": 13,
                "ActionTag": 929430341,
                "Size": {
                  "X": 100.0,
                  "Y": 100.0
                },
                "Name": "headBg",
                "ctype": "SpriteObjectData"
              },
              {
                "IsCustomSize": true,
                "FontSize": 20,
                "LabelText": "得得得得得得得",
                "FontResource": {
                  "Type": "Normal",
                  "Path": "image/fonts/FZZY.TTF",
                  "Plist": ""
                },
                "HorizontalAlignmentType": "HT_Center",
                "VerticalAlignmentType": "VT_Center",
                "OutlineColor": {
                  "G": 0,
                  "B": 0
                },
                "ShadowColor": {
                  "R": 110,
                  "G": 110,
                  "B": 110
                },
                "ShadowOffsetX": 2.0,
                "ShadowOffsetY": -2.0,
                "AnchorPoint": {
                  "ScaleX": 0.5,
                  "ScaleY": 0.5
                },
                "Position": {
                  "X": 65.0,
                  "Y": 40.0
                },
                "Scale": {
                  "ScaleX": 1.0,
                  "ScaleY": 1.0
                },
                "CColor": {},
                "IconVisible": false,
                "PrePosition": {
                  "X": 0.2104,
                  "Y": 0.2128
                },
                "PreSize": {
                  "X": 0.3236,
                  "Y": 0.3191
                },
                "LeftMargin": 15.0,
                "RightMargin": 194.0,
                "TopMargin": 118.0,
                "BottomMargin": 10.0,
                "Tag": 48,
                "ActionTag": 902957678,
                "Size": {
                  "X": 100.0,
                  "Y": 60.0
                },
                "Name": "lb_name",
                "ctype": "TextObjectData"
              },
              {
                "FileData": {
                  "Type": "Normal",
                  "Path": "submodules/epz/image/base/JieSuanErPiZiWindow/fangzhu.png",
                  "Plist": ""
                },
                "BlendFunc": {
                  "Src": 1,
                  "Dst": 771
                },
                "AnchorPoint": {
                  "ScaleX": 0.5,
                  "ScaleY": 0.5
                },
                "Position": {
                  "X": 93.0,
                  "Y": 163.08
                },
                "Scale": {
                  "ScaleX": 1.0,
                  "ScaleY": 1.0
                },
                "CColor": {},
                "IconVisible": false,
                "PrePosition": {
                  "X": 0.301,
                  "Y": 0.8674
                },
                "PreSize": {
                  "X": 0.1359,
                  "Y": 0.117
                },
                "LeftMargin": 72.0,
                "RightMargin": 195.0,
                "TopMargin": 13.92,
                "BottomMargin": 152.08,
                "Tag": 20,
                "ActionTag": -1634651908,
                "Size": {
                  "X": 42.0,
                  "Y": 22.0
                },
                "Name": "fangzhu",
                "ctype": "SpriteObjectData"
              },
              {
                "FileData": {
                  "Type": "Normal",
                  "Path": "submodules/epz/image/base/JieSuanErPiZiWindow/zhuang.png",
                  "Plist": ""
                },
                "BlendFunc": {
                  "Src": 1,
                  "Dst": 771
                },
                "AnchorPoint": {
                  "ScaleX": 0.5,
                  "ScaleY": 0.5
                },
                "Position": {
                  "X": 30.0,
                  "Y": 160.0
                },
                "Scale": {
                  "ScaleX": 1.0,
                  "ScaleY": 1.0
                },
                "CColor": {},
                "IconVisible": false,
                "PrePosition": {
                  "X": 0.0971,
                  "Y": 0.8511
                },
                "PreSize": {
                  "X": 0.1133,
                  "Y": 0.1968
                },
                "LeftMargin": 12.5,
                "RightMargin": 261.5,
                "TopMargin": 9.5,
                "BottomMargin": 141.5,
                "Tag": 19,
                "ActionTag": -5299293,
                "Size": {
                  "X": 35.0,
                  "Y": 37.0
                },
                "Name": "zhuang",
                "ctype": "SpriteObjectData"
              },
              {
                "FileData": {
                  "Type": "Normal",
                  "Path": "submodules/epz/image/base/JieSuanErPiZiWindow/bg_1.png",
                  "Plist": ""
                },
                "BlendFunc": {
                  "Src": 1,
                  "Dst": 771
                },
                "AnchorPoint": {
                  "ScaleX": 0.5,
                  "ScaleY": 0.5
                },
                "Position": {
                  "X": 210.0,
                  "Y": 120.0
                },
                "Scale": {
                  "ScaleX": 1.0,
                  "ScaleY": 1.0
                },
                "CColor": {},
                "IconVisible": false,
                "PrePosition": {
                  "X": 0.6796,
                  "Y": 0.6383
                },
                "PreSize": {
                  "X": 0.5469,
                  "Y": 0.5691
                },
                "LeftMargin": 125.5,
                "RightMargin": 14.5,
                "TopMargin": 14.5,
                "BottomMargin": 66.5,
                "Tag": 15,
                "ActionTag": -331406034,
                "Size": {
                  "X": 169.0,
                  "Y": 107.0
                },
                "Name": "bg_1_4",
                "ctype": "SpriteObjectData"
              },
              {
                "FileData": {
                  "Type": "Normal",
                  "Path": "submodules/epz/image/base/JieSuanErPiZiWindow/bg_2.png",
                  "Plist": ""
                },
                "BlendFunc": {
                  "Src": 1,
                  "Dst": 771
                },
                "AnchorPoint": {
                  "ScaleX": 0.5,
                  "ScaleY": 0.5
                },
                "Position": {
                  "X": 210.0,
                  "Y": 30.0
                },
                "Scale": {
                  "ScaleX": 1.0,
                  "ScaleY": 1.0
                },
                "CColor": {},
                "IconVisible": false,
                "PrePosition": {
                  "X": 0.6796,
                  "Y": 0.1596
                },
                "PreSize": {
                  "X": 0.5469,
                  "Y": 0.1915
                },
                "LeftMargin": 125.5,
                "RightMargin": 14.5,
                "TopMargin": 140.0,
                "BottomMargin": 12.0,
                "Tag": 18,
                "ActionTag": -1082741894,
                "Size": {
                  "X": 169.0,
                  "Y": 36.0
                },
                "Name": "bg_2_7",
                "ctype": "SpriteObjectData"
              },
              {
                "FileData": {
                  "Type": "PlistSubImage",
                  "Path": "poker_epz/pai_0.png",
                  "Plist": "submodules/epz/image/base/card/poker_epz.plist"
                },
                "BlendFunc": {
                  "Src": 1,
                  "Dst": 771
                },
                "AnchorPoint": {
                  "ScaleX": 0.5,
                  "ScaleY": 0.5
                },
                "Position": {
                  "X": 178.0,
                  "Y": 125.0
                },
                "Scale": {
                  "ScaleX": 0.4,
                  "ScaleY": 0.4
                },
                "CColor": {},
                "IconVisible": false,
                "PrePosition": {
                  "X": 0.5761,
                  "Y": 0.6649
                },
                "PreSize": {
                  "X": 0.5243,
                  "Y": 1.1702
                },
                "LeftMargin": 97.0,
                "RightMargin": 50.0,
                "TopMargin": -47.0,
                "BottomMargin": 15.0,
                "Tag": 21,
                "ActionTag": 1604225344,
                "Size": {
                  "X": 162.0,
                  "Y": 220.0
                },
                "Name": "a0",
                "ctype": "SpriteObjectData"
              },
              {
                "FileData": {
                  "Type": "PlistSubImage",
                  "Path": "poker_epz/pai_0.png",
                  "Plist": "submodules/epz/image/base/card/poker_epz.plist"
                },
                "BlendFunc": {
                  "Src": 1,
                  "Dst": 771
                },
                "AnchorPoint": {
                  "ScaleX": 0.5,
                  "ScaleY": 0.5
                },
                "Position": {
                  "X": 242.0,
                  "Y": 125.0
                },
                "Scale": {
                  "ScaleX": 0.4,
                  "ScaleY": 0.4
                },
                "CColor": {},
                "IconVisible": false,
                "PrePosition": {
                  "X": 0.7832,
                  "Y": 0.6649
                },
                "PreSize": {
                  "X": 0.5243,
                  "Y": 1.1702
                },
                "LeftMargin": 161.0,
                "RightMargin": -14.0,
                "TopMargin": -47.0,
                "BottomMargin": 15.0,
                "Tag": 22,
                "ActionTag": -1697016067,
                "Size": {
                  "X": 162.0,
                  "Y": 220.0
                },
                "Name": "a1",
                "ctype": "SpriteObjectData"
              },
              {
                "FileData": {
                  "Type": "Normal",
                  "Path": "submodules/epz/ccs/base/unit/CardTypeUnit.json",
                  "Plist": ""
                },
                "StretchWidthEnable": false,
                "StretchHeightEnable": false,
                "InnerActionSpeed": 1.0,
                "AnchorPoint": {},
                "Position": {
                  "X": 210.0,
                  "Y": 90.0
                },
                "Scale": {
                  "ScaleX": 1.0,
                  "ScaleY": 1.0
                },
                "CColor": {},
                "IconVisible": true,
                "PrePosition": {
                  "X": 0.6796,
                  "Y": 0.4787
                },
                "PreSize": {
                  "X": 0.0,
                  "Y": 0.0
                },
                "LeftMargin": 210.0,
                "RightMargin": 99.0,
                "TopMargin": 98.0,
                "BottomMargin": 90.0,
                "Tag": 2759,
                "ActionTag": 1169739550,
                "Size": {
                  "X": 0.0,
                  "Y": 0.0
                },
                "Name": "CardTypeUnit",
                "ctype": "ProjectNodeObjectData"
              },
              {
                "LabelText": "-123",
                "LabelBMFontFile_CNB": {
                  "Type": "Normal",
                  "Path": "submodules/epz/image/base/JieSuanErPiZiWindow/num3.fnt",
                  "Plist": ""
                },
                "AnchorPoint": {
                  "ScaleX": 0.5,
                  "ScaleY": 0.5
                },
                "Position": {
                  "X": 210.0,
                  "Y": 30.0
                },
                "Scale": {
                  "ScaleX": 1.0,
                  "ScaleY": 1.0
                },
                "CColor": {},
                "IconVisible": false,
                "PrePosition": {
                  "X": 0.6796,
                  "Y": 0.1596
                },
                "PreSize": {
                  "X": 0.343,
                  "Y": 0.2234
                },
                "LeftMargin": 157.0,
                "RightMargin": 46.0,
                "TopMargin": 137.0,
                "BottomMargin": 9.0,
                "Tag": 52,
                "ActionTag": -955065777,
                "Size": {
                  "X": 106.0,
                  "Y": 42.0
                },
                "Name": "shu_score",
                "ctype": "TextBMFontObjectData"
              },
              {
                "LabelText": "-123",
                "LabelBMFontFile_CNB": {
                  "Type": "Normal",
                  "Path": "submodules/epz/image/base/JieSuanErPiZiWindow/num2.fnt",
                  "Plist": ""
                },
                "AnchorPoint": {
                  "ScaleX": 0.5,
                  "ScaleY": 0.5
                },
                "Position": {
                  "X": 210.0,
                  "Y": 30.0
                },
                "Scale": {
                  "ScaleX": 1.0,
                  "ScaleY": 1.0
                },
                "CColor": {},
                "IconVisible": false,
                "PrePosition": {
                  "X": 0.6796,
                  "Y": 0.1596
                },
                "PreSize": {
                  "X": 0.343,
                  "Y": 0.2234
                },
                "LeftMargin": 157.0,
                "RightMargin": 46.0,
                "TopMargin": 137.0,
                "BottomMargin": 9.0,
                "Tag": 53,
                "ActionTag": -340131239,
                "Size": {
                  "X": 106.0,
                  "Y": 42.0
                },
                "Name": "ying_score",
                "ctype": "TextBMFontObjectData"
              }
            ],
            "ActionTag": -1854590784,
            "Size": {
              "X": 309.0,
              "Y": 188.0
            },
            "Name": "root",
            "ctype": "PanelObjectData"
          }
        ],
        "Size": {
          "X": 0.0,
          "Y": 0.0
        },
        "Name": "Node",
        "ctype": "SingleNodeObjectData"
      },
      "UsedResources": [
        "../../../../../image/fonts/FZZY.TTF",
        "../../../image/base/card/poker_epz.plist",
        "../../../image/base/card/poker_epz.png",
        "../../../image/base/JieSuanErPiZiWindow/bg_0.png",
        "../../../image/base/JieSuanErPiZiWindow/bg_1.png",
        "../../../image/base/JieSuanErPiZiWindow/bg_2.png",
        "../../../image/base/JieSuanErPiZiWindow/fangzhu.png",
        "../../../image/base/JieSuanErPiZiWindow/headBg.png",
        "../../../image/base/JieSuanErPiZiWindow/num2.fnt",
        "../../../image/base/JieSuanErPiZiWindow/num2.png",
        "../../../image/base/JieSuanErPiZiWindow/num3.fnt",
        "../../../image/base/JieSuanErPiZiWindow/num3.png",
        "../../../image/base/JieSuanErPiZiWindow/zhuang.png",
        "../../../image/base/PlayerInfoUnit/template_ellipse.png",
        "CardTypeUnit.json"
      ],
      "ctype": "GameFileData"
    }
  },
  "Type": "Node"
}