{
  "ID": "19103d61-9b73-4afb-b2ad-ac001193e226",
  "Version": "3.10.0.0",
  "Name": "OperationInfoUnit",
  "Content": {
    "Content": {
      "Animation": {
        "Duration": 0,
        "Speed": 1.0,
        "Timelines": [],
        "ctype": "TimelineActionData"
      },
      "AnimationList": [],
      "ObjectData": {
        "Tag": 529,
        "Children": [
          {
            "FileData": {
              "Type": "Normal",
              "Path": "submodules/epz/image/base/OperationInfoUnit/opInfo_bi.png",
              "Plist": ""
            },
            "BlendFunc": {
              "Src": 1,
              "Dst": 771
            },
            "AnchorPoint": {
              "ScaleX": 0.5,
              "ScaleY": 0.5
            },
            "Position": {
              "X": 0.0,
              "Y": 0.0
            },
            "Scale": {
              "ScaleX": 1.0,
              "ScaleY": 1.0
            },
            "CColor": {},
            "IconVisible": false,
            "PrePosition": {
              "X": 0.0,
              "Y": 0.0
            },
            "PreSize": {
              "X": 0.0,
              "Y": 0.0
            },
            "LeftMargin": -30.0,
            "RightMargin": -30.0,
            "TopMargin": -30.0,
            "BottomMargin": -30.0,
            "Tag": 2520,
            "ActionTag": -1452345342,
            "Size": {
              "X": 60.0,
              "Y": 60.0
            },
            "Name": "opInfo_bi",
            "ctype": "SpriteObjectData"
          },
          {
            "FileData": {
              "Type": "Normal",
              "Path": "submodules/epz/image/base/OperationInfoUnit/opInfo_da.png",
              "Plist": ""
            },
            "BlendFunc": {
              "Src": 1,
              "Dst": 771
            },
            "AnchorPoint": {
              "ScaleX": 0.5,
              "ScaleY": 0.5
            },
            "Position": {
              "X": 0.0,
              "Y": 0.0
            },
            "Scale": {
              "ScaleX": 1.0,
              "ScaleY": 1.0
            },
            "CColor": {},
            "IconVisible": false,
            "PrePosition": {
              "X": 0.0,
              "Y": 0.0
            },
            "PreSize": {
              "X": 0.0,
              "Y": 0.0
            },
            "LeftMargin": -32.5,
            "RightMargin": -32.5,
            "TopMargin": -30.0,
            "BottomMargin": -30.0,
            "Tag": 2521,
            "ActionTag": 901628910,
            "Size": {
              "X": 65.0,
              "Y": 60.0
            },
            "Name": "opInfo_da",
            "ctype": "SpriteObjectData"
          },
          {
            "FileData": {
              "Type": "Normal",
              "Path": "submodules/epz/image/base/OperationInfoUnit/opInfo_diu.png",
              "Plist": ""
            },
            "BlendFunc": {
              "Src": 1,
              "Dst": 771
            },
            "AnchorPoint": {
              "ScaleX": 0.5,
              "ScaleY": 0.5
            },
            "Position": {
              "X": 0.0,
              "Y": 0.0
            },
            "Scale": {
              "ScaleX": 1.0,
              "ScaleY": 1.0
            },
            "CColor": {},
            "IconVisible": false,
            "PrePosition": {
              "X": 0.0,
              "Y": 0.0
            },
            "PreSize": {
              "X": 0.0,
              "Y": 0.0
            },
            "LeftMargin": -32.0,
            "RightMargin": -32.0,
            "TopMargin": -31.0,
            "BottomMargin": -31.0,
            "Tag": 2522,
            "ActionTag": -278168408,
            "Size": {
              "X": 64.0,
              "Y": 62.0
            },
            "Name": "opInfo_diu",
            "ctype": "SpriteObjectData"
          },
          {
            "FileData": {
              "Type": "Normal",
              "Path": "submodules/epz/image/base/OperationInfoUnit/opInfo_gen.png",
              "Plist": ""
            },
            "BlendFunc": {
              "Src": 1,
              "Dst": 771
            },
            "AnchorPoint": {
              "ScaleX": 0.5,
              "ScaleY": 0.5
            },
            "Position": {
              "X": 0.0,
              "Y": 0.0
            },
            "Scale": {
              "ScaleX": 1.0,
              "ScaleY": 1.0
            },
            "CColor": {},
            "IconVisible": false,
            "PrePosition": {
              "X": 0.0,
              "Y": 0.0
            },
            "PreSize": {
              "X": 0.0,
              "Y": 0.0
            },
            "LeftMargin": -32.5,
            "RightMargin": -32.5,
            "TopMargin": -30.0,
            "BottomMargin": -30.0,
            "Tag": 2523,
            "ActionTag": -1196327362,
            "Size": {
              "X": 65.0,
              "Y": 60.0
            },
            "Name": "opInfo_gen",
            "ctype": "SpriteObjectData"
          },
          {
            "FileData": {
              "Type": "Normal",
              "Path": "submodules/epz/image/base/OperationInfoUnit/opInfo_qiao.png",
              "Plist": ""
            },
            "BlendFunc": {
              "Src": 1,
              "Dst": 771
            },
            "AnchorPoint": {
              "ScaleX": 0.5,
              "ScaleY": 0.5
            },
            "Position": {
              "X": 0.0,
              "Y": 0.0
            },
            "Scale": {
              "ScaleX": 1.0,
              "ScaleY": 1.0
            },
            "CColor": {},
            "IconVisible": false,
            "PrePosition": {
              "X": 0.0,
              "Y": 0.0
            },
            "PreSize": {
              "X": 0.0,
              "Y": 0.0
            },
            "LeftMargin": -31.5,
            "RightMargin": -31.5,
            "TopMargin": -31.5,
            "BottomMargin": -31.5,
            "Tag": 2524,
            "ActionTag": -1912750742,
            "Size": {
              "X": 63.0,
              "Y": 63.0
            },
            "Name": "opInfo_qiao",
            "ctype": "SpriteObjectData"
          }
        ],
        "Size": {
          "X": 0.0,
          "Y": 0.0
        },
        "Name": "Node",
        "ctype": "SingleNodeObjectData"
      },
      "UsedResources": [
        "../../../image/base/OperationInfoUnit/opInfo_bi.png",
        "../../../image/base/OperationInfoUnit/opInfo_da.png",
        "../../../image/base/OperationInfoUnit/opInfo_diu.png",
        "../../../image/base/OperationInfoUnit/opInfo_gen.png",
        "../../../image/base/OperationInfoUnit/opInfo_qiao.png"
      ],
      "ctype": "GameFileData"
    }
  },
  "Type": "Node"
}