{
  "ID": "2cea91d5-4f96-4f9b-a444-4b60c747fb70",
  "Version": "3.10.0.0",
  "Name": "PlayerInfoUnit",
  "Content": {
    "Content": {
      "Animation": {
        "Duration": 0,
        "Speed": 1.0,
        "Timelines": [],
        "ctype": "TimelineActionData"
      },
      "AnimationList": [],
      "ObjectData": {
        "Tag": 426,
        "Children": [
          {
            "ClipAble": false,
            "BackColorAlpha": 102,
            "SingleColor": {
              "R": 150,
              "G": 200
            },
            "FirstColor": {
              "R": 150,
              "G": 200
            },
            "EndColor": {},
            "ColorVector": {
              "ScaleY": 1.0
            },
            "Scale9Width": 1,
            "Scale9Height": 1,
            "AnchorPoint": {
              "ScaleX": 0.5,
              "ScaleY": 0.5
            },
            "Position": {
              "X": 0.0,
              "Y": 0.0
            },
            "Scale": {
              "ScaleX": 1.0,
              "ScaleY": 1.0
            },
            "CColor": {},
            "IconVisible": false,
            "PositionPercentXEnabled": true,
            "PositionPercentYEnabled": true,
            "PrePosition": {
              "X": 0.0,
              "Y": 0.0
            },
            "PreSize": {
              "X": 0.0,
              "Y": 0.0
            },
            "LeftMargin": -131.0,
            "RightMargin": -131.0,
            "TopMargin": -59.5,
            "BottomMargin": -59.5,
            "Tag": 427,
            "Children": [
              {
                "FileData": {
                  "Type": "Normal",
                  "Path": "submodules/epz/image/base/PlayerInfoUnit/headng.png",
                  "Plist": ""
                },
                "BlendFunc": {
                  "Src": 1,
                  "Dst": 771
                },
                "AnchorPoint": {
                  "ScaleX": 0.5,
                  "ScaleY": 0.5
                },
                "Position": {
                  "X": 131.0,
                  "Y": 59.5
                },
                "Scale": {
                  "ScaleX": 1.0,
                  "ScaleY": 1.0
                },
                "CColor": {},
                "IconVisible": false,
                "PositionPercentXEnabled": true,
                "PositionPercentYEnabled": true,
                "PrePosition": {
                  "X": 0.5,
                  "Y": 0.5
                },
                "PreSize": {
                  "X": 1.0,
                  "Y": 1.0
                },
                "Tag": 428,
                "ActionTag": 1762077710,
                "Size": {
                  "X": 262.0,
                  "Y": 119.0
                },
                "Name": "info_bg",
                "ctype": "SpriteObjectData"
              },
              {
                "FileData": {
                  "Type": "Normal",
                  "Path": "submodules/epz/image/base/PlayerInfoUnit/scorebg.png",
                  "Plist": ""
                },
                "BlendFunc": {
                  "Src": 1,
                  "Dst": 771
                },
                "AnchorPoint": {
                  "ScaleX": 0.5,
                  "ScaleY": 0.5
                },
                "Position": {
                  "X": 186.1128,
                  "Y": 40.0
                },
                "Scale": {
                  "ScaleX": 1.0,
                  "ScaleY": 1.0
                },
                "CColor": {},
                "IconVisible": false,
                "PrePosition": {
                  "X": 0.7104,
                  "Y": 0.3361
                },
                "PreSize": {
                  "X": 0.374,
                  "Y": 0.2353
                },
                "LeftMargin": 137.1128,
                "RightMargin": 26.8872,
                "TopMargin": 65.0,
                "BottomMargin": 26.0,
                "Tag": 1642,
                "ActionTag": -943563261,
                "Size": {
                  "X": 98.0,
                  "Y": 28.0
                },
                "Name": "scorebg_2",
                "ctype": "SpriteObjectData"
              },
              {
                "FileData": {
                  "Type": "Normal",
                  "Path": "submodules/epz/image/base/PlayerInfoUnit/bobo.png",
                  "Plist": ""
                },
                "BlendFunc": {
                  "Src": 1,
                  "Dst": 771
                },
                "AnchorPoint": {
                  "ScaleX": 0.5,
                  "ScaleY": 0.5
                },
                "Position": {
                  "X": 131.1131,
                  "Y": 40.0
                },
                "Scale": {
                  "ScaleX": 1.0,
                  "ScaleY": 1.0
                },
                "CColor": {},
                "IconVisible": false,
                "PrePosition": {
                  "X": 0.5004,
                  "Y": 0.3361
                },
                "PreSize": {
                  "X": 0.1603,
                  "Y": 0.3529
                },
                "LeftMargin": 110.1131,
                "RightMargin": 109.8869,
                "TopMargin": 58.0,
                "BottomMargin": 19.0,
                "Tag": 1641,
                "ActionTag": -2051065721,
                "Size": {
                  "X": 42.0,
                  "Y": 42.0
                },
                "Name": "bobo_1",
                "ctype": "SpriteObjectData"
              },
              {
                "FileData": {
                  "Type": "Normal",
                  "Path": "submodules/epz/image/base/PlayerInfoUnit/template_ellipse.png",
                  "Plist": ""
                },
                "BlendFunc": {
                  "Src": 1,
                  "Dst": 771
                },
                "AnchorPoint": {
                  "ScaleX": 0.5,
                  "ScaleY": 0.5
                },
                "Position": {
                  "X": 60.0,
                  "Y": 59.5
                },
                "Scale": {
                  "ScaleX": 0.62,
                  "ScaleY": 0.62
                },
                "CColor": {},
                "IconVisible": false,
                "PositionPercentYEnabled": true,
                "PrePosition": {
                  "X": 0.229,
                  "Y": 0.5
                },
                "PreSize": {
                  "X": 0.5038,
                  "Y": 1.1092
                },
                "LeftMargin": -6.0,
                "RightMargin": 136.0,
                "TopMargin": -6.5,
                "BottomMargin": -6.5,
                "Tag": 626,
                "ActionTag": 19259052,
                "Size": {
                  "X": 132.0,
                  "Y": 132.0
                },
                "Name": "head",
                "ctype": "SpriteObjectData"
              },
              {
                "FontSize": 20,
                "LabelText": "_一二三四五_",
                "FontResource": {
                  "Type": "Normal",
                  "Path": "image/fonts/FZZY.TTF",
                  "Plist": ""
                },
                "HorizontalAlignmentType": "HT_Center",
                "VerticalAlignmentType": "VT_Center",
                "OutlineColor": {
                  "G": 0,
                  "B": 0
                },
                "ShadowColor": {
                  "R": 110,
                  "G": 110,
                  "B": 110
                },
                "ShadowOffsetX": 2.0,
                "ShadowOffsetY": -2.0,
                "AnchorPoint": {
                  "ScaleX": 0.5,
                  "ScaleY": 0.5
                },
                "Position": {
                  "X": 175.0,
                  "Y": 85.0
                },
                "Scale": {
                  "ScaleX": 1.0,
                  "ScaleY": 1.0
                },
                "CColor": {},
                "IconVisible": false,
                "PrePosition": {
                  "X": 0.6679,
                  "Y": 0.7143
                },
                "PreSize": {
                  "X": 0.4733,
                  "Y": 0.1933
                },
                "LeftMargin": 113.0,
                "RightMargin": 25.0,
                "TopMargin": 22.5,
                "BottomMargin": 73.5,
                "Tag": 627,
                "ActionTag": 756983691,
                "Size": {
                  "X": 124.0,
                  "Y": 23.0
                },
                "Name": "lb_nickname",
                "ctype": "TextObjectData"
              },
              {
                "FontSize": 18,
                "LabelText": "Text Label",
                "FontResource": {
                  "Type": "Normal",
                  "Path": "image/fonts/FZZY.TTF",
                  "Plist": ""
                },
                "HorizontalAlignmentType": "HT_Center",
                "VerticalAlignmentType": "VT_Center",
                "OutlineColor": {
                  "G": 0,
                  "B": 0
                },
                "ShadowColor": {
                  "R": 110,
                  "G": 110,
                  "B": 110
                },
                "ShadowOffsetX": 2.0,
                "ShadowOffsetY": -2.0,
                "AnchorPoint": {
                  "ScaleX": 0.5,
                  "ScaleY": 0.5
                },
                "Position": {
                  "X": 189.6167,
                  "Y": 40.0
                },
                "Scale": {
                  "ScaleX": 1.0,
                  "ScaleY": 1.0
                },
                "CColor": {},
                "IconVisible": false,
                "PrePosition": {
                  "X": 0.7237,
                  "Y": 0.3361
                },
                "PreSize": {
                  "X": 0.2939,
                  "Y": 0.1681
                },
                "LeftMargin": 151.1167,
                "RightMargin": 33.8833,
                "TopMargin": 69.0,
                "BottomMargin": 30.0,
                "Tag": 628,
                "ActionTag": -282098701,
                "Size": {
                  "X": 77.0,
                  "Y": 20.0
                },
                "Name": "lb_boboscore",
                "ctype": "TextObjectData"
              },
              {
                "FileData": {
                  "Type": "Normal",
                  "Path": "submodules/epz/image/base/PlayerInfoUnit/zhuang.png",
                  "Plist": ""
                },
                "BlendFunc": {
                  "Src": 1,
                  "Dst": 771
                },
                "AnchorPoint": {
                  "ScaleX": 0.5,
                  "ScaleY": 0.5
                },
                "Position": {
                  "X": 27.6192,
                  "Y": 89.4589
                },
                "Scale": {
                  "ScaleX": 1.0,
                  "ScaleY": 1.0
                },
                "CColor": {},
                "IconVisible": false,
                "PrePosition": {
                  "X": 0.1054,
                  "Y": 0.7518
                },
                "PreSize": {
                  "X": 0.1336,
                  "Y": 0.3109
                },
                "LeftMargin": 10.1192,
                "RightMargin": 216.8808,
                "TopMargin": 11.0411,
                "BottomMargin": 70.9589,
                "Tag": 745,
                "ActionTag": -363381938,
                "Size": {
                  "X": 35.0,
                  "Y": 37.0
                },
                "Name": "zhuang",
                "ctype": "SpriteObjectData"
              },
              {
                "FileData": {
                  "Type": "Normal",
                  "Path": "submodules/epz/image/base/PlayerInfoUnit/ok.png",
                  "Plist": ""
                },
                "BlendFunc": {
                  "Src": 1,
                  "Dst": 771
                },
                "AnchorPoint": {
                  "ScaleX": 0.5,
                  "ScaleY": 0.5
                },
                "Position": {
                  "X": 60.0,
                  "Y": 59.5
                },
                "Scale": {
                  "ScaleX": 1.0,
                  "ScaleY": 1.0
                },
                "CColor": {},
                "IconVisible": false,
                "PositionPercentYEnabled": true,
                "PrePosition": {
                  "X": 0.229,
                  "Y": 0.5
                },
                "PreSize": {
                  "X": 0.2366,
                  "Y": 0.2689
                },
                "LeftMargin": 29.0,
                "RightMargin": 171.0,
                "TopMargin": 43.5,
                "BottomMargin": 43.5,
                "Tag": 747,
                "ActionTag": -693953887,
                "Size": {
                  "X": 62.0,
                  "Y": 32.0
                },
                "Name": "ok",
                "ctype": "SpriteObjectData"
              },
              {
                "FileData": {
                  "Type": "Normal",
                  "Path": "submodules/epz/image/base/PlayerInfoUnit/offline.png",
                  "Plist": ""
                },
                "BlendFunc": {
                  "Src": 1,
                  "Dst": 771
                },
                "AnchorPoint": {
                  "ScaleX": 0.5,
                  "ScaleY": 0.5
                },
                "Position": {
                  "X": 60.0,
                  "Y": 59.5
                },
                "Scale": {
                  "ScaleX": 1.0,
                  "ScaleY": 1.0
                },
                "CColor": {},
                "IconVisible": false,
                "PositionPercentYEnabled": true,
                "PrePosition": {
                  "X": 0.229,
                  "Y": 0.5
                },
                "PreSize": {
                  "X": 0.2366,
                  "Y": 0.2689
                },
                "LeftMargin": 29.0,
                "RightMargin": 171.0,
                "TopMargin": 43.5,
                "BottomMargin": 43.5,
                "Tag": 746,
                "ActionTag": 1574802510,
                "Size": {
                  "X": 62.0,
                  "Y": 32.0
                },
                "Name": "offline",
                "ctype": "SpriteObjectData"
              },
              {
                "FileData": {
                  "Type": "Normal",
                  "Path": "submodules/epz/image/base/PlayerInfoUnit/head_guang.png",
                  "Plist": ""
                },
                "BlendFunc": {
                  "Src": 1,
                  "Dst": 771
                },
                "AnchorPoint": {
                  "ScaleX": 0.5,
                  "ScaleY": 0.5
                },
                "Position": {
                  "X": 131.0,
                  "Y": 59.5
                },
                "Scale": {
                  "ScaleX": 1.0,
                  "ScaleY": 1.0
                },
                "CColor": {},
                "IconVisible": false,
                "PositionPercentXEnabled": true,
                "PositionPercentYEnabled": true,
                "PrePosition": {
                  "X": 0.5,
                  "Y": 0.5
                },
                "PreSize": {
                  "X": 1.0382,
                  "Y": 1.084
                },
                "LeftMargin": -5.0,
                "RightMargin": -5.0,
                "TopMargin": -5.0,
                "BottomMargin": -5.0,
                "Tag": 748,
                "ActionTag": 595805672,
                "Size": {
                  "X": 272.0,
                  "Y": 129.0
                },
                "Name": "head_timerbg",
                "ctype": "SpriteObjectData"
              }
            ],
            "ActionTag": -37582541,
            "Size": {
              "X": 262.0,
              "Y": 119.0
            },
            "Name": "root",
            "ctype": "PanelObjectData"
          }
        ],
        "Size": {
          "X": 0.0,
          "Y": 0.0
        },
        "Name": "Node",
        "ctype": "SingleNodeObjectData"
      },
      "UsedResources": [
        "../../../../../image/fonts/FZZY.TTF",
        "../../../image/base/PlayerInfoUnit/bobo.png",
        "../../../image/base/PlayerInfoUnit/head_guang.png",
        "../../../image/base/PlayerInfoUnit/headng.png",
        "../../../image/base/PlayerInfoUnit/offline.png",
        "../../../image/base/PlayerInfoUnit/ok.png",
        "../../../image/base/PlayerInfoUnit/scorebg.png",
        "../../../image/base/PlayerInfoUnit/template_ellipse.png",
        "../../../image/base/PlayerInfoUnit/zhuang.png"
      ],
      "ctype": "GameFileData"
    }
  },
  "Type": "Node"
}