{
  "ID": "53519094-4fe4-4272-8579-4ab04b32042d",
  "Version": "3.10.0.0",
  "Name": "ScoreUnit",
  "Content": {
    "Content": {
      "Animation": {
        "Duration": 0,
        "Speed": 1.0,
        "Timelines": [],
        "ctype": "TimelineActionData"
      },
      "AnimationList": [],
      "ObjectData": {
        "Tag": 529,
        "Children": [
          {
            "FileData": {
              "Type": "Normal",
              "Path": "submodules/epz/image/base/PlayerInfoUnit/scorebg.png",
              "Plist": ""
            },
            "BlendFunc": {
              "Src": 1,
              "Dst": 771
            },
            "AnchorPoint": {
              "ScaleX": 0.5,
              "ScaleY": 0.5
            },
            "Position": {
              "X": 0.0,
              "Y": 0.0
            },
            "Scale": {
              "ScaleX": 1.0,
              "ScaleY": 1.0
            },
            "CColor": {},
            "IconVisible": false,
            "PositionPercentXEnabled": true,
            "PositionPercentYEnabled": true,
            "PrePosition": {
              "X": 0.0,
              "Y": 0.0
            },
            "PreSize": {
              "X": 0.0,
              "Y": 0.0
            },
            "LeftMargin": -49.0,
            "RightMargin": -49.0,
            "TopMargin": -14.0,
            "BottomMargin": -14.0,
            "Tag": 530,
            "ActionTag": -438856284,
            "Size": {
              "X": 98.0,
              "Y": 28.0
            },
            "Name": "fenbg",
            "ctype": "SpriteObjectData"
          },
          {
            "FileData": {
              "Type": "Normal",
              "Path": "submodules/epz/image/base/PlayerInfoUnit/xiazhu.png",
              "Plist": ""
            },
            "BlendFunc": {
              "Src": 1,
              "Dst": 771
            },
            "AnchorPoint": {
              "ScaleX": 0.5,
              "ScaleY": 0.5
            },
            "Position": {
              "X": -53.4281,
              "Y": 0.0
            },
            "Scale": {
              "ScaleX": 0.5,
              "ScaleY": 0.5
            },
            "CColor": {},
            "IconVisible": false,
            "PrePosition": {
              "X": 0.0,
              "Y": 0.0
            },
            "PreSize": {
              "X": 0.0,
              "Y": 0.0
            },
            "LeftMargin": -99.4281,
            "RightMargin": 7.4281,
            "TopMargin": -46.0,
            "BottomMargin": -46.0,
            "Tag": 1934,
            "ActionTag": -1556620990,
            "Size": {
              "X": 92.0,
              "Y": 92.0
            },
            "Name": "icon",
            "ctype": "SpriteObjectData"
          },
          {
            "FontSize": 20,
            "LabelText": "Text Label",
            "FontResource": {
              "Type": "Normal",
              "Path": "image/fonts/FZZY.TTF",
              "Plist": ""
            },
            "HorizontalAlignmentType": "HT_Center",
            "VerticalAlignmentType": "VT_Center",
            "OutlineColor": {
              "G": 0,
              "B": 0
            },
            "ShadowColor": {
              "R": 110,
              "G": 110,
              "B": 110
            },
            "ShadowOffsetX": 2.0,
            "ShadowOffsetY": -2.0,
            "AnchorPoint": {
              "ScaleX": 0.5,
              "ScaleY": 0.5
            },
            "Position": {
              "X": 5.5227,
              "Y": 0.0
            },
            "Scale": {
              "ScaleX": 1.0,
              "ScaleY": 1.0
            },
            "CColor": {},
            "IconVisible": false,
            "PrePosition": {
              "X": 0.0,
              "Y": 0.0
            },
            "PreSize": {
              "X": 0.0,
              "Y": 0.0
            },
            "LeftMargin": -36.4773,
            "RightMargin": -47.5227,
            "TopMargin": -11.5,
            "BottomMargin": -11.5,
            "Tag": 531,
            "ActionTag": 1297346542,
            "Size": {
              "X": 84.0,
              "Y": 23.0
            },
            "Name": "num",
            "ctype": "TextObjectData"
          }
        ],
        "Size": {
          "X": 0.0,
          "Y": 0.0
        },
        "Name": "Node",
        "ctype": "SingleNodeObjectData"
      },
      "UsedResources": [
        "../../../../../image/fonts/FZZY.TTF",
        "../../../image/base/PlayerInfoUnit/scorebg.png",
        "../../../image/base/PlayerInfoUnit/xiazhu.png"
      ],
      "ctype": "GameFileData"
    }
  },
  "Type": "Node"
}