{
  "ID": "2c161b37-c7b4-4303-9a69-1f68234f59f4",
  "Version": "3.10.0.0",
  "Name": "ZongJieSuanErPiZiUnit",
  "Content": {
    "Content": {
      "Animation": {
        "Duration": 0,
        "Speed": 1.0,
        "Timelines": [],
        "ctype": "TimelineActionData"
      },
      "AnimationList": [],
      "ObjectData": {
        "Tag": 10,
        "Children": [
          {
            "ClipAble": false,
            "BackColorAlpha": 102,
            "SingleColor": {
              "R": 150,
              "G": 200
            },
            "FirstColor": {
              "R": 150,
              "G": 200
            },
            "EndColor": {},
            "ColorVector": {
              "ScaleY": 1.0
            },
            "Scale9Width": 1,
            "Scale9Height": 1,
            "TouchEnable": true,
            "AnchorPoint": {},
            "Position": {
              "X": 0.0,
              "Y": 0.0
            },
            "Scale": {
              "ScaleX": 1.0,
              "ScaleY": 1.0
            },
            "CColor": {},
            "IconVisible": false,
            "PrePosition": {
              "X": 0.0,
              "Y": 0.0
            },
            "PreSize": {
              "X": 0.0,
              "Y": 0.0
            },
            "RightMargin": -309.0,
            "TopMargin": -188.0,
            "Tag": 12,
            "Children": [
              {
                "FileData": {
                  "Type": "Normal",
                  "Path": "submodules/epz/image/base/JieSuanErPiZiWindow/bg_0.png",
                  "Plist": ""
                },
                "BlendFunc": {
                  "Src": 1,
                  "Dst": 771
                },
                "AnchorPoint": {},
                "Position": {
                  "X": 0.0,
                  "Y": 0.0
                },
                "Scale": {
                  "ScaleX": 1.0,
                  "ScaleY": 1.0
                },
                "CColor": {},
                "IconVisible": false,
                "PrePosition": {
                  "X": 0.0,
                  "Y": 0.0
                },
                "PreSize": {
                  "X": 1.0,
                  "Y": 1.0
                },
                "Tag": 11,
                "ActionTag": -1089170390,
                "Size": {
                  "X": 309.0,
                  "Y": 188.0
                },
                "Name": "bg",
                "ctype": "SpriteObjectData"
              },
              {
                "FileData": {
                  "Type": "Normal",
                  "Path": "submodules/epz/image/base/PlayerInfoUnit/template_ellipse.png",
                  "Plist": ""
                },
                "BlendFunc": {
                  "Src": 1,
                  "Dst": 771
                },
                "AnchorPoint": {
                  "ScaleX": 0.5,
                  "ScaleY": 0.5
                },
                "Position": {
                  "X": 65.0,
                  "Y": 125.0
                },
                "Scale": {
                  "ScaleX": 0.71,
                  "ScaleY": 0.71
                },
                "CColor": {},
                "IconVisible": false,
                "PrePosition": {
                  "X": 0.2104,
                  "Y": 0.6649
                },
                "PreSize": {
                  "X": 0.4272,
                  "Y": 0.7021
                },
                "LeftMargin": -1.0,
                "RightMargin": 178.0,
                "TopMargin": -3.0,
                "BottomMargin": 59.0,
                "Tag": 14,
                "ActionTag": -1794747034,
                "Size": {
                  "X": 132.0,
                  "Y": 132.0
                },
                "Name": "head",
                "ctype": "SpriteObjectData"
              },
              {
                "FileData": {
                  "Type": "Normal",
                  "Path": "submodules/epz/image/base/JieSuanErPiZiWindow/headBg.png",
                  "Plist": ""
                },
                "BlendFunc": {
                  "Src": 1,
                  "Dst": 771
                },
                "AnchorPoint": {
                  "ScaleX": 0.5,
                  "ScaleY": 0.5
                },
                "Position": {
                  "X": 65.0,
                  "Y": 125.0
                },
                "Scale": {
                  "ScaleX": 1.0,
                  "ScaleY": 1.0
                },
                "CColor": {},
                "IconVisible": false,
                "PrePosition": {
                  "X": 0.2104,
                  "Y": 0.6649
                },
                "PreSize": {
                  "X": 0.3236,
                  "Y": 0.5319
                },
                "LeftMargin": 15.0,
                "RightMargin": 194.0,
                "TopMargin": 13.0,
                "BottomMargin": 75.0,
                "Tag": 13,
                "ActionTag": 929430341,
                "Size": {
                  "X": 100.0,
                  "Y": 100.0
                },
                "Name": "headBg",
                "ctype": "SpriteObjectData"
              },
              {
                "IsCustomSize": true,
                "FontSize": 20,
                "LabelText": "得得得得得得得",
                "FontResource": {
                  "Type": "Normal",
                  "Path": "image/fonts/FZZY.TTF",
                  "Plist": ""
                },
                "HorizontalAlignmentType": "HT_Center",
                "VerticalAlignmentType": "VT_Center",
                "OutlineColor": {
                  "G": 0,
                  "B": 0
                },
                "ShadowColor": {
                  "R": 110,
                  "G": 110,
                  "B": 110
                },
                "ShadowOffsetX": 2.0,
                "ShadowOffsetY": -2.0,
                "AnchorPoint": {
                  "ScaleX": 0.5,
                  "ScaleY": 0.5
                },
                "Position": {
                  "X": 65.0,
                  "Y": 40.0
                },
                "Scale": {
                  "ScaleX": 1.0,
                  "ScaleY": 1.0
                },
                "CColor": {},
                "IconVisible": false,
                "PrePosition": {
                  "X": 0.2104,
                  "Y": 0.2128
                },
                "PreSize": {
                  "X": 0.3236,
                  "Y": 0.3191
                },
                "LeftMargin": 15.0,
                "RightMargin": 194.0,
                "TopMargin": 118.0,
                "BottomMargin": 10.0,
                "Tag": 48,
                "ActionTag": 902957678,
                "Size": {
                  "X": 100.0,
                  "Y": 60.0
                },
                "Name": "lb_name",
                "ctype": "TextObjectData"
              },
              {
                "FileData": {
                  "Type": "Normal",
                  "Path": "submodules/epz/image/base/JieSuanErPiZiWindow/fangzhu.png",
                  "Plist": ""
                },
                "BlendFunc": {
                  "Src": 1,
                  "Dst": 771
                },
                "AnchorPoint": {
                  "ScaleX": 0.5,
                  "ScaleY": 0.5
                },
                "Position": {
                  "X": 93.0,
                  "Y": 163.08
                },
                "Scale": {
                  "ScaleX": 1.0,
                  "ScaleY": 1.0
                },
                "CColor": {},
                "IconVisible": false,
                "PrePosition": {
                  "X": 0.301,
                  "Y": 0.8674
                },
                "PreSize": {
                  "X": 0.1359,
                  "Y": 0.117
                },
                "LeftMargin": 72.0,
                "RightMargin": 195.0,
                "TopMargin": 13.92,
                "BottomMargin": 152.08,
                "Tag": 20,
                "ActionTag": -1634651908,
                "Size": {
                  "X": 42.0,
                  "Y": 22.0
                },
                "Name": "fangzhu",
                "ctype": "SpriteObjectData"
              },
              {
                "FileData": {
                  "Type": "Normal",
                  "Path": "submodules/epz/image/base/JieSuanErPiZiWindow/zhuang.png",
                  "Plist": ""
                },
                "BlendFunc": {
                  "Src": 1,
                  "Dst": 771
                },
                "AnchorPoint": {
                  "ScaleX": 0.5,
                  "ScaleY": 0.5
                },
                "Position": {
                  "X": 30.0,
                  "Y": 160.0
                },
                "Scale": {
                  "ScaleX": 1.0,
                  "ScaleY": 1.0
                },
                "CColor": {},
                "IconVisible": false,
                "PrePosition": {
                  "X": 0.0971,
                  "Y": 0.8511
                },
                "PreSize": {
                  "X": 0.1133,
                  "Y": 0.1968
                },
                "LeftMargin": 12.5,
                "RightMargin": 261.5,
                "TopMargin": 9.5,
                "BottomMargin": 141.5,
                "Tag": 19,
                "ActionTag": -5299293,
                "Size": {
                  "X": 35.0,
                  "Y": 37.0
                },
                "Name": "zhuang",
                "ctype": "SpriteObjectData"
              },
              {
                "LabelText": "-123",
                "LabelBMFontFile_CNB": {
                  "Type": "Normal",
                  "Path": "submodules/epz/image/base/JieSuanErPiZiWindow/num3.fnt",
                  "Plist": ""
                },
                "AnchorPoint": {
                  "ScaleX": 0.5,
                  "ScaleY": 0.5
                },
                "Position": {
                  "X": 210.0,
                  "Y": 94.0
                },
                "Scale": {
                  "ScaleX": 1.3,
                  "ScaleY": 1.3
                },
                "CColor": {},
                "IconVisible": false,
                "PositionPercentYEnabled": true,
                "PrePosition": {
                  "X": 0.6796,
                  "Y": 0.5
                },
                "PreSize": {
                  "X": 0.343,
                  "Y": 0.2234
                },
                "LeftMargin": 157.0,
                "RightMargin": 46.0,
                "TopMargin": 73.0,
                "BottomMargin": 73.0,
                "Tag": 52,
                "ActionTag": -955065777,
                "Size": {
                  "X": 106.0,
                  "Y": 42.0
                },
                "Name": "shu_score",
                "ctype": "TextBMFontObjectData"
              },
              {
                "LabelText": "-123",
                "LabelBMFontFile_CNB": {
                  "Type": "Normal",
                  "Path": "submodules/epz/image/base/JieSuanErPiZiWindow/num2.fnt",
                  "Plist": ""
                },
                "AnchorPoint": {
                  "ScaleX": 0.5,
                  "ScaleY": 0.5
                },
                "Position": {
                  "X": 210.0,
                  "Y": 94.0
                },
                "Scale": {
                  "ScaleX": 1.3,
                  "ScaleY": 1.3
                },
                "CColor": {},
                "IconVisible": false,
                "PositionPercentYEnabled": true,
                "PrePosition": {
                  "X": 0.6796,
                  "Y": 0.5
                },
                "PreSize": {
                  "X": 0.343,
                  "Y": 0.2234
                },
                "LeftMargin": 157.0,
                "RightMargin": 46.0,
                "TopMargin": 73.0,
                "BottomMargin": 73.0,
                "Tag": 53,
                "ActionTag": -340131239,
                "Size": {
                  "X": 106.0,
                  "Y": 42.0
                },
                "Name": "ying_score",
                "ctype": "TextBMFontObjectData"
              },
              {
                "FileData": {
                  "Type": "Normal",
                  "Path": "submodules/epz/image/base/ZongJieSuanErPiZiWindow/dayingjia.png",
                  "Plist": ""
                },
                "BlendFunc": {
                  "Src": 1,
                  "Dst": 771
                },
                "AnchorPoint": {
                  "ScaleX": 0.5,
                  "ScaleY": 0.5
                },
                "Position": {
                  "X": 210.0,
                  "Y": 159.0
                },
                "Scale": {
                  "ScaleX": 1.0,
                  "ScaleY": 1.0
                },
                "CColor": {},
                "IconVisible": false,
                "PrePosition": {
                  "X": 0.6796,
                  "Y": 0.8457
                },
                "PreSize": {
                  "X": 0.4013,
                  "Y": 0.3032
                },
                "LeftMargin": 148.0,
                "RightMargin": 37.0,
                "TopMargin": 0.5,
                "BottomMargin": 130.5,
                "Tag": 407,
                "ActionTag": 1218933129,
                "Size": {
                  "X": 124.0,
                  "Y": 57.0
                },
                "Name": "dayingjia",
                "ctype": "SpriteObjectData"
              },
              {
                "FileData": {
                  "Type": "Normal",
                  "Path": "submodules/epz/image/base/ZongJieSuanErPiZiWindow/tuhao.png",
                  "Plist": ""
                },
                "BlendFunc": {
                  "Src": 1,
                  "Dst": 771
                },
                "AnchorPoint": {
                  "ScaleX": 0.5,
                  "ScaleY": 0.5
                },
                "Position": {
                  "X": 210.0,
                  "Y": 159.0
                },
                "Scale": {
                  "ScaleX": 1.0,
                  "ScaleY": 1.0
                },
                "CColor": {},
                "IconVisible": false,
                "PrePosition": {
                  "X": 0.6796,
                  "Y": 0.8457
                },
                "PreSize": {
                  "X": 0.4013,
                  "Y": 0.3032
                },
                "LeftMargin": 148.0,
                "RightMargin": 37.0,
                "TopMargin": 0.5,
                "BottomMargin": 130.5,
                "Tag": 408,
                "ActionTag": -1036008700,
                "Size": {
                  "X": 124.0,
                  "Y": 57.0
                },
                "Name": "tuhao",
                "ctype": "SpriteObjectData"
              }
            ],
            "ActionTag": -1854590784,
            "Size": {
              "X": 309.0,
              "Y": 188.0
            },
            "Name": "root",
            "ctype": "PanelObjectData"
          }
        ],
        "Size": {
          "X": 0.0,
          "Y": 0.0
        },
        "Name": "Node",
        "ctype": "SingleNodeObjectData"
      },
      "UsedResources": [
        "../../../../../image/fonts/FZZY.TTF",
        "../../../image/base/JieSuanErPiZiWindow/bg_0.png",
        "../../../image/base/JieSuanErPiZiWindow/fangzhu.png",
        "../../../image/base/JieSuanErPiZiWindow/headBg.png",
        "../../../image/base/JieSuanErPiZiWindow/num2.fnt",
        "../../../image/base/JieSuanErPiZiWindow/num2.png",
        "../../../image/base/JieSuanErPiZiWindow/num3.fnt",
        "../../../image/base/JieSuanErPiZiWindow/num3.png",
        "../../../image/base/JieSuanErPiZiWindow/zhuang.png",
        "../../../image/base/PlayerInfoUnit/template_ellipse.png",
        "../../../image/base/ZongJieSuanErPiZiWindow/dayingjia.png",
        "../../../image/base/ZongJieSuanErPiZiWindow/tuhao.png"
      ],
      "ctype": "GameFileData"
    }
  },
  "Type": "Node"
}