{
  "ID": "e371d36c-1560-4236-b519-9aa1db1d1b5e",
  "Version": "3.10.0.0",
  "Name": "HistoryDetailCell",
  "Content": {
    "Content": {
      "Animation": {
        "Duration": 0,
        "Speed": 1.0,
        "Timelines": [],
        "ctype": "TimelineActionData"
      },
      "AnimationList": [],
      "ObjectData": {
        "Tag": 90,
        "Children": [
          {
            "FileData": {
              "Type": "Normal",
              "Path": "appCommon/fydp/common/history_detailcell1.png",
              "Plist": ""
            },
            "Scale9Enable": true,
            "Scale9OriginX": 22,
            "Scale9OriginY": 22,
            "Scale9Width": 14,
            "Scale9Height": 14,
            "AnchorPoint": {
              "ScaleX": 0.5,
              "ScaleY": 0.5
            },
            "Position": {
              "X": 600.0,
              "Y": 40.0
            },
            "Scale": {
              "ScaleX": 1.0,
              "ScaleY": 1.0
            },
            "CColor": {},
            "IconVisible": false,
            "PositionPercentXEnabled": true,
            "PositionPercentYEnabled": true,
            "PrePosition": {
              "X": 0.5,
              "Y": 0.5
            },
            "PreSize": {
              "X": 0.9833,
              "Y": 0.875
            },
            "LeftMargin": 10.0,
            "RightMargin": 10.0,
            "TopMargin": 5.0,
            "BottomMargin": 5.0,
            "Tag": 686,
            "Children": [
              {
                "FontSize": 35,
                "LabelText": "100",
                "FontResource": {
                  "Type": "Normal",
                  "Path": "image/fonts/FZZY.TTF",
                  "Plist": ""
                },
                "HorizontalAlignmentType": "HT_Center",
                "VerticalAlignmentType": "VT_Center",
                "OutlineColor": {
                  "G": 0,
                  "B": 0
                },
                "ShadowColor": {
                  "R": 110,
                  "G": 110,
                  "B": 110
                },
                "ShadowOffsetX": 2.0,
                "ShadowOffsetY": -2.0,
                "AnchorPoint": {
                  "ScaleX": 0.5,
                  "ScaleY": 0.5
                },
                "Position": {
                  "X": 38.0,
                  "Y": 32.998
                },
                "Scale": {
                  "ScaleX": 1.0,
                  "ScaleY": 1.0
                },
                "CColor": {
                  "R": 171,
                  "G": 89,
                  "B": 52
                },
                "IconVisible": false,
                "PositionPercentYEnabled": true,
                "PrePosition": {
                  "X": 0.0322,
                  "Y": 0.4714
                },
                "PreSize": {
                  "X": 0.0441,
                  "Y": 0.5714
                },
                "LeftMargin": 12.0,
                "RightMargin": 1116.0,
                "TopMargin": 17.002,
                "BottomMargin": 12.998,
                "Tag": 389,
                "ActionTag": -1738941253,
                "Size": {
                  "X": 52.0,
                  "Y": 40.0
                },
                "Name": "txt_id",
                "ctype": "TextObjectData"
              },
              {
                "IsCustomSize": true,
                "FontSize": 30,
                "LabelText": "2016-07-08 14:40:070",
                "VerticalAlignmentType": "VT_Center",
                "OutlineColor": {
                  "G": 0,
                  "B": 0
                },
                "ShadowColor": {
                  "R": 110,
                  "G": 110,
                  "B": 110
                },
                "ShadowOffsetX": 2.0,
                "ShadowOffsetY": -2.0,
                "AnchorPoint": {
                  "ScaleX": 0.5,
                  "ScaleY": 0.5
                },
                "Position": {
                  "X": 216.0008,
                  "Y": 35.0
                },
                "Scale": {
                  "ScaleX": 1.0,
                  "ScaleY": 1.0
                },
                "CColor": {
                  "R": 121,
                  "G": 102,
                  "B": 67
                },
                "IconVisible": false,
                "PositionPercentYEnabled": true,
                "PrePosition": {
                  "X": 0.1831,
                  "Y": 0.5
                },
                "PreSize": {
                  "X": 0.2508,
                  "Y": 0.4857
                },
                "LeftMargin": 68.0008,
                "RightMargin": 815.9992,
                "TopMargin": 18.0,
                "BottomMargin": 18.0,
                "Tag": 29,
                "ActionTag": 2129696366,
                "Size": {
                  "X": 296.0,
                  "Y": 34.0
                },
                "Name": "txt_time",
                "ctype": "TextObjectData"
              },
              {
                "FontSize": 14,
                "ButtonText": "",
                "TextColor": {
                  "R": 65,
                  "G": 65,
                  "B": 70
                },
                "DisabledFileData": {
                  "Type": "Normal",
                  "Path": "appCommon/fydp/common/btshare.png",
                  "Plist": ""
                },
                "PressedFileData": {
                  "Type": "Normal",
                  "Path": "appCommon/fydp/common/btshare.png",
                  "Plist": ""
                },
                "NormalFileData": {
                  "Type": "Normal",
                  "Path": "appCommon/fydp/common/btshare.png",
                  "Plist": ""
                },
                "Scale9Enable": true,
                "Scale9OriginX": 15,
                "Scale9OriginY": 11,
                "Scale9Width": 70,
                "Scale9Height": 31,
                "OutlineColor": {
                  "G": 0,
                  "B": 0
                },
                "ShadowColor": {
                  "R": 110,
                  "G": 110,
                  "B": 110
                },
                "ShadowOffsetX": 2.0,
                "ShadowOffsetY": -2.0,
                "TouchEnable": true,
                "AnchorPoint": {
                  "ScaleX": 0.5,
                  "ScaleY": 0.5
                },
                "Position": {
                  "X": 1027.3867,
                  "Y": 32.0
                },
                "Scale": {
                  "ScaleX": 1.0,
                  "ScaleY": 1.0
                },
                "CColor": {},
                "IconVisible": false,
                "PrePosition": {
                  "X": 0.8707,
                  "Y": 0.4571
                },
                "PreSize": {
                  "X": 0.0847,
                  "Y": 0.7571
                },
                "LeftMargin": 977.3867,
                "RightMargin": 102.6133,
                "TopMargin": 11.5,
                "BottomMargin": 5.5,
                "Tag": 390,
                "ActionTag": 2066529180,
                "Size": {
                  "X": 100.0,
                  "Y": 53.0
                },
                "Name": "share",
                "ctype": "ButtonObjectData"
              },
              {
                "FontSize": 14,
                "ButtonText": "",
                "TextColor": {
                  "R": 65,
                  "G": 65,
                  "B": 70
                },
                "DisabledFileData": {
                  "Type": "Normal",
                  "Path": "image/ui/history/btReplay.png",
                  "Plist": ""
                },
                "PressedFileData": {
                  "Type": "Normal",
                  "Path": "image/ui/history/btReplay.png",
                  "Plist": ""
                },
                "NormalFileData": {
                  "Type": "Normal",
                  "Path": "image/ui/history/btReplay.png",
                  "Plist": ""
                },
                "Scale9Enable": true,
                "Scale9OriginX": 15,
                "Scale9OriginY": 11,
                "Scale9Width": 70,
                "Scale9Height": 31,
                "OutlineColor": {
                  "G": 0,
                  "B": 0
                },
                "ShadowColor": {
                  "R": 110,
                  "G": 110,
                  "B": 110
                },
                "ShadowOffsetX": 2.0,
                "ShadowOffsetY": -2.0,
                "TouchEnable": true,
                "AnchorPoint": {
                  "ScaleX": 0.5,
                  "ScaleY": 0.5
                },
                "Position": {
                  "X": 1130.3856,
                  "Y": 33.0001
                },
                "Scale": {
                  "ScaleX": 1.0,
                  "ScaleY": 1.0
                },
                "CColor": {},
                "IconVisible": false,
                "PrePosition": {
                  "X": 0.958,
                  "Y": 0.4714
                },
                "PreSize": {
                  "X": 0.0847,
                  "Y": 0.7571
                },
                "LeftMargin": 1080.3856,
                "RightMargin": -0.3856,
                "TopMargin": 10.4999,
                "BottomMargin": 6.5001,
                "Tag": 391,
                "ActionTag": -475171610,
                "Size": {
                  "X": 100.0,
                  "Y": 53.0
                },
                "Name": "huifang",
                "ctype": "ButtonObjectData"
              },
              {
                "FontSize": 30,
                "LabelText": "+123456",
                "FontResource": {
                  "Type": "Normal",
                  "Path": "image/fonts/FZZY.TTF",
                  "Plist": ""
                },
                "VerticalAlignmentType": "VT_Center",
                "OutlineColor": {
                  "G": 0,
                  "B": 0
                },
                "ShadowColor": {
                  "R": 110,
                  "G": 110,
                  "B": 110
                },
                "ShadowOffsetX": 2.0,
                "ShadowOffsetY": -2.0,
                "AnchorPoint": {
                  "ScaleX": 0.5,
                  "ScaleY": 0.5
                },
                "Position": {
                  "X": 421.6395,
                  "Y": 33.11
                },
                "Scale": {
                  "ScaleX": 1.0,
                  "ScaleY": 1.0
                },
                "CColor": {
                  "R": 20,
                  "G": 118,
                  "B": 153
                },
                "IconVisible": false,
                "PrePosition": {
                  "X": 0.3573,
                  "Y": 0.473
                },
                "PreSize": {
                  "X": 0.0941,
                  "Y": 0.4857
                },
                "LeftMargin": 366.1395,
                "RightMargin": 702.8605,
                "TopMargin": 19.89,
                "BottomMargin": 16.11,
                "Tag": 5575,
                "ActionTag": -229547206,
                "Size": {
                  "X": 111.0,
                  "Y": 34.0
                },
                "Name": "score1",
                "ctype": "TextObjectData"
              },
              {
                "FontSize": 30,
                "LabelText": "+123456",
                "FontResource": {
                  "Type": "Normal",
                  "Path": "image/fonts/FZZY.TTF",
                  "Plist": ""
                },
                "VerticalAlignmentType": "VT_Center",
                "OutlineColor": {
                  "G": 0,
                  "B": 0
                },
                "ShadowColor": {
                  "R": 110,
                  "G": 110,
                  "B": 110
                },
                "ShadowOffsetX": 2.0,
                "ShadowOffsetY": -2.0,
                "AnchorPoint": {
                  "ScaleX": 0.5,
                  "ScaleY": 0.5
                },
                "Position": {
                  "X": 671.0298,
                  "Y": 33.11
                },
                "Scale": {
                  "ScaleX": 1.0,
                  "ScaleY": 1.0
                },
                "CColor": {
                  "R": 20,
                  "G": 118,
                  "B": 153
                },
                "IconVisible": false,
                "PrePosition": {
                  "X": 0.5687,
                  "Y": 0.473
                },
                "PreSize": {
                  "X": 0.0941,
                  "Y": 0.4857
                },
                "LeftMargin": 615.5298,
                "RightMargin": 453.4702,
                "TopMargin": 19.89,
                "BottomMargin": 16.11,
                "Tag": 5573,
                "ActionTag": 2098003711,
                "Size": {
                  "X": 111.0,
                  "Y": 34.0
                },
                "Name": "score3",
                "ctype": "TextObjectData"
              },
              {
                "FontSize": 30,
                "LabelText": "+123456",
                "FontResource": {
                  "Type": "Normal",
                  "Path": "image/fonts/FZZY.TTF",
                  "Plist": ""
                },
                "VerticalAlignmentType": "VT_Center",
                "OutlineColor": {
                  "G": 0,
                  "B": 0
                },
                "ShadowColor": {
                  "R": 110,
                  "G": 110,
                  "B": 110
                },
                "ShadowOffsetX": 2.0,
                "ShadowOffsetY": -2.0,
                "AnchorPoint": {
                  "ScaleX": 0.5,
                  "ScaleY": 0.5
                },
                "Position": {
                  "X": 546.3347,
                  "Y": 33.1084
                },
                "Scale": {
                  "ScaleX": 1.0,
                  "ScaleY": 1.0
                },
                "CColor": {
                  "R": 121,
                  "G": 102,
                  "B": 67
                },
                "IconVisible": false,
                "PositionPercentYEnabled": true,
                "PrePosition": {
                  "X": 0.463,
                  "Y": 0.473
                },
                "PreSize": {
                  "X": 0.0941,
                  "Y": 0.4857
                },
                "LeftMargin": 490.8347,
                "RightMargin": 578.1653,
                "TopMargin": 19.8916,
                "BottomMargin": 16.1084,
                "Tag": 5571,
                "ActionTag": 1873507679,
                "Size": {
                  "X": 111.0,
                  "Y": 34.0
                },
                "Name": "score2",
                "ctype": "TextObjectData"
              },
              {
                "FontSize": 30,
                "LabelText": "+123456",
                "FontResource": {
                  "Type": "Normal",
                  "Path": "image/fonts/FZZY.TTF",
                  "Plist": ""
                },
                "VerticalAlignmentType": "VT_Center",
                "OutlineColor": {
                  "G": 0,
                  "B": 0
                },
                "ShadowColor": {
                  "R": 110,
                  "G": 110,
                  "B": 110
                },
                "ShadowOffsetX": 2.0,
                "ShadowOffsetY": -2.0,
                "AnchorPoint": {
                  "ScaleX": 0.5,
                  "ScaleY": 0.5
                },
                "Position": {
                  "X": 795.7249,
                  "Y": 33.1084
                },
                "Scale": {
                  "ScaleX": 1.0,
                  "ScaleY": 1.0
                },
                "CColor": {
                  "R": 121,
                  "G": 102,
                  "B": 67
                },
                "IconVisible": false,
                "PositionPercentYEnabled": true,
                "PrePosition": {
                  "X": 0.6743,
                  "Y": 0.473
                },
                "PreSize": {
                  "X": 0.0941,
                  "Y": 0.4857
                },
                "LeftMargin": 740.2249,
                "RightMargin": 328.7751,
                "TopMargin": 19.8916,
                "BottomMargin": 16.1084,
                "Tag": 364,
                "ActionTag": 920973551,
                "Size": {
                  "X": 111.0,
                  "Y": 34.0
                },
                "Name": "score4",
                "ctype": "TextObjectData"
              },
              {
                "FontSize": 30,
                "LabelText": "+123456",
                "FontResource": {
                  "Type": "Normal",
                  "Path": "image/fonts/FZZY.TTF",
                  "Plist": ""
                },
                "VerticalAlignmentType": "VT_Center",
                "OutlineColor": {
                  "G": 0,
                  "B": 0
                },
                "ShadowColor": {
                  "R": 110,
                  "G": 110,
                  "B": 110
                },
                "ShadowOffsetX": 2.0,
                "ShadowOffsetY": -2.0,
                "AnchorPoint": {
                  "ScaleX": 0.5,
                  "ScaleY": 0.5
                },
                "Position": {
                  "X": 920.4201,
                  "Y": 33.1084
                },
                "Scale": {
                  "ScaleX": 1.0,
                  "ScaleY": 1.0
                },
                "CColor": {
                  "R": 121,
                  "G": 102,
                  "B": 67
                },
                "IconVisible": false,
                "PositionPercentYEnabled": true,
                "PrePosition": {
                  "X": 0.78,
                  "Y": 0.473
                },
                "PreSize": {
                  "X": 0.0941,
                  "Y": 0.4857
                },
                "LeftMargin": 864.9201,
                "RightMargin": 204.0799,
                "TopMargin": 19.8916,
                "BottomMargin": 16.1084,
                "Tag": 838,
                "ActionTag": 633021980,
                "Size": {
                  "X": 111.0,
                  "Y": 34.0
                },
                "Name": "score5",
                "ctype": "TextObjectData"
              },
              {
                "FontSize": 30,
                "LabelText": "+123456",
                "VerticalAlignmentType": "VT_Center",
                "OutlineColor": {
                  "G": 0,
                  "B": 0
                },
                "ShadowColor": {
                  "R": 110,
                  "G": 110,
                  "B": 110
                },
                "ShadowOffsetX": 2.0,
                "ShadowOffsetY": -2.0,
                "AnchorPoint": {
                  "ScaleX": 0.5,
                  "ScaleY": 0.5
                },
                "Position": {
                  "X": 424.0,
                  "Y": -35.6166
                },
                "Scale": {
                  "ScaleX": 1.0,
                  "ScaleY": 1.0
                },
                "CColor": {
                  "R": 121,
                  "G": 102,
                  "B": 67
                },
                "IconVisible": false,
                "PositionPercentYEnabled": true,
                "PrePosition": {
                  "X": 0.3593,
                  "Y": -0.5088
                },
                "PreSize": {
                  "X": 0.1,
                  "Y": 0.4857
                },
                "LeftMargin": 365.0,
                "RightMargin": 697.0,
                "TopMargin": 88.6166,
                "BottomMargin": -52.6166,
                "Tag": 839,
                "ActionTag": -2017109186,
                "Size": {
                  "X": 118.0,
                  "Y": 34.0
                },
                "VisibleForFrame": false,
                "Name": "score6",
                "ctype": "TextObjectData"
              },
              {
                "FontSize": 30,
                "LabelText": "+123456",
                "VerticalAlignmentType": "VT_Center",
                "OutlineColor": {
                  "G": 0,
                  "B": 0
                },
                "ShadowColor": {
                  "R": 110,
                  "G": 110,
                  "B": 110
                },
                "ShadowOffsetX": 2.0,
                "ShadowOffsetY": -2.0,
                "AnchorPoint": {
                  "ScaleX": 0.5,
                  "ScaleY": 0.5
                },
                "Position": {
                  "X": 649.9997,
                  "Y": -35.6166
                },
                "Scale": {
                  "ScaleX": 1.0,
                  "ScaleY": 1.0
                },
                "CColor": {
                  "R": 121,
                  "G": 102,
                  "B": 67
                },
                "IconVisible": false,
                "PositionPercentYEnabled": true,
                "PrePosition": {
                  "X": 0.5508,
                  "Y": -0.5088
                },
                "PreSize": {
                  "X": 0.1,
                  "Y": 0.4857
                },
                "LeftMargin": 590.9997,
                "RightMargin": 471.0003,
                "TopMargin": 88.6166,
                "BottomMargin": -52.6166,
                "Tag": 840,
                "ActionTag": 1751044575,
                "Size": {
                  "X": 118.0,
                  "Y": 34.0
                },
                "VisibleForFrame": false,
                "Name": "score7",
                "ctype": "TextObjectData"
              },
              {
                "FontSize": 30,
                "LabelText": "+123456",
                "VerticalAlignmentType": "VT_Center",
                "OutlineColor": {
                  "G": 0,
                  "B": 0
                },
                "ShadowColor": {
                  "R": 110,
                  "G": 110,
                  "B": 110
                },
                "ShadowOffsetX": 2.0,
                "ShadowOffsetY": -2.0,
                "AnchorPoint": {
                  "ScaleX": 0.5,
                  "ScaleY": 0.5
                },
                "Position": {
                  "X": 875.9982,
                  "Y": -35.6166
                },
                "Scale": {
                  "ScaleX": 1.0,
                  "ScaleY": 1.0
                },
                "CColor": {
                  "R": 121,
                  "G": 102,
                  "B": 67
                },
                "IconVisible": false,
                "PositionPercentYEnabled": true,
                "PrePosition": {
                  "X": 0.7424,
                  "Y": -0.5088
                },
                "PreSize": {
                  "X": 0.1,
                  "Y": 0.4857
                },
                "LeftMargin": 816.9982,
                "RightMargin": 245.0018,
                "TopMargin": 88.6166,
                "BottomMargin": -52.6166,
                "Tag": 841,
                "ActionTag": 1612996317,
                "Size": {
                  "X": 118.0,
                  "Y": 34.0
                },
                "VisibleForFrame": false,
                "Name": "score8",
                "ctype": "TextObjectData"
              },
              {
                "FontSize": 30,
                "LabelText": "+123456",
                "VerticalAlignmentType": "VT_Center",
                "OutlineColor": {
                  "G": 0,
                  "B": 0
                },
                "ShadowColor": {
                  "R": 110,
                  "G": 110,
                  "B": 110
                },
                "ShadowOffsetX": 2.0,
                "ShadowOffsetY": -2.0,
                "AnchorPoint": {
                  "ScaleX": 0.5,
                  "ScaleY": 0.5
                },
                "Position": {
                  "X": 1101.9961,
                  "Y": -35.6166
                },
                "Scale": {
                  "ScaleX": 1.0,
                  "ScaleY": 1.0
                },
                "CColor": {
                  "R": 121,
                  "G": 102,
                  "B": 67
                },
                "IconVisible": false,
                "PositionPercentYEnabled": true,
                "PrePosition": {
                  "X": 0.9339,
                  "Y": -0.5088
                },
                "PreSize": {
                  "X": 0.1,
                  "Y": 0.4857
                },
                "LeftMargin": 1042.9961,
                "RightMargin": 19.0039,
                "TopMargin": 88.6166,
                "BottomMargin": -52.6166,
                "Tag": 842,
                "ActionTag": 2097585320,
                "Size": {
                  "X": 118.0,
                  "Y": 34.0
                },
                "VisibleForFrame": false,
                "Name": "score9",
                "ctype": "TextObjectData"
              }
            ],
            "ActionTag": -167608706,
            "Size": {
              "X": 1180.0,
              "Y": 70.0
            },
            "Name": "bg_cell",
            "ctype": "ImageViewObjectData"
          }
        ],
        "Size": {
          "X": 1200.0,
          "Y": 80.0
        },
        "Name": "Layer",
        "ctype": "LayerObjectData"
      },
      "UsedResources": [
        "../../appCommon/fydp/common/btshare.png",
        "../../appCommon/fydp/common/history_detailcell1.png",
        "../../image/fonts/FZZY.TTF",
        "../../image/ui/history/btReplay.png"
      ],
      "ctype": "GameFileData"
    }
  },
  "Type": "Layer"
}