{
  "ID": "e636d66f-a2b5-458a-ada4-8c87f9b7f6a2",
  "Version": "3.10.0.0",
  "Name": "HistoryDetail",
  "Content": {
    "Content": {
      "Animation": {
        "Duration": 0,
        "Speed": 1.0,
        "Timelines": [],
        "ctype": "TimelineActionData"
      },
      "AnimationList": [],
      "ObjectData": {
        "Tag": 55,
        "Children": [
          {
            "ClipAble": false,
            "ComboBoxIndex": 1,
            "SingleColor": {
              "R": 0,
              "G": 0,
              "B": 0
            },
            "FirstColor": {
              "R": 150,
              "G": 200
            },
            "EndColor": {},
            "ColorVector": {
              "ScaleY": 1.0
            },
            "Scale9Width": 1,
            "Scale9Height": 1,
            "TouchEnable": true,
            "AnchorPoint": {},
            "Position": {
              "X": 0.0,
              "Y": 0.0
            },
            "Scale": {
              "ScaleX": 1.0,
              "ScaleY": 1.0
            },
            "CColor": {},
            "IconVisible": false,
            "PrePosition": {
              "X": 0.0,
              "Y": 0.0
            },
            "PercentWidthEnable": true,
            "PercentHeightEnable": true,
            "PercentWidthEnabled": true,
            "PercentHeightEnabled": true,
            "PreSize": {
              "X": 1.0,
              "Y": 1.0
            },
            "Tag": 1072,
            "ActionTag": 1924986559,
            "Size": {
              "X": 1280.0,
              "Y": 720.0
            },
            "Name": "root",
            "ctype": "PanelObjectData"
          },
          {
            "FileData": {
              "Type": "Normal",
              "Path": "image/ui/history/history_bg.png",
              "Plist": ""
            },
            "BlendFunc": {
              "Src": 1,
              "Dst": 771
            },
            "AnchorPoint": {
              "ScaleY": 0.5
            },
            "Position": {
              "X": 640.0,
              "Y": 357.6597
            },
            "Scale": {
              "ScaleX": 1.0,
              "ScaleY": 1.0
            },
            "CColor": {},
            "IconVisible": false,
            "PositionPercentXEnabled": true,
            "PrePosition": {
              "X": 0.5,
              "Y": 0.4967
            },
            "PreSize": {
              "X": 0.4875,
              "Y": 0.9708
            },
            "LeftMargin": 640.0,
            "RightMargin": 16.0,
            "TopMargin": 12.8403,
            "BottomMargin": 8.1597,
            "Tag": 3887,
            "ActionTag": 1596443920,
            "Size": {
              "X": 624.0,
              "Y": 699.0
            },
            "Name": "history_bg_1",
            "ctype": "SpriteObjectData"
          },
          {
            "FileData": {
              "Type": "Normal",
              "Path": "image/ui/history/history_bg.png",
              "Plist": ""
            },
            "BlendFunc": {
              "Src": 1,
              "Dst": 771
            },
            "AnchorPoint": {
              "ScaleY": 0.5
            },
            "Position": {
              "X": 640.0,
              "Y": 357.6599
            },
            "Scale": {
              "ScaleX": 1.0,
              "ScaleY": -1.0
            },
            "RotationSkewX": 180.0,
            "RotationSkewY": 180.0,
            "CColor": {},
            "IconVisible": false,
            "PositionPercentXEnabled": true,
            "PrePosition": {
              "X": 0.5,
              "Y": 0.4967
            },
            "PreSize": {
              "X": 0.4875,
              "Y": 0.9708
            },
            "LeftMargin": 640.0,
            "RightMargin": 16.0,
            "TopMargin": 12.8401,
            "BottomMargin": 8.1599,
            "Tag": 3886,
            "ActionTag": 1722718757,
            "Size": {
              "X": 624.0,
              "Y": 699.0
            },
            "Name": "history_bg_2",
            "ctype": "SpriteObjectData"
          },
          {
            "FileData": {
              "Type": "Normal",
              "Path": "appCommon/fydp/common/history_cell3.png",
              "Plist": ""
            },
            "Scale9Enable": true,
            "Scale9OriginX": 22,
            "Scale9OriginY": 22,
            "Scale9Width": 19,
            "Scale9Height": 20,
            "AnchorPoint": {
              "ScaleX": 0.5
            },
            "Position": {
              "X": 640.0,
              "Y": 38.0
            },
            "Scale": {
              "ScaleX": 1.0,
              "ScaleY": 1.0
            },
            "CColor": {},
            "IconVisible": false,
            "PositionPercentXEnabled": true,
            "PrePosition": {
              "X": 0.5,
              "Y": 0.0528
            },
            "PreSize": {
              "X": 0.9375,
              "Y": 0.7778
            },
            "LeftMargin": 40.0,
            "RightMargin": 40.0,
            "TopMargin": 122.0,
            "BottomMargin": 38.0,
            "Tag": 745,
            "ActionTag": 506570714,
            "Size": {
              "X": 1200.0,
              "Y": 560.0
            },
            "Name": "bg_cell",
            "ctype": "ImageViewObjectData"
          },
          {
            "FileData": {
              "Type": "Normal",
              "Path": "image/ui/common/back.png",
              "Plist": ""
            },
            "BlendFunc": {
              "Src": 1,
              "Dst": 771
            },
            "AnchorPoint": {
              "ScaleX": 0.5,
              "ScaleY": 0.5
            },
            "Position": {
              "X": 64.7733,
              "Y": 658.9252
            },
            "Scale": {
              "ScaleX": 1.0,
              "ScaleY": 1.0
            },
            "CColor": {},
            "IconVisible": false,
            "PrePosition": {
              "X": 0.0506,
              "Y": 0.9152
            },
            "PreSize": {
              "X": 0.0617,
              "Y": 0.1097
            },
            "LeftMargin": 25.2733,
            "RightMargin": 1175.7267,
            "TopMargin": 21.5748,
            "BottomMargin": 619.4252,
            "Tag": 750,
            "ActionTag": 1691658586,
            "Size": {
              "X": 79.0,
              "Y": 79.0
            },
            "Name": "btBack",
            "ctype": "SpriteObjectData"
          },
          {
            "FileData": {
              "Type": "Normal",
              "Path": "image/ui/common/titlebg.png",
              "Plist": ""
            },
            "BlendFunc": {
              "Src": 1,
              "Dst": 771
            },
            "AnchorPoint": {
              "ScaleX": 0.5,
              "ScaleY": 0.5
            },
            "Position": {
              "X": 640.0,
              "Y": 672.9998
            },
            "Scale": {
              "ScaleX": 1.0,
              "ScaleY": 1.0
            },
            "CColor": {},
            "IconVisible": false,
            "PositionPercentXEnabled": true,
            "PrePosition": {
              "X": 0.5,
              "Y": 0.9347
            },
            "PreSize": {
              "X": 0.3828,
              "Y": 0.1181
            },
            "LeftMargin": 395.0,
            "RightMargin": 395.0,
            "TopMargin": 4.5002,
            "BottomMargin": 630.4998,
            "Tag": 968,
            "Children": [
              {
                "FileData": {
                  "Type": "Normal",
                  "Path": "image/ui/history/titledetail.png",
                  "Plist": ""
                },
                "BlendFunc": {
                  "Src": 1,
                  "Dst": 771
                },
                "AnchorPoint": {
                  "ScaleX": 0.5,
                  "ScaleY": 0.5
                },
                "Position": {
                  "X": 245.0,
                  "Y": 48.501
                },
                "Scale": {
                  "ScaleX": 1.0,
                  "ScaleY": 1.0
                },
                "CColor": {},
                "IconVisible": false,
                "PositionPercentXEnabled": true,
                "PositionPercentYEnabled": true,
                "PrePosition": {
                  "X": 0.5,
                  "Y": 0.5706
                },
                "PreSize": {
                  "X": 0.4918,
                  "Y": 1.0235
                },
                "LeftMargin": 124.5,
                "RightMargin": 124.5,
                "TopMargin": -7.001,
                "BottomMargin": 5.001,
                "Tag": 662,
                "ActionTag": 962707513,
                "Size": {
                  "X": 241.0,
                  "Y": 87.0
                },
                "Name": "title1_1",
                "ctype": "SpriteObjectData"
              }
            ],
            "ActionTag": 990435817,
            "Size": {
              "X": 490.0,
              "Y": 85.0
            },
            "Name": "titlebg_23",
            "ctype": "SpriteObjectData"
          },
          {
            "AnchorPoint": {},
            "Position": {
              "X": 92.4738,
              "Y": 546.67
            },
            "Scale": {
              "ScaleX": 1.0,
              "ScaleY": 1.0
            },
            "CColor": {},
            "IconVisible": true,
            "PrePosition": {
              "X": 0.0722,
              "Y": 0.7593
            },
            "PreSize": {
              "X": 0.0,
              "Y": 0.0
            },
            "LeftMargin": 92.4738,
            "RightMargin": 1187.5262,
            "TopMargin": 173.33,
            "BottomMargin": 546.67,
            "Tag": 663,
            "Children": [
              {
                "IsCustomSize": true,
                "FontSize": 22,
                "LabelText": "玩法：牛牛上庄牛牛上庄玩法：牛牛上庄牛牛上庄玩法：牛牛上庄牛牛上庄玩法牛牛上庄牛牛上庄玩法牛牛庄玩法牛牛",
                "FontResource": {
                  "Type": "Normal",
                  "Path": "image/fonts/FZZY.TTF",
                  "Plist": ""
                },
                "OutlineColor": {
                  "G": 0,
                  "B": 0
                },
                "ShadowColor": {
                  "R": 110,
                  "G": 110,
                  "B": 110
                },
                "ShadowOffsetX": 2.0,
                "ShadowOffsetY": -2.0,
                "AnchorPoint": {
                  "ScaleY": 1.0
                },
                "Position": {
                  "X": -5.2446,
                  "Y": 84.453
                },
                "Scale": {
                  "ScaleX": 1.0,
                  "ScaleY": 1.0
                },
                "CColor": {},
                "IconVisible": false,
                "PrePosition": {
                  "X": 0.0,
                  "Y": 0.0
                },
                "PreSize": {
                  "X": 0.0,
                  "Y": 0.0
                },
                "LeftMargin": -5.2446,
                "RightMargin": -1141.7554,
                "TopMargin": -84.453,
                "BottomMargin": 59.453,
                "Tag": 362,
                "ActionTag": -755206163,
                "Size": {
                  "X": 1147.0,
                  "Y": 25.0
                },
                "Name": "wanfa2",
                "ctype": "TextObjectData"
              },
              {
                "FontSize": 22,
                "LabelText": "序号",
                "FontResource": {
                  "Type": "Normal",
                  "Path": "image/fonts/FZZY.TTF",
                  "Plist": ""
                },
                "OutlineColor": {
                  "G": 0,
                  "B": 0
                },
                "ShadowColor": {
                  "R": 110,
                  "G": 110,
                  "B": 110
                },
                "ShadowOffsetX": 2.0,
                "ShadowOffsetY": -2.0,
                "AnchorPoint": {
                  "ScaleX": 0.5,
                  "ScaleY": 0.5
                },
                "Position": {
                  "X": 1.9996,
                  "Y": 30.0007
                },
                "Scale": {
                  "ScaleX": 1.0,
                  "ScaleY": 1.0
                },
                "CColor": {},
                "IconVisible": false,
                "PrePosition": {
                  "X": 0.0,
                  "Y": 0.0
                },
                "PreSize": {
                  "X": 0.0,
                  "Y": 0.0
                },
                "LeftMargin": -21.5004,
                "RightMargin": -25.4996,
                "TopMargin": -42.5007,
                "BottomMargin": 17.5007,
                "Tag": 381,
                "ActionTag": 1209578562,
                "Size": {
                  "X": 47.0,
                  "Y": 25.0
                },
                "Name": "Text_1",
                "ctype": "TextObjectData"
              },
              {
                "FontSize": 22,
                "LabelText": "对战时间",
                "FontResource": {
                  "Type": "Normal",
                  "Path": "image/fonts/FZZY.TTF",
                  "Plist": ""
                },
                "OutlineColor": {
                  "R": 0,
                  "G": 0,
                  "B": 0
                },
                "ShadowColor": {
                  "R": 110,
                  "G": 110,
                  "B": 110
                },
                "ShadowOffsetX": 2.0,
                "ShadowOffsetY": -2.0,
                "AnchorPoint": {
                  "ScaleX": 0.5,
                  "ScaleY": 0.5
                },
                "Position": {
                  "X": 123.0,
                  "Y": 30.0007
                },
                "Scale": {
                  "ScaleX": 1.0,
                  "ScaleY": 1.0
                },
                "CColor": {},
                "IconVisible": false,
                "PrePosition": {
                  "X": 0.0,
                  "Y": 0.0
                },
                "PreSize": {
                  "X": 0.0,
                  "Y": 0.0
                },
                "LeftMargin": 78.0,
                "RightMargin": -168.0,
                "TopMargin": -42.5007,
                "BottomMargin": 17.5007,
                "Tag": 382,
                "ActionTag": 311612686,
                "Size": {
                  "X": 90.0,
                  "Y": 25.0
                },
                "Name": "Text_2",
                "ctype": "TextObjectData"
              },
              {
                "FontSize": 22,
                "LabelText": "昵称六个字奥",
                "FontResource": {
                  "Type": "Normal",
                  "Path": "image/fonts/FZZY.TTF",
                  "Plist": ""
                },
                "HorizontalAlignmentType": "HT_Center",
                "VerticalAlignmentType": "VT_Center",
                "OutlineColor": {
                  "R": 0,
                  "G": 0,
                  "B": 0
                },
                "ShadowColor": {
                  "R": 110,
                  "G": 110,
                  "B": 110
                },
                "ShadowOffsetX": 2.0,
                "ShadowOffsetY": -2.0,
                "AnchorPoint": {
                  "ScaleX": 0.5,
                  "ScaleY": 0.5
                },
                "Position": {
                  "X": 321.2382,
                  "Y": 30.0004
                },
                "Scale": {
                  "ScaleX": 1.0,
                  "ScaleY": 1.0
                },
                "CColor": {},
                "IconVisible": false,
                "PrePosition": {
                  "X": 0.0,
                  "Y": 0.0
                },
                "PreSize": {
                  "X": 0.0,
                  "Y": 0.0
                },
                "LeftMargin": 253.7382,
                "RightMargin": -388.7382,
                "TopMargin": -42.5004,
                "BottomMargin": 17.5004,
                "Tag": 687,
                "ActionTag": 328732411,
                "Size": {
                  "X": 135.0,
                  "Y": 25.0
                },
                "Name": "nickname1",
                "ctype": "TextObjectData"
              },
              {
                "FontSize": 22,
                "LabelText": "昵称六个字奥",
                "FontResource": {
                  "Type": "Normal",
                  "Path": "image/fonts/FZZY.TTF",
                  "Plist": ""
                },
                "HorizontalAlignmentType": "HT_Center",
                "VerticalAlignmentType": "VT_Center",
                "OutlineColor": {
                  "R": 0,
                  "G": 0,
                  "B": 0
                },
                "ShadowColor": {
                  "R": 110,
                  "G": 110,
                  "B": 110
                },
                "ShadowOffsetX": 2.0,
                "ShadowOffsetY": -2.0,
                "AnchorPoint": {
                  "ScaleX": 0.5,
                  "ScaleY": 0.5
                },
                "Position": {
                  "X": 460.5116,
                  "Y": 30.0004
                },
                "Scale": {
                  "ScaleX": 1.0,
                  "ScaleY": 1.0
                },
                "CColor": {},
                "IconVisible": false,
                "PrePosition": {
                  "X": 0.0,
                  "Y": 0.0
                },
                "PreSize": {
                  "X": 0.0,
                  "Y": 0.0
                },
                "LeftMargin": 393.0116,
                "RightMargin": -528.0116,
                "TopMargin": -42.5004,
                "BottomMargin": 17.5004,
                "Tag": 688,
                "ActionTag": -252205495,
                "Size": {
                  "X": 135.0,
                  "Y": 25.0
                },
                "Name": "nickname2",
                "ctype": "TextObjectData"
              },
              {
                "FontSize": 22,
                "LabelText": "昵称六个字奥",
                "FontResource": {
                  "Type": "Normal",
                  "Path": "image/fonts/FZZY.TTF",
                  "Plist": ""
                },
                "HorizontalAlignmentType": "HT_Center",
                "VerticalAlignmentType": "VT_Center",
                "OutlineColor": {
                  "R": 0,
                  "G": 0,
                  "B": 0
                },
                "ShadowColor": {
                  "R": 110,
                  "G": 110,
                  "B": 110
                },
                "ShadowOffsetX": 2.0,
                "ShadowOffsetY": -2.0,
                "AnchorPoint": {
                  "ScaleX": 0.5,
                  "ScaleY": 0.5
                },
                "Position": {
                  "X": 599.7849,
                  "Y": 30.0004
                },
                "Scale": {
                  "ScaleX": 1.0,
                  "ScaleY": 1.0
                },
                "CColor": {},
                "IconVisible": false,
                "PrePosition": {
                  "X": 0.0,
                  "Y": 0.0
                },
                "PreSize": {
                  "X": 0.0,
                  "Y": 0.0
                },
                "LeftMargin": 532.2849,
                "RightMargin": -667.2849,
                "TopMargin": -42.5004,
                "BottomMargin": 17.5004,
                "Tag": 689,
                "ActionTag": -645815192,
                "Size": {
                  "X": 135.0,
                  "Y": 25.0
                },
                "Name": "nickname3",
                "ctype": "TextObjectData"
              },
              {
                "FontSize": 22,
                "LabelText": "昵称六个字奥",
                "FontResource": {
                  "Type": "Normal",
                  "Path": "image/fonts/FZZY.TTF",
                  "Plist": ""
                },
                "HorizontalAlignmentType": "HT_Center",
                "VerticalAlignmentType": "VT_Center",
                "OutlineColor": {
                  "R": 0,
                  "G": 0,
                  "B": 0
                },
                "ShadowColor": {
                  "R": 110,
                  "G": 110,
                  "B": 110
                },
                "ShadowOffsetX": 2.0,
                "ShadowOffsetY": -2.0,
                "AnchorPoint": {
                  "ScaleX": 0.5,
                  "ScaleY": 0.5
                },
                "Position": {
                  "X": 739.0583,
                  "Y": 30.0004
                },
                "Scale": {
                  "ScaleX": 1.0,
                  "ScaleY": 1.0
                },
                "CColor": {},
                "IconVisible": false,
                "PrePosition": {
                  "X": 0.0,
                  "Y": 0.0
                },
                "PreSize": {
                  "X": 0.0,
                  "Y": 0.0
                },
                "LeftMargin": 671.5583,
                "RightMargin": -806.5583,
                "TopMargin": -42.5004,
                "BottomMargin": 17.5004,
                "Tag": 690,
                "ActionTag": 1002369177,
                "Size": {
                  "X": 135.0,
                  "Y": 25.0
                },
                "Name": "nickname4",
                "ctype": "TextObjectData"
              },
              {
                "FontSize": 22,
                "LabelText": "昵称六个字奥",
                "FontResource": {
                  "Type": "Normal",
                  "Path": "image/fonts/FZZY.TTF",
                  "Plist": ""
                },
                "HorizontalAlignmentType": "HT_Center",
                "VerticalAlignmentType": "VT_Center",
                "OutlineColor": {
                  "R": 0,
                  "G": 0,
                  "B": 0
                },
                "ShadowColor": {
                  "R": 110,
                  "G": 110,
                  "B": 110
                },
                "ShadowOffsetX": 2.0,
                "ShadowOffsetY": -2.0,
                "AnchorPoint": {
                  "ScaleX": 0.5,
                  "ScaleY": 0.5
                },
                "Position": {
                  "X": 878.3316,
                  "Y": 30.0004
                },
                "Scale": {
                  "ScaleX": 1.0,
                  "ScaleY": 1.0
                },
                "CColor": {},
                "IconVisible": false,
                "PrePosition": {
                  "X": 0.0,
                  "Y": 0.0
                },
                "PreSize": {
                  "X": 0.0,
                  "Y": 0.0
                },
                "LeftMargin": 810.8316,
                "RightMargin": -945.8316,
                "TopMargin": -42.5004,
                "BottomMargin": 17.5004,
                "Tag": 746,
                "ActionTag": -726440214,
                "Size": {
                  "X": 135.0,
                  "Y": 25.0
                },
                "Name": "nickname5",
                "ctype": "TextObjectData"
              },
              {
                "FontSize": 22,
                "LabelText": "昵称六个字奥",
                "FontResource": {
                  "Type": "Normal",
                  "Path": "image/fonts/FZZY.TTF",
                  "Plist": ""
                },
                "HorizontalAlignmentType": "HT_Center",
                "VerticalAlignmentType": "VT_Center",
                "OutlineColor": {
                  "R": 0,
                  "G": 0,
                  "B": 0
                },
                "ShadowColor": {
                  "R": 110,
                  "G": 110,
                  "B": 110
                },
                "ShadowOffsetX": 2.0,
                "ShadowOffsetY": -2.0,
                "AnchorPoint": {
                  "ScaleX": 0.5,
                  "ScaleY": 0.5
                },
                "Position": {
                  "X": 1120.0017,
                  "Y": 30.0007
                },
                "Scale": {
                  "ScaleX": 1.0,
                  "ScaleY": 1.0
                },
                "CColor": {},
                "IconVisible": false,
                "PrePosition": {
                  "X": 0.0,
                  "Y": 0.0
                },
                "PreSize": {
                  "X": 0.0,
                  "Y": 0.0
                },
                "LeftMargin": 1052.5017,
                "RightMargin": -1187.5017,
                "TopMargin": -42.5007,
                "BottomMargin": 17.5007,
                "Tag": 747,
                "ActionTag": -362293847,
                "Size": {
                  "X": 135.0,
                  "Y": 25.0
                },
                "Name": "nickname6",
                "ctype": "TextObjectData"
              },
              {
                "FontSize": 22,
                "LabelText": "昵称六个字奥",
                "FontResource": {
                  "Type": "Normal",
                  "Path": "image/fonts/FZZY.TTF",
                  "Plist": ""
                },
                "HorizontalAlignmentType": "HT_Center",
                "VerticalAlignmentType": "VT_Center",
                "OutlineColor": {
                  "R": 0,
                  "G": 0,
                  "B": 0
                },
                "ShadowColor": {
                  "R": 110,
                  "G": 110,
                  "B": 110
                },
                "ShadowOffsetX": 2.0,
                "ShadowOffsetY": -2.0,
                "AnchorPoint": {
                  "ScaleX": 0.5,
                  "ScaleY": 0.5
                },
                "Position": {
                  "X": 1199.7175,
                  "Y": 30.0007
                },
                "Scale": {
                  "ScaleX": 1.0,
                  "ScaleY": 1.0
                },
                "CColor": {},
                "IconVisible": false,
                "PrePosition": {
                  "X": 0.0,
                  "Y": 0.0
                },
                "PreSize": {
                  "X": 0.0,
                  "Y": 0.0
                },
                "LeftMargin": 1132.2175,
                "RightMargin": -1267.2175,
                "TopMargin": -42.5007,
                "BottomMargin": 17.5007,
                "Tag": 1721,
                "ActionTag": 799328520,
                "Size": {
                  "X": 135.0,
                  "Y": 25.0
                },
                "Name": "nickname7",
                "ctype": "TextObjectData"
              },
              {
                "FontSize": 22,
                "LabelText": "昵称六个字奥",
                "FontResource": {
                  "Type": "Normal",
                  "Path": "image/fonts/FZZY.TTF",
                  "Plist": ""
                },
                "HorizontalAlignmentType": "HT_Center",
                "VerticalAlignmentType": "VT_Center",
                "OutlineColor": {
                  "R": 0,
                  "G": 0,
                  "B": 0
                },
                "ShadowColor": {
                  "R": 110,
                  "G": 110,
                  "B": 110
                },
                "ShadowOffsetX": 2.0,
                "ShadowOffsetY": -2.0,
                "AnchorPoint": {
                  "ScaleX": 0.5,
                  "ScaleY": 0.5
                },
                "Position": {
                  "X": 1322.161,
                  "Y": 30.0007
                },
                "Scale": {
                  "ScaleX": 1.0,
                  "ScaleY": 1.0
                },
                "CColor": {},
                "IconVisible": false,
                "PrePosition": {
                  "X": 0.0,
                  "Y": 0.0
                },
                "PreSize": {
                  "X": 0.0,
                  "Y": 0.0
                },
                "LeftMargin": 1254.661,
                "RightMargin": -1389.661,
                "TopMargin": -42.5007,
                "BottomMargin": 17.5007,
                "Tag": 1722,
                "ActionTag": 266283512,
                "Size": {
                  "X": 135.0,
                  "Y": 25.0
                },
                "Name": "nickname8",
                "ctype": "TextObjectData"
              },
              {
                "FontSize": 22,
                "LabelText": "昵称六个字奥",
                "FontResource": {
                  "Type": "Normal",
                  "Path": "image/fonts/FZZY.TTF",
                  "Plist": ""
                },
                "HorizontalAlignmentType": "HT_Center",
                "VerticalAlignmentType": "VT_Center",
                "OutlineColor": {
                  "R": 0,
                  "G": 0,
                  "B": 0
                },
                "ShadowColor": {
                  "R": 110,
                  "G": 110,
                  "B": 110
                },
                "ShadowOffsetX": 2.0,
                "ShadowOffsetY": -2.0,
                "AnchorPoint": {
                  "ScaleX": 0.5,
                  "ScaleY": 0.5
                },
                "Position": {
                  "X": 1436.7354,
                  "Y": 30.0007
                },
                "Scale": {
                  "ScaleX": 1.0,
                  "ScaleY": 1.0
                },
                "CColor": {},
                "IconVisible": false,
                "PrePosition": {
                  "X": 0.0,
                  "Y": 0.0
                },
                "PreSize": {
                  "X": 0.0,
                  "Y": 0.0
                },
                "LeftMargin": 1369.2354,
                "RightMargin": -1504.2354,
                "TopMargin": -42.5007,
                "BottomMargin": 17.5007,
                "Tag": 1723,
                "ActionTag": 1612652516,
                "Size": {
                  "X": 135.0,
                  "Y": 25.0
                },
                "Name": "nickname9",
                "ctype": "TextObjectData"
              },
              {
                "FontSize": 26,
                "LabelText": "总计：",
                "FontResource": {
                  "Type": "Normal",
                  "Path": "image/fonts/FZZY.TTF",
                  "Plist": ""
                },
                "OutlineColor": {
                  "G": 0,
                  "B": 0
                },
                "ShadowColor": {
                  "R": 110,
                  "G": 110,
                  "B": 110
                },
                "ShadowOffsetX": 2.0,
                "ShadowOffsetY": -2.0,
                "AnchorPoint": {
                  "ScaleX": 0.5,
                  "ScaleY": 0.5
                },
                "Position": {
                  "X": 11.3646,
                  "Y": -490.9444
                },
                "Scale": {
                  "ScaleX": 1.0,
                  "ScaleY": 1.0
                },
                "CColor": {},
                "IconVisible": false,
                "PrePosition": {
                  "X": 0.0,
                  "Y": 0.0
                },
                "PreSize": {
                  "X": 0.0,
                  "Y": 0.0
                },
                "LeftMargin": -20.6354,
                "RightMargin": -43.3646,
                "TopMargin": 475.9444,
                "BottomMargin": -505.9444,
                "Tag": 352,
                "ActionTag": 1507791961,
                "Size": {
                  "X": 64.0,
                  "Y": 30.0
                },
                "Name": "zongji",
                "ctype": "TextObjectData"
              },
              {
                "LabelText": "-98765",
                "LabelBMFontFile_CNB": {
                  "Type": "Normal",
                  "Path": "image/fonts/huangzi.fnt",
                  "Plist": ""
                },
                "AnchorPoint": {
                  "ScaleX": 0.5,
                  "ScaleY": 0.5
                },
                "Position": {
                  "X": 150.4198,
                  "Y": -485.081
                },
                "Scale": {
                  "ScaleX": 0.8,
                  "ScaleY": 0.8
                },
                "CColor": {},
                "IconVisible": false,
                "PrePosition": {
                  "X": 0.0,
                  "Y": 0.0
                },
                "PreSize": {
                  "X": 0.0,
                  "Y": 0.0
                },
                "LeftMargin": 53.9198,
                "RightMargin": -246.9198,
                "TopMargin": 469.081,
                "BottomMargin": -501.081,
                "Tag": 412,
                "ActionTag": -145764786,
                "Size": {
                  "X": 193.0,
                  "Y": 32.0
                },
                "Name": "score1",
                "ctype": "TextBMFontObjectData"
              },
              {
                "LabelText": "+98765",
                "LabelBMFontFile_CNB": {
                  "Type": "Normal",
                  "Path": "image/fonts/huangzi.fnt",
                  "Plist": ""
                },
                "AnchorPoint": {
                  "ScaleX": 0.5,
                  "ScaleY": 0.5
                },
                "Position": {
                  "X": 324.4114,
                  "Y": -485.081
                },
                "Scale": {
                  "ScaleX": 0.8,
                  "ScaleY": 0.8
                },
                "CColor": {},
                "IconVisible": false,
                "PrePosition": {
                  "X": 0.0,
                  "Y": 0.0
                },
                "PreSize": {
                  "X": 0.0,
                  "Y": 0.0
                },
                "LeftMargin": 227.9114,
                "RightMargin": -420.9114,
                "TopMargin": 469.081,
                "BottomMargin": -501.081,
                "Tag": 413,
                "ActionTag": -1163384067,
                "Size": {
                  "X": 193.0,
                  "Y": 32.0
                },
                "Name": "score2",
                "ctype": "TextBMFontObjectData"
              },
              {
                "LabelText": "+98765",
                "LabelBMFontFile_CNB": {
                  "Type": "Normal",
                  "Path": "image/fonts/huangzi.fnt",
                  "Plist": ""
                },
                "AnchorPoint": {
                  "ScaleX": 0.5,
                  "ScaleY": 0.5
                },
                "Position": {
                  "X": 498.4033,
                  "Y": -485.081
                },
                "Scale": {
                  "ScaleX": 0.8,
                  "ScaleY": 0.8
                },
                "CColor": {},
                "IconVisible": false,
                "PrePosition": {
                  "X": 0.0,
                  "Y": 0.0
                },
                "PreSize": {
                  "X": 0.0,
                  "Y": 0.0
                },
                "LeftMargin": 401.9033,
                "RightMargin": -594.9033,
                "TopMargin": 469.081,
                "BottomMargin": -501.081,
                "Tag": 414,
                "ActionTag": 1880341136,
                "Size": {
                  "X": 193.0,
                  "Y": 32.0
                },
                "Name": "score3",
                "ctype": "TextBMFontObjectData"
              },
              {
                "LabelText": "+98765",
                "LabelBMFontFile_CNB": {
                  "Type": "Normal",
                  "Path": "image/fonts/huangzi.fnt",
                  "Plist": ""
                },
                "AnchorPoint": {
                  "ScaleX": 0.5,
                  "ScaleY": 0.5
                },
                "Position": {
                  "X": 672.3951,
                  "Y": -485.081
                },
                "Scale": {
                  "ScaleX": 0.8,
                  "ScaleY": 0.8
                },
                "CColor": {},
                "IconVisible": false,
                "PrePosition": {
                  "X": 0.0,
                  "Y": 0.0
                },
                "PreSize": {
                  "X": 0.0,
                  "Y": 0.0
                },
                "LeftMargin": 575.8951,
                "RightMargin": -768.8951,
                "TopMargin": 469.081,
                "BottomMargin": -501.081,
                "Tag": 415,
                "ActionTag": 1678175430,
                "Size": {
                  "X": 193.0,
                  "Y": 32.0
                },
                "Name": "score4",
                "ctype": "TextBMFontObjectData"
              },
              {
                "LabelText": "+98765",
                "LabelBMFontFile_CNB": {
                  "Type": "Normal",
                  "Path": "image/fonts/huangzi.fnt",
                  "Plist": ""
                },
                "AnchorPoint": {
                  "ScaleX": 0.5,
                  "ScaleY": 0.5
                },
                "Position": {
                  "X": 846.3872,
                  "Y": -485.081
                },
                "Scale": {
                  "ScaleX": 0.8,
                  "ScaleY": 0.8
                },
                "CColor": {},
                "IconVisible": false,
                "PrePosition": {
                  "X": 0.0,
                  "Y": 0.0
                },
                "PreSize": {
                  "X": 0.0,
                  "Y": 0.0
                },
                "LeftMargin": 749.8872,
                "RightMargin": -942.8872,
                "TopMargin": 469.081,
                "BottomMargin": -501.081,
                "Tag": 416,
                "ActionTag": 1157528865,
                "Size": {
                  "X": 193.0,
                  "Y": 32.0
                },
                "Name": "score5",
                "ctype": "TextBMFontObjectData"
              },
              {
                "LabelText": "+98765",
                "LabelBMFontFile_CNB": {
                  "Type": "Normal",
                  "Path": "image/fonts/huangzi.fnt",
                  "Plist": ""
                },
                "AnchorPoint": {
                  "ScaleX": 0.5,
                  "ScaleY": 0.5
                },
                "Position": {
                  "X": 1020.3792,
                  "Y": -485.081
                },
                "Scale": {
                  "ScaleX": 0.8,
                  "ScaleY": 0.8
                },
                "CColor": {},
                "IconVisible": false,
                "PrePosition": {
                  "X": 0.0,
                  "Y": 0.0
                },
                "PreSize": {
                  "X": 0.0,
                  "Y": 0.0
                },
                "LeftMargin": 923.8792,
                "RightMargin": -1116.8792,
                "TopMargin": 469.081,
                "BottomMargin": -501.081,
                "Tag": 417,
                "ActionTag": 801602974,
                "Size": {
                  "X": 193.0,
                  "Y": 32.0
                },
                "Name": "score6",
                "ctype": "TextBMFontObjectData"
              },
              {
                "LabelText": "+98765",
                "LabelBMFontFile_CNB": {
                  "Type": "Normal",
                  "Path": "image/fonts/huangzi.fnt",
                  "Plist": ""
                },
                "AnchorPoint": {
                  "ScaleX": 0.5,
                  "ScaleY": 0.5
                },
                "Position": {
                  "X": 1164.1859,
                  "Y": -485.081
                },
                "Scale": {
                  "ScaleX": 0.8,
                  "ScaleY": 0.8
                },
                "CColor": {},
                "IconVisible": false,
                "PrePosition": {
                  "X": 0.0,
                  "Y": 0.0
                },
                "PreSize": {
                  "X": 0.0,
                  "Y": 0.0
                },
                "LeftMargin": 1067.6859,
                "RightMargin": -1260.6859,
                "TopMargin": 469.081,
                "BottomMargin": -501.081,
                "Tag": 1724,
                "ActionTag": 916881798,
                "Size": {
                  "X": 193.0,
                  "Y": 32.0
                },
                "Name": "score7",
                "ctype": "TextBMFontObjectData"
              },
              {
                "LabelText": "+98765",
                "LabelBMFontFile_CNB": {
                  "Type": "Normal",
                  "Path": "image/fonts/huangzi.fnt",
                  "Plist": ""
                },
                "AnchorPoint": {
                  "ScaleX": 0.5,
                  "ScaleY": 0.5
                },
                "Position": {
                  "X": 1246.15,
                  "Y": -485.0809
                },
                "Scale": {
                  "ScaleX": 0.8,
                  "ScaleY": 0.8
                },
                "CColor": {},
                "IconVisible": false,
                "PrePosition": {
                  "X": 0.0,
                  "Y": 0.0
                },
                "PreSize": {
                  "X": 0.0,
                  "Y": 0.0
                },
                "LeftMargin": 1149.65,
                "RightMargin": -1342.65,
                "TopMargin": 469.0809,
                "BottomMargin": -501.0809,
                "Tag": 1725,
                "ActionTag": 859328623,
                "Size": {
                  "X": 193.0,
                  "Y": 32.0
                },
                "Name": "score8",
                "ctype": "TextBMFontObjectData"
              },
              {
                "LabelText": "+98765",
                "LabelBMFontFile_CNB": {
                  "Type": "Normal",
                  "Path": "image/fonts/huangzi.fnt",
                  "Plist": ""
                },
                "AnchorPoint": {
                  "ScaleX": 0.5,
                  "ScaleY": 0.5
                },
                "Position": {
                  "X": 1418.0718,
                  "Y": -485.081
                },
                "Scale": {
                  "ScaleX": 0.8,
                  "ScaleY": 0.8
                },
                "CColor": {},
                "IconVisible": false,
                "PrePosition": {
                  "X": 0.0,
                  "Y": 0.0
                },
                "PreSize": {
                  "X": 0.0,
                  "Y": 0.0
                },
                "LeftMargin": 1321.5718,
                "RightMargin": -1514.5718,
                "TopMargin": 469.081,
                "BottomMargin": -501.081,
                "Tag": 1726,
                "ActionTag": -103089064,
                "Size": {
                  "X": 193.0,
                  "Y": 32.0
                },
                "Name": "score9",
                "ctype": "TextBMFontObjectData"
              },
              {
                "LabelText": "-98765",
                "LabelBMFontFile_CNB": {
                  "Type": "Normal",
                  "Path": "image/fonts/lanzi.fnt",
                  "Plist": ""
                },
                "AnchorPoint": {
                  "ScaleX": 0.5,
                  "ScaleY": 0.5
                },
                "Position": {
                  "X": 152.3242,
                  "Y": -486.985
                },
                "Scale": {
                  "ScaleX": 0.8,
                  "ScaleY": 0.8
                },
                "CColor": {},
                "IconVisible": false,
                "PrePosition": {
                  "X": 0.0,
                  "Y": 0.0
                },
                "PreSize": {
                  "X": 0.0,
                  "Y": 0.0
                },
                "LeftMargin": 55.8242,
                "RightMargin": -248.8242,
                "TopMargin": 470.985,
                "BottomMargin": -502.985,
                "Tag": 1002,
                "ActionTag": -1839654023,
                "Size": {
                  "X": 193.0,
                  "Y": 32.0
                },
                "Name": "score1_0",
                "ctype": "TextBMFontObjectData"
              },
              {
                "LabelText": "+98765",
                "LabelBMFontFile_CNB": {
                  "Type": "Normal",
                  "Path": "image/fonts/lanzi.fnt",
                  "Plist": ""
                },
                "AnchorPoint": {
                  "ScaleX": 0.5,
                  "ScaleY": 0.5
                },
                "Position": {
                  "X": 326.3159,
                  "Y": -486.985
                },
                "Scale": {
                  "ScaleX": 0.8,
                  "ScaleY": 0.8
                },
                "CColor": {},
                "IconVisible": false,
                "PrePosition": {
                  "X": 0.0,
                  "Y": 0.0
                },
                "PreSize": {
                  "X": 0.0,
                  "Y": 0.0
                },
                "LeftMargin": 229.8159,
                "RightMargin": -422.8159,
                "TopMargin": 470.985,
                "BottomMargin": -502.985,
                "Tag": 1003,
                "ActionTag": -251272471,
                "Size": {
                  "X": 193.0,
                  "Y": 32.0
                },
                "Name": "score2_0",
                "ctype": "TextBMFontObjectData"
              },
              {
                "LabelText": "+98765",
                "LabelBMFontFile_CNB": {
                  "Type": "Normal",
                  "Path": "image/fonts/lanzi.fnt",
                  "Plist": ""
                },
                "AnchorPoint": {
                  "ScaleX": 0.5,
                  "ScaleY": 0.5
                },
                "Position": {
                  "X": 500.3078,
                  "Y": -486.985
                },
                "Scale": {
                  "ScaleX": 0.8,
                  "ScaleY": 0.8
                },
                "CColor": {},
                "IconVisible": false,
                "PrePosition": {
                  "X": 0.0,
                  "Y": 0.0
                },
                "PreSize": {
                  "X": 0.0,
                  "Y": 0.0
                },
                "LeftMargin": 403.8078,
                "RightMargin": -596.8078,
                "TopMargin": 470.985,
                "BottomMargin": -502.985,
                "Tag": 1004,
                "ActionTag": 565755779,
                "Size": {
                  "X": 193.0,
                  "Y": 32.0
                },
                "Name": "score3_0",
                "ctype": "TextBMFontObjectData"
              },
              {
                "LabelText": "+98765",
                "LabelBMFontFile_CNB": {
                  "Type": "Normal",
                  "Path": "image/fonts/lanzi.fnt",
                  "Plist": ""
                },
                "AnchorPoint": {
                  "ScaleX": 0.5,
                  "ScaleY": 0.5
                },
                "Position": {
                  "X": 674.2998,
                  "Y": -486.985
                },
                "Scale": {
                  "ScaleX": 0.8,
                  "ScaleY": 0.8
                },
                "CColor": {},
                "IconVisible": false,
                "PrePosition": {
                  "X": 0.0,
                  "Y": 0.0
                },
                "PreSize": {
                  "X": 0.0,
                  "Y": 0.0
                },
                "LeftMargin": 577.7998,
                "RightMargin": -770.7998,
                "TopMargin": 470.985,
                "BottomMargin": -502.985,
                "Tag": 1005,
                "ActionTag": -586354519,
                "Size": {
                  "X": 193.0,
                  "Y": 32.0
                },
                "Name": "score4_0",
                "ctype": "TextBMFontObjectData"
              },
              {
                "LabelText": "+98765",
                "LabelBMFontFile_CNB": {
                  "Type": "Normal",
                  "Path": "image/fonts/lanzi.fnt",
                  "Plist": ""
                },
                "AnchorPoint": {
                  "ScaleX": 0.5,
                  "ScaleY": 0.5
                },
                "Position": {
                  "X": 848.2917,
                  "Y": -486.985
                },
                "Scale": {
                  "ScaleX": 0.8,
                  "ScaleY": 0.8
                },
                "CColor": {},
                "IconVisible": false,
                "PrePosition": {
                  "X": 0.0,
                  "Y": 0.0
                },
                "PreSize": {
                  "X": 0.0,
                  "Y": 0.0
                },
                "LeftMargin": 751.7917,
                "RightMargin": -944.7917,
                "TopMargin": 470.985,
                "BottomMargin": -502.985,
                "Tag": 1006,
                "ActionTag": 1187511229,
                "Size": {
                  "X": 193.0,
                  "Y": 32.0
                },
                "Name": "score5_0",
                "ctype": "TextBMFontObjectData"
              },
              {
                "LabelText": "+98765",
                "LabelBMFontFile_CNB": {
                  "Type": "Normal",
                  "Path": "image/fonts/lanzi.fnt",
                  "Plist": ""
                },
                "AnchorPoint": {
                  "ScaleX": 0.5,
                  "ScaleY": 0.5
                },
                "Position": {
                  "X": 1022.2821,
                  "Y": -486.9848
                },
                "Scale": {
                  "ScaleX": 0.8,
                  "ScaleY": 0.8
                },
                "CColor": {},
                "IconVisible": false,
                "PrePosition": {
                  "X": 0.0,
                  "Y": 0.0
                },
                "PreSize": {
                  "X": 0.0,
                  "Y": 0.0
                },
                "LeftMargin": 925.7821,
                "RightMargin": -1118.7821,
                "TopMargin": 470.9848,
                "BottomMargin": -502.9848,
                "Tag": 1007,
                "ActionTag": -789984428,
                "Size": {
                  "X": 193.0,
                  "Y": 32.0
                },
                "Name": "score6_0",
                "ctype": "TextBMFontObjectData"
              },
              {
                "LabelText": "+98765",
                "LabelBMFontFile_CNB": {
                  "Type": "Normal",
                  "Path": "image/fonts/lanzi.fnt",
                  "Plist": ""
                },
                "AnchorPoint": {
                  "ScaleX": 0.5,
                  "ScaleY": 0.5
                },
                "Position": {
                  "X": 1166.0896,
                  "Y": -486.9849
                },
                "Scale": {
                  "ScaleX": 0.8,
                  "ScaleY": 0.8
                },
                "CColor": {},
                "IconVisible": false,
                "PrePosition": {
                  "X": 0.0,
                  "Y": 0.0
                },
                "PreSize": {
                  "X": 0.0,
                  "Y": 0.0
                },
                "LeftMargin": 1069.5896,
                "RightMargin": -1262.5896,
                "TopMargin": 470.9849,
                "BottomMargin": -502.9849,
                "Tag": 1008,
                "ActionTag": 615463529,
                "Size": {
                  "X": 193.0,
                  "Y": 32.0
                },
                "Name": "score7_0",
                "ctype": "TextBMFontObjectData"
              },
              {
                "LabelText": "+98765",
                "LabelBMFontFile_CNB": {
                  "Type": "Normal",
                  "Path": "image/fonts/lanzi.fnt",
                  "Plist": ""
                },
                "AnchorPoint": {
                  "ScaleX": 0.5,
                  "ScaleY": 0.5
                },
                "Position": {
                  "X": 1248.0543,
                  "Y": -486.9849
                },
                "Scale": {
                  "ScaleX": 0.8,
                  "ScaleY": 0.8
                },
                "CColor": {},
                "IconVisible": false,
                "PrePosition": {
                  "X": 0.0,
                  "Y": 0.0
                },
                "PreSize": {
                  "X": 0.0,
                  "Y": 0.0
                },
                "LeftMargin": 1151.5543,
                "RightMargin": -1344.5543,
                "TopMargin": 470.9849,
                "BottomMargin": -502.9849,
                "Tag": 1009,
                "ActionTag": -684351396,
                "Size": {
                  "X": 193.0,
                  "Y": 32.0
                },
                "Name": "score8_0",
                "ctype": "TextBMFontObjectData"
              },
              {
                "LabelText": "+98765",
                "LabelBMFontFile_CNB": {
                  "Type": "Normal",
                  "Path": "image/fonts/lanzi.fnt",
                  "Plist": ""
                },
                "AnchorPoint": {
                  "ScaleX": 0.5,
                  "ScaleY": 0.5
                },
                "Position": {
                  "X": 1419.9756,
                  "Y": -486.9849
                },
                "Scale": {
                  "ScaleX": 0.8,
                  "ScaleY": 0.8
                },
                "CColor": {},
                "IconVisible": false,
                "PrePosition": {
                  "X": 0.0,
                  "Y": 0.0
                },
                "PreSize": {
                  "X": 0.0,
                  "Y": 0.0
                },
                "LeftMargin": 1323.4756,
                "RightMargin": -1516.4756,
                "TopMargin": 470.9849,
                "BottomMargin": -502.9849,
                "Tag": 1010,
                "ActionTag": 1233974361,
                "Size": {
                  "X": 193.0,
                  "Y": 32.0
                },
                "Name": "score9_0",
                "ctype": "TextBMFontObjectData"
              }
            ],
            "ActionTag": -593543486,
            "Size": {
              "X": 0.0,
              "Y": 0.0
            },
            "Name": "titlelist",
            "ctype": "SingleNodeObjectData"
          },
          {
            "IsBounceEnabled": true,
            "InnerNodeSize": {
              "Width": 1200,
              "Height": 480
            },
            "ScrollDirectionType": "Vertical",
            "ClipAble": true,
            "BackColorAlpha": 102,
            "SingleColor": {
              "G": 150,
              "B": 100
            },
            "FirstColor": {
              "G": 150,
              "B": 100
            },
            "EndColor": {},
            "ColorVector": {
              "ScaleY": 1.0
            },
            "Scale9Width": 1,
            "Scale9Height": 1,
            "TouchEnable": true,
            "AnchorPoint": {},
            "Position": {
              "X": 38.0086,
              "Y": 90.0
            },
            "Scale": {
              "ScaleX": 1.0,
              "ScaleY": 1.0
            },
            "CColor": {},
            "IconVisible": false,
            "PrePosition": {
              "X": 0.0297,
              "Y": 0.125
            },
            "PreSize": {
              "X": 0.9375,
              "Y": 0.6389
            },
            "LeftMargin": 38.0086,
            "RightMargin": 41.9915,
            "TopMargin": 170.0,
            "BottomMargin": 90.0,
            "Tag": 761,
            "ActionTag": 1632914103,
            "Size": {
              "X": 1200.0,
              "Y": 460.0
            },
            "Name": "scrollview",
            "ctype": "ScrollViewObjectData"
          },
          {
            "ClipAble": false,
            "BackColorAlpha": 102,
            "SingleColor": {
              "R": 150,
              "G": 200
            },
            "FirstColor": {
              "R": 150,
              "G": 200
            },
            "EndColor": {},
            "ColorVector": {
              "ScaleY": 1.0
            },
            "Scale9Width": 1,
            "Scale9Height": 1,
            "AnchorPoint": {},
            "Position": {
              "X": 38.0086,
              "Y": 70.0
            },
            "Scale": {
              "ScaleX": 1.0,
              "ScaleY": 1.0
            },
            "CColor": {},
            "IconVisible": false,
            "PrePosition": {
              "X": 0.0297,
              "Y": 0.0972
            },
            "PreSize": {
              "X": 0.9375,
              "Y": 0.6667
            },
            "LeftMargin": 38.0086,
            "RightMargin": 41.9915,
            "TopMargin": 170.0,
            "BottomMargin": 70.0,
            "Tag": 664,
            "ActionTag": -1880953930,
            "Size": {
              "X": 1200.0,
              "Y": 480.0
            },
            "Name": "tableviewLayer",
            "ctype": "PanelObjectData"
          },
          {
            "FileData": {
              "Type": "Normal",
              "Path": "appCommon/fydp/common/btshare.png",
              "Plist": ""
            },
            "BlendFunc": {
              "Src": 1,
              "Dst": 771
            },
            "AnchorPoint": {
              "ScaleX": 0.5,
              "ScaleY": 0.5
            },
            "Position": {
              "X": 1188.6339,
              "Y": 623.4406
            },
            "Scale": {
              "ScaleX": 0.8,
              "ScaleY": 0.8
            },
            "CColor": {},
            "IconVisible": false,
            "PrePosition": {
              "X": 0.9286,
              "Y": 0.8659
            },
            "PreSize": {
              "X": 0.0781,
              "Y": 0.0736
            },
            "LeftMargin": 1138.6339,
            "RightMargin": 41.3661,
            "TopMargin": 70.0594,
            "BottomMargin": 596.9406,
            "Tag": 357,
            "ActionTag": -1992157321,
            "Size": {
              "X": 100.0,
              "Y": 53.0
            },
            "VisibleForFrame": false,
            "Name": "btshare",
            "ctype": "SpriteObjectData"
          }
        ],
        "Size": {
          "X": 1280.0,
          "Y": 720.0
        },
        "Name": "Layer",
        "ctype": "LayerObjectData"
      },
      "UsedResources": [
        "../../appCommon/fydp/common/btshare.png",
        "../../appCommon/fydp/common/history_cell3.png",
        "../../image/fonts/FZZY.TTF",
        "../../image/fonts/huangzi.fnt",
        "../../image/fonts/huangzi_0.png",
        "../../image/fonts/lanzi.fnt",
        "../../image/fonts/lanzi_0.png",
        "../../image/ui/common/back.png",
        "../../image/ui/common/titlebg.png",
        "../../image/ui/history/history_bg.png",
        "../../image/ui/history/titledetail.png"
      ],
      "ctype": "GameFileData"
    }
  },
  "Type": "Layer"
}