{
  "ID": "b069546c-85ae-4639-a97c-da4f83f80c95",
  "Version": "3.10.0.0",
  "Name": "NiuniuZhanjiDetailItem",
  "Content": {
    "Content": {
      "Animation": {
        "Duration": 0,
        "Speed": 1.0,
        "Timelines": [],
        "ctype": "TimelineActionData"
      },
      "AnimationList": [],
      "ObjectData": {
        "Tag": 323,
        "Children": [
          {
            "ClipAble": false,
            "BackColorAlpha": 102,
            "SingleColor": {
              "R": 150,
              "G": 200
            },
            "FirstColor": {
              "R": 150,
              "G": 200
            },
            "EndColor": {},
            "ColorVector": {
              "ScaleY": 1.0
            },
            "Scale9Width": 1,
            "Scale9Height": 1,
            "AnchorPoint": {},
            "Position": {
              "X": 0.0,
              "Y": 0.0
            },
            "Scale": {
              "ScaleX": 1.0,
              "ScaleY": 1.0
            },
            "CColor": {},
            "IconVisible": false,
            "PrePosition": {
              "X": 0.0,
              "Y": 0.0
            },
            "PreSize": {
              "X": 1.0,
              "Y": 1.0
            },
            "Tag": 273,
            "Children": [
              {
                "FileData": {
                  "Type": "Normal",
                  "Path": "appCommon/fydp/common/history_detailcell1.png",
                  "Plist": ""
                },
                "Scale9OriginX": 19,
                "Scale9OriginY": 19,
                "Scale9Width": 20,
                "Scale9Height": 20,
                "AnchorPoint": {
                  "ScaleY": 0.5
                },
                "Position": {
                  "X": 50.0,
                  "Y": 32.0199
                },
                "Scale": {
                  "ScaleX": 1.0,
                  "ScaleY": 1.0
                },
                "CColor": {},
                "IconVisible": false,
                "PrePosition": {
                  "X": 0.0391,
                  "Y": 0.5337
                },
                "PreSize": {
                  "X": 0.9219,
                  "Y": 0.8333
                },
                "LeftMargin": 50.0,
                "RightMargin": 50.0,
                "TopMargin": 2.9801,
                "BottomMargin": 7.0199,
                "Tag": 499,
                "ActionTag": 873442756,
                "Size": {
                  "X": 1180.0,
                  "Y": 50.0
                },
                "Name": "Image_3",
                "ctype": "ImageViewObjectData"
              },
              {
                "FontSize": 28,
                "LabelText": "No.888888",
                "FontResource": {
                  "Type": "Normal",
                  "Path": "image/fonts/FZZY.TTF",
                  "Plist": ""
                },
                "VerticalAlignmentType": "VT_Center",
                "OutlineColor": {
                  "R": 0,
                  "G": 0,
                  "B": 0
                },
                "ShadowColor": {
                  "R": 110,
                  "G": 110,
                  "B": 110
                },
                "ShadowOffsetX": 2.0,
                "ShadowOffsetY": -2.0,
                "AnchorPoint": {
                  "ScaleX": 0.5,
                  "ScaleY": 0.5
                },
                "Position": {
                  "X": 120.8517,
                  "Y": 31.7503
                },
                "Scale": {
                  "ScaleX": 1.0,
                  "ScaleY": 1.0
                },
                "CColor": {
                  "R": 132,
                  "G": 68,
                  "B": 33
                },
                "IconVisible": false,
                "PrePosition": {
                  "X": 0.0944,
                  "Y": 0.5292
                },
                "PreSize": {
                  "X": 0.1039,
                  "Y": 0.5333
                },
                "LeftMargin": 54.3517,
                "RightMargin": 1092.6483,
                "TopMargin": 12.2497,
                "BottomMargin": 15.7503,
                "Tag": 165,
                "ActionTag": 1097524170,
                "Size": {
                  "X": 133.0,
                  "Y": 32.0
                },
                "Name": "lb_xuhao",
                "ctype": "TextObjectData"
              },
              {
                "FontSize": 40,
                "LabelText": "8888-88-88 88:88_",
                "FontResource": {
                  "Type": "Normal",
                  "Path": "image/fonts/FZZY.TTF",
                  "Plist": ""
                },
                "HorizontalAlignmentType": "HT_Center",
                "OutlineColor": {
                  "R": 0,
                  "G": 0,
                  "B": 0
                },
                "ShadowColor": {
                  "R": 110,
                  "G": 110,
                  "B": 110
                },
                "ShadowOffsetX": 2.0,
                "ShadowOffsetY": -2.0,
                "AnchorPoint": {
                  "ScaleX": 0.5,
                  "ScaleY": 0.5
                },
                "Position": {
                  "X": 556.8018,
                  "Y": 30.5532
                },
                "Scale": {
                  "ScaleX": 1.0,
                  "ScaleY": 1.0
                },
                "CColor": {
                  "R": 132,
                  "G": 68,
                  "B": 33
                },
                "IconVisible": false,
                "PrePosition": {
                  "X": 0.435,
                  "Y": 0.5092
                },
                "PreSize": {
                  "X": 0.2695,
                  "Y": 0.75
                },
                "LeftMargin": 384.3018,
                "RightMargin": 550.6982,
                "TopMargin": 6.9468,
                "BottomMargin": 8.0532,
                "Tag": 166,
                "ActionTag": -447697282,
                "Size": {
                  "X": 345.0,
                  "Y": 45.0
                },
                "VisibleForFrame": false,
                "Name": "lb_time",
                "ctype": "TextObjectData"
              },
              {
                "FontSize": 14,
                "ButtonText": "",
                "TextColor": {
                  "R": 65,
                  "G": 65,
                  "B": 70
                },
                "DisabledFileData": {
                  "Type": "Normal",
                  "Path": "appCommon/fydp/common/btshare.png",
                  "Plist": ""
                },
                "PressedFileData": {
                  "Type": "Normal",
                  "Path": "appCommon/fydp/common/btshare.png",
                  "Plist": ""
                },
                "NormalFileData": {
                  "Type": "Normal",
                  "Path": "appCommon/fydp/common/btshare.png",
                  "Plist": ""
                },
                "Scale9Enable": true,
                "Scale9OriginX": 15,
                "Scale9OriginY": 11,
                "Scale9Width": 70,
                "Scale9Height": 31,
                "OutlineColor": {
                  "G": 0,
                  "B": 0
                },
                "ShadowColor": {
                  "R": 110,
                  "G": 110,
                  "B": 110
                },
                "ShadowOffsetX": 2.0,
                "ShadowOffsetY": -2.0,
                "TouchEnable": true,
                "AnchorPoint": {
                  "ScaleX": 0.5,
                  "ScaleY": 0.5
                },
                "Position": {
                  "X": 1077.6018,
                  "Y": 29.8654
                },
                "Scale": {
                  "ScaleX": 0.8,
                  "ScaleY": 0.8
                },
                "CColor": {},
                "IconVisible": false,
                "PrePosition": {
                  "X": 0.8419,
                  "Y": 0.4978
                },
                "PreSize": {
                  "X": 0.0641,
                  "Y": 1.05
                },
                "LeftMargin": 1036.6018,
                "RightMargin": 161.3982,
                "TopMargin": -1.3654,
                "BottomMargin": -1.6346,
                "Tag": 165,
                "ActionTag": -318931568,
                "Size": {
                  "X": 82.0,
                  "Y": 63.0
                },
                "VisibleForFrame": false,
                "Name": "btn_fenxiang",
                "ctype": "ButtonObjectData"
              },
              {
                "FileData": {
                  "Type": "Normal",
                  "Path": "submodules/niuniu/image/NiuniuZhanjiDetailItem/history_detailclose1.png",
                  "Plist": ""
                },
                "Scale9OriginX": 13,
                "Scale9OriginY": 13,
                "Scale9Width": 16,
                "Scale9Height": 16,
                "AnchorPoint": {
                  "ScaleX": 0.5,
                  "ScaleY": 0.5
                },
                "Position": {
                  "X": 1201.6766,
                  "Y": 30.8654
                },
                "Scale": {
                  "ScaleX": 1.0,
                  "ScaleY": 1.0
                },
                "CColor": {},
                "IconVisible": false,
                "PrePosition": {
                  "X": 0.9388,
                  "Y": 0.5144
                },
                "PreSize": {
                  "X": 0.0328,
                  "Y": 0.7
                },
                "LeftMargin": 1180.6766,
                "RightMargin": 57.3234,
                "TopMargin": 8.1346,
                "BottomMargin": 9.8654,
                "Tag": 167,
                "ActionTag": 754712889,
                "Size": {
                  "X": 42.0,
                  "Y": 42.0
                },
                "Name": "btn_close",
                "ctype": "ImageViewObjectData"
              },
              {
                "FontSize": 28,
                "LabelText": "+00000",
                "FontResource": {
                  "Type": "Normal",
                  "Path": "image/fonts/FZZY.TTF",
                  "Plist": ""
                },
                "HorizontalAlignmentType": "HT_Center",
                "VerticalAlignmentType": "VT_Center",
                "OutlineSize": 2,
                "OutlineColor": {
                  "R": 132,
                  "G": 68,
                  "B": 33
                },
                "ShadowColor": {
                  "R": 110,
                  "G": 110,
                  "B": 110
                },
                "ShadowOffsetX": 2.0,
                "ShadowOffsetY": -2.0,
                "AnchorPoint": {
                  "ScaleX": 0.5,
                  "ScaleY": 0.5
                },
                "Position": {
                  "X": 222.8697,
                  "Y": 31.9989
                },
                "Scale": {
                  "ScaleX": 1.0,
                  "ScaleY": 1.0
                },
                "CColor": {
                  "R": 243,
                  "G": 247,
                  "B": 14
                },
                "IconVisible": false,
                "PrePosition": {
                  "X": 0.1741,
                  "Y": 0.5333
                },
                "PreSize": {
                  "X": 0.0742,
                  "Y": 0.5333
                },
                "LeftMargin": 175.3697,
                "RightMargin": 1009.6303,
                "TopMargin": 12.0011,
                "BottomMargin": 15.9989,
                "Tag": 172,
                "ActionTag": -2004688295,
                "Size": {
                  "X": 95.0,
                  "Y": 32.0
                },
                "Name": "lb_score1",
                "ctype": "TextObjectData"
              },
              {
                "FontSize": 28,
                "LabelText": "+00000",
                "FontResource": {
                  "Type": "Normal",
                  "Path": "image/fonts/FZZY.TTF",
                  "Plist": ""
                },
                "HorizontalAlignmentType": "HT_Center",
                "VerticalAlignmentType": "VT_Center",
                "OutlineSize": 2,
                "OutlineColor": {
                  "R": 132,
                  "G": 68,
                  "B": 33
                },
                "ShadowColor": {
                  "R": 110,
                  "G": 110,
                  "B": 110
                },
                "ShadowOffsetX": 2.0,
                "ShadowOffsetY": -2.0,
                "AnchorPoint": {
                  "ScaleX": 0.5,
                  "ScaleY": 0.5
                },
                "Position": {
                  "X": 336.8904,
                  "Y": 31.9991
                },
                "Scale": {
                  "ScaleX": 1.0,
                  "ScaleY": 1.0
                },
                "CColor": {
                  "R": 243,
                  "G": 247,
                  "B": 14
                },
                "IconVisible": false,
                "PrePosition": {
                  "X": 0.2632,
                  "Y": 0.5333
                },
                "PreSize": {
                  "X": 0.0742,
                  "Y": 0.5333
                },
                "LeftMargin": 289.3904,
                "RightMargin": 895.6096,
                "TopMargin": 12.0009,
                "BottomMargin": 15.9991,
                "Tag": 173,
                "ActionTag": -1953978908,
                "Size": {
                  "X": 95.0,
                  "Y": 32.0
                },
                "Name": "lb_score2",
                "ctype": "TextObjectData"
              },
              {
                "FontSize": 28,
                "LabelText": "+00000",
                "FontResource": {
                  "Type": "Normal",
                  "Path": "image/fonts/FZZY.TTF",
                  "Plist": ""
                },
                "HorizontalAlignmentType": "HT_Center",
                "VerticalAlignmentType": "VT_Center",
                "OutlineSize": 2,
                "OutlineColor": {
                  "R": 132,
                  "G": 68,
                  "B": 33
                },
                "ShadowColor": {
                  "R": 110,
                  "G": 110,
                  "B": 110
                },
                "ShadowOffsetX": 2.0,
                "ShadowOffsetY": -2.0,
                "AnchorPoint": {
                  "ScaleX": 0.5,
                  "ScaleY": 0.5
                },
                "Position": {
                  "X": 450.9091,
                  "Y": 31.9991
                },
                "Scale": {
                  "ScaleX": 1.0,
                  "ScaleY": 1.0
                },
                "CColor": {
                  "R": 243,
                  "G": 247,
                  "B": 14
                },
                "IconVisible": false,
                "PrePosition": {
                  "X": 0.3523,
                  "Y": 0.5333
                },
                "PreSize": {
                  "X": 0.0742,
                  "Y": 0.5333
                },
                "LeftMargin": 403.4091,
                "RightMargin": 781.5908,
                "TopMargin": 12.0009,
                "BottomMargin": 15.9991,
                "Tag": 174,
                "ActionTag": -1436686549,
                "Size": {
                  "X": 95.0,
                  "Y": 32.0
                },
                "Name": "lb_score3",
                "ctype": "TextObjectData"
              },
              {
                "FontSize": 28,
                "LabelText": "+00000",
                "FontResource": {
                  "Type": "Normal",
                  "Path": "image/fonts/FZZY.TTF",
                  "Plist": ""
                },
                "HorizontalAlignmentType": "HT_Center",
                "VerticalAlignmentType": "VT_Center",
                "OutlineSize": 2,
                "OutlineColor": {
                  "R": 132,
                  "G": 68,
                  "B": 33
                },
                "ShadowColor": {
                  "R": 110,
                  "G": 110,
                  "B": 110
                },
                "ShadowOffsetX": 2.0,
                "ShadowOffsetY": -2.0,
                "AnchorPoint": {
                  "ScaleX": 0.5,
                  "ScaleY": 0.5
                },
                "Position": {
                  "X": 564.9293,
                  "Y": 31.9991
                },
                "Scale": {
                  "ScaleX": 1.0,
                  "ScaleY": 1.0
                },
                "CColor": {
                  "R": 243,
                  "G": 247,
                  "B": 14
                },
                "IconVisible": false,
                "PrePosition": {
                  "X": 0.4414,
                  "Y": 0.5333
                },
                "PreSize": {
                  "X": 0.0742,
                  "Y": 0.5333
                },
                "LeftMargin": 517.4293,
                "RightMargin": 667.5707,
                "TopMargin": 12.0009,
                "BottomMargin": 15.9991,
                "Tag": 175,
                "ActionTag": 1068619386,
                "Size": {
                  "X": 95.0,
                  "Y": 32.0
                },
                "Name": "lb_score4",
                "ctype": "TextObjectData"
              },
              {
                "FontSize": 28,
                "LabelText": "+00000",
                "FontResource": {
                  "Type": "Normal",
                  "Path": "image/fonts/FZZY.TTF",
                  "Plist": ""
                },
                "HorizontalAlignmentType": "HT_Center",
                "VerticalAlignmentType": "VT_Center",
                "OutlineSize": 2,
                "OutlineColor": {
                  "R": 132,
                  "G": 68,
                  "B": 33
                },
                "ShadowColor": {
                  "R": 110,
                  "G": 110,
                  "B": 110
                },
                "ShadowOffsetX": 2.0,
                "ShadowOffsetY": -2.0,
                "AnchorPoint": {
                  "ScaleX": 0.5,
                  "ScaleY": 0.5
                },
                "Position": {
                  "X": 678.9489,
                  "Y": 31.9991
                },
                "Scale": {
                  "ScaleX": 1.0,
                  "ScaleY": 1.0
                },
                "CColor": {
                  "R": 243,
                  "G": 247,
                  "B": 14
                },
                "IconVisible": false,
                "PrePosition": {
                  "X": 0.5304,
                  "Y": 0.5333
                },
                "PreSize": {
                  "X": 0.0742,
                  "Y": 0.5333
                },
                "LeftMargin": 631.4489,
                "RightMargin": 553.5511,
                "TopMargin": 12.0009,
                "BottomMargin": 15.9991,
                "Tag": 682,
                "ActionTag": -1208927571,
                "Size": {
                  "X": 95.0,
                  "Y": 32.0
                },
                "Name": "lb_score5",
                "ctype": "TextObjectData"
              },
              {
                "FontSize": 28,
                "LabelText": "+00000",
                "FontResource": {
                  "Type": "Normal",
                  "Path": "image/fonts/FZZY.TTF",
                  "Plist": ""
                },
                "HorizontalAlignmentType": "HT_Center",
                "VerticalAlignmentType": "VT_Center",
                "OutlineSize": 2,
                "OutlineColor": {
                  "R": 132,
                  "G": 68,
                  "B": 33
                },
                "ShadowColor": {
                  "R": 110,
                  "G": 110,
                  "B": 110
                },
                "ShadowOffsetX": 2.0,
                "ShadowOffsetY": -2.0,
                "AnchorPoint": {
                  "ScaleX": 0.5,
                  "ScaleY": 0.5
                },
                "Position": {
                  "X": 792.9683,
                  "Y": 31.9989
                },
                "Scale": {
                  "ScaleX": 1.0,
                  "ScaleY": 1.0
                },
                "CColor": {
                  "R": 243,
                  "G": 247,
                  "B": 14
                },
                "IconVisible": false,
                "PrePosition": {
                  "X": 0.6195,
                  "Y": 0.5333
                },
                "PreSize": {
                  "X": 0.0742,
                  "Y": 0.5333
                },
                "LeftMargin": 745.4683,
                "RightMargin": 439.5317,
                "TopMargin": 12.0011,
                "BottomMargin": 15.9989,
                "Tag": 479,
                "ActionTag": -1322541571,
                "Size": {
                  "X": 95.0,
                  "Y": 32.0
                },
                "Name": "lb_score6",
                "ctype": "TextObjectData"
              },
              {
                "FontSize": 28,
                "LabelText": "+00000",
                "FontResource": {
                  "Type": "Normal",
                  "Path": "image/fonts/FZZY.TTF",
                  "Plist": ""
                },
                "HorizontalAlignmentType": "HT_Center",
                "VerticalAlignmentType": "VT_Center",
                "OutlineSize": 2,
                "OutlineColor": {
                  "R": 132,
                  "G": 68,
                  "B": 33
                },
                "ShadowColor": {
                  "R": 110,
                  "G": 110,
                  "B": 110
                },
                "ShadowOffsetX": 2.0,
                "ShadowOffsetY": -2.0,
                "AnchorPoint": {
                  "ScaleX": 0.5,
                  "ScaleY": 0.5
                },
                "Position": {
                  "X": 906.9893,
                  "Y": 31.9991
                },
                "Scale": {
                  "ScaleX": 1.0,
                  "ScaleY": 1.0
                },
                "CColor": {
                  "R": 243,
                  "G": 247,
                  "B": 14
                },
                "IconVisible": false,
                "PrePosition": {
                  "X": 0.7086,
                  "Y": 0.5333
                },
                "PreSize": {
                  "X": 0.0742,
                  "Y": 0.5333
                },
                "LeftMargin": 859.4893,
                "RightMargin": 325.5107,
                "TopMargin": 12.0009,
                "BottomMargin": 15.9991,
                "Tag": 1660,
                "ActionTag": 826159371,
                "Size": {
                  "X": 95.0,
                  "Y": 32.0
                },
                "Name": "lb_score7",
                "ctype": "TextObjectData"
              },
              {
                "FontSize": 28,
                "LabelText": "+00000",
                "FontResource": {
                  "Type": "Normal",
                  "Path": "image/fonts/FZZY.TTF",
                  "Plist": ""
                },
                "HorizontalAlignmentType": "HT_Center",
                "VerticalAlignmentType": "VT_Center",
                "OutlineSize": 2,
                "OutlineColor": {
                  "R": 132,
                  "G": 68,
                  "B": 33
                },
                "ShadowColor": {
                  "R": 110,
                  "G": 110,
                  "B": 110
                },
                "ShadowOffsetX": 2.0,
                "ShadowOffsetY": -2.0,
                "AnchorPoint": {
                  "ScaleX": 0.5,
                  "ScaleY": 0.5
                },
                "Position": {
                  "X": 1021.0071,
                  "Y": 31.9991
                },
                "Scale": {
                  "ScaleX": 1.0,
                  "ScaleY": 1.0
                },
                "CColor": {
                  "R": 243,
                  "G": 247,
                  "B": 14
                },
                "IconVisible": false,
                "PrePosition": {
                  "X": 0.7977,
                  "Y": 0.5333
                },
                "PreSize": {
                  "X": 0.0742,
                  "Y": 0.5333
                },
                "LeftMargin": 973.5071,
                "RightMargin": 211.4929,
                "TopMargin": 12.0009,
                "BottomMargin": 15.9991,
                "Tag": 1661,
                "ActionTag": -1842482916,
                "Size": {
                  "X": 95.0,
                  "Y": 32.0
                },
                "Name": "lb_score8",
                "ctype": "TextObjectData"
              },
              {
                "FontSize": 28,
                "LabelText": "+00000",
                "FontResource": {
                  "Type": "Normal",
                  "Path": "image/fonts/FZZY.TTF",
                  "Plist": ""
                },
                "HorizontalAlignmentType": "HT_Center",
                "VerticalAlignmentType": "VT_Center",
                "OutlineSize": 2,
                "OutlineColor": {
                  "R": 132,
                  "G": 68,
                  "B": 33
                },
                "ShadowColor": {
                  "R": 110,
                  "G": 110,
                  "B": 110
                },
                "ShadowOffsetX": 2.0,
                "ShadowOffsetY": -2.0,
                "AnchorPoint": {
                  "ScaleX": 0.5,
                  "ScaleY": 0.5
                },
                "Position": {
                  "X": 1135.0278,
                  "Y": 31.9989
                },
                "Scale": {
                  "ScaleX": 1.0,
                  "ScaleY": 1.0
                },
                "CColor": {
                  "R": 243,
                  "G": 247,
                  "B": 14
                },
                "IconVisible": false,
                "PrePosition": {
                  "X": 0.8867,
                  "Y": 0.5333
                },
                "PreSize": {
                  "X": 0.0742,
                  "Y": 0.5333
                },
                "LeftMargin": 1087.5278,
                "RightMargin": 97.4722,
                "TopMargin": 12.0011,
                "BottomMargin": 15.9989,
                "Tag": 1662,
                "ActionTag": -1615906652,
                "Size": {
                  "X": 95.0,
                  "Y": 32.0
                },
                "Name": "lb_score9",
                "ctype": "TextObjectData"
              }
            ],
            "ActionTag": 1154657323,
            "Size": {
              "X": 1280.0,
              "Y": 60.0
            },
            "Name": "row",
            "ctype": "PanelObjectData"
          }
        ],
        "Size": {
          "X": 1280.0,
          "Y": 60.0
        },
        "Name": "Layer",
        "ctype": "LayerObjectData"
      },
      "UsedResources": [
        "../../appCommon/fydp/common/btshare.png",
        "../../appCommon/fydp/common/history_detailcell1.png",
        "../../image/fonts/FZZY.TTF",
        "../../submodules/niuniu/image/NiuniuZhanjiDetailItem/history_detailclose1.png"
      ],
      "ctype": "GameFileData"
    }
  },
  "Type": "Layer"
}