{
  "ID": "a2afd0ac-7c13-4211-9461-85c0567811ed",
  "Version": "2.3.4",
  "Name": "FanDuLayer",
  "Content": {
    "Content": {
      "Animation": {
        "Duration": 0,
        "Speed": 1.0,
        "Timelines": [],
        "ctype": "TimelineActionData"
      },
      "AnimationList": [],
      "ObjectData": {
        "Children": [
          {
            "ClipAble": false,
            "BackColorAlpha": 127,
            "SingleColor": {
              "R": 0,
              "G": 0,
              "B": 0
            },
            "FirstColor": {
              "R": 150,
              "G": 200
            },
            "EndColor": {},
            "ColorVector": {
              "ScaleY": 1.0
            },
            "Scale9Width": 1,
            "Scale9Height": 1,
            "TouchEnable": true,
            "AnchorPoint": {},
            "Position": {
              "X": 0.0,
              "Y": 0.0
            },
            "Scale": {
              "ScaleX": 1.0,
              "ScaleY": 1.0
            },
            "CColor": {},
            "IconVisible": false,
            "PrePosition": {
              "X": 0.0,
              "Y": 0.0
            },
            "PreSize": {
              "X": 1.0,
              "Y": 1.0
            },
            "Tag": 2,
            "Children": [
              {
                "FileData": {
                  "Type": "Normal",
                  "Path": "image/ui/hall/jinzhidubo.png",
                  "Plist": ""
                },
                "BlendFunc": {
                  "Src": 1,
                  "Dst": 771
                },
                "AnchorPoint": {
                  "ScaleX": 0.5,
                  "ScaleY": 0.5
                },
                "Position": {
                  "X": 640.0,
                  "Y": 360.0
                },
                "Scale": {
                  "ScaleX": 1.0,
                  "ScaleY": 1.0
                },
                "CColor": {},
                "IconVisible": false,
                "PositionPercentXEnabled": true,
                "PositionPercentYEnabled": true,
                "PrePosition": {
                  "X": 0.5,
                  "Y": 0.5
                },
                "PreSize": {
                  "X": 0.7148,
                  "Y": 0.8847
                },
                "LeftMargin": 182.5,
                "RightMargin": 182.5,
                "TopMargin": 41.5,
                "BottomMargin": 41.5,
                "Tag": 3,
                "ActionTag": -1953246631,
                "Size": {
                  "X": 915.0,
                  "Y": 637.0
                },
                "Name": "jinzhidubo_1",
                "ctype": "SpriteObjectData"
              },
              {
                "FileData": {
                  "Type": "Normal",
                  "Path": "image/ui/hall/jinzhidubo_btn.png",
                  "Plist": ""
                },
                "BlendFunc": {
                  "Src": 1,
                  "Dst": 771
                },
                "AnchorPoint": {
                  "ScaleX": 0.5,
                  "ScaleY": 0.5
                },
                "Position": {
                  "X": 640.0,
                  "Y": 86.4
                },
                "Scale": {
                  "ScaleX": 1.0,
                  "ScaleY": 1.0
                },
                "CColor": {},
                "IconVisible": false,
                "PositionPercentXEnabled": true,
                "PositionPercentYEnabled": true,
                "PrePosition": {
                  "X": 0.5,
                  "Y": 0.12
                },
                "PreSize": {
                  "X": 0.1711,
                  "Y": 0.0833
                },
                "LeftMargin": 530.5,
                "RightMargin": 530.5,
                "TopMargin": 603.6,
                "BottomMargin": 56.4,
                "Tag": 4,
                "ActionTag": -44886794,
                "Size": {
                  "X": 219.0,
                  "Y": 60.0
                },
                "Name": "close",
                "ctype": "SpriteObjectData"
              }
            ],
            "ActionTag": -329962118,
            "Size": {
              "X": 1280.0,
              "Y": 720.0
            },
            "Name": "root",
            "ctype": "PanelObjectData"
          }
        ],
        "Size": {
          "X": 1280.0,
          "Y": 720.0
        },
        "Name": "Layer",
        "ctype": "LayerObjectData"
      },
      "UsedResources": [
        "../../image/ui/hall/jinzhidubo.png",
        "../../image/ui/hall/jinzhidubo_btn.png"
      ],
      "ctype": "GameFileData"
    }
  },
  "Type": "Layer"
}