{
  "ID": "5fdaac8f-f7c1-42e0-ad74-20e8ef3b4f2c",
  "Version": "2.3.4",
  "Name": "Login",
  "Content": {
    "Content": {
      "Animation": {
        "Duration": 0,
        "Speed": 1.0,
        "Timelines": [],
        "ctype": "TimelineActionData"
      },
      "AnimationList": [],
      "ObjectData": {
        "Tag": 3,
        "Children": [
          {
            "FileData": {
              "Type": "Normal",
              "Path": "image/ui/login/bg.jpg",
              "Plist": ""
            },
            "BlendFunc": {
              "Src": 770,
              "Dst": 771
            },
            "AnchorPoint": {
              "ScaleX": 0.5,
              "ScaleY": 0.5
            },
            "Position": {
              "X": 640.0,
              "Y": 360.0
            },
            "Scale": {
              "ScaleX": 1.0,
              "ScaleY": 1.0
            },
            "CColor": {},
            "IconVisible": false,
            "PositionPercentXEnabled": true,
            "PositionPercentYEnabled": true,
            "PrePosition": {
              "X": 0.5,
              "Y": 0.5
            },
            "PreSize": {
              "X": 1.2188,
              "Y": 1.0
            },
            "LeftMargin": -140.0,
            "RightMargin": -140.0,
            "Tag": 521,
            "ActionTag": 126308149,
            "Size": {
              "X": 1560.0,
              "Y": 720.0
            },
            "Name": "bg",
            "ctype": "SpriteObjectData"
          },
          {
            "AnchorPoint": {},
            "Position": {
              "X": 449.7704,
              "Y": 73.7884
            },
            "Scale": {
              "ScaleX": 1.0,
              "ScaleY": 1.0
            },
            "CColor": {},
            "IconVisible": true,
            "PrePosition": {
              "X": 0.3514,
              "Y": 0.1025
            },
            "PreSize": {
              "X": 0.0,
              "Y": 0.0
            },
            "LeftMargin": 449.7704,
            "RightMargin": 830.2296,
            "TopMargin": 646.2116,
            "BottomMargin": 73.7884,
            "Tag": 128,
            "Children": [
              {
                "FileData": {
                  "Type": "Normal",
                  "Path": "image/ui/login/login_xieyi.png",
                  "Plist": ""
                },
                "BlendFunc": {
                  "Src": 1,
                  "Dst": 771
                },
                "AnchorPoint": {
                  "ScaleX": 0.5,
                  "ScaleY": 0.5
                },
                "Position": {
                  "X": 223.0512,
                  "Y": 0.4245
                },
                "Scale": {
                  "ScaleX": 1.0,
                  "ScaleY": 1.0
                },
                "CColor": {},
                "IconVisible": false,
                "PrePosition": {
                  "X": 0.0,
                  "Y": 0.0
                },
                "PreSize": {
                  "X": 0.0,
                  "Y": 0.0
                },
                "LeftMargin": 8.5512,
                "RightMargin": -437.5512,
                "TopMargin": -22.9245,
                "BottomMargin": -22.0755,
                "Tag": 176,
                "ActionTag": -75123312,
                "Size": {
                  "X": 429.0,
                  "Y": 45.0
                },
                "Name": "login_xieyi_3",
                "ctype": "SpriteObjectData"
              },
              {
                "CheckedState": true,
                "NormalBackFileData": {
                  "Type": "Normal",
                  "Path": "appCommon/fydp/common/checkbg.png",
                  "Plist": ""
                },
                "PressedBackFileData": {
                  "Type": "Normal",
                  "Path": "appCommon/fydp/common/checkbg.png",
                  "Plist": ""
                },
                "DisableBackFileData": {
                  "Type": "Normal",
                  "Path": "appCommon/fydp/common/checkbg.png",
                  "Plist": ""
                },
                "NodeNormalFileData": {
                  "Type": "Normal",
                  "Path": "appCommon/fydp/common/check.png",
                  "Plist": ""
                },
                "NodeDisableFileData": {
                  "Type": "Normal",
                  "Path": "appCommon/fydp/common/check.png",
                  "Plist": ""
                },
                "TouchEnable": true,
                "AnchorPoint": {
                  "ScaleX": 0.5,
                  "ScaleY": 0.5
                },
                "Position": {
                  "X": 111.3611,
                  "Y": -1.0
                },
                "Scale": {
                  "ScaleX": 1.5,
                  "ScaleY": 1.5
                },
                "CColor": {},
                "IconVisible": false,
                "PrePosition": {
                  "X": 0.0,
                  "Y": 0.0
                },
                "PreSize": {
                  "X": 0.0,
                  "Y": 0.0
                },
                "LeftMargin": 97.8611,
                "RightMargin": -124.8611,
                "TopMargin": -12.5,
                "BottomMargin": -14.5,
                "Tag": 21,
                "ActionTag": 1930797208,
                "Size": {
                  "X": 27.0,
                  "Y": 27.0
                },
                "Name": "cbBox",
                "ctype": "CheckBoxObjectData"
              }
            ],
            "ActionTag": -118462547,
            "Size": {
              "X": 0.0,
              "Y": 0.0
            },
            "Name": "xieyi",
            "ctype": "SingleNodeObjectData"
          },
          {
            "FileData": {
              "Type": "Normal",
              "Path": "image/ui/login/btguest.png",
              "Plist": ""
            },
            "BlendFunc": {
              "Src": 1,
              "Dst": 771
            },
            "AnchorPoint": {
              "ScaleX": 0.5,
              "ScaleY": 0.5
            },
            "Position": {
              "X": 640.0,
              "Y": 160.2842
            },
            "Scale": {
              "ScaleX": 1.0,
              "ScaleY": 1.0
            },
            "CColor": {},
            "IconVisible": false,
            "PrePosition": {
              "X": 0.5,
              "Y": 0.2226
            },
            "PreSize": {
              "X": 0.2461,
              "Y": 0.1361
            },
            "LeftMargin": 482.5,
            "RightMargin": 482.5,
            "TopMargin": 510.7158,
            "BottomMargin": 111.2842,
            "Tag": 123,
            "ActionTag": -317196026,
            "Size": {
              "X": 315.0,
              "Y": 98.0
            },
            "Name": "btGuest",
            "ctype": "SpriteObjectData"
          },
          {
            "FileData": {
              "Type": "Normal",
              "Path": "image/ui/login/btweixin.png",
              "Plist": ""
            },
            "BlendFunc": {
              "Src": 1,
              "Dst": 771
            },
            "AnchorPoint": {
              "ScaleX": 0.5,
              "ScaleY": 0.5
            },
            "Position": {
              "X": 636.672,
              "Y": 166.7258
            },
            "Scale": {
              "ScaleX": 1.0,
              "ScaleY": 1.0
            },
            "CColor": {},
            "IconVisible": false,
            "PositionPercentXEnabled": true,
            "PrePosition": {
              "X": 0.4974,
              "Y": 0.2316
            },
            "PreSize": {
              "X": 0.2516,
              "Y": 0.1444
            },
            "LeftMargin": 475.672,
            "RightMargin": 482.328,
            "TopMargin": 501.2742,
            "BottomMargin": 114.7258,
            "Tag": 124,
            "ActionTag": -628772851,
            "Size": {
              "X": 322.0,
              "Y": 104.0
            },
            "Name": "btWeiXin",
            "ctype": "SpriteObjectData"
          },
          {
            "FontSize": 30,
            "IsCustomSize": true,
            "LabelText": "",
            "PlaceHolderText": "输入登陆ID",
            "MaxLengthText": 10,
            "TouchEnable": true,
            "AnchorPoint": {
              "ScaleX": 0.5,
              "ScaleY": 0.5
            },
            "Position": {
              "X": 902.0947,
              "Y": 76.2603
            },
            "Scale": {
              "ScaleX": 1.0,
              "ScaleY": 1.0
            },
            "CColor": {},
            "IconVisible": false,
            "PrePosition": {
              "X": 0.7048,
              "Y": 0.1059
            },
            "PreSize": {
              "X": 0.1563,
              "Y": 0.0556
            },
            "LeftMargin": 802.0947,
            "RightMargin": 277.9053,
            "TopMargin": 623.7397,
            "BottomMargin": 56.2603,
            "Tag": 170,
            "ActionTag": 396011228,
            "Size": {
              "X": 200.0,
              "Y": 40.0
            },
            "Name": "tfUserId",
            "ctype": "TextFieldObjectData"
          },
          {
            "FontSize": 22,
            "LabelText": "88.88.88.88",
            "FontResource": {
              "Type": "Normal",
              "Path": "image/fonts/FZZY.TTF",
              "Plist": ""
            },
            "HorizontalAlignmentType": "HT_Right",
            "VerticalAlignmentType": "VT_Center",
            "OutlineColor": {
              "R": 0,
              "G": 0,
              "B": 0
            },
            "ShadowColor": {
              "R": 110,
              "G": 110,
              "B": 110
            },
            "ShadowOffsetX": 2.0,
            "ShadowOffsetY": -2.0,
            "AnchorPoint": {
              "ScaleX": 0.5,
              "ScaleY": 0.5
            },
            "Position": {
              "X": 1209.7698,
              "Y": 57.9809
            },
            "Scale": {
              "ScaleX": 1.0,
              "ScaleY": 1.0
            },
            "CColor": {},
            "IconVisible": false,
            "PrePosition": {
              "X": 0.9451,
              "Y": 0.0805
            },
            "PreSize": {
              "X": 0.0906,
              "Y": 0.0347
            },
            "LeftMargin": 1151.7698,
            "RightMargin": 12.2302,
            "TopMargin": 649.5191,
            "BottomMargin": 45.4809,
            "Tag": 83,
            "ActionTag": 1554148841,
            "Size": {
              "X": 116.0,
              "Y": 25.0
            },
            "VisibleForFrame": false,
            "Name": "version",
            "ctype": "TextObjectData"
          },
          {
            "FileData": {
              "Type": "Normal",
              "Path": "image/ui/login/equipupgrade_progress_b.png",
              "Plist": ""
            },
            "BlendFunc": {
              "Src": 1,
              "Dst": 771
            },
            "AnchorPoint": {
              "ScaleX": 0.5,
              "ScaleY": 0.5
            },
            "Position": {
              "X": 640.0,
              "Y": 124.7138
            },
            "Scale": {
              "ScaleX": 1.0,
              "ScaleY": 1.0
            },
            "CColor": {},
            "IconVisible": false,
            "PositionPercentXEnabled": true,
            "PrePosition": {
              "X": 0.5,
              "Y": 0.1732
            },
            "PreSize": {
              "X": 0.5352,
              "Y": 0.0431
            },
            "LeftMargin": 297.5,
            "RightMargin": 297.5,
            "TopMargin": 579.7862,
            "BottomMargin": 109.2138,
            "Tag": 9,
            "Children": [
              {
                "ProgressInfo": 36,
                "ImageFileData": {
                  "Type": "Normal",
                  "Path": "image/ui/login/equipupgrade_progress_.png",
                  "Plist": ""
                },
                "AnchorPoint": {
                  "ScaleX": 0.5,
                  "ScaleY": 0.5
                },
                "Position": {
                  "X": 342.5,
                  "Y": 38.4989
                },
                "Scale": {
                  "ScaleX": 1.0,
                  "ScaleY": 1.0
                },
                "CColor": {},
                "IconVisible": false,
                "PositionPercentXEnabled": true,
                "PositionPercentYEnabled": true,
                "PrePosition": {
                  "X": 0.5,
                  "Y": 1.2419
                },
                "PreSize": {
                  "X": 1.2292,
                  "Y": 0.7742
                },
                "LeftMargin": -78.5,
                "RightMargin": -78.5,
                "TopMargin": -19.4989,
                "BottomMargin": 26.4989,
                "Tag": 11,
                "ActionTag": 159709878,
                "Size": {
                  "X": 842.0,
                  "Y": 24.0
                },
                "Name": "progress",
                "ctype": "LoadingBarObjectData"
              }
            ],
            "ActionTag": -792642672,
            "Size": {
              "X": 685.0,
              "Y": 31.0
            },
            "VisibleForFrame": false,
            "Name": "progress_bg",
            "ctype": "SpriteObjectData"
          },
          {
            "FontSize": 24,
            "LabelText": "____________________________________正在检查更新____________________________________",
            "FontResource": {
              "Type": "Normal",
              "Path": "image/fonts/FZZY.TTF",
              "Plist": ""
            },
            "HorizontalAlignmentType": "HT_Center",
            "VerticalAlignmentType": "VT_Center",
            "OutlineColor": {
              "G": 0,
              "B": 0
            },
            "ShadowColor": {
              "R": 110,
              "G": 110,
              "B": 110
            },
            "ShadowOffsetX": 1.0,
            "ShadowOffsetY": -1.0,
            "ShadowEnabled": true,
            "AnchorPoint": {
              "ScaleX": 0.5,
              "ScaleY": 0.5
            },
            "Position": {
              "X": 640.0,
              "Y": 160.0
            },
            "Scale": {
              "ScaleX": 1.0,
              "ScaleY": 1.0
            },
            "CColor": {
              "R": 28,
              "G": 28,
              "B": 28
            },
            "IconVisible": false,
            "PositionPercentXEnabled": true,
            "PrePosition": {
              "X": 0.5,
              "Y": 0.2222
            },
            "PreSize": {
              "X": 0.7906,
              "Y": 0.0375
            },
            "LeftMargin": 134.0,
            "RightMargin": 134.0,
            "TopMargin": 546.5,
            "BottomMargin": 146.5,
            "Tag": 12,
            "ActionTag": 1915693687,
            "Size": {
              "X": 1012.0,
              "Y": 27.0
            },
            "VisibleForFrame": false,
            "Name": "progress_label",
            "ctype": "TextObjectData"
          },
          {
            "FileData": {
              "Type": "Normal",
              "Path": "image/ui/login/reset.png",
              "Plist": ""
            },
            "BlendFunc": {
              "Src": 1,
              "Dst": 771
            },
            "AnchorPoint": {
              "ScaleX": 0.5,
              "ScaleY": 0.5
            },
            "Position": {
              "X": 45.0,
              "Y": 670.0
            },
            "Scale": {
              "ScaleX": 1.0,
              "ScaleY": 1.0
            },
            "CColor": {},
            "IconVisible": false,
            "PrePosition": {
              "X": 0.0352,
              "Y": 0.9306
            },
            "PreSize": {
              "X": 0.0594,
              "Y": 0.1139
            },
            "LeftMargin": 7.0,
            "RightMargin": 1197.0,
            "TopMargin": 9.0,
            "BottomMargin": 629.0,
            "Tag": 174,
            "ActionTag": -2075675153,
            "Size": {
              "X": 76.0,
              "Y": 82.0
            },
            "Name": "btn_refresh",
            "ctype": "SpriteObjectData"
          },
          {
            "FileData": {
              "Type": "Normal",
              "Path": "image/ui/login/login_tip.png",
              "Plist": ""
            },
            "BlendFunc": {
              "Src": 1,
              "Dst": 771
            },
            "AnchorPoint": {
              "ScaleX": 0.5
            },
            "Position": {
              "X": 640.0,
              "Y": 0.0
            },
            "Scale": {
              "ScaleX": 1.0,
              "ScaleY": 1.0
            },
            "CColor": {},
            "IconVisible": false,
            "PositionPercentXEnabled": true,
            "PrePosition": {
              "X": 0.5,
              "Y": 0.0
            },
            "PreSize": {
              "X": 1.2188,
              "Y": 0.0361
            },
            "LeftMargin": -140.0,
            "RightMargin": -140.0,
            "TopMargin": 694.0,
            "Tag": 175,
            "ActionTag": -1822997286,
            "Size": {
              "X": 1560.0,
              "Y": 26.0
            },
            "Name": "login_tip_2",
            "ctype": "SpriteObjectData"
          },
          {
            "FileData": {
              "Type": "Normal",
              "Path": "image/ui/login/login_title.png",
              "Plist": ""
            },
            "BlendFunc": {
              "Src": 1,
              "Dst": 771
            },
            "AnchorPoint": {
              "ScaleX": 0.5,
              "ScaleY": 0.5036
            },
            "Position": {
              "X": 640.0,
              "Y": 432.0
            },
            "Scale": {
              "ScaleX": 1.0,
              "ScaleY": 1.0
            },
            "CColor": {},
            "IconVisible": false,
            "PositionPercentXEnabled": true,
            "PrePosition": {
              "X": 0.5,
              "Y": 0.6
            },
            "PreSize": {
              "X": 0.6852,
              "Y": 0.4069
            },
            "LeftMargin": 201.5,
            "RightMargin": 201.5,
            "TopMargin": 142.5548,
            "BottomMargin": 284.4452,
            "Tag": 127,
            "ActionTag": -478444335,
            "Size": {
              "X": 877.0,
              "Y": 293.0
            },
            "Name": "login_title_12",
            "ctype": "SpriteObjectData"
          },
          {
            "FileData": {
              "Type": "Normal",
              "Path": "image/ui/login/btxianliao.png",
              "Plist": ""
            },
            "BlendFunc": {
              "Src": 1,
              "Dst": 771
            },
            "AnchorPoint": {
              "ScaleX": 0.5,
              "ScaleY": 0.5
            },
            "Position": {
              "X": 993.23,
              "Y": 166.7258
            },
            "Scale": {
              "ScaleX": 1.0,
              "ScaleY": 1.0
            },
            "CColor": {},
            "IconVisible": false,
            "PrePosition": {
              "X": 0.776,
              "Y": 0.2316
            },
            "PreSize": {
              "X": 0.2516,
              "Y": 0.1444
            },
            "LeftMargin": 832.23,
            "RightMargin": 125.77,
            "TopMargin": 501.2742,
            "BottomMargin": 114.7258,
            "Tag": 16,
            "ActionTag": -2055894927,
            "Size": {
              "X": 322.0,
              "Y": 104.0
            },
            "Name": "btXianLiao",
            "ctype": "SpriteObjectData"
          },
          {
            "FileData": {
              "Type": "Normal",
              "Path": "image/ui/login/btn_liaobei.png",
              "Plist": ""
            },
            "BlendFunc": {
              "Src": 1,
              "Dst": 771
            },
            "AnchorPoint": {
              "ScaleX": 0.5,
              "ScaleY": 0.5
            },
            "Position": {
              "X": 280.03,
              "Y": 166.7258
            },
            "Scale": {
              "ScaleX": 1.0,
              "ScaleY": 1.0
            },
            "CColor": {},
            "IconVisible": false,
            "PrePosition": {
              "X": 0.2188,
              "Y": 0.2316
            },
            "PreSize": {
              "X": 0.2516,
              "Y": 0.1444
            },
            "LeftMargin": 119.03,
            "RightMargin": 838.97,
            "TopMargin": 501.2742,
            "BottomMargin": 114.7258,
            "Tag": 17,
            "ActionTag": -634887974,
            "Size": {
              "X": 322.0,
              "Y": 104.0
            },
            "Name": "btLiaobei",
            "ctype": "SpriteObjectData"
          },
          {
            "FileData": {
              "Type": "Normal",
              "Path": "image/ui/login/btguest.png",
              "Plist": ""
            },
            "BlendFunc": {
              "Src": 1,
              "Dst": 771
            },
            "AnchorPoint": {
              "ScaleX": 0.5,
              "ScaleY": 0.5
            },
            "Position": {
              "X": 276.6888,
              "Y": 333.9691
            },
            "Scale": {
              "ScaleX": 1.0,
              "ScaleY": 1.0
            },
            "CColor": {},
            "IconVisible": false,
            "PrePosition": {
              "X": 0.2162,
              "Y": 0.4638
            },
            "PreSize": {
              "X": 0.2461,
              "Y": 0.1361
            },
            "LeftMargin": 119.1888,
            "RightMargin": 845.8112,
            "TopMargin": 337.0309,
            "BottomMargin": 284.9691,
            "Tag": 188,
            "ActionTag": 900364003,
            "Size": {
              "X": 315.0,
              "Y": 98.0
            },
            "Name": "btn_youke4",
            "ctype": "SpriteObjectData"
          },
          {
            "FileData": {
              "Type": "Normal",
              "Path": "image/ui/login/btguest.png",
              "Plist": ""
            },
            "BlendFunc": {
              "Src": 1,
              "Dst": 771
            },
            "AnchorPoint": {
              "ScaleX": 0.5,
              "ScaleY": 0.5
            },
            "Position": {
              "X": 275.5352,
              "Y": 444.2267
            },
            "Scale": {
              "ScaleX": 1.0,
              "ScaleY": 1.0
            },
            "CColor": {},
            "IconVisible": false,
            "PrePosition": {
              "X": 0.2153,
              "Y": 0.617
            },
            "PreSize": {
              "X": 0.2461,
              "Y": 0.1361
            },
            "LeftMargin": 118.0352,
            "RightMargin": 846.9648,
            "TopMargin": 226.7733,
            "BottomMargin": 395.2267,
            "Tag": 189,
            "ActionTag": 1236543010,
            "Size": {
              "X": 315.0,
              "Y": 98.0
            },
            "Name": "btn_youke3",
            "ctype": "SpriteObjectData"
          },
          {
            "FileData": {
              "Type": "Normal",
              "Path": "image/ui/login/btguest.png",
              "Plist": ""
            },
            "BlendFunc": {
              "Src": 1,
              "Dst": 771
            },
            "AnchorPoint": {
              "ScaleX": 0.5,
              "ScaleY": 0.5
            },
            "Position": {
              "X": 274.3815,
              "Y": 551.5354
            },
            "Scale": {
              "ScaleX": 1.0,
              "ScaleY": 1.0
            },
            "CColor": {},
            "IconVisible": false,
            "PrePosition": {
              "X": 0.2144,
              "Y": 0.766
            },
            "PreSize": {
              "X": 0.2461,
              "Y": 0.1361
            },
            "LeftMargin": 116.8815,
            "RightMargin": 848.1185,
            "TopMargin": 119.4646,
            "BottomMargin": 502.5354,
            "Tag": 190,
            "ActionTag": 47020190,
            "Size": {
              "X": 315.0,
              "Y": 98.0
            },
            "Name": "btn_youke2",
            "ctype": "SpriteObjectData"
          },
          {
            "FileData": {
              "Type": "Normal",
              "Path": "image/ui/login/btguest.png",
              "Plist": ""
            },
            "BlendFunc": {
              "Src": 1,
              "Dst": 771
            },
            "AnchorPoint": {
              "ScaleX": 0.5,
              "ScaleY": 0.5
            },
            "Position": {
              "X": 268.805,
              "Y": 656.8557
            },
            "Scale": {
              "ScaleX": 1.0,
              "ScaleY": 1.0
            },
            "CColor": {},
            "IconVisible": false,
            "PrePosition": {
              "X": 0.21,
              "Y": 0.9123
            },
            "PreSize": {
              "X": 0.2461,
              "Y": 0.1361
            },
            "LeftMargin": 111.305,
            "RightMargin": 853.695,
            "TopMargin": 14.1443,
            "BottomMargin": 607.8557,
            "Tag": 191,
            "ActionTag": -1331914776,
            "Size": {
              "X": 315.0,
              "Y": 98.0
            },
            "Name": "btn_youke1",
            "ctype": "SpriteObjectData"
          }
        ],
        "Size": {
          "X": 960.0,
          "Y": 640.0
        },
        "Name": "Scene",
        "ctype": "SingleNodeObjectData"
      },
      "UsedResources": [
        "../../appCommon/fydp/common/check.png",
        "../../appCommon/fydp/common/checkbg.png",
        "../../image/fonts/FZZY.TTF",
        "../../image/ui/login/bg.jpg",
        "../../image/ui/login/btguest.png",
        "../../image/ui/login/btn_liaobei.png",
        "../../image/ui/login/btweixin.png",
        "../../image/ui/login/btxianliao.png",
        "../../image/ui/login/equipupgrade_progress_.png",
        "../../image/ui/login/equipupgrade_progress_b.png",
        "../../image/ui/login/login_tip.png",
        "../../image/ui/login/login_title.png",
        "../../image/ui/login/login_xieyi.png",
        "../../image/ui/login/reset.png"
      ],
      "ctype": "GameFileData"
    }
  },
  "Type": "Scene"
}