{"skeleton":{"hash":"WHW3ogkQ5nIDMCig/BjnmUTeRew","spine":"3.6.36","width":212.8,"height":104.06,"images":""},"bones":[{"name":"root"},{"name":"zong","parent":"root","x":-94.73,"y":-41.65,"scaleX":0.7,"scaleY":0.7},{"name":"beizi","parent":"zong","x":232.48,"y":80.39},{"name":"bone","parent":"zong","x":138.11,"y":41.17},{"name":"bone2","parent":"zong","x":136.5,"y":7.87},{"name":"bone3","parent":"zong","x":136.5,"y":7.87},{"name":"zhuo_you","parent":"bone","length":93.07,"rotation":150.26,"x":87.28,"y":-34.95},{"name":"zhuo_zuo","parent":"bone","length":94.38,"rotation":24.62,"x":-93.37,"y":-32.77},{"name":"zhuozi02","parent":"zong","x":182.69,"y":105.05},{"name":"zhuozi2","parent":"zong","x":91.13,"y":105.05,"scaleX":-1}],"slots":[{"name":"zzzz","bone":"root"},{"name":"yiying","bone":"bone2","attachment":"yiying"},{"name":"yiying2","bone":"bone3"},{"name":"zhuozi01","bone":"bone","attachment":"zhuozi01"},{"name":"zhuo_zuo","bone":"zhuo_zuo"},{"name":"zhuo_you","bone":"zhuo_you"},{"name":"liefeng","bone":"bone"},{"name":"zhuozi02","bone":"zhuozi02","attachment":"zhuozi02"},{"name":"zhuozi2","bone":"zhuozi2","attachment":"zhuozi02"},{"name":"beizi","bone":"beizi","attachment":"beizi"}],"skins":{"default":{"beizi":{"beizi":{"x":1.5,"y":2.22,"width":42,"height":38}},"liefeng":{"liefeng":{"x":1.93,"y":-3,"width":23,"height":31}},"yiying":{"yiying":{"scaleX":2,"scaleY":2,"width":152,"height":20}},"yiying2":{"yiying":{"scaleX":2,"scaleY":2,"width":152,"height":20}},"zhuo_you":{"zhuo_you":{"x":41.29,"y":-16.88,"rotation":-150.26,"width":152,"height":79}},"zhuo_zuo":{"zhuo_zuo":{"x":47.98,"y":14.35,"rotation":-24.62,"width":162,"height":79}},"zhuozi01":{"zhuozi01":{"width":273,"height":79}},"zhuozi02":{"zhuozi02":{"x":0.9,"y":-1.51,"width":62,"height":66}},"zhuozi2":{"zhuozi02":{"x":0.9,"y":-1.51,"width":62,"height":66}}}},"animations":{"chuizhuozi1":{"slots":{"liefeng":{"attachment":[{"time":1.5333,"name":"liefeng"},{"time":2.2333,"name":null}]},"yiying2":{"attachment":[{"time":2.2667,"name":"yiying"}]},"zhuo_you":{"attachment":[{"time":2.2333,"name":"zhuo_you"}]},"zhuo_zuo":{"attachment":[{"time":2.2333,"name":"zhuo_zuo"}]},"zhuozi01":{"attachment":[{"time":2.2333,"name":null}]}},"bones":{"zhuozi2":{"translate":[{"time":0,"x":0,"y":0},{"time":0.2,"x":0,"y":63.45},{"time":0.2667,"x":0,"y":55.05},{"time":0.3,"x":0,"y":-2.94},{"time":0.3333,"x":0,"y":-7.99},{"time":0.3667,"x":0,"y":1.45},{"time":0.4,"x":0,"y":-2.05},{"time":0.4333,"x":0,"y":0,"curve":"stepped"},{"time":0.5667,"x":0,"y":0},{"time":0.8,"x":0,"y":63.45},{"time":0.8667,"x":0,"y":55.05},{"time":0.9,"x":0,"y":-2.94},{"time":0.9333,"x":0,"y":-7.99},{"time":0.9667,"x":0,"y":1.45},{"time":1,"x":0,"y":-2.05},{"time":1.0333,"x":0,"y":0,"curve":"stepped"},{"time":1.1667,"x":0,"y":0,"curve":[0.003,0.39,0.75,1]},{"time":1.4333,"x":0,"y":71.8,"curve":"stepped"},{"time":1.5,"x":0,"y":71.8},{"time":1.5333,"x":0,"y":-2.94},{"time":1.5667,"x":0,"y":-7.99},{"time":1.6,"x":0,"y":1.45},{"time":1.6333,"x":0,"y":-2.05},{"time":1.6667,"x":0,"y":0,"curve":"stepped"},{"time":1.8333,"x":0,"y":0,"curve":[0,0.78,0.75,1]},{"time":2.0333,"x":0,"y":93.43},{"time":2.0667,"x":-3.68,"y":93.43},{"time":2.1,"x":0,"y":93.43},{"time":2.1333,"x":-3.68,"y":93.43},{"time":2.1667,"x":0,"y":93.43},{"time":2.2,"x":0,"y":114.63},{"time":2.2333,"x":0,"y":-11.95,"curve":[0,1,0.75,1]},{"time":2.3333,"x":0,"y":-23.11,"curve":[0.25,0,0.75,1]},{"time":2.5,"x":0,"y":-12.21}],"scale":[{"time":2.0333,"x":1,"y":1},{"time":2.0667,"x":1.05,"y":1.05},{"time":2.1,"x":0.95,"y":0.95},{"time":2.1333,"x":1.05,"y":1.05},{"time":2.1667,"x":0.95,"y":0.95},{"time":2.2,"x":1,"y":1}]},"zhuozi02":{"translate":[{"time":0,"x":0,"y":0},{"time":0.2,"x":0,"y":63.45},{"time":0.2667,"x":0,"y":55.05},{"time":0.3,"x":0,"y":-2.94},{"time":0.3333,"x":0,"y":-7.99},{"time":0.3667,"x":0,"y":1.45},{"time":0.4,"x":0,"y":-2.05},{"time":0.4333,"x":0,"y":0,"curve":"stepped"},{"time":0.5667,"x":0,"y":0},{"time":0.8,"x":0,"y":63.45},{"time":0.8667,"x":0,"y":55.05},{"time":0.9,"x":0,"y":-2.94},{"time":0.9333,"x":0,"y":-7.99},{"time":0.9667,"x":0,"y":1.45},{"time":1,"x":0,"y":-2.05},{"time":1.0333,"x":0,"y":0,"curve":"stepped"},{"time":1.1667,"x":0,"y":0,"curve":[0.003,0.39,0.75,1]},{"time":1.4333,"x":0,"y":71.8,"curve":"stepped"},{"time":1.5,"x":0,"y":71.8},{"time":1.5333,"x":0,"y":-2.94},{"time":1.5667,"x":0,"y":-7.99},{"time":1.6,"x":0,"y":1.45},{"time":1.6333,"x":0,"y":-2.05},{"time":1.6667,"x":0,"y":0,"curve":"stepped"},{"time":1.8333,"x":0,"y":0,"curve":[0,0.79,0.75,1]},{"time":2.0333,"x":0,"y":93.43},{"time":2.0667,"x":3.68,"y":93.43},{"time":2.1,"x":0,"y":93.43},{"time":2.1333,"x":3.68,"y":93.43},{"time":2.1667,"x":0,"y":93.43},{"time":2.2,"x":0,"y":114.63},{"time":2.2333,"x":0,"y":-11.95,"curve":[0,1,0.75,1]},{"time":2.3333,"x":0,"y":-23.11,"curve":[0.25,0,0.75,1]},{"time":2.5,"x":0,"y":-12.21}],"scale":[{"time":2.0333,"x":1,"y":1},{"time":2.0667,"x":1.05,"y":1.05},{"time":2.1,"x":0.95,"y":0.95},{"time":2.1333,"x":1.05,"y":1.05},{"time":2.1667,"x":0.95,"y":0.95},{"time":2.2,"x":1,"y":1}]},"bone":{"translate":[{"time":0,"x":0,"y":0,"curve":"stepped"},{"time":0.2,"x":0,"y":0,"curve":"stepped"},{"time":0.2667,"x":0,"y":0,"curve":"stepped"},{"time":0.3,"x":0,"y":0},{"time":0.3333,"x":0,"y":-2.52},{"time":0.3667,"x":0,"y":0.67},{"time":0.4,"x":0,"y":-1.22},{"time":0.4333,"x":0,"y":0,"curve":"stepped"},{"time":0.5667,"x":0,"y":0,"curve":"stepped"},{"time":0.8,"x":0,"y":0,"curve":"stepped"},{"time":0.8667,"x":0,"y":0,"curve":"stepped"},{"time":0.9,"x":0,"y":0},{"time":0.9333,"x":0,"y":-2.52},{"time":0.9667,"x":0,"y":0.67},{"time":1,"x":0,"y":-1.22},{"time":1.0333,"x":0,"y":0,"curve":"stepped"},{"time":1.1667,"x":0,"y":0,"curve":"stepped"},{"time":1.4333,"x":0,"y":0,"curve":"stepped"},{"time":1.5,"x":0,"y":0,"curve":"stepped"},{"time":1.5333,"x":0,"y":0},{"time":1.5667,"x":0,"y":-2.52},{"time":1.6,"x":0,"y":0.67},{"time":1.6333,"x":0,"y":-1.22},{"time":1.6667,"x":0,"y":0,"curve":"stepped"},{"time":1.8333,"x":0,"y":0,"curve":"stepped"},{"time":2.2,"x":0,"y":0},{"time":2.2333,"x":0,"y":-2.52},{"time":2.2667,"x":0,"y":-4.03},{"time":2.3333,"x":0,"y":-2.52}],"scale":[{"time":0.3,"x":1,"y":1},{"time":0.3333,"x":1,"y":0.924},{"time":0.3667,"x":1,"y":1},{"time":0.4,"x":1,"y":0.97},{"time":0.4333,"x":1,"y":1,"curve":"stepped"},{"time":0.9,"x":1,"y":1},{"time":0.9333,"x":1,"y":0.924},{"time":0.9667,"x":1,"y":1},{"time":1,"x":1,"y":0.97},{"time":1.0333,"x":1,"y":1,"curve":"stepped"},{"time":1.5333,"x":1,"y":1},{"time":1.5667,"x":1,"y":0.924},{"time":1.6,"x":1,"y":1},{"time":1.6333,"x":1,"y":0.97},{"time":1.6667,"x":1,"y":1,"curve":"stepped"},{"time":2.2,"x":1,"y":1},{"time":2.2333,"x":1,"y":0.924}]},"zhuo_you":{"rotate":[{"time":2.2333,"angle":4.49,"curve":[0,0.47,0.409,0.79]},{"time":2.2667,"angle":22.12,"curve":[0.302,1,0.791,1]},{"time":2.3333,"angle":3.14,"curve":[0.25,0,0.75,1]},{"time":2.4333,"angle":18.13,"curve":[0.25,0,0.75,1]},{"time":2.5333,"angle":14.16}],"translate":[{"time":2.2333,"x":0,"y":0,"curve":[0,0.7,0.75,1]},{"time":2.3333,"x":48.27,"y":0}]},"zhuo_zuo":{"rotate":[{"time":2.2333,"angle":-4,"curve":[0,0.47,0.409,0.79]},{"time":2.2667,"angle":-20.57,"curve":[0.302,1,0.791,1]},{"time":2.3333,"angle":3.1,"curve":[0.25,0,0.75,1]},{"time":2.4333,"angle":-15.76,"curve":[0.25,0,0.75,1]},{"time":2.5333,"angle":-10.86,"curve":"stepped"},{"time":3,"angle":-10.86}],"translate":[{"time":2.2333,"x":0,"y":0,"curve":[0,0.7,0.75,1]},{"time":2.3333,"x":-31.59,"y":0}]},"beizi":{"rotate":[{"time":2.2,"angle":0},{"time":2.2333,"angle":22.44},{"time":2.4333,"angle":119.47},{"time":2.5333,"angle":172.07},{"time":2.6333,"angle":-156.61},{"time":2.7333,"angle":-125.4},{"time":2.8667,"angle":-59.77}],"translate":[{"time":0.3,"x":0,"y":0},{"time":0.3333,"x":0,"y":-3.2},{"time":0.4,"x":0,"y":9.46},{"time":0.4333,"x":0,"y":0,"curve":"stepped"},{"time":0.9,"x":0,"y":0},{"time":0.9333,"x":0,"y":-3.2},{"time":1,"x":0,"y":9.46},{"time":1.0333,"x":0,"y":0,"curve":"stepped"},{"time":1.5333,"x":0,"y":0},{"time":1.5667,"x":0,"y":-3.2},{"time":1.6333,"x":0,"y":9.46},{"time":1.6667,"x":0,"y":0,"curve":"stepped"},{"time":2.2,"x":0,"y":0},{"time":2.2333,"x":-6.03,"y":5.25},{"time":2.2667,"x":-11.14,"y":5.64,"curve":[0.25,0,1,0.73]},{"time":2.4333,"x":-17.33,"y":-57.14},{"time":2.5333,"x":-17.33,"y":-66.77},{"time":2.6333,"x":-27.61,"y":-56.5},{"time":2.7333,"x":-37.24,"y":-65.48},{"time":2.8667,"x":-51.36,"y":-73.83}]},"bone2":{"rotate":[{"time":2.2333,"angle":0},{"time":2.2667,"angle":-7.91},{"time":2.3,"angle":0}],"translate":[{"time":2.2333,"x":0,"y":-2.58},{"time":2.2667,"x":-76.84,"y":-5.17},{"time":2.3,"x":-86.42,"y":-3.14},{"time":2.4333,"x":-82.85,"y":-5.52},{"time":2.5333,"x":-82.85,"y":-3.09}],"scale":[{"time":2.2,"x":1,"y":1},{"time":2.2333,"x":1,"y":0.787},{"time":2.2667,"x":0.517,"y":0.787},{"time":2.3,"x":0.558,"y":0.787},{"time":2.3333,"x":0.545,"y":0.787},{"time":2.4333,"x":0.558,"y":0.787},{"time":2.5333,"x":0.539,"y":0.761}]},"bone3":{"rotate":[{"time":2.2333,"angle":0},{"time":2.2667,"angle":3.8},{"time":2.3,"angle":0}],"translate":[{"time":2.2333,"x":0,"y":-2.58},{"time":2.2667,"x":87.78,"y":-6.24},{"time":2.3,"x":104.33,"y":-3.5},{"time":2.3333,"x":106.56,"y":-3.9},{"time":2.4333,"x":103.52,"y":-5.12},{"time":2.5333,"x":103.52,"y":-3.5}],"scale":[{"time":2.2,"x":1,"y":1},{"time":2.2333,"x":1,"y":0.787},{"time":2.2667,"x":0.517,"y":0.787},{"time":2.3,"x":0.565,"y":0.858},{"time":2.3333,"x":0.545,"y":0.858},{"time":2.4333,"x":0.578,"y":0.858},{"time":2.5333,"x":0.574,"y":0.852}]}}}}}