{
  "ID": "52eca2e9-5e39-45b2-ba09-22d2aec2e2c9",
  "Version": "3.10.0.0",
  "Name": "PlayBackWindow",
  "Content": {
    "Content": {
      "Animation": {
        "Duration": 0,
        "Speed": 1.0,
        "Timelines": [],
        "ctype": "TimelineActionData"
      },
      "AnimationList": [],
      "ObjectData": {
        "Tag": 47,
        "Children": [
          {
            "FileData": {
              "Type": "Normal",
              "Path": "appCommon/fydp/common/transparent/transparent_1280x720.png",
              "Plist": ""
            },
            "BlendFunc": {
              "Src": 770,
              "Dst": 771
            },
            "AnchorPoint": {
              "ScaleX": 0.5,
              "ScaleY": 0.5
            },
            "Position": {
              "X": 638.72,
              "Y": 360.0
            },
            "Scale": {
              "ScaleX": 1.0,
              "ScaleY": 1.0
            },
            "CColor": {},
            "IconVisible": false,
            "PositionPercentXEnabled": true,
            "PositionPercentYEnabled": true,
            "PrePosition": {
              "X": 0.499,
              "Y": 0.5
            },
            "PreSize": {
              "X": 1.0,
              "Y": 1.0
            },
            "LeftMargin": -1.28,
            "RightMargin": 1.28,
            "Tag": 48,
            "Children": [
              {
                "FileData": {
                  "Type": "Normal",
                  "Path": "submodules/epz/image/base/PlayBackWindow/bg_sea.png",
                  "Plist": ""
                },
                "BlendFunc": {
                  "Src": 1,
                  "Dst": 771
                },
                "AnchorPoint": {
                  "ScaleX": 0.5,
                  "ScaleY": 0.5
                },
                "Position": {
                  "X": 640.0,
                  "Y": 252.0
                },
                "Scale": {
                  "ScaleX": 1.0,
                  "ScaleY": 1.0
                },
                "CColor": {},
                "IconVisible": false,
                "PositionPercentXEnabled": true,
                "PositionPercentYEnabled": true,
                "PrePosition": {
                  "X": 0.5,
                  "Y": 0.35
                },
                "PreSize": {
                  "X": 0.3672,
                  "Y": 0.1472
                },
                "LeftMargin": 405.0,
                "RightMargin": 405.0,
                "TopMargin": 415.0,
                "BottomMargin": 199.0,
                "Tag": 49,
                "ActionTag": 893031350,
                "Size": {
                  "X": 470.0,
                  "Y": 106.0
                },
                "Name": "bg_searchpai",
                "ctype": "SpriteObjectData"
              },
              {
                "FileData": {
                  "Type": "Normal",
                  "Path": "submodules/epz/image/base/PlayBackWindow/back_searchpai.png",
                  "Plist": ""
                },
                "BlendFunc": {
                  "Src": 1,
                  "Dst": 771
                },
                "AnchorPoint": {
                  "ScaleX": 0.5,
                  "ScaleY": 0.5
                },
                "Position": {
                  "X": 471.04,
                  "Y": 252.0
                },
                "Scale": {
                  "ScaleX": 1.0,
                  "ScaleY": 1.0
                },
                "CColor": {},
                "IconVisible": false,
                "PositionPercentXEnabled": true,
                "PositionPercentYEnabled": true,
                "PrePosition": {
                  "X": 0.368,
                  "Y": 0.35
                },
                "PreSize": {
                  "X": 0.0391,
                  "Y": 0.0569
                },
                "LeftMargin": 446.04,
                "RightMargin": 783.96,
                "TopMargin": 447.5,
                "BottomMargin": 231.5,
                "Tag": 50,
                "ActionTag": 786597102,
                "Size": {
                  "X": 50.0,
                  "Y": 41.0
                },
                "Name": "back_searchpai",
                "ctype": "SpriteObjectData"
              },
              {
                "FileData": {
                  "Type": "Normal",
                  "Path": "submodules/epz/image/base/PlayBackWindow/next_searchpai.png",
                  "Plist": ""
                },
                "BlendFunc": {
                  "Src": 1,
                  "Dst": 771
                },
                "AnchorPoint": {
                  "ScaleX": 0.5,
                  "ScaleY": 0.5
                },
                "Position": {
                  "X": 697.984,
                  "Y": 252.0
                },
                "Scale": {
                  "ScaleX": 1.0,
                  "ScaleY": 1.0
                },
                "CColor": {},
                "IconVisible": false,
                "PositionPercentXEnabled": true,
                "PositionPercentYEnabled": true,
                "PrePosition": {
                  "X": 0.5453,
                  "Y": 0.35
                },
                "PreSize": {
                  "X": 0.0391,
                  "Y": 0.0569
                },
                "LeftMargin": 672.984,
                "RightMargin": 557.016,
                "TopMargin": 447.5,
                "BottomMargin": 231.5,
                "Tag": 51,
                "ActionTag": -973632453,
                "Size": {
                  "X": 50.0,
                  "Y": 41.0
                },
                "Name": "next_searchpai",
                "ctype": "SpriteObjectData"
              },
              {
                "FileData": {
                  "Type": "Normal",
                  "Path": "submodules/epz/image/base/PlayBackWindow/pause_searchpai.png",
                  "Plist": ""
                },
                "BlendFunc": {
                  "Src": 1,
                  "Dst": 771
                },
                "AnchorPoint": {
                  "ScaleX": 0.5,
                  "ScaleY": 0.5
                },
                "Position": {
                  "X": 584.064,
                  "Y": 252.0
                },
                "Scale": {
                  "ScaleX": 1.0,
                  "ScaleY": 1.0
                },
                "CColor": {},
                "IconVisible": false,
                "PositionPercentXEnabled": true,
                "PositionPercentYEnabled": true,
                "PrePosition": {
                  "X": 0.4563,
                  "Y": 0.35
                },
                "PreSize": {
                  "X": 0.0375,
                  "Y": 0.0778
                },
                "LeftMargin": 560.064,
                "RightMargin": 671.936,
                "TopMargin": 440.0,
                "BottomMargin": 224.0,
                "Tag": 52,
                "ActionTag": -1008983562,
                "Size": {
                  "X": 48.0,
                  "Y": 56.0
                },
                "Name": "pause_searchpai",
                "ctype": "SpriteObjectData"
              },
              {
                "FileData": {
                  "Type": "Normal",
                  "Path": "submodules/epz/image/base/PlayBackWindow/play_searchpai.png",
                  "Plist": ""
                },
                "BlendFunc": {
                  "Src": 1,
                  "Dst": 771
                },
                "AnchorPoint": {
                  "ScaleX": 0.5263,
                  "ScaleY": 0.4842
                },
                "Position": {
                  "X": 584.064,
                  "Y": 252.0
                },
                "Scale": {
                  "ScaleX": 1.0,
                  "ScaleY": 1.0
                },
                "CColor": {},
                "IconVisible": false,
                "PositionPercentXEnabled": true,
                "PositionPercentYEnabled": true,
                "PrePosition": {
                  "X": 0.4563,
                  "Y": 0.35
                },
                "PreSize": {
                  "X": 0.0375,
                  "Y": 0.075
                },
                "LeftMargin": 558.8016,
                "RightMargin": 673.1984,
                "TopMargin": 440.1468,
                "BottomMargin": 225.8532,
                "Tag": 53,
                "ActionTag": -1606444951,
                "Size": {
                  "X": 48.0,
                  "Y": 54.0
                },
                "Name": "play_searchpai",
                "ctype": "SpriteObjectData"
              },
              {
                "FileData": {
                  "Type": "Normal",
                  "Path": "submodules/epz/image/base/PlayBackWindow/btn_playback.png",
                  "Plist": ""
                },
                "BlendFunc": {
                  "Src": 1,
                  "Dst": 771
                },
                "AnchorPoint": {
                  "ScaleX": 0.5,
                  "ScaleY": 0.5
                },
                "Position": {
                  "X": 808.0,
                  "Y": 252.0
                },
                "Scale": {
                  "ScaleX": 1.0,
                  "ScaleY": 1.0
                },
                "CColor": {},
                "IconVisible": false,
                "PositionPercentYEnabled": true,
                "PrePosition": {
                  "X": 0.6313,
                  "Y": 0.35
                },
                "PreSize": {
                  "X": 0.0422,
                  "Y": 0.0694
                },
                "LeftMargin": 781.0,
                "RightMargin": 445.0,
                "TopMargin": 443.0,
                "BottomMargin": 227.0,
                "Tag": 54,
                "ActionTag": -2096592055,
                "Size": {
                  "X": 54.0,
                  "Y": 50.0
                },
                "Name": "btn_close",
                "ctype": "SpriteObjectData"
              }
            ],
            "ActionTag": -367756410,
            "Size": {
              "X": 1280.0,
              "Y": 720.0
            },
            "Name": "root",
            "ctype": "SpriteObjectData"
          }
        ],
        "Size": {
          "X": 1280.0,
          "Y": 720.0
        },
        "Name": "Layer",
        "ctype": "LayerObjectData"
      },
      "UsedResources": [
        "../../../../../appCommon/fydp/common/transparent/transparent_1280x720.png",
        "../../../image/base/PlayBackWindow/back_searchpai.png",
        "../../../image/base/PlayBackWindow/bg_sea.png",
        "../../../image/base/PlayBackWindow/btn_playback.png",
        "../../../image/base/PlayBackWindow/next_searchpai.png",
        "../../../image/base/PlayBackWindow/pause_searchpai.png",
        "../../../image/base/PlayBackWindow/play_searchpai.png"
      ],
      "ctype": "GameFileData"
    }
  },
  "Type": "Layer"
}