{
  "ID": "27d666c1-3329-4417-982b-aa6223ba6266",
  "Version": "3.10.0.0",
  "Name": "SetBoBoShuWindow",
  "Content": {
    "Content": {
      "Animation": {
        "Duration": 0,
        "Speed": 1.0,
        "Timelines": [],
        "ctype": "TimelineActionData"
      },
      "AnimationList": [],
      "ObjectData": {
        "Tag": 90,
        "Children": [
          {
            "ClipAble": false,
            "BackColorAlpha": 178,
            "ComboBoxIndex": 1,
            "SingleColor": {
              "R": 0,
              "G": 0,
              "B": 0
            },
            "FirstColor": {
              "R": 150,
              "G": 200
            },
            "EndColor": {},
            "ColorVector": {
              "ScaleY": 1.0
            },
            "Scale9Width": 1,
            "Scale9Height": 1,
            "TouchEnable": true,
            "AnchorPoint": {
              "ScaleX": 0.5,
              "ScaleY": 0.5
            },
            "Position": {
              "X": 640.0,
              "Y": 360.0
            },
            "Scale": {
              "ScaleX": 1.0,
              "ScaleY": 1.0
            },
            "CColor": {},
            "IconVisible": false,
            "PositionPercentXEnabled": true,
            "PositionPercentYEnabled": true,
            "PrePosition": {
              "X": 0.5,
              "Y": 0.5
            },
            "PreSize": {
              "X": 1.0,
              "Y": 1.0
            },
            "Tag": 118,
            "Children": [
              {
                "FileData": {
                  "Type": "Normal",
                  "Path": "submodules/epz/image/base/SetBoBoShuWindow/selectBg.png",
                  "Plist": ""
                },
                "BlendFunc": {
                  "Src": 1,
                  "Dst": 771
                },
                "AnchorPoint": {
                  "ScaleX": 0.5,
                  "ScaleY": 0.5
                },
                "Position": {
                  "X": 640.0,
                  "Y": 360.0
                },
                "Scale": {
                  "ScaleX": 1.0,
                  "ScaleY": 1.0
                },
                "CColor": {},
                "IconVisible": false,
                "PositionPercentXEnabled": true,
                "PositionPercentYEnabled": true,
                "PrePosition": {
                  "X": 0.5,
                  "Y": 0.5
                },
                "PreSize": {
                  "X": 0.8891,
                  "Y": 0.9125
                },
                "LeftMargin": 71.0,
                "RightMargin": 71.0,
                "TopMargin": 31.5,
                "BottomMargin": 31.5,
                "Tag": 119,
                "ActionTag": -292725978,
                "Size": {
                  "X": 1138.0,
                  "Y": 657.0
                },
                "Name": "selectBg_1",
                "ctype": "SpriteObjectData"
              },
              {
                "FileData": {
                  "Type": "Normal",
                  "Path": "submodules/epz/image/base/SetBoBoShuWindow/image_marubg.png",
                  "Plist": ""
                },
                "BlendFunc": {
                  "Src": 1,
                  "Dst": 771
                },
                "AnchorPoint": {
                  "ScaleX": 0.5,
                  "ScaleY": 0.5
                },
                "Position": {
                  "X": 268.8408,
                  "Y": 367.7866
                },
                "Scale": {
                  "ScaleX": 1.0,
                  "ScaleY": 1.0
                },
                "CColor": {},
                "IconVisible": false,
                "PrePosition": {
                  "X": 0.21,
                  "Y": 0.5108
                },
                "PreSize": {
                  "X": 0.2469,
                  "Y": 0.5528
                },
                "LeftMargin": 110.8408,
                "RightMargin": 853.1592,
                "TopMargin": 153.2134,
                "BottomMargin": 168.7866,
                "Tag": 120,
                "ActionTag": -1178539919,
                "Size": {
                  "X": 316.0,
                  "Y": 398.0
                },
                "Name": "image_marubg_2",
                "ctype": "SpriteObjectData"
              },
              {
                "FileData": {
                  "Type": "Normal",
                  "Path": "submodules/epz/image/base/SetBoBoShuWindow/image_zongmairu.png",
                  "Plist": ""
                },
                "BlendFunc": {
                  "Src": 1,
                  "Dst": 771
                },
                "AnchorPoint": {
                  "ScaleX": 0.5,
                  "ScaleY": 0.5
                },
                "Position": {
                  "X": 218.8423,
                  "Y": 137.7874
                },
                "Scale": {
                  "ScaleX": 1.0,
                  "ScaleY": 1.0
                },
                "CColor": {},
                "IconVisible": false,
                "PrePosition": {
                  "X": 0.171,
                  "Y": 0.1914
                },
                "PreSize": {
                  "X": 0.1148,
                  "Y": 0.0417
                },
                "LeftMargin": 145.3423,
                "RightMargin": 987.6577,
                "TopMargin": 567.2126,
                "BottomMargin": 122.7874,
                "Tag": 121,
                "ActionTag": 1572875241,
                "Size": {
                  "X": 147.0,
                  "Y": 30.0
                },
                "VisibleForFrame": false,
                "Name": "image_zongmairu_3",
                "ctype": "SpriteObjectData"
              },
              {
                "FileData": {
                  "Type": "Normal",
                  "Path": "submodules/epz/image/base/SetBoBoShuWindow/image_shengyubg.png",
                  "Plist": ""
                },
                "BlendFunc": {
                  "Src": 1,
                  "Dst": 771
                },
                "AnchorPoint": {
                  "ScaleX": 0.5,
                  "ScaleY": 0.5
                },
                "Position": {
                  "X": 783.8407,
                  "Y": 537.7861
                },
                "Scale": {
                  "ScaleX": 1.0,
                  "ScaleY": 1.0
                },
                "CColor": {},
                "IconVisible": false,
                "PrePosition": {
                  "X": 0.6124,
                  "Y": 0.7469
                },
                "PreSize": {
                  "X": 0.4383,
                  "Y": 0.0722
                },
                "LeftMargin": 503.3407,
                "RightMargin": 215.6593,
                "TopMargin": 156.2139,
                "BottomMargin": 511.7861,
                "Tag": 122,
                "ActionTag": -686229764,
                "Size": {
                  "X": 561.0,
                  "Y": 52.0
                },
                "Name": "image_shengyubg_4",
                "ctype": "SpriteObjectData"
              },
              {
                "FileData": {
                  "Type": "Normal",
                  "Path": "submodules/epz/image/base/SetBoBoShuWindow/image_bar.png",
                  "Plist": ""
                },
                "BlendFunc": {
                  "Src": 1,
                  "Dst": 771
                },
                "AnchorPoint": {
                  "ScaleX": 0.5,
                  "ScaleY": 0.5
                },
                "Position": {
                  "X": 783.8417,
                  "Y": 442.7869
                },
                "Scale": {
                  "ScaleX": 1.0,
                  "ScaleY": 1.0
                },
                "CColor": {},
                "IconVisible": false,
                "PrePosition": {
                  "X": 0.6124,
                  "Y": 0.615
                },
                "PreSize": {
                  "X": 0.4445,
                  "Y": 0.1125
                },
                "LeftMargin": 499.3417,
                "RightMargin": 211.6583,
                "TopMargin": 236.7131,
                "BottomMargin": 402.2869,
                "Tag": 123,
                "ActionTag": 1666389993,
                "Size": {
                  "X": 569.0,
                  "Y": 81.0
                },
                "Name": "image_bar_5",
                "ctype": "SpriteObjectData"
              },
              {
                "FileData": {
                  "Type": "Normal",
                  "Path": "submodules/epz/image/base/SetBoBoShuWindow/btn_jian.png",
                  "Plist": ""
                },
                "BlendFunc": {
                  "Src": 1,
                  "Dst": 771
                },
                "AnchorPoint": {
                  "ScaleX": 0.5,
                  "ScaleY": 0.5
                },
                "Position": {
                  "X": 451.8417,
                  "Y": 302.7869
                },
                "Scale": {
                  "ScaleX": 1.0,
                  "ScaleY": 1.0
                },
                "CColor": {},
                "IconVisible": false,
                "PrePosition": {
                  "X": 0.353,
                  "Y": 0.4205
                },
                "PreSize": {
                  "X": 0.0586,
                  "Y": 0.0958
                },
                "LeftMargin": 414.3417,
                "RightMargin": 790.6583,
                "TopMargin": 382.7131,
                "BottomMargin": 268.2869,
                "Tag": 124,
                "ActionTag": 458876254,
                "Size": {
                  "X": 75.0,
                  "Y": 69.0
                },
                "Name": "_btn_jian",
                "ctype": "SpriteObjectData"
              },
              {
                "FileData": {
                  "Type": "Normal",
                  "Path": "submodules/epz/image/base/SetBoBoShuWindow/btn_jia.png",
                  "Plist": ""
                },
                "BlendFunc": {
                  "Src": 1,
                  "Dst": 771
                },
                "AnchorPoint": {
                  "ScaleX": 0.5,
                  "ScaleY": 0.5
                },
                "Position": {
                  "X": 1113.8394,
                  "Y": 302.7874
                },
                "Scale": {
                  "ScaleX": 1.0,
                  "ScaleY": 1.0
                },
                "CColor": {},
                "IconVisible": false,
                "PrePosition": {
                  "X": 0.8702,
                  "Y": 0.4205
                },
                "PreSize": {
                  "X": 0.0586,
                  "Y": 0.1042
                },
                "LeftMargin": 1076.3394,
                "RightMargin": 128.6606,
                "TopMargin": 379.7126,
                "BottomMargin": 265.2874,
                "Tag": 125,
                "ActionTag": -1233430981,
                "Size": {
                  "X": 75.0,
                  "Y": 75.0
                },
                "Name": "_btn_jia",
                "ctype": "SpriteObjectData"
              },
              {
                "FileData": {
                  "Type": "Normal",
                  "Path": "submodules/epz/image/base/SetBoBoShuWindow/btn_mairu.png",
                  "Plist": ""
                },
                "BlendFunc": {
                  "Src": 1,
                  "Dst": 771
                },
                "AnchorPoint": {
                  "ScaleX": 0.5,
                  "ScaleY": 0.5
                },
                "Position": {
                  "X": 548.8405,
                  "Y": 201.6493
                },
                "Scale": {
                  "ScaleX": 1.0,
                  "ScaleY": 1.0
                },
                "CColor": {},
                "IconVisible": false,
                "PrePosition": {
                  "X": 0.4288,
                  "Y": 0.2801
                },
                "PreSize": {
                  "X": 0.1727,
                  "Y": 0.0861
                },
                "LeftMargin": 438.3405,
                "RightMargin": 620.6595,
                "TopMargin": 487.3507,
                "BottomMargin": 170.6493,
                "Tag": 126,
                "Children": [
                  {
                    "FileData": {
                      "Type": "Normal",
                      "Path": "submodules/epz/image/base/SetBoBoShuWindow/image_text3.png",
                      "Plist": ""
                    },
                    "BlendFunc": {
                      "Src": 1,
                      "Dst": 771
                    },
                    "AnchorPoint": {
                      "ScaleX": 0.5,
                      "ScaleY": 0.5
                    },
                    "Position": {
                      "X": 110.5,
                      "Y": 31.0
                    },
                    "Scale": {
                      "ScaleX": 1.0,
                      "ScaleY": 1.0
                    },
                    "CColor": {},
                    "IconVisible": false,
                    "PositionPercentXEnabled": true,
                    "PositionPercentYEnabled": true,
                    "PrePosition": {
                      "X": 0.5,
                      "Y": 0.5
                    },
                    "PreSize": {
                      "X": 0.8507,
                      "Y": 0.4355
                    },
                    "LeftMargin": 16.5,
                    "RightMargin": 16.5,
                    "TopMargin": 17.5,
                    "BottomMargin": 17.5,
                    "Tag": 127,
                    "ActionTag": -1212337775,
                    "Size": {
                      "X": 188.0,
                      "Y": 27.0
                    },
                    "Name": "image_text3",
                    "ctype": "SpriteObjectData"
                  }
                ],
                "ActionTag": -1618429160,
                "Size": {
                  "X": 221.0,
                  "Y": 62.0
                },
                "Name": "_btn_zuixiao",
                "ctype": "SpriteObjectData"
              },
              {
                "FileData": {
                  "Type": "Normal",
                  "Path": "submodules/epz/image/base/SetBoBoShuWindow/btn_mairu.png",
                  "Plist": ""
                },
                "BlendFunc": {
                  "Src": 1,
                  "Dst": 771
                },
                "AnchorPoint": {
                  "ScaleX": 0.5,
                  "ScaleY": 0.5
                },
                "Position": {
                  "X": 786.3396,
                  "Y": 201.6493
                },
                "Scale": {
                  "ScaleX": 1.0,
                  "ScaleY": 1.0
                },
                "CColor": {},
                "IconVisible": false,
                "PrePosition": {
                  "X": 0.6143,
                  "Y": 0.2801
                },
                "PreSize": {
                  "X": 0.1727,
                  "Y": 0.0861
                },
                "LeftMargin": 675.8396,
                "RightMargin": 383.1604,
                "TopMargin": 487.3507,
                "BottomMargin": 170.6493,
                "Tag": 128,
                "Children": [
                  {
                    "FileData": {
                      "Type": "Normal",
                      "Path": "submodules/epz/image/base/SetBoBoShuWindow/image_text1.png",
                      "Plist": ""
                    },
                    "BlendFunc": {
                      "Src": 1,
                      "Dst": 771
                    },
                    "AnchorPoint": {
                      "ScaleX": 0.5,
                      "ScaleY": 0.5
                    },
                    "Position": {
                      "X": 110.5,
                      "Y": 31.0
                    },
                    "Scale": {
                      "ScaleX": 1.0,
                      "ScaleY": 1.0
                    },
                    "CColor": {},
                    "IconVisible": false,
                    "PositionPercentXEnabled": true,
                    "PositionPercentYEnabled": true,
                    "PrePosition": {
                      "X": 0.5,
                      "Y": 0.5
                    },
                    "PreSize": {
                      "X": 0.8824,
                      "Y": 0.4516
                    },
                    "LeftMargin": 13.0,
                    "RightMargin": 13.0,
                    "TopMargin": 17.0,
                    "BottomMargin": 17.0,
                    "Tag": 129,
                    "ActionTag": 1880356026,
                    "Size": {
                      "X": 195.0,
                      "Y": 28.0
                    },
                    "Name": "image_text1",
                    "ctype": "SpriteObjectData"
                  }
                ],
                "ActionTag": -190262010,
                "Size": {
                  "X": 221.0,
                  "Y": 62.0
                },
                "Name": "_btn_yiban",
                "ctype": "SpriteObjectData"
              },
              {
                "FileData": {
                  "Type": "Normal",
                  "Path": "submodules/epz/image/base/SetBoBoShuWindow/btn_mairu.png",
                  "Plist": ""
                },
                "BlendFunc": {
                  "Src": 1,
                  "Dst": 771
                },
                "AnchorPoint": {
                  "ScaleX": 0.5,
                  "ScaleY": 0.5
                },
                "Position": {
                  "X": 1023.8399,
                  "Y": 201.6493
                },
                "Scale": {
                  "ScaleX": 1.0,
                  "ScaleY": 1.0
                },
                "CColor": {},
                "IconVisible": false,
                "PrePosition": {
                  "X": 0.7999,
                  "Y": 0.2801
                },
                "PreSize": {
                  "X": 0.1727,
                  "Y": 0.0861
                },
                "LeftMargin": 913.3399,
                "RightMargin": 145.6602,
                "TopMargin": 487.3507,
                "BottomMargin": 170.6493,
                "Tag": 130,
                "Children": [
                  {
                    "FileData": {
                      "Type": "Normal",
                      "Path": "submodules/epz/image/base/SetBoBoShuWindow/image_text2.png",
                      "Plist": ""
                    },
                    "BlendFunc": {
                      "Src": 1,
                      "Dst": 771
                    },
                    "AnchorPoint": {
                      "ScaleX": 0.5,
                      "ScaleY": 0.5
                    },
                    "Position": {
                      "X": 110.5,
                      "Y": 31.0
                    },
                    "Scale": {
                      "ScaleX": 1.0,
                      "ScaleY": 1.0
                    },
                    "CColor": {},
                    "IconVisible": false,
                    "PositionPercentXEnabled": true,
                    "PositionPercentYEnabled": true,
                    "PrePosition": {
                      "X": 0.5,
                      "Y": 0.5
                    },
                    "PreSize": {
                      "X": 0.8507,
                      "Y": 0.4516
                    },
                    "LeftMargin": 16.5,
                    "RightMargin": 16.5,
                    "TopMargin": 17.0,
                    "BottomMargin": 17.0,
                    "Tag": 131,
                    "ActionTag": -140584477,
                    "Size": {
                      "X": 188.0,
                      "Y": 28.0
                    },
                    "Name": "image_text2",
                    "ctype": "SpriteObjectData"
                  }
                ],
                "ActionTag": -1945577924,
                "Size": {
                  "X": 221.0,
                  "Y": 62.0
                },
                "Name": "_btn_zuida",
                "ctype": "SpriteObjectData"
              },
              {
                "CharWidth": 30,
                "CharHeight": 67,
                "LabelText": "9999999",
                "StartChar": "0",
                "LabelAtlasFileImage_CNB": {
                  "Type": "Normal",
                  "Path": "submodules/epz/image/base/SetBoBoShuWindow/num_mairu.png",
                  "Plist": ""
                },
                "AnchorPoint": {
                  "ScaleY": 0.5
                },
                "Position": {
                  "X": 288.8408,
                  "Y": 137.7872
                },
                "Scale": {
                  "ScaleX": 1.0,
                  "ScaleY": 1.0
                },
                "CColor": {},
                "IconVisible": false,
                "PrePosition": {
                  "X": 0.2257,
                  "Y": 0.1914
                },
                "PreSize": {
                  "X": 0.1641,
                  "Y": 0.0931
                },
                "LeftMargin": 288.8408,
                "RightMargin": 781.1592,
                "TopMargin": 548.7128,
                "BottomMargin": 104.2872,
                "Tag": 132,
                "ActionTag": 1951236419,
                "Size": {
                  "X": 210.0,
                  "Y": 67.0
                },
                "VisibleForFrame": false,
                "Name": "_mairuNum",
                "ctype": "TextAtlasObjectData"
              },
              {
                "FileData": {
                  "Type": "Normal",
                  "Path": "submodules/epz/image/base/SetBoBoShuWindow/btn_queren.png",
                  "Plist": ""
                },
                "BlendFunc": {
                  "Src": 1,
                  "Dst": 771
                },
                "AnchorPoint": {
                  "ScaleX": 0.5,
                  "ScaleY": 0.5
                },
                "Position": {
                  "X": 643.84,
                  "Y": 97.7871
                },
                "Scale": {
                  "ScaleX": 1.0,
                  "ScaleY": 1.0
                },
                "CColor": {},
                "IconVisible": false,
                "PositionPercentXEnabled": true,
                "PrePosition": {
                  "X": 0.503,
                  "Y": 0.1358
                },
                "PreSize": {
                  "X": 0.2109,
                  "Y": 0.1139
                },
                "LeftMargin": 508.84,
                "RightMargin": 501.16,
                "TopMargin": 581.2129,
                "BottomMargin": 56.7871,
                "Tag": 133,
                "ActionTag": 1086167206,
                "Size": {
                  "X": 270.0,
                  "Y": 82.0
                },
                "Name": "_btn_queren",
                "ctype": "SpriteObjectData"
              },
              {
                "FontSize": 28,
                "LabelText": "剩余资产400000",
                "FontResource": {
                  "Type": "Normal",
                  "Path": "image/fonts/FZZY.TTF",
                  "Plist": ""
                },
                "HorizontalAlignmentType": "HT_Center",
                "VerticalAlignmentType": "VT_Center",
                "OutlineColor": {
                  "G": 0,
                  "B": 0
                },
                "ShadowColor": {
                  "R": 110,
                  "G": 110,
                  "B": 110
                },
                "ShadowOffsetX": 2.0,
                "ShadowOffsetY": -2.0,
                "AnchorPoint": {
                  "ScaleX": 0.5,
                  "ScaleY": 0.5
                },
                "Position": {
                  "X": 783.8407,
                  "Y": 537.7861
                },
                "Scale": {
                  "ScaleX": 1.0,
                  "ScaleY": 1.0
                },
                "CColor": {
                  "R": 225,
                  "G": 201,
                  "B": 64
                },
                "IconVisible": false,
                "PrePosition": {
                  "X": 0.6124,
                  "Y": 0.7469
                },
                "PreSize": {
                  "X": 0.1602,
                  "Y": 0.0444
                },
                "LeftMargin": 681.3407,
                "RightMargin": 393.6593,
                "TopMargin": 166.2139,
                "BottomMargin": 521.7861,
                "Tag": 134,
                "ActionTag": 1797997929,
                "Size": {
                  "X": 205.0,
                  "Y": 32.0
                },
                "Name": "_shenyuNum",
                "ctype": "TextObjectData"
              },
              {
                "LabelText": "010",
                "LabelBMFontFile_CNB": {
                  "Type": "Normal",
                  "Path": "submodules/epz/image/base/SetBoBoShuWindow/num.fnt",
                  "Plist": ""
                },
                "AnchorPoint": {
                  "ScaleX": 0.5,
                  "ScaleY": 0.5
                },
                "Position": {
                  "X": 783.0,
                  "Y": 443.0
                },
                "Scale": {
                  "ScaleX": 1.0,
                  "ScaleY": 1.0
                },
                "CColor": {},
                "IconVisible": false,
                "PrePosition": {
                  "X": 0.6117,
                  "Y": 0.6153
                },
                "PreSize": {
                  "X": 0.0891,
                  "Y": 0.075
                },
                "LeftMargin": 726.0,
                "RightMargin": 440.0,
                "TopMargin": 250.0,
                "BottomMargin": 416.0,
                "Tag": 752,
                "ActionTag": -821244382,
                "Size": {
                  "X": 114.0,
                  "Y": 54.0
                },
                "Name": "_shuruNum",
                "ctype": "TextBMFontObjectData"
              },
              {
                "BackGroundData": {
                  "Type": "Normal",
                  "Path": "submodules/epz/image/base/SetBoBoShuWindow/image_bar.png",
                  "Plist": ""
                },
                "ProgressBarData": {
                  "Type": "Normal",
                  "Path": "submodules/epz/image/base/SetBoBoShuWindow/image_chouma_bar.png",
                  "Plist": ""
                },
                "BallNormalData": {
                  "Type": "Normal",
                  "Path": "submodules/epz/image/base/SetBoBoShuWindow/image_zhizhen.png",
                  "Plist": ""
                },
                "BallPressedData": {
                  "Type": "Normal",
                  "Path": "submodules/epz/image/base/SetBoBoShuWindow/image_zhizhen.png",
                  "Plist": ""
                },
                "BallDisabledData": {
                  "Type": "Normal",
                  "Path": "submodules/epz/image/base/SetBoBoShuWindow/image_zhizhen.png",
                  "Plist": ""
                },
                "PercentInfo": 100,
                "TouchEnable": true,
                "AnchorPoint": {
                  "ScaleX": 0.5,
                  "ScaleY": 0.5
                },
                "Position": {
                  "X": 783.8417,
                  "Y": 302.7871
                },
                "Scale": {
                  "ScaleX": 1.0,
                  "ScaleY": 1.0
                },
                "CColor": {},
                "IconVisible": false,
                "PrePosition": {
                  "X": 0.6124,
                  "Y": 0.4205
                },
                "PreSize": {
                  "X": 0.4445,
                  "Y": 0.1125
                },
                "LeftMargin": 499.3417,
                "RightMargin": 211.6583,
                "TopMargin": 376.7129,
                "BottomMargin": 262.2871,
                "Tag": 136,
                "ActionTag": 664203752,
                "Size": {
                  "X": 569.0,
                  "Y": 81.0
                },
                "Name": "_setSlider",
                "ctype": "SliderObjectData"
              },
              {
                "FontSize": 20,
                "LabelText": "最小买入：1111111",
                "FontResource": {
                  "Type": "Normal",
                  "Path": "image/fonts/FZZY.TTF",
                  "Plist": ""
                },
                "OutlineColor": {
                  "G": 0,
                  "B": 0
                },
                "ShadowColor": {
                  "R": 110,
                  "G": 110,
                  "B": 110
                },
                "ShadowOffsetX": 2.0,
                "ShadowOffsetY": -2.0,
                "AnchorPoint": {
                  "ScaleY": 0.5
                },
                "Position": {
                  "X": 498.3413,
                  "Y": 372.7869
                },
                "Scale": {
                  "ScaleX": 1.0,
                  "ScaleY": 1.0
                },
                "CColor": {},
                "IconVisible": false,
                "PrePosition": {
                  "X": 0.3893,
                  "Y": 0.5178
                },
                "PreSize": {
                  "X": 0.118,
                  "Y": 0.0319
                },
                "LeftMargin": 498.3413,
                "RightMargin": 630.6587,
                "TopMargin": 335.7131,
                "BottomMargin": 361.2869,
                "Tag": 137,
                "ActionTag": -923419838,
                "Size": {
                  "X": 151.0,
                  "Y": 23.0
                },
                "Name": "_text_zuixiao",
                "ctype": "TextObjectData"
              },
              {
                "FontSize": 20,
                "LabelText": "最大买入：1111111444",
                "FontResource": {
                  "Type": "Normal",
                  "Path": "image/fonts/FZZY.TTF",
                  "Plist": ""
                },
                "HorizontalAlignmentType": "HT_Right",
                "OutlineColor": {
                  "G": 0,
                  "B": 0
                },
                "ShadowColor": {
                  "R": 110,
                  "G": 110,
                  "B": 110
                },
                "ShadowOffsetX": 2.0,
                "ShadowOffsetY": -2.0,
                "AnchorPoint": {
                  "ScaleX": 1.0,
                  "ScaleY": 0.5
                },
                "Position": {
                  "X": 1063.8405,
                  "Y": 372.7869
                },
                "Scale": {
                  "ScaleX": 1.0,
                  "ScaleY": 1.0
                },
                "CColor": {},
                "IconVisible": false,
                "PrePosition": {
                  "X": 0.8311,
                  "Y": 0.5178
                },
                "PreSize": {
                  "X": 0.1445,
                  "Y": 0.0319
                },
                "LeftMargin": 878.8405,
                "RightMargin": 216.1595,
                "TopMargin": 335.7131,
                "BottomMargin": 361.2869,
                "Tag": 138,
                "ActionTag": 668790512,
                "Size": {
                  "X": 185.0,
                  "Y": 23.0
                },
                "Name": "_text_zuida",
                "ctype": "TextObjectData"
              },
              {
                "ItemMargin": 5,
                "DirectionType": "Vertical",
                "HorizontalType": "Align_HorizontalCenter",
                "IsBounceEnabled": true,
                "ScrollDirectionType": 0,
                "ClipAble": true,
                "BackColorAlpha": 102,
                "SingleColor": {
                  "R": 150,
                  "G": 150
                },
                "FirstColor": {
                  "R": 150,
                  "G": 150
                },
                "EndColor": {},
                "ColorVector": {
                  "ScaleY": 1.0
                },
                "Scale9Width": 1,
                "Scale9Height": 1,
                "TouchEnable": true,
                "AnchorPoint": {
                  "ScaleX": 0.5
                },
                "Position": {
                  "X": 272.8408,
                  "Y": 172.787
                },
                "Scale": {
                  "ScaleX": 1.0,
                  "ScaleY": 1.0
                },
                "CColor": {},
                "IconVisible": false,
                "PrePosition": {
                  "X": 0.2132,
                  "Y": 0.24
                },
                "PreSize": {
                  "X": 0.207,
                  "Y": 0.4722
                },
                "LeftMargin": 140.3408,
                "RightMargin": 874.6592,
                "TopMargin": 207.213,
                "BottomMargin": 172.787,
                "Tag": 139,
                "ActionTag": 2047582369,
                "Size": {
                  "X": 265.0,
                  "Y": 340.0
                },
                "Name": "_ListView",
                "ctype": "ListViewObjectData"
              },
              {
                "ClipAble": false,
                "BackColorAlpha": 102,
                "SingleColor": {
                  "R": 150,
                  "G": 200
                },
                "FirstColor": {
                  "R": 150,
                  "G": 200
                },
                "EndColor": {},
                "ColorVector": {
                  "ScaleY": 1.0
                },
                "Scale9Width": 1,
                "Scale9Height": 1,
                "AnchorPoint": {},
                "Position": {
                  "X": -313.4657,
                  "Y": 68.77
                },
                "Scale": {
                  "ScaleX": 1.0,
                  "ScaleY": 1.0
                },
                "CColor": {},
                "IconVisible": false,
                "PrePosition": {
                  "X": -0.2449,
                  "Y": 0.0955
                },
                "PreSize": {
                  "X": 0.207,
                  "Y": 0.0889
                },
                "LeftMargin": -313.4657,
                "RightMargin": 1328.4657,
                "TopMargin": 587.23,
                "BottomMargin": 68.77,
                "Tag": 140,
                "Children": [
                  {
                    "FileData": {
                      "Type": "Normal",
                      "Path": "submodules/epz/image/base/SetBoBoShuWindow/image_playerbg.png",
                      "Plist": ""
                    },
                    "BlendFunc": {
                      "Src": 1,
                      "Dst": 771
                    },
                    "AnchorPoint": {
                      "ScaleX": 0.5,
                      "ScaleY": 0.5
                    },
                    "Position": {
                      "X": 132.5,
                      "Y": 32.0
                    },
                    "Scale": {
                      "ScaleX": 1.0,
                      "ScaleY": 1.0
                    },
                    "CColor": {},
                    "IconVisible": false,
                    "PositionPercentXEnabled": true,
                    "PositionPercentYEnabled": true,
                    "PrePosition": {
                      "X": 0.5,
                      "Y": 0.5
                    },
                    "PreSize": {
                      "X": 0.9887,
                      "Y": 1.0
                    },
                    "LeftMargin": 1.5,
                    "RightMargin": 1.5,
                    "Tag": 141,
                    "ActionTag": -1749513716,
                    "Size": {
                      "X": 262.0,
                      "Y": 64.0
                    },
                    "Name": "playerbg",
                    "ctype": "SpriteObjectData"
                  },
                  {
                    "FontSize": 18,
                    "LabelText": "事实上是事实上",
                    "FontResource": {
                      "Type": "Normal",
                      "Path": "image/fonts/FZZY.TTF",
                      "Plist": ""
                    },
                    "OutlineColor": {
                      "G": 0,
                      "B": 0
                    },
                    "ShadowColor": {
                      "R": 110,
                      "G": 110,
                      "B": 110
                    },
                    "ShadowOffsetX": 2.0,
                    "ShadowOffsetY": -2.0,
                    "AnchorPoint": {
                      "ScaleX": 0.5,
                      "ScaleY": 0.5
                    },
                    "Position": {
                      "X": 172.25,
                      "Y": 48.0
                    },
                    "Scale": {
                      "ScaleX": 1.0,
                      "ScaleY": 1.0
                    },
                    "CColor": {
                      "R": 215,
                      "G": 222,
                      "B": 226
                    },
                    "IconVisible": false,
                    "PositionPercentXEnabled": true,
                    "PositionPercentYEnabled": true,
                    "PrePosition": {
                      "X": 0.65,
                      "Y": 0.75
                    },
                    "PreSize": {
                      "X": 0.4868,
                      "Y": 0.3125
                    },
                    "LeftMargin": 107.75,
                    "RightMargin": 28.25,
                    "TopMargin": 6.0,
                    "BottomMargin": 38.0,
                    "Tag": 142,
                    "ActionTag": 1364985463,
                    "Size": {
                      "X": 129.0,
                      "Y": 20.0
                    },
                    "Name": "lb_name",
                    "ctype": "TextObjectData"
                  },
                  {
                    "FontSize": 20,
                    "LabelText": "事实上是事实上",
                    "FontResource": {
                      "Type": "Normal",
                      "Path": "image/fonts/FZZY.TTF",
                      "Plist": ""
                    },
                    "OutlineColor": {
                      "G": 0,
                      "B": 0
                    },
                    "ShadowColor": {
                      "R": 110,
                      "G": 110,
                      "B": 110
                    },
                    "ShadowOffsetX": 2.0,
                    "ShadowOffsetY": -2.0,
                    "AnchorPoint": {
                      "ScaleX": 0.5,
                      "ScaleY": 0.5
                    },
                    "Position": {
                      "X": 172.25,
                      "Y": 19.2
                    },
                    "Scale": {
                      "ScaleX": 1.0,
                      "ScaleY": 1.0
                    },
                    "CColor": {},
                    "IconVisible": false,
                    "PositionPercentXEnabled": true,
                    "PositionPercentYEnabled": true,
                    "PrePosition": {
                      "X": 0.65,
                      "Y": 0.3
                    },
                    "PreSize": {
                      "X": 0.5396,
                      "Y": 0.3594
                    },
                    "LeftMargin": 100.75,
                    "RightMargin": 21.25,
                    "TopMargin": 33.3,
                    "BottomMargin": 7.7,
                    "Tag": 143,
                    "ActionTag": 2267619,
                    "Size": {
                      "X": 143.0,
                      "Y": 23.0
                    },
                    "Name": "lb_maru",
                    "ctype": "TextObjectData"
                  },
                  {
                    "FileData": {
                      "Type": "Normal",
                      "Path": "submodules/epz/image/base/PlayerInfoUnit/template_ellipse.png",
                      "Plist": ""
                    },
                    "BlendFunc": {
                      "Src": 1,
                      "Dst": 771
                    },
                    "AnchorPoint": {
                      "ScaleX": 0.5,
                      "ScaleY": 0.5
                    },
                    "Position": {
                      "X": 68.9,
                      "Y": 32.0
                    },
                    "Scale": {
                      "ScaleX": 0.4,
                      "ScaleY": 0.4
                    },
                    "CColor": {},
                    "IconVisible": false,
                    "PositionPercentXEnabled": true,
                    "PositionPercentYEnabled": true,
                    "PrePosition": {
                      "X": 0.26,
                      "Y": 0.5
                    },
                    "PreSize": {
                      "X": 0.4981,
                      "Y": 2.0625
                    },
                    "LeftMargin": 2.9,
                    "RightMargin": 130.1,
                    "TopMargin": -34.0,
                    "BottomMargin": -34.0,
                    "Tag": 144,
                    "ActionTag": -1828565649,
                    "Size": {
                      "X": 132.0,
                      "Y": 132.0
                    },
                    "Name": "head",
                    "ctype": "SpriteObjectData"
                  }
                ],
                "ActionTag": 2063870628,
                "Size": {
                  "X": 265.0,
                  "Y": 64.0
                },
                "Name": "_item",
                "ctype": "PanelObjectData"
              }
            ],
            "ActionTag": 302813428,
            "Size": {
              "X": 1280.0,
              "Y": 720.0
            },
            "Name": "root",
            "ctype": "PanelObjectData"
          }
        ],
        "Size": {
          "X": 1280.0,
          "Y": 720.0
        },
        "Name": "Layer",
        "ctype": "LayerObjectData"
      },
      "UsedResources": [
        "../../../../../image/fonts/FZZY.TTF",
        "../../../image/base/PlayerInfoUnit/template_ellipse.png",
        "../../../image/base/SetBoBoShuWindow/btn_jia.png",
        "../../../image/base/SetBoBoShuWindow/btn_jian.png",
        "../../../image/base/SetBoBoShuWindow/btn_mairu.png",
        "../../../image/base/SetBoBoShuWindow/btn_queren.png",
        "../../../image/base/SetBoBoShuWindow/image_bar.png",
        "../../../image/base/SetBoBoShuWindow/image_chouma_bar.png",
        "../../../image/base/SetBoBoShuWindow/image_marubg.png",
        "../../../image/base/SetBoBoShuWindow/image_playerbg.png",
        "../../../image/base/SetBoBoShuWindow/image_shengyubg.png",
        "../../../image/base/SetBoBoShuWindow/image_text1.png",
        "../../../image/base/SetBoBoShuWindow/image_text2.png",
        "../../../image/base/SetBoBoShuWindow/image_text3.png",
        "../../../image/base/SetBoBoShuWindow/image_zhizhen.png",
        "../../../image/base/SetBoBoShuWindow/image_zongmairu.png",
        "../../../image/base/SetBoBoShuWindow/num.fnt",
        "../../../image/base/SetBoBoShuWindow/num.png",
        "../../../image/base/SetBoBoShuWindow/num_mairu.png",
        "../../../image/base/SetBoBoShuWindow/selectBg.png"
      ],
      "ctype": "GameFileData"
    }
  },
  "Type": "Layer"
}