{
  "ID": "40895ec0-64d6-43ee-b934-040db0c14b77",
  "Version": "3.10.0.0",
  "Name": "SetDaWindow",
  "Content": {
    "Content": {
      "Animation": {
        "Duration": 0,
        "Speed": 1.0,
        "Timelines": [],
        "ctype": "TimelineActionData"
      },
      "AnimationList": [],
      "ObjectData": {
        "Tag": 1828,
        "Children": [
          {
            "ClipAble": false,
            "BackColorAlpha": 102,
            "ComboBoxIndex": 1,
            "SingleColor": {
              "R": 0,
              "G": 0,
              "B": 0
            },
            "FirstColor": {
              "R": 150,
              "G": 200
            },
            "EndColor": {},
            "ColorVector": {
              "ScaleY": 1.0
            },
            "Scale9Width": 1,
            "Scale9Height": 1,
            "TouchEnable": true,
            "AnchorPoint": {
              "ScaleX": 0.5,
              "ScaleY": 0.5
            },
            "Position": {
              "X": 640.0,
              "Y": 360.0
            },
            "Scale": {
              "ScaleX": 1.0,
              "ScaleY": 1.0
            },
            "CColor": {},
            "IconVisible": false,
            "PositionPercentXEnabled": true,
            "PositionPercentYEnabled": true,
            "PrePosition": {
              "X": 0.5,
              "Y": 0.5
            },
            "PreSize": {
              "X": 1.0,
              "Y": 1.0
            },
            "Tag": 1829,
            "Children": [
              {
                "FileData": {
                  "Type": "Normal",
                  "Path": "submodules/epz/image/base/SetDaWindow/bg.png",
                  "Plist": ""
                },
                "BlendFunc": {
                  "Src": 1,
                  "Dst": 771
                },
                "AnchorPoint": {
                  "ScaleX": 0.5,
                  "ScaleY": 0.5
                },
                "Position": {
                  "X": 640.0,
                  "Y": 160.0
                },
                "Scale": {
                  "ScaleX": 1.0,
                  "ScaleY": 1.0
                },
                "CColor": {},
                "IconVisible": false,
                "PositionPercentXEnabled": true,
                "PrePosition": {
                  "X": 0.5,
                  "Y": 0.2222
                },
                "PreSize": {
                  "X": 0.5977,
                  "Y": 0.1611
                },
                "LeftMargin": 257.5,
                "RightMargin": 257.5,
                "TopMargin": 502.0,
                "BottomMargin": 102.0,
                "Tag": 507,
                "ActionTag": 2025918463,
                "Size": {
                  "X": 765.0,
                  "Y": 116.0
                },
                "Name": "bg_1",
                "ctype": "SpriteObjectData"
              },
              {
                "BackGroundData": {
                  "Type": "Normal",
                  "Path": "submodules/epz/image/base/SetDaWindow/tiao.png",
                  "Plist": ""
                },
                "ProgressBarData": {
                  "Type": "Normal",
                  "Path": "submodules/epz/image/base/SetDaWindow/bar.png",
                  "Plist": ""
                },
                "BallNormalData": {
                  "Type": "Normal",
                  "Path": "submodules/epz/image/base/SetBoBoShuWindow/image_zhizhen.png",
                  "Plist": ""
                },
                "BallPressedData": {
                  "Type": "Normal",
                  "Path": "submodules/epz/image/base/SetBoBoShuWindow/image_zhizhen.png",
                  "Plist": ""
                },
                "BallDisabledData": {
                  "Type": "Normal",
                  "Path": "submodules/epz/image/base/SetBoBoShuWindow/image_zhizhen.png",
                  "Plist": ""
                },
                "PercentInfo": 50,
                "TouchEnable": true,
                "AnchorPoint": {
                  "ScaleX": 0.5,
                  "ScaleY": 0.5
                },
                "Position": {
                  "X": 640.0,
                  "Y": 163.0
                },
                "Scale": {
                  "ScaleX": 1.0,
                  "ScaleY": 1.0
                },
                "CColor": {},
                "IconVisible": false,
                "PositionPercentXEnabled": true,
                "PrePosition": {
                  "X": 0.5,
                  "Y": 0.2264
                },
                "PreSize": {
                  "X": 0.4383,
                  "Y": 0.1028
                },
                "LeftMargin": 359.5,
                "RightMargin": 359.5,
                "TopMargin": 520.0,
                "BottomMargin": 126.0,
                "Tag": 508,
                "ActionTag": 1338873263,
                "Size": {
                  "X": 561.0,
                  "Y": 74.0
                },
                "Name": "_setSlider",
                "ctype": "SliderObjectData"
              },
              {
                "FileData": {
                  "Type": "Normal",
                  "Path": "submodules/epz/image/base/SetBoBoShuWindow/btn_jian.png",
                  "Plist": ""
                },
                "BlendFunc": {
                  "Src": 1,
                  "Dst": 771
                },
                "AnchorPoint": {
                  "ScaleX": 0.5,
                  "ScaleY": 0.5
                },
                "Position": {
                  "X": 315.0,
                  "Y": 162.0
                },
                "Scale": {
                  "ScaleX": 1.0,
                  "ScaleY": 1.0
                },
                "CColor": {},
                "IconVisible": false,
                "PrePosition": {
                  "X": 0.2461,
                  "Y": 0.225
                },
                "PreSize": {
                  "X": 0.0586,
                  "Y": 0.0958
                },
                "LeftMargin": 277.5,
                "RightMargin": 927.5,
                "TopMargin": 523.5,
                "BottomMargin": 127.5,
                "Tag": 539,
                "ActionTag": 1535408408,
                "Size": {
                  "X": 75.0,
                  "Y": 69.0
                },
                "Name": "_btn_jian",
                "ctype": "SpriteObjectData"
              },
              {
                "FileData": {
                  "Type": "Normal",
                  "Path": "submodules/epz/image/base/SetBoBoShuWindow/btn_jia.png",
                  "Plist": ""
                },
                "BlendFunc": {
                  "Src": 1,
                  "Dst": 771
                },
                "AnchorPoint": {
                  "ScaleX": 0.5,
                  "ScaleY": 0.5
                },
                "Position": {
                  "X": 965.0,
                  "Y": 162.0
                },
                "Scale": {
                  "ScaleX": 1.0,
                  "ScaleY": 1.0
                },
                "CColor": {},
                "IconVisible": false,
                "PrePosition": {
                  "X": 0.7539,
                  "Y": 0.225
                },
                "PreSize": {
                  "X": 0.0586,
                  "Y": 0.1042
                },
                "LeftMargin": 927.5,
                "RightMargin": 277.5,
                "TopMargin": 520.5,
                "BottomMargin": 124.5,
                "Tag": 538,
                "ActionTag": 126668025,
                "Size": {
                  "X": 75.0,
                  "Y": 75.0
                },
                "Name": "_btn_jia",
                "ctype": "SpriteObjectData"
              },
              {
                "LabelText": "010",
                "LabelBMFontFile_CNB": {
                  "Type": "Normal",
                  "Path": "submodules/epz/image/base/SetBoBoShuWindow/num.fnt",
                  "Plist": ""
                },
                "AnchorPoint": {
                  "ScaleX": 0.5,
                  "ScaleY": 0.5
                },
                "Position": {
                  "X": 640.0,
                  "Y": 245.0
                },
                "Scale": {
                  "ScaleX": 1.0,
                  "ScaleY": 1.0
                },
                "CColor": {},
                "IconVisible": false,
                "PositionPercentXEnabled": true,
                "PrePosition": {
                  "X": 0.5,
                  "Y": 0.3403
                },
                "PreSize": {
                  "X": 0.0891,
                  "Y": 0.075
                },
                "LeftMargin": 583.0,
                "RightMargin": 583.0,
                "TopMargin": 448.0,
                "BottomMargin": 218.0,
                "Tag": 762,
                "ActionTag": -1366664906,
                "Size": {
                  "X": 114.0,
                  "Y": 54.0
                },
                "Name": "_shuruNum",
                "ctype": "TextBMFontObjectData"
              },
              {
                "FileData": {
                  "Type": "Normal",
                  "Path": "submodules/epz/image/base/SetDaWindow/btn_quxiao.png",
                  "Plist": ""
                },
                "BlendFunc": {
                  "Src": 1,
                  "Dst": 771
                },
                "AnchorPoint": {
                  "ScaleX": 0.5,
                  "ScaleY": 0.5
                },
                "Position": {
                  "X": 512.0,
                  "Y": 50.0
                },
                "Scale": {
                  "ScaleX": 1.0,
                  "ScaleY": 1.0
                },
                "CColor": {},
                "IconVisible": false,
                "PositionPercentXEnabled": true,
                "PrePosition": {
                  "X": 0.4,
                  "Y": 0.0694
                },
                "PreSize": {
                  "X": 0.1211,
                  "Y": 0.1014
                },
                "LeftMargin": 434.5,
                "RightMargin": 690.5,
                "TopMargin": 633.5,
                "BottomMargin": 13.5,
                "Tag": 541,
                "ActionTag": 658996310,
                "Size": {
                  "X": 155.0,
                  "Y": 73.0
                },
                "Name": "_btn_quxiao",
                "ctype": "SpriteObjectData"
              },
              {
                "FileData": {
                  "Type": "Normal",
                  "Path": "submodules/epz/image/base/SetDaWindow/btn_queding.png",
                  "Plist": ""
                },
                "BlendFunc": {
                  "Src": 1,
                  "Dst": 771
                },
                "AnchorPoint": {
                  "ScaleX": 0.5,
                  "ScaleY": 0.5
                },
                "Position": {
                  "X": 768.0,
                  "Y": 50.0
                },
                "Scale": {
                  "ScaleX": 1.0,
                  "ScaleY": 1.0
                },
                "CColor": {},
                "IconVisible": false,
                "PositionPercentXEnabled": true,
                "PrePosition": {
                  "X": 0.6,
                  "Y": 0.0694
                },
                "PreSize": {
                  "X": 0.1211,
                  "Y": 0.1014
                },
                "LeftMargin": 690.5,
                "RightMargin": 434.5,
                "TopMargin": 633.5,
                "BottomMargin": 13.5,
                "Tag": 540,
                "ActionTag": 306396138,
                "Size": {
                  "X": 155.0,
                  "Y": 73.0
                },
                "Name": "_btn_queding",
                "ctype": "SpriteObjectData"
              }
            ],
            "ActionTag": -1752501458,
            "Size": {
              "X": 1280.0,
              "Y": 720.0
            },
            "Name": "root",
            "ctype": "PanelObjectData"
          }
        ],
        "Size": {
          "X": 1280.0,
          "Y": 720.0
        },
        "Name": "Layer",
        "ctype": "LayerObjectData"
      },
      "UsedResources": [
        "../../../image/base/SetBoBoShuWindow/btn_jia.png",
        "../../../image/base/SetBoBoShuWindow/btn_jian.png",
        "../../../image/base/SetBoBoShuWindow/image_zhizhen.png",
        "../../../image/base/SetBoBoShuWindow/num.fnt",
        "../../../image/base/SetBoBoShuWindow/num.png",
        "../../../image/base/SetDaWindow/bar.png",
        "../../../image/base/SetDaWindow/bg.png",
        "../../../image/base/SetDaWindow/btn_queding.png",
        "../../../image/base/SetDaWindow/btn_quxiao.png",
        "../../../image/base/SetDaWindow/tiao.png"
      ],
      "ctype": "GameFileData"
    }
  },
  "Type": "Layer"
}