{
  "ID": "15e782c8-724c-41a7-9220-f66cfd07c7bd",
  "Version": "3.10.0.0",
  "Name": "ZongJieSuanErPiZiWindow",
  "Content": {
    "Content": {
      "Animation": {
        "Duration": 0,
        "Speed": 1.0,
        "Timelines": [],
        "ctype": "TimelineActionData"
      },
      "AnimationList": [],
      "ObjectData": {
        "Children": [
          {
            "ClipAble": false,
            "BackColorAlpha": 178,
            "ComboBoxIndex": 1,
            "SingleColor": {
              "R": 0,
              "G": 0,
              "B": 0
            },
            "FirstColor": {
              "R": 150,
              "G": 200
            },
            "EndColor": {},
            "ColorVector": {
              "ScaleY": 1.0
            },
            "Scale9Width": 1,
            "Scale9Height": 1,
            "TouchEnable": true,
            "AnchorPoint": {
              "ScaleX": 0.5,
              "ScaleY": 0.5
            },
            "Position": {
              "X": 640.0,
              "Y": 360.0
            },
            "Scale": {
              "ScaleX": 1.0,
              "ScaleY": 1.0
            },
            "CColor": {},
            "IconVisible": false,
            "PositionPercentXEnabled": true,
            "PositionPercentYEnabled": true,
            "PrePosition": {
              "X": 0.5,
              "Y": 0.5
            },
            "PreSize": {
              "X": 1.0,
              "Y": 1.0
            },
            "Tag": 219,
            "Children": [
              {
                "FileData": {
                  "Type": "Normal",
                  "Path": "submodules/epz/image/base/JieSuanErPiZiWindow/bg.png",
                  "Plist": ""
                },
                "BlendFunc": {
                  "Src": 1,
                  "Dst": 771
                },
                "AnchorPoint": {
                  "ScaleX": 0.5,
                  "ScaleY": 0.5
                },
                "Position": {
                  "X": 640.0,
                  "Y": 410.4
                },
                "Scale": {
                  "ScaleX": 1.0,
                  "ScaleY": 1.0
                },
                "CColor": {},
                "IconVisible": false,
                "PositionPercentXEnabled": true,
                "PositionPercentYEnabled": true,
                "PrePosition": {
                  "X": 0.5,
                  "Y": 0.57
                },
                "PreSize": {
                  "X": 1.0,
                  "Y": 0.8583
                },
                "TopMargin": 0.6,
                "BottomMargin": 101.4,
                "Tag": 220,
                "ActionTag": 1964214568,
                "Size": {
                  "X": 1280.0,
                  "Y": 618.0
                },
                "Name": "bg_1",
                "ctype": "SpriteObjectData"
              },
              {
                "FileData": {
                  "Type": "Normal",
                  "Path": "submodules/epz/image/base/ZongJieSuanErPiZiWindow/log.png",
                  "Plist": ""
                },
                "BlendFunc": {
                  "Src": 1,
                  "Dst": 771
                },
                "AnchorPoint": {
                  "ScaleX": 0.5,
                  "ScaleY": 0.5
                },
                "Position": {
                  "X": 640.0,
                  "Y": 620.0
                },
                "Scale": {
                  "ScaleX": 1.0,
                  "ScaleY": 1.0
                },
                "CColor": {},
                "IconVisible": false,
                "PositionPercentXEnabled": true,
                "PrePosition": {
                  "X": 0.5,
                  "Y": 0.8611
                },
                "PreSize": {
                  "X": 0.4297,
                  "Y": 0.2361
                },
                "LeftMargin": 365.0,
                "RightMargin": 365.0,
                "TopMargin": 15.0,
                "BottomMargin": 535.0,
                "Tag": 221,
                "ActionTag": -114754493,
                "Size": {
                  "X": 550.0,
                  "Y": 170.0
                },
                "Name": "log_2",
                "ctype": "SpriteObjectData"
              },
              {
                "FontSize": 20,
                "LabelText": "第22222/22222局DDDDDDD",
                "FontResource": {
                  "Type": "Normal",
                  "Path": "image/fonts/FZZY.TTF",
                  "Plist": ""
                },
                "VerticalAlignmentType": "VT_Center",
                "OutlineColor": {
                  "G": 0,
                  "B": 0
                },
                "ShadowColor": {
                  "R": 110,
                  "G": 110,
                  "B": 110
                },
                "ShadowOffsetX": 2.0,
                "ShadowOffsetY": -2.0,
                "AnchorPoint": {
                  "ScaleY": 0.5
                },
                "Position": {
                  "X": 45.0,
                  "Y": 620.0
                },
                "Scale": {
                  "ScaleX": 1.0,
                  "ScaleY": 1.0
                },
                "CColor": {},
                "IconVisible": false,
                "PrePosition": {
                  "X": 0.0352,
                  "Y": 0.8611
                },
                "PreSize": {
                  "X": 0.1961,
                  "Y": 0.0319
                },
                "LeftMargin": 45.0,
                "RightMargin": 984.0,
                "TopMargin": 88.5,
                "BottomMargin": 608.5,
                "Tag": 222,
                "ActionTag": 1913176800,
                "Size": {
                  "X": 251.0,
                  "Y": 23.0
                },
                "Name": "lb_roomid",
                "ctype": "TextObjectData"
              },
              {
                "FontSize": 20,
                "LabelText": "2018-199-99 24-24-24-222",
                "FontResource": {
                  "Type": "Normal",
                  "Path": "image/fonts/FZZY.TTF",
                  "Plist": ""
                },
                "HorizontalAlignmentType": "HT_Right",
                "VerticalAlignmentType": "VT_Center",
                "OutlineColor": {
                  "G": 0,
                  "B": 0
                },
                "ShadowColor": {
                  "R": 110,
                  "G": 110,
                  "B": 110
                },
                "ShadowOffsetX": 2.0,
                "ShadowOffsetY": -2.0,
                "AnchorPoint": {
                  "ScaleX": 1.0,
                  "ScaleY": 0.5
                },
                "Position": {
                  "X": 1215.0,
                  "Y": 620.0
                },
                "Scale": {
                  "ScaleX": 1.0,
                  "ScaleY": 1.0
                },
                "CColor": {},
                "IconVisible": false,
                "PrePosition": {
                  "X": 0.9492,
                  "Y": 0.8611
                },
                "PreSize": {
                  "X": 0.2008,
                  "Y": 0.0319
                },
                "LeftMargin": 958.0,
                "RightMargin": 65.0,
                "TopMargin": 88.5,
                "BottomMargin": 608.5,
                "Tag": 223,
                "ActionTag": 1473888784,
                "Size": {
                  "X": 257.0,
                  "Y": 23.0
                },
                "Name": "lb_ts",
                "ctype": "TextObjectData"
              },
              {
                "FileData": {
                  "Type": "Normal",
                  "Path": "submodules/epz/image/base/JieSuanErPiZiWindow/image_text.png",
                  "Plist": ""
                },
                "BlendFunc": {
                  "Src": 1,
                  "Dst": 771
                },
                "AnchorPoint": {
                  "ScaleX": 0.5,
                  "ScaleY": 0.5
                },
                "Position": {
                  "X": 640.0,
                  "Y": 25.0
                },
                "Scale": {
                  "ScaleX": 1.0,
                  "ScaleY": 1.0
                },
                "CColor": {},
                "IconVisible": false,
                "PositionPercentXEnabled": true,
                "PrePosition": {
                  "X": 0.5,
                  "Y": 0.0347
                },
                "PreSize": {
                  "X": 0.2664,
                  "Y": 0.0389
                },
                "LeftMargin": 469.5,
                "RightMargin": 469.5,
                "TopMargin": 681.0,
                "BottomMargin": 11.0,
                "Tag": 224,
                "ActionTag": -1098303235,
                "Size": {
                  "X": 341.0,
                  "Y": 28.0
                },
                "Name": "image_text_3",
                "ctype": "SpriteObjectData"
              },
              {
                "FileData": {
                  "Type": "Normal",
                  "Path": "submodules/epz/image/base/JieSuanErPiZiWindow/btn_fenxiang.png",
                  "Plist": ""
                },
                "BlendFunc": {
                  "Src": 1,
                  "Dst": 771
                },
                "AnchorPoint": {
                  "ScaleX": 0.5,
                  "ScaleY": 0.5
                },
                "Position": {
                  "X": 384.0,
                  "Y": 100.0
                },
                "Scale": {
                  "ScaleX": 1.0,
                  "ScaleY": 1.0
                },
                "CColor": {},
                "IconVisible": false,
                "PositionPercentXEnabled": true,
                "PrePosition": {
                  "X": 0.3,
                  "Y": 0.1389
                },
                "PreSize": {
                  "X": 0.1867,
                  "Y": 0.125
                },
                "LeftMargin": 264.5,
                "RightMargin": 776.5,
                "TopMargin": 575.0,
                "BottomMargin": 55.0,
                "Tag": 225,
                "ActionTag": 403254770,
                "Size": {
                  "X": 239.0,
                  "Y": 90.0
                },
                "Name": "btn_fenxiang",
                "ctype": "SpriteObjectData"
              },
              {
                "FileData": {
                  "Type": "Normal",
                  "Path": "submodules/epz/image/base/ZongJieSuanErPiZiWindow/btn_likai.png",
                  "Plist": ""
                },
                "BlendFunc": {
                  "Src": 1,
                  "Dst": 771
                },
                "AnchorPoint": {
                  "ScaleX": 0.5,
                  "ScaleY": 0.5
                },
                "Position": {
                  "X": 895.9999,
                  "Y": 100.0
                },
                "Scale": {
                  "ScaleX": 1.0,
                  "ScaleY": 1.0
                },
                "CColor": {},
                "IconVisible": false,
                "PositionPercentXEnabled": true,
                "PrePosition": {
                  "X": 0.7,
                  "Y": 0.1389
                },
                "PreSize": {
                  "X": 0.1867,
                  "Y": 0.125
                },
                "LeftMargin": 776.4999,
                "RightMargin": 264.5001,
                "TopMargin": 575.0,
                "BottomMargin": 55.0,
                "Tag": 226,
                "ActionTag": 1560959805,
                "Size": {
                  "X": 239.0,
                  "Y": 90.0
                },
                "Name": "btn_return",
                "ctype": "SpriteObjectData"
              },
              {
                "FileData": {
                  "Type": "Normal",
                  "Path": "submodules/epz/ccs/base/unit/ZongJieSuanErPiZiUnit.json",
                  "Plist": ""
                },
                "StretchWidthEnable": false,
                "StretchHeightEnable": false,
                "InnerActionSpeed": 1.0,
                "AnchorPoint": {},
                "Position": {
                  "X": 15.0,
                  "Y": 375.0
                },
                "Scale": {
                  "ScaleX": 1.0,
                  "ScaleY": 1.0
                },
                "CColor": {},
                "IconVisible": true,
                "PrePosition": {
                  "X": 0.0117,
                  "Y": 0.5208
                },
                "PreSize": {
                  "X": 0.0,
                  "Y": 0.0
                },
                "LeftMargin": 15.0,
                "RightMargin": 1265.0,
                "TopMargin": 345.0,
                "BottomMargin": 375.0,
                "Tag": 228,
                "ActionTag": -1761226281,
                "Size": {
                  "X": 0.0,
                  "Y": 0.0
                },
                "Name": "row0",
                "ctype": "ProjectNodeObjectData"
              },
              {
                "FileData": {
                  "Type": "Normal",
                  "Path": "submodules/epz/ccs/base/unit/ZongJieSuanErPiZiUnit.json",
                  "Plist": ""
                },
                "StretchWidthEnable": false,
                "StretchHeightEnable": false,
                "InnerActionSpeed": 1.0,
                "AnchorPoint": {},
                "Position": {
                  "X": 326.6666,
                  "Y": 375.0
                },
                "Scale": {
                  "ScaleX": 1.0,
                  "ScaleY": 1.0
                },
                "CColor": {},
                "IconVisible": true,
                "PrePosition": {
                  "X": 0.2552,
                  "Y": 0.5208
                },
                "PreSize": {
                  "X": 0.0,
                  "Y": 0.0
                },
                "LeftMargin": 326.6666,
                "RightMargin": 953.3334,
                "TopMargin": 345.0,
                "BottomMargin": 375.0,
                "Tag": 248,
                "ActionTag": -273464452,
                "Size": {
                  "X": 0.0,
                  "Y": 0.0
                },
                "Name": "row1",
                "ctype": "ProjectNodeObjectData"
              },
              {
                "FileData": {
                  "Type": "Normal",
                  "Path": "submodules/epz/ccs/base/unit/ZongJieSuanErPiZiUnit.json",
                  "Plist": ""
                },
                "StretchWidthEnable": false,
                "StretchHeightEnable": false,
                "InnerActionSpeed": 1.0,
                "AnchorPoint": {},
                "Position": {
                  "X": 638.3333,
                  "Y": 375.0
                },
                "Scale": {
                  "ScaleX": 1.0,
                  "ScaleY": 1.0
                },
                "CColor": {},
                "IconVisible": true,
                "PrePosition": {
                  "X": 0.4987,
                  "Y": 0.5208
                },
                "PreSize": {
                  "X": 0.0,
                  "Y": 0.0
                },
                "LeftMargin": 638.3333,
                "RightMargin": 641.6667,
                "TopMargin": 345.0,
                "BottomMargin": 375.0,
                "Tag": 268,
                "ActionTag": -1686207358,
                "Size": {
                  "X": 0.0,
                  "Y": 0.0
                },
                "Name": "row2",
                "ctype": "ProjectNodeObjectData"
              },
              {
                "FileData": {
                  "Type": "Normal",
                  "Path": "submodules/epz/ccs/base/unit/ZongJieSuanErPiZiUnit.json",
                  "Plist": ""
                },
                "StretchWidthEnable": false,
                "StretchHeightEnable": false,
                "InnerActionSpeed": 1.0,
                "AnchorPoint": {},
                "Position": {
                  "X": 949.9999,
                  "Y": 375.0
                },
                "Scale": {
                  "ScaleX": 1.0,
                  "ScaleY": 1.0
                },
                "CColor": {},
                "IconVisible": true,
                "PrePosition": {
                  "X": 0.7422,
                  "Y": 0.5208
                },
                "PreSize": {
                  "X": 0.0,
                  "Y": 0.0
                },
                "LeftMargin": 949.9999,
                "RightMargin": 330.0001,
                "TopMargin": 345.0,
                "BottomMargin": 375.0,
                "Tag": 288,
                "ActionTag": -1674804013,
                "Size": {
                  "X": 0.0,
                  "Y": 0.0
                },
                "Name": "row3",
                "ctype": "ProjectNodeObjectData"
              },
              {
                "FileData": {
                  "Type": "Normal",
                  "Path": "submodules/epz/ccs/base/unit/ZongJieSuanErPiZiUnit.json",
                  "Plist": ""
                },
                "StretchWidthEnable": false,
                "StretchHeightEnable": false,
                "InnerActionSpeed": 1.0,
                "AnchorPoint": {},
                "Position": {
                  "X": 15.0,
                  "Y": 175.0
                },
                "Scale": {
                  "ScaleX": 1.0,
                  "ScaleY": 1.0
                },
                "CColor": {},
                "IconVisible": true,
                "PrePosition": {
                  "X": 0.0117,
                  "Y": 0.2431
                },
                "PreSize": {
                  "X": 0.0,
                  "Y": 0.0
                },
                "LeftMargin": 15.0,
                "RightMargin": 1265.0,
                "TopMargin": 545.0,
                "BottomMargin": 175.0,
                "Tag": 308,
                "ActionTag": 2119682593,
                "Size": {
                  "X": 0.0,
                  "Y": 0.0
                },
                "Name": "row4",
                "ctype": "ProjectNodeObjectData"
              },
              {
                "FileData": {
                  "Type": "Normal",
                  "Path": "submodules/epz/ccs/base/unit/ZongJieSuanErPiZiUnit.json",
                  "Plist": ""
                },
                "StretchWidthEnable": false,
                "StretchHeightEnable": false,
                "InnerActionSpeed": 1.0,
                "AnchorPoint": {},
                "Position": {
                  "X": 326.6666,
                  "Y": 175.0
                },
                "Scale": {
                  "ScaleX": 1.0,
                  "ScaleY": 1.0
                },
                "CColor": {},
                "IconVisible": true,
                "PrePosition": {
                  "X": 0.2552,
                  "Y": 0.2431
                },
                "PreSize": {
                  "X": 0.0,
                  "Y": 0.0
                },
                "LeftMargin": 326.6666,
                "RightMargin": 953.3334,
                "TopMargin": 545.0,
                "BottomMargin": 175.0,
                "Tag": 328,
                "ActionTag": 562609416,
                "Size": {
                  "X": 0.0,
                  "Y": 0.0
                },
                "Name": "row5",
                "ctype": "ProjectNodeObjectData"
              },
              {
                "FileData": {
                  "Type": "Normal",
                  "Path": "submodules/epz/ccs/base/unit/ZongJieSuanErPiZiUnit.json",
                  "Plist": ""
                },
                "StretchWidthEnable": false,
                "StretchHeightEnable": false,
                "InnerActionSpeed": 1.0,
                "AnchorPoint": {},
                "Position": {
                  "X": 638.3333,
                  "Y": 175.0
                },
                "Scale": {
                  "ScaleX": 1.0,
                  "ScaleY": 1.0
                },
                "CColor": {},
                "IconVisible": true,
                "PrePosition": {
                  "X": 0.4987,
                  "Y": 0.2431
                },
                "PreSize": {
                  "X": 0.0,
                  "Y": 0.0
                },
                "LeftMargin": 638.3333,
                "RightMargin": 641.6667,
                "TopMargin": 545.0,
                "BottomMargin": 175.0,
                "Tag": 348,
                "ActionTag": 611664377,
                "Size": {
                  "X": 0.0,
                  "Y": 0.0
                },
                "Name": "row6",
                "ctype": "ProjectNodeObjectData"
              },
              {
                "FileData": {
                  "Type": "Normal",
                  "Path": "submodules/epz/ccs/base/unit/ZongJieSuanErPiZiUnit.json",
                  "Plist": ""
                },
                "StretchWidthEnable": false,
                "StretchHeightEnable": false,
                "InnerActionSpeed": 1.0,
                "AnchorPoint": {},
                "Position": {
                  "X": 949.9999,
                  "Y": 175.0
                },
                "Scale": {
                  "ScaleX": 1.0,
                  "ScaleY": 1.0
                },
                "CColor": {},
                "IconVisible": true,
                "PrePosition": {
                  "X": 0.7422,
                  "Y": 0.2431
                },
                "PreSize": {
                  "X": 0.0,
                  "Y": 0.0
                },
                "LeftMargin": 949.9999,
                "RightMargin": 330.0001,
                "TopMargin": 545.0,
                "BottomMargin": 175.0,
                "Tag": 368,
                "ActionTag": -562690742,
                "Size": {
                  "X": 0.0,
                  "Y": 0.0
                },
                "Name": "row7",
                "ctype": "ProjectNodeObjectData"
              }
            ],
            "ActionTag": -1680890485,
            "Size": {
              "X": 1280.0,
              "Y": 720.0
            },
            "Name": "_root",
            "ctype": "PanelObjectData"
          }
        ],
        "Size": {
          "X": 1280.0,
          "Y": 720.0
        },
        "Name": "Layer",
        "ctype": "LayerObjectData"
      },
      "UsedResources": [
        "../../../../../image/fonts/FZZY.TTF",
        "../../../image/base/JieSuanErPiZiWindow/bg.png",
        "../../../image/base/JieSuanErPiZiWindow/btn_fenxiang.png",
        "../../../image/base/JieSuanErPiZiWindow/image_text.png",
        "../../../image/base/ZongJieSuanErPiZiWindow/btn_likai.png",
        "../../../image/base/ZongJieSuanErPiZiWindow/log.png",
        "../unit/ZongJieSuanErPiZiUnit.json"
      ],
      "ctype": "GameFileData"
    }
  },
  "Type": "Layer"
}