{"skeleton":{"hash":"srV91KKW7aq7PW0HfRVio4ANFJc","spine":"3.6.38","width":0,"height":0,"images":"./images/"},"bones":[{"name":"root"},{"name":"1","parent":"root"},{"name":"che","parent":"root"},{"name":"deng3","parent":"che"},{"name":"lihe","parent":"root"},{"name":"lunzi","parent":"root"},{"name":"yan2","parent":"root"}],"slots":[{"name":"zz","bone":"root"},{"name":"1/1_00000","bone":"1"},{"name":"lunzi","bone":"lunzi"},{"name":"che","bone":"che"},{"name":"yan1/1_0","bone":"yan2","blend":"additive"},{"name":"deng_10","bone":"deng3","blend":"additive"},{"name":"lihe","bone":"lihe"}],"skins":{"default":{"1/1_00000":{"1/1_00000":{"width":250,"height":200},"1/1_00001":{"width":250,"height":200},"1/1_00002":{"width":250,"height":200},"1/1_00003":{"width":250,"height":200},"1/1_00004":{"width":250,"height":200},"1/1_00005":{"width":250,"height":200},"1/1_00006":{"width":250,"height":200},"1/1_00007":{"width":250,"height":200},"1/1_00008":{"width":250,"height":200},"1/1_00009":{"width":250,"height":200}},"che":{"che":{"width":199,"height":127}},"deng_10":{"deng_00009":{"x":-17.39,"y":-1.45,"width":200,"height":50}},"lihe":{"lihe":{"width":80,"height":89}},"lunzi":{"lunzi":{"x":62.38,"y":-15.48,"width":27,"height":60}},"yan1/1_0":{"yan1/1_00000":{"width":200,"height":135},"yan1/1_00001":{"width":200,"height":135},"yan1/1_00002":{"width":200,"height":135},"yan1/1_00003":{"width":200,"height":135},"yan1/1_00004":{"width":200,"height":135},"yan1/1_00005":{"width":200,"height":135},"yan1/1_00006":{"width":200,"height":135},"yan1/1_00007":{"width":200,"height":135},"yan1/1_00008":{"width":200,"height":135},"yan1/1_00009":{"width":200,"height":135}}}},"animations":{"che1":{"slots":{"lihe":{"color":[{"time":0,"color":"ffffff00","curve":[0.25,0,0.75,1]},{"time":0.1667,"color":"fffffffe","curve":"stepped"},{"time":0.5,"color":"fffffffe","curve":[0.25,0,0.75,1]},{"time":0.6667,"color":"ffffff00"}],"attachment":[{"time":0,"name":"lihe"}]}},"bones":{"lihe":{"translate":[{"time":0,"x":0,"y":0,"curve":[0.25,0,0.75,1]},{"time":0.6667,"x":0,"y":97.07}]}}},"che2":{"slots":{"1/1_00000":{"attachment":[{"time":0,"name":"1/1_00000"},{"time":0.0333,"name":"1/1_00001"},{"time":0.0667,"name":"1/1_00002"},{"time":0.1,"name":"1/1_00003"},{"time":0.1333,"name":"1/1_00004"},{"time":0.1667,"name":"1/1_00005"},{"time":0.2,"name":"1/1_00006"},{"time":0.2333,"name":"1/1_00007"},{"time":0.2667,"name":"1/1_00008"},{"time":0.3,"name":"1/1_00009"},{"time":0.3333,"name":null}]},"che":{"attachment":[{"time":0,"name":null},{"time":0.3,"name":null},{"time":0.3333,"name":"che"}]},"deng_10":{"color":[{"time":0.3333,"color":"ffffff00"},{"time":0.7667,"color":"fffffffe"},{"time":1.1667,"color":"ffffff00"}],"attachment":[{"time":0,"name":null},{"time":0.1333,"name":null},{"time":0.3333,"name":"deng_00009"}]},"lihe":{"attachment":[{"time":0,"name":null}]},"lunzi":{"attachment":[{"time":0,"name":null},{"time":0.3,"name":null},{"time":0.3333,"name":"lunzi"}]},"yan1/1_0":{"color":[{"time":0.4,"color":"ffffffca"},{"time":0.5,"color":"ffffff00"}],"attachment":[{"time":0.1667,"name":"yan1/1_00000"},{"time":0.2,"name":"yan1/1_00001"},{"time":0.2333,"name":"yan1/1_00002"},{"time":0.2667,"name":"yan1/1_00003"},{"time":0.3,"name":"yan1/1_00004"},{"time":0.3333,"name":"yan1/1_00005"},{"time":0.3667,"name":"yan1/1_00006"},{"time":0.4,"name":"yan1/1_00007"},{"time":0.4333,"name":"yan1/1_00008"},{"time":0.4667,"name":"yan1/1_00009"},{"time":0.5,"name":null}]}},"bones":{"che":{"translate":[{"time":0,"x":-11.73,"y":-12.19,"curve":"stepped"},{"time":0.3333,"x":-11.73,"y":-12.19,"curve":[0.25,0,0.75,1]},{"time":0.3667,"x":-11.73,"y":-12.3,"curve":[0.25,0,0.75,1]},{"time":0.4,"x":-11.73,"y":-11.83,"curve":[0.25,0,0.75,1]},{"time":0.4333,"x":-12.2,"y":-12.19,"curve":[0.25,0,0.75,1]},{"time":0.4667,"x":-12.2,"y":-13.14,"curve":[0.25,0,0.75,1]},{"time":0.5,"x":-11.73,"y":-12.3,"curve":[0.25,0,0.75,1]},{"time":0.5333,"x":-11.73,"y":-11.83,"curve":[0.25,0,0.75,1]},{"time":0.5667,"x":-12.2,"y":-12.19,"curve":[0.25,0,0.75,1]},{"time":0.6,"x":-12.2,"y":-13.14,"curve":[0.25,0,0.75,1]},{"time":0.6333,"x":-11.73,"y":-12.3,"curve":[0.25,0,0.75,1]},{"time":0.6667,"x":-11.73,"y":-11.83,"curve":[0.25,0,0.75,1]},{"time":0.7,"x":-12.2,"y":-12.19,"curve":[0.25,0,0.75,1]},{"time":0.7333,"x":-12.2,"y":-13.14,"curve":[0.25,0,0.75,1]},{"time":0.7667,"x":-11.73,"y":-12.3,"curve":[0.25,0,0.75,1]},{"time":0.8,"x":-11.73,"y":-11.83,"curve":[0.25,0,0.75,1]},{"time":0.8333,"x":-12.2,"y":-12.19,"curve":[0.25,0,0.75,1]},{"time":0.8667,"x":-12.2,"y":-13.14,"curve":[0.25,0,0.75,1]},{"time":0.9,"x":-11.73,"y":-12.3,"curve":[0.25,0,0.75,1]},{"time":0.9333,"x":-11.73,"y":-11.83,"curve":[0.25,0,0.75,1]},{"time":0.9667,"x":-12.2,"y":-12.19,"curve":[0.25,0,0.75,1]},{"time":1,"x":-12.2,"y":-13.14,"curve":[0.25,0,0.75,1]},{"time":1.0333,"x":-11.73,"y":-12.3,"curve":[0.25,0,0.75,1]},{"time":1.0667,"x":-11.73,"y":-11.83,"curve":[0.25,0,0.75,1]},{"time":1.1,"x":-12.2,"y":-12.19,"curve":[0.25,0,0.75,1]},{"time":1.1333,"x":-12.2,"y":-13.14,"curve":[0.25,0,0.75,1]},{"time":1.1667,"x":-11.73,"y":-12.3,"curve":[0.25,0,0.75,1]},{"time":1.2,"x":-11.73,"y":-11.83,"curve":[0.25,0,0.75,1]},{"time":1.2333,"x":-12.2,"y":-12.19,"curve":[0.25,0,0.75,1]},{"time":1.2667,"x":-12.2,"y":-13.14,"curve":[0.25,0,0.75,1]},{"time":1.3,"x":-11.73,"y":-12.3,"curve":[0.25,0,0.75,1]},{"time":1.3333,"x":-11.73,"y":-11.83,"curve":[0.25,0,0.75,1]},{"time":1.3667,"x":-12.2,"y":-12.19,"curve":[0.25,0,0.75,1]},{"time":1.4,"x":-12.2,"y":-13.14}]},"lunzi":{"translate":[{"time":0,"x":-12.79,"y":-14.92}]},"yan2":{"translate":[{"time":0,"x":43.78,"y":69.3,"curve":"stepped"},{"time":0.1667,"x":43.78,"y":69.3}],"scale":[{"time":0.3333,"x":1.5,"y":1.5},{"time":0.5,"x":1.7,"y":1.7}]},"deng3":{"translate":[{"time":0,"x":0.83,"y":-1.93,"curve":"stepped"},{"time":0.3333,"x":0.83,"y":-1.93}]}}}}}