{
  "ID": "a2ee0952-26b5-49ae-8bf9-4f1d6279b798",
  "Version": "3.10.0.0",
  "Name": "PokerJieSuan",
  "Content": {
    "Content": {
      "Animation": {
        "Duration": 0,
        "Speed": 1.0,
        "Timelines": [],
        "ctype": "TimelineActionData"
      },
      "AnimationList": [],
      "ObjectData": {
        "Children": [
          {
            "ClipAble": false,
            "SingleColor": {},
            "FirstColor": {
              "R": 150,
              "G": 200
            },
            "EndColor": {},
            "ColorVector": {
              "ScaleY": 1.0
            },
            "Scale9Width": 1,
            "Scale9Height": 1,
            "TouchEnable": true,
            "AnchorPoint": {},
            "Position": {
              "X": 0.0,
              "Y": 0.0
            },
            "Scale": {
              "ScaleX": 1.0,
              "ScaleY": 1.0
            },
            "CColor": {},
            "IconVisible": false,
            "PrePosition": {
              "X": 0.0,
              "Y": 0.0
            },
            "PercentWidthEnable": true,
            "PercentHeightEnable": true,
            "PercentWidthEnabled": true,
            "PercentHeightEnabled": true,
            "PreSize": {
              "X": 1.0,
              "Y": 1.0
            },
            "Tag": 197,
            "Children": [
              {
                "ClipAble": true,
                "BackColorAlpha": 203,
                "ComboBoxIndex": 1,
                "SingleColor": {
                  "R": 49,
                  "G": 49,
                  "B": 56
                },
                "FirstColor": {
                  "R": 150,
                  "G": 200
                },
                "EndColor": {},
                "ColorVector": {
                  "ScaleY": 1.0
                },
                "Scale9Width": 1,
                "Scale9Height": 1,
                "TouchEnable": true,
                "AnchorPoint": {},
                "Position": {
                  "X": -0.0001,
                  "Y": 1.25
                },
                "Scale": {
                  "ScaleX": 1.0,
                  "ScaleY": 1.0
                },
                "CColor": {},
                "IconVisible": false,
                "PrePosition": {
                  "X": 0.0,
                  "Y": 0.0017
                },
                "PreSize": {
                  "X": 1.0,
                  "Y": 1.0
                },
                "LeftMargin": -0.0001,
                "RightMargin": 0.0001,
                "TopMargin": -1.25,
                "BottomMargin": 1.25,
                "Tag": 2800,
                "ActionTag": -638488902,
                "Size": {
                  "X": 1280.0,
                  "Y": 720.0
                },
                "Name": "Panel_14",
                "ctype": "PanelObjectData"
              },
              {
                "FileData": {
                  "Type": "Normal",
                  "Path": "image/ui/poker/jiesuan/shengli_bg.png",
                  "Plist": ""
                },
                "BlendFunc": {
                  "Src": 1,
                  "Dst": 771
                },
                "AnchorPoint": {
                  "ScaleX": 0.5,
                  "ScaleY": 0.5
                },
                "Position": {
                  "X": 641.3121,
                  "Y": 409.1257
                },
                "Scale": {
                  "ScaleX": 1.0,
                  "ScaleY": 1.0
                },
                "CColor": {},
                "IconVisible": false,
                "PrePosition": {
                  "X": 0.501,
                  "Y": 0.5682
                },
                "PreSize": {
                  "X": 0.9852,
                  "Y": 0.6111
                },
                "LeftMargin": 10.8121,
                "RightMargin": 8.188,
                "TopMargin": 90.8743,
                "BottomMargin": 189.1257,
                "Tag": 1494,
                "ActionTag": -732361435,
                "Size": {
                  "X": 1261.0,
                  "Y": 440.0
                },
                "VisibleForFrame": false,
                "Name": "winbg",
                "ctype": "SpriteObjectData"
              },
              {
                "FileData": {
                  "Type": "Normal",
                  "Path": "image/ui/poker/jiesuan/shibai_bg.png",
                  "Plist": ""
                },
                "BlendFunc": {
                  "Src": 1,
                  "Dst": 771
                },
                "AnchorPoint": {
                  "ScaleX": 0.5,
                  "ScaleY": 0.5
                },
                "Position": {
                  "X": 641.2244,
                  "Y": 411.2305
                },
                "Scale": {
                  "ScaleX": 1.0,
                  "ScaleY": 1.0
                },
                "CColor": {},
                "IconVisible": false,
                "PrePosition": {
                  "X": 0.501,
                  "Y": 0.5712
                },
                "PreSize": {
                  "X": 0.9852,
                  "Y": 0.7278
                },
                "LeftMargin": 10.7244,
                "RightMargin": 8.2756,
                "TopMargin": 46.7695,
                "BottomMargin": 149.2305,
                "Tag": 1493,
                "ActionTag": -308873515,
                "Size": {
                  "X": 1261.0,
                  "Y": 524.0
                },
                "VisibleForFrame": false,
                "Name": "losebg",
                "ctype": "SpriteObjectData"
              },
              {
                "FileData": {
                  "Type": "Normal",
                  "Path": "image/ui/poker/jiesuan/word_shibai.png",
                  "Plist": ""
                },
                "BlendFunc": {
                  "Src": 1,
                  "Dst": 771
                },
                "AnchorPoint": {
                  "ScaleX": 0.5,
                  "ScaleY": 0.5
                },
                "Position": {
                  "X": 637.952,
                  "Y": 630.504
                },
                "Scale": {
                  "ScaleX": 1.0,
                  "ScaleY": 1.0
                },
                "CColor": {},
                "IconVisible": false,
                "PositionPercentXEnabled": true,
                "PositionPercentYEnabled": true,
                "PrePosition": {
                  "X": 0.4984,
                  "Y": 0.8757
                },
                "PreSize": {
                  "X": 0.1555,
                  "Y": 0.1319
                },
                "LeftMargin": 538.452,
                "RightMargin": 542.548,
                "TopMargin": 41.996,
                "BottomMargin": 583.004,
                "Tag": 1492,
                "ActionTag": 111089241,
                "Size": {
                  "X": 199.0,
                  "Y": 95.0
                },
                "VisibleForFrame": false,
                "Name": "pic_lose",
                "ctype": "SpriteObjectData"
              },
              {
                "FileData": {
                  "Type": "Normal",
                  "Path": "image/ui/poker/jiesuan/word_shengli.png",
                  "Plist": ""
                },
                "BlendFunc": {
                  "Src": 1,
                  "Dst": 771
                },
                "AnchorPoint": {
                  "ScaleX": 0.5,
                  "ScaleY": 0.5
                },
                "Position": {
                  "X": 627.968,
                  "Y": 643.752
                },
                "Scale": {
                  "ScaleX": 1.0,
                  "ScaleY": 1.0
                },
                "CColor": {},
                "IconVisible": false,
                "PositionPercentXEnabled": true,
                "PositionPercentYEnabled": true,
                "PrePosition": {
                  "X": 0.4906,
                  "Y": 0.8941
                },
                "PreSize": {
                  "X": 0.1727,
                  "Y": 0.1792
                },
                "LeftMargin": 517.468,
                "RightMargin": 541.532,
                "TopMargin": 11.748,
                "BottomMargin": 579.252,
                "Tag": 1491,
                "ActionTag": -846773752,
                "Size": {
                  "X": 221.0,
                  "Y": 129.0
                },
                "Name": "pic_win",
                "ctype": "SpriteObjectData"
              },
              {
                "FontSize": 24,
                "LabelText": "0000-00-00 00:00:00",
                "FontResource": {
                  "Type": "Normal",
                  "Path": "image/fonts/FZZY.TTF",
                  "Plist": ""
                },
                "HorizontalAlignmentType": "HT_Center",
                "OutlineColor": {
                  "R": 61,
                  "G": 55,
                  "B": 55
                },
                "ShadowColor": {
                  "R": 110,
                  "G": 110,
                  "B": 110
                },
                "ShadowOffsetX": 2.0,
                "ShadowOffsetY": -2.0,
                "AnchorPoint": {
                  "ScaleX": 0.5,
                  "ScaleY": 0.5
                },
                "Position": {
                  "X": 821.5076,
                  "Y": 177.5714
                },
                "Scale": {
                  "ScaleX": 1.0,
                  "ScaleY": 1.0
                },
                "CColor": {},
                "IconVisible": false,
                "PrePosition": {
                  "X": 0.6418,
                  "Y": 0.2466
                },
                "PreSize": {
                  "X": 0.1805,
                  "Y": 0.0375
                },
                "LeftMargin": 706.0076,
                "RightMargin": 342.9924,
                "TopMargin": 528.9286,
                "BottomMargin": 164.0714,
                "Tag": 236,
                "ActionTag": 855570770,
                "Size": {
                  "X": 231.0,
                  "Y": 27.0
                },
                "Name": "lb_ts",
                "ctype": "TextObjectData"
              },
              {
                "FontSize": 24,
                "LabelText": "局数00/00",
                "FontResource": {
                  "Type": "Normal",
                  "Path": "image/fonts/FZZY.TTF",
                  "Plist": ""
                },
                "HorizontalAlignmentType": "HT_Center",
                "OutlineColor": {
                  "R": 61,
                  "G": 55,
                  "B": 55
                },
                "ShadowColor": {
                  "R": 110,
                  "G": 110,
                  "B": 110
                },
                "ShadowOffsetX": 2.0,
                "ShadowOffsetY": -2.0,
                "AnchorPoint": {
                  "ScaleY": 0.5
                },
                "Position": {
                  "X": 461.5076,
                  "Y": 177.5714
                },
                "Scale": {
                  "ScaleX": 1.0,
                  "ScaleY": 1.0
                },
                "CColor": {},
                "IconVisible": false,
                "PrePosition": {
                  "X": 0.3606,
                  "Y": 0.2466
                },
                "PreSize": {
                  "X": 0.0883,
                  "Y": 0.0375
                },
                "LeftMargin": 461.5076,
                "RightMargin": 705.4924,
                "TopMargin": 528.9286,
                "BottomMargin": 164.0714,
                "Tag": 138,
                "ActionTag": 1357626185,
                "Size": {
                  "X": 113.0,
                  "Y": 27.0
                },
                "Name": "lb_jushu",
                "ctype": "TextObjectData"
              },
              {
                "FontSize": 24,
                "LabelText": "房号000000",
                "FontResource": {
                  "Type": "Normal",
                  "Path": "image/fonts/FZZY.TTF",
                  "Plist": ""
                },
                "HorizontalAlignmentType": "HT_Center",
                "OutlineColor": {
                  "R": 61,
                  "G": 55,
                  "B": 55
                },
                "ShadowColor": {
                  "R": 110,
                  "G": 110,
                  "B": 110
                },
                "ShadowOffsetX": 2.0,
                "ShadowOffsetY": -2.0,
                "AnchorPoint": {
                  "ScaleY": 0.5
                },
                "Position": {
                  "X": 326.508,
                  "Y": 177.5714
                },
                "Scale": {
                  "ScaleX": 1.0,
                  "ScaleY": 1.0
                },
                "CColor": {},
                "IconVisible": false,
                "PrePosition": {
                  "X": 0.2551,
                  "Y": 0.2466
                },
                "PreSize": {
                  "X": 0.1008,
                  "Y": 0.0375
                },
                "LeftMargin": 326.508,
                "RightMargin": 824.492,
                "TopMargin": 528.9286,
                "BottomMargin": 164.0714,
                "Tag": 143,
                "ActionTag": -1119031818,
                "Size": {
                  "X": 129.0,
                  "Y": 27.0
                },
                "Name": "lb_roomid",
                "ctype": "TextObjectData"
              },
              {
                "FileData": {
                  "Type": "Normal",
                  "Path": "image/ui/room/room_close.png",
                  "Plist": ""
                },
                "BlendFunc": {
                  "Src": 1,
                  "Dst": 771
                },
                "AnchorPoint": {
                  "ScaleX": 0.5,
                  "ScaleY": 0.5
                },
                "Position": {
                  "X": 1132.28,
                  "Y": 601.104
                },
                "Scale": {
                  "ScaleX": 1.0,
                  "ScaleY": 1.0
                },
                "CColor": {},
                "IconVisible": false,
                "PrePosition": {
                  "X": 0.8846,
                  "Y": 0.8349
                },
                "PreSize": {
                  "X": 0.0719,
                  "Y": 0.1389
                },
                "LeftMargin": 1086.28,
                "RightMargin": 101.72,
                "TopMargin": 68.896,
                "BottomMargin": 551.104,
                "Tag": 1490,
                "ActionTag": -2076394862,
                "Size": {
                  "X": 92.0,
                  "Y": 100.0
                },
                "Name": "btn_close",
                "ctype": "SpriteObjectData"
              },
              {
                "FileData": {
                  "Type": "Normal",
                  "Path": "image/ui/poker/table/btn_cheng1.png",
                  "Plist": ""
                },
                "BlendFunc": {
                  "Src": 1,
                  "Dst": 771
                },
                "AnchorPoint": {
                  "ScaleX": 0.5,
                  "ScaleY": 0.5
                },
                "Position": {
                  "X": 631.2767,
                  "Y": 90.524
                },
                "Scale": {
                  "ScaleX": 1.0,
                  "ScaleY": 1.0
                },
                "CColor": {},
                "IconVisible": false,
                "PrePosition": {
                  "X": 0.4932,
                  "Y": 0.1257
                },
                "PreSize": {
                  "X": 0.1727,
                  "Y": 0.1028
                },
                "LeftMargin": 520.7767,
                "RightMargin": 538.2233,
                "TopMargin": 592.476,
                "BottomMargin": 53.524,
                "Tag": 1487,
                "Children": [
                  {
                    "FontSize": 32,
                    "LabelText": "开始游戏",
                    "OutlineSize": 2,
                    "OutlineColor": {
                      "R": 152,
                      "G": 78,
                      "B": 24
                    },
                    "OutlineEnabled": true,
                    "ShadowColor": {
                      "R": 110,
                      "G": 110,
                      "B": 110
                    },
                    "ShadowOffsetX": 2.0,
                    "ShadowOffsetY": -2.0,
                    "AnchorPoint": {
                      "ScaleX": 0.5,
                      "ScaleY": 0.5
                    },
                    "Position": {
                      "X": 110.6009,
                      "Y": 40.2186
                    },
                    "Scale": {
                      "ScaleX": 1.0,
                      "ScaleY": 1.0
                    },
                    "CColor": {},
                    "IconVisible": false,
                    "PrePosition": {
                      "X": 0.5005,
                      "Y": 0.5435
                    },
                    "PreSize": {
                      "X": 0.5792,
                      "Y": 0.5
                    },
                    "LeftMargin": 46.6009,
                    "RightMargin": 46.3991,
                    "TopMargin": 15.2814,
                    "BottomMargin": 21.7186,
                    "Tag": 1488,
                    "ActionTag": 1666810470,
                    "Size": {
                      "X": 128.0,
                      "Y": 37.0
                    },
                    "Name": "Text_2",
                    "ctype": "TextObjectData"
                  }
                ],
                "ActionTag": -728388128,
                "Size": {
                  "X": 221.0,
                  "Y": 74.0
                },
                "Name": "btn_again",
                "ctype": "SpriteObjectData"
              },
              {
                "FileData": {
                  "Type": "Normal",
                  "Path": "image/ui/poker/table/btn_cheng1.png",
                  "Plist": ""
                },
                "BlendFunc": {
                  "Src": 1,
                  "Dst": 771
                },
                "AnchorPoint": {
                  "ScaleX": 0.5,
                  "ScaleY": 0.5
                },
                "Position": {
                  "X": 631.2767,
                  "Y": 90.524
                },
                "Scale": {
                  "ScaleX": 1.0,
                  "ScaleY": 1.0
                },
                "CColor": {},
                "IconVisible": false,
                "PrePosition": {
                  "X": 0.4932,
                  "Y": 0.1257
                },
                "PreSize": {
                  "X": 0.1727,
                  "Y": 0.1028
                },
                "LeftMargin": 520.7767,
                "RightMargin": 538.2233,
                "TopMargin": 592.476,
                "BottomMargin": 53.524,
                "Tag": 1794,
                "Children": [
                  {
                    "FontSize": 32,
                    "LabelText": "查看总战绩",
                    "FontResource": {
                      "Type": "Normal",
                      "Path": "image/fonts/FZZY.TTF",
                      "Plist": ""
                    },
                    "OutlineSize": 2,
                    "OutlineColor": {
                      "R": 152,
                      "G": 78,
                      "B": 24
                    },
                    "OutlineEnabled": true,
                    "ShadowColor": {
                      "R": 110,
                      "G": 110,
                      "B": 110
                    },
                    "ShadowOffsetX": 2.0,
                    "ShadowOffsetY": -2.0,
                    "AnchorPoint": {
                      "ScaleX": 0.5,
                      "ScaleY": 0.5
                    },
                    "Position": {
                      "X": 110.5,
                      "Y": 37.0
                    },
                    "Scale": {
                      "ScaleX": 1.0,
                      "ScaleY": 1.0
                    },
                    "CColor": {},
                    "IconVisible": false,
                    "PositionPercentXEnabled": true,
                    "PositionPercentYEnabled": true,
                    "PrePosition": {
                      "X": 0.5,
                      "Y": 0.5
                    },
                    "PreSize": {
                      "X": 0.7466,
                      "Y": 0.5405
                    },
                    "LeftMargin": 28.0,
                    "RightMargin": 28.0,
                    "TopMargin": 17.0,
                    "BottomMargin": 17.0,
                    "Tag": 1795,
                    "ActionTag": 69507035,
                    "Size": {
                      "X": 165.0,
                      "Y": 40.0
                    },
                    "Name": "Text_2_0",
                    "ctype": "TextObjectData"
                  }
                ],
                "ActionTag": 1536260961,
                "Size": {
                  "X": 221.0,
                  "Y": 74.0
                },
                "VisibleForFrame": false,
                "Name": "btn_chakan",
                "ctype": "SpriteObjectData"
              },
              {
                "FileData": {
                  "Type": "Normal",
                  "Path": "image/ui/poker/table/btn_cheng1.png",
                  "Plist": ""
                },
                "BlendFunc": {
                  "Src": 1,
                  "Dst": 771
                },
                "AnchorPoint": {
                  "ScaleX": 0.5,
                  "ScaleY": 0.5
                },
                "Position": {
                  "X": 776.9235,
                  "Y": 89.86
                },
                "Scale": {
                  "ScaleX": 1.0,
                  "ScaleY": 1.0
                },
                "CColor": {},
                "IconVisible": false,
                "PrePosition": {
                  "X": 0.607,
                  "Y": 0.1248
                },
                "PreSize": {
                  "X": 0.1727,
                  "Y": 0.1028
                },
                "LeftMargin": 666.4235,
                "RightMargin": 392.5765,
                "TopMargin": 593.14,
                "BottomMargin": 52.86,
                "Tag": 1485,
                "Children": [
                  {
                    "FontSize": 32,
                    "LabelText": "分  享",
                    "OutlineSize": 2,
                    "OutlineColor": {
                      "R": 152,
                      "G": 78,
                      "B": 24
                    },
                    "OutlineEnabled": true,
                    "ShadowColor": {
                      "R": 110,
                      "G": 110,
                      "B": 110
                    },
                    "ShadowOffsetX": 2.0,
                    "ShadowOffsetY": -2.0,
                    "AnchorPoint": {
                      "ScaleX": 0.5,
                      "ScaleY": 0.5
                    },
                    "Position": {
                      "X": 110.6009,
                      "Y": 40.2186
                    },
                    "Scale": {
                      "ScaleX": 1.0,
                      "ScaleY": 1.0
                    },
                    "CColor": {},
                    "IconVisible": false,
                    "PrePosition": {
                      "X": 0.5005,
                      "Y": 0.5435
                    },
                    "PreSize": {
                      "X": 0.371,
                      "Y": 0.5
                    },
                    "LeftMargin": 69.6009,
                    "RightMargin": 69.3991,
                    "TopMargin": 15.2814,
                    "BottomMargin": 21.7186,
                    "Tag": 1486,
                    "ActionTag": -1186082269,
                    "Size": {
                      "X": 82.0,
                      "Y": 37.0
                    },
                    "Name": "Text_2",
                    "ctype": "TextObjectData"
                  }
                ],
                "ActionTag": -1258861313,
                "Size": {
                  "X": 221.0,
                  "Y": 74.0
                },
                "VisibleForFrame": false,
                "Name": "btn_share",
                "ctype": "SpriteObjectData"
              }
            ],
            "ActionTag": -33404820,
            "Size": {
              "X": 1280.0,
              "Y": 720.0
            },
            "Name": "root",
            "ctype": "PanelObjectData"
          },
          {
            "FontSize": 26,
            "LabelText": "积分",
            "OutlineColor": {
              "G": 0,
              "B": 0
            },
            "ShadowColor": {
              "R": 110,
              "G": 110,
              "B": 110
            },
            "ShadowOffsetX": 2.0,
            "ShadowOffsetY": -2.0,
            "AnchorPoint": {
              "ScaleX": 0.5,
              "ScaleY": 0.5
            },
            "Position": {
              "X": 959.6383,
              "Y": 517.8474
            },
            "Scale": {
              "ScaleX": 1.0,
              "ScaleY": 1.0
            },
            "CColor": {
              "G": 252,
              "B": 179
            },
            "IconVisible": false,
            "PrePosition": {
              "X": 0.7497,
              "Y": 0.7192
            },
            "PreSize": {
              "X": 0.0406,
              "Y": 0.0431
            },
            "LeftMargin": 933.6383,
            "RightMargin": 294.3617,
            "TopMargin": 186.6526,
            "BottomMargin": 502.3474,
            "Tag": 1502,
            "ActionTag": -70254777,
            "Size": {
              "X": 52.0,
              "Y": 31.0
            },
            "Name": "Text_4_1",
            "ctype": "TextObjectData"
          },
          {
            "FontSize": 26,
            "LabelText": "ID",
            "OutlineColor": {
              "G": 0,
              "B": 0
            },
            "ShadowColor": {
              "R": 110,
              "G": 110,
              "B": 110
            },
            "ShadowOffsetX": 2.0,
            "ShadowOffsetY": -2.0,
            "AnchorPoint": {
              "ScaleX": 0.5,
              "ScaleY": 0.5
            },
            "Position": {
              "X": 658.326,
              "Y": 517.8474
            },
            "Scale": {
              "ScaleX": 1.0,
              "ScaleY": 1.0
            },
            "CColor": {
              "G": 252,
              "B": 179
            },
            "IconVisible": false,
            "PrePosition": {
              "X": 0.5143,
              "Y": 0.7192
            },
            "PreSize": {
              "X": 0.0203,
              "Y": 0.0431
            },
            "LeftMargin": 645.326,
            "RightMargin": 608.674,
            "TopMargin": 186.6526,
            "BottomMargin": 502.3474,
            "Tag": 1503,
            "ActionTag": -160321885,
            "Size": {
              "X": 26.0,
              "Y": 31.0
            },
            "Name": "Text_4_0",
            "ctype": "TextObjectData"
          },
          {
            "FontSize": 26,
            "LabelText": "昵称",
            "OutlineColor": {
              "G": 0,
              "B": 0
            },
            "ShadowColor": {
              "R": 110,
              "G": 110,
              "B": 110
            },
            "ShadowOffsetX": 2.0,
            "ShadowOffsetY": -2.0,
            "AnchorPoint": {
              "ScaleX": 0.5355,
              "ScaleY": 0.3678
            },
            "Position": {
              "X": 489.2516,
              "Y": 513.7501
            },
            "Scale": {
              "ScaleX": 1.0,
              "ScaleY": 1.0
            },
            "CColor": {
              "G": 252,
              "B": 179
            },
            "IconVisible": false,
            "PrePosition": {
              "X": 0.3822,
              "Y": 0.7135
            },
            "PreSize": {
              "X": 0.0406,
              "Y": 0.0431
            },
            "LeftMargin": 461.4056,
            "RightMargin": 766.5944,
            "TopMargin": 186.6517,
            "BottomMargin": 502.3483,
            "Tag": 1504,
            "ActionTag": -1479600181,
            "Size": {
              "X": 52.0,
              "Y": 31.0
            },
            "Name": "Text_4",
            "ctype": "TextObjectData"
          },
          {
            "FontSize": 26,
            "LabelText": "剩余牌数",
            "OutlineColor": {
              "G": 0,
              "B": 0
            },
            "ShadowColor": {
              "R": 110,
              "G": 110,
              "B": 110
            },
            "ShadowOffsetX": 2.0,
            "ShadowOffsetY": -2.0,
            "AnchorPoint": {
              "ScaleX": 0.5,
              "ScaleY": 0.5
            },
            "Position": {
              "X": 808.1716,
              "Y": 517.8474
            },
            "Scale": {
              "ScaleX": 1.0,
              "ScaleY": 1.0
            },
            "CColor": {
              "G": 252,
              "B": 179
            },
            "IconVisible": false,
            "PrePosition": {
              "X": 0.6314,
              "Y": 0.7192
            },
            "PreSize": {
              "X": 0.0812,
              "Y": 0.0431
            },
            "LeftMargin": 756.1716,
            "RightMargin": 419.8284,
            "TopMargin": 186.6526,
            "BottomMargin": 502.3474,
            "Tag": 1505,
            "ActionTag": 1794701875,
            "Size": {
              "X": 104.0,
              "Y": 31.0
            },
            "Name": "Text_4_1_0",
            "ctype": "TextObjectData"
          },
          {
            "AnchorPoint": {},
            "Position": {
              "X": 232.5172,
              "Y": 451.32
            },
            "Scale": {
              "ScaleX": 1.0,
              "ScaleY": 1.0
            },
            "CColor": {},
            "IconVisible": true,
            "PrePosition": {
              "X": 0.1817,
              "Y": 0.6268
            },
            "PreSize": {
              "X": 0.0,
              "Y": 0.0
            },
            "LeftMargin": 232.5172,
            "RightMargin": 1047.4828,
            "TopMargin": 268.68,
            "BottomMargin": 451.32,
            "Tag": 1495,
            "Children": [
              {
                "FileData": {
                  "Type": "Normal",
                  "Path": "image/ui/poker/unit/spring.png",
                  "Plist": ""
                },
                "BlendFunc": {
                  "Src": 1,
                  "Dst": 771
                },
                "AnchorPoint": {
                  "ScaleX": 0.6114,
                  "ScaleY": 5.9241
                },
                "Position": {
                  "X": 9.0005,
                  "Y": 308.0
                },
                "Scale": {
                  "ScaleX": 1.0,
                  "ScaleY": 1.0
                },
                "CColor": {},
                "IconVisible": false,
                "PrePosition": {
                  "X": 0.0,
                  "Y": 0.0
                },
                "PreSize": {
                  "X": 0.0,
                  "Y": 0.0
                },
                "LeftMargin": -52.7509,
                "RightMargin": -48.2491,
                "TopMargin": -32.2504,
                "BottomMargin": -23.7496,
                "Tag": 822,
                "ActionTag": -207424727,
                "Size": {
                  "X": 101.0,
                  "Y": 56.0
                },
                "Name": "spring",
                "ctype": "SpriteObjectData"
              },
              {
                "FileData": {
                  "Type": "Normal",
                  "Path": "image/ui/transparent/transparent_64x64.png",
                  "Plist": ""
                },
                "BlendFunc": {
                  "Src": 1,
                  "Dst": 771
                },
                "AnchorPoint": {
                  "ScaleX": 0.5,
                  "ScaleY": 0.5
                },
                "Position": {
                  "X": 80.0,
                  "Y": 0.0
                },
                "Scale": {
                  "ScaleX": 1.02,
                  "ScaleY": 1.02
                },
                "CColor": {},
                "IconVisible": false,
                "PrePosition": {
                  "X": 0.0,
                  "Y": 0.0
                },
                "PreSize": {
                  "X": 0.0,
                  "Y": 0.0
                },
                "LeftMargin": 48.0,
                "RightMargin": -112.0,
                "TopMargin": -32.0,
                "BottomMargin": -32.0,
                "Tag": 1496,
                "ActionTag": -904884208,
                "Size": {
                  "X": 64.0,
                  "Y": 64.0
                },
                "Name": "head",
                "ctype": "SpriteObjectData"
              },
              {
                "FileData": {
                  "Type": "Normal",
                  "Path": "image/ui/poker/unit/red10.png",
                  "Plist": ""
                },
                "BlendFunc": {
                  "Src": 1,
                  "Dst": 771
                },
                "AnchorPoint": {
                  "ScaleX": 0.5,
                  "ScaleY": 0.5
                },
                "Position": {
                  "X": 142.4048,
                  "Y": -0.5591
                },
                "Scale": {
                  "ScaleX": 1.0,
                  "ScaleY": 1.0
                },
                "CColor": {},
                "IconVisible": false,
                "PrePosition": {
                  "X": 0.0,
                  "Y": 0.0
                },
                "PreSize": {
                  "X": 0.0,
                  "Y": 0.0
                },
                "LeftMargin": 121.4048,
                "RightMargin": -163.4048,
                "TopMargin": -26.4409,
                "BottomMargin": -27.5591,
                "Tag": 65,
                "ActionTag": -1208085558,
                "Size": {
                  "X": 42.0,
                  "Y": 54.0
                },
                "Name": "niao",
                "ctype": "SpriteObjectData"
              },
              {
                "FileData": {
                  "Type": "Normal",
                  "Path": "image/ui/poker/jiesuan/di1.png",
                  "Plist": ""
                },
                "BlendFunc": {
                  "Src": 1,
                  "Dst": 771
                },
                "AnchorPoint": {
                  "ScaleX": 0.5,
                  "ScaleY": 0.5
                },
                "Position": {
                  "X": 447.1312,
                  "Y": 0.0038
                },
                "Scale": {
                  "ScaleX": 1.0,
                  "ScaleY": 1.0
                },
                "CColor": {},
                "IconVisible": false,
                "PrePosition": {
                  "X": 0.0,
                  "Y": 0.0
                },
                "PreSize": {
                  "X": 0.0,
                  "Y": 0.0
                },
                "LeftMargin": 168.1312,
                "RightMargin": -726.1312,
                "TopMargin": -29.0038,
                "BottomMargin": -28.9962,
                "Tag": 1497,
                "ActionTag": 1001553584,
                "Size": {
                  "X": 558.0,
                  "Y": 58.0
                },
                "Name": "Sprite_5",
                "ctype": "SpriteObjectData"
              },
              {
                "FontSize": 32,
                "LabelText": "00张",
                "FontResource": {
                  "Type": "Normal",
                  "Path": "image/fonts/FZZY.TTF",
                  "Plist": ""
                },
                "HorizontalAlignmentType": "HT_Center",
                "VerticalAlignmentType": "VT_Center",
                "OutlineColor": {
                  "R": 61,
                  "G": 55,
                  "B": 55
                },
                "ShadowColor": {
                  "R": 110,
                  "G": 110,
                  "B": 110
                },
                "ShadowOffsetX": 2.0,
                "ShadowOffsetY": -2.0,
                "AnchorPoint": {
                  "ScaleX": 0.5,
                  "ScaleY": 0.5
                },
                "Position": {
                  "X": 584.9596,
                  "Y": -1.0005
                },
                "Scale": {
                  "ScaleX": 1.0,
                  "ScaleY": 1.0
                },
                "CColor": {},
                "IconVisible": false,
                "PrePosition": {
                  "X": 0.0,
                  "Y": 0.0
                },
                "PreSize": {
                  "X": 0.0,
                  "Y": 0.0
                },
                "LeftMargin": 550.4596,
                "RightMargin": -619.4596,
                "TopMargin": -16.9995,
                "BottomMargin": -19.0005,
                "Tag": 255,
                "ActionTag": -1506098457,
                "Size": {
                  "X": 69.0,
                  "Y": 36.0
                },
                "Name": "lb_left",
                "ctype": "TextObjectData"
              },
              {
                "FontSize": 48,
                "LabelText": "123456",
                "FontResource": {
                  "Type": "Normal",
                  "Path": "image/fonts/FZZY.TTF",
                  "Plist": ""
                },
                "HorizontalAlignmentType": "HT_Center",
                "OutlineColor": {
                  "G": 0,
                  "B": 0
                },
                "ShadowColor": {
                  "R": 110,
                  "G": 110,
                  "B": 110
                },
                "ShadowOffsetX": 2.0,
                "ShadowOffsetY": -2.0,
                "AnchorPoint": {
                  "ScaleX": 0.5,
                  "ScaleY": 0.5
                },
                "Position": {
                  "X": 740.1919,
                  "Y": -0.9967
                },
                "Scale": {
                  "ScaleX": 1.0,
                  "ScaleY": 1.0
                },
                "CColor": {
                  "G": 224,
                  "B": 139
                },
                "IconVisible": false,
                "PrePosition": {
                  "X": 0.0,
                  "Y": 0.0
                },
                "PreSize": {
                  "X": 0.0,
                  "Y": 0.0
                },
                "LeftMargin": 666.1919,
                "RightMargin": -814.1919,
                "TopMargin": -26.5033,
                "BottomMargin": -28.4967,
                "Tag": 1499,
                "ActionTag": -1514232455,
                "Size": {
                  "X": 148.0,
                  "Y": 55.0
                },
                "Name": "txt_score",
                "ctype": "TextObjectData"
              },
              {
                "FontSize": 30,
                "LabelText": "昵称最多五",
                "FontResource": {
                  "Type": "Normal",
                  "Path": "image/fonts/FZZY.TTF",
                  "Plist": ""
                },
                "HorizontalAlignmentType": "HT_Center",
                "OutlineColor": {
                  "G": 0,
                  "B": 0
                },
                "ShadowColor": {
                  "R": 110,
                  "G": 110,
                  "B": 110
                },
                "ShadowOffsetX": 2.0,
                "ShadowOffsetY": -2.0,
                "AnchorPoint": {
                  "ScaleY": 0.5
                },
                "Position": {
                  "X": 188.5788,
                  "Y": -0.9967
                },
                "Scale": {
                  "ScaleX": 1.0,
                  "ScaleY": 1.0
                },
                "CColor": {},
                "IconVisible": false,
                "PrePosition": {
                  "X": 0.0,
                  "Y": 0.0
                },
                "PreSize": {
                  "X": 0.0,
                  "Y": 0.0
                },
                "LeftMargin": 188.5788,
                "RightMargin": -342.5788,
                "TopMargin": -16.0033,
                "BottomMargin": -17.9967,
                "Tag": 1500,
                "ActionTag": -586565068,
                "Size": {
                  "X": 154.0,
                  "Y": 34.0
                },
                "Name": "txt_name",
                "ctype": "TextObjectData"
              },
              {
                "FontSize": 30,
                "LabelText": "12345678",
                "FontResource": {
                  "Type": "Normal",
                  "Path": "image/fonts/FZZY.TTF",
                  "Plist": ""
                },
                "HorizontalAlignmentType": "HT_Center",
                "OutlineColor": {
                  "G": 0,
                  "B": 0
                },
                "ShadowColor": {
                  "R": 110,
                  "G": 110,
                  "B": 110
                },
                "ShadowOffsetX": 2.0,
                "ShadowOffsetY": -2.0,
                "AnchorPoint": {
                  "ScaleX": 0.5,
                  "ScaleY": 0.5
                },
                "Position": {
                  "X": 434.2854,
                  "Y": -0.9967
                },
                "Scale": {
                  "ScaleX": 1.0,
                  "ScaleY": 1.0
                },
                "CColor": {},
                "IconVisible": false,
                "PrePosition": {
                  "X": 0.0,
                  "Y": 0.0
                },
                "PreSize": {
                  "X": 0.0,
                  "Y": 0.0
                },
                "LeftMargin": 372.2854,
                "RightMargin": -496.2854,
                "TopMargin": -16.0033,
                "BottomMargin": -17.9967,
                "Tag": 1501,
                "ActionTag": 1449677111,
                "Size": {
                  "X": 124.0,
                  "Y": 34.0
                },
                "Name": "txt_id",
                "ctype": "TextObjectData"
              }
            ],
            "ActionTag": 2060557034,
            "Size": {
              "X": 0.0,
              "Y": 0.0
            },
            "Name": "info0",
            "ctype": "SingleNodeObjectData"
          },
          {
            "AnchorPoint": {},
            "Position": {
              "X": 232.5173,
              "Y": 347.8125
            },
            "Scale": {
              "ScaleX": 1.0,
              "ScaleY": 1.0
            },
            "CColor": {},
            "IconVisible": true,
            "PrePosition": {
              "X": 0.1817,
              "Y": 0.4831
            },
            "PreSize": {
              "X": 0.0,
              "Y": 0.0
            },
            "LeftMargin": 232.5173,
            "RightMargin": 1047.4827,
            "TopMargin": 372.1875,
            "BottomMargin": 347.8125,
            "Tag": 1506,
            "Children": [
              {
                "FileData": {
                  "Type": "Normal",
                  "Path": "image/ui/poker/unit/spring.png",
                  "Plist": ""
                },
                "BlendFunc": {
                  "Src": 1,
                  "Dst": 771
                },
                "AnchorPoint": {
                  "ScaleX": 0.6114,
                  "ScaleY": 5.9241
                },
                "Position": {
                  "X": 9.0,
                  "Y": 300.0001
                },
                "Scale": {
                  "ScaleX": 1.0,
                  "ScaleY": 1.0
                },
                "CColor": {},
                "IconVisible": false,
                "PrePosition": {
                  "X": 0.0,
                  "Y": 0.0
                },
                "PreSize": {
                  "X": 0.0,
                  "Y": 0.0
                },
                "LeftMargin": -52.7514,
                "RightMargin": -48.2486,
                "TopMargin": -24.2505,
                "BottomMargin": -31.7495,
                "Tag": 823,
                "ActionTag": -1271297662,
                "Size": {
                  "X": 101.0,
                  "Y": 56.0
                },
                "Name": "spring",
                "ctype": "SpriteObjectData"
              },
              {
                "FileData": {
                  "Type": "Normal",
                  "Path": "image/ui/transparent/transparent_64x64.png",
                  "Plist": ""
                },
                "BlendFunc": {
                  "Src": 1,
                  "Dst": 771
                },
                "AnchorPoint": {
                  "ScaleX": 0.5,
                  "ScaleY": 0.5
                },
                "Position": {
                  "X": 80.0,
                  "Y": 0.0
                },
                "Scale": {
                  "ScaleX": 1.02,
                  "ScaleY": 1.02
                },
                "CColor": {},
                "IconVisible": false,
                "PrePosition": {
                  "X": 0.0,
                  "Y": 0.0
                },
                "PreSize": {
                  "X": 0.0,
                  "Y": 0.0
                },
                "LeftMargin": 48.0,
                "RightMargin": -112.0,
                "TopMargin": -32.0,
                "BottomMargin": -32.0,
                "Tag": 1507,
                "ActionTag": 1810836925,
                "Size": {
                  "X": 64.0,
                  "Y": 64.0
                },
                "Name": "head",
                "ctype": "SpriteObjectData"
              },
              {
                "FileData": {
                  "Type": "Normal",
                  "Path": "image/ui/poker/unit/red10.png",
                  "Plist": ""
                },
                "BlendFunc": {
                  "Src": 1,
                  "Dst": 771
                },
                "AnchorPoint": {
                  "ScaleX": 0.5,
                  "ScaleY": 0.5
                },
                "Position": {
                  "X": 142.4042,
                  "Y": -0.5616
                },
                "Scale": {
                  "ScaleX": 1.0,
                  "ScaleY": 1.0
                },
                "CColor": {},
                "IconVisible": false,
                "PrePosition": {
                  "X": 0.0,
                  "Y": 0.0
                },
                "PreSize": {
                  "X": 0.0,
                  "Y": 0.0
                },
                "LeftMargin": 121.4042,
                "RightMargin": -163.4042,
                "TopMargin": -26.4384,
                "BottomMargin": -27.5616,
                "Tag": 1508,
                "ActionTag": 696504011,
                "Size": {
                  "X": 42.0,
                  "Y": 54.0
                },
                "Name": "niao",
                "ctype": "SpriteObjectData"
              },
              {
                "FileData": {
                  "Type": "Normal",
                  "Path": "image/ui/poker/jiesuan/di1.png",
                  "Plist": ""
                },
                "BlendFunc": {
                  "Src": 1,
                  "Dst": 771
                },
                "AnchorPoint": {
                  "ScaleX": 0.5,
                  "ScaleY": 0.5
                },
                "Position": {
                  "X": 447.1307,
                  "Y": 0.0
                },
                "Scale": {
                  "ScaleX": 1.0,
                  "ScaleY": 1.0
                },
                "CColor": {},
                "IconVisible": false,
                "PrePosition": {
                  "X": 0.0,
                  "Y": 0.0
                },
                "PreSize": {
                  "X": 0.0,
                  "Y": 0.0
                },
                "LeftMargin": 168.1307,
                "RightMargin": -726.1307,
                "TopMargin": -29.0,
                "BottomMargin": -29.0,
                "Tag": 1509,
                "ActionTag": 1348145492,
                "Size": {
                  "X": 558.0,
                  "Y": 58.0
                },
                "Name": "Sprite_5",
                "ctype": "SpriteObjectData"
              },
              {
                "FontSize": 32,
                "LabelText": "00张",
                "FontResource": {
                  "Type": "Normal",
                  "Path": "image/fonts/FZZY.TTF",
                  "Plist": ""
                },
                "HorizontalAlignmentType": "HT_Center",
                "VerticalAlignmentType": "VT_Center",
                "OutlineColor": {
                  "R": 61,
                  "G": 55,
                  "B": 55
                },
                "ShadowColor": {
                  "R": 110,
                  "G": 110,
                  "B": 110
                },
                "ShadowOffsetX": 2.0,
                "ShadowOffsetY": -2.0,
                "AnchorPoint": {
                  "ScaleX": 0.5,
                  "ScaleY": 0.5
                },
                "Position": {
                  "X": 584.9545,
                  "Y": -1.0006
                },
                "Scale": {
                  "ScaleX": 1.0,
                  "ScaleY": 1.0
                },
                "CColor": {},
                "IconVisible": false,
                "PrePosition": {
                  "X": 0.0,
                  "Y": 0.0
                },
                "PreSize": {
                  "X": 0.0,
                  "Y": 0.0
                },
                "LeftMargin": 550.4545,
                "RightMargin": -619.4545,
                "TopMargin": -16.9994,
                "BottomMargin": -19.0006,
                "Tag": 1510,
                "ActionTag": 929857424,
                "Size": {
                  "X": 69.0,
                  "Y": 36.0
                },
                "Name": "lb_left",
                "ctype": "TextObjectData"
              },
              {
                "FontSize": 48,
                "LabelText": "123456",
                "FontResource": {
                  "Type": "Normal",
                  "Path": "image/fonts/FZZY.TTF",
                  "Plist": ""
                },
                "HorizontalAlignmentType": "HT_Center",
                "OutlineColor": {
                  "G": 0,
                  "B": 0
                },
                "ShadowColor": {
                  "R": 110,
                  "G": 110,
                  "B": 110
                },
                "ShadowOffsetX": 2.0,
                "ShadowOffsetY": -2.0,
                "AnchorPoint": {
                  "ScaleX": 0.5,
                  "ScaleY": 0.5
                },
                "Position": {
                  "X": 740.1918,
                  "Y": -1.0006
                },
                "Scale": {
                  "ScaleX": 1.0,
                  "ScaleY": 1.0
                },
                "CColor": {
                  "G": 224,
                  "B": 139
                },
                "IconVisible": false,
                "PrePosition": {
                  "X": 0.0,
                  "Y": 0.0
                },
                "PreSize": {
                  "X": 0.0,
                  "Y": 0.0
                },
                "LeftMargin": 666.1918,
                "RightMargin": -814.1918,
                "TopMargin": -26.4994,
                "BottomMargin": -28.5006,
                "Tag": 1511,
                "ActionTag": 1361523231,
                "Size": {
                  "X": 148.0,
                  "Y": 55.0
                },
                "Name": "txt_score",
                "ctype": "TextObjectData"
              },
              {
                "FontSize": 30,
                "LabelText": "昵称最多五",
                "FontResource": {
                  "Type": "Normal",
                  "Path": "image/fonts/FZZY.TTF",
                  "Plist": ""
                },
                "HorizontalAlignmentType": "HT_Center",
                "OutlineColor": {
                  "G": 0,
                  "B": 0
                },
                "ShadowColor": {
                  "R": 110,
                  "G": 110,
                  "B": 110
                },
                "ShadowOffsetX": 2.0,
                "ShadowOffsetY": -2.0,
                "AnchorPoint": {
                  "ScaleY": 0.5
                },
                "Position": {
                  "X": 188.5772,
                  "Y": -1.0006
                },
                "Scale": {
                  "ScaleX": 1.0,
                  "ScaleY": 1.0
                },
                "CColor": {},
                "IconVisible": false,
                "PrePosition": {
                  "X": 0.0,
                  "Y": 0.0
                },
                "PreSize": {
                  "X": 0.0,
                  "Y": 0.0
                },
                "LeftMargin": 188.5772,
                "RightMargin": -342.5772,
                "TopMargin": -15.9994,
                "BottomMargin": -18.0006,
                "Tag": 1512,
                "ActionTag": 1680301787,
                "Size": {
                  "X": 154.0,
                  "Y": 34.0
                },
                "Name": "txt_name",
                "ctype": "TextObjectData"
              },
              {
                "FontSize": 30,
                "LabelText": "12345678",
                "FontResource": {
                  "Type": "Normal",
                  "Path": "image/fonts/FZZY.TTF",
                  "Plist": ""
                },
                "HorizontalAlignmentType": "HT_Center",
                "OutlineColor": {
                  "G": 0,
                  "B": 0
                },
                "ShadowColor": {
                  "R": 110,
                  "G": 110,
                  "B": 110
                },
                "ShadowOffsetX": 2.0,
                "ShadowOffsetY": -2.0,
                "AnchorPoint": {
                  "ScaleX": 0.5,
                  "ScaleY": 0.5
                },
                "Position": {
                  "X": 434.2847,
                  "Y": -1.0006
                },
                "Scale": {
                  "ScaleX": 1.0,
                  "ScaleY": 1.0
                },
                "CColor": {},
                "IconVisible": false,
                "PrePosition": {
                  "X": 0.0,
                  "Y": 0.0
                },
                "PreSize": {
                  "X": 0.0,
                  "Y": 0.0
                },
                "LeftMargin": 372.2847,
                "RightMargin": -496.2847,
                "TopMargin": -15.9994,
                "BottomMargin": -18.0006,
                "Tag": 1513,
                "ActionTag": 1293394242,
                "Size": {
                  "X": 124.0,
                  "Y": 34.0
                },
                "Name": "txt_id",
                "ctype": "TextObjectData"
              }
            ],
            "ActionTag": -1368079803,
            "Size": {
              "X": 0.0,
              "Y": 0.0
            },
            "Name": "info1",
            "ctype": "SingleNodeObjectData"
          },
          {
            "AnchorPoint": {},
            "Position": {
              "X": 232.5173,
              "Y": 244.31
            },
            "Scale": {
              "ScaleX": 1.0,
              "ScaleY": 1.0
            },
            "CColor": {},
            "IconVisible": true,
            "PrePosition": {
              "X": 0.1817,
              "Y": 0.3393
            },
            "PreSize": {
              "X": 0.0,
              "Y": 0.0
            },
            "LeftMargin": 232.5173,
            "RightMargin": 1047.4827,
            "TopMargin": 475.69,
            "BottomMargin": 244.31,
            "Tag": 1514,
            "Children": [
              {
                "FileData": {
                  "Type": "Normal",
                  "Path": "image/ui/poker/unit/spring.png",
                  "Plist": ""
                },
                "BlendFunc": {
                  "Src": 1,
                  "Dst": 771
                },
                "AnchorPoint": {
                  "ScaleX": 0.6114,
                  "ScaleY": 5.9241
                },
                "Position": {
                  "X": 9.0,
                  "Y": 300.0
                },
                "Scale": {
                  "ScaleX": 1.0,
                  "ScaleY": 1.0
                },
                "CColor": {},
                "IconVisible": false,
                "PrePosition": {
                  "X": 0.0,
                  "Y": 0.0
                },
                "PreSize": {
                  "X": 0.0,
                  "Y": 0.0
                },
                "LeftMargin": -52.7514,
                "RightMargin": -48.2486,
                "TopMargin": -24.2504,
                "BottomMargin": -31.7496,
                "Tag": 824,
                "ActionTag": 1230189623,
                "Size": {
                  "X": 101.0,
                  "Y": 56.0
                },
                "Name": "spring",
                "ctype": "SpriteObjectData"
              },
              {
                "FileData": {
                  "Type": "Normal",
                  "Path": "image/ui/transparent/transparent_64x64.png",
                  "Plist": ""
                },
                "BlendFunc": {
                  "Src": 1,
                  "Dst": 771
                },
                "AnchorPoint": {
                  "ScaleX": 0.5,
                  "ScaleY": 0.5
                },
                "Position": {
                  "X": 80.0,
                  "Y": 0.0
                },
                "Scale": {
                  "ScaleX": 1.02,
                  "ScaleY": 1.02
                },
                "CColor": {},
                "IconVisible": false,
                "PrePosition": {
                  "X": 0.0,
                  "Y": 0.0
                },
                "PreSize": {
                  "X": 0.0,
                  "Y": 0.0
                },
                "LeftMargin": 48.0,
                "RightMargin": -112.0,
                "TopMargin": -32.0,
                "BottomMargin": -32.0,
                "Tag": 1515,
                "ActionTag": -591384416,
                "Size": {
                  "X": 64.0,
                  "Y": 64.0
                },
                "Name": "head",
                "ctype": "SpriteObjectData"
              },
              {
                "FileData": {
                  "Type": "Normal",
                  "Path": "image/ui/poker/unit/red10.png",
                  "Plist": ""
                },
                "BlendFunc": {
                  "Src": 1,
                  "Dst": 771
                },
                "AnchorPoint": {
                  "ScaleX": 0.5,
                  "ScaleY": 0.5
                },
                "Position": {
                  "X": 142.4042,
                  "Y": -0.562
                },
                "Scale": {
                  "ScaleX": 1.0,
                  "ScaleY": 1.0
                },
                "CColor": {},
                "IconVisible": false,
                "PrePosition": {
                  "X": 0.0,
                  "Y": 0.0
                },
                "PreSize": {
                  "X": 0.0,
                  "Y": 0.0
                },
                "LeftMargin": 121.4042,
                "RightMargin": -163.4042,
                "TopMargin": -26.438,
                "BottomMargin": -27.562,
                "Tag": 1516,
                "ActionTag": -734600836,
                "Size": {
                  "X": 42.0,
                  "Y": 54.0
                },
                "Name": "niao",
                "ctype": "SpriteObjectData"
              },
              {
                "FileData": {
                  "Type": "Normal",
                  "Path": "image/ui/poker/jiesuan/di1.png",
                  "Plist": ""
                },
                "BlendFunc": {
                  "Src": 1,
                  "Dst": 771
                },
                "AnchorPoint": {
                  "ScaleX": 0.5,
                  "ScaleY": 0.5
                },
                "Position": {
                  "X": 447.1307,
                  "Y": 0.0
                },
                "Scale": {
                  "ScaleX": 1.0,
                  "ScaleY": 1.0
                },
                "CColor": {},
                "IconVisible": false,
                "PrePosition": {
                  "X": 0.0,
                  "Y": 0.0
                },
                "PreSize": {
                  "X": 0.0,
                  "Y": 0.0
                },
                "LeftMargin": 168.1307,
                "RightMargin": -726.1307,
                "TopMargin": -29.0,
                "BottomMargin": -29.0,
                "Tag": 1517,
                "ActionTag": -146052294,
                "Size": {
                  "X": 558.0,
                  "Y": 58.0
                },
                "Name": "Sprite_5",
                "ctype": "SpriteObjectData"
              },
              {
                "FontSize": 32,
                "LabelText": "00张",
                "FontResource": {
                  "Type": "Normal",
                  "Path": "image/fonts/FZZY.TTF",
                  "Plist": ""
                },
                "HorizontalAlignmentType": "HT_Center",
                "VerticalAlignmentType": "VT_Center",
                "OutlineColor": {
                  "R": 61,
                  "G": 55,
                  "B": 55
                },
                "ShadowColor": {
                  "R": 110,
                  "G": 110,
                  "B": 110
                },
                "ShadowOffsetX": 2.0,
                "ShadowOffsetY": -2.0,
                "AnchorPoint": {
                  "ScaleX": 0.5,
                  "ScaleY": 0.5
                },
                "Position": {
                  "X": 584.9545,
                  "Y": -1.0006
                },
                "Scale": {
                  "ScaleX": 1.0,
                  "ScaleY": 1.0
                },
                "CColor": {},
                "IconVisible": false,
                "PrePosition": {
                  "X": 0.0,
                  "Y": 0.0
                },
                "PreSize": {
                  "X": 0.0,
                  "Y": 0.0
                },
                "LeftMargin": 550.4545,
                "RightMargin": -619.4545,
                "TopMargin": -16.9994,
                "BottomMargin": -19.0006,
                "Tag": 1518,
                "ActionTag": 496088671,
                "Size": {
                  "X": 69.0,
                  "Y": 36.0
                },
                "Name": "lb_left",
                "ctype": "TextObjectData"
              },
              {
                "FontSize": 48,
                "LabelText": "123456",
                "FontResource": {
                  "Type": "Normal",
                  "Path": "image/fonts/FZZY.TTF",
                  "Plist": ""
                },
                "HorizontalAlignmentType": "HT_Center",
                "OutlineColor": {
                  "G": 0,
                  "B": 0
                },
                "ShadowColor": {
                  "R": 110,
                  "G": 110,
                  "B": 110
                },
                "ShadowOffsetX": 2.0,
                "ShadowOffsetY": -2.0,
                "AnchorPoint": {
                  "ScaleX": 0.5,
                  "ScaleY": 0.5
                },
                "Position": {
                  "X": 740.1918,
                  "Y": -1.0007
                },
                "Scale": {
                  "ScaleX": 1.0,
                  "ScaleY": 1.0
                },
                "CColor": {
                  "G": 224,
                  "B": 139
                },
                "IconVisible": false,
                "PrePosition": {
                  "X": 0.0,
                  "Y": 0.0
                },
                "PreSize": {
                  "X": 0.0,
                  "Y": 0.0
                },
                "LeftMargin": 666.1918,
                "RightMargin": -814.1918,
                "TopMargin": -26.4993,
                "BottomMargin": -28.5007,
                "Tag": 1519,
                "ActionTag": 114326904,
                "Size": {
                  "X": 148.0,
                  "Y": 55.0
                },
                "Name": "txt_score",
                "ctype": "TextObjectData"
              },
              {
                "FontSize": 30,
                "LabelText": "昵称最多五",
                "FontResource": {
                  "Type": "Normal",
                  "Path": "image/fonts/FZZY.TTF",
                  "Plist": ""
                },
                "HorizontalAlignmentType": "HT_Center",
                "OutlineColor": {
                  "G": 0,
                  "B": 0
                },
                "ShadowColor": {
                  "R": 110,
                  "G": 110,
                  "B": 110
                },
                "ShadowOffsetX": 2.0,
                "ShadowOffsetY": -2.0,
                "AnchorPoint": {
                  "ScaleY": 0.5
                },
                "Position": {
                  "X": 188.5772,
                  "Y": -1.0006
                },
                "Scale": {
                  "ScaleX": 1.0,
                  "ScaleY": 1.0
                },
                "CColor": {},
                "IconVisible": false,
                "PrePosition": {
                  "X": 0.0,
                  "Y": 0.0
                },
                "PreSize": {
                  "X": 0.0,
                  "Y": 0.0
                },
                "LeftMargin": 188.5772,
                "RightMargin": -342.5772,
                "TopMargin": -15.9994,
                "BottomMargin": -18.0006,
                "Tag": 1520,
                "ActionTag": -1801328989,
                "Size": {
                  "X": 154.0,
                  "Y": 34.0
                },
                "Name": "txt_name",
                "ctype": "TextObjectData"
              },
              {
                "FontSize": 30,
                "LabelText": "12345678",
                "FontResource": {
                  "Type": "Normal",
                  "Path": "image/fonts/FZZY.TTF",
                  "Plist": ""
                },
                "HorizontalAlignmentType": "HT_Center",
                "OutlineColor": {
                  "G": 0,
                  "B": 0
                },
                "ShadowColor": {
                  "R": 110,
                  "G": 110,
                  "B": 110
                },
                "ShadowOffsetX": 2.0,
                "ShadowOffsetY": -2.0,
                "AnchorPoint": {
                  "ScaleX": 0.5,
                  "ScaleY": 0.5
                },
                "Position": {
                  "X": 434.2847,
                  "Y": -1.0006
                },
                "Scale": {
                  "ScaleX": 1.0,
                  "ScaleY": 1.0
                },
                "CColor": {},
                "IconVisible": false,
                "PrePosition": {
                  "X": 0.0,
                  "Y": 0.0
                },
                "PreSize": {
                  "X": 0.0,
                  "Y": 0.0
                },
                "LeftMargin": 372.2847,
                "RightMargin": -496.2847,
                "TopMargin": -15.9994,
                "BottomMargin": -18.0006,
                "Tag": 1521,
                "ActionTag": 241064653,
                "Size": {
                  "X": 124.0,
                  "Y": 34.0
                },
                "Name": "txt_id",
                "ctype": "TextObjectData"
              }
            ],
            "ActionTag": 1331616191,
            "Size": {
              "X": 0.0,
              "Y": 0.0
            },
            "Name": "info2",
            "ctype": "SingleNodeObjectData"
          }
        ],
        "Size": {
          "X": 1280.0,
          "Y": 720.0
        },
        "Name": "Scene",
        "ctype": "SingleNodeObjectData"
      },
      "UsedResources": [
        "../../image/fonts/FZZY.TTF",
        "../../image/ui/poker/jiesuan/di1.png",
        "../../image/ui/poker/jiesuan/shengli_bg.png",
        "../../image/ui/poker/jiesuan/shibai_bg.png",
        "../../image/ui/poker/jiesuan/word_shengli.png",
        "../../image/ui/poker/jiesuan/word_shibai.png",
        "../../image/ui/poker/table/btn_cheng1.png",
        "../../image/ui/poker/unit/red10.png",
        "../../image/ui/poker/unit/spring.png",
        "../../image/ui/room/room_close.png",
        "../../image/ui/transparent/transparent_64x64.png"
      ],
      "ctype": "GameFileData"
    }
  },
  "Type": "Scene"
}