{
  "ID": "e636d66f-a2b5-458a-ada4-8c87f9b7f6a2",
  "Version": "3.10.0.0",
  "Name": "History",
  "Content": {
    "Content": {
      "Animation": {
        "Duration": 0,
        "Speed": 1.0,
        "Timelines": [],
        "ctype": "TimelineActionData"
      },
      "AnimationList": [],
      "ObjectData": {
        "Tag": 55,
        "Children": [
          {
            "ClipAble": false,
            "BackColorAlpha": 127,
            "ComboBoxIndex": 1,
            "SingleColor": {
              "R": 0,
              "G": 0,
              "B": 0
            },
            "FirstColor": {
              "R": 150,
              "G": 200
            },
            "EndColor": {},
            "ColorVector": {
              "ScaleY": 1.0
            },
            "Scale9Width": 1,
            "Scale9Height": 1,
            "TouchEnable": true,
            "AnchorPoint": {},
            "Position": {
              "X": 0.0,
              "Y": 0.0
            },
            "Scale": {
              "ScaleX": 1.0,
              "ScaleY": 1.0
            },
            "CColor": {},
            "IconVisible": false,
            "PrePosition": {
              "X": 0.0,
              "Y": 0.0
            },
            "PercentWidthEnable": true,
            "PercentHeightEnable": true,
            "PercentWidthEnabled": true,
            "PercentHeightEnabled": true,
            "PreSize": {
              "X": 1.0,
              "Y": 1.0
            },
            "Tag": 1071,
            "ActionTag": -1300199479,
            "Size": {
              "X": 1280.0,
              "Y": 720.0
            },
            "Name": "root",
            "ctype": "PanelObjectData"
          },
          {
            "FileData": {
              "Type": "Normal",
              "Path": "image/ui/history/history_bg.png",
              "Plist": ""
            },
            "BlendFunc": {
              "Src": 1,
              "Dst": 771
            },
            "AnchorPoint": {
              "ScaleY": 0.5
            },
            "Position": {
              "X": 640.0,
              "Y": 357.6597
            },
            "Scale": {
              "ScaleX": 1.0,
              "ScaleY": 1.0
            },
            "CColor": {},
            "IconVisible": false,
            "PositionPercentXEnabled": true,
            "PrePosition": {
              "X": 0.5,
              "Y": 0.4967
            },
            "PreSize": {
              "X": 0.4875,
              "Y": 0.9708
            },
            "LeftMargin": 640.0,
            "RightMargin": 16.0,
            "TopMargin": 12.8403,
            "BottomMargin": 8.1597,
            "Tag": 3797,
            "ActionTag": 2075264247,
            "Size": {
              "X": 624.0,
              "Y": 699.0
            },
            "Name": "history_bg_1",
            "ctype": "SpriteObjectData"
          },
          {
            "FileData": {
              "Type": "Normal",
              "Path": "image/ui/history/history_bg.png",
              "Plist": ""
            },
            "BlendFunc": {
              "Src": 1,
              "Dst": 771
            },
            "AnchorPoint": {
              "ScaleY": 0.5
            },
            "Position": {
              "X": 640.0,
              "Y": 357.6599
            },
            "Scale": {
              "ScaleX": 1.0,
              "ScaleY": -1.0
            },
            "RotationSkewX": 180.0,
            "RotationSkewY": 180.0,
            "CColor": {},
            "IconVisible": false,
            "PositionPercentXEnabled": true,
            "PrePosition": {
              "X": 0.5,
              "Y": 0.4967
            },
            "PreSize": {
              "X": 0.4875,
              "Y": 0.9708
            },
            "LeftMargin": 640.0,
            "RightMargin": 16.0,
            "TopMargin": 12.8401,
            "BottomMargin": 8.1599,
            "Tag": 3798,
            "ActionTag": 330748241,
            "Size": {
              "X": 624.0,
              "Y": 699.0
            },
            "Name": "history_bg_2",
            "ctype": "SpriteObjectData"
          },
          {
            "FileData": {
              "Type": "Normal",
              "Path": "image/ui/history/history_cell3.png",
              "Plist": ""
            },
            "Scale9Enable": true,
            "Scale9OriginX": 22,
            "Scale9OriginY": 22,
            "Scale9Width": 19,
            "Scale9Height": 20,
            "AnchorPoint": {
              "ScaleX": 0.5
            },
            "Position": {
              "X": 640.0,
              "Y": 40.0
            },
            "Scale": {
              "ScaleX": 1.0,
              "ScaleY": 1.0
            },
            "CColor": {},
            "IconVisible": false,
            "PositionPercentXEnabled": true,
            "PrePosition": {
              "X": 0.5,
              "Y": 0.0556
            },
            "PreSize": {
              "X": 0.9375,
              "Y": 0.75
            },
            "LeftMargin": 40.0,
            "RightMargin": 40.0,
            "TopMargin": 140.0,
            "BottomMargin": 40.0,
            "Tag": 1082,
            "ActionTag": -1606217967,
            "Size": {
              "X": 1200.0,
              "Y": 540.0
            },
            "Name": "bg_cell",
            "ctype": "ImageViewObjectData"
          },
          {
            "ClipAble": false,
            "BackColorAlpha": 102,
            "SingleColor": {
              "G": 0,
              "B": 0
            },
            "FirstColor": {
              "R": 150,
              "G": 200
            },
            "EndColor": {},
            "ColorVector": {
              "ScaleY": 1.0
            },
            "Scale9Width": 1,
            "Scale9Height": 1,
            "AnchorPoint": {
              "ScaleX": 0.5
            },
            "Position": {
              "X": 640.0,
              "Y": 37.0
            },
            "Scale": {
              "ScaleX": 1.0,
              "ScaleY": 1.0
            },
            "CColor": {},
            "IconVisible": false,
            "PositionPercentXEnabled": true,
            "PrePosition": {
              "X": 0.5,
              "Y": 0.0514
            },
            "PreSize": {
              "X": 0.9375,
              "Y": 0.75
            },
            "LeftMargin": 40.0,
            "RightMargin": 40.0,
            "TopMargin": 143.0,
            "BottomMargin": 37.0,
            "Tag": 638,
            "ActionTag": 447452536,
            "Size": {
              "X": 1200.0,
              "Y": 540.0
            },
            "Name": "scrollview",
            "ctype": "PanelObjectData"
          },
          {
            "FontSize": 50,
            "LabelText": "暂无战绩, 快去喊小伙伴一起玩吧 :)",
            "FontResource": {
              "Type": "Normal",
              "Path": "image/fonts/FZZY.TTF",
              "Plist": ""
            },
            "HorizontalAlignmentType": "HT_Center",
            "VerticalAlignmentType": "VT_Center",
            "OutlineColor": {
              "R": 0,
              "G": 0,
              "B": 0
            },
            "OutlineEnabled": true,
            "ShadowColor": {
              "R": 110,
              "G": 110,
              "B": 110
            },
            "ShadowOffsetX": 2.0,
            "ShadowOffsetY": -2.0,
            "AnchorPoint": {
              "ScaleX": 0.5,
              "ScaleY": 0.5
            },
            "Position": {
              "X": 640.0,
              "Y": 294.6008
            },
            "Scale": {
              "ScaleX": 1.0,
              "ScaleY": 1.0
            },
            "CColor": {
              "G": 246,
              "B": 70
            },
            "IconVisible": false,
            "PositionPercentXEnabled": true,
            "PrePosition": {
              "X": 0.5,
              "Y": 0.4092
            },
            "PreSize": {
              "X": 0.5977,
              "Y": 0.0819
            },
            "LeftMargin": 257.5,
            "RightMargin": 257.5,
            "TopMargin": 395.8992,
            "BottomMargin": 265.1008,
            "Tag": 363,
            "ActionTag": 1679804034,
            "Size": {
              "X": 765.0,
              "Y": 59.0
            },
            "Name": "lb_nozhanji",
            "ctype": "TextObjectData"
          },
          {
            "FileData": {
              "Type": "Normal",
              "Path": "image/ui/history/history_see.png",
              "Plist": ""
            },
            "BlendFunc": {
              "Src": 1,
              "Dst": 771
            },
            "AnchorPoint": {
              "ScaleX": 0.5,
              "ScaleY": 0.5
            },
            "Position": {
              "X": 1100.0,
              "Y": 610.0
            },
            "Scale": {
              "ScaleX": 1.0,
              "ScaleY": 1.0
            },
            "CColor": {},
            "IconVisible": false,
            "PrePosition": {
              "X": 0.8594,
              "Y": 0.8472
            },
            "PreSize": {
              "X": 0.1359,
              "Y": 0.0833
            },
            "LeftMargin": 1013.0,
            "RightMargin": 93.0,
            "TopMargin": 80.0,
            "BottomMargin": 580.0,
            "Tag": 230,
            "ActionTag": 2073311115,
            "Size": {
              "X": 174.0,
              "Y": 60.0
            },
            "Name": "btOthers",
            "ctype": "SpriteObjectData"
          },
          {
            "FileData": {
              "Type": "Normal",
              "Path": "image/ui/common/titlebg.png",
              "Plist": ""
            },
            "BlendFunc": {
              "Src": 1,
              "Dst": 771
            },
            "AnchorPoint": {
              "ScaleX": 0.5,
              "ScaleY": 0.5
            },
            "Position": {
              "X": 640.0,
              "Y": 671.9948
            },
            "Scale": {
              "ScaleX": 1.0,
              "ScaleY": 1.0
            },
            "CColor": {},
            "IconVisible": false,
            "PositionPercentXEnabled": true,
            "PrePosition": {
              "X": 0.5,
              "Y": 0.9333
            },
            "PreSize": {
              "X": 0.3828,
              "Y": 0.1181
            },
            "LeftMargin": 395.0,
            "RightMargin": 395.0,
            "TopMargin": 5.5052,
            "BottomMargin": 629.4948,
            "Tag": 707,
            "Children": [
              {
                "FileData": {
                  "Type": "Normal",
                  "Path": "image/ui/history/title.png",
                  "Plist": ""
                },
                "BlendFunc": {
                  "Src": 1,
                  "Dst": 771
                },
                "AnchorPoint": {
                  "ScaleX": 0.5,
                  "ScaleY": 0.5
                },
                "Position": {
                  "X": 245.0,
                  "Y": 42.5
                },
                "Scale": {
                  "ScaleX": 1.0,
                  "ScaleY": 1.0
                },
                "CColor": {},
                "IconVisible": false,
                "PositionPercentXEnabled": true,
                "PositionPercentYEnabled": true,
                "PrePosition": {
                  "X": 0.5,
                  "Y": 0.5
                },
                "PreSize": {
                  "X": 0.2796,
                  "Y": 1.0235
                },
                "LeftMargin": 176.5,
                "RightMargin": 176.5,
                "TopMargin": -1.0,
                "BottomMargin": -1.0,
                "Tag": 364,
                "ActionTag": 292901735,
                "Size": {
                  "X": 137.0,
                  "Y": 87.0
                },
                "Name": "title1_1",
                "ctype": "SpriteObjectData"
              }
            ],
            "ActionTag": -1989455268,
            "Size": {
              "X": 490.0,
              "Y": 85.0
            },
            "Name": "titlebg_23",
            "ctype": "SpriteObjectData"
          },
          {
            "FileData": {
              "Type": "Normal",
              "Path": "image/ui/history/history_tab1_1.png",
              "Plist": ""
            },
            "BlendFunc": {
              "Src": 1,
              "Dst": 771
            },
            "AnchorPoint": {
              "ScaleX": 0.5,
              "ScaleY": 0.5
            },
            "Position": {
              "X": 148.0,
              "Y": 610.3475
            },
            "Scale": {
              "ScaleX": 1.0,
              "ScaleY": 1.0
            },
            "CColor": {},
            "IconVisible": false,
            "PrePosition": {
              "X": 0.1156,
              "Y": 0.8477
            },
            "PreSize": {
              "X": 0.1656,
              "Y": 0.0903
            },
            "LeftMargin": 42.0,
            "RightMargin": 1026.0,
            "TopMargin": 77.1525,
            "BottomMargin": 577.8475,
            "Tag": 734,
            "ActionTag": -235497887,
            "Size": {
              "X": 212.0,
              "Y": 65.0
            },
            "Name": "btn_0",
            "ctype": "SpriteObjectData"
          },
          {
            "FileData": {
              "Type": "Normal",
              "Path": "image/ui/history/history_tab2_1.png",
              "Plist": ""
            },
            "BlendFunc": {
              "Src": 1,
              "Dst": 771
            },
            "AnchorPoint": {
              "ScaleX": 0.5,
              "ScaleY": 0.5
            },
            "Position": {
              "X": 320.0,
              "Y": 609.3475
            },
            "Scale": {
              "ScaleX": 1.0,
              "ScaleY": 1.0
            },
            "CColor": {},
            "IconVisible": false,
            "PrePosition": {
              "X": 0.25,
              "Y": 0.8463
            },
            "PreSize": {
              "X": 0.1656,
              "Y": 0.0931
            },
            "LeftMargin": 214.0,
            "RightMargin": 854.0,
            "TopMargin": 77.1525,
            "BottomMargin": 575.8475,
            "Tag": 732,
            "ActionTag": 272557942,
            "Size": {
              "X": 212.0,
              "Y": 67.0
            },
            "Name": "btn_1",
            "ctype": "SpriteObjectData"
          },
          {
            "FileData": {
              "Type": "Normal",
              "Path": "image/ui/history/history_tab3_1.png",
              "Plist": ""
            },
            "BlendFunc": {
              "Src": 1,
              "Dst": 771
            },
            "AnchorPoint": {
              "ScaleX": 0.5,
              "ScaleY": 0.5
            },
            "Position": {
              "X": 492.0,
              "Y": 609.3475
            },
            "Scale": {
              "ScaleX": 1.0,
              "ScaleY": 1.0
            },
            "CColor": {},
            "IconVisible": false,
            "PrePosition": {
              "X": 0.3844,
              "Y": 0.8463
            },
            "PreSize": {
              "X": 0.1656,
              "Y": 0.0931
            },
            "LeftMargin": 386.0,
            "RightMargin": 682.0,
            "TopMargin": 77.1525,
            "BottomMargin": 575.8475,
            "Tag": 1440,
            "ActionTag": 544443821,
            "Size": {
              "X": 212.0,
              "Y": 67.0
            },
            "Name": "btn_2",
            "ctype": "SpriteObjectData"
          },
          {
            "FileData": {
              "Type": "Normal",
              "Path": "image/ui/history/history_tab6_1.png",
              "Plist": ""
            },
            "BlendFunc": {
              "Src": 1,
              "Dst": 771
            },
            "AnchorPoint": {
              "ScaleX": 0.5,
              "ScaleY": 0.5
            },
            "Position": {
              "X": 664.3492,
              "Y": 609.3475
            },
            "Scale": {
              "ScaleX": 1.0,
              "ScaleY": 1.0
            },
            "CColor": {},
            "IconVisible": false,
            "PrePosition": {
              "X": 0.519,
              "Y": 0.8463
            },
            "PreSize": {
              "X": 0.1656,
              "Y": 0.0931
            },
            "LeftMargin": 558.3492,
            "RightMargin": 509.6508,
            "TopMargin": 77.1525,
            "BottomMargin": 575.8475,
            "Tag": 1560,
            "ActionTag": -2137349528,
            "Size": {
              "X": 212.0,
              "Y": 67.0
            },
            "Name": "btn_3",
            "ctype": "SpriteObjectData"
          },
          {
            "FileData": {
              "Type": "Normal",
              "Path": "image/ui/history/history_tab7_1.png",
              "Plist": ""
            },
            "BlendFunc": {
              "Src": 1,
              "Dst": 771
            },
            "AnchorPoint": {
              "ScaleX": 0.5,
              "ScaleY": 0.5
            },
            "Position": {
              "X": 833.2448,
              "Y": 609.3475
            },
            "Scale": {
              "ScaleX": 1.0,
              "ScaleY": 1.0
            },
            "CColor": {},
            "IconVisible": false,
            "PrePosition": {
              "X": 0.651,
              "Y": 0.8463
            },
            "PreSize": {
              "X": 0.1656,
              "Y": 0.0931
            },
            "LeftMargin": 727.2448,
            "RightMargin": 340.7552,
            "TopMargin": 77.1525,
            "BottomMargin": 575.8475,
            "Tag": 1561,
            "ActionTag": -994465525,
            "Size": {
              "X": 212.0,
              "Y": 67.0
            },
            "Name": "btn_4",
            "ctype": "SpriteObjectData"
          },
          {
            "FileData": {
              "Type": "Normal",
              "Path": "image/ui/room/room_close.png",
              "Plist": ""
            },
            "BlendFunc": {
              "Src": 1,
              "Dst": 771
            },
            "AnchorPoint": {
              "ScaleX": 0.5,
              "ScaleY": 0.5
            },
            "Position": {
              "X": 1235.0983,
              "Y": 669.2888
            },
            "Scale": {
              "ScaleX": 1.0,
              "ScaleY": 1.0
            },
            "CColor": {},
            "IconVisible": false,
            "PrePosition": {
              "X": 0.9649,
              "Y": 0.9296
            },
            "PreSize": {
              "X": 0.0719,
              "Y": 0.1389
            },
            "LeftMargin": 1189.0983,
            "RightMargin": -1.0983,
            "TopMargin": 0.7112,
            "BottomMargin": 619.2888,
            "Tag": 708,
            "ActionTag": 1137201569,
            "Size": {
              "X": 92.0,
              "Y": 100.0
            },
            "Name": "btn_back",
            "ctype": "SpriteObjectData"
          }
        ],
        "Size": {
          "X": 1280.0,
          "Y": 720.0
        },
        "Name": "Layer",
        "ctype": "LayerObjectData"
      },
      "UsedResources": [
        "../../image/fonts/FZZY.TTF",
        "../../image/ui/common/titlebg.png",
        "../../image/ui/history/history_bg.png",
        "../../image/ui/history/history_cell3.png",
        "../../image/ui/history/history_see.png",
        "../../image/ui/history/history_tab1_1.png",
        "../../image/ui/history/history_tab2_1.png",
        "../../image/ui/history/history_tab3_1.png",
        "../../image/ui/history/history_tab6_1.png",
        "../../image/ui/history/history_tab7_1.png",
        "../../image/ui/history/title.png",
        "../../image/ui/room/room_close.png"
      ],
      "ctype": "GameFileData"
    }
  },
  "Type": "Layer"
}