{
  "ID": "6407d00c-c076-438e-ac3b-b5f7c8559c7c",
  "Version": "2.3.4",
  "Name": "BDIphone",
  "Content": {
    "Content": {
      "Animation": {
        "Duration": 0,
        "Speed": 1.0,
        "Timelines": [],
        "ctype": "TimelineActionData"
      },
      "AnimationList": [],
      "ObjectData": {
        "Children": [
          {
            "ClipAble": false,
            "BackColorAlpha": 153,
            "SingleColor": {
              "R": 0,
              "G": 0,
              "B": 0
            },
            "FirstColor": {
              "R": 150,
              "G": 200
            },
            "EndColor": {},
            "ColorVector": {
              "ScaleY": 1.0
            },
            "Scale9Width": 1,
            "Scale9Height": 1,
            "TouchEnable": true,
            "AnchorPoint": {},
            "Position": {
              "X": 0.0,
              "Y": 0.0
            },
            "Scale": {
              "ScaleX": 1.0,
              "ScaleY": 1.0
            },
            "CColor": {},
            "IconVisible": false,
            "PrePosition": {
              "X": 0.0,
              "Y": 0.0
            },
            "PercentWidthEnable": true,
            "PercentHeightEnable": true,
            "PercentWidthEnabled": true,
            "PercentHeightEnabled": true,
            "PreSize": {
              "X": 1.0,
              "Y": 1.0
            },
            "Tag": 197,
            "Children": [
              {
                "FileData": {
                  "Type": "Normal",
                  "Path": "appCommon/fydp/image/bg2.png",
                  "Plist": ""
                },
                "Scale9Enable": true,
                "Scale9OriginX": 15,
                "Scale9OriginY": 15,
                "Scale9Width": 662,
                "Scale9Height": 441,
                "AnchorPoint": {
                  "ScaleX": 0.5,
                  "ScaleY": 0.5
                },
                "Position": {
                  "X": 640.0,
                  "Y": 360.0
                },
                "Scale": {
                  "ScaleX": 1.0,
                  "ScaleY": 1.0
                },
                "CColor": {},
                "IconVisible": false,
                "PositionPercentXEnabled": true,
                "PositionPercentYEnabled": true,
                "PrePosition": {
                  "X": 0.5,
                  "Y": 0.5
                },
                "PreSize": {
                  "X": 0.5406,
                  "Y": 0.6542
                },
                "LeftMargin": 294.0,
                "RightMargin": 294.0,
                "TopMargin": 124.5,
                "BottomMargin": 124.5,
                "Tag": 34,
                "Children": [
                  {
                    "FileData": {
                      "Type": "Normal",
                      "Path": "appCommon/fydp/image/bangdingiphone.png",
                      "Plist": ""
                    },
                    "BlendFunc": {
                      "Src": 1,
                      "Dst": 771
                    },
                    "AnchorPoint": {
                      "ScaleX": 0.5,
                      "ScaleY": 0.5
                    },
                    "Position": {
                      "X": 346.0,
                      "Y": 425.5863
                    },
                    "Scale": {
                      "ScaleX": 1.0,
                      "ScaleY": 1.0
                    },
                    "CColor": {},
                    "IconVisible": false,
                    "PrePosition": {
                      "X": 0.5,
                      "Y": 0.9036
                    },
                    "PreSize": {
                      "X": 0.3483,
                      "Y": 0.1125
                    },
                    "LeftMargin": 225.5,
                    "RightMargin": 225.5,
                    "TopMargin": 18.9137,
                    "BottomMargin": 399.0863,
                    "Tag": 93,
                    "ActionTag": 1269985632,
                    "Size": {
                      "X": 241.0,
                      "Y": 53.0
                    },
                    "Name": "bangdingiphone",
                    "ctype": "SpriteObjectData"
                  },
                  {
                    "IsCustomSize": true,
                    "FontSize": 28,
                    "LabelText": "中国北京市朝阳区清河营中街莲花乡池\n镇_______",
                    "OutlineColor": {
                      "G": 0,
                      "B": 0
                    },
                    "ShadowColor": {
                      "R": 110,
                      "G": 110,
                      "B": 110
                    },
                    "ShadowOffsetX": 2.0,
                    "ShadowOffsetY": -2.0,
                    "AnchorPoint": {},
                    "Position": {
                      "X": 73.2237,
                      "Y": 67.0376
                    },
                    "Scale": {
                      "ScaleX": 1.0,
                      "ScaleY": 1.0
                    },
                    "CColor": {},
                    "IconVisible": false,
                    "PrePosition": {
                      "X": 0.1058,
                      "Y": 0.1423
                    },
                    "PreSize": {
                      "X": 0.6908,
                      "Y": 0.1316
                    },
                    "LeftMargin": 73.2237,
                    "RightMargin": 140.7763,
                    "TopMargin": 341.9624,
                    "BottomMargin": 67.0376,
                    "Tag": 12,
                    "ActionTag": -1231999570,
                    "Size": {
                      "X": 478.0,
                      "Y": 62.0
                    },
                    "VisibleForFrame": false,
                    "Name": "lb_ad",
                    "ctype": "TextObjectData"
                  },
                  {
                    "IsCustomSize": true,
                    "FontSize": 32,
                    "LabelText": "踞我9999999999米",
                    "OutlineColor": {
                      "G": 0,
                      "B": 0
                    },
                    "ShadowColor": {
                      "R": 110,
                      "G": 110,
                      "B": 110
                    },
                    "ShadowOffsetX": 2.0,
                    "ShadowOffsetY": -2.0,
                    "AnchorPoint": {},
                    "Position": {
                      "X": 115.2663,
                      "Y": -61.7813
                    },
                    "Scale": {
                      "ScaleX": 1.0,
                      "ScaleY": 1.0
                    },
                    "CColor": {},
                    "IconVisible": false,
                    "PrePosition": {
                      "X": 0.1666,
                      "Y": -0.1312
                    },
                    "PreSize": {
                      "X": 0.578,
                      "Y": 0.1062
                    },
                    "LeftMargin": 115.2663,
                    "RightMargin": 176.7337,
                    "TopMargin": 482.7813,
                    "BottomMargin": -61.7813,
                    "Tag": 13,
                    "ActionTag": 183248147,
                    "Size": {
                      "X": 400.0,
                      "Y": 50.0
                    },
                    "VisibleForFrame": false,
                    "Name": "lb_dt",
                    "ctype": "TextObjectData"
                  },
                  {
                    "IsCustomSize": true,
                    "FontSize": 28,
                    "LabelText": "亲爱的玩家，为了您的账户安全，请务必",
                    "OutlineColor": {
                      "G": 0,
                      "B": 0
                    },
                    "ShadowColor": {
                      "R": 110,
                      "G": 110,
                      "B": 110
                    },
                    "ShadowOffsetX": 2.0,
                    "ShadowOffsetY": -2.0,
                    "AnchorPoint": {
                      "ScaleY": 1.0
                    },
                    "Position": {
                      "X": 75.6945,
                      "Y": 355.8435
                    },
                    "Scale": {
                      "ScaleX": 1.0,
                      "ScaleY": 1.0
                    },
                    "CColor": {
                      "R": 164,
                      "G": 123,
                      "B": 99
                    },
                    "IconVisible": false,
                    "PrePosition": {
                      "X": 0.1094,
                      "Y": 0.7555
                    },
                    "PreSize": {
                      "X": 0.7327,
                      "Y": 0.0679
                    },
                    "LeftMargin": 75.6945,
                    "RightMargin": 109.3055,
                    "TopMargin": 115.1565,
                    "BottomMargin": 323.8435,
                    "Tag": 46,
                    "ActionTag": -815318694,
                    "Size": {
                      "X": 507.0,
                      "Y": 32.0
                    },
                    "Name": "tip2",
                    "ctype": "TextObjectData"
                  },
                  {
                    "IsCustomSize": true,
                    "FontSize": 28,
                    "LabelText": "绑定手机号。",
                    "OutlineColor": {
                      "G": 0,
                      "B": 0
                    },
                    "ShadowColor": {
                      "R": 110,
                      "G": 110,
                      "B": 110
                    },
                    "ShadowOffsetX": 2.0,
                    "ShadowOffsetY": -2.0,
                    "AnchorPoint": {
                      "ScaleY": 1.0
                    },
                    "Position": {
                      "X": 75.6934,
                      "Y": 309.2886
                    },
                    "Scale": {
                      "ScaleX": 1.0,
                      "ScaleY": 1.0
                    },
                    "CColor": {
                      "R": 164,
                      "G": 123,
                      "B": 99
                    },
                    "IconVisible": false,
                    "PrePosition": {
                      "X": 0.1094,
                      "Y": 0.6567
                    },
                    "PreSize": {
                      "X": 0.8136,
                      "Y": 0.0679
                    },
                    "LeftMargin": 75.6934,
                    "RightMargin": 53.3066,
                    "TopMargin": 161.7114,
                    "BottomMargin": 277.2886,
                    "Tag": 494,
                    "ActionTag": 1573693533,
                    "Size": {
                      "X": 563.0,
                      "Y": 32.0
                    },
                    "Name": "tip3",
                    "ctype": "TextObjectData"
                  },
                  {
                    "FileData": {
                      "Type": "Normal",
                      "Path": "appCommon/fydp/image/btn_getma.png",
                      "Plist": ""
                    },
                    "BlendFunc": {
                      "Src": 1,
                      "Dst": 771
                    },
                    "AnchorPoint": {
                      "ScaleX": 0.5,
                      "ScaleY": 0.5
                    },
                    "Position": {
                      "X": 574.2819,
                      "Y": 151.7577
                    },
                    "Scale": {
                      "ScaleX": 1.0,
                      "ScaleY": 1.0
                    },
                    "CColor": {},
                    "IconVisible": false,
                    "PrePosition": {
                      "X": 0.8299,
                      "Y": 0.3222
                    },
                    "PreSize": {
                      "X": 0.2543,
                      "Y": 0.1295
                    },
                    "LeftMargin": 486.2819,
                    "RightMargin": 29.7181,
                    "TopMargin": 288.7423,
                    "BottomMargin": 121.2577,
                    "Tag": 94,
                    "ActionTag": -1534962738,
                    "Size": {
                      "X": 176.0,
                      "Y": 61.0
                    },
                    "Name": "btn_yanzhengma",
                    "ctype": "SpriteObjectData"
                  },
                  {
                    "FileData": {
                      "Type": "Normal",
                      "Path": "appCommon/fydp/image/input_bg1.png",
                      "Plist": ""
                    },
                    "BlendFunc": {
                      "Src": 1,
                      "Dst": 771
                    },
                    "AnchorPoint": {
                      "ScaleX": 0.5,
                      "ScaleY": 0.5
                    },
                    "Position": {
                      "X": 328.7546,
                      "Y": 232.7961
                    },
                    "Scale": {
                      "ScaleX": 1.0,
                      "ScaleY": 1.0
                    },
                    "CColor": {},
                    "IconVisible": false,
                    "PrePosition": {
                      "X": 0.4751,
                      "Y": 0.4943
                    },
                    "PreSize": {
                      "X": 0.4133,
                      "Y": 0.1083
                    },
                    "LeftMargin": 185.7546,
                    "RightMargin": 220.2454,
                    "TopMargin": 212.7039,
                    "BottomMargin": 207.2961,
                    "Tag": 95,
                    "ActionTag": 519872290,
                    "Size": {
                      "X": 286.0,
                      "Y": 51.0
                    },
                    "Name": "input_bg1_3",
                    "ctype": "SpriteObjectData"
                  },
                  {
                    "FontSize": 30,
                    "IsCustomSize": true,
                    "LabelText": "",
                    "PlaceHolderText": "请输入手机号         ",
                    "MaxLengthEnable": true,
                    "MaxLengthText": 11,
                    "TouchEnable": true,
                    "AnchorPoint": {
                      "ScaleY": 0.5
                    },
                    "Position": {
                      "X": 197.1213,
                      "Y": 233.3706
                    },
                    "Scale": {
                      "ScaleX": 1.0,
                      "ScaleY": 1.0
                    },
                    "CColor": {},
                    "IconVisible": false,
                    "PrePosition": {
                      "X": 0.2849,
                      "Y": 0.4955
                    },
                    "PreSize": {
                      "X": 0.3699,
                      "Y": 0.0764
                    },
                    "LeftMargin": 197.1213,
                    "RightMargin": 238.8787,
                    "TopMargin": 219.6294,
                    "BottomMargin": 215.3706,
                    "Tag": 47,
                    "ActionTag": 149022505,
                    "Size": {
                      "X": 256.0,
                      "Y": 36.0
                    },
                    "Name": "input_iphone",
                    "ctype": "TextFieldObjectData"
                  },
                  {
                    "FileData": {
                      "Type": "Normal",
                      "Path": "appCommon/fydp/image/input_bg1.png",
                      "Plist": ""
                    },
                    "BlendFunc": {
                      "Src": 1,
                      "Dst": 771
                    },
                    "AnchorPoint": {
                      "ScaleX": 0.5,
                      "ScaleY": 0.5
                    },
                    "Position": {
                      "X": 328.7573,
                      "Y": 156.8877
                    },
                    "Scale": {
                      "ScaleX": 1.0,
                      "ScaleY": 1.0
                    },
                    "CColor": {},
                    "IconVisible": false,
                    "PrePosition": {
                      "X": 0.4751,
                      "Y": 0.3331
                    },
                    "PreSize": {
                      "X": 0.4133,
                      "Y": 0.1083
                    },
                    "LeftMargin": 185.7573,
                    "RightMargin": 220.2427,
                    "TopMargin": 288.6123,
                    "BottomMargin": 131.3877,
                    "Tag": 491,
                    "ActionTag": -1349286849,
                    "Size": {
                      "X": 286.0,
                      "Y": 51.0
                    },
                    "Name": "input_bg1_3_0",
                    "ctype": "SpriteObjectData"
                  },
                  {
                    "FontSize": 30,
                    "IsCustomSize": true,
                    "LabelText": "",
                    "PlaceHolderText": "请输入验证码",
                    "MaxLengthEnable": true,
                    "MaxLengthText": 6,
                    "TouchEnable": true,
                    "AnchorPoint": {
                      "ScaleY": 0.5
                    },
                    "Position": {
                      "X": 199.5294,
                      "Y": 157.2574
                    },
                    "Scale": {
                      "ScaleX": 1.0,
                      "ScaleY": 1.0
                    },
                    "CColor": {},
                    "IconVisible": false,
                    "PrePosition": {
                      "X": 0.2883,
                      "Y": 0.3339
                    },
                    "PreSize": {
                      "X": 0.2601,
                      "Y": 0.0764
                    },
                    "LeftMargin": 199.5294,
                    "RightMargin": 312.4706,
                    "TopMargin": 295.7426,
                    "BottomMargin": 139.2574,
                    "Tag": 97,
                    "ActionTag": -1646696151,
                    "Size": {
                      "X": 180.0,
                      "Y": 36.0
                    },
                    "Name": "input_yanzheng",
                    "ctype": "TextFieldObjectData"
                  },
                  {
                    "FileData": {
                      "Type": "Normal",
                      "Path": "appCommon/fydp/image/btn_bangding_sure.png",
                      "Plist": ""
                    },
                    "BlendFunc": {
                      "Src": 1,
                      "Dst": 771
                    },
                    "AnchorPoint": {
                      "ScaleX": 0.5,
                      "ScaleY": 0.5
                    },
                    "Position": {
                      "X": 351.059,
                      "Y": 60.2345
                    },
                    "Scale": {
                      "ScaleX": 1.0,
                      "ScaleY": 1.0
                    },
                    "CColor": {},
                    "IconVisible": false,
                    "PrePosition": {
                      "X": 0.5073,
                      "Y": 0.1279
                    },
                    "PreSize": {
                      "X": 0.3685,
                      "Y": 0.2187
                    },
                    "LeftMargin": 223.559,
                    "RightMargin": 213.441,
                    "TopMargin": 359.2655,
                    "BottomMargin": 8.7345,
                    "Tag": 48,
                    "ActionTag": 531519952,
                    "Size": {
                      "X": 255.0,
                      "Y": 103.0
                    },
                    "Name": "btn_bangding",
                    "ctype": "SpriteObjectData"
                  },
                  {
                    "FileData": {
                      "Type": "Normal",
                      "Path": "appCommon/fydp/image/btn_close.png",
                      "Plist": ""
                    },
                    "BlendFunc": {
                      "Src": 1,
                      "Dst": 771
                    },
                    "AnchorPoint": {
                      "ScaleX": 0.5,
                      "ScaleY": 0.5
                    },
                    "Position": {
                      "X": 603.1921,
                      "Y": 432.7562
                    },
                    "Scale": {
                      "ScaleX": 1.0,
                      "ScaleY": 1.0
                    },
                    "CColor": {},
                    "IconVisible": false,
                    "PrePosition": {
                      "X": 0.8717,
                      "Y": 0.9188
                    },
                    "PreSize": {
                      "X": 0.1127,
                      "Y": 0.1614
                    },
                    "LeftMargin": 564.1921,
                    "RightMargin": 49.8079,
                    "TopMargin": 0.2438,
                    "BottomMargin": 394.7562,
                    "Tag": 66,
                    "ActionTag": 1836823775,
                    "Size": {
                      "X": 78.0,
                      "Y": 76.0
                    },
                    "Name": "btn_close",
                    "ctype": "SpriteObjectData"
                  },
                  {
                    "FileData": {
                      "Type": "Normal",
                      "Path": "appCommon/fydp/image/change_iphone.png",
                      "Plist": ""
                    },
                    "BlendFunc": {
                      "Src": 1,
                      "Dst": 771
                    },
                    "AnchorPoint": {
                      "ScaleX": 0.5,
                      "ScaleY": 0.5
                    },
                    "Position": {
                      "X": 346.0,
                      "Y": 426.7036
                    },
                    "Scale": {
                      "ScaleX": 1.0,
                      "ScaleY": 1.0
                    },
                    "CColor": {},
                    "IconVisible": false,
                    "PrePosition": {
                      "X": 0.5,
                      "Y": 0.906
                    },
                    "PreSize": {
                      "X": 0.3497,
                      "Y": 0.1125
                    },
                    "LeftMargin": 225.0,
                    "RightMargin": 225.0,
                    "TopMargin": 17.7964,
                    "BottomMargin": 400.2036,
                    "Tag": 65,
                    "ActionTag": 209786296,
                    "Size": {
                      "X": 242.0,
                      "Y": 53.0
                    },
                    "Name": "change_iphone",
                    "ctype": "SpriteObjectData"
                  },
                  {
                    "FileData": {
                      "Type": "Normal",
                      "Path": "appCommon/fydp/image/sendYZM.png",
                      "Plist": ""
                    },
                    "BlendFunc": {
                      "Src": 1,
                      "Dst": 771
                    },
                    "AnchorPoint": {
                      "ScaleX": 0.5,
                      "ScaleY": 0.5
                    },
                    "Position": {
                      "X": 573.2881,
                      "Y": 150.5684
                    },
                    "Scale": {
                      "ScaleX": 1.0,
                      "ScaleY": 1.0
                    },
                    "CColor": {},
                    "IconVisible": false,
                    "PrePosition": {
                      "X": 0.8285,
                      "Y": 0.3197
                    },
                    "PreSize": {
                      "X": 0.2543,
                      "Y": 0.1295
                    },
                    "LeftMargin": 485.2881,
                    "RightMargin": 30.7119,
                    "TopMargin": 289.9316,
                    "BottomMargin": 120.0684,
                    "Tag": 201,
                    "Children": [
                      {
                        "FontSize": 36,
                        "LabelText": "60s",
                        "HorizontalAlignmentType": "HT_Center",
                        "VerticalAlignmentType": "VT_Center",
                        "OutlineColor": {
                          "G": 0,
                          "B": 0
                        },
                        "ShadowColor": {
                          "R": 110,
                          "G": 110,
                          "B": 110
                        },
                        "ShadowOffsetX": 2.0,
                        "ShadowOffsetY": -2.0,
                        "AnchorPoint": {
                          "ScaleX": 0.5,
                          "ScaleY": 0.5
                        },
                        "Position": {
                          "X": 93.3066,
                          "Y": 37.6878
                        },
                        "Scale": {
                          "ScaleX": 1.0,
                          "ScaleY": 1.0
                        },
                        "CColor": {},
                        "IconVisible": false,
                        "PrePosition": {
                          "X": 0.5302,
                          "Y": 0.6178
                        },
                        "PreSize": {
                          "X": 0.3352,
                          "Y": 0.6885
                        },
                        "LeftMargin": 63.8066,
                        "RightMargin": 53.1934,
                        "TopMargin": 2.3122,
                        "BottomMargin": 16.6878,
                        "Tag": 202,
                        "ActionTag": 206648896,
                        "Size": {
                          "X": 59.0,
                          "Y": 42.0
                        },
                        "Name": "second",
                        "ctype": "TextObjectData"
                      }
                    ],
                    "ActionTag": -1450475943,
                    "Size": {
                      "X": 176.0,
                      "Y": 61.0
                    },
                    "Name": "sendYZM",
                    "ctype": "SpriteObjectData"
                  },
                  {
                    "IsCustomSize": true,
                    "FontSize": 30,
                    "LabelText": "手机号",
                    "OutlineColor": {
                      "G": 0,
                      "B": 0
                    },
                    "ShadowColor": {
                      "R": 110,
                      "G": 110,
                      "B": 110
                    },
                    "ShadowOffsetX": 2.0,
                    "ShadowOffsetY": -2.0,
                    "AnchorPoint": {
                      "ScaleX": 0.5,
                      "ScaleY": 0.5
                    },
                    "Position": {
                      "X": 122.1944,
                      "Y": 230.0
                    },
                    "Scale": {
                      "ScaleX": 1.0,
                      "ScaleY": 1.0
                    },
                    "CColor": {
                      "R": 164,
                      "G": 123,
                      "B": 99
                    },
                    "IconVisible": false,
                    "PrePosition": {
                      "X": 0.1766,
                      "Y": 0.4883
                    },
                    "PreSize": {
                      "X": 0.1344,
                      "Y": 0.0722
                    },
                    "LeftMargin": 75.6944,
                    "RightMargin": 523.3056,
                    "TopMargin": 224.0,
                    "BottomMargin": 213.0,
                    "Tag": 492,
                    "ActionTag": -61203787,
                    "Size": {
                      "X": 93.0,
                      "Y": 34.0
                    },
                    "Name": "tip2_0_0",
                    "ctype": "TextObjectData"
                  },
                  {
                    "IsCustomSize": true,
                    "FontSize": 30,
                    "LabelText": "验证码",
                    "OutlineColor": {
                      "G": 0,
                      "B": 0
                    },
                    "ShadowColor": {
                      "R": 110,
                      "G": 110,
                      "B": 110
                    },
                    "ShadowOffsetX": 2.0,
                    "ShadowOffsetY": -2.0,
                    "AnchorPoint": {
                      "ScaleX": 0.5,
                      "ScaleY": 0.5
                    },
                    "Position": {
                      "X": 122.1944,
                      "Y": 155.0
                    },
                    "Scale": {
                      "ScaleX": 1.0,
                      "ScaleY": 1.0
                    },
                    "CColor": {
                      "R": 164,
                      "G": 123,
                      "B": 99
                    },
                    "IconVisible": false,
                    "PrePosition": {
                      "X": 0.1766,
                      "Y": 0.3291
                    },
                    "PreSize": {
                      "X": 0.1344,
                      "Y": 0.0722
                    },
                    "LeftMargin": 75.6944,
                    "RightMargin": 523.3056,
                    "TopMargin": 299.0,
                    "BottomMargin": 138.0,
                    "Tag": 493,
                    "ActionTag": 308765814,
                    "Size": {
                      "X": 93.0,
                      "Y": 34.0
                    },
                    "Name": "tip2_0_0_0",
                    "ctype": "TextObjectData"
                  }
                ],
                "ActionTag": 1277220521,
                "Size": {
                  "X": 692.0,
                  "Y": 471.0
                },
                "Name": "panel",
                "ctype": "ImageViewObjectData"
              }
            ],
            "ActionTag": -33404820,
            "Size": {
              "X": 1280.0,
              "Y": 720.0
            },
            "Name": "root",
            "ctype": "PanelObjectData"
          }
        ],
        "Size": {
          "X": 960.0,
          "Y": 640.0
        },
        "Name": "Scene",
        "ctype": "SingleNodeObjectData"
      },
      "UsedResources": [
        "../../appCommon/fydp/image/bangdingiphone.png",
        "../../appCommon/fydp/image/bg2.png",
        "../../appCommon/fydp/image/btn_bangding_sure.png",
        "../../appCommon/fydp/image/btn_close.png",
        "../../appCommon/fydp/image/btn_getma.png",
        "../../appCommon/fydp/image/change_iphone.png",
        "../../appCommon/fydp/image/input_bg1.png",
        "../../appCommon/fydp/image/sendYZM.png"
      ],
      "ctype": "GameFileData"
    }
  },
  "Type": "Scene"
}