{
  "ID": "6407d00c-c076-438e-ac3b-b5f7c8559c7c",
  "Version": "2.3.4",
  "Name": "NewPlayerInfo",
  "Content": {
    "Content": {
      "Animation": {
        "Duration": 0,
        "Speed": 1.0,
        "Timelines": [],
        "ctype": "TimelineActionData"
      },
      "AnimationList": [],
      "ObjectData": {
        "Children": [
          {
            "ClipAble": false,
            "BackColorAlpha": 153,
            "SingleColor": {
              "R": 0,
              "G": 0,
              "B": 0
            },
            "FirstColor": {
              "R": 150,
              "G": 200
            },
            "EndColor": {},
            "ColorVector": {
              "ScaleY": 1.0
            },
            "Scale9Width": 1,
            "Scale9Height": 1,
            "TouchEnable": true,
            "AnchorPoint": {},
            "Position": {
              "X": 0.0,
              "Y": 0.0
            },
            "Scale": {
              "ScaleX": 1.0,
              "ScaleY": 1.0
            },
            "CColor": {},
            "IconVisible": false,
            "PrePosition": {
              "X": 0.0,
              "Y": 0.0
            },
            "PercentWidthEnable": true,
            "PercentHeightEnable": true,
            "PercentWidthEnabled": true,
            "PercentHeightEnabled": true,
            "PreSize": {
              "X": 1.0,
              "Y": 1.0
            },
            "Tag": 197,
            "Children": [
              {
                "FileData": {
                  "Type": "Normal",
                  "Path": "image/ui/common/transparent_1280x720.png",
                  "Plist": ""
                },
                "BlendFunc": {
                  "Src": 1,
                  "Dst": 771
                },
                "AnchorPoint": {},
                "Position": {
                  "X": 0.0,
                  "Y": 0.0
                },
                "Scale": {
                  "ScaleX": 1.0,
                  "ScaleY": 1.0
                },
                "CColor": {},
                "IconVisible": false,
                "PositionPercentXEnabled": true,
                "PositionPercentYEnabled": true,
                "PrePosition": {
                  "X": 0.0,
                  "Y": 0.0
                },
                "PreSize": {
                  "X": 1.0,
                  "Y": 1.0
                },
                "Tag": 66,
                "ActionTag": 1553104184,
                "Size": {
                  "X": 1280.0,
                  "Y": 720.0
                },
                "Name": "fake_root",
                "ctype": "SpriteObjectData"
              },
              {
                "FileData": {
                  "Type": "Normal",
                  "Path": "appCommon/fydp/image/bg1.png",
                  "Plist": ""
                },
                "Scale9Enable": true,
                "Scale9OriginX": 42,
                "Scale9OriginY": 42,
                "Scale9Width": 932,
                "Scale9Height": 570,
                "AnchorPoint": {
                  "ScaleX": 0.5,
                  "ScaleY": 0.5
                },
                "Position": {
                  "X": 645.632,
                  "Y": 361.512
                },
                "Scale": {
                  "ScaleX": 1.0,
                  "ScaleY": 1.0
                },
                "CColor": {},
                "IconVisible": false,
                "PositionPercentXEnabled": true,
                "PositionPercentYEnabled": true,
                "PrePosition": {
                  "X": 0.5044,
                  "Y": 0.5021
                },
                "PreSize": {
                  "X": 0.7937,
                  "Y": 0.9069
                },
                "LeftMargin": 137.632,
                "RightMargin": 126.3679,
                "TopMargin": 31.988,
                "BottomMargin": 35.012,
                "Tag": 34,
                "Children": [
                  {
                    "FileData": {
                      "Type": "Normal",
                      "Path": "appCommon/fydp/image/head.png",
                      "Plist": ""
                    },
                    "BlendFunc": {
                      "Src": 1,
                      "Dst": 771
                    },
                    "AnchorPoint": {
                      "ScaleX": 0.5,
                      "ScaleY": 0.5
                    },
                    "Position": {
                      "X": 139.0,
                      "Y": 464.0
                    },
                    "Scale": {
                      "ScaleX": 1.0,
                      "ScaleY": 1.0
                    },
                    "CColor": {},
                    "IconVisible": false,
                    "PrePosition": {
                      "X": 0.1368,
                      "Y": 0.7106
                    },
                    "PreSize": {
                      "X": 0.1329,
                      "Y": 0.2067
                    },
                    "LeftMargin": 71.5,
                    "RightMargin": 809.5,
                    "TopMargin": 121.5,
                    "BottomMargin": 396.5,
                    "Tag": 264,
                    "ActionTag": -1462026916,
                    "Size": {
                      "X": 135.0,
                      "Y": 135.0
                    },
                    "Name": "head",
                    "ctype": "SpriteObjectData"
                  },
                  {
                    "FileData": {
                      "Type": "Normal",
                      "Path": "appCommon/fydp/image/head_bg.png",
                      "Plist": ""
                    },
                    "BlendFunc": {
                      "Src": 1,
                      "Dst": 771
                    },
                    "AnchorPoint": {
                      "ScaleX": 0.5,
                      "ScaleY": 0.5
                    },
                    "Position": {
                      "X": 139.0,
                      "Y": 464.0
                    },
                    "Scale": {
                      "ScaleX": 1.02,
                      "ScaleY": 1.02
                    },
                    "CColor": {},
                    "IconVisible": false,
                    "PrePosition": {
                      "X": 0.1368,
                      "Y": 0.7106
                    },
                    "PreSize": {
                      "X": 0.1398,
                      "Y": 0.2175
                    },
                    "LeftMargin": 68.0,
                    "RightMargin": 806.0,
                    "TopMargin": 118.0,
                    "BottomMargin": 393.0,
                    "Tag": 2686,
                    "ActionTag": 1725051467,
                    "Size": {
                      "X": 142.0,
                      "Y": 142.0
                    },
                    "Name": "head_bg",
                    "ctype": "SpriteObjectData"
                  },
                  {
                    "FileData": {
                      "Type": "Normal",
                      "Path": "appCommon/fydp/image/title.png",
                      "Plist": ""
                    },
                    "BlendFunc": {
                      "Src": 1,
                      "Dst": 771
                    },
                    "AnchorPoint": {
                      "ScaleX": 0.5,
                      "ScaleY": 0.5
                    },
                    "Position": {
                      "X": 508.0001,
                      "Y": 609.1973
                    },
                    "Scale": {
                      "ScaleX": 1.0,
                      "ScaleY": 1.0
                    },
                    "CColor": {},
                    "IconVisible": false,
                    "PrePosition": {
                      "X": 0.5,
                      "Y": 0.9329
                    },
                    "PreSize": {
                      "X": 0.19,
                      "Y": 0.0812
                    },
                    "LeftMargin": 411.5001,
                    "RightMargin": 411.4999,
                    "TopMargin": 17.3027,
                    "BottomMargin": 582.6973,
                    "Tag": 63,
                    "ActionTag": 640393546,
                    "Size": {
                      "X": 193.0,
                      "Y": 53.0
                    },
                    "Name": "title_27",
                    "ctype": "SpriteObjectData"
                  },
                  {
                    "FileData": {
                      "Type": "Normal",
                      "Path": "appCommon/fydp/image/img_girl.png",
                      "Plist": ""
                    },
                    "BlendFunc": {
                      "Src": 1,
                      "Dst": 771
                    },
                    "AnchorPoint": {
                      "ScaleX": 0.5,
                      "ScaleY": 0.5
                    },
                    "Position": {
                      "X": 319.0,
                      "Y": 529.0
                    },
                    "Scale": {
                      "ScaleX": 1.0,
                      "ScaleY": 1.0
                    },
                    "CColor": {},
                    "IconVisible": false,
                    "PrePosition": {
                      "X": 0.314,
                      "Y": 0.8101
                    },
                    "PreSize": {
                      "X": 0.0295,
                      "Y": 0.0658
                    },
                    "LeftMargin": 304.0,
                    "RightMargin": 682.0,
                    "TopMargin": 102.5,
                    "BottomMargin": 507.5,
                    "Tag": 265,
                    "ActionTag": 627921971,
                    "Size": {
                      "X": 30.0,
                      "Y": 43.0
                    },
                    "Name": "female",
                    "ctype": "SpriteObjectData"
                  },
                  {
                    "FileData": {
                      "Type": "Normal",
                      "Path": "appCommon/fydp/image/img_location.png",
                      "Plist": ""
                    },
                    "BlendFunc": {
                      "Src": 1,
                      "Dst": 771
                    },
                    "AnchorPoint": {
                      "ScaleX": 0.5,
                      "ScaleY": 0.5
                    },
                    "Position": {
                      "X": 319.0,
                      "Y": 333.0
                    },
                    "Scale": {
                      "ScaleX": 1.0,
                      "ScaleY": 1.0
                    },
                    "CColor": {},
                    "IconVisible": false,
                    "PrePosition": {
                      "X": 0.314,
                      "Y": 0.51
                    },
                    "PreSize": {
                      "X": 0.0325,
                      "Y": 0.0505
                    },
                    "LeftMargin": 302.5,
                    "RightMargin": 680.5,
                    "TopMargin": 303.5,
                    "BottomMargin": 316.5,
                    "Tag": 27,
                    "ActionTag": 576496686,
                    "Size": {
                      "X": 33.0,
                      "Y": 33.0
                    },
                    "Name": "img_iphone_4",
                    "ctype": "SpriteObjectData"
                  },
                  {
                    "FileData": {
                      "Type": "Normal",
                      "Path": "appCommon/fydp/image/img_iphone.png",
                      "Plist": ""
                    },
                    "BlendFunc": {
                      "Src": 1,
                      "Dst": 771
                    },
                    "AnchorPoint": {
                      "ScaleX": 0.5,
                      "ScaleY": 0.5
                    },
                    "Position": {
                      "X": 319.0,
                      "Y": 268.0
                    },
                    "Scale": {
                      "ScaleX": 1.0,
                      "ScaleY": 1.0
                    },
                    "CColor": {},
                    "IconVisible": false,
                    "PrePosition": {
                      "X": 0.314,
                      "Y": 0.4104
                    },
                    "PreSize": {
                      "X": 0.0325,
                      "Y": 0.0505
                    },
                    "LeftMargin": 302.5,
                    "RightMargin": 680.5,
                    "TopMargin": 368.5,
                    "BottomMargin": 251.5,
                    "Tag": 29,
                    "ActionTag": -1620677903,
                    "Size": {
                      "X": 33.0,
                      "Y": 33.0
                    },
                    "Name": "img_iphone_5",
                    "ctype": "SpriteObjectData"
                  },
                  {
                    "FileData": {
                      "Type": "Normal",
                      "Path": "appCommon/fydp/image/img_boy.png",
                      "Plist": ""
                    },
                    "BlendFunc": {
                      "Src": 1,
                      "Dst": 771
                    },
                    "AnchorPoint": {
                      "ScaleX": 0.5,
                      "ScaleY": 0.5
                    },
                    "Position": {
                      "X": 319.0,
                      "Y": 529.0
                    },
                    "Scale": {
                      "ScaleX": 1.0,
                      "ScaleY": 1.0
                    },
                    "CColor": {},
                    "IconVisible": false,
                    "PrePosition": {
                      "X": 0.314,
                      "Y": 0.8101
                    },
                    "PreSize": {
                      "X": 0.0374,
                      "Y": 0.0597
                    },
                    "LeftMargin": 300.0,
                    "RightMargin": 678.0,
                    "TopMargin": 104.5,
                    "BottomMargin": 509.5,
                    "Tag": 266,
                    "ActionTag": -994952128,
                    "Size": {
                      "X": 38.0,
                      "Y": 39.0
                    },
                    "Name": "male",
                    "ctype": "SpriteObjectData"
                  },
                  {
                    "FontSize": 26,
                    "LabelText": "IP:12312341234213412341234",
                    "OutlineColor": {
                      "G": 0,
                      "B": 0
                    },
                    "ShadowColor": {
                      "R": 110,
                      "G": 110,
                      "B": 110
                    },
                    "ShadowOffsetX": 2.0,
                    "ShadowOffsetY": -2.0,
                    "AnchorPoint": {
                      "ScaleY": 0.5
                    },
                    "Position": {
                      "X": 356.3685,
                      "Y": 402.21
                    },
                    "Scale": {
                      "ScaleX": 1.0,
                      "ScaleY": 1.0
                    },
                    "CColor": {
                      "R": 164,
                      "G": 123,
                      "B": 99
                    },
                    "IconVisible": false,
                    "PrePosition": {
                      "X": 0.3508,
                      "Y": 0.6159
                    },
                    "PreSize": {
                      "X": 0.3593,
                      "Y": 0.0475
                    },
                    "LeftMargin": 356.3685,
                    "RightMargin": 294.6315,
                    "TopMargin": 235.29,
                    "BottomMargin": 386.71,
                    "Tag": 28,
                    "ActionTag": -1524971131,
                    "Size": {
                      "X": 365.0,
                      "Y": 31.0
                    },
                    "Name": "lab_ip",
                    "ctype": "TextObjectData"
                  },
                  {
                    "FileData": {
                      "Type": "Normal",
                      "Path": "appCommon/fydp/image/img_id.png",
                      "Plist": ""
                    },
                    "BlendFunc": {
                      "Src": 1,
                      "Dst": 771
                    },
                    "AnchorPoint": {
                      "ScaleX": 0.5,
                      "ScaleY": 0.5
                    },
                    "Position": {
                      "X": 319.0,
                      "Y": 462.0
                    },
                    "Scale": {
                      "ScaleX": 1.0,
                      "ScaleY": 1.0
                    },
                    "CColor": {},
                    "IconVisible": false,
                    "PrePosition": {
                      "X": 0.314,
                      "Y": 0.7075
                    },
                    "PreSize": {
                      "X": 0.0325,
                      "Y": 0.0505
                    },
                    "LeftMargin": 302.5,
                    "RightMargin": 680.5,
                    "TopMargin": 174.5,
                    "BottomMargin": 445.5,
                    "Tag": 25,
                    "ActionTag": 1273045449,
                    "Size": {
                      "X": 33.0,
                      "Y": 33.0
                    },
                    "Name": "img_id_2",
                    "ctype": "SpriteObjectData"
                  },
                  {
                    "FileData": {
                      "Type": "Normal",
                      "Path": "appCommon/fydp/image/img_ip.png",
                      "Plist": ""
                    },
                    "BlendFunc": {
                      "Src": 1,
                      "Dst": 771
                    },
                    "AnchorPoint": {
                      "ScaleX": 0.5,
                      "ScaleY": 0.5
                    },
                    "Position": {
                      "X": 319.0,
                      "Y": 398.0
                    },
                    "Scale": {
                      "ScaleX": 1.0,
                      "ScaleY": 1.0
                    },
                    "CColor": {},
                    "IconVisible": false,
                    "PrePosition": {
                      "X": 0.314,
                      "Y": 0.6095
                    },
                    "PreSize": {
                      "X": 0.0325,
                      "Y": 0.0505
                    },
                    "LeftMargin": 302.5,
                    "RightMargin": 680.5,
                    "TopMargin": 238.5,
                    "BottomMargin": 381.5,
                    "Tag": 26,
                    "ActionTag": -1668818998,
                    "Size": {
                      "X": 33.0,
                      "Y": 33.0
                    },
                    "Name": "img_ip_3",
                    "ctype": "SpriteObjectData"
                  },
                  {
                    "FontSize": 28,
                    "LabelText": "湖南省株洲市天元区泰山路1345号2单元3234234",
                    "OutlineColor": {
                      "G": 0,
                      "B": 0
                    },
                    "ShadowColor": {
                      "R": 110,
                      "G": 110,
                      "B": 110
                    },
                    "ShadowOffsetX": 2.0,
                    "ShadowOffsetY": -2.0,
                    "AnchorPoint": {
                      "ScaleY": 0.5
                    },
                    "Position": {
                      "X": 356.3681,
                      "Y": 337.921
                    },
                    "Scale": {
                      "ScaleX": 1.0,
                      "ScaleY": 1.0
                    },
                    "CColor": {
                      "R": 164,
                      "G": 123,
                      "B": 99
                    },
                    "IconVisible": false,
                    "PrePosition": {
                      "X": 0.3508,
                      "Y": 0.5175
                    },
                    "PreSize": {
                      "X": 0.5974,
                      "Y": 0.049
                    },
                    "LeftMargin": 356.3681,
                    "RightMargin": 52.6319,
                    "TopMargin": 299.079,
                    "BottomMargin": 321.921,
                    "Tag": 2685,
                    "ActionTag": -1705090676,
                    "Size": {
                      "X": 607.0,
                      "Y": 32.0
                    },
                    "Name": "lab_location",
                    "ctype": "TextObjectData"
                  },
                  {
                    "FileData": {
                      "Type": "Normal",
                      "Path": "appCommon/fydp/image/image_card.png",
                      "Plist": ""
                    },
                    "BlendFunc": {
                      "Src": 1,
                      "Dst": 771
                    },
                    "AnchorPoint": {
                      "ScaleX": 0.5,
                      "ScaleY": 0.5
                    },
                    "Position": {
                      "X": 319.0,
                      "Y": 204.0
                    },
                    "Scale": {
                      "ScaleX": 1.0,
                      "ScaleY": 1.0
                    },
                    "CColor": {},
                    "IconVisible": false,
                    "PrePosition": {
                      "X": 0.314,
                      "Y": 0.3124
                    },
                    "PreSize": {
                      "X": 0.0325,
                      "Y": 0.0505
                    },
                    "LeftMargin": 302.5,
                    "RightMargin": 680.5,
                    "TopMargin": 432.5,
                    "BottomMargin": 187.5,
                    "Tag": 59,
                    "ActionTag": 1740985283,
                    "Size": {
                      "X": 33.0,
                      "Y": 33.0
                    },
                    "Name": "image_card_24",
                    "ctype": "SpriteObjectData"
                  },
                  {
                    "IsCustomSize": true,
                    "FontSize": 28,
                    "LabelText": "中国北京市朝阳区清河营中街莲花乡池\n镇_______",
                    "OutlineColor": {
                      "G": 0,
                      "B": 0
                    },
                    "ShadowColor": {
                      "R": 110,
                      "G": 110,
                      "B": 110
                    },
                    "ShadowOffsetX": 2.0,
                    "ShadowOffsetY": -2.0,
                    "AnchorPoint": {},
                    "Position": {
                      "X": 73.2237,
                      "Y": 67.0376
                    },
                    "Scale": {
                      "ScaleX": 1.0,
                      "ScaleY": 1.0
                    },
                    "CColor": {},
                    "IconVisible": false,
                    "PrePosition": {
                      "X": 0.0721,
                      "Y": 0.1027
                    },
                    "PreSize": {
                      "X": 0.4705,
                      "Y": 0.0949
                    },
                    "LeftMargin": 73.2237,
                    "RightMargin": 464.7763,
                    "TopMargin": 523.9624,
                    "BottomMargin": 67.0376,
                    "Tag": 12,
                    "ActionTag": -1231999570,
                    "Size": {
                      "X": 478.0,
                      "Y": 62.0
                    },
                    "VisibleForFrame": false,
                    "Name": "lb_ad",
                    "ctype": "TextObjectData"
                  },
                  {
                    "IsCustomSize": true,
                    "FontSize": 32,
                    "LabelText": "踞我9999999999米",
                    "OutlineColor": {
                      "G": 0,
                      "B": 0
                    },
                    "ShadowColor": {
                      "R": 110,
                      "G": 110,
                      "B": 110
                    },
                    "ShadowOffsetX": 2.0,
                    "ShadowOffsetY": -2.0,
                    "AnchorPoint": {},
                    "Position": {
                      "X": 115.2663,
                      "Y": -61.7813
                    },
                    "Scale": {
                      "ScaleX": 1.0,
                      "ScaleY": 1.0
                    },
                    "CColor": {},
                    "IconVisible": false,
                    "PrePosition": {
                      "X": 0.1135,
                      "Y": -0.0946
                    },
                    "PreSize": {
                      "X": 0.3937,
                      "Y": 0.0766
                    },
                    "LeftMargin": 115.2663,
                    "RightMargin": 500.7337,
                    "TopMargin": 664.7813,
                    "BottomMargin": -61.7813,
                    "Tag": 13,
                    "ActionTag": 183248147,
                    "Size": {
                      "X": 400.0,
                      "Y": 50.0
                    },
                    "VisibleForFrame": false,
                    "Name": "lb_dt",
                    "ctype": "TextObjectData"
                  },
                  {
                    "FontSize": 28,
                    "LabelText": "123456789999",
                    "OutlineColor": {
                      "G": 0,
                      "B": 0
                    },
                    "ShadowColor": {
                      "R": 110,
                      "G": 110,
                      "B": 110
                    },
                    "ShadowOffsetX": 2.0,
                    "ShadowOffsetY": -2.0,
                    "AnchorPoint": {
                      "ScaleY": 0.5
                    },
                    "Position": {
                      "X": 356.368,
                      "Y": 463.9098
                    },
                    "Scale": {
                      "ScaleX": 1.0,
                      "ScaleY": 1.0
                    },
                    "CColor": {
                      "R": 164,
                      "G": 123,
                      "B": 99
                    },
                    "IconVisible": false,
                    "PrePosition": {
                      "X": 0.3508,
                      "Y": 0.7104
                    },
                    "PreSize": {
                      "X": 0.1841,
                      "Y": 0.049
                    },
                    "LeftMargin": 356.368,
                    "RightMargin": 472.632,
                    "TopMargin": 173.0902,
                    "BottomMargin": 447.9098,
                    "Tag": 2687,
                    "ActionTag": 595401327,
                    "Size": {
                      "X": 187.0,
                      "Y": 32.0
                    },
                    "Name": "lb_id",
                    "ctype": "TextObjectData"
                  },
                  {
                    "FontSize": 30,
                    "LabelText": "预留七个字名字",
                    "OutlineColor": {
                      "G": 0,
                      "B": 0
                    },
                    "ShadowColor": {
                      "R": 110,
                      "G": 110,
                      "B": 110
                    },
                    "ShadowOffsetX": 2.0,
                    "ShadowOffsetY": -2.0,
                    "AnchorPoint": {
                      "ScaleY": 0.5
                    },
                    "Position": {
                      "X": 356.3685,
                      "Y": 530.368
                    },
                    "Scale": {
                      "ScaleX": 1.0,
                      "ScaleY": 1.0
                    },
                    "CColor": {
                      "R": 164,
                      "G": 123,
                      "B": 99
                    },
                    "IconVisible": false,
                    "PrePosition": {
                      "X": 0.3508,
                      "Y": 0.8122
                    },
                    "PreSize": {
                      "X": 0.2067,
                      "Y": 0.0521
                    },
                    "LeftMargin": 356.3685,
                    "RightMargin": 449.6315,
                    "TopMargin": 105.632,
                    "BottomMargin": 513.368,
                    "Tag": 2688,
                    "ActionTag": 819732900,
                    "Size": {
                      "X": 210.0,
                      "Y": 34.0
                    },
                    "Name": "lb_nickname",
                    "ctype": "TextObjectData"
                  },
                  {
                    "FileData": {
                      "Type": "Normal",
                      "Path": "appCommon/fydp/image/btn_bangding.png",
                      "Plist": ""
                    },
                    "BlendFunc": {
                      "Src": 1,
                      "Dst": 771
                    },
                    "AnchorPoint": {
                      "ScaleX": 0.5,
                      "ScaleY": 0.5
                    },
                    "Position": {
                      "X": 558.1414,
                      "Y": 267.3992
                    },
                    "Scale": {
                      "ScaleX": 1.0,
                      "ScaleY": 1.0
                    },
                    "CColor": {},
                    "IconVisible": false,
                    "PrePosition": {
                      "X": 0.5494,
                      "Y": 0.4095
                    },
                    "PreSize": {
                      "X": 0.1329,
                      "Y": 0.0842
                    },
                    "LeftMargin": 490.6414,
                    "RightMargin": 390.3586,
                    "TopMargin": 358.1008,
                    "BottomMargin": 239.8992,
                    "Tag": 748,
                    "ActionTag": 101601029,
                    "Size": {
                      "X": 135.0,
                      "Y": 55.0
                    },
                    "Name": "btn_bangding",
                    "ctype": "SpriteObjectData"
                  },
                  {
                    "FontSize": 28,
                    "LabelText": "绑定手机:",
                    "OutlineColor": {
                      "G": 0,
                      "B": 0
                    },
                    "ShadowColor": {
                      "R": 110,
                      "G": 110,
                      "B": 110
                    },
                    "ShadowOffsetX": 2.0,
                    "ShadowOffsetY": -2.0,
                    "AnchorPoint": {
                      "ScaleY": 0.5
                    },
                    "Position": {
                      "X": 356.3681,
                      "Y": 269.6327
                    },
                    "Scale": {
                      "ScaleX": 1.0,
                      "ScaleY": 1.0
                    },
                    "CColor": {
                      "R": 164,
                      "G": 123,
                      "B": 99
                    },
                    "IconVisible": false,
                    "PrePosition": {
                      "X": 0.3508,
                      "Y": 0.4129
                    },
                    "PreSize": {
                      "X": 0.1181,
                      "Y": 0.049
                    },
                    "LeftMargin": 356.3681,
                    "RightMargin": 539.6319,
                    "TopMargin": 367.3673,
                    "BottomMargin": 253.6327,
                    "Tag": 30,
                    "ActionTag": -603425939,
                    "Size": {
                      "X": 120.0,
                      "Y": 32.0
                    },
                    "Name": "lb_iphone",
                    "ctype": "TextObjectData"
                  },
                  {
                    "FontSize": 28,
                    "LabelText": "实名认证:",
                    "OutlineColor": {
                      "G": 0,
                      "B": 0
                    },
                    "ShadowColor": {
                      "R": 110,
                      "G": 110,
                      "B": 110
                    },
                    "ShadowOffsetX": 2.0,
                    "ShadowOffsetY": -2.0,
                    "AnchorPoint": {
                      "ScaleY": 0.5
                    },
                    "Position": {
                      "X": 356.3688,
                      "Y": 206.823
                    },
                    "Scale": {
                      "ScaleX": 1.0,
                      "ScaleY": 1.0
                    },
                    "CColor": {
                      "R": 164,
                      "G": 123,
                      "B": 99
                    },
                    "IconVisible": false,
                    "PrePosition": {
                      "X": 0.3508,
                      "Y": 0.3167
                    },
                    "PreSize": {
                      "X": 0.1181,
                      "Y": 0.049
                    },
                    "LeftMargin": 356.3688,
                    "RightMargin": 539.6312,
                    "TopMargin": 430.177,
                    "BottomMargin": 190.823,
                    "Tag": 60,
                    "ActionTag": 176089827,
                    "Size": {
                      "X": 120.0,
                      "Y": 32.0
                    },
                    "Name": "lb_iphone_0",
                    "ctype": "TextObjectData"
                  },
                  {
                    "FileData": {
                      "Type": "Normal",
                      "Path": "appCommon/fydp/image/btn_renzheng.png",
                      "Plist": ""
                    },
                    "BlendFunc": {
                      "Src": 1,
                      "Dst": 771
                    },
                    "AnchorPoint": {
                      "ScaleX": 0.5,
                      "ScaleY": 0.5
                    },
                    "Position": {
                      "X": 557.1422,
                      "Y": 204.699
                    },
                    "Scale": {
                      "ScaleX": 1.0,
                      "ScaleY": 1.0
                    },
                    "CColor": {},
                    "IconVisible": false,
                    "PrePosition": {
                      "X": 0.5484,
                      "Y": 0.3135
                    },
                    "PreSize": {
                      "X": 0.1329,
                      "Y": 0.0842
                    },
                    "LeftMargin": 489.6422,
                    "RightMargin": 391.3578,
                    "TopMargin": 420.801,
                    "BottomMargin": 177.199,
                    "Tag": 61,
                    "ActionTag": -261903452,
                    "Size": {
                      "X": 135.0,
                      "Y": 55.0
                    },
                    "Name": "btn_rengzheng",
                    "ctype": "SpriteObjectData"
                  },
                  {
                    "FileData": {
                      "Type": "Normal",
                      "Path": "appCommon/fydp/image/btn_exit.png",
                      "Plist": ""
                    },
                    "BlendFunc": {
                      "Src": 1,
                      "Dst": 771
                    },
                    "AnchorPoint": {
                      "ScaleX": 0.5,
                      "ScaleY": 0.5
                    },
                    "Position": {
                      "X": 137.5221,
                      "Y": 345.0013
                    },
                    "Scale": {
                      "ScaleX": 1.0,
                      "ScaleY": 1.0
                    },
                    "CColor": {},
                    "IconVisible": false,
                    "PrePosition": {
                      "X": 0.1354,
                      "Y": 0.5283
                    },
                    "PreSize": {
                      "X": 0.1417,
                      "Y": 0.0858
                    },
                    "LeftMargin": 65.5221,
                    "RightMargin": 806.4779,
                    "TopMargin": 279.9987,
                    "BottomMargin": 317.0013,
                    "Tag": 62,
                    "ActionTag": 1331644632,
                    "Size": {
                      "X": 144.0,
                      "Y": 56.0
                    },
                    "Name": "btn_exit",
                    "ctype": "SpriteObjectData"
                  },
                  {
                    "FileData": {
                      "Type": "Normal",
                      "Path": "appCommon/fydp/image/btn_close.png",
                      "Plist": ""
                    },
                    "BlendFunc": {
                      "Src": 1,
                      "Dst": 771
                    },
                    "AnchorPoint": {
                      "ScaleX": 0.5,
                      "ScaleY": 0.5
                    },
                    "Position": {
                      "X": 943.016,
                      "Y": 614.6747
                    },
                    "Scale": {
                      "ScaleX": 1.0,
                      "ScaleY": 1.0
                    },
                    "CColor": {},
                    "IconVisible": false,
                    "PrePosition": {
                      "X": 0.9282,
                      "Y": 0.9413
                    },
                    "PreSize": {
                      "X": 0.0768,
                      "Y": 0.1164
                    },
                    "LeftMargin": 904.016,
                    "RightMargin": 33.984,
                    "TopMargin": 0.3253,
                    "BottomMargin": 576.6747,
                    "Tag": 64,
                    "ActionTag": 1571475058,
                    "Size": {
                      "X": 78.0,
                      "Y": 76.0
                    },
                    "Name": "btn_close",
                    "ctype": "SpriteObjectData"
                  },
                  {
                    "FileData": {
                      "Type": "Normal",
                      "Path": "appCommon/fydp/image/had_renzheng.png",
                      "Plist": ""
                    },
                    "BlendFunc": {
                      "Src": 1,
                      "Dst": 771
                    },
                    "AnchorPoint": {
                      "ScaleX": 0.5,
                      "ScaleY": 0.5
                    },
                    "Position": {
                      "X": 558.6127,
                      "Y": 209.4268
                    },
                    "Scale": {
                      "ScaleX": 1.0,
                      "ScaleY": 1.0
                    },
                    "CColor": {},
                    "IconVisible": false,
                    "PrePosition": {
                      "X": 0.5498,
                      "Y": 0.3207
                    },
                    "PreSize": {
                      "X": 0.1358,
                      "Y": 0.0567
                    },
                    "LeftMargin": 489.6127,
                    "RightMargin": 388.3873,
                    "TopMargin": 425.0732,
                    "BottomMargin": 190.9268,
                    "Tag": 66,
                    "ActionTag": 2065081397,
                    "Size": {
                      "X": 138.0,
                      "Y": 37.0
                    },
                    "Name": "had_renzheng",
                    "ctype": "SpriteObjectData"
                  },
                  {
                    "FileData": {
                      "Type": "Normal",
                      "Path": "appCommon/fydp/image/btn_xiugai.png",
                      "Plist": ""
                    },
                    "BlendFunc": {
                      "Src": 1,
                      "Dst": 771
                    },
                    "AnchorPoint": {
                      "ScaleX": 0.5,
                      "ScaleY": 0.5
                    },
                    "Position": {
                      "X": 730.1814,
                      "Y": 267.0
                    },
                    "Scale": {
                      "ScaleX": 1.0,
                      "ScaleY": 1.0
                    },
                    "CColor": {},
                    "IconVisible": false,
                    "PrePosition": {
                      "X": 0.7187,
                      "Y": 0.4089
                    },
                    "PreSize": {
                      "X": 0.0925,
                      "Y": 0.0842
                    },
                    "LeftMargin": 683.1814,
                    "RightMargin": 238.8186,
                    "TopMargin": 358.5,
                    "BottomMargin": 239.5,
                    "Tag": 69,
                    "ActionTag": 1911291033,
                    "Size": {
                      "X": 94.0,
                      "Y": 55.0
                    },
                    "Name": "btn_xiugai",
                    "ctype": "SpriteObjectData"
                  },
                  {
                    "FontSize": 28,
                    "LabelText": "13245678765",
                    "OutlineColor": {
                      "G": 0,
                      "B": 0
                    },
                    "ShadowColor": {
                      "R": 110,
                      "G": 110,
                      "B": 110
                    },
                    "ShadowOffsetX": 2.0,
                    "ShadowOffsetY": -2.0,
                    "AnchorPoint": {
                      "ScaleY": 0.5
                    },
                    "Position": {
                      "X": 492.5111,
                      "Y": 272.6345
                    },
                    "Scale": {
                      "ScaleX": 1.0,
                      "ScaleY": 1.0
                    },
                    "CColor": {
                      "R": 164,
                      "G": 123,
                      "B": 99
                    },
                    "IconVisible": false,
                    "PrePosition": {
                      "X": 0.4848,
                      "Y": 0.4175
                    },
                    "PreSize": {
                      "X": 0.1693,
                      "Y": 0.049
                    },
                    "LeftMargin": 492.5111,
                    "RightMargin": 351.4889,
                    "TopMargin": 364.3655,
                    "BottomMargin": 256.6345,
                    "Tag": 67,
                    "ActionTag": 1865328733,
                    "Size": {
                      "X": 172.0,
                      "Y": 32.0
                    },
                    "Name": "lab_iphone",
                    "ctype": "TextObjectData"
                  },
                  {
                    "FileData": {
                      "Type": "Normal",
                      "Path": "appCommon/fydp/image/btn_jiebang.png",
                      "Plist": ""
                    },
                    "BlendFunc": {
                      "Src": 1,
                      "Dst": 771
                    },
                    "AnchorPoint": {
                      "ScaleX": 0.5,
                      "ScaleY": 0.5
                    },
                    "Position": {
                      "X": 854.4794,
                      "Y": 268.7002
                    },
                    "Scale": {
                      "ScaleX": 1.0,
                      "ScaleY": 1.0
                    },
                    "CColor": {},
                    "IconVisible": false,
                    "PrePosition": {
                      "X": 0.841,
                      "Y": 0.4115
                    },
                    "PreSize": {
                      "X": 0.0925,
                      "Y": 0.0858
                    },
                    "LeftMargin": 807.4794,
                    "RightMargin": 114.5206,
                    "TopMargin": 356.2998,
                    "BottomMargin": 240.7002,
                    "Tag": 496,
                    "ActionTag": -1661649999,
                    "Size": {
                      "X": 94.0,
                      "Y": 56.0
                    },
                    "VisibleForFrame": false,
                    "Name": "btn_jiebang",
                    "ctype": "SpriteObjectData"
                  }
                ],
                "ActionTag": 1277220521,
                "Size": {
                  "X": 1016.0,
                  "Y": 653.0
                },
                "Name": "panel",
                "ctype": "ImageViewObjectData"
              }
            ],
            "ActionTag": -33404820,
            "Size": {
              "X": 1280.0,
              "Y": 720.0
            },
            "Name": "root",
            "ctype": "PanelObjectData"
          }
        ],
        "Size": {
          "X": 960.0,
          "Y": 640.0
        },
        "Name": "Scene",
        "ctype": "SingleNodeObjectData"
      },
      "UsedResources": [
        "../../appCommon/fydp/image/bg1.png",
        "../../appCommon/fydp/image/btn_bangding.png",
        "../../appCommon/fydp/image/btn_close.png",
        "../../appCommon/fydp/image/btn_exit.png",
        "../../appCommon/fydp/image/btn_jiebang.png",
        "../../appCommon/fydp/image/btn_renzheng.png",
        "../../appCommon/fydp/image/btn_xiugai.png",
        "../../appCommon/fydp/image/had_renzheng.png",
        "../../appCommon/fydp/image/head.png",
        "../../appCommon/fydp/image/head_bg.png",
        "../../appCommon/fydp/image/image_card.png",
        "../../appCommon/fydp/image/img_boy.png",
        "../../appCommon/fydp/image/img_girl.png",
        "../../appCommon/fydp/image/img_id.png",
        "../../appCommon/fydp/image/img_ip.png",
        "../../appCommon/fydp/image/img_iphone.png",
        "../../appCommon/fydp/image/img_location.png",
        "../../appCommon/fydp/image/title.png",
        "../../image/ui/common/transparent_1280x720.png"
      ],
      "ctype": "GameFileData"
    }
  },
  "Type": "Scene"
}