{
  "ID": "6407d00c-c076-438e-ac3b-b5f7c8559c7c",
  "Version": "2.3.4",
  "Name": "TiShi",
  "Content": {
    "Content": {
      "Animation": {
        "Duration": 0,
        "Speed": 1.0,
        "Timelines": [],
        "ctype": "TimelineActionData"
      },
      "AnimationList": [],
      "ObjectData": {
        "Children": [
          {
            "ClipAble": false,
            "BackColorAlpha": 153,
            "ComboBoxIndex": 1,
            "SingleColor": {
              "R": 0,
              "G": 0,
              "B": 0
            },
            "FirstColor": {
              "R": 150,
              "G": 200
            },
            "EndColor": {},
            "ColorVector": {
              "ScaleY": 1.0
            },
            "Scale9Width": 1,
            "Scale9Height": 1,
            "TouchEnable": true,
            "AnchorPoint": {},
            "Position": {
              "X": 0.0,
              "Y": 0.0
            },
            "Scale": {
              "ScaleX": 1.0,
              "ScaleY": 1.0
            },
            "CColor": {},
            "IconVisible": false,
            "PrePosition": {
              "X": 0.0,
              "Y": 0.0
            },
            "PercentWidthEnable": true,
            "PercentHeightEnable": true,
            "PercentWidthEnabled": true,
            "PercentHeightEnabled": true,
            "PreSize": {
              "X": 1.0,
              "Y": 1.0
            },
            "Tag": 197,
            "Children": [
              {
                "FileData": {
                  "Type": "Normal",
                  "Path": "image/ui/common/transparent_1280x720.png",
                  "Plist": ""
                },
                "BlendFunc": {
                  "Src": 1,
                  "Dst": 771
                },
                "AnchorPoint": {},
                "Position": {
                  "X": 0.0,
                  "Y": 0.0
                },
                "Scale": {
                  "ScaleX": 1.0,
                  "ScaleY": 1.0
                },
                "CColor": {},
                "IconVisible": false,
                "PositionPercentXEnabled": true,
                "PositionPercentYEnabled": true,
                "PrePosition": {
                  "X": 0.0,
                  "Y": 0.0
                },
                "PreSize": {
                  "X": 0.0359,
                  "Y": 0.0639
                },
                "RightMargin": 1234.0,
                "TopMargin": 674.0,
                "Tag": 66,
                "ActionTag": 1553104184,
                "Size": {
                  "X": 1280.0,
                  "Y": 720.0
                },
                "Name": "fake_root",
                "ctype": "SpriteObjectData"
              },
              {
                "FileData": {
                  "Type": "Normal",
                  "Path": "appCommon/fydp/image/bg4.png",
                  "Plist": ""
                },
                "Scale9Enable": true,
                "Scale9OriginX": 42,
                "Scale9OriginY": 42,
                "Scale9Width": 608,
                "Scale9Height": 287,
                "AnchorPoint": {
                  "ScaleX": 0.5,
                  "ScaleY": 0.5
                },
                "Position": {
                  "X": 640.0,
                  "Y": 360.0
                },
                "Scale": {
                  "ScaleX": 1.0,
                  "ScaleY": 1.0
                },
                "CColor": {},
                "IconVisible": false,
                "PositionPercentXEnabled": true,
                "PositionPercentYEnabled": true,
                "PrePosition": {
                  "X": 0.5,
                  "Y": 0.5
                },
                "PreSize": {
                  "X": 0.5406,
                  "Y": 0.5153
                },
                "LeftMargin": 294.0,
                "RightMargin": 294.0,
                "TopMargin": 174.5,
                "BottomMargin": 174.5,
                "Tag": 34,
                "Children": [
                  {
                    "FileData": {
                      "Type": "Normal",
                      "Path": "appCommon/fydp/image/jiebangiphone.png",
                      "Plist": ""
                    },
                    "BlendFunc": {
                      "Src": 1,
                      "Dst": 771
                    },
                    "AnchorPoint": {
                      "ScaleX": 0.5,
                      "ScaleY": 0.5
                    },
                    "Position": {
                      "X": 351.6497,
                      "Y": 330.2795
                    },
                    "Scale": {
                      "ScaleX": 1.0,
                      "ScaleY": 1.0
                    },
                    "CColor": {},
                    "IconVisible": false,
                    "PrePosition": {
                      "X": 0.5082,
                      "Y": 0.8902
                    },
                    "PreSize": {
                      "X": 0.3497,
                      "Y": 0.1429
                    },
                    "LeftMargin": 230.6497,
                    "RightMargin": 219.3503,
                    "TopMargin": 14.2205,
                    "BottomMargin": 303.7795,
                    "Tag": 90,
                    "ActionTag": 388757913,
                    "Size": {
                      "X": 242.0,
                      "Y": 53.0
                    },
                    "Name": "jiebangiphone",
                    "ctype": "SpriteObjectData"
                  },
                  {
                    "IsCustomSize": true,
                    "FontSize": 30,
                    "LabelText": "您确定要解绑一下手机号码?",
                    "HorizontalAlignmentType": "HT_Center",
                    "OutlineColor": {
                      "G": 0,
                      "B": 0
                    },
                    "ShadowColor": {
                      "R": 110,
                      "G": 110,
                      "B": 110
                    },
                    "ShadowOffsetX": 2.0,
                    "ShadowOffsetY": -2.0,
                    "AnchorPoint": {
                      "ScaleX": 0.5,
                      "ScaleY": 0.5
                    },
                    "Position": {
                      "X": 347.0902,
                      "Y": 206.6326
                    },
                    "Scale": {
                      "ScaleX": 1.0,
                      "ScaleY": 1.0
                    },
                    "CColor": {
                      "R": 164,
                      "G": 123,
                      "B": 99
                    },
                    "IconVisible": false,
                    "PrePosition": {
                      "X": 0.5016,
                      "Y": 0.557
                    },
                    "PreSize": {
                      "X": 0.8367,
                      "Y": 0.0809
                    },
                    "LeftMargin": 57.5902,
                    "RightMargin": 55.4098,
                    "TopMargin": 149.3674,
                    "BottomMargin": 191.6326,
                    "Tag": 2687,
                    "ActionTag": 595401327,
                    "Size": {
                      "X": 579.0,
                      "Y": 30.0
                    },
                    "Name": "tip1",
                    "ctype": "TextObjectData"
                  },
                  {
                    "IsCustomSize": true,
                    "FontSize": 26,
                    "LabelText": "13234566543",
                    "FontResource": {
                      "Type": "Default",
                      "Path": "",
                      "Plist": ""
                    },
                    "HorizontalAlignmentType": "HT_Center",
                    "VerticalAlignmentType": "VT_Center",
                    "OutlineColor": {
                      "G": 0,
                      "B": 0
                    },
                    "ShadowColor": {
                      "R": 110,
                      "G": 110,
                      "B": 110
                    },
                    "ShadowOffsetX": 2.0,
                    "ShadowOffsetY": -2.0,
                    "AnchorPoint": {
                      "ScaleX": 0.5,
                      "ScaleY": 0.5
                    },
                    "Position": {
                      "X": 352.5855,
                      "Y": 155.4017
                    },
                    "Scale": {
                      "ScaleX": 1.0,
                      "ScaleY": 1.0
                    },
                    "CColor": {
                      "G": 0,
                      "B": 0
                    },
                    "IconVisible": false,
                    "PrePosition": {
                      "X": 0.5095,
                      "Y": 0.4189
                    },
                    "PreSize": {
                      "X": 0.3613,
                      "Y": 0.0809
                    },
                    "LeftMargin": 227.5855,
                    "RightMargin": 214.4145,
                    "TopMargin": 200.5983,
                    "BottomMargin": 140.4017,
                    "Tag": 46,
                    "ActionTag": -815318694,
                    "Size": {
                      "X": 250.0,
                      "Y": 30.0
                    },
                    "Name": "tip2",
                    "ctype": "TextObjectData"
                  },
                  {
                    "FileData": {
                      "Type": "Normal",
                      "Path": "appCommon/fydp/image/btn_close.png",
                      "Plist": ""
                    },
                    "BlendFunc": {
                      "Src": 1,
                      "Dst": 771
                    },
                    "AnchorPoint": {
                      "ScaleX": 0.5,
                      "ScaleY": 0.5
                    },
                    "Position": {
                      "X": 598.3069,
                      "Y": 332.1415
                    },
                    "Scale": {
                      "ScaleX": 1.0,
                      "ScaleY": 1.0
                    },
                    "CColor": {},
                    "IconVisible": false,
                    "PrePosition": {
                      "X": 0.8646,
                      "Y": 0.8953
                    },
                    "PreSize": {
                      "X": 0.1127,
                      "Y": 0.2049
                    },
                    "LeftMargin": 559.3069,
                    "RightMargin": 54.6931,
                    "TopMargin": 0.8585,
                    "BottomMargin": 294.1415,
                    "Tag": 66,
                    "ActionTag": 1836823775,
                    "Size": {
                      "X": 78.0,
                      "Y": 76.0
                    },
                    "Name": "btn_close",
                    "ctype": "SpriteObjectData"
                  },
                  {
                    "FileData": {
                      "Type": "Normal",
                      "Path": "appCommon/fydp/image/btn_sure.png",
                      "Plist": ""
                    },
                    "BlendFunc": {
                      "Src": 1,
                      "Dst": 771
                    },
                    "AnchorPoint": {
                      "ScaleX": 0.5,
                      "ScaleY": 0.5
                    },
                    "Position": {
                      "X": 188.0,
                      "Y": 68.0
                    },
                    "Scale": {
                      "ScaleX": 1.0,
                      "ScaleY": 1.0
                    },
                    "CColor": {},
                    "IconVisible": false,
                    "PrePosition": {
                      "X": 0.2717,
                      "Y": 0.1833
                    },
                    "PreSize": {
                      "X": 0.3685,
                      "Y": 0.2776
                    },
                    "LeftMargin": 60.5,
                    "RightMargin": 376.5,
                    "TopMargin": 251.5,
                    "BottomMargin": 16.5,
                    "Tag": 87,
                    "ActionTag": -1541979584,
                    "Size": {
                      "X": 255.0,
                      "Y": 103.0
                    },
                    "Name": "btn_sure",
                    "ctype": "SpriteObjectData"
                  },
                  {
                    "FileData": {
                      "Type": "Normal",
                      "Path": "appCommon/fydp/image/btn_cancel.png",
                      "Plist": ""
                    },
                    "BlendFunc": {
                      "Src": 1,
                      "Dst": 771
                    },
                    "AnchorPoint": {
                      "ScaleX": 0.5,
                      "ScaleY": 0.5
                    },
                    "Position": {
                      "X": 524.9319,
                      "Y": 68.0002
                    },
                    "Scale": {
                      "ScaleX": 1.0,
                      "ScaleY": 1.0
                    },
                    "CColor": {},
                    "IconVisible": false,
                    "PrePosition": {
                      "X": 0.7586,
                      "Y": 0.1833
                    },
                    "PreSize": {
                      "X": 0.3685,
                      "Y": 0.2776
                    },
                    "LeftMargin": 397.4319,
                    "RightMargin": 39.5681,
                    "TopMargin": 251.4998,
                    "BottomMargin": 16.5002,
                    "Tag": 88,
                    "ActionTag": 69645870,
                    "Size": {
                      "X": 255.0,
                      "Y": 103.0
                    },
                    "Name": "btn_cancel",
                    "ctype": "SpriteObjectData"
                  },
                  {
                    "FileData": {
                      "Type": "Normal",
                      "Path": "appCommon/fydp/image/tishi.png",
                      "Plist": ""
                    },
                    "BlendFunc": {
                      "Src": 1,
                      "Dst": 771
                    },
                    "AnchorPoint": {
                      "ScaleX": 0.5,
                      "ScaleY": 0.5
                    },
                    "Position": {
                      "X": 346.0,
                      "Y": 330.6053
                    },
                    "Scale": {
                      "ScaleX": 1.0,
                      "ScaleY": 1.0
                    },
                    "CColor": {},
                    "IconVisible": false,
                    "PrePosition": {
                      "X": 0.5,
                      "Y": 0.8911
                    },
                    "PreSize": {
                      "X": 0.1402,
                      "Y": 0.1429
                    },
                    "LeftMargin": 297.5,
                    "RightMargin": 297.5,
                    "TopMargin": 13.8947,
                    "BottomMargin": 304.1053,
                    "Tag": 91,
                    "ActionTag": -1710354325,
                    "Size": {
                      "X": 97.0,
                      "Y": 53.0
                    },
                    "Name": "tishi",
                    "ctype": "SpriteObjectData"
                  },
                  {
                    "FileData": {
                      "Type": "Normal",
                      "Path": "appCommon/fydp/image/btn_know.png",
                      "Plist": ""
                    },
                    "BlendFunc": {
                      "Src": 1,
                      "Dst": 771
                    },
                    "AnchorPoint": {
                      "ScaleX": 0.5,
                      "ScaleY": 0.5
                    },
                    "Position": {
                      "X": 349.9438,
                      "Y": 67.7306
                    },
                    "Scale": {
                      "ScaleX": 1.0,
                      "ScaleY": 1.0
                    },
                    "CColor": {},
                    "IconVisible": false,
                    "PrePosition": {
                      "X": 0.5057,
                      "Y": 0.1826
                    },
                    "PreSize": {
                      "X": 0.3685,
                      "Y": 0.2776
                    },
                    "LeftMargin": 222.4438,
                    "RightMargin": 214.5562,
                    "TopMargin": 251.7694,
                    "BottomMargin": 16.2306,
                    "Tag": 495,
                    "ActionTag": -933961451,
                    "Size": {
                      "X": 255.0,
                      "Y": 103.0
                    },
                    "Name": "btn_know",
                    "ctype": "SpriteObjectData"
                  }
                ],
                "ActionTag": 1277220521,
                "Size": {
                  "X": 692.0,
                  "Y": 371.0
                },
                "Name": "panel",
                "ctype": "ImageViewObjectData"
              }
            ],
            "ActionTag": -33404820,
            "Size": {
              "X": 1280.0,
              "Y": 720.0
            },
            "Name": "root",
            "ctype": "PanelObjectData"
          }
        ],
        "Size": {
          "X": 960.0,
          "Y": 640.0
        },
        "Name": "Scene",
        "ctype": "SingleNodeObjectData"
      },
      "UsedResources": [
        "../../appCommon/fydp/image/bg4.png",
        "../../appCommon/fydp/image/btn_cancel.png",
        "../../appCommon/fydp/image/btn_close.png",
        "../../appCommon/fydp/image/btn_know.png",
        "../../appCommon/fydp/image/btn_sure.png",
        "../../appCommon/fydp/image/jiebangiphone.png",
        "../../appCommon/fydp/image/tishi.png",
        "../../image/ui/common/transparent_1280x720.png"
      ],
      "ctype": "GameFileData"
    }
  },
  "Type": "Scene"
}