{
  "ID": "f6dfd7ca-4ef2-4d44-a7d3-4d637502eaf1",
  "Version": "3.10.0.0",
  "Name": "ClubMemberItem",
  "Content": {
    "Content": {
      "Animation": {
        "Duration": 0,
        "Speed": 1.0,
        "Timelines": [],
        "ctype": "TimelineActionData"
      },
      "AnimationList": [],
      "ObjectData": {
        "Tag": 316,
        "Children": [
          {
            "FileData": {
              "Type": "Normal",
              "Path": "image/ui/club/msg_item_bg.png",
              "Plist": ""
            },
            "BlendFunc": {
              "Src": 1,
              "Dst": 771
            },
            "AnchorPoint": {
              "ScaleX": 0.5,
              "ScaleY": 0.5
            },
            "Position": {
              "X": 574.5696,
              "Y": 43.4117
            },
            "Scale": {
              "ScaleX": 1.0,
              "ScaleY": 1.0
            },
            "CColor": {},
            "IconVisible": false,
            "PrePosition": {
              "X": 0.4988,
              "Y": 0.5107
            },
            "PreSize": {
              "X": 1.0,
              "Y": 0.9647
            },
            "LeftMargin": -1.4304,
            "RightMargin": 1.4304,
            "TopMargin": 0.5883,
            "BottomMargin": 2.4117,
            "Tag": 294,
            "ActionTag": 1071201177,
            "Size": {
              "X": 1152.0,
              "Y": 82.0
            },
            "Name": "msg_item_bg_3",
            "ctype": "SpriteObjectData"
          },
          {
            "FileData": {
              "Type": "Normal",
              "Path": "image/ui/club/btn_operate2.png",
              "Plist": ""
            },
            "BlendFunc": {
              "Src": 1,
              "Dst": 771
            },
            "AnchorPoint": {
              "ScaleX": 0.5,
              "ScaleY": 0.5
            },
            "Position": {
              "X": 983.8591,
              "Y": 41.7401
            },
            "Scale": {
              "ScaleX": 1.0,
              "ScaleY": 1.0
            },
            "CColor": {},
            "IconVisible": false,
            "PrePosition": {
              "X": 0.854,
              "Y": 0.4911
            },
            "PreSize": {
              "X": 0.1172,
              "Y": 0.7059
            },
            "LeftMargin": 916.3591,
            "RightMargin": 100.6409,
            "TopMargin": 13.2599,
            "BottomMargin": 11.7401,
            "Tag": 293,
            "ActionTag": -84240156,
            "Size": {
              "X": 135.0,
              "Y": 60.0
            },
            "Name": "btn_operation",
            "ctype": "SpriteObjectData"
          },
          {
            "FontSize": 26,
            "LabelText": "俱乐部名称 0 0 ",
            "FontResource": {
              "Type": "Normal",
              "Path": "image/fonts/FZZY.TTF",
              "Plist": ""
            },
            "OutlineColor": {
              "G": 0,
              "B": 0
            },
            "ShadowColor": {
              "R": 110,
              "G": 110,
              "B": 110
            },
            "ShadowOffsetX": 2.0,
            "ShadowOffsetY": -2.0,
            "AnchorPoint": {
              "ScaleY": 0.5
            },
            "Position": {
              "X": 151.5149,
              "Y": 43.2251
            },
            "Scale": {
              "ScaleX": 1.0,
              "ScaleY": 1.0
            },
            "CColor": {
              "R": 85,
              "G": 117,
              "B": 142
            },
            "IconVisible": false,
            "PrePosition": {
              "X": 0.1315,
              "Y": 0.5085
            },
            "PreSize": {
              "X": 0.1519,
              "Y": 0.3529
            },
            "LeftMargin": 151.5149,
            "RightMargin": 825.4851,
            "TopMargin": 26.7749,
            "BottomMargin": 28.2251,
            "Tag": 292,
            "ActionTag": -853260113,
            "Size": {
              "X": 175.0,
              "Y": 30.0
            },
            "Name": "lb_name",
            "ctype": "TextObjectData"
          },
          {
            "FontSize": 26,
            "LabelText": " 群主啊 ",
            "FontResource": {
              "Type": "Normal",
              "Path": "image/fonts/FZZY.TTF",
              "Plist": ""
            },
            "HorizontalAlignmentType": "HT_Center",
            "VerticalAlignmentType": "VT_Center",
            "OutlineColor": {
              "G": 0,
              "B": 0
            },
            "ShadowColor": {
              "R": 110,
              "G": 110,
              "B": 110
            },
            "ShadowOffsetX": 2.0,
            "ShadowOffsetY": -2.0,
            "AnchorPoint": {
              "ScaleX": 0.5,
              "ScaleY": 0.5
            },
            "Position": {
              "X": 736.1107,
              "Y": 43.2252
            },
            "Scale": {
              "ScaleX": 1.0,
              "ScaleY": 1.0
            },
            "CColor": {
              "G": 0,
              "B": 0
            },
            "IconVisible": false,
            "PrePosition": {
              "X": 0.639,
              "Y": 0.5085
            },
            "PreSize": {
              "X": 0.0773,
              "Y": 0.3529
            },
            "LeftMargin": 691.6107,
            "RightMargin": 371.3893,
            "TopMargin": 26.7748,
            "BottomMargin": 28.2252,
            "Tag": 290,
            "ActionTag": -800338522,
            "Size": {
              "X": 89.0,
              "Y": 30.0
            },
            "Name": "lb_shenfen",
            "ctype": "TextObjectData"
          },
          {
            "FontSize": 26,
            "LabelText": "俱乐部名称 0 0 ",
            "FontResource": {
              "Type": "Normal",
              "Path": "image/fonts/FZZY.TTF",
              "Plist": ""
            },
            "HorizontalAlignmentType": "HT_Center",
            "VerticalAlignmentType": "VT_Center",
            "OutlineColor": {
              "G": 0,
              "B": 0
            },
            "ShadowColor": {
              "R": 110,
              "G": 110,
              "B": 110
            },
            "ShadowOffsetX": 2.0,
            "ShadowOffsetY": -2.0,
            "AnchorPoint": {
              "ScaleX": 0.5,
              "ScaleY": 0.5
            },
            "Position": {
              "X": 494.0101,
              "Y": 43.2251
            },
            "Scale": {
              "ScaleX": 1.0,
              "ScaleY": 1.0
            },
            "CColor": {
              "R": 85,
              "G": 117,
              "B": 142
            },
            "IconVisible": false,
            "PrePosition": {
              "X": 0.4288,
              "Y": 0.5085
            },
            "PreSize": {
              "X": 0.1519,
              "Y": 0.3529
            },
            "LeftMargin": 406.5101,
            "RightMargin": 570.4899,
            "TopMargin": 26.7749,
            "BottomMargin": 28.2251,
            "Tag": 291,
            "ActionTag": 1011395934,
            "Size": {
              "X": 175.0,
              "Y": 30.0
            },
            "Name": "lb_id",
            "ctype": "TextObjectData"
          },
          {
            "FileData": {
              "Type": "Normal",
              "Path": "image/ui/club/bg_qunmp.png",
              "Plist": ""
            },
            "BlendFunc": {
              "Src": 1,
              "Dst": 771
            },
            "AnchorPoint": {
              "ScaleX": 0.5,
              "ScaleY": 0.5
            },
            "Position": {
              "X": 106.93,
              "Y": 43.2253
            },
            "Scale": {
              "ScaleX": 0.9,
              "ScaleY": 0.9
            },
            "CColor": {},
            "IconVisible": false,
            "PrePosition": {
              "X": 0.0928,
              "Y": 0.5085
            },
            "PreSize": {
              "X": 0.0538,
              "Y": 0.7294
            },
            "LeftMargin": 75.93,
            "RightMargin": 1014.07,
            "TopMargin": 10.7747,
            "BottomMargin": 12.2253,
            "Tag": 344,
            "ActionTag": 997493939,
            "Size": {
              "X": 62.0,
              "Y": 62.0
            },
            "Name": "head",
            "ctype": "SpriteObjectData"
          },
          {
            "FontSize": 26,
            "LabelText": "00001",
            "FontResource": {
              "Type": "Normal",
              "Path": "image/fonts/FZZY.TTF",
              "Plist": ""
            },
            "OutlineColor": {
              "G": 0,
              "B": 0
            },
            "ShadowColor": {
              "R": 110,
              "G": 110,
              "B": 110
            },
            "ShadowOffsetX": 2.0,
            "ShadowOffsetY": -2.0,
            "AnchorPoint": {
              "ScaleX": 0.5,
              "ScaleY": 0.5
            },
            "Position": {
              "X": 34.41,
              "Y": 43.1147
            },
            "Scale": {
              "ScaleX": 1.0,
              "ScaleY": 1.0
            },
            "CColor": {
              "R": 85,
              "G": 117,
              "B": 142
            },
            "IconVisible": false,
            "PrePosition": {
              "X": 0.0299,
              "Y": 0.5072
            },
            "PreSize": {
              "X": 0.0573,
              "Y": 0.3529
            },
            "LeftMargin": 1.41,
            "RightMargin": 1084.59,
            "TopMargin": 26.8853,
            "BottomMargin": 28.1147,
            "Tag": 1440,
            "ActionTag": 2089210074,
            "Size": {
              "X": 66.0,
              "Y": 30.0
            },
            "Name": "lb_index",
            "ctype": "TextObjectData"
          }
        ],
        "Size": {
          "X": 1152.0,
          "Y": 85.0
        },
        "Name": "Layer",
        "ctype": "LayerObjectData"
      },
      "UsedResources": [
        "../../image/fonts/FZZY.TTF",
        "../../image/ui/club/bg_qunmp.png",
        "../../image/ui/club/btn_operate2.png",
        "../../image/ui/club/msg_item_bg.png"
      ],
      "ctype": "GameFileData"
    }
  },
  "Type": "Layer"
}