{
  "ID": "211e5203-964a-4b4b-8298-9412db99540d",
  "Version": "3.10.0.0",
  "Name": "ClubTableOpeItem",
  "Content": {
    "Content": {
      "Animation": {
        "Duration": 0,
        "Speed": 1.0,
        "Timelines": [],
        "ctype": "TimelineActionData"
      },
      "AnimationList": [],
      "ObjectData": {
        "Tag": 316,
        "Children": [
          {
            "FileData": {
              "Type": "Normal",
              "Path": "image/ui/club/club_ope_item.png",
              "Plist": ""
            },
            "BlendFunc": {
              "Src": 1,
              "Dst": 771
            },
            "AnchorPoint": {
              "ScaleX": 0.5,
              "ScaleY": 0.5
            },
            "Position": {
              "X": 230.8485,
              "Y": 39.9028
            },
            "Scale": {
              "ScaleX": 1.0,
              "ScaleY": 1.0
            },
            "CColor": {},
            "IconVisible": false,
            "PrePosition": {
              "X": 0.2004,
              "Y": 0.4694
            },
            "PreSize": {
              "X": 0.395,
              "Y": 0.8471
            },
            "LeftMargin": 3.3485,
            "RightMargin": 693.6515,
            "TopMargin": 9.0972,
            "BottomMargin": 3.9028,
            "Tag": 286,
            "Children": [
              {
                "FontSize": 26,
                "LabelText": "哦用户名称啊：",
                "HorizontalAlignmentType": "HT_Center",
                "VerticalAlignmentType": "VT_Center",
                "OutlineColor": {
                  "G": 0,
                  "B": 0
                },
                "ShadowColor": {
                  "R": 110,
                  "G": 110,
                  "B": 110
                },
                "ShadowOffsetX": 2.0,
                "ShadowOffsetY": -2.0,
                "AnchorPoint": {
                  "ScaleY": 0.5
                },
                "Position": {
                  "X": 20.9347,
                  "Y": 35.0923
                },
                "Scale": {
                  "ScaleX": 1.0,
                  "ScaleY": 1.0
                },
                "CColor": {
                  "R": 39,
                  "G": 119,
                  "B": 182
                },
                "IconVisible": false,
                "PrePosition": {
                  "X": 0.046,
                  "Y": 0.4874
                },
                "PreSize": {
                  "X": 0.4,
                  "Y": 0.4306
                },
                "LeftMargin": 20.9347,
                "RightMargin": 252.0653,
                "TopMargin": 21.4077,
                "BottomMargin": 19.5923,
                "Tag": 287,
                "ActionTag": 1058140854,
                "Size": {
                  "X": 182.0,
                  "Y": 31.0
                },
                "Name": "lb_name",
                "ctype": "TextObjectData"
              },
              {
                "FileData": {
                  "Type": "Normal",
                  "Path": "image/ui/club/btn_ti.png",
                  "Plist": ""
                },
                "BlendFunc": {
                  "Src": 1,
                  "Dst": 771
                },
                "AnchorPoint": {
                  "ScaleX": 0.5,
                  "ScaleY": 0.5
                },
                "Position": {
                  "X": 375.9532,
                  "Y": 35.0923
                },
                "Scale": {
                  "ScaleX": 1.0,
                  "ScaleY": 1.0
                },
                "CColor": {},
                "IconVisible": false,
                "PrePosition": {
                  "X": 0.8263,
                  "Y": 0.4874
                },
                "PreSize": {
                  "X": 0.2967,
                  "Y": 0.8333
                },
                "LeftMargin": 308.4532,
                "RightMargin": 11.5468,
                "TopMargin": 6.9077,
                "BottomMargin": 5.0923,
                "Tag": 288,
                "ActionTag": -345661247,
                "Size": {
                  "X": 135.0,
                  "Y": 60.0
                },
                "Name": "btn_ti",
                "ctype": "SpriteObjectData"
              },
              {
                "FontSize": 26,
                "LabelText": " 状态啊 ",
                "HorizontalAlignmentType": "HT_Center",
                "VerticalAlignmentType": "VT_Center",
                "OutlineColor": {
                  "G": 0,
                  "B": 0
                },
                "ShadowColor": {
                  "R": 110,
                  "G": 110,
                  "B": 110
                },
                "ShadowOffsetX": 2.0,
                "ShadowOffsetY": -2.0,
                "AnchorPoint": {
                  "ScaleX": 0.5,
                  "ScaleY": 0.5
                },
                "Position": {
                  "X": 255.9848,
                  "Y": 35.0923
                },
                "Scale": {
                  "ScaleX": 1.0,
                  "ScaleY": 1.0
                },
                "CColor": {
                  "R": 243,
                  "G": 47,
                  "B": 47
                },
                "IconVisible": false,
                "PrePosition": {
                  "X": 0.5626,
                  "Y": 0.4874
                },
                "PreSize": {
                  "X": 0.2044,
                  "Y": 0.4306
                },
                "LeftMargin": 209.4848,
                "RightMargin": 152.5152,
                "TopMargin": 21.4077,
                "BottomMargin": 19.5923,
                "Tag": 289,
                "ActionTag": 1253437805,
                "Size": {
                  "X": 93.0,
                  "Y": 31.0
                },
                "Name": "lb_status",
                "ctype": "TextObjectData"
              }
            ],
            "ActionTag": 1673987772,
            "Size": {
              "X": 455.0,
              "Y": 72.0
            },
            "Name": "row1",
            "ctype": "SpriteObjectData"
          }
        ],
        "Size": {
          "X": 1152.0,
          "Y": 85.0
        },
        "Name": "Layer",
        "ctype": "LayerObjectData"
      },
      "UsedResources": [
        "../../image/ui/club/btn_ti.png",
        "../../image/ui/club/club_ope_item.png"
      ],
      "ctype": "GameFileData"
    }
  },
  "Type": "Layer"
}