{
  "ID": "8828cb88-81f5-4373-8686-743a7eec862c",
  "Version": "3.10.0.0",
  "Name": "ClubTalbeOperateLayer",
  "Content": {
    "Content": {
      "Animation": {
        "Duration": 0,
        "Speed": 1.0,
        "Timelines": [],
        "ctype": "TimelineActionData"
      },
      "AnimationList": [],
      "ObjectData": {
        "Tag": 215,
        "Children": [
          {
            "ClipAble": false,
            "BackColorAlpha": 101,
            "ComboBoxIndex": 1,
            "SingleColor": {
              "R": 0,
              "G": 0,
              "B": 0
            },
            "FirstColor": {
              "R": 150,
              "G": 200
            },
            "EndColor": {},
            "ColorVector": {
              "ScaleY": 1.0
            },
            "Scale9Width": 1,
            "Scale9Height": 1,
            "AnchorPoint": {},
            "Position": {
              "X": 0.0,
              "Y": 0.0
            },
            "Scale": {
              "ScaleX": 1.0,
              "ScaleY": 1.0
            },
            "CColor": {},
            "IconVisible": false,
            "PrePosition": {
              "X": 0.0,
              "Y": 0.0
            },
            "PreSize": {
              "X": 1.0,
              "Y": 1.0
            },
            "Tag": 217,
            "ActionTag": -1238494576,
            "Size": {
              "X": 1280.0,
              "Y": 720.0
            },
            "Name": "root",
            "ctype": "PanelObjectData"
          },
          {
            "AnchorPoint": {},
            "Position": {
              "X": 950.2456,
              "Y": 385.9501
            },
            "Scale": {
              "ScaleX": 1.0,
              "ScaleY": 1.0
            },
            "CColor": {},
            "IconVisible": true,
            "PrePosition": {
              "X": 0.7424,
              "Y": 0.536
            },
            "PreSize": {
              "X": 0.0,
              "Y": 0.0
            },
            "LeftMargin": 950.2456,
            "RightMargin": 329.7544,
            "TopMargin": 334.0499,
            "BottomMargin": 385.9501,
            "Tag": 248,
            "Children": [
              {
                "FileData": {
                  "Type": "Normal",
                  "Path": "image/ui/club/choose_talbe_bg.png",
                  "Plist": ""
                },
                "BlendFunc": {
                  "Src": 1,
                  "Dst": 771
                },
                "AnchorPoint": {
                  "ScaleX": 0.5,
                  "ScaleY": 0.5
                },
                "Position": {
                  "X": -115.0979,
                  "Y": -3.0044
                },
                "Scale": {
                  "ScaleX": 1.0,
                  "ScaleY": 1.0
                },
                "CColor": {},
                "IconVisible": false,
                "PrePosition": {
                  "X": 0.0,
                  "Y": 0.0
                },
                "PreSize": {
                  "X": 0.0,
                  "Y": 0.0
                },
                "LeftMargin": -225.5979,
                "RightMargin": 4.5979,
                "TopMargin": -122.9956,
                "BottomMargin": -129.0044,
                "Tag": 246,
                "ActionTag": -2017456796,
                "Size": {
                  "X": 221.0,
                  "Y": 252.0
                },
                "Name": "choose_bg",
                "ctype": "SpriteObjectData"
              },
              {
                "FileData": {
                  "Type": "Normal",
                  "Path": "image/ui/club/btn_ingame.png",
                  "Plist": ""
                },
                "BlendFunc": {
                  "Src": 1,
                  "Dst": 771
                },
                "AnchorPoint": {
                  "ScaleX": 0.5,
                  "ScaleY": 0.5
                },
                "Position": {
                  "X": -129.21,
                  "Y": 67.547
                },
                "Scale": {
                  "ScaleX": 1.0,
                  "ScaleY": 1.0
                },
                "CColor": {},
                "IconVisible": false,
                "PrePosition": {
                  "X": 0.0,
                  "Y": 0.0
                },
                "PreSize": {
                  "X": 0.0,
                  "Y": 0.0
                },
                "LeftMargin": -210.71,
                "RightMargin": 47.71,
                "TopMargin": -97.547,
                "BottomMargin": 37.547,
                "Tag": 242,
                "ActionTag": -1913572006,
                "Size": {
                  "X": 163.0,
                  "Y": 60.0
                },
                "Name": "btn_ingame",
                "ctype": "SpriteObjectData"
              },
              {
                "FileData": {
                  "Type": "Normal",
                  "Path": "image/ui/club/btn_jiesan.png",
                  "Plist": ""
                },
                "BlendFunc": {
                  "Src": 1,
                  "Dst": 771
                },
                "AnchorPoint": {
                  "ScaleX": 0.5,
                  "ScaleY": 0.5
                },
                "Position": {
                  "X": -129.2107,
                  "Y": -10.0606
                },
                "Scale": {
                  "ScaleX": 1.0,
                  "ScaleY": 1.0
                },
                "CColor": {},
                "IconVisible": false,
                "PrePosition": {
                  "X": 0.0,
                  "Y": 0.0
                },
                "PreSize": {
                  "X": 0.0,
                  "Y": 0.0
                },
                "LeftMargin": -210.7107,
                "RightMargin": 47.7107,
                "TopMargin": -19.9394,
                "BottomMargin": -40.0606,
                "Tag": 243,
                "ActionTag": -266843092,
                "Size": {
                  "X": 163.0,
                  "Y": 60.0
                },
                "Name": "btn_jiesan",
                "ctype": "SpriteObjectData"
              },
              {
                "FileData": {
                  "Type": "Normal",
                  "Path": "image/ui/club/btn_tiplayer.png",
                  "Plist": ""
                },
                "BlendFunc": {
                  "Src": 1,
                  "Dst": 771
                },
                "AnchorPoint": {
                  "ScaleX": 0.5,
                  "ScaleY": 0.5
                },
                "Position": {
                  "X": -129.2107,
                  "Y": -83.4343
                },
                "Scale": {
                  "ScaleX": 1.0,
                  "ScaleY": 1.0
                },
                "CColor": {},
                "IconVisible": false,
                "PrePosition": {
                  "X": 0.0,
                  "Y": 0.0
                },
                "PreSize": {
                  "X": 0.0,
                  "Y": 0.0
                },
                "LeftMargin": -210.7107,
                "RightMargin": 47.7107,
                "TopMargin": 53.4343,
                "BottomMargin": -113.4343,
                "Tag": 245,
                "ActionTag": -1335936901,
                "Size": {
                  "X": 163.0,
                  "Y": 60.0
                },
                "Name": "btn_tiplayer",
                "ctype": "SpriteObjectData"
              },
              {
                "FileData": {
                  "Type": "Normal",
                  "Path": "image/ui/club/club_ope_bg.png",
                  "Plist": ""
                },
                "BlendFunc": {
                  "Src": 1,
                  "Dst": 771
                },
                "AnchorPoint": {
                  "ScaleX": 0.5,
                  "ScaleY": 0.5
                },
                "Position": {
                  "X": -466.4433,
                  "Y": -45.3364
                },
                "Scale": {
                  "ScaleX": 1.0,
                  "ScaleY": 1.0
                },
                "CColor": {},
                "IconVisible": false,
                "PrePosition": {
                  "X": 0.0,
                  "Y": 0.0
                },
                "PreSize": {
                  "X": 0.0,
                  "Y": 0.0
                },
                "LeftMargin": -705.9433,
                "RightMargin": 226.9433,
                "TopMargin": -122.6636,
                "BottomMargin": -213.3364,
                "Tag": 247,
                "Children": [
                  {
                    "InnerNodeSize": {
                      "Width": 461,
                      "Height": 306
                    },
                    "ScrollDirectionType": "Vertical",
                    "ClipAble": false,
                    "BackColorAlpha": 102,
                    "SingleColor": {
                      "G": 150,
                      "B": 100
                    },
                    "FirstColor": {
                      "G": 150,
                      "B": 100
                    },
                    "EndColor": {},
                    "ColorVector": {
                      "ScaleY": 1.0
                    },
                    "TouchEnable": true,
                    "AnchorPoint": {},
                    "Position": {
                      "X": 7.9004,
                      "Y": 19.3274
                    },
                    "Scale": {
                      "ScaleX": 1.0,
                      "ScaleY": 1.0
                    },
                    "CColor": {},
                    "IconVisible": false,
                    "PrePosition": {
                      "X": 0.0165,
                      "Y": 0.0575
                    },
                    "PreSize": {
                      "X": 0.9541,
                      "Y": 0.8958
                    },
                    "LeftMargin": 7.9004,
                    "RightMargin": 14.0996,
                    "TopMargin": 15.6726,
                    "BottomMargin": 19.3274,
                    "Tag": 252,
                    "ActionTag": 1838277950,
                    "Size": {
                      "X": 457.0,
                      "Y": 301.0
                    },
                    "Name": "ScrollView",
                    "ctype": "ScrollViewObjectData"
                  }
                ],
                "ActionTag": 508512887,
                "Size": {
                  "X": 479.0,
                  "Y": 336.0
                },
                "Name": "ti_bg",
                "ctype": "SpriteObjectData"
              }
            ],
            "ActionTag": -803457860,
            "Size": {
              "X": 0.0,
              "Y": 0.0
            },
            "Name": "posNode",
            "ctype": "SingleNodeObjectData"
          }
        ],
        "Size": {
          "X": 1280.0,
          "Y": 720.0
        },
        "Name": "Layer",
        "ctype": "LayerObjectData"
      },
      "UsedResources": [
        "../../image/ui/club/btn_ingame.png",
        "../../image/ui/club/btn_jiesan.png",
        "../../image/ui/club/btn_tiplayer.png",
        "../../image/ui/club/choose_talbe_bg.png",
        "../../image/ui/club/club_ope_bg.png"
      ],
      "ctype": "GameFileData"
    }
  },
  "Type": "Layer"
}