{
  "ID": "d1a6515d-d0bb-4e29-bc2f-cd21992b642b",
  "Version": "3.10.0.0",
  "Name": "ClubTableItem3",
  "Content": {
    "Content": {
      "Animation": {
        "Duration": 0,
        "Speed": 1.0,
        "Timelines": [],
        "ctype": "TimelineActionData"
      },
      "AnimationList": [],
      "ObjectData": {
        "Tag": 316,
        "Children": [
          {
            "FileData": {
              "Type": "Normal",
              "Path": "image/ui/club/table_for_9.png",
              "Plist": ""
            },
            "BlendFunc": {
              "Src": 1,
              "Dst": 771
            },
            "AnchorPoint": {
              "ScaleX": 0.5,
              "ScaleY": 0.5
            },
            "Position": {
              "X": 180.26,
              "Y": 129.48
            },
            "Scale": {
              "ScaleX": 1.0,
              "ScaleY": 1.0
            },
            "CColor": {},
            "IconVisible": false,
            "PrePosition": {
              "X": 0.4097,
              "Y": 0.498
            },
            "PreSize": {
              "X": 0.7364,
              "Y": 0.9692
            },
            "LeftMargin": 18.26,
            "RightMargin": 97.74,
            "TopMargin": 4.52,
            "BottomMargin": 3.48,
            "Tag": 122,
            "Children": [
              {
                "FileData": {
                  "Type": "Normal",
                  "Path": "image/ui/club/icon_wait.png",
                  "Plist": ""
                },
                "BlendFunc": {
                  "Src": 1,
                  "Dst": 771
                },
                "AnchorPoint": {
                  "ScaleX": 0.5,
                  "ScaleY": 0.5
                },
                "Position": {
                  "X": 162.7002,
                  "Y": 132.4617
                },
                "Scale": {
                  "ScaleX": 1.0,
                  "ScaleY": 1.0
                },
                "CColor": {},
                "IconVisible": false,
                "PrePosition": {
                  "X": 0.5022,
                  "Y": 0.5256
                },
                "PreSize": {
                  "X": 0.2593,
                  "Y": 0.2143
                },
                "LeftMargin": 120.7002,
                "RightMargin": 119.2998,
                "TopMargin": 92.5383,
                "BottomMargin": 105.4617,
                "Tag": 123,
                "ActionTag": -961503919,
                "Size": {
                  "X": 84.0,
                  "Y": 54.0
                },
                "Name": "state",
                "ctype": "SpriteObjectData"
              },
              {
                "FileData": {
                  "Type": "Normal",
                  "Path": "appCommon/fydp/common/transparent/transparent.png",
                  "Plist": ""
                },
                "BlendFunc": {
                  "Src": 1,
                  "Dst": 771
                },
                "AnchorPoint": {
                  "ScaleX": 0.5,
                  "ScaleY": 0.5
                },
                "Position": {
                  "X": 238.2817,
                  "Y": 219.2426
                },
                "Scale": {
                  "ScaleX": 1.0,
                  "ScaleY": 1.0
                },
                "CColor": {},
                "IconVisible": false,
                "PrePosition": {
                  "X": 0.7354,
                  "Y": 0.87
                },
                "PreSize": {
                  "X": 0.0031,
                  "Y": 0.004
                },
                "LeftMargin": 237.7817,
                "RightMargin": 85.2183,
                "TopMargin": 32.2574,
                "BottomMargin": 218.7426,
                "Tag": 133,
                "Children": [
                  {
                    "FileData": {
                      "Type": "Normal",
                      "Path": "appCommon/fydp/common/transparent/transparent_64x64.png",
                      "Plist": ""
                    },
                    "BlendFunc": {
                      "Src": 1,
                      "Dst": 771
                    },
                    "AnchorPoint": {
                      "ScaleX": 0.5,
                      "ScaleY": 0.5
                    },
                    "Position": {
                      "X": 0.9859,
                      "Y": -0.0687
                    },
                    "Scale": {
                      "ScaleX": 0.77,
                      "ScaleY": 0.77
                    },
                    "CColor": {},
                    "IconVisible": false,
                    "PrePosition": {
                      "X": 0.9859,
                      "Y": -0.0687
                    },
                    "PreSize": {
                      "X": 64.0,
                      "Y": 64.0
                    },
                    "LeftMargin": -31.0141,
                    "RightMargin": -31.9859,
                    "TopMargin": -30.9313,
                    "BottomMargin": -32.0687,
                    "Tag": 134,
                    "ActionTag": -1705828082,
                    "Size": {
                      "X": 64.0,
                      "Y": 64.0
                    },
                    "Name": "head",
                    "ctype": "SpriteObjectData"
                  },
                  {
                    "FileData": {
                      "Type": "Normal",
                      "Path": "image/ui/club/head_bg2.png",
                      "Plist": ""
                    },
                    "BlendFunc": {
                      "Src": 1,
                      "Dst": 771
                    },
                    "AnchorPoint": {
                      "ScaleX": 0.5,
                      "ScaleY": 0.5
                    },
                    "Position": {
                      "X": 0.6178,
                      "Y": -9.6404
                    },
                    "Scale": {
                      "ScaleX": 1.0,
                      "ScaleY": 1.0
                    },
                    "CColor": {},
                    "IconVisible": false,
                    "PrePosition": {
                      "X": 0.6178,
                      "Y": -9.6404
                    },
                    "PreSize": {
                      "X": 100.0,
                      "Y": 73.0
                    },
                    "LeftMargin": -49.3822,
                    "RightMargin": -49.6178,
                    "TopMargin": -25.8596,
                    "BottomMargin": -46.1404,
                    "Tag": 374,
                    "ActionTag": 1300973595,
                    "Size": {
                      "X": 100.0,
                      "Y": 73.0
                    },
                    "Name": "head_bg2_3",
                    "ctype": "SpriteObjectData"
                  },
                  {
                    "FontSize": 18,
                    "LabelText": " 玩家名字啊 ",
                    "HorizontalAlignmentType": "HT_Center",
                    "VerticalAlignmentType": "VT_Center",
                    "OutlineColor": {
                      "G": 0,
                      "B": 0
                    },
                    "ShadowColor": {
                      "R": 110,
                      "G": 110,
                      "B": 110
                    },
                    "ShadowOffsetX": 2.0,
                    "ShadowOffsetY": -2.0,
                    "AnchorPoint": {
                      "ScaleX": 0.5,
                      "ScaleY": 0.5
                    },
                    "Position": {
                      "X": 0.6181,
                      "Y": -36.2726
                    },
                    "Scale": {
                      "ScaleX": 1.0,
                      "ScaleY": 1.0
                    },
                    "CColor": {
                      "R": 221,
                      "G": 217,
                      "B": 191
                    },
                    "IconVisible": false,
                    "PrePosition": {
                      "X": 0.6181,
                      "Y": -36.2726
                    },
                    "PreSize": {
                      "X": 101.0,
                      "Y": 21.0
                    },
                    "LeftMargin": -49.8819,
                    "RightMargin": -50.1181,
                    "TopMargin": 26.7726,
                    "BottomMargin": -46.7726,
                    "Tag": 375,
                    "ActionTag": 2028692308,
                    "Size": {
                      "X": 101.0,
                      "Y": 21.0
                    },
                    "Name": "lb_name",
                    "ctype": "TextObjectData"
                  }
                ],
                "ActionTag": -1116881392,
                "Size": {
                  "X": 1.0,
                  "Y": 1.0
                },
                "Name": "row4",
                "ctype": "SpriteObjectData"
              },
              {
                "FileData": {
                  "Type": "Normal",
                  "Path": "appCommon/fydp/common/transparent/transparent.png",
                  "Plist": ""
                },
                "BlendFunc": {
                  "Src": 1,
                  "Dst": 771
                },
                "AnchorPoint": {
                  "ScaleX": 0.5,
                  "ScaleY": 0.5
                },
                "Position": {
                  "X": 164.8158,
                  "Y": 219.2426
                },
                "Scale": {
                  "ScaleX": 1.0,
                  "ScaleY": 1.0
                },
                "CColor": {},
                "IconVisible": false,
                "PrePosition": {
                  "X": 0.5087,
                  "Y": 0.87
                },
                "PreSize": {
                  "X": 0.0031,
                  "Y": 0.004
                },
                "LeftMargin": 164.3158,
                "RightMargin": 158.6842,
                "TopMargin": 32.2574,
                "BottomMargin": 218.7426,
                "Tag": 376,
                "Children": [
                  {
                    "FileData": {
                      "Type": "Normal",
                      "Path": "appCommon/fydp/common/transparent/transparent_64x64.png",
                      "Plist": ""
                    },
                    "BlendFunc": {
                      "Src": 1,
                      "Dst": 771
                    },
                    "AnchorPoint": {
                      "ScaleX": 0.5,
                      "ScaleY": 0.5
                    },
                    "Position": {
                      "X": 0.9859,
                      "Y": -0.0687
                    },
                    "Scale": {
                      "ScaleX": 0.77,
                      "ScaleY": 0.77
                    },
                    "CColor": {},
                    "IconVisible": false,
                    "PrePosition": {
                      "X": 0.9859,
                      "Y": -0.0687
                    },
                    "PreSize": {
                      "X": 64.0,
                      "Y": 64.0
                    },
                    "LeftMargin": -31.0141,
                    "RightMargin": -31.9859,
                    "TopMargin": -30.9313,
                    "BottomMargin": -32.0687,
                    "Tag": 377,
                    "ActionTag": -2121597888,
                    "Size": {
                      "X": 64.0,
                      "Y": 64.0
                    },
                    "Name": "head",
                    "ctype": "SpriteObjectData"
                  },
                  {
                    "FileData": {
                      "Type": "Normal",
                      "Path": "image/ui/club/head_bg2.png",
                      "Plist": ""
                    },
                    "BlendFunc": {
                      "Src": 1,
                      "Dst": 771
                    },
                    "AnchorPoint": {
                      "ScaleX": 0.5,
                      "ScaleY": 0.5
                    },
                    "Position": {
                      "X": 0.6178,
                      "Y": -9.6404
                    },
                    "Scale": {
                      "ScaleX": 1.0,
                      "ScaleY": 1.0
                    },
                    "CColor": {},
                    "IconVisible": false,
                    "PrePosition": {
                      "X": 0.6178,
                      "Y": -9.6404
                    },
                    "PreSize": {
                      "X": 100.0,
                      "Y": 73.0
                    },
                    "LeftMargin": -49.3822,
                    "RightMargin": -49.6178,
                    "TopMargin": -25.8596,
                    "BottomMargin": -46.1404,
                    "Tag": 378,
                    "ActionTag": -2110945310,
                    "Size": {
                      "X": 100.0,
                      "Y": 73.0
                    },
                    "Name": "head_bg2_3",
                    "ctype": "SpriteObjectData"
                  },
                  {
                    "FontSize": 18,
                    "LabelText": " 玩家名字啊 ",
                    "HorizontalAlignmentType": "HT_Center",
                    "VerticalAlignmentType": "VT_Center",
                    "OutlineColor": {
                      "G": 0,
                      "B": 0
                    },
                    "ShadowColor": {
                      "R": 110,
                      "G": 110,
                      "B": 110
                    },
                    "ShadowOffsetX": 2.0,
                    "ShadowOffsetY": -2.0,
                    "AnchorPoint": {
                      "ScaleX": 0.5,
                      "ScaleY": 0.5
                    },
                    "Position": {
                      "X": 0.6181,
                      "Y": -36.2726
                    },
                    "Scale": {
                      "ScaleX": 1.0,
                      "ScaleY": 1.0
                    },
                    "CColor": {
                      "R": 221,
                      "G": 217,
                      "B": 191
                    },
                    "IconVisible": false,
                    "PrePosition": {
                      "X": 0.6181,
                      "Y": -36.2726
                    },
                    "PreSize": {
                      "X": 101.0,
                      "Y": 21.0
                    },
                    "LeftMargin": -49.8819,
                    "RightMargin": -50.1181,
                    "TopMargin": 26.7726,
                    "BottomMargin": -46.7726,
                    "Tag": 379,
                    "ActionTag": 2079946487,
                    "Size": {
                      "X": 101.0,
                      "Y": 21.0
                    },
                    "Name": "lb_name",
                    "ctype": "TextObjectData"
                  }
                ],
                "ActionTag": -2082437746,
                "Size": {
                  "X": 1.0,
                  "Y": 1.0
                },
                "Name": "row3",
                "ctype": "SpriteObjectData"
              },
              {
                "FileData": {
                  "Type": "Normal",
                  "Path": "appCommon/fydp/common/transparent/transparent.png",
                  "Plist": ""
                },
                "BlendFunc": {
                  "Src": 1,
                  "Dst": 771
                },
                "AnchorPoint": {
                  "ScaleX": 0.5,
                  "ScaleY": 0.5
                },
                "Position": {
                  "X": 91.35,
                  "Y": 219.2426
                },
                "Scale": {
                  "ScaleX": 1.0,
                  "ScaleY": 1.0
                },
                "CColor": {},
                "IconVisible": false,
                "PrePosition": {
                  "X": 0.2819,
                  "Y": 0.87
                },
                "PreSize": {
                  "X": 0.0031,
                  "Y": 0.004
                },
                "LeftMargin": 90.85,
                "RightMargin": 232.15,
                "TopMargin": 32.2574,
                "BottomMargin": 218.7426,
                "Tag": 380,
                "Children": [
                  {
                    "FileData": {
                      "Type": "Normal",
                      "Path": "appCommon/fydp/common/transparent/transparent_64x64.png",
                      "Plist": ""
                    },
                    "BlendFunc": {
                      "Src": 1,
                      "Dst": 771
                    },
                    "AnchorPoint": {
                      "ScaleX": 0.5,
                      "ScaleY": 0.5
                    },
                    "Position": {
                      "X": 0.9859,
                      "Y": -0.0687
                    },
                    "Scale": {
                      "ScaleX": 0.77,
                      "ScaleY": 0.77
                    },
                    "CColor": {},
                    "IconVisible": false,
                    "PrePosition": {
                      "X": 0.9859,
                      "Y": -0.0687
                    },
                    "PreSize": {
                      "X": 64.0,
                      "Y": 64.0
                    },
                    "LeftMargin": -31.0141,
                    "RightMargin": -31.9859,
                    "TopMargin": -30.9313,
                    "BottomMargin": -32.0687,
                    "Tag": 381,
                    "ActionTag": -104168135,
                    "Size": {
                      "X": 64.0,
                      "Y": 64.0
                    },
                    "Name": "head",
                    "ctype": "SpriteObjectData"
                  },
                  {
                    "FileData": {
                      "Type": "Normal",
                      "Path": "image/ui/club/head_bg2.png",
                      "Plist": ""
                    },
                    "BlendFunc": {
                      "Src": 1,
                      "Dst": 771
                    },
                    "AnchorPoint": {
                      "ScaleX": 0.5,
                      "ScaleY": 0.5
                    },
                    "Position": {
                      "X": 0.6178,
                      "Y": -9.6404
                    },
                    "Scale": {
                      "ScaleX": 1.0,
                      "ScaleY": 1.0
                    },
                    "CColor": {},
                    "IconVisible": false,
                    "PrePosition": {
                      "X": 0.6178,
                      "Y": -9.6404
                    },
                    "PreSize": {
                      "X": 100.0,
                      "Y": 73.0
                    },
                    "LeftMargin": -49.3822,
                    "RightMargin": -49.6178,
                    "TopMargin": -25.8596,
                    "BottomMargin": -46.1404,
                    "Tag": 382,
                    "ActionTag": 627902966,
                    "Size": {
                      "X": 100.0,
                      "Y": 73.0
                    },
                    "Name": "head_bg2_3",
                    "ctype": "SpriteObjectData"
                  },
                  {
                    "FontSize": 18,
                    "LabelText": " 玩家名字啊 ",
                    "HorizontalAlignmentType": "HT_Center",
                    "VerticalAlignmentType": "VT_Center",
                    "OutlineColor": {
                      "G": 0,
                      "B": 0
                    },
                    "ShadowColor": {
                      "R": 110,
                      "G": 110,
                      "B": 110
                    },
                    "ShadowOffsetX": 2.0,
                    "ShadowOffsetY": -2.0,
                    "AnchorPoint": {
                      "ScaleX": 0.5,
                      "ScaleY": 0.5
                    },
                    "Position": {
                      "X": 0.6181,
                      "Y": -36.2726
                    },
                    "Scale": {
                      "ScaleX": 1.0,
                      "ScaleY": 1.0
                    },
                    "CColor": {
                      "R": 221,
                      "G": 217,
                      "B": 191
                    },
                    "IconVisible": false,
                    "PrePosition": {
                      "X": 0.6181,
                      "Y": -36.2726
                    },
                    "PreSize": {
                      "X": 101.0,
                      "Y": 21.0
                    },
                    "LeftMargin": -49.8819,
                    "RightMargin": -50.1181,
                    "TopMargin": 26.7726,
                    "BottomMargin": -46.7726,
                    "Tag": 383,
                    "ActionTag": 1046038982,
                    "Size": {
                      "X": 101.0,
                      "Y": 21.0
                    },
                    "Name": "lb_name",
                    "ctype": "TextObjectData"
                  }
                ],
                "ActionTag": -1688529127,
                "Size": {
                  "X": 1.0,
                  "Y": 1.0
                },
                "Name": "row2",
                "ctype": "SpriteObjectData"
              },
              {
                "FileData": {
                  "Type": "Normal",
                  "Path": "appCommon/fydp/common/transparent/transparent.png",
                  "Plist": ""
                },
                "BlendFunc": {
                  "Src": 1,
                  "Dst": 771
                },
                "AnchorPoint": {
                  "ScaleX": 0.5,
                  "ScaleY": 0.5
                },
                "Position": {
                  "X": 27.85,
                  "Y": 184.76
                },
                "Scale": {
                  "ScaleX": 1.0,
                  "ScaleY": 1.0
                },
                "CColor": {},
                "IconVisible": false,
                "PrePosition": {
                  "X": 0.086,
                  "Y": 0.7332
                },
                "PreSize": {
                  "X": 0.0031,
                  "Y": 0.004
                },
                "LeftMargin": 27.35,
                "RightMargin": 295.65,
                "TopMargin": 66.74,
                "BottomMargin": 184.26,
                "Tag": 384,
                "Children": [
                  {
                    "FileData": {
                      "Type": "Normal",
                      "Path": "appCommon/fydp/common/transparent/transparent_64x64.png",
                      "Plist": ""
                    },
                    "BlendFunc": {
                      "Src": 1,
                      "Dst": 771
                    },
                    "AnchorPoint": {
                      "ScaleX": 0.5,
                      "ScaleY": 0.5
                    },
                    "Position": {
                      "X": 0.9859,
                      "Y": -0.0687
                    },
                    "Scale": {
                      "ScaleX": 0.77,
                      "ScaleY": 0.77
                    },
                    "CColor": {},
                    "IconVisible": false,
                    "PrePosition": {
                      "X": 0.9859,
                      "Y": -0.0687
                    },
                    "PreSize": {
                      "X": 64.0,
                      "Y": 64.0
                    },
                    "LeftMargin": -31.0141,
                    "RightMargin": -31.9859,
                    "TopMargin": -30.9313,
                    "BottomMargin": -32.0687,
                    "Tag": 385,
                    "ActionTag": -1926587500,
                    "Size": {
                      "X": 64.0,
                      "Y": 64.0
                    },
                    "Name": "head",
                    "ctype": "SpriteObjectData"
                  },
                  {
                    "FileData": {
                      "Type": "Normal",
                      "Path": "image/ui/club/head_bg2.png",
                      "Plist": ""
                    },
                    "BlendFunc": {
                      "Src": 1,
                      "Dst": 771
                    },
                    "AnchorPoint": {
                      "ScaleX": 0.5,
                      "ScaleY": 0.5
                    },
                    "Position": {
                      "X": 0.6178,
                      "Y": -9.6404
                    },
                    "Scale": {
                      "ScaleX": 1.0,
                      "ScaleY": 1.0
                    },
                    "CColor": {},
                    "IconVisible": false,
                    "PrePosition": {
                      "X": 0.6178,
                      "Y": -9.6404
                    },
                    "PreSize": {
                      "X": 100.0,
                      "Y": 73.0
                    },
                    "LeftMargin": -49.3822,
                    "RightMargin": -49.6178,
                    "TopMargin": -25.8596,
                    "BottomMargin": -46.1404,
                    "Tag": 386,
                    "ActionTag": 594507585,
                    "Size": {
                      "X": 100.0,
                      "Y": 73.0
                    },
                    "Name": "head_bg2_3",
                    "ctype": "SpriteObjectData"
                  },
                  {
                    "FontSize": 18,
                    "LabelText": " 玩家名字啊 ",
                    "HorizontalAlignmentType": "HT_Center",
                    "VerticalAlignmentType": "VT_Center",
                    "OutlineColor": {
                      "G": 0,
                      "B": 0
                    },
                    "ShadowColor": {
                      "R": 110,
                      "G": 110,
                      "B": 110
                    },
                    "ShadowOffsetX": 2.0,
                    "ShadowOffsetY": -2.0,
                    "AnchorPoint": {
                      "ScaleX": 0.5,
                      "ScaleY": 0.5
                    },
                    "Position": {
                      "X": 0.6181,
                      "Y": -36.2726
                    },
                    "Scale": {
                      "ScaleX": 1.0,
                      "ScaleY": 1.0
                    },
                    "CColor": {
                      "R": 221,
                      "G": 217,
                      "B": 191
                    },
                    "IconVisible": false,
                    "PrePosition": {
                      "X": 0.6181,
                      "Y": -36.2726
                    },
                    "PreSize": {
                      "X": 101.0,
                      "Y": 21.0
                    },
                    "LeftMargin": -49.8819,
                    "RightMargin": -50.1181,
                    "TopMargin": 26.7726,
                    "BottomMargin": -46.7726,
                    "Tag": 387,
                    "ActionTag": -1642951955,
                    "Size": {
                      "X": 101.0,
                      "Y": 21.0
                    },
                    "Name": "lb_name",
                    "ctype": "TextObjectData"
                  }
                ],
                "ActionTag": -271900605,
                "Size": {
                  "X": 1.0,
                  "Y": 1.0
                },
                "Name": "row1",
                "ctype": "SpriteObjectData"
              },
              {
                "FontSize": 18,
                "LabelText": " 房号:xxxxxxx ",
                "HorizontalAlignmentType": "HT_Center",
                "VerticalAlignmentType": "VT_Center",
                "OutlineColor": {
                  "G": 0,
                  "B": 0
                },
                "ShadowColor": {
                  "R": 110,
                  "G": 110,
                  "B": 110
                },
                "ShadowOffsetX": 2.0,
                "ShadowOffsetY": -2.0,
                "AnchorPoint": {
                  "ScaleX": 0.5,
                  "ScaleY": 0.5
                },
                "Position": {
                  "X": 163.5305,
                  "Y": 106.3303
                },
                "Scale": {
                  "ScaleX": 1.0,
                  "ScaleY": 1.0
                },
                "CColor": {},
                "IconVisible": false,
                "PrePosition": {
                  "X": 0.5047,
                  "Y": 0.4219
                },
                "PreSize": {
                  "X": 0.3549,
                  "Y": 0.0833
                },
                "LeftMargin": 106.0305,
                "RightMargin": 102.9695,
                "TopMargin": 135.1697,
                "BottomMargin": 95.8303,
                "Tag": 48,
                "ActionTag": 661141511,
                "Size": {
                  "X": 115.0,
                  "Y": 21.0
                },
                "Name": "lb_num",
                "ctype": "TextObjectData"
              },
              {
                "FileData": {
                  "Type": "Normal",
                  "Path": "appCommon/fydp/common/transparent/transparent.png",
                  "Plist": ""
                },
                "BlendFunc": {
                  "Src": 1,
                  "Dst": 771
                },
                "AnchorPoint": {
                  "ScaleX": 0.5,
                  "ScaleY": 0.5
                },
                "Position": {
                  "X": 285.4692,
                  "Y": 80.6696
                },
                "Scale": {
                  "ScaleX": 1.0,
                  "ScaleY": 1.0
                },
                "CColor": {},
                "IconVisible": false,
                "PrePosition": {
                  "X": 0.8811,
                  "Y": 0.3201
                },
                "PreSize": {
                  "X": 0.0031,
                  "Y": 0.004
                },
                "LeftMargin": 284.9692,
                "RightMargin": 38.0308,
                "TopMargin": 170.8304,
                "BottomMargin": 80.1696,
                "Tag": 214,
                "Children": [
                  {
                    "FileData": {
                      "Type": "Normal",
                      "Path": "appCommon/fydp/common/transparent/transparent_64x64.png",
                      "Plist": ""
                    },
                    "BlendFunc": {
                      "Src": 1,
                      "Dst": 771
                    },
                    "AnchorPoint": {
                      "ScaleX": 0.5,
                      "ScaleY": 0.5
                    },
                    "Position": {
                      "X": 0.9859,
                      "Y": -0.0687
                    },
                    "Scale": {
                      "ScaleX": 0.77,
                      "ScaleY": 0.77
                    },
                    "CColor": {},
                    "IconVisible": false,
                    "PrePosition": {
                      "X": 0.9859,
                      "Y": -0.0687
                    },
                    "PreSize": {
                      "X": 64.0,
                      "Y": 64.0
                    },
                    "LeftMargin": -31.0141,
                    "RightMargin": -31.9859,
                    "TopMargin": -30.9313,
                    "BottomMargin": -32.0687,
                    "Tag": 215,
                    "ActionTag": 174425459,
                    "Size": {
                      "X": 64.0,
                      "Y": 64.0
                    },
                    "Name": "head",
                    "ctype": "SpriteObjectData"
                  },
                  {
                    "FileData": {
                      "Type": "Normal",
                      "Path": "image/ui/club/head_bg2.png",
                      "Plist": ""
                    },
                    "BlendFunc": {
                      "Src": 1,
                      "Dst": 771
                    },
                    "AnchorPoint": {
                      "ScaleX": 0.5,
                      "ScaleY": 0.5
                    },
                    "Position": {
                      "X": 0.6178,
                      "Y": -9.6404
                    },
                    "Scale": {
                      "ScaleX": 1.0,
                      "ScaleY": 1.0
                    },
                    "CColor": {},
                    "IconVisible": false,
                    "PrePosition": {
                      "X": 0.6178,
                      "Y": -9.6404
                    },
                    "PreSize": {
                      "X": 100.0,
                      "Y": 73.0
                    },
                    "LeftMargin": -49.3822,
                    "RightMargin": -49.6178,
                    "TopMargin": -25.8596,
                    "BottomMargin": -46.1404,
                    "Tag": 216,
                    "ActionTag": -1139728805,
                    "Size": {
                      "X": 100.0,
                      "Y": 73.0
                    },
                    "Name": "head_bg2_3",
                    "ctype": "SpriteObjectData"
                  },
                  {
                    "FontSize": 18,
                    "LabelText": " 玩家名字啊 ",
                    "HorizontalAlignmentType": "HT_Center",
                    "VerticalAlignmentType": "VT_Center",
                    "OutlineColor": {
                      "G": 0,
                      "B": 0
                    },
                    "ShadowColor": {
                      "R": 110,
                      "G": 110,
                      "B": 110
                    },
                    "ShadowOffsetX": 2.0,
                    "ShadowOffsetY": -2.0,
                    "AnchorPoint": {
                      "ScaleX": 0.5,
                      "ScaleY": 0.5
                    },
                    "Position": {
                      "X": 0.6181,
                      "Y": -36.2726
                    },
                    "Scale": {
                      "ScaleX": 1.0,
                      "ScaleY": 1.0
                    },
                    "CColor": {
                      "R": 221,
                      "G": 217,
                      "B": 191
                    },
                    "IconVisible": false,
                    "PrePosition": {
                      "X": 0.6181,
                      "Y": -36.2726
                    },
                    "PreSize": {
                      "X": 101.0,
                      "Y": 21.0
                    },
                    "LeftMargin": -49.8819,
                    "RightMargin": -50.1181,
                    "TopMargin": 26.7726,
                    "BottomMargin": -46.7726,
                    "Tag": 217,
                    "ActionTag": -11574168,
                    "Size": {
                      "X": 101.0,
                      "Y": 21.0
                    },
                    "Name": "lb_name",
                    "ctype": "TextObjectData"
                  }
                ],
                "ActionTag": 1053632457,
                "Size": {
                  "X": 1.0,
                  "Y": 1.0
                },
                "Name": "row6",
                "ctype": "SpriteObjectData"
              },
              {
                "FileData": {
                  "Type": "Normal",
                  "Path": "appCommon/fydp/common/transparent/transparent.png",
                  "Plist": ""
                },
                "BlendFunc": {
                  "Src": 1,
                  "Dst": 771
                },
                "AnchorPoint": {
                  "ScaleX": 0.5,
                  "ScaleY": 0.5
                },
                "Position": {
                  "X": 297.8835,
                  "Y": 184.76
                },
                "Scale": {
                  "ScaleX": 1.0,
                  "ScaleY": 1.0
                },
                "CColor": {},
                "IconVisible": false,
                "PrePosition": {
                  "X": 0.9194,
                  "Y": 0.7332
                },
                "PreSize": {
                  "X": 0.0031,
                  "Y": 0.004
                },
                "LeftMargin": 297.3835,
                "RightMargin": 25.6165,
                "TopMargin": 66.74,
                "BottomMargin": 184.26,
                "Tag": 218,
                "Children": [
                  {
                    "FileData": {
                      "Type": "Normal",
                      "Path": "appCommon/fydp/common/transparent/transparent_64x64.png",
                      "Plist": ""
                    },
                    "BlendFunc": {
                      "Src": 1,
                      "Dst": 771
                    },
                    "AnchorPoint": {
                      "ScaleX": 0.5,
                      "ScaleY": 0.5
                    },
                    "Position": {
                      "X": 0.9859,
                      "Y": -0.0687
                    },
                    "Scale": {
                      "ScaleX": 0.77,
                      "ScaleY": 0.77
                    },
                    "CColor": {},
                    "IconVisible": false,
                    "PrePosition": {
                      "X": 0.9859,
                      "Y": -0.0687
                    },
                    "PreSize": {
                      "X": 64.0,
                      "Y": 64.0
                    },
                    "LeftMargin": -31.0141,
                    "RightMargin": -31.9859,
                    "TopMargin": -30.9313,
                    "BottomMargin": -32.0687,
                    "Tag": 219,
                    "ActionTag": -975671001,
                    "Size": {
                      "X": 64.0,
                      "Y": 64.0
                    },
                    "Name": "head",
                    "ctype": "SpriteObjectData"
                  },
                  {
                    "FileData": {
                      "Type": "Normal",
                      "Path": "image/ui/club/head_bg2.png",
                      "Plist": ""
                    },
                    "BlendFunc": {
                      "Src": 1,
                      "Dst": 771
                    },
                    "AnchorPoint": {
                      "ScaleX": 0.5,
                      "ScaleY": 0.5
                    },
                    "Position": {
                      "X": 0.6178,
                      "Y": -9.6404
                    },
                    "Scale": {
                      "ScaleX": 1.0,
                      "ScaleY": 1.0
                    },
                    "CColor": {},
                    "IconVisible": false,
                    "PrePosition": {
                      "X": 0.6178,
                      "Y": -9.6404
                    },
                    "PreSize": {
                      "X": 100.0,
                      "Y": 73.0
                    },
                    "LeftMargin": -49.3822,
                    "RightMargin": -49.6178,
                    "TopMargin": -25.8596,
                    "BottomMargin": -46.1404,
                    "Tag": 220,
                    "ActionTag": -659198177,
                    "Size": {
                      "X": 100.0,
                      "Y": 73.0
                    },
                    "Name": "head_bg2_3",
                    "ctype": "SpriteObjectData"
                  },
                  {
                    "FontSize": 18,
                    "LabelText": " 玩家名字啊 ",
                    "HorizontalAlignmentType": "HT_Center",
                    "VerticalAlignmentType": "VT_Center",
                    "OutlineColor": {
                      "G": 0,
                      "B": 0
                    },
                    "ShadowColor": {
                      "R": 110,
                      "G": 110,
                      "B": 110
                    },
                    "ShadowOffsetX": 2.0,
                    "ShadowOffsetY": -2.0,
                    "AnchorPoint": {
                      "ScaleX": 0.5,
                      "ScaleY": 0.5
                    },
                    "Position": {
                      "X": 0.6181,
                      "Y": -36.2726
                    },
                    "Scale": {
                      "ScaleX": 1.0,
                      "ScaleY": 1.0
                    },
                    "CColor": {
                      "R": 221,
                      "G": 217,
                      "B": 191
                    },
                    "IconVisible": false,
                    "PrePosition": {
                      "X": 0.6181,
                      "Y": -36.2726
                    },
                    "PreSize": {
                      "X": 101.0,
                      "Y": 21.0
                    },
                    "LeftMargin": -49.8819,
                    "RightMargin": -50.1181,
                    "TopMargin": 26.7726,
                    "BottomMargin": -46.7726,
                    "Tag": 221,
                    "ActionTag": 511445780,
                    "Size": {
                      "X": 101.0,
                      "Y": 21.0
                    },
                    "Name": "lb_name",
                    "ctype": "TextObjectData"
                  }
                ],
                "ActionTag": -204837752,
                "Size": {
                  "X": 1.0,
                  "Y": 1.0
                },
                "Name": "row5",
                "ctype": "SpriteObjectData"
              },
              {
                "FileData": {
                  "Type": "Normal",
                  "Path": "appCommon/fydp/common/transparent/transparent.png",
                  "Plist": ""
                },
                "BlendFunc": {
                  "Src": 1,
                  "Dst": 771
                },
                "AnchorPoint": {
                  "ScaleX": 0.5,
                  "ScaleY": 0.5
                },
                "Position": {
                  "X": 199.6372,
                  "Y": 61.6517
                },
                "Scale": {
                  "ScaleX": 1.0,
                  "ScaleY": 1.0
                },
                "CColor": {},
                "IconVisible": false,
                "PrePosition": {
                  "X": 0.6162,
                  "Y": 0.2446
                },
                "PreSize": {
                  "X": 0.0031,
                  "Y": 0.004
                },
                "LeftMargin": 199.1372,
                "RightMargin": 123.8628,
                "TopMargin": 189.8483,
                "BottomMargin": 61.1517,
                "Tag": 1657,
                "Children": [
                  {
                    "FileData": {
                      "Type": "Normal",
                      "Path": "appCommon/fydp/common/transparent/transparent_64x64.png",
                      "Plist": ""
                    },
                    "BlendFunc": {
                      "Src": 1,
                      "Dst": 771
                    },
                    "AnchorPoint": {
                      "ScaleX": 0.5,
                      "ScaleY": 0.5
                    },
                    "Position": {
                      "X": 0.9859,
                      "Y": -0.0687
                    },
                    "Scale": {
                      "ScaleX": 0.77,
                      "ScaleY": 0.77
                    },
                    "CColor": {},
                    "IconVisible": false,
                    "PrePosition": {
                      "X": 0.9859,
                      "Y": -0.0687
                    },
                    "PreSize": {
                      "X": 64.0,
                      "Y": 64.0
                    },
                    "LeftMargin": -31.0141,
                    "RightMargin": -31.9859,
                    "TopMargin": -30.9313,
                    "BottomMargin": -32.0687,
                    "Tag": 1658,
                    "ActionTag": -1312309646,
                    "Size": {
                      "X": 64.0,
                      "Y": 64.0
                    },
                    "Name": "head",
                    "ctype": "SpriteObjectData"
                  },
                  {
                    "FileData": {
                      "Type": "Normal",
                      "Path": "image/ui/club/head_bg2.png",
                      "Plist": ""
                    },
                    "BlendFunc": {
                      "Src": 1,
                      "Dst": 771
                    },
                    "AnchorPoint": {
                      "ScaleX": 0.5,
                      "ScaleY": 0.5
                    },
                    "Position": {
                      "X": 0.6178,
                      "Y": -9.6404
                    },
                    "Scale": {
                      "ScaleX": 1.0,
                      "ScaleY": 1.0
                    },
                    "CColor": {},
                    "IconVisible": false,
                    "PrePosition": {
                      "X": 0.6178,
                      "Y": -9.6404
                    },
                    "PreSize": {
                      "X": 100.0,
                      "Y": 73.0
                    },
                    "LeftMargin": -49.3822,
                    "RightMargin": -49.6178,
                    "TopMargin": -25.8596,
                    "BottomMargin": -46.1404,
                    "Tag": 1659,
                    "ActionTag": -919482233,
                    "Size": {
                      "X": 100.0,
                      "Y": 73.0
                    },
                    "Name": "head_bg2_3",
                    "ctype": "SpriteObjectData"
                  },
                  {
                    "FontSize": 18,
                    "LabelText": " 玩家名字啊 ",
                    "HorizontalAlignmentType": "HT_Center",
                    "VerticalAlignmentType": "VT_Center",
                    "OutlineColor": {
                      "G": 0,
                      "B": 0
                    },
                    "ShadowColor": {
                      "R": 110,
                      "G": 110,
                      "B": 110
                    },
                    "ShadowOffsetX": 2.0,
                    "ShadowOffsetY": -2.0,
                    "AnchorPoint": {
                      "ScaleX": 0.5,
                      "ScaleY": 0.5
                    },
                    "Position": {
                      "X": 0.6181,
                      "Y": -36.2726
                    },
                    "Scale": {
                      "ScaleX": 1.0,
                      "ScaleY": 1.0
                    },
                    "CColor": {
                      "R": 221,
                      "G": 217,
                      "B": 191
                    },
                    "IconVisible": false,
                    "PrePosition": {
                      "X": 0.6181,
                      "Y": -36.2726
                    },
                    "PreSize": {
                      "X": 101.0,
                      "Y": 21.0
                    },
                    "LeftMargin": -49.8819,
                    "RightMargin": -50.1181,
                    "TopMargin": 26.7726,
                    "BottomMargin": -46.7726,
                    "Tag": 1660,
                    "ActionTag": 1003781321,
                    "Size": {
                      "X": 101.0,
                      "Y": 21.0
                    },
                    "Name": "lb_name",
                    "ctype": "TextObjectData"
                  }
                ],
                "ActionTag": 2004926008,
                "Size": {
                  "X": 1.0,
                  "Y": 1.0
                },
                "Name": "row7",
                "ctype": "SpriteObjectData"
              },
              {
                "FileData": {
                  "Type": "Normal",
                  "Path": "appCommon/fydp/common/transparent/transparent.png",
                  "Plist": ""
                },
                "BlendFunc": {
                  "Src": 1,
                  "Dst": 771
                },
                "AnchorPoint": {
                  "ScaleX": 0.5,
                  "ScaleY": 0.5
                },
                "Position": {
                  "X": 120.6062,
                  "Y": 61.6517
                },
                "Scale": {
                  "ScaleX": 1.0,
                  "ScaleY": 1.0
                },
                "CColor": {},
                "IconVisible": false,
                "PrePosition": {
                  "X": 0.3722,
                  "Y": 0.2446
                },
                "PreSize": {
                  "X": 0.0031,
                  "Y": 0.004
                },
                "LeftMargin": 120.1062,
                "RightMargin": 202.8938,
                "TopMargin": 189.8483,
                "BottomMargin": 61.1517,
                "Tag": 1661,
                "Children": [
                  {
                    "FileData": {
                      "Type": "Normal",
                      "Path": "appCommon/fydp/common/transparent/transparent_64x64.png",
                      "Plist": ""
                    },
                    "BlendFunc": {
                      "Src": 1,
                      "Dst": 771
                    },
                    "AnchorPoint": {
                      "ScaleX": 0.5,
                      "ScaleY": 0.5
                    },
                    "Position": {
                      "X": 0.9859,
                      "Y": -0.0687
                    },
                    "Scale": {
                      "ScaleX": 0.77,
                      "ScaleY": 0.77
                    },
                    "CColor": {},
                    "IconVisible": false,
                    "PrePosition": {
                      "X": 0.9859,
                      "Y": -0.0687
                    },
                    "PreSize": {
                      "X": 64.0,
                      "Y": 64.0
                    },
                    "LeftMargin": -31.0141,
                    "RightMargin": -31.9859,
                    "TopMargin": -30.9313,
                    "BottomMargin": -32.0687,
                    "Tag": 1662,
                    "ActionTag": -2025842049,
                    "Size": {
                      "X": 64.0,
                      "Y": 64.0
                    },
                    "Name": "head",
                    "ctype": "SpriteObjectData"
                  },
                  {
                    "FileData": {
                      "Type": "Normal",
                      "Path": "image/ui/club/head_bg2.png",
                      "Plist": ""
                    },
                    "BlendFunc": {
                      "Src": 1,
                      "Dst": 771
                    },
                    "AnchorPoint": {
                      "ScaleX": 0.5,
                      "ScaleY": 0.5
                    },
                    "Position": {
                      "X": 0.6178,
                      "Y": -9.6404
                    },
                    "Scale": {
                      "ScaleX": 1.0,
                      "ScaleY": 1.0
                    },
                    "CColor": {},
                    "IconVisible": false,
                    "PrePosition": {
                      "X": 0.6178,
                      "Y": -9.6404
                    },
                    "PreSize": {
                      "X": 100.0,
                      "Y": 73.0
                    },
                    "LeftMargin": -49.3822,
                    "RightMargin": -49.6178,
                    "TopMargin": -25.8596,
                    "BottomMargin": -46.1404,
                    "Tag": 1663,
                    "ActionTag": 1201843127,
                    "Size": {
                      "X": 100.0,
                      "Y": 73.0
                    },
                    "Name": "head_bg2_3",
                    "ctype": "SpriteObjectData"
                  },
                  {
                    "FontSize": 18,
                    "LabelText": " 玩家名字啊 ",
                    "HorizontalAlignmentType": "HT_Center",
                    "VerticalAlignmentType": "VT_Center",
                    "OutlineColor": {
                      "G": 0,
                      "B": 0
                    },
                    "ShadowColor": {
                      "R": 110,
                      "G": 110,
                      "B": 110
                    },
                    "ShadowOffsetX": 2.0,
                    "ShadowOffsetY": -2.0,
                    "AnchorPoint": {
                      "ScaleX": 0.5,
                      "ScaleY": 0.5
                    },
                    "Position": {
                      "X": 0.6181,
                      "Y": -36.2726
                    },
                    "Scale": {
                      "ScaleX": 1.0,
                      "ScaleY": 1.0
                    },
                    "CColor": {
                      "R": 221,
                      "G": 217,
                      "B": 191
                    },
                    "IconVisible": false,
                    "PrePosition": {
                      "X": 0.6181,
                      "Y": -36.2726
                    },
                    "PreSize": {
                      "X": 101.0,
                      "Y": 21.0
                    },
                    "LeftMargin": -49.8819,
                    "RightMargin": -50.1181,
                    "TopMargin": 26.7726,
                    "BottomMargin": -46.7726,
                    "Tag": 1664,
                    "ActionTag": -1542446516,
                    "Size": {
                      "X": 101.0,
                      "Y": 21.0
                    },
                    "Name": "lb_name",
                    "ctype": "TextObjectData"
                  }
                ],
                "ActionTag": -1736165857,
                "Size": {
                  "X": 1.0,
                  "Y": 1.0
                },
                "Name": "row8",
                "ctype": "SpriteObjectData"
              },
              {
                "FileData": {
                  "Type": "Normal",
                  "Path": "appCommon/fydp/common/transparent/transparent.png",
                  "Plist": ""
                },
                "BlendFunc": {
                  "Src": 1,
                  "Dst": 771
                },
                "AnchorPoint": {
                  "ScaleX": 0.5,
                  "ScaleY": 0.5
                },
                "Position": {
                  "X": 27.77,
                  "Y": 80.6696
                },
                "Scale": {
                  "ScaleX": 1.0,
                  "ScaleY": 1.0
                },
                "CColor": {},
                "IconVisible": false,
                "PrePosition": {
                  "X": 0.0857,
                  "Y": 0.3201
                },
                "PreSize": {
                  "X": 0.0031,
                  "Y": 0.004
                },
                "LeftMargin": 27.27,
                "RightMargin": 295.73,
                "TopMargin": 170.8304,
                "BottomMargin": 80.1696,
                "Tag": 1665,
                "Children": [
                  {
                    "FileData": {
                      "Type": "Normal",
                      "Path": "appCommon/fydp/common/transparent/transparent_64x64.png",
                      "Plist": ""
                    },
                    "BlendFunc": {
                      "Src": 1,
                      "Dst": 771
                    },
                    "AnchorPoint": {
                      "ScaleX": 0.5,
                      "ScaleY": 0.5
                    },
                    "Position": {
                      "X": 0.9859,
                      "Y": -0.0687
                    },
                    "Scale": {
                      "ScaleX": 0.77,
                      "ScaleY": 0.77
                    },
                    "CColor": {},
                    "IconVisible": false,
                    "PrePosition": {
                      "X": 0.9859,
                      "Y": -0.0687
                    },
                    "PreSize": {
                      "X": 64.0,
                      "Y": 64.0
                    },
                    "LeftMargin": -31.0141,
                    "RightMargin": -31.9859,
                    "TopMargin": -30.9313,
                    "BottomMargin": -32.0687,
                    "Tag": 1666,
                    "ActionTag": 652685383,
                    "Size": {
                      "X": 64.0,
                      "Y": 64.0
                    },
                    "Name": "head",
                    "ctype": "SpriteObjectData"
                  },
                  {
                    "FileData": {
                      "Type": "Normal",
                      "Path": "image/ui/club/head_bg2.png",
                      "Plist": ""
                    },
                    "BlendFunc": {
                      "Src": 1,
                      "Dst": 771
                    },
                    "AnchorPoint": {
                      "ScaleX": 0.5,
                      "ScaleY": 0.5
                    },
                    "Position": {
                      "X": 0.6178,
                      "Y": -9.6404
                    },
                    "Scale": {
                      "ScaleX": 1.0,
                      "ScaleY": 1.0
                    },
                    "CColor": {},
                    "IconVisible": false,
                    "PrePosition": {
                      "X": 0.6178,
                      "Y": -9.6404
                    },
                    "PreSize": {
                      "X": 100.0,
                      "Y": 73.0
                    },
                    "LeftMargin": -49.3822,
                    "RightMargin": -49.6178,
                    "TopMargin": -25.8596,
                    "BottomMargin": -46.1404,
                    "Tag": 1667,
                    "ActionTag": -1145337340,
                    "Size": {
                      "X": 100.0,
                      "Y": 73.0
                    },
                    "Name": "head_bg2_3",
                    "ctype": "SpriteObjectData"
                  },
                  {
                    "FontSize": 18,
                    "LabelText": " 玩家名字啊 ",
                    "HorizontalAlignmentType": "HT_Center",
                    "VerticalAlignmentType": "VT_Center",
                    "OutlineColor": {
                      "G": 0,
                      "B": 0
                    },
                    "ShadowColor": {
                      "R": 110,
                      "G": 110,
                      "B": 110
                    },
                    "ShadowOffsetX": 2.0,
                    "ShadowOffsetY": -2.0,
                    "AnchorPoint": {
                      "ScaleX": 0.5,
                      "ScaleY": 0.5
                    },
                    "Position": {
                      "X": 0.6181,
                      "Y": -36.2726
                    },
                    "Scale": {
                      "ScaleX": 1.0,
                      "ScaleY": 1.0
                    },
                    "CColor": {
                      "R": 221,
                      "G": 217,
                      "B": 191
                    },
                    "IconVisible": false,
                    "PrePosition": {
                      "X": 0.6181,
                      "Y": -36.2726
                    },
                    "PreSize": {
                      "X": 101.0,
                      "Y": 21.0
                    },
                    "LeftMargin": -49.8819,
                    "RightMargin": -50.1181,
                    "TopMargin": 26.7726,
                    "BottomMargin": -46.7726,
                    "Tag": 1668,
                    "ActionTag": -286113062,
                    "Size": {
                      "X": 101.0,
                      "Y": 21.0
                    },
                    "Name": "lb_name",
                    "ctype": "TextObjectData"
                  }
                ],
                "ActionTag": -1968829902,
                "Size": {
                  "X": 1.0,
                  "Y": 1.0
                },
                "Name": "row9",
                "ctype": "SpriteObjectData"
              }
            ],
            "ActionTag": 2008898282,
            "Size": {
              "X": 324.0,
              "Y": 252.0
            },
            "Name": "table",
            "ctype": "SpriteObjectData"
          },
          {
            "FileData": {
              "Type": "Normal",
              "Path": "image/ui/club/icon_start.png",
              "Plist": ""
            },
            "BlendFunc": {
              "Src": 1,
              "Dst": 771
            },
            "AnchorPoint": {
              "ScaleX": 0.5,
              "ScaleY": 0.5
            },
            "Position": {
              "X": 192.0,
              "Y": -424.0
            },
            "Scale": {
              "ScaleX": 1.0,
              "ScaleY": 1.0
            },
            "CColor": {},
            "IconVisible": false,
            "PrePosition": {
              "X": 0.4364,
              "Y": -1.6308
            },
            "PreSize": {
              "X": 0.2795,
              "Y": 0.2462
            },
            "LeftMargin": 130.5,
            "RightMargin": 186.5,
            "TopMargin": 652.0,
            "BottomMargin": -456.0,
            "Tag": 13,
            "ActionTag": -1153263025,
            "Size": {
              "X": 123.0,
              "Y": 64.0
            },
            "Name": "icon_start_1",
            "ctype": "SpriteObjectData"
          }
        ],
        "Size": {
          "X": 440.0,
          "Y": 260.0
        },
        "Name": "Layer",
        "ctype": "LayerObjectData"
      },
      "UsedResources": [
        "../../appCommon/fydp/common/transparent/transparent.png",
        "../../appCommon/fydp/common/transparent/transparent_64x64.png",
        "../../image/ui/club/head_bg2.png",
        "../../image/ui/club/icon_start.png",
        "../../image/ui/club/icon_wait.png",
        "../../image/ui/club/table_for_9.png"
      ],
      "ctype": "GameFileData"
    }
  },
  "Type": "Layer"
}