{
  "ID": "c43cb1ae-e235-4f01-8729-74e41bac8076",
  "Version": "3.10.0.0",
  "Name": "ClubTimeUnitLayer",
  "Content": {
    "Content": {
      "Animation": {
        "Duration": 0,
        "Speed": 1.0,
        "Timelines": [],
        "ctype": "TimelineActionData"
      },
      "AnimationList": [],
      "ObjectData": {
        "Tag": 107,
        "Children": [
          {
            "FileData": {
              "Type": "Normal",
              "Path": "image/ui/club/yytimebg.png",
              "Plist": ""
            },
            "BlendFunc": {
              "Src": 1,
              "Dst": 771
            },
            "AnchorPoint": {
              "ScaleX": 0.5,
              "ScaleY": 0.5
            },
            "Position": {
              "X": 36.0,
              "Y": 29.5
            },
            "Scale": {
              "ScaleX": 1.0,
              "ScaleY": 1.0
            },
            "CColor": {},
            "IconVisible": false,
            "PositionPercentXEnabled": true,
            "PositionPercentYEnabled": true,
            "PrePosition": {
              "X": 0.5,
              "Y": 0.5
            },
            "PreSize": {
              "X": 0.6389,
              "Y": 0.7797
            },
            "LeftMargin": 13.0,
            "RightMargin": 13.0,
            "TopMargin": 6.5,
            "BottomMargin": 6.5,
            "Tag": 108,
            "ActionTag": -1687587594,
            "Size": {
              "X": 72.0,
              "Y": 59.0
            },
            "Name": "Sprite_1",
            "ctype": "SpriteObjectData"
          },
          {
            "FontSize": 36,
            "LabelText": "24",
            "OutlineColor": {
              "G": 0,
              "B": 0
            },
            "ShadowColor": {
              "R": 110,
              "G": 110,
              "B": 110
            },
            "ShadowOffsetX": 2.0,
            "ShadowOffsetY": -2.0,
            "AnchorPoint": {
              "ScaleX": 0.5,
              "ScaleY": 0.5
            },
            "Position": {
              "X": 36.0,
              "Y": 29.5
            },
            "Scale": {
              "ScaleX": 1.0,
              "ScaleY": 1.0
            },
            "CColor": {
              "R": 54,
              "G": 129,
              "B": 202
            },
            "IconVisible": false,
            "PositionPercentXEnabled": true,
            "PositionPercentYEnabled": true,
            "PrePosition": {
              "X": 0.5,
              "Y": 0.5
            },
            "PreSize": {
              "X": 0.5694,
              "Y": 0.7119
            },
            "LeftMargin": 15.5,
            "RightMargin": 15.5,
            "TopMargin": 8.5,
            "BottomMargin": 8.5,
            "Tag": 109,
            "ActionTag": -1095260244,
            "Size": {
              "X": 41.0,
              "Y": 42.0
            },
            "Name": "Text_1",
            "ctype": "TextObjectData"
          },
          {
            "FileData": {
              "Type": "Normal",
              "Path": "image/ui/club/ctarrow.png",
              "Plist": ""
            },
            "BlendFunc": {
              "Src": 1,
              "Dst": 771
            },
            "AnchorPoint": {
              "ScaleX": 0.5,
              "ScaleY": 0.5
            },
            "Position": {
              "X": -8.9999,
              "Y": 29.5
            },
            "Scale": {
              "ScaleX": 1.0,
              "ScaleY": 1.0
            },
            "CColor": {},
            "IconVisible": false,
            "PositionPercentYEnabled": true,
            "PrePosition": {
              "X": -0.125,
              "Y": 0.5
            },
            "PreSize": {
              "X": 0.2222,
              "Y": 0.3729
            },
            "LeftMargin": -16.9999,
            "RightMargin": 72.9999,
            "TopMargin": 18.5,
            "BottomMargin": 18.5,
            "Tag": 185,
            "ActionTag": 1902375345,
            "Size": {
              "X": 16.0,
              "Y": 22.0
            },
            "VisibleForFrame": false,
            "Name": "arrow",
            "ctype": "SpriteObjectData"
          }
        ],
        "Size": {
          "X": 72.0,
          "Y": 59.0
        },
        "Name": "Layer",
        "ctype": "LayerObjectData"
      },
      "UsedResources": [
        "../../image/ui/club/ctarrow.png",
        "../../image/ui/club/yytimebg.png"
      ],
      "ctype": "GameFileData"
    }
  },
  "Type": "Layer"
}