{
  "ID": "723fa194-572c-44af-8281-dfc97647be98",
  "Version": "3.10.0.0",
  "Name": "ClubFankuiLayer",
  "Content": {
    "Content": {
      "Animation": {
        "Duration": 0,
        "Speed": 1.0,
        "Timelines": [],
        "ctype": "TimelineActionData"
      },
      "AnimationList": [],
      "ObjectData": {
        "Children": [
          {
            "ClipAble": false,
            "BackColorAlpha": 127,
            "ComboBoxIndex": 1,
            "SingleColor": {
              "R": 0,
              "G": 0,
              "B": 0
            },
            "FirstColor": {
              "R": 150,
              "G": 200
            },
            "EndColor": {},
            "ColorVector": {
              "ScaleY": 1.0
            },
            "Scale9Width": 1,
            "Scale9Height": 1,
            "TouchEnable": true,
            "AnchorPoint": {},
            "Position": {
              "X": 0.0,
              "Y": 0.0
            },
            "Scale": {
              "ScaleX": 1.0,
              "ScaleY": 1.0
            },
            "CColor": {},
            "IconVisible": false,
            "PrePosition": {
              "X": 0.0,
              "Y": 0.0
            },
            "PreSize": {
              "X": 1.0,
              "Y": 1.0
            },
            "Tag": 2,
            "Children": [
              {
                "FileData": {
                  "Type": "Normal",
                  "Path": "image/ui/club/club_fankui.jpg",
                  "Plist": ""
                },
                "BlendFunc": {
                  "Src": 770,
                  "Dst": 771
                },
                "AnchorPoint": {
                  "ScaleX": 0.5,
                  "ScaleY": 0.5
                },
                "Position": {
                  "X": 640.0,
                  "Y": 360.0
                },
                "Scale": {
                  "ScaleX": 1.0,
                  "ScaleY": 1.0
                },
                "CColor": {},
                "IconVisible": false,
                "PositionPercentXEnabled": true,
                "PositionPercentYEnabled": true,
                "PrePosition": {
                  "X": 0.5,
                  "Y": 0.5
                },
                "PreSize": {
                  "X": 0.6242,
                  "Y": 0.7083
                },
                "LeftMargin": 240.5,
                "RightMargin": 240.5,
                "TopMargin": 105.0,
                "BottomMargin": 105.0,
                "Tag": 3,
                "ActionTag": -406357852,
                "Size": {
                  "X": 799.0,
                  "Y": 510.0
                },
                "Name": "tip",
                "ctype": "SpriteObjectData"
              },
              {
                "FileData": {
                  "Type": "Normal",
                  "Path": "image/ui/club/btn_close2.png",
                  "Plist": ""
                },
                "BlendFunc": {
                  "Src": 1,
                  "Dst": 771
                },
                "AnchorPoint": {
                  "ScaleX": 0.5,
                  "ScaleY": 0.5
                },
                "Position": {
                  "X": 1033.7848,
                  "Y": 606.0479
                },
                "Scale": {
                  "ScaleX": 1.0,
                  "ScaleY": 1.0
                },
                "CColor": {},
                "IconVisible": false,
                "PrePosition": {
                  "X": 0.8076,
                  "Y": 0.8417
                },
                "PreSize": {
                  "X": 0.05,
                  "Y": 0.0889
                },
                "LeftMargin": 1001.7848,
                "RightMargin": 214.2152,
                "TopMargin": 81.9521,
                "BottomMargin": 574.0479,
                "Tag": 4,
                "ActionTag": -1609477828,
                "Size": {
                  "X": 64.0,
                  "Y": 64.0
                },
                "Name": "close",
                "ctype": "SpriteObjectData"
              }
            ],
            "ActionTag": 86704088,
            "Size": {
              "X": 1280.0,
              "Y": 720.0
            },
            "Name": "root",
            "ctype": "PanelObjectData"
          }
        ],
        "Size": {
          "X": 1280.0,
          "Y": 720.0
        },
        "Name": "Layer",
        "ctype": "LayerObjectData"
      },
      "UsedResources": [
        "../../image/ui/club/btn_close2.png",
        "../../image/ui/club/club_fankui.jpg"
      ],
      "ctype": "GameFileData"
    }
  },
  "Type": "Layer"
}