{
  "ID": "a8e054e9-3495-40f1-a810-c26bf669ca1b",
  "Version": "3.10.0.0",
  "Name": "ClubMsgLayer",
  "Content": {
    "Content": {
      "Animation": {
        "Duration": 0,
        "Speed": 1.0,
        "Timelines": [],
        "ctype": "TimelineActionData"
      },
      "AnimationList": [],
      "ObjectData": {
        "Tag": 316,
        "Children": [
          {
            "ClipAble": false,
            "BackColorAlpha": 182,
            "ComboBoxIndex": 1,
            "SingleColor": {
              "R": 0,
              "G": 0,
              "B": 0
            },
            "FirstColor": {
              "R": 150,
              "G": 200
            },
            "EndColor": {},
            "ColorVector": {
              "ScaleY": 1.0
            },
            "Scale9Width": 1,
            "Scale9Height": 1,
            "AnchorPoint": {},
            "Position": {
              "X": 0.0,
              "Y": 0.0
            },
            "Scale": {
              "ScaleX": 1.0,
              "ScaleY": 1.0
            },
            "CColor": {},
            "IconVisible": false,
            "PrePosition": {
              "X": 0.0,
              "Y": 0.0
            },
            "PreSize": {
              "X": 1.0,
              "Y": 1.0
            },
            "Tag": 210,
            "ActionTag": -665243730,
            "Size": {
              "X": 1280.0,
              "Y": 720.0
            },
            "Name": "root",
            "ctype": "PanelObjectData"
          },
          {
            "FileData": {
              "Type": "Normal",
              "Path": "image/ui/club/club_msg_bg.png",
              "Plist": ""
            },
            "BlendFunc": {
              "Src": 1,
              "Dst": 771
            },
            "AnchorPoint": {
              "ScaleX": 0.5,
              "ScaleY": 0.5
            },
            "Position": {
              "X": 638.4292,
              "Y": 357.5298
            },
            "Scale": {
              "ScaleX": 1.0,
              "ScaleY": 1.0
            },
            "CColor": {},
            "IconVisible": false,
            "PrePosition": {
              "X": 0.4988,
              "Y": 0.4966
            },
            "PreSize": {
              "X": 0.982,
              "Y": 0.9875
            },
            "LeftMargin": 9.9292,
            "RightMargin": 13.0708,
            "TopMargin": 6.9702,
            "BottomMargin": 2.0298,
            "Tag": 32,
            "ActionTag": -1672163489,
            "Size": {
              "X": 1257.0,
              "Y": 711.0
            },
            "Name": "club_msg_bg_2",
            "ctype": "SpriteObjectData"
          },
          {
            "FileData": {
              "Type": "Normal",
              "Path": "image/ui/club/tab_bg.png",
              "Plist": ""
            },
            "BlendFunc": {
              "Src": 1,
              "Dst": 771
            },
            "AnchorPoint": {
              "ScaleX": 0.5,
              "ScaleY": 0.5
            },
            "Position": {
              "X": 639.828,
              "Y": 805.9186
            },
            "Scale": {
              "ScaleX": 1.0,
              "ScaleY": 1.0
            },
            "CColor": {},
            "IconVisible": false,
            "PrePosition": {
              "X": 0.4999,
              "Y": 1.1193
            },
            "PreSize": {
              "X": 0.4812,
              "Y": 0.1014
            },
            "LeftMargin": 331.828,
            "RightMargin": 332.172,
            "TopMargin": -122.4186,
            "BottomMargin": 769.4186,
            "Tag": 34,
            "ActionTag": 707324294,
            "Size": {
              "X": 616.0,
              "Y": 73.0
            },
            "Name": "tab_bg_4",
            "ctype": "SpriteObjectData"
          },
          {
            "FileData": {
              "Type": "Normal",
              "Path": "image/ui/club/btn_msg_bg.png",
              "Plist": ""
            },
            "BlendFunc": {
              "Src": 1,
              "Dst": 771
            },
            "AnchorPoint": {
              "ScaleX": 0.5,
              "ScaleY": 0.5
            },
            "Position": {
              "X": 488.5057,
              "Y": 805.9147
            },
            "Scale": {
              "ScaleX": 1.0,
              "ScaleY": 1.0
            },
            "CColor": {},
            "IconVisible": false,
            "PrePosition": {
              "X": 0.3816,
              "Y": 1.1193
            },
            "PreSize": {
              "X": 0.2375,
              "Y": 0.0944
            },
            "LeftMargin": 336.5057,
            "RightMargin": 639.4943,
            "TopMargin": -119.9147,
            "BottomMargin": 771.9147,
            "Tag": 31,
            "ActionTag": 1531934035,
            "Size": {
              "X": 304.0,
              "Y": 68.0
            },
            "Name": "btn_msg_bg_1",
            "ctype": "SpriteObjectData"
          },
          {
            "FileData": {
              "Type": "Normal",
              "Path": "image/ui/club/word_jlbxx.png",
              "Plist": ""
            },
            "BlendFunc": {
              "Src": 1,
              "Dst": 771
            },
            "AnchorPoint": {
              "ScaleX": 0.5,
              "ScaleY": 0.5
            },
            "Position": {
              "X": 506.5578,
              "Y": 805.9145
            },
            "Scale": {
              "ScaleX": 1.0,
              "ScaleY": 1.0
            },
            "CColor": {},
            "IconVisible": false,
            "PrePosition": {
              "X": 0.3957,
              "Y": 1.1193
            },
            "PreSize": {
              "X": 0.1414,
              "Y": 0.0569
            },
            "LeftMargin": 416.0578,
            "RightMargin": 682.9422,
            "TopMargin": -106.4145,
            "BottomMargin": 785.4145,
            "Tag": 35,
            "ActionTag": -1399446541,
            "Size": {
              "X": 181.0,
              "Y": 41.0
            },
            "Name": "word_jlbxx_5",
            "ctype": "SpriteObjectData"
          },
          {
            "FileData": {
              "Type": "Normal",
              "Path": "image/ui/club/word_xiaoxi.png",
              "Plist": ""
            },
            "BlendFunc": {
              "Src": 1,
              "Dst": 771
            },
            "AnchorPoint": {
              "ScaleX": 0.5,
              "ScaleY": 0.5
            },
            "Position": {
              "X": 641.1668,
              "Y": 662.2505
            },
            "Scale": {
              "ScaleX": 1.0,
              "ScaleY": 1.0
            },
            "CColor": {},
            "IconVisible": false,
            "PrePosition": {
              "X": 0.5009,
              "Y": 0.9198
            },
            "PreSize": {
              "X": 0.0984,
              "Y": 0.1042
            },
            "LeftMargin": 578.1668,
            "RightMargin": 575.8332,
            "TopMargin": 20.2495,
            "BottomMargin": 624.7505,
            "Tag": 36,
            "ActionTag": 613691448,
            "Size": {
              "X": 126.0,
              "Y": 75.0
            },
            "Name": "word_xiaoxi_6",
            "ctype": "SpriteObjectData"
          },
          {
            "FileData": {
              "Type": "Normal",
              "Path": "image/ui/club/word_yqpz.png",
              "Plist": ""
            },
            "BlendFunc": {
              "Src": 1,
              "Dst": 771
            },
            "AnchorPoint": {
              "ScaleX": 0.5,
              "ScaleY": 0.5
            },
            "Position": {
              "X": 792.4478,
              "Y": 805.9167
            },
            "Scale": {
              "ScaleX": 1.0,
              "ScaleY": 1.0
            },
            "CColor": {},
            "IconVisible": false,
            "PrePosition": {
              "X": 0.6191,
              "Y": 1.1193
            },
            "PreSize": {
              "X": 0.1141,
              "Y": 0.0569
            },
            "LeftMargin": 719.4478,
            "RightMargin": 414.5522,
            "TopMargin": -106.4167,
            "BottomMargin": 785.4167,
            "Tag": 37,
            "ActionTag": 1732070934,
            "Size": {
              "X": 146.0,
              "Y": 41.0
            },
            "Name": "word_yqpz_7",
            "ctype": "SpriteObjectData"
          },
          {
            "FileData": {
              "Type": "Normal",
              "Path": "image/ui/club/btn_close2.png",
              "Plist": ""
            },
            "BlendFunc": {
              "Src": 1,
              "Dst": 771
            },
            "AnchorPoint": {
              "ScaleX": 0.5,
              "ScaleY": 0.5
            },
            "Position": {
              "X": 1241.1405,
              "Y": 636.4058
            },
            "Scale": {
              "ScaleX": 1.0,
              "ScaleY": 1.0
            },
            "CColor": {},
            "IconVisible": false,
            "PrePosition": {
              "X": 0.9696,
              "Y": 0.8839
            },
            "PreSize": {
              "X": 0.05,
              "Y": 0.0889
            },
            "LeftMargin": 1209.1405,
            "RightMargin": 6.8595,
            "TopMargin": 51.5942,
            "BottomMargin": 604.4058,
            "Tag": 87,
            "ActionTag": -717308151,
            "Size": {
              "X": 64.0,
              "Y": 64.0
            },
            "Name": "btn_close",
            "ctype": "SpriteObjectData"
          },
          {
            "FileData": {
              "Type": "Normal",
              "Path": "image/ui/club/msg_9_bg.png",
              "Plist": ""
            },
            "Scale9Enable": true,
            "Scale9OriginX": 16,
            "Scale9OriginY": 16,
            "Scale9Width": 18,
            "Scale9Height": 18,
            "AnchorPoint": {
              "ScaleX": 0.5,
              "ScaleY": 0.5
            },
            "Position": {
              "X": 639.2534,
              "Y": 319.92
            },
            "Scale": {
              "ScaleX": 1.0,
              "ScaleY": 1.0
            },
            "CColor": {},
            "IconVisible": false,
            "PrePosition": {
              "X": 0.4994,
              "Y": 0.4443
            },
            "PreSize": {
              "X": 0.9375,
              "Y": 0.7903
            },
            "LeftMargin": 39.2534,
            "RightMargin": 40.7466,
            "TopMargin": 115.58,
            "BottomMargin": 35.42,
            "Tag": 89,
            "ActionTag": -1194463910,
            "Size": {
              "X": 1200.0,
              "Y": 569.0
            },
            "Name": "Image_1",
            "ctype": "ImageViewObjectData"
          },
          {
            "ClipAble": false,
            "BackColorAlpha": 102,
            "SingleColor": {
              "R": 150,
              "G": 200
            },
            "FirstColor": {
              "R": 150,
              "G": 200
            },
            "EndColor": {},
            "ColorVector": {
              "ScaleY": 1.0
            },
            "Scale9Width": 1,
            "Scale9Height": 1,
            "TouchEnable": true,
            "AnchorPoint": {},
            "Position": {
              "X": 49.7805,
              "Y": 45.2927
            },
            "Scale": {
              "ScaleX": 1.0,
              "ScaleY": 1.0
            },
            "CColor": {},
            "IconVisible": false,
            "PrePosition": {
              "X": 0.0389,
              "Y": 0.0629
            },
            "PreSize": {
              "X": 0.9211,
              "Y": 0.7625
            },
            "LeftMargin": 49.7805,
            "RightMargin": 51.2195,
            "TopMargin": 125.7073,
            "BottomMargin": 45.2927,
            "Tag": 178,
            "ActionTag": 2116569335,
            "Size": {
              "X": 1179.0,
              "Y": 549.0
            },
            "Name": "tableviewLayer",
            "ctype": "PanelObjectData"
          }
        ],
        "Size": {
          "X": 1280.0,
          "Y": 720.0
        },
        "Name": "Layer",
        "ctype": "LayerObjectData"
      },
      "UsedResources": [
        "../../image/ui/club/btn_close2.png",
        "../../image/ui/club/btn_msg_bg.png",
        "../../image/ui/club/club_msg_bg.png",
        "../../image/ui/club/msg_9_bg.png",
        "../../image/ui/club/tab_bg.png",
        "../../image/ui/club/word_jlbxx.png",
        "../../image/ui/club/word_xiaoxi.png",
        "../../image/ui/club/word_yqpz.png"
      ],
      "ctype": "GameFileData"
    }
  },
  "Type": "Layer"
}