{"skeleton":{"hash":"lzbp6SYHRVS7BO4SfB1IdYv01Ao","spine":"3.6.36","width":1280,"height":721,"images":"./images/"},"bones":[{"name":"root"},{"name":"bone","parent":"root","y":3.74},{"name":"dikuang","parent":"root"},{"name":"tubiao_denglong1","parent":"root","x":-1.64,"y":47.64},{"name":"zi","parent":"root","y":-43.92}],"slots":[{"name":"z_ditu","bone":"root"},{"name":"tubiao_denglong2","bone":"dikuang","attachment":"tubiao_denglong2"},{"name":"tubiao_denglong1","bone":"tubiao_denglong1","attachment":"tubiao_denglong1"},{"name":"tubiao_kuang_guang01","bone":"bone","blend":"additive"},{"name":"tubiao_denglong3","bone":"zi","attachment":"tubiao_denglong3"},{"name":"tubiao_liuguang01","bone":"zi","color":"fff3c0ff","blend":"additive"}],"skins":{"default":{"tubiao_denglong1":{"tubiao_denglong1":{"x":3.77,"y":-40.18,"width":75,"height":87}},"tubiao_denglong2":{"tubiao_denglong2":{"width":106,"height":110}},"tubiao_denglong3":{"tubiao_denglong3":{"width":102,"height":28}},"tubiao_kuang_guang01":{"tubiao_kuang_guang01":{"width":119,"height":122},"tubiao_kuang_guang02":{"width":119,"height":122},"tubiao_kuang_guang03":{"width":119,"height":122},"tubiao_kuang_guang04":{"width":119,"height":122},"tubiao_kuang_guang05":{"width":119,"height":122},"tubiao_kuang_guang06":{"width":119,"height":122},"tubiao_kuang_guang07":{"width":119,"height":122},"tubiao_kuang_guang08":{"width":119,"height":122},"tubiao_kuang_guang09":{"width":119,"height":122},"tubiao_kuang_guang10":{"width":119,"height":122},"tubiao_kuang_guang11":{"width":119,"height":122},"tubiao_kuang_guang12":{"width":119,"height":122},"tubiao_kuang_guang13":{"width":119,"height":122},"tubiao_kuang_guang14":{"width":119,"height":122},"tubiao_kuang_guang15":{"width":119,"height":122},"tubiao_kuang_guang16":{"width":119,"height":122},"tubiao_kuang_guang17":{"width":119,"height":122},"tubiao_kuang_guang18":{"width":119,"height":122},"tubiao_kuang_guang19":{"width":119,"height":122},"tubiao_kuang_guang20":{"width":119,"height":122},"tubiao_kuang_guang21":{"width":119,"height":122},"tubiao_kuang_guang22":{"width":119,"height":122},"tubiao_kuang_guang23":{"width":119,"height":122},"tubiao_kuang_guang24":{"width":119,"height":122}},"tubiao_liuguang01":{"tubiao_liuguang01":{"width":102,"height":28},"tubiao_liuguang02":{"width":102,"height":28},"tubiao_liuguang03":{"width":102,"height":28},"tubiao_liuguang04":{"width":102,"height":28},"tubiao_liuguang05":{"width":102,"height":28},"tubiao_liuguang06":{"width":102,"height":28},"tubiao_liuguang07":{"width":102,"height":28},"tubiao_liuguang08":{"width":102,"height":28},"tubiao_liuguang09":{"width":102,"height":28},"tubiao_liuguang10":{"width":102,"height":28},"tubiao_liuguang11":{"width":102,"height":28}}}},"animations":{"animation":{"slots":{"tubiao_kuang_guang01":{"attachment":[{"time":0,"name":"tubiao_kuang_guang01"},{"time":0.0667,"name":"tubiao_kuang_guang02"},{"time":0.1333,"name":"tubiao_kuang_guang03"},{"time":0.2,"name":"tubiao_kuang_guang04"},{"time":0.2667,"name":"tubiao_kuang_guang05"},{"time":0.3333,"name":"tubiao_kuang_guang06"},{"time":0.4,"name":"tubiao_kuang_guang07"},{"time":0.4667,"name":"tubiao_kuang_guang08"},{"time":0.5333,"name":"tubiao_kuang_guang09"},{"time":0.6,"name":"tubiao_kuang_guang10"},{"time":0.6667,"name":"tubiao_kuang_guang11"},{"time":0.7333,"name":"tubiao_kuang_guang12"},{"time":0.8,"name":"tubiao_kuang_guang13"},{"time":0.8667,"name":"tubiao_kuang_guang14"},{"time":0.9333,"name":"tubiao_kuang_guang15"},{"time":1,"name":"tubiao_kuang_guang16"},{"time":1.0667,"name":"tubiao_kuang_guang17"},{"time":1.1333,"name":"tubiao_kuang_guang18"},{"time":1.2,"name":"tubiao_kuang_guang19"},{"time":1.2667,"name":"tubiao_kuang_guang20"},{"time":1.3333,"name":"tubiao_kuang_guang21"},{"time":1.4,"name":"tubiao_kuang_guang22"},{"time":1.4667,"name":"tubiao_kuang_guang23"},{"time":1.5333,"name":"tubiao_kuang_guang24"},{"time":1.6,"name":"tubiao_kuang_guang24"}]},"tubiao_liuguang01":{"attachment":[{"time":0,"name":"tubiao_liuguang01"},{"time":0.0667,"name":"tubiao_liuguang02"},{"time":0.1333,"name":"tubiao_liuguang03"},{"time":0.2,"name":"tubiao_liuguang04"},{"time":0.2667,"name":"tubiao_liuguang05"},{"time":0.3333,"name":"tubiao_liuguang06"},{"time":0.4,"name":"tubiao_liuguang07"},{"time":0.4667,"name":"tubiao_liuguang08"},{"time":0.5333,"name":"tubiao_liuguang09"},{"time":0.6,"name":"tubiao_liuguang10"},{"time":0.6667,"name":"tubiao_liuguang11"},{"time":0.7333,"name":null}]}},"bones":{"tubiao_denglong1":{"rotate":[{"time":0,"angle":0,"curve":[0.25,0,0.75,1]},{"time":0.8,"angle":-6.12,"curve":[0.25,0,0.75,1]},{"time":1.6,"angle":0}]}}}}}