{
  "ID": "d7e0c46f-f41b-491d-96ee-5d7da3ad635e",
  "Version": "3.10.0.0",
  "Name": "CreateWanfa",
  "Content": {
    "Content": {
      "Animation": {
        "Duration": 0,
        "Speed": 1.0,
        "Timelines": [],
        "ctype": "TimelineActionData"
      },
      "AnimationList": [],
      "ObjectData": {
        "Tag": 44,
        "Children": [
          {
            "FontSize": 33,
            "LabelText": "付费方式：",
            "FontResource": {
              "Type": "Normal",
              "Path": "image/fonts/FZZY.TTF",
              "Plist": ""
            },
            "OutlineColor": {
              "R": 203,
              "G": 188,
              "B": 119
            },
            "ShadowColor": {
              "R": 110,
              "G": 110,
              "B": 110
            },
            "ShadowOffsetX": 2.0,
            "ShadowOffsetY": -2.0,
            "AnchorPoint": {
              "ScaleY": 0.5
            },
            "Position": {
              "X": 294.1573,
              "Y": 579.9999
            },
            "Scale": {
              "ScaleX": 1.0,
              "ScaleY": 1.0
            },
            "CColor": {
              "R": 140,
              "G": 112,
              "B": 71
            },
            "IconVisible": false,
            "PrePosition": {
              "X": 0.0,
              "Y": 0.0
            },
            "PreSize": {
              "X": 0.0,
              "Y": 0.0
            },
            "LeftMargin": 294.1573,
            "RightMargin": -440.1573,
            "TopMargin": -598.9999,
            "BottomMargin": 560.9999,
            "Tag": 48,
            "ActionTag": -1080949291,
            "Size": {
              "X": 146.0,
              "Y": 38.0
            },
            "Name": "word_fufei",
            "ctype": "TextObjectData"
          },
          {
            "FontSize": 33,
            "LabelText": "局数选择：",
            "FontResource": {
              "Type": "Normal",
              "Path": "image/fonts/FZZY.TTF",
              "Plist": ""
            },
            "OutlineColor": {
              "R": 203,
              "G": 188,
              "B": 119
            },
            "ShadowColor": {
              "R": 110,
              "G": 110,
              "B": 110
            },
            "ShadowOffsetX": 2.0,
            "ShadowOffsetY": -2.0,
            "AnchorPoint": {
              "ScaleY": 0.5
            },
            "Position": {
              "X": 294.1573,
              "Y": 530.0
            },
            "Scale": {
              "ScaleX": 1.0,
              "ScaleY": 1.0
            },
            "CColor": {
              "R": 140,
              "G": 112,
              "B": 71
            },
            "IconVisible": false,
            "PrePosition": {
              "X": 0.0,
              "Y": 0.0
            },
            "PreSize": {
              "X": 0.0,
              "Y": 0.0
            },
            "LeftMargin": 294.1573,
            "RightMargin": -440.1573,
            "TopMargin": -549.0,
            "BottomMargin": 511.0,
            "Tag": 47,
            "ActionTag": 1811939745,
            "Size": {
              "X": 146.0,
              "Y": 38.0
            },
            "Name": "word_jushu",
            "ctype": "TextObjectData"
          },
          {
            "FontSize": 33,
            "LabelText": "张数选择：",
            "FontResource": {
              "Type": "Normal",
              "Path": "image/fonts/FZZY.TTF",
              "Plist": ""
            },
            "OutlineColor": {
              "R": 203,
              "G": 188,
              "B": 119
            },
            "ShadowColor": {
              "R": 110,
              "G": 110,
              "B": 110
            },
            "ShadowOffsetX": 2.0,
            "ShadowOffsetY": -2.0,
            "AnchorPoint": {
              "ScaleY": 0.5
            },
            "Position": {
              "X": 294.1573,
              "Y": 480.0
            },
            "Scale": {
              "ScaleX": 1.0,
              "ScaleY": 1.0
            },
            "CColor": {
              "R": 140,
              "G": 112,
              "B": 71
            },
            "IconVisible": false,
            "PrePosition": {
              "X": 0.0,
              "Y": 0.0
            },
            "PreSize": {
              "X": 0.0,
              "Y": 0.0
            },
            "LeftMargin": 294.1573,
            "RightMargin": -440.1573,
            "TopMargin": -499.0,
            "BottomMargin": 461.0,
            "Tag": 46,
            "ActionTag": 209825279,
            "Size": {
              "X": 146.0,
              "Y": 38.0
            },
            "Name": "word_zs",
            "ctype": "TextObjectData"
          },
          {
            "FontSize": 33,
            "LabelText": "底  注  分：",
            "FontResource": {
              "Type": "Normal",
              "Path": "image/fonts/FZZY.TTF",
              "Plist": ""
            },
            "OutlineColor": {
              "R": 203,
              "G": 188,
              "B": 119
            },
            "ShadowColor": {
              "R": 110,
              "G": 110,
              "B": 110
            },
            "ShadowOffsetX": 2.0,
            "ShadowOffsetY": -2.0,
            "AnchorPoint": {
              "ScaleY": 0.5
            },
            "Position": {
              "X": 294.1573,
              "Y": 430.0
            },
            "Scale": {
              "ScaleX": 1.0,
              "ScaleY": 1.0
            },
            "CColor": {
              "R": 140,
              "G": 112,
              "B": 71
            },
            "IconVisible": false,
            "PrePosition": {
              "X": 0.0,
              "Y": 0.0
            },
            "PreSize": {
              "X": 0.0,
              "Y": 0.0
            },
            "LeftMargin": 294.1573,
            "RightMargin": -439.1573,
            "TopMargin": -449.0,
            "BottomMargin": 411.0,
            "Tag": 45,
            "ActionTag": 764156903,
            "Size": {
              "X": 145.0,
              "Y": 38.0
            },
            "Name": "word_dzf",
            "ctype": "TextObjectData"
          },
          {
            "FontSize": 33,
            "LabelText": "金        库：",
            "FontResource": {
              "Type": "Normal",
              "Path": "image/fonts/FZZY.TTF",
              "Plist": ""
            },
            "OutlineColor": {
              "R": 203,
              "G": 188,
              "B": 119
            },
            "ShadowColor": {
              "R": 110,
              "G": 110,
              "B": 110
            },
            "ShadowOffsetX": 2.0,
            "ShadowOffsetY": -2.0,
            "AnchorPoint": {
              "ScaleY": 0.5
            },
            "Position": {
              "X": 294.1573,
              "Y": 380.0
            },
            "Scale": {
              "ScaleX": 1.0,
              "ScaleY": 1.0
            },
            "CColor": {
              "R": 140,
              "G": 112,
              "B": 71
            },
            "IconVisible": false,
            "PrePosition": {
              "X": 0.0,
              "Y": 0.0
            },
            "PreSize": {
              "X": 0.0,
              "Y": 0.0
            },
            "LeftMargin": 294.1573,
            "RightMargin": -438.1573,
            "TopMargin": -399.0,
            "BottomMargin": 361.0,
            "Tag": 6,
            "ActionTag": -358177214,
            "Size": {
              "X": 144.0,
              "Y": 38.0
            },
            "Name": "word_jk",
            "ctype": "TextObjectData"
          },
          {
            "FontSize": 33,
            "LabelText": "高级选项：",
            "FontResource": {
              "Type": "Normal",
              "Path": "image/fonts/FZZY.TTF",
              "Plist": ""
            },
            "OutlineColor": {
              "R": 203,
              "G": 188,
              "B": 119
            },
            "ShadowColor": {
              "R": 110,
              "G": 110,
              "B": 110
            },
            "ShadowOffsetX": 2.0,
            "ShadowOffsetY": -2.0,
            "AnchorPoint": {
              "ScaleY": 0.5
            },
            "Position": {
              "X": 294.1573,
              "Y": 330.0
            },
            "Scale": {
              "ScaleX": 1.0,
              "ScaleY": 1.0
            },
            "CColor": {
              "R": 140,
              "G": 112,
              "B": 71
            },
            "IconVisible": false,
            "PrePosition": {
              "X": 0.0,
              "Y": 0.0
            },
            "PreSize": {
              "X": 0.0,
              "Y": 0.0
            },
            "LeftMargin": 294.1573,
            "RightMargin": -440.1573,
            "TopMargin": -349.0,
            "BottomMargin": 311.0,
            "Tag": 8,
            "ActionTag": 1538357716,
            "Size": {
              "X": 146.0,
              "Y": 38.0
            },
            "Name": "word_gjxx",
            "ctype": "TextObjectData"
          }
        ],
        "Size": {
          "X": 0.0,
          "Y": 0.0
        },
        "Name": "Node",
        "ctype": "SingleNodeObjectData"
      },
      "UsedResources": [
        "../../../image/fonts/FZZY.TTF"
      ],
      "ctype": "GameFileData"
    }
  },
  "Type": "Node"
}