{
  "ID": "202882b8-bded-4d23-88e5-fbfd7b7de1d5",
  "Version": "2.3.4",
  "Name": "LoginBoard",
  "Content": {
    "Content": {
      "Animation": {
        "Duration": 0,
        "Speed": 1.0,
        "Timelines": [],
        "ctype": "TimelineActionData"
      },
      "AnimationList": [],
      "ObjectData": {
        "Children": [
          {
            "FileData": {
              "Type": "Normal",
              "Path": "image/ui/login/bg.jpg",
              "Plist": ""
            },
            "Scale9OriginX": 422,
            "Scale9OriginY": 237,
            "Scale9Width": 436,
            "Scale9Height": 246,
            "AnchorPoint": {
              "ScaleX": 0.5,
              "ScaleY": 0.5
            },
            "Position": {
              "X": 0.0,
              "Y": 0.0
            },
            "Scale": {
              "ScaleX": 1.0,
              "ScaleY": 1.0
            },
            "CColor": {},
            "IconVisible": false,
            "PrePosition": {
              "X": 0.0,
              "Y": 0.0
            },
            "PreSize": {
              "X": 0.0,
              "Y": 0.0
            },
            "LeftMargin": -640.0,
            "RightMargin": -640.0,
            "TopMargin": -360.0,
            "BottomMargin": -360.0,
            "Tag": 2,
            "ActionTag": 215846462,
            "Size": {
              "X": 1280.0,
              "Y": 720.0
            },
            "Name": "bg",
            "ctype": "ImageViewObjectData"
          },
          {
            "FileData": {
              "Type": "Normal",
              "Path": "mainmodules/common/image/login/login_title_ndw.png",
              "Plist": ""
            },
            "BlendFunc": {
              "Src": 1,
              "Dst": 771
            },
            "AnchorPoint": {
              "ScaleX": 0.5,
              "ScaleY": 0.5
            },
            "Position": {
              "X": 0.0,
              "Y": 100.0
            },
            "Scale": {
              "ScaleX": 1.0,
              "ScaleY": 1.0
            },
            "CColor": {},
            "IconVisible": false,
            "PrePosition": {
              "X": 0.0,
              "Y": 0.0
            },
            "PreSize": {
              "X": 0.0,
              "Y": 0.0
            },
            "LeftMargin": -365.5,
            "RightMargin": -365.5,
            "TopMargin": -222.5,
            "BottomMargin": -22.5,
            "Tag": 20,
            "ActionTag": -1141202318,
            "Size": {
              "X": 731.0,
              "Y": 245.0
            },
            "Name": "title",
            "ctype": "SpriteObjectData"
          },
          {
            "FileData": {
              "Type": "Normal",
              "Path": "image/ui/login/btn_liaobei.png",
              "Plist": ""
            },
            "BlendFunc": {
              "Src": 1,
              "Dst": 771
            },
            "AnchorPoint": {
              "ScaleX": 0.5,
              "ScaleY": 0.5
            },
            "Position": {
              "X": 344.4456,
              "Y": -200.0
            },
            "Scale": {
              "ScaleX": 1.0,
              "ScaleY": 1.0
            },
            "CColor": {},
            "IconVisible": false,
            "PrePosition": {
              "X": 0.0,
              "Y": 0.0
            },
            "PreSize": {
              "X": 0.0,
              "Y": 0.0
            },
            "LeftMargin": 210.9456,
            "RightMargin": -477.9456,
            "TopMargin": 158.5,
            "BottomMargin": -241.5,
            "Tag": 21,
            "ActionTag": 602085260,
            "Size": {
              "X": 267.0,
              "Y": 83.0
            },
            "Name": "btn_liaobei",
            "ctype": "SpriteObjectData"
          },
          {
            "FileData": {
              "Type": "Normal",
              "Path": "image/ui/login/btxianliao.png",
              "Plist": ""
            },
            "BlendFunc": {
              "Src": 1,
              "Dst": 771
            },
            "AnchorPoint": {
              "ScaleX": 0.5,
              "ScaleY": 0.5
            },
            "Position": {
              "X": -333.9863,
              "Y": -200.0
            },
            "Scale": {
              "ScaleX": 1.0,
              "ScaleY": 1.0
            },
            "CColor": {},
            "IconVisible": false,
            "PrePosition": {
              "X": 0.0,
              "Y": 0.0
            },
            "PreSize": {
              "X": 0.0,
              "Y": 0.0
            },
            "LeftMargin": -467.4863,
            "RightMargin": 200.4863,
            "TopMargin": 158.5,
            "BottomMargin": -241.5,
            "Tag": 22,
            "ActionTag": 1432273649,
            "Size": {
              "X": 267.0,
              "Y": 83.0
            },
            "Name": "btn_xiaoliao",
            "ctype": "SpriteObjectData"
          },
          {
            "FileData": {
              "Type": "Normal",
              "Path": "image/ui/login/btguest.png",
              "Plist": ""
            },
            "BlendFunc": {
              "Src": 1,
              "Dst": 771
            },
            "AnchorPoint": {
              "ScaleX": 0.5,
              "ScaleY": 0.5
            },
            "Position": {
              "X": 0.0,
              "Y": -200.0
            },
            "Scale": {
              "ScaleX": 1.0,
              "ScaleY": 1.0
            },
            "CColor": {},
            "IconVisible": false,
            "PrePosition": {
              "X": 0.0,
              "Y": 0.0
            },
            "PreSize": {
              "X": 0.0,
              "Y": 0.0
            },
            "LeftMargin": -157.5,
            "RightMargin": -157.5,
            "TopMargin": 151.0,
            "BottomMargin": -249.0,
            "Tag": 24,
            "ActionTag": 161459982,
            "Size": {
              "X": 315.0,
              "Y": 98.0
            },
            "Name": "btn_youke",
            "ctype": "SpriteObjectData"
          },
          {
            "FileData": {
              "Type": "Normal",
              "Path": "image/ui/login/btweixin.png",
              "Plist": ""
            },
            "BlendFunc": {
              "Src": 1,
              "Dst": 771
            },
            "AnchorPoint": {
              "ScaleX": 0.5,
              "ScaleY": 0.5
            },
            "Position": {
              "X": 0.0,
              "Y": -200.0
            },
            "Scale": {
              "ScaleX": 1.0,
              "ScaleY": 1.0
            },
            "CColor": {},
            "IconVisible": false,
            "PrePosition": {
              "X": 0.0,
              "Y": 0.0
            },
            "PreSize": {
              "X": 0.0,
              "Y": 0.0
            },
            "LeftMargin": -133.5,
            "RightMargin": -133.5,
            "TopMargin": 158.5,
            "BottomMargin": -241.5,
            "Tag": 25,
            "ActionTag": -1986097372,
            "Size": {
              "X": 267.0,
              "Y": 83.0
            },
            "Name": "btn_weixin",
            "ctype": "SpriteObjectData"
          },
          {
            "FontSize": 30,
            "IsCustomSize": true,
            "LabelText": "",
            "PlaceHolderText": "输入登陆ID",
            "MaxLengthText": 10,
            "TouchEnable": true,
            "AnchorPoint": {
              "ScaleX": 0.5,
              "ScaleY": 0.5
            },
            "Position": {
              "X": 0.0,
              "Y": -120.0
            },
            "Scale": {
              "ScaleX": 1.0,
              "ScaleY": 1.0
            },
            "CColor": {},
            "IconVisible": false,
            "PrePosition": {
              "X": 0.0,
              "Y": 0.0
            },
            "PreSize": {
              "X": 0.0,
              "Y": 0.0
            },
            "LeftMargin": -100.0,
            "RightMargin": -100.0,
            "TopMargin": 100.0,
            "BottomMargin": -140.0,
            "Tag": 26,
            "ActionTag": 5192760,
            "Size": {
              "X": 200.0,
              "Y": 40.0
            },
            "Name": "text_uid",
            "ctype": "TextFieldObjectData"
          },
          {
            "AnchorPoint": {},
            "Position": {
              "X": -202.9055,
              "Y": -270.0
            },
            "Scale": {
              "ScaleX": 1.0,
              "ScaleY": 1.0
            },
            "CColor": {},
            "IconVisible": true,
            "PrePosition": {
              "X": 0.0,
              "Y": 0.0
            },
            "PreSize": {
              "X": 0.0,
              "Y": 0.0
            },
            "LeftMargin": -202.9055,
            "RightMargin": 202.9055,
            "TopMargin": 270.0,
            "BottomMargin": -270.0,
            "Tag": 27,
            "Children": [
              {
                "CheckedState": true,
                "NormalBackFileData": {
                  "Type": "Normal",
                  "Path": "appCommon/fydp/common/checkbg.png",
                  "Plist": ""
                },
                "PressedBackFileData": {
                  "Type": "Normal",
                  "Path": "appCommon/fydp/common/checkbg.png",
                  "Plist": ""
                },
                "DisableBackFileData": {
                  "Type": "Normal",
                  "Path": "appCommon/fydp/common/checkbg.png",
                  "Plist": ""
                },
                "NodeNormalFileData": {
                  "Type": "Normal",
                  "Path": "appCommon/fydp/common/check.png",
                  "Plist": ""
                },
                "NodeDisableFileData": {
                  "Type": "Normal",
                  "Path": "appCommon/fydp/common/check.png",
                  "Plist": ""
                },
                "TouchEnable": true,
                "AnchorPoint": {
                  "ScaleX": 0.5,
                  "ScaleY": 0.5
                },
                "Position": {
                  "X": 115.0276,
                  "Y": 0.2786
                },
                "Scale": {
                  "ScaleX": 1.0,
                  "ScaleY": 1.0
                },
                "CColor": {},
                "IconVisible": false,
                "PrePosition": {
                  "X": 0.0,
                  "Y": 0.0
                },
                "PreSize": {
                  "X": 0.0,
                  "Y": 0.0
                },
                "LeftMargin": 101.5276,
                "RightMargin": -128.5276,
                "TopMargin": -13.7786,
                "BottomMargin": -13.2214,
                "Tag": 28,
                "ActionTag": -1882903822,
                "Size": {
                  "X": 27.0,
                  "Y": 27.0
                },
                "Name": "cbBox",
                "ctype": "CheckBoxObjectData"
              },
              {
                "FileData": {
                  "Type": "Normal",
                  "Path": "image/ui/login/login_xieyi.png",
                  "Plist": ""
                },
                "BlendFunc": {
                  "Src": 1,
                  "Dst": 771
                },
                "AnchorPoint": {
                  "ScaleX": 0.5,
                  "ScaleY": 0.5
                },
                "Position": {
                  "X": 223.0512,
                  "Y": 0.4245
                },
                "Scale": {
                  "ScaleX": 1.0,
                  "ScaleY": 1.0
                },
                "CColor": {},
                "IconVisible": false,
                "PrePosition": {
                  "X": 0.0,
                  "Y": 0.0
                },
                "PreSize": {
                  "X": 0.0,
                  "Y": 0.0
                },
                "LeftMargin": 133.0512,
                "RightMargin": -313.0512,
                "TopMargin": -14.4245,
                "BottomMargin": -13.5755,
                "Tag": 29,
                "ActionTag": 920694466,
                "Size": {
                  "X": 180.0,
                  "Y": 28.0
                },
                "Name": "image_xieyi",
                "ctype": "SpriteObjectData"
              }
            ],
            "ActionTag": -956591072,
            "Size": {
              "X": 0.0,
              "Y": 0.0
            },
            "Name": "xieyi",
            "ctype": "SingleNodeObjectData"
          },
          {
            "FileData": {
              "Type": "Normal",
              "Path": "image/ui/login/login_tip.png",
              "Plist": ""
            },
            "BlendFunc": {
              "Src": 1,
              "Dst": 771
            },
            "AnchorPoint": {
              "ScaleX": 0.5,
              "ScaleY": 0.5
            },
            "Position": {
              "X": 0.0,
              "Y": -340.0
            },
            "Scale": {
              "ScaleX": 1.0,
              "ScaleY": 1.0
            },
            "CColor": {},
            "IconVisible": false,
            "PrePosition": {
              "X": 0.0,
              "Y": 0.0
            },
            "PreSize": {
              "X": 0.0,
              "Y": 0.0
            },
            "LeftMargin": -614.0,
            "RightMargin": -614.0,
            "TopMargin": 326.5,
            "BottomMargin": -353.5,
            "Tag": 29,
            "ActionTag": -24199806,
            "Size": {
              "X": 1228.0,
              "Y": 27.0
            },
            "Name": "login_tip_2",
            "ctype": "SpriteObjectData"
          },
          {
            "FontSize": 22,
            "LabelText": "88.88.88.88",
            "FontResource": {
              "Type": "Normal",
              "Path": "image/fonts/FZZY.TTF",
              "Plist": ""
            },
            "HorizontalAlignmentType": "HT_Right",
            "VerticalAlignmentType": "VT_Center",
            "OutlineColor": {
              "R": 0,
              "G": 0,
              "B": 0
            },
            "ShadowColor": {
              "R": 110,
              "G": 110,
              "B": 110
            },
            "ShadowOffsetX": 2.0,
            "ShadowOffsetY": -2.0,
            "AnchorPoint": {
              "ScaleX": 0.5,
              "ScaleY": 0.5
            },
            "Position": {
              "X": 548.6958,
              "Y": -306.8965
            },
            "Scale": {
              "ScaleX": 1.0,
              "ScaleY": 1.0
            },
            "CColor": {},
            "IconVisible": false,
            "PrePosition": {
              "X": 0.0,
              "Y": 0.0
            },
            "PreSize": {
              "X": 0.0,
              "Y": 0.0
            },
            "LeftMargin": 490.6958,
            "RightMargin": -606.6958,
            "TopMargin": 294.3965,
            "BottomMargin": -319.3965,
            "Tag": 30,
            "ActionTag": -1651248540,
            "Size": {
              "X": 116.0,
              "Y": 25.0
            },
            "Name": "version",
            "ctype": "TextObjectData"
          },
          {
            "FileData": {
              "Type": "Normal",
              "Path": "image/ui/login/btguest.png",
              "Plist": ""
            },
            "BlendFunc": {
              "Src": 1,
              "Dst": 771
            },
            "AnchorPoint": {
              "ScaleX": 0.5,
              "ScaleY": 0.5
            },
            "Position": {
              "X": -471.7951,
              "Y": 272.756
            },
            "Scale": {
              "ScaleX": 1.0,
              "ScaleY": 1.0
            },
            "CColor": {},
            "IconVisible": false,
            "PrePosition": {
              "X": 0.0,
              "Y": 0.0
            },
            "PreSize": {
              "X": 0.0,
              "Y": 0.0
            },
            "LeftMargin": -629.2951,
            "RightMargin": 314.2951,
            "TopMargin": -321.756,
            "BottomMargin": 223.756,
            "Tag": 167,
            "ActionTag": 396133356,
            "Size": {
              "X": 315.0,
              "Y": 98.0
            },
            "Name": "btn_youke1",
            "ctype": "SpriteObjectData"
          },
          {
            "FileData": {
              "Type": "Normal",
              "Path": "image/ui/login/btguest.png",
              "Plist": ""
            },
            "BlendFunc": {
              "Src": 1,
              "Dst": 771
            },
            "AnchorPoint": {
              "ScaleX": 0.5,
              "ScaleY": 0.5
            },
            "Position": {
              "X": -466.2182,
              "Y": 167.4355
            },
            "Scale": {
              "ScaleX": 1.0,
              "ScaleY": 1.0
            },
            "CColor": {},
            "IconVisible": false,
            "PrePosition": {
              "X": 0.0,
              "Y": 0.0
            },
            "PreSize": {
              "X": 0.0,
              "Y": 0.0
            },
            "LeftMargin": -623.7182,
            "RightMargin": 308.7182,
            "TopMargin": -216.4355,
            "BottomMargin": 118.4355,
            "Tag": 168,
            "ActionTag": -1232822326,
            "Size": {
              "X": 315.0,
              "Y": 98.0
            },
            "Name": "btn_youke2",
            "ctype": "SpriteObjectData"
          },
          {
            "FileData": {
              "Type": "Normal",
              "Path": "image/ui/login/btguest.png",
              "Plist": ""
            },
            "BlendFunc": {
              "Src": 1,
              "Dst": 771
            },
            "AnchorPoint": {
              "ScaleX": 0.5,
              "ScaleY": 0.5
            },
            "Position": {
              "X": -465.0646,
              "Y": 60.1264
            },
            "Scale": {
              "ScaleX": 1.0,
              "ScaleY": 1.0
            },
            "CColor": {},
            "IconVisible": false,
            "PrePosition": {
              "X": 0.0,
              "Y": 0.0
            },
            "PreSize": {
              "X": 0.0,
              "Y": 0.0
            },
            "LeftMargin": -622.5646,
            "RightMargin": 307.5646,
            "TopMargin": -109.1264,
            "BottomMargin": 11.1264,
            "Tag": 169,
            "ActionTag": 2108085340,
            "Size": {
              "X": 315.0,
              "Y": 98.0
            },
            "Name": "btn_youke3",
            "ctype": "SpriteObjectData"
          },
          {
            "FileData": {
              "Type": "Normal",
              "Path": "image/ui/login/btguest.png",
              "Plist": ""
            },
            "BlendFunc": {
              "Src": 1,
              "Dst": 771
            },
            "AnchorPoint": {
              "ScaleX": 0.5,
              "ScaleY": 0.5
            },
            "Position": {
              "X": -463.911,
              "Y": -50.1311
            },
            "Scale": {
              "ScaleX": 1.0,
              "ScaleY": 1.0
            },
            "CColor": {},
            "IconVisible": false,
            "PrePosition": {
              "X": 0.0,
              "Y": 0.0
            },
            "PreSize": {
              "X": 0.0,
              "Y": 0.0
            },
            "LeftMargin": -621.411,
            "RightMargin": 306.411,
            "TopMargin": 1.1311,
            "BottomMargin": -99.1311,
            "Tag": 170,
            "ActionTag": -813044915,
            "Size": {
              "X": 315.0,
              "Y": 98.0
            },
            "Name": "btn_youke4",
            "ctype": "SpriteObjectData"
          }
        ],
        "Size": {
          "X": 0.0,
          "Y": 0.0
        },
        "Name": "Node",
        "ctype": "SingleNodeObjectData"
      },
      "UsedResources": [
        "../../../appCommon/fydp/common/check.png",
        "../../../appCommon/fydp/common/checkbg.png",
        "../../../image/fonts/FZZY.TTF",
        "../../../image/ui/login/bg.jpg",
        "../../../image/ui/login/btguest.png",
        "../../../image/ui/login/btn_liaobei.png",
        "../../../image/ui/login/btweixin.png",
        "../../../image/ui/login/btxianliao.png",
        "../../../image/ui/login/login_tip.png",
        "../../../image/ui/login/login_xieyi.png",
        "../image/login/login_title_ndw.png"
      ],
      "ctype": "GameFileData"
    }
  },
  "Type": "Node"
}