{
  "ID": "e371d36c-1560-4236-b519-9aa1db1d1b5e",
  "Version": "2.3.4",
  "Name": "HistoryDetailCell",
  "Content": {
    "Content": {
      "Animation": {
        "Duration": 0,
        "Speed": 1.0,
        "Timelines": [],
        "ctype": "TimelineActionData"
      },
      "AnimationList": [],
      "ObjectData": {
        "Tag": 90,
        "Children": [
          {
            "FileData": {
              "Type": "Normal",
              "Path": "image/ui/history/his_detailcell.png",
              "Plist": ""
            },
            "Scale9OriginX": 22,
            "Scale9OriginY": 22,
            "Scale9Width": 1156,
            "Scale9Height": 32,
            "AnchorPoint": {
              "ScaleX": 0.5,
              "ScaleY": 0.5
            },
            "Position": {
              "X": 600.0,
              "Y": 40.0
            },
            "Scale": {
              "ScaleX": 1.0,
              "ScaleY": 1.0
            },
            "CColor": {},
            "IconVisible": false,
            "PositionPercentXEnabled": true,
            "PositionPercentYEnabled": true,
            "PrePosition": {
              "X": 0.5,
              "Y": 0.5
            },
            "PreSize": {
              "X": 1.0,
              "Y": 0.95
            },
            "TopMargin": 2.0,
            "BottomMargin": 2.0,
            "Tag": 686,
            "Children": [
              {
                "FontSize": 35,
                "LabelText": "100",
                "FontResource": {
                  "Type": "Normal",
                  "Path": "image/fonts/FZZY.TTF",
                  "Plist": ""
                },
                "HorizontalAlignmentType": "HT_Center",
                "VerticalAlignmentType": "VT_Center",
                "OutlineColor": {
                  "G": 0,
                  "B": 0
                },
                "ShadowColor": {
                  "R": 110,
                  "G": 110,
                  "B": 110
                },
                "ShadowOffsetX": 2.0,
                "ShadowOffsetY": -2.0,
                "AnchorPoint": {
                  "ScaleX": 0.5,
                  "ScaleY": 0.5
                },
                "Position": {
                  "X": 33.0002,
                  "Y": 37.8265
                },
                "Scale": {
                  "ScaleX": 1.0,
                  "ScaleY": 1.0
                },
                "CColor": {
                  "R": 171,
                  "G": 89,
                  "B": 52
                },
                "IconVisible": false,
                "PositionPercentYEnabled": true,
                "PrePosition": {
                  "X": 0.0275,
                  "Y": 0.4977
                },
                "PreSize": {
                  "X": 0.0433,
                  "Y": 0.5263
                },
                "LeftMargin": 7.0002,
                "RightMargin": 1140.9999,
                "TopMargin": 18.1735,
                "BottomMargin": 17.8265,
                "Tag": 389,
                "ActionTag": -1738941253,
                "Size": {
                  "X": 52.0,
                  "Y": 40.0
                },
                "Name": "txt_id",
                "ctype": "TextObjectData"
              },
              {
                "IsCustomSize": true,
                "FontSize": 30,
                "LabelText": "2016-07-08 14:40:070",
                "VerticalAlignmentType": "VT_Center",
                "OutlineColor": {
                  "G": 0,
                  "B": 0
                },
                "ShadowColor": {
                  "R": 110,
                  "G": 110,
                  "B": 110
                },
                "ShadowOffsetX": 2.0,
                "ShadowOffsetY": -2.0,
                "AnchorPoint": {
                  "ScaleX": 0.5,
                  "ScaleY": 0.5
                },
                "Position": {
                  "X": 216.0008,
                  "Y": 38.0
                },
                "Scale": {
                  "ScaleX": 1.0,
                  "ScaleY": 1.0
                },
                "CColor": {
                  "R": 121,
                  "G": 102,
                  "B": 67
                },
                "IconVisible": false,
                "PositionPercentYEnabled": true,
                "PrePosition": {
                  "X": 0.18,
                  "Y": 0.5
                },
                "PreSize": {
                  "X": 0.2467,
                  "Y": 0.4474
                },
                "LeftMargin": 68.0008,
                "RightMargin": 835.9992,
                "TopMargin": 21.0,
                "BottomMargin": 21.0,
                "Tag": 29,
                "ActionTag": 2129696366,
                "Size": {
                  "X": 296.0,
                  "Y": 34.0
                },
                "Name": "txt_time",
                "ctype": "TextObjectData"
              },
              {
                "FontSize": 14,
                "ButtonText": "",
                "TextColor": {
                  "R": 65,
                  "G": 65,
                  "B": 70
                },
                "DisabledFileData": {
                  "Type": "Normal",
                  "Path": "appCommon/fydp/common/btshare.png",
                  "Plist": ""
                },
                "PressedFileData": {
                  "Type": "Normal",
                  "Path": "appCommon/fydp/common/btshare.png",
                  "Plist": ""
                },
                "NormalFileData": {
                  "Type": "Normal",
                  "Path": "appCommon/fydp/common/btshare.png",
                  "Plist": ""
                },
                "Scale9Enable": true,
                "Scale9OriginX": 15,
                "Scale9OriginY": 11,
                "Scale9Width": 86,
                "Scale9Height": 33,
                "OutlineColor": {
                  "G": 0,
                  "B": 0
                },
                "ShadowColor": {
                  "R": 110,
                  "G": 110,
                  "B": 110
                },
                "ShadowOffsetX": 2.0,
                "ShadowOffsetY": -2.0,
                "TouchEnable": true,
                "AnchorPoint": {
                  "ScaleX": 0.5,
                  "ScaleY": 0.5
                },
                "Position": {
                  "X": 1027.387,
                  "Y": 38.0
                },
                "Scale": {
                  "ScaleX": 1.0,
                  "ScaleY": 1.0
                },
                "CColor": {},
                "IconVisible": false,
                "PositionPercentYEnabled": true,
                "PrePosition": {
                  "X": 0.8562,
                  "Y": 0.5
                },
                "PreSize": {
                  "X": 0.0833,
                  "Y": 0.6974
                },
                "LeftMargin": 977.387,
                "RightMargin": 122.613,
                "TopMargin": 11.5,
                "BottomMargin": 11.5,
                "Tag": 390,
                "ActionTag": 2066529180,
                "Size": {
                  "X": 100.0,
                  "Y": 53.0
                },
                "Name": "share",
                "ctype": "ButtonObjectData"
              },
              {
                "FontSize": 14,
                "ButtonText": "",
                "TextColor": {
                  "R": 65,
                  "G": 65,
                  "B": 70
                },
                "DisabledFileData": {
                  "Type": "Normal",
                  "Path": "image/ui/history/btReplay.png",
                  "Plist": ""
                },
                "PressedFileData": {
                  "Type": "Normal",
                  "Path": "image/ui/history/btReplay.png",
                  "Plist": ""
                },
                "NormalFileData": {
                  "Type": "Normal",
                  "Path": "image/ui/history/btReplay.png",
                  "Plist": ""
                },
                "Scale9Enable": true,
                "Scale9OriginX": 15,
                "Scale9OriginY": 11,
                "Scale9Width": 63,
                "Scale9Height": 33,
                "OutlineColor": {
                  "G": 0,
                  "B": 0
                },
                "ShadowColor": {
                  "R": 110,
                  "G": 110,
                  "B": 110
                },
                "ShadowOffsetX": 2.0,
                "ShadowOffsetY": -2.0,
                "TouchEnable": true,
                "AnchorPoint": {
                  "ScaleX": 0.5,
                  "ScaleY": 0.5
                },
                "Position": {
                  "X": 1135.3867,
                  "Y": 38.0
                },
                "Scale": {
                  "ScaleX": 1.0,
                  "ScaleY": 1.0
                },
                "CColor": {},
                "IconVisible": false,
                "PositionPercentYEnabled": true,
                "PrePosition": {
                  "X": 0.9462,
                  "Y": 0.5
                },
                "PreSize": {
                  "X": 0.0833,
                  "Y": 0.6974
                },
                "LeftMargin": 1085.3867,
                "RightMargin": 14.6133,
                "TopMargin": 11.5,
                "BottomMargin": 11.5,
                "Tag": 391,
                "ActionTag": -475171610,
                "Size": {
                  "X": 100.0,
                  "Y": 53.0
                },
                "Name": "huifang",
                "ctype": "ButtonObjectData"
              },
              {
                "FontSize": 30,
                "LabelText": "+123456",
                "FontResource": {
                  "Type": "Normal",
                  "Path": "image/fonts/FZZY.TTF",
                  "Plist": ""
                },
                "VerticalAlignmentType": "VT_Center",
                "OutlineColor": {
                  "G": 0,
                  "B": 0
                },
                "ShadowColor": {
                  "R": 110,
                  "G": 110,
                  "B": 110
                },
                "ShadowOffsetX": 2.0,
                "ShadowOffsetY": -2.0,
                "AnchorPoint": {
                  "ScaleX": 0.5,
                  "ScaleY": 0.5
                },
                "Position": {
                  "X": 421.6395,
                  "Y": 33.11
                },
                "Scale": {
                  "ScaleX": 1.0,
                  "ScaleY": 1.0
                },
                "CColor": {
                  "R": 20,
                  "G": 118,
                  "B": 153
                },
                "IconVisible": false,
                "PrePosition": {
                  "X": 0.3514,
                  "Y": 0.4357
                },
                "PreSize": {
                  "X": 0.0925,
                  "Y": 0.4474
                },
                "LeftMargin": 366.1395,
                "RightMargin": 722.8605,
                "TopMargin": 25.89,
                "BottomMargin": 16.11,
                "Tag": 5575,
                "ActionTag": -229547206,
                "Size": {
                  "X": 111.0,
                  "Y": 34.0
                },
                "Name": "score1",
                "ctype": "TextObjectData"
              },
              {
                "FontSize": 30,
                "LabelText": "+123456",
                "FontResource": {
                  "Type": "Normal",
                  "Path": "image/fonts/FZZY.TTF",
                  "Plist": ""
                },
                "VerticalAlignmentType": "VT_Center",
                "OutlineColor": {
                  "G": 0,
                  "B": 0
                },
                "ShadowColor": {
                  "R": 110,
                  "G": 110,
                  "B": 110
                },
                "ShadowOffsetX": 2.0,
                "ShadowOffsetY": -2.0,
                "AnchorPoint": {
                  "ScaleX": 0.5,
                  "ScaleY": 0.5
                },
                "Position": {
                  "X": 671.0298,
                  "Y": 33.11
                },
                "Scale": {
                  "ScaleX": 1.0,
                  "ScaleY": 1.0
                },
                "CColor": {
                  "R": 20,
                  "G": 118,
                  "B": 153
                },
                "IconVisible": false,
                "PrePosition": {
                  "X": 0.5592,
                  "Y": 0.4357
                },
                "PreSize": {
                  "X": 0.0925,
                  "Y": 0.4474
                },
                "LeftMargin": 615.5298,
                "RightMargin": 473.4702,
                "TopMargin": 25.89,
                "BottomMargin": 16.11,
                "Tag": 5573,
                "ActionTag": 2098003711,
                "Size": {
                  "X": 111.0,
                  "Y": 34.0
                },
                "Name": "score3",
                "ctype": "TextObjectData"
              },
              {
                "FontSize": 30,
                "LabelText": "+123456",
                "FontResource": {
                  "Type": "Normal",
                  "Path": "image/fonts/FZZY.TTF",
                  "Plist": ""
                },
                "VerticalAlignmentType": "VT_Center",
                "OutlineColor": {
                  "G": 0,
                  "B": 0
                },
                "ShadowColor": {
                  "R": 110,
                  "G": 110,
                  "B": 110
                },
                "ShadowOffsetX": 2.0,
                "ShadowOffsetY": -2.0,
                "AnchorPoint": {
                  "ScaleX": 0.5,
                  "ScaleY": 0.5
                },
                "Position": {
                  "X": 546.3347,
                  "Y": 35.948
                },
                "Scale": {
                  "ScaleX": 1.0,
                  "ScaleY": 1.0
                },
                "CColor": {
                  "R": 121,
                  "G": 102,
                  "B": 67
                },
                "IconVisible": false,
                "PositionPercentYEnabled": true,
                "PrePosition": {
                  "X": 0.4553,
                  "Y": 0.473
                },
                "PreSize": {
                  "X": 0.0925,
                  "Y": 0.4474
                },
                "LeftMargin": 490.8347,
                "RightMargin": 598.1653,
                "TopMargin": 23.052,
                "BottomMargin": 18.948,
                "Tag": 5571,
                "ActionTag": 1873507679,
                "Size": {
                  "X": 111.0,
                  "Y": 34.0
                },
                "Name": "score2",
                "ctype": "TextObjectData"
              },
              {
                "FontSize": 30,
                "LabelText": "+123456",
                "FontResource": {
                  "Type": "Normal",
                  "Path": "image/fonts/FZZY.TTF",
                  "Plist": ""
                },
                "VerticalAlignmentType": "VT_Center",
                "OutlineColor": {
                  "G": 0,
                  "B": 0
                },
                "ShadowColor": {
                  "R": 110,
                  "G": 110,
                  "B": 110
                },
                "ShadowOffsetX": 2.0,
                "ShadowOffsetY": -2.0,
                "AnchorPoint": {
                  "ScaleX": 0.5,
                  "ScaleY": 0.5
                },
                "Position": {
                  "X": 795.7249,
                  "Y": 35.948
                },
                "Scale": {
                  "ScaleX": 1.0,
                  "ScaleY": 1.0
                },
                "CColor": {
                  "R": 121,
                  "G": 102,
                  "B": 67
                },
                "IconVisible": false,
                "PositionPercentYEnabled": true,
                "PrePosition": {
                  "X": 0.6631,
                  "Y": 0.473
                },
                "PreSize": {
                  "X": 0.0925,
                  "Y": 0.4474
                },
                "LeftMargin": 740.2249,
                "RightMargin": 348.7751,
                "TopMargin": 23.052,
                "BottomMargin": 18.948,
                "Tag": 364,
                "ActionTag": 920973551,
                "Size": {
                  "X": 111.0,
                  "Y": 34.0
                },
                "Name": "score4",
                "ctype": "TextObjectData"
              },
              {
                "FontSize": 30,
                "LabelText": "+123456",
                "FontResource": {
                  "Type": "Normal",
                  "Path": "image/fonts/FZZY.TTF",
                  "Plist": ""
                },
                "VerticalAlignmentType": "VT_Center",
                "OutlineColor": {
                  "G": 0,
                  "B": 0
                },
                "ShadowColor": {
                  "R": 110,
                  "G": 110,
                  "B": 110
                },
                "ShadowOffsetX": 2.0,
                "ShadowOffsetY": -2.0,
                "AnchorPoint": {
                  "ScaleX": 0.5,
                  "ScaleY": 0.5
                },
                "Position": {
                  "X": 920.4201,
                  "Y": 35.948
                },
                "Scale": {
                  "ScaleX": 1.0,
                  "ScaleY": 1.0
                },
                "CColor": {
                  "R": 121,
                  "G": 102,
                  "B": 67
                },
                "IconVisible": false,
                "PositionPercentYEnabled": true,
                "PrePosition": {
                  "X": 0.767,
                  "Y": 0.473
                },
                "PreSize": {
                  "X": 0.0925,
                  "Y": 0.4474
                },
                "LeftMargin": 864.9201,
                "RightMargin": 224.0799,
                "TopMargin": 23.052,
                "BottomMargin": 18.948,
                "Tag": 838,
                "ActionTag": 633021980,
                "Size": {
                  "X": 111.0,
                  "Y": 34.0
                },
                "Name": "score5",
                "ctype": "TextObjectData"
              },
              {
                "FontSize": 30,
                "LabelText": "+123456",
                "VerticalAlignmentType": "VT_Center",
                "OutlineColor": {
                  "G": 0,
                  "B": 0
                },
                "ShadowColor": {
                  "R": 110,
                  "G": 110,
                  "B": 110
                },
                "ShadowOffsetX": 2.0,
                "ShadowOffsetY": -2.0,
                "AnchorPoint": {
                  "ScaleX": 0.5,
                  "ScaleY": 0.5
                },
                "Position": {
                  "X": 424.0,
                  "Y": -38.6688
                },
                "Scale": {
                  "ScaleX": 1.0,
                  "ScaleY": 1.0
                },
                "CColor": {
                  "R": 121,
                  "G": 102,
                  "B": 67
                },
                "IconVisible": false,
                "PositionPercentYEnabled": true,
                "PrePosition": {
                  "X": 0.3533,
                  "Y": -0.5088
                },
                "PreSize": {
                  "X": 0.0983,
                  "Y": 0.4474
                },
                "LeftMargin": 365.0,
                "RightMargin": 717.0,
                "TopMargin": 97.6688,
                "BottomMargin": -55.6688,
                "Tag": 839,
                "ActionTag": -2017109186,
                "Size": {
                  "X": 118.0,
                  "Y": 34.0
                },
                "VisibleForFrame": false,
                "Name": "score6",
                "ctype": "TextObjectData"
              },
              {
                "FontSize": 30,
                "LabelText": "+123456",
                "VerticalAlignmentType": "VT_Center",
                "OutlineColor": {
                  "G": 0,
                  "B": 0
                },
                "ShadowColor": {
                  "R": 110,
                  "G": 110,
                  "B": 110
                },
                "ShadowOffsetX": 2.0,
                "ShadowOffsetY": -2.0,
                "AnchorPoint": {
                  "ScaleX": 0.5,
                  "ScaleY": 0.5
                },
                "Position": {
                  "X": 649.9997,
                  "Y": -38.6688
                },
                "Scale": {
                  "ScaleX": 1.0,
                  "ScaleY": 1.0
                },
                "CColor": {
                  "R": 121,
                  "G": 102,
                  "B": 67
                },
                "IconVisible": false,
                "PositionPercentYEnabled": true,
                "PrePosition": {
                  "X": 0.5417,
                  "Y": -0.5088
                },
                "PreSize": {
                  "X": 0.0983,
                  "Y": 0.4474
                },
                "LeftMargin": 590.9997,
                "RightMargin": 491.0003,
                "TopMargin": 97.6688,
                "BottomMargin": -55.6688,
                "Tag": 840,
                "ActionTag": 1751044575,
                "Size": {
                  "X": 118.0,
                  "Y": 34.0
                },
                "VisibleForFrame": false,
                "Name": "score7",
                "ctype": "TextObjectData"
              },
              {
                "FontSize": 30,
                "LabelText": "+123456",
                "VerticalAlignmentType": "VT_Center",
                "OutlineColor": {
                  "G": 0,
                  "B": 0
                },
                "ShadowColor": {
                  "R": 110,
                  "G": 110,
                  "B": 110
                },
                "ShadowOffsetX": 2.0,
                "ShadowOffsetY": -2.0,
                "AnchorPoint": {
                  "ScaleX": 0.5,
                  "ScaleY": 0.5
                },
                "Position": {
                  "X": 875.9982,
                  "Y": -38.6688
                },
                "Scale": {
                  "ScaleX": 1.0,
                  "ScaleY": 1.0
                },
                "CColor": {
                  "R": 121,
                  "G": 102,
                  "B": 67
                },
                "IconVisible": false,
                "PositionPercentYEnabled": true,
                "PrePosition": {
                  "X": 0.73,
                  "Y": -0.5088
                },
                "PreSize": {
                  "X": 0.0983,
                  "Y": 0.4474
                },
                "LeftMargin": 816.9982,
                "RightMargin": 265.0018,
                "TopMargin": 97.6688,
                "BottomMargin": -55.6688,
                "Tag": 841,
                "ActionTag": 1612996317,
                "Size": {
                  "X": 118.0,
                  "Y": 34.0
                },
                "VisibleForFrame": false,
                "Name": "score8",
                "ctype": "TextObjectData"
              },
              {
                "FontSize": 30,
                "LabelText": "+123456",
                "VerticalAlignmentType": "VT_Center",
                "OutlineColor": {
                  "G": 0,
                  "B": 0
                },
                "ShadowColor": {
                  "R": 110,
                  "G": 110,
                  "B": 110
                },
                "ShadowOffsetX": 2.0,
                "ShadowOffsetY": -2.0,
                "AnchorPoint": {
                  "ScaleX": 0.5,
                  "ScaleY": 0.5
                },
                "Position": {
                  "X": 1101.9961,
                  "Y": -38.6688
                },
                "Scale": {
                  "ScaleX": 1.0,
                  "ScaleY": 1.0
                },
                "CColor": {
                  "R": 121,
                  "G": 102,
                  "B": 67
                },
                "IconVisible": false,
                "PositionPercentYEnabled": true,
                "PrePosition": {
                  "X": 0.9183,
                  "Y": -0.5088
                },
                "PreSize": {
                  "X": 0.0983,
                  "Y": 0.4474
                },
                "LeftMargin": 1042.9961,
                "RightMargin": 39.0039,
                "TopMargin": 97.6688,
                "BottomMargin": -55.6688,
                "Tag": 842,
                "ActionTag": 2097585320,
                "Size": {
                  "X": 118.0,
                  "Y": 34.0
                },
                "VisibleForFrame": false,
                "Name": "score9",
                "ctype": "TextObjectData"
              }
            ],
            "ActionTag": -167608706,
            "Size": {
              "X": 1200.0,
              "Y": 76.0
            },
            "Name": "bg_cell",
            "ctype": "ImageViewObjectData"
          }
        ],
        "Size": {
          "X": 1200.0,
          "Y": 80.0
        },
        "Name": "Layer",
        "ctype": "LayerObjectData"
      },
      "UsedResources": [
        "../../appCommon/fydp/common/btshare.png",
        "../../image/fonts/FZZY.TTF",
        "../../image/ui/history/btReplay.png",
        "../../image/ui/history/his_detailcell.png"
      ],
      "ctype": "GameFileData"
    }
  },
  "Type": "Layer"
}