{
  "ID": "e636d66f-a2b5-458a-ada4-8c87f9b7f6a2",
  "Version": "2.3.4",
  "Name": "History",
  "Content": {
    "Content": {
      "Animation": {
        "Duration": 0,
        "Speed": 1.0,
        "Timelines": [],
        "ctype": "TimelineActionData"
      },
      "AnimationList": [],
      "ObjectData": {
        "Tag": 55,
        "Children": [
          {
            "ClipAble": false,
            "BackColorAlpha": 127,
            "ComboBoxIndex": 1,
            "SingleColor": {
              "R": 0,
              "G": 0,
              "B": 0
            },
            "FirstColor": {
              "R": 150,
              "G": 200
            },
            "EndColor": {},
            "ColorVector": {
              "ScaleY": 1.0
            },
            "Scale9Width": 1,
            "Scale9Height": 1,
            "TouchEnable": true,
            "AnchorPoint": {},
            "Position": {
              "X": 0.0,
              "Y": 0.0
            },
            "Scale": {
              "ScaleX": 1.0,
              "ScaleY": 1.0
            },
            "CColor": {},
            "IconVisible": false,
            "PrePosition": {
              "X": 0.0,
              "Y": 0.0
            },
            "PercentWidthEnable": true,
            "PercentHeightEnable": true,
            "PercentWidthEnabled": true,
            "PercentHeightEnabled": true,
            "PreSize": {
              "X": 1.0,
              "Y": 1.0
            },
            "Tag": 1071,
            "ActionTag": -1300199479,
            "Size": {
              "X": 1280.0,
              "Y": 720.0
            },
            "Name": "root",
            "ctype": "PanelObjectData"
          },
          {
            "FileData": {
              "Type": "Normal",
              "Path": "image/ui/room2/bg_big.jpg",
              "Plist": ""
            },
            "BlendFunc": {
              "Src": 770,
              "Dst": 771
            },
            "AnchorPoint": {
              "ScaleX": 0.5,
              "ScaleY": 0.5
            },
            "Position": {
              "X": 640.0,
              "Y": 357.6597
            },
            "Scale": {
              "ScaleX": 1.0,
              "ScaleY": 1.0
            },
            "CColor": {},
            "IconVisible": false,
            "PositionPercentXEnabled": true,
            "PrePosition": {
              "X": 0.5,
              "Y": 0.4967
            },
            "PreSize": {
              "X": 1.0,
              "Y": 1.0
            },
            "TopMargin": 2.3403,
            "BottomMargin": -2.3403,
            "Tag": 3797,
            "ActionTag": 2075264247,
            "Size": {
              "X": 1280.0,
              "Y": 720.0
            },
            "Name": "bg",
            "ctype": "SpriteObjectData"
          },
          {
            "FileData": {
              "Type": "Normal",
              "Path": "image/ui/history/history_cell3.png",
              "Plist": ""
            },
            "Scale9Enable": true,
            "Scale9OriginX": 22,
            "Scale9OriginY": 22,
            "Scale9Width": 12,
            "Scale9Height": 12,
            "AnchorPoint": {
              "ScaleX": 0.5
            },
            "Position": {
              "X": 640.0,
              "Y": 29.0
            },
            "Scale": {
              "ScaleX": 1.0,
              "ScaleY": 1.0
            },
            "CColor": {},
            "IconVisible": false,
            "PositionPercentXEnabled": true,
            "PrePosition": {
              "X": 0.5,
              "Y": 0.0403
            },
            "PreSize": {
              "X": 0.9609,
              "Y": 0.8056
            },
            "LeftMargin": 25.0,
            "RightMargin": 25.0,
            "TopMargin": 111.0,
            "BottomMargin": 29.0,
            "Tag": 943,
            "ActionTag": -1835461872,
            "Size": {
              "X": 1230.0,
              "Y": 580.0
            },
            "Name": "bg_cell",
            "ctype": "ImageViewObjectData"
          },
          {
            "ClipAble": false,
            "BackColorAlpha": 102,
            "SingleColor": {
              "G": 0,
              "B": 0
            },
            "FirstColor": {
              "R": 150,
              "G": 200
            },
            "EndColor": {},
            "ColorVector": {
              "ScaleY": 1.0
            },
            "Scale9Width": 1,
            "Scale9Height": 1,
            "AnchorPoint": {
              "ScaleX": 0.5
            },
            "Position": {
              "X": 640.0,
              "Y": 26.0
            },
            "Scale": {
              "ScaleX": 1.0,
              "ScaleY": 1.0
            },
            "CColor": {},
            "IconVisible": false,
            "PositionPercentXEnabled": true,
            "PrePosition": {
              "X": 0.5,
              "Y": 0.0361
            },
            "PreSize": {
              "X": 0.9375,
              "Y": 0.8056
            },
            "LeftMargin": 40.0,
            "RightMargin": 40.0,
            "TopMargin": 114.0,
            "BottomMargin": 26.0,
            "Tag": 638,
            "ActionTag": 447452536,
            "Size": {
              "X": 1200.0,
              "Y": 580.0
            },
            "Name": "scrollview",
            "ctype": "PanelObjectData"
          },
          {
            "FontSize": 50,
            "LabelText": "暂无战绩, 快去喊小伙伴一起玩吧 :)",
            "FontResource": {
              "Type": "Normal",
              "Path": "image/fonts/FZZY.TTF",
              "Plist": ""
            },
            "HorizontalAlignmentType": "HT_Center",
            "VerticalAlignmentType": "VT_Center",
            "OutlineColor": {
              "R": 0,
              "G": 0,
              "B": 0
            },
            "OutlineEnabled": true,
            "ShadowColor": {
              "R": 110,
              "G": 110,
              "B": 110
            },
            "ShadowOffsetX": 2.0,
            "ShadowOffsetY": -2.0,
            "AnchorPoint": {
              "ScaleX": 0.5,
              "ScaleY": 0.5
            },
            "Position": {
              "X": 640.0,
              "Y": 294.6008
            },
            "Scale": {
              "ScaleX": 1.0,
              "ScaleY": 1.0
            },
            "CColor": {
              "G": 246,
              "B": 70
            },
            "IconVisible": false,
            "PositionPercentXEnabled": true,
            "PrePosition": {
              "X": 0.5,
              "Y": 0.4092
            },
            "PreSize": {
              "X": 0.5977,
              "Y": 0.0819
            },
            "LeftMargin": 257.5,
            "RightMargin": 257.5,
            "TopMargin": 395.8992,
            "BottomMargin": 265.1008,
            "Tag": 363,
            "ActionTag": 1679804034,
            "Size": {
              "X": 765.0,
              "Y": 59.0
            },
            "Name": "lb_nozhanji",
            "ctype": "TextObjectData"
          },
          {
            "FileData": {
              "Type": "Normal",
              "Path": "image/ui/history/history_see.png",
              "Plist": ""
            },
            "BlendFunc": {
              "Src": 1,
              "Dst": 771
            },
            "AnchorPoint": {
              "ScaleX": 0.5,
              "ScaleY": 0.5
            },
            "Position": {
              "X": 1034.1567,
              "Y": 658.6056
            },
            "Scale": {
              "ScaleX": 1.0,
              "ScaleY": 1.0
            },
            "CColor": {},
            "IconVisible": false,
            "PrePosition": {
              "X": 0.8079,
              "Y": 0.9147
            },
            "PreSize": {
              "X": 0.1531,
              "Y": 0.0847
            },
            "LeftMargin": 936.1567,
            "RightMargin": 147.8433,
            "TopMargin": 30.8944,
            "BottomMargin": 628.1056,
            "Tag": 230,
            "ActionTag": 2073311115,
            "Size": {
              "X": 196.0,
              "Y": 61.0
            },
            "Name": "btOthers",
            "ctype": "SpriteObjectData"
          },
          {
            "IsBounceEnabled": true,
            "InnerNodeSize": {
              "Width": 1100,
              "Height": 100
            },
            "ScrollDirectionType": "Horizontal",
            "ClipAble": true,
            "BackColorAlpha": 102,
            "SingleColor": {
              "G": 150,
              "B": 100
            },
            "FirstColor": {
              "G": 150,
              "B": 100
            },
            "EndColor": {},
            "ColorVector": {
              "ScaleY": 1.0
            },
            "TouchEnable": true,
            "AnchorPoint": {},
            "Position": {
              "X": 15.0,
              "Y": 620.0
            },
            "Scale": {
              "ScaleX": 1.0,
              "ScaleY": 1.0
            },
            "CColor": {},
            "IconVisible": false,
            "PrePosition": {
              "X": 0.0117,
              "Y": 0.8611
            },
            "PreSize": {
              "X": 0.6875,
              "Y": 0.1389
            },
            "LeftMargin": 15.0,
            "RightMargin": 385.0,
            "BottomMargin": 620.0,
            "Tag": 350,
            "Children": [
              {
                "FileData": {
                  "Type": "Normal",
                  "Path": "image/ui/history/his_down.png",
                  "Plist": ""
                },
                "BlendFunc": {
                  "Src": 1,
                  "Dst": 771
                },
                "AnchorPoint": {
                  "ScaleX": 0.5,
                  "ScaleY": 0.5
                },
                "Position": {
                  "X": 977.8007,
                  "Y": 40.0
                },
                "Scale": {
                  "ScaleX": 1.0,
                  "ScaleY": 1.0
                },
                "CColor": {},
                "IconVisible": false,
                "PrePosition": {
                  "X": 0.8889,
                  "Y": 0.4
                },
                "PreSize": {
                  "X": 0.2182,
                  "Y": 0.65
                },
                "LeftMargin": 857.8007,
                "RightMargin": 2.1992,
                "TopMargin": 27.5,
                "BottomMargin": 7.5,
                "Tag": 346,
                "Children": [
                  {
                    "FileData": {
                      "Type": "Normal",
                      "Path": "image/ui/history/his_epz.png",
                      "Plist": ""
                    },
                    "BlendFunc": {
                      "Src": 1,
                      "Dst": 771
                    },
                    "AnchorPoint": {
                      "ScaleX": 0.5,
                      "ScaleY": 0.5
                    },
                    "Position": {
                      "X": 120.0,
                      "Y": 32.5
                    },
                    "Scale": {
                      "ScaleX": 0.9,
                      "ScaleY": 0.9
                    },
                    "CColor": {},
                    "IconVisible": false,
                    "PositionPercentXEnabled": true,
                    "PositionPercentYEnabled": true,
                    "PrePosition": {
                      "X": 0.5,
                      "Y": 0.5
                    },
                    "PreSize": {
                      "X": 0.6417,
                      "Y": 0.6154
                    },
                    "LeftMargin": 43.0,
                    "RightMargin": 43.0,
                    "TopMargin": 12.5,
                    "BottomMargin": 12.5,
                    "Tag": 347,
                    "ActionTag": 569104805,
                    "Size": {
                      "X": 154.0,
                      "Y": 40.0
                    },
                    "Name": "txt",
                    "ctype": "SpriteObjectData"
                  },
                  {
                    "FileData": {
                      "Type": "Normal",
                      "Path": "image/ui/history/his_on.png",
                      "Plist": ""
                    },
                    "BlendFunc": {
                      "Src": 1,
                      "Dst": 771
                    },
                    "AnchorPoint": {
                      "ScaleX": 0.5,
                      "ScaleY": 0.5
                    },
                    "Position": {
                      "X": 120.0,
                      "Y": 25.35
                    },
                    "Scale": {
                      "ScaleX": 1.0,
                      "ScaleY": 1.0
                    },
                    "CColor": {},
                    "IconVisible": false,
                    "PositionPercentXEnabled": true,
                    "PositionPercentYEnabled": true,
                    "PrePosition": {
                      "X": 0.5,
                      "Y": 0.39
                    },
                    "PreSize": {
                      "X": 0.9833,
                      "Y": 1.1846
                    },
                    "LeftMargin": 2.0,
                    "RightMargin": 2.0,
                    "TopMargin": 1.15,
                    "BottomMargin": -13.15,
                    "Tag": 348,
                    "Children": [
                      {
                        "FileData": {
                          "Type": "Normal",
                          "Path": "image/ui/history/his_epz1.png",
                          "Plist": ""
                        },
                        "BlendFunc": {
                          "Src": 1,
                          "Dst": 771
                        },
                        "AnchorPoint": {
                          "ScaleX": 0.5,
                          "ScaleY": 0.5
                        },
                        "Position": {
                          "X": 118.0,
                          "Y": 38.5
                        },
                        "Scale": {
                          "ScaleX": 0.9,
                          "ScaleY": 0.9
                        },
                        "CColor": {},
                        "IconVisible": false,
                        "PositionPercentXEnabled": true,
                        "PositionPercentYEnabled": true,
                        "PrePosition": {
                          "X": 0.5,
                          "Y": 0.5
                        },
                        "PreSize": {
                          "X": 0.6525,
                          "Y": 0.5195
                        },
                        "LeftMargin": 41.0,
                        "RightMargin": 41.0,
                        "TopMargin": 18.5,
                        "BottomMargin": 18.5,
                        "Tag": 349,
                        "ActionTag": -1849712351,
                        "Size": {
                          "X": 154.0,
                          "Y": 40.0
                        },
                        "Name": "txt",
                        "ctype": "SpriteObjectData"
                      }
                    ],
                    "ActionTag": -319891310,
                    "Size": {
                      "X": 236.0,
                      "Y": 77.0
                    },
                    "Name": "on",
                    "ctype": "SpriteObjectData"
                  }
                ],
                "ActionTag": -28451328,
                "Size": {
                  "X": 240.0,
                  "Y": 65.0
                },
                "Name": "btn_6",
                "ctype": "SpriteObjectData"
              },
              {
                "FileData": {
                  "Type": "Normal",
                  "Path": "image/ui/history/his_down.png",
                  "Plist": ""
                },
                "BlendFunc": {
                  "Src": 1,
                  "Dst": 771
                },
                "AnchorPoint": {
                  "ScaleX": 0.5,
                  "ScaleY": 0.5
                },
                "Position": {
                  "X": 812.9048,
                  "Y": 40.0
                },
                "Scale": {
                  "ScaleX": 1.0,
                  "ScaleY": 1.0
                },
                "CColor": {},
                "IconVisible": false,
                "PrePosition": {
                  "X": 0.739,
                  "Y": 0.4
                },
                "PreSize": {
                  "X": 0.2182,
                  "Y": 0.65
                },
                "LeftMargin": 692.9048,
                "RightMargin": 167.0952,
                "TopMargin": 27.5,
                "BottomMargin": 7.5,
                "Tag": 318,
                "Children": [
                  {
                    "FileData": {
                      "Type": "Normal",
                      "Path": "image/ui/history/his_kk.png",
                      "Plist": ""
                    },
                    "BlendFunc": {
                      "Src": 1,
                      "Dst": 771
                    },
                    "AnchorPoint": {
                      "ScaleX": 0.5,
                      "ScaleY": 0.5
                    },
                    "Position": {
                      "X": 120.0,
                      "Y": 32.5
                    },
                    "Scale": {
                      "ScaleX": 1.0,
                      "ScaleY": 1.0
                    },
                    "CColor": {},
                    "IconVisible": false,
                    "PositionPercentXEnabled": true,
                    "PositionPercentYEnabled": true,
                    "PrePosition": {
                      "X": 0.5,
                      "Y": 0.5
                    },
                    "PreSize": {
                      "X": 0.5417,
                      "Y": 0.5385
                    },
                    "LeftMargin": 55.0,
                    "RightMargin": 55.0,
                    "TopMargin": 15.0,
                    "BottomMargin": 15.0,
                    "Tag": 469,
                    "ActionTag": -1245523020,
                    "Size": {
                      "X": 130.0,
                      "Y": 35.0
                    },
                    "Name": "txt",
                    "ctype": "SpriteObjectData"
                  },
                  {
                    "FileData": {
                      "Type": "Normal",
                      "Path": "image/ui/history/his_on.png",
                      "Plist": ""
                    },
                    "BlendFunc": {
                      "Src": 1,
                      "Dst": 771
                    },
                    "AnchorPoint": {
                      "ScaleX": 0.5,
                      "ScaleY": 0.5
                    },
                    "Position": {
                      "X": 120.0,
                      "Y": 25.35
                    },
                    "Scale": {
                      "ScaleX": 1.0,
                      "ScaleY": 1.0
                    },
                    "CColor": {},
                    "IconVisible": false,
                    "PositionPercentXEnabled": true,
                    "PositionPercentYEnabled": true,
                    "PrePosition": {
                      "X": 0.5,
                      "Y": 0.39
                    },
                    "PreSize": {
                      "X": 0.9833,
                      "Y": 1.1846
                    },
                    "LeftMargin": 2.0,
                    "RightMargin": 2.0,
                    "TopMargin": 1.15,
                    "BottomMargin": -13.15,
                    "Tag": 470,
                    "Children": [
                      {
                        "FileData": {
                          "Type": "Normal",
                          "Path": "image/ui/history/his_kk1.png",
                          "Plist": ""
                        },
                        "BlendFunc": {
                          "Src": 1,
                          "Dst": 771
                        },
                        "AnchorPoint": {
                          "ScaleX": 0.5,
                          "ScaleY": 0.5
                        },
                        "Position": {
                          "X": 118.0,
                          "Y": 38.5
                        },
                        "Scale": {
                          "ScaleX": 1.0,
                          "ScaleY": 1.0
                        },
                        "CColor": {},
                        "IconVisible": false,
                        "PositionPercentXEnabled": true,
                        "PositionPercentYEnabled": true,
                        "PrePosition": {
                          "X": 0.5,
                          "Y": 0.5
                        },
                        "PreSize": {
                          "X": 0.5508,
                          "Y": 0.4545
                        },
                        "LeftMargin": 53.0,
                        "RightMargin": 53.0,
                        "TopMargin": 21.0,
                        "BottomMargin": 21.0,
                        "Tag": 471,
                        "ActionTag": 2014313524,
                        "Size": {
                          "X": 130.0,
                          "Y": 35.0
                        },
                        "Name": "txt",
                        "ctype": "SpriteObjectData"
                      }
                    ],
                    "ActionTag": -513694895,
                    "Size": {
                      "X": 236.0,
                      "Y": 77.0
                    },
                    "Name": "on",
                    "ctype": "SpriteObjectData"
                  }
                ],
                "ActionTag": -981299045,
                "Size": {
                  "X": 240.0,
                  "Y": 65.0
                },
                "Name": "btn_5",
                "ctype": "SpriteObjectData"
              },
              {
                "FileData": {
                  "Type": "Normal",
                  "Path": "image/ui/history/his_down.png",
                  "Plist": ""
                },
                "BlendFunc": {
                  "Src": 1,
                  "Dst": 771
                },
                "AnchorPoint": {
                  "ScaleX": 0.5,
                  "ScaleY": 0.5
                },
                "Position": {
                  "X": 643.976,
                  "Y": 40.0
                },
                "Scale": {
                  "ScaleX": 1.0,
                  "ScaleY": 1.0
                },
                "CColor": {},
                "IconVisible": false,
                "PrePosition": {
                  "X": 0.5854,
                  "Y": 0.4
                },
                "PreSize": {
                  "X": 0.2182,
                  "Y": 0.65
                },
                "LeftMargin": 523.976,
                "RightMargin": 336.024,
                "TopMargin": 27.5,
                "BottomMargin": 7.5,
                "Tag": 1561,
                "Children": [
                  {
                    "FileData": {
                      "Type": "Normal",
                      "Path": "image/ui/history/his_psz.png",
                      "Plist": ""
                    },
                    "BlendFunc": {
                      "Src": 1,
                      "Dst": 771
                    },
                    "AnchorPoint": {
                      "ScaleX": 0.5,
                      "ScaleY": 0.5
                    },
                    "Position": {
                      "X": 120.0,
                      "Y": 32.5
                    },
                    "Scale": {
                      "ScaleX": 1.0,
                      "ScaleY": 1.0
                    },
                    "CColor": {},
                    "IconVisible": false,
                    "PositionPercentXEnabled": true,
                    "PositionPercentYEnabled": true,
                    "PrePosition": {
                      "X": 0.5,
                      "Y": 0.5
                    },
                    "PreSize": {
                      "X": 0.4083,
                      "Y": 0.5385
                    },
                    "LeftMargin": 71.0,
                    "RightMargin": 71.0,
                    "TopMargin": 15.0,
                    "BottomMargin": 15.0,
                    "Tag": 466,
                    "ActionTag": 1587075187,
                    "Size": {
                      "X": 98.0,
                      "Y": 35.0
                    },
                    "Name": "txt",
                    "ctype": "SpriteObjectData"
                  },
                  {
                    "FileData": {
                      "Type": "Normal",
                      "Path": "image/ui/history/his_on.png",
                      "Plist": ""
                    },
                    "BlendFunc": {
                      "Src": 1,
                      "Dst": 771
                    },
                    "AnchorPoint": {
                      "ScaleX": 0.5,
                      "ScaleY": 0.5
                    },
                    "Position": {
                      "X": 120.0,
                      "Y": 25.35
                    },
                    "Scale": {
                      "ScaleX": 1.0,
                      "ScaleY": 1.0
                    },
                    "CColor": {},
                    "IconVisible": false,
                    "PositionPercentXEnabled": true,
                    "PositionPercentYEnabled": true,
                    "PrePosition": {
                      "X": 0.5,
                      "Y": 0.39
                    },
                    "PreSize": {
                      "X": 0.9833,
                      "Y": 1.1846
                    },
                    "LeftMargin": 2.0,
                    "RightMargin": 2.0,
                    "TopMargin": 1.15,
                    "BottomMargin": -13.15,
                    "Tag": 467,
                    "Children": [
                      {
                        "FileData": {
                          "Type": "Normal",
                          "Path": "image/ui/history/his_psz1.png",
                          "Plist": ""
                        },
                        "BlendFunc": {
                          "Src": 1,
                          "Dst": 771
                        },
                        "AnchorPoint": {
                          "ScaleX": 0.5,
                          "ScaleY": 0.5
                        },
                        "Position": {
                          "X": 118.0,
                          "Y": 38.5
                        },
                        "Scale": {
                          "ScaleX": 1.0,
                          "ScaleY": 1.0
                        },
                        "CColor": {},
                        "IconVisible": false,
                        "PositionPercentXEnabled": true,
                        "PositionPercentYEnabled": true,
                        "PrePosition": {
                          "X": 0.5,
                          "Y": 0.5
                        },
                        "PreSize": {
                          "X": 0.4153,
                          "Y": 0.4545
                        },
                        "LeftMargin": 69.0,
                        "RightMargin": 69.0,
                        "TopMargin": 21.0,
                        "BottomMargin": 21.0,
                        "Tag": 468,
                        "ActionTag": 331765645,
                        "Size": {
                          "X": 98.0,
                          "Y": 35.0
                        },
                        "Name": "txt",
                        "ctype": "SpriteObjectData"
                      }
                    ],
                    "ActionTag": 291875929,
                    "Size": {
                      "X": 236.0,
                      "Y": 77.0
                    },
                    "Name": "on",
                    "ctype": "SpriteObjectData"
                  }
                ],
                "ActionTag": -994465525,
                "Size": {
                  "X": 240.0,
                  "Y": 65.0
                },
                "Name": "btn_4",
                "ctype": "SpriteObjectData"
              },
              {
                "FileData": {
                  "Type": "Normal",
                  "Path": "image/ui/history/his_down.png",
                  "Plist": ""
                },
                "BlendFunc": {
                  "Src": 1,
                  "Dst": 771
                },
                "AnchorPoint": {
                  "ScaleX": 0.5,
                  "ScaleY": 0.5
                },
                "Position": {
                  "X": 475.0801,
                  "Y": 40.0
                },
                "Scale": {
                  "ScaleX": 1.0,
                  "ScaleY": 1.0
                },
                "CColor": {},
                "IconVisible": false,
                "PrePosition": {
                  "X": 0.4319,
                  "Y": 0.4
                },
                "PreSize": {
                  "X": 0.2182,
                  "Y": 0.65
                },
                "LeftMargin": 355.0801,
                "RightMargin": 504.9199,
                "TopMargin": 27.5,
                "BottomMargin": 7.5,
                "Tag": 1560,
                "Children": [
                  {
                    "FileData": {
                      "Type": "Normal",
                      "Path": "image/ui/history/his_pdk.png",
                      "Plist": ""
                    },
                    "BlendFunc": {
                      "Src": 1,
                      "Dst": 771
                    },
                    "AnchorPoint": {
                      "ScaleX": 0.5,
                      "ScaleY": 0.5
                    },
                    "Position": {
                      "X": 120.0,
                      "Y": 32.5
                    },
                    "Scale": {
                      "ScaleX": 1.0,
                      "ScaleY": 1.0
                    },
                    "CColor": {},
                    "IconVisible": false,
                    "PositionPercentXEnabled": true,
                    "PositionPercentYEnabled": true,
                    "PrePosition": {
                      "X": 0.5,
                      "Y": 0.5
                    },
                    "PreSize": {
                      "X": 0.4083,
                      "Y": 0.5385
                    },
                    "LeftMargin": 71.0,
                    "RightMargin": 71.0,
                    "TopMargin": 15.0,
                    "BottomMargin": 15.0,
                    "Tag": 463,
                    "ActionTag": -1426164006,
                    "Size": {
                      "X": 98.0,
                      "Y": 35.0
                    },
                    "Name": "txt",
                    "ctype": "SpriteObjectData"
                  },
                  {
                    "FileData": {
                      "Type": "Normal",
                      "Path": "image/ui/history/his_on.png",
                      "Plist": ""
                    },
                    "BlendFunc": {
                      "Src": 1,
                      "Dst": 771
                    },
                    "AnchorPoint": {
                      "ScaleX": 0.5,
                      "ScaleY": 0.5
                    },
                    "Position": {
                      "X": 120.0,
                      "Y": 25.35
                    },
                    "Scale": {
                      "ScaleX": 1.0,
                      "ScaleY": 1.0
                    },
                    "CColor": {},
                    "IconVisible": false,
                    "PositionPercentXEnabled": true,
                    "PositionPercentYEnabled": true,
                    "PrePosition": {
                      "X": 0.5,
                      "Y": 0.39
                    },
                    "PreSize": {
                      "X": 0.9833,
                      "Y": 1.1846
                    },
                    "LeftMargin": 2.0,
                    "RightMargin": 2.0,
                    "TopMargin": 1.15,
                    "BottomMargin": -13.15,
                    "Tag": 464,
                    "Children": [
                      {
                        "FileData": {
                          "Type": "Normal",
                          "Path": "image/ui/history/his_pdk1.png",
                          "Plist": ""
                        },
                        "BlendFunc": {
                          "Src": 1,
                          "Dst": 771
                        },
                        "AnchorPoint": {
                          "ScaleX": 0.5,
                          "ScaleY": 0.5
                        },
                        "Position": {
                          "X": 118.0,
                          "Y": 38.5
                        },
                        "Scale": {
                          "ScaleX": 1.0,
                          "ScaleY": 1.0
                        },
                        "CColor": {},
                        "IconVisible": false,
                        "PositionPercentXEnabled": true,
                        "PositionPercentYEnabled": true,
                        "PrePosition": {
                          "X": 0.5,
                          "Y": 0.5
                        },
                        "PreSize": {
                          "X": 0.4153,
                          "Y": 0.4545
                        },
                        "LeftMargin": 69.0,
                        "RightMargin": 69.0,
                        "TopMargin": 21.0,
                        "BottomMargin": 21.0,
                        "Tag": 465,
                        "ActionTag": -67323321,
                        "Size": {
                          "X": 98.0,
                          "Y": 35.0
                        },
                        "Name": "txt",
                        "ctype": "SpriteObjectData"
                      }
                    ],
                    "ActionTag": -1999564392,
                    "Size": {
                      "X": 236.0,
                      "Y": 77.0
                    },
                    "Name": "on",
                    "ctype": "SpriteObjectData"
                  }
                ],
                "ActionTag": -2137349528,
                "Size": {
                  "X": 240.0,
                  "Y": 65.0
                },
                "Name": "btn_3",
                "ctype": "SpriteObjectData"
              },
              {
                "FileData": {
                  "Type": "Normal",
                  "Path": "image/ui/history/his_down.png",
                  "Plist": ""
                },
                "BlendFunc": {
                  "Src": 1,
                  "Dst": 771
                },
                "AnchorPoint": {
                  "ScaleX": 0.5,
                  "ScaleY": 0.5
                },
                "Position": {
                  "X": 302.73,
                  "Y": 40.0
                },
                "Scale": {
                  "ScaleX": 1.0,
                  "ScaleY": 1.0
                },
                "CColor": {},
                "IconVisible": false,
                "PrePosition": {
                  "X": 0.2752,
                  "Y": 0.4
                },
                "PreSize": {
                  "X": 0.2182,
                  "Y": 0.65
                },
                "LeftMargin": 182.73,
                "RightMargin": 677.27,
                "TopMargin": 27.5,
                "BottomMargin": 7.5,
                "Tag": 1440,
                "Children": [
                  {
                    "FileData": {
                      "Type": "Normal",
                      "Path": "image/ui/history/his_mj.png",
                      "Plist": ""
                    },
                    "BlendFunc": {
                      "Src": 1,
                      "Dst": 771
                    },
                    "AnchorPoint": {
                      "ScaleX": 0.5,
                      "ScaleY": 0.5
                    },
                    "Position": {
                      "X": 120.0,
                      "Y": 32.5
                    },
                    "Scale": {
                      "ScaleX": 1.0,
                      "ScaleY": 1.0
                    },
                    "CColor": {},
                    "IconVisible": false,
                    "PositionPercentXEnabled": true,
                    "PositionPercentYEnabled": true,
                    "PrePosition": {
                      "X": 0.5,
                      "Y": 0.5
                    },
                    "PreSize": {
                      "X": 0.5417,
                      "Y": 0.5385
                    },
                    "LeftMargin": 55.0,
                    "RightMargin": 55.0,
                    "TopMargin": 15.0,
                    "BottomMargin": 15.0,
                    "Tag": 460,
                    "ActionTag": -918635521,
                    "Size": {
                      "X": 130.0,
                      "Y": 35.0
                    },
                    "Name": "txt",
                    "ctype": "SpriteObjectData"
                  },
                  {
                    "FileData": {
                      "Type": "Normal",
                      "Path": "image/ui/history/his_on.png",
                      "Plist": ""
                    },
                    "BlendFunc": {
                      "Src": 1,
                      "Dst": 771
                    },
                    "AnchorPoint": {
                      "ScaleX": 0.5,
                      "ScaleY": 0.5
                    },
                    "Position": {
                      "X": 120.0,
                      "Y": 25.35
                    },
                    "Scale": {
                      "ScaleX": 1.0,
                      "ScaleY": 1.0
                    },
                    "CColor": {},
                    "IconVisible": false,
                    "PositionPercentXEnabled": true,
                    "PositionPercentYEnabled": true,
                    "PrePosition": {
                      "X": 0.5,
                      "Y": 0.39
                    },
                    "PreSize": {
                      "X": 0.9833,
                      "Y": 1.1846
                    },
                    "LeftMargin": 2.0,
                    "RightMargin": 2.0,
                    "TopMargin": 1.15,
                    "BottomMargin": -13.15,
                    "Tag": 461,
                    "Children": [
                      {
                        "FileData": {
                          "Type": "Normal",
                          "Path": "image/ui/history/his_mj1.png",
                          "Plist": ""
                        },
                        "BlendFunc": {
                          "Src": 1,
                          "Dst": 771
                        },
                        "AnchorPoint": {
                          "ScaleX": 0.5,
                          "ScaleY": 0.5
                        },
                        "Position": {
                          "X": 118.0,
                          "Y": 38.5
                        },
                        "Scale": {
                          "ScaleX": 1.0,
                          "ScaleY": 1.0
                        },
                        "CColor": {},
                        "IconVisible": false,
                        "PositionPercentXEnabled": true,
                        "PositionPercentYEnabled": true,
                        "PrePosition": {
                          "X": 0.5,
                          "Y": 0.5
                        },
                        "PreSize": {
                          "X": 0.5508,
                          "Y": 0.4545
                        },
                        "LeftMargin": 53.0,
                        "RightMargin": 53.0,
                        "TopMargin": 21.0,
                        "BottomMargin": 21.0,
                        "Tag": 462,
                        "ActionTag": -689858386,
                        "Size": {
                          "X": 130.0,
                          "Y": 35.0
                        },
                        "Name": "txt",
                        "ctype": "SpriteObjectData"
                      }
                    ],
                    "ActionTag": -2080946820,
                    "Size": {
                      "X": 236.0,
                      "Y": 77.0
                    },
                    "Name": "on",
                    "ctype": "SpriteObjectData"
                  }
                ],
                "ActionTag": 544443821,
                "Size": {
                  "X": 240.0,
                  "Y": 65.0
                },
                "Name": "btn_2",
                "ctype": "SpriteObjectData"
              },
              {
                "FileData": {
                  "Type": "Normal",
                  "Path": "image/ui/history/his_down.png",
                  "Plist": ""
                },
                "BlendFunc": {
                  "Src": 1,
                  "Dst": 771
                },
                "AnchorPoint": {
                  "ScaleX": 0.5,
                  "ScaleY": 0.5
                },
                "Position": {
                  "X": 130.0,
                  "Y": 40.0
                },
                "Scale": {
                  "ScaleX": 1.0,
                  "ScaleY": 1.0
                },
                "CColor": {},
                "IconVisible": false,
                "PrePosition": {
                  "X": 0.1182,
                  "Y": 0.4
                },
                "PreSize": {
                  "X": 0.2182,
                  "Y": 0.65
                },
                "LeftMargin": 10.0,
                "RightMargin": 850.0,
                "TopMargin": 27.5,
                "BottomMargin": 7.5,
                "Tag": 732,
                "Children": [
                  {
                    "FileData": {
                      "Type": "Normal",
                      "Path": "image/ui/history/his_nn.png",
                      "Plist": ""
                    },
                    "BlendFunc": {
                      "Src": 1,
                      "Dst": 771
                    },
                    "AnchorPoint": {
                      "ScaleX": 0.5,
                      "ScaleY": 0.5
                    },
                    "Position": {
                      "X": 120.0,
                      "Y": 32.5
                    },
                    "Scale": {
                      "ScaleX": 1.0,
                      "ScaleY": 1.0
                    },
                    "CColor": {},
                    "IconVisible": false,
                    "PositionPercentXEnabled": true,
                    "PositionPercentYEnabled": true,
                    "PrePosition": {
                      "X": 0.5,
                      "Y": 0.5
                    },
                    "PreSize": {
                      "X": 0.5417,
                      "Y": 0.5231
                    },
                    "LeftMargin": 55.0,
                    "RightMargin": 55.0,
                    "TopMargin": 15.5,
                    "BottomMargin": 15.5,
                    "Tag": 457,
                    "ActionTag": -1500341017,
                    "Size": {
                      "X": 130.0,
                      "Y": 34.0
                    },
                    "Name": "txt",
                    "ctype": "SpriteObjectData"
                  },
                  {
                    "FileData": {
                      "Type": "Normal",
                      "Path": "image/ui/history/his_on.png",
                      "Plist": ""
                    },
                    "BlendFunc": {
                      "Src": 1,
                      "Dst": 771
                    },
                    "AnchorPoint": {
                      "ScaleX": 0.5,
                      "ScaleY": 0.5
                    },
                    "Position": {
                      "X": 120.0,
                      "Y": 25.35
                    },
                    "Scale": {
                      "ScaleX": 1.0,
                      "ScaleY": 1.0
                    },
                    "CColor": {},
                    "IconVisible": false,
                    "PositionPercentXEnabled": true,
                    "PositionPercentYEnabled": true,
                    "PrePosition": {
                      "X": 0.5,
                      "Y": 0.39
                    },
                    "PreSize": {
                      "X": 0.9833,
                      "Y": 1.1846
                    },
                    "LeftMargin": 2.0,
                    "RightMargin": 2.0,
                    "TopMargin": 1.15,
                    "BottomMargin": -13.15,
                    "Tag": 459,
                    "Children": [
                      {
                        "FileData": {
                          "Type": "Normal",
                          "Path": "image/ui/history/his_nn1.png",
                          "Plist": ""
                        },
                        "BlendFunc": {
                          "Src": 1,
                          "Dst": 771
                        },
                        "AnchorPoint": {
                          "ScaleX": 0.5,
                          "ScaleY": 0.5
                        },
                        "Position": {
                          "X": 118.0,
                          "Y": 38.5
                        },
                        "Scale": {
                          "ScaleX": 1.0,
                          "ScaleY": 1.0
                        },
                        "CColor": {},
                        "IconVisible": false,
                        "PositionPercentXEnabled": true,
                        "PositionPercentYEnabled": true,
                        "PrePosition": {
                          "X": 0.5,
                          "Y": 0.5
                        },
                        "PreSize": {
                          "X": 0.5508,
                          "Y": 0.4416
                        },
                        "LeftMargin": 53.0,
                        "RightMargin": 53.0,
                        "TopMargin": 21.5,
                        "BottomMargin": 21.5,
                        "Tag": 458,
                        "ActionTag": -627993678,
                        "Size": {
                          "X": 130.0,
                          "Y": 34.0
                        },
                        "Name": "txt",
                        "ctype": "SpriteObjectData"
                      }
                    ],
                    "ActionTag": 1709815055,
                    "Size": {
                      "X": 236.0,
                      "Y": 77.0
                    },
                    "Name": "on",
                    "ctype": "SpriteObjectData"
                  }
                ],
                "ActionTag": 272557942,
                "Size": {
                  "X": 240.0,
                  "Y": 65.0
                },
                "Name": "btn_1",
                "ctype": "SpriteObjectData"
              }
            ],
            "ActionTag": 85124274,
            "Size": {
              "X": 880.0,
              "Y": 100.0
            },
            "Name": "btn_scroll",
            "ctype": "ScrollViewObjectData"
          },
          {
            "FileData": {
              "Type": "Normal",
              "Path": "appCommon/fydp/common/room_close.png",
              "Plist": ""
            },
            "BlendFunc": {
              "Src": 1,
              "Dst": 771
            },
            "AnchorPoint": {
              "ScaleX": 0.5,
              "ScaleY": 0.5
            },
            "Position": {
              "X": 1202.9463,
              "Y": 665.3513
            },
            "Scale": {
              "ScaleX": 1.0,
              "ScaleY": 1.0
            },
            "CColor": {},
            "IconVisible": false,
            "PrePosition": {
              "X": 0.9398,
              "Y": 0.9241
            },
            "PreSize": {
              "X": 0.0672,
              "Y": 0.1167
            },
            "LeftMargin": 1159.9463,
            "RightMargin": 34.0537,
            "TopMargin": 12.6487,
            "BottomMargin": 623.3513,
            "Tag": 708,
            "ActionTag": 1137201569,
            "Size": {
              "X": 86.0,
              "Y": 84.0
            },
            "Name": "btn_back",
            "ctype": "SpriteObjectData"
          }
        ],
        "Size": {
          "X": 1280.0,
          "Y": 720.0
        },
        "Name": "Layer",
        "ctype": "LayerObjectData"
      },
      "UsedResources": [
        "../../appCommon/fydp/common/room_close.png",
        "../../image/fonts/FZZY.TTF",
        "../../image/ui/history/his_down.png",
        "../../image/ui/history/his_epz.png",
        "../../image/ui/history/his_epz1.png",
        "../../image/ui/history/his_kk.png",
        "../../image/ui/history/his_kk1.png",
        "../../image/ui/history/his_mj.png",
        "../../image/ui/history/his_mj1.png",
        "../../image/ui/history/his_nn.png",
        "../../image/ui/history/his_nn1.png",
        "../../image/ui/history/his_on.png",
        "../../image/ui/history/his_pdk.png",
        "../../image/ui/history/his_pdk1.png",
        "../../image/ui/history/his_psz.png",
        "../../image/ui/history/his_psz1.png",
        "../../image/ui/history/history_cell3.png",
        "../../image/ui/history/history_see.png",
        "../../image/ui/room2/bg_big.jpg"
      ],
      "ctype": "GameFileData"
    }
  },
  "Type": "Layer"
}