{
  "ID": "65c0b587-53b3-4fd3-989a-4f49e5fab127",
  "Version": "2.3.4",
  "Name": "ZhanjiHuiFang",
  "Content": {
    "Content": {
      "Animation": {
        "Duration": 0,
        "Speed": 1.0,
        "Timelines": [],
        "ctype": "TimelineActionData"
      },
      "AnimationList": [],
      "ObjectData": {
        "Children": [
          {
            "ClipAble": false,
            "BackColorAlpha": 127,
            "ComboBoxIndex": 1,
            "SingleColor": {
              "R": 0,
              "G": 0,
              "B": 0
            },
            "FirstColor": {
              "R": 150,
              "G": 200
            },
            "EndColor": {},
            "ColorVector": {
              "ScaleY": 1.0
            },
            "Scale9Width": 1,
            "Scale9Height": 1,
            "TouchEnable": true,
            "AnchorPoint": {},
            "Position": {
              "X": 0.0,
              "Y": 0.0
            },
            "Scale": {
              "ScaleX": 1.0,
              "ScaleY": 1.0
            },
            "CColor": {},
            "IconVisible": false,
            "PositionPercentXEnabled": true,
            "PositionPercentYEnabled": true,
            "PrePosition": {
              "X": 0.0,
              "Y": 0.0
            },
            "PreSize": {
              "X": 1.0,
              "Y": 1.0
            },
            "Tag": 960,
            "Children": [
              {
                "FileData": {
                  "Type": "Normal",
                  "Path": "image/ui/room2/bg_join.png",
                  "Plist": ""
                },
                "BlendFunc": {
                  "Src": 1,
                  "Dst": 771
                },
                "AnchorPoint": {
                  "ScaleX": 0.5,
                  "ScaleY": 0.5
                },
                "Position": {
                  "X": 640.0,
                  "Y": 357.6599
                },
                "Scale": {
                  "ScaleX": 1.0,
                  "ScaleY": -1.0
                },
                "RotationSkewX": 180.0,
                "RotationSkewY": 180.0,
                "CColor": {},
                "IconVisible": false,
                "PositionPercentXEnabled": true,
                "PrePosition": {
                  "X": 0.5,
                  "Y": 0.4967
                },
                "PreSize": {
                  "X": 0.7172,
                  "Y": 0.9125
                },
                "LeftMargin": 181.0,
                "RightMargin": 181.0,
                "TopMargin": 33.8401,
                "BottomMargin": 29.1599,
                "Tag": 351,
                "ActionTag": -1792057392,
                "Size": {
                  "X": 918.0,
                  "Y": 657.0
                },
                "Name": "bg",
                "ctype": "SpriteObjectData"
              }
            ],
            "ActionTag": 1992314979,
            "Size": {
              "X": 1280.0,
              "Y": 720.0
            },
            "Name": "root",
            "ctype": "PanelObjectData"
          },
          {
            "AnchorPoint": {},
            "Position": {
              "X": 162.0,
              "Y": 29.191
            },
            "Scale": {
              "ScaleX": 1.0,
              "ScaleY": 1.0
            },
            "CColor": {},
            "IconVisible": true,
            "PrePosition": {
              "X": 0.1266,
              "Y": 0.0405
            },
            "PreSize": {
              "X": 0.0,
              "Y": 0.0
            },
            "LeftMargin": 162.0,
            "RightMargin": 1118.0,
            "TopMargin": 690.809,
            "BottomMargin": 29.191,
            "Tag": 946,
            "ActionTag": -65314743,
            "Size": {
              "X": 0.0,
              "Y": 0.0
            },
            "Name": "jian",
            "ctype": "SingleNodeObjectData"
          },
          {
            "FileData": {
              "Type": "Normal",
              "Path": "image/ui/room2/room2_numbg.png",
              "Plist": ""
            },
            "Scale9Enable": true,
            "Scale9OriginX": 28,
            "Scale9OriginY": 28,
            "Scale9Width": 14,
            "Scale9Height": 25,
            "AnchorPoint": {
              "ScaleX": 0.5,
              "ScaleY": 0.5
            },
            "Position": {
              "X": 531.456,
              "Y": 526.0014
            },
            "Scale": {
              "ScaleX": 1.0,
              "ScaleY": 1.0
            },
            "CColor": {},
            "IconVisible": false,
            "PositionPercentXEnabled": true,
            "PrePosition": {
              "X": 0.4152,
              "Y": 0.7306
            },
            "PreSize": {
              "X": 0.3125,
              "Y": 0.1111
            },
            "LeftMargin": 331.456,
            "RightMargin": 548.544,
            "TopMargin": 153.9986,
            "BottomMargin": 486.0014,
            "Tag": 965,
            "Children": [
              {
                "FontSize": 50,
                "LabelText": "8 8 8 8 8 8 8 8 8 8",
                "FontResource": {
                  "Type": "Normal",
                  "Path": "image/fonts/FZZY.TTF",
                  "Plist": ""
                },
                "VerticalAlignmentType": "VT_Center",
                "OutlineColor": {
                  "G": 0,
                  "B": 0
                },
                "ShadowColor": {
                  "R": 110,
                  "G": 110,
                  "B": 110
                },
                "ShadowOffsetX": 2.0,
                "ShadowOffsetY": -2.0,
                "AnchorPoint": {
                  "ScaleX": 0.5,
                  "ScaleY": 0.5
                },
                "Position": {
                  "X": 198.8578,
                  "Y": 39.0
                },
                "Scale": {
                  "ScaleX": 1.0,
                  "ScaleY": 1.0
                },
                "CColor": {},
                "IconVisible": false,
                "PositionPercentXEnabled": true,
                "PositionPercentYEnabled": true,
                "PrePosition": {
                  "X": 0.4971,
                  "Y": 0.4875
                },
                "PreSize": {
                  "X": 0.97,
                  "Y": 0.7125
                },
                "LeftMargin": 4.8578,
                "RightMargin": 7.1422,
                "TopMargin": 12.5,
                "BottomMargin": 10.5,
                "Tag": 966,
                "ActionTag": 1205413364,
                "Size": {
                  "X": 388.0,
                  "Y": 57.0
                },
                "Name": "num",
                "ctype": "TextObjectData"
              }
            ],
            "ActionTag": -1039653022,
            "Size": {
              "X": 400.0,
              "Y": 80.0
            },
            "Name": "numbg",
            "ctype": "ImageViewObjectData"
          },
          {
            "FileData": {
              "Type": "Normal",
              "Path": "appCommon/fydp/common/btn_queding.png",
              "Plist": ""
            },
            "BlendFunc": {
              "Src": 1,
              "Dst": 771
            },
            "AnchorPoint": {
              "ScaleX": 0.5,
              "ScaleY": 0.5
            },
            "Position": {
              "X": 876.84,
              "Y": 518.8707
            },
            "Scale": {
              "ScaleX": 1.0,
              "ScaleY": 1.0
            },
            "CColor": {},
            "IconVisible": false,
            "PrePosition": {
              "X": 0.685,
              "Y": 0.7207
            },
            "PreSize": {
              "X": 0.1992,
              "Y": 0.1431
            },
            "LeftMargin": 749.34,
            "RightMargin": 275.66,
            "TopMargin": 149.6293,
            "BottomMargin": 467.3707,
            "Tag": 1081,
            "ActionTag": -1629734181,
            "Size": {
              "X": 255.0,
              "Y": 103.0
            },
            "Name": "btn_ok",
            "ctype": "SpriteObjectData"
          },
          {
            "FileData": {
              "Type": "Normal",
              "Path": "image/ui/history/huifang_title.png",
              "Plist": ""
            },
            "BlendFunc": {
              "Src": 1,
              "Dst": 771
            },
            "AnchorPoint": {
              "ScaleX": 0.5,
              "ScaleY": 0.5
            },
            "Position": {
              "X": 643.584,
              "Y": 650.304
            },
            "Scale": {
              "ScaleX": 1.0,
              "ScaleY": 1.0
            },
            "CColor": {},
            "IconVisible": false,
            "PositionPercentXEnabled": true,
            "PositionPercentYEnabled": true,
            "PrePosition": {
              "X": 0.5028,
              "Y": 0.9032
            },
            "PreSize": {
              "X": 0.1086,
              "Y": 0.1208
            },
            "LeftMargin": 574.084,
            "RightMargin": 566.916,
            "TopMargin": 26.196,
            "BottomMargin": 606.804,
            "Tag": 350,
            "ActionTag": 554406253,
            "Size": {
              "X": 139.0,
              "Y": 87.0
            },
            "Name": "title1_1",
            "ctype": "SpriteObjectData"
          },
          {
            "FileData": {
              "Type": "Normal",
              "Path": "image/ui/room2/room_join_close.png",
              "Plist": ""
            },
            "BlendFunc": {
              "Src": 1,
              "Dst": 771
            },
            "AnchorPoint": {
              "ScaleX": 0.5,
              "ScaleY": 0.5
            },
            "Position": {
              "X": 1025.2845,
              "Y": 650.2644
            },
            "Scale": {
              "ScaleX": 1.0,
              "ScaleY": 1.0
            },
            "CColor": {},
            "IconVisible": false,
            "PrePosition": {
              "X": 0.801,
              "Y": 0.9031
            },
            "PreSize": {
              "X": 0.0594,
              "Y": 0.1056
            },
            "LeftMargin": 987.2845,
            "RightMargin": 216.7155,
            "TopMargin": 31.7356,
            "BottomMargin": 612.2644,
            "Tag": 918,
            "ActionTag": -524425736,
            "Size": {
              "X": 76.0,
              "Y": 76.0
            },
            "Name": "btClose",
            "ctype": "SpriteObjectData"
          },
          {
            "FileData": {
              "Type": "Normal",
              "Path": "image/ui/room2/btn_yellow.png",
              "Plist": ""
            },
            "BlendFunc": {
              "Src": 1,
              "Dst": 771
            },
            "AnchorPoint": {
              "ScaleX": 0.5,
              "ScaleY": 0.5
            },
            "Position": {
              "X": 340.9004,
              "Y": 86.0003
            },
            "Scale": {
              "ScaleX": 1.0,
              "ScaleY": 1.0
            },
            "CColor": {},
            "IconVisible": false,
            "PrePosition": {
              "X": 0.2663,
              "Y": 0.1194
            },
            "PreSize": {
              "X": 0.2273,
              "Y": 0.1556
            },
            "LeftMargin": 195.4004,
            "RightMargin": 793.5996,
            "TopMargin": 577.9997,
            "BottomMargin": 30.0003,
            "Tag": 919,
            "Children": [
              {
                "FileData": {
                  "Type": "Normal",
                  "Path": "image/ui/room2/txt_reinput.png",
                  "Plist": ""
                },
                "BlendFunc": {
                  "Src": 1,
                  "Dst": 771
                },
                "AnchorPoint": {
                  "ScaleX": 0.5,
                  "ScaleY": 0.5
                },
                "Position": {
                  "X": 146.0,
                  "Y": 60.0
                },
                "Scale": {
                  "ScaleX": 1.0,
                  "ScaleY": 1.0
                },
                "CColor": {},
                "IconVisible": false,
                "PrePosition": {
                  "X": 0.5017,
                  "Y": 0.5357
                },
                "PreSize": {
                  "X": 0.3333,
                  "Y": 0.3929
                },
                "LeftMargin": 97.5,
                "RightMargin": 96.5,
                "TopMargin": 30.0,
                "BottomMargin": 38.0,
                "Tag": 920,
                "ActionTag": 1813460808,
                "Size": {
                  "X": 97.0,
                  "Y": 44.0
                },
                "Name": "reinput",
                "ctype": "SpriteObjectData"
              }
            ],
            "ActionTag": -1797157381,
            "Size": {
              "X": 291.0,
              "Y": 112.0
            },
            "Name": "bt10",
            "ctype": "SpriteObjectData"
          },
          {
            "FileData": {
              "Type": "Normal",
              "Path": "image/ui/room2/btn_blue.png",
              "Plist": ""
            },
            "BlendFunc": {
              "Src": 1,
              "Dst": 771
            },
            "AnchorPoint": {
              "ScaleX": 0.5,
              "ScaleY": 0.5
            },
            "Position": {
              "X": 643.0005,
              "Y": 86.0004
            },
            "Scale": {
              "ScaleX": 1.0,
              "ScaleY": 1.0
            },
            "CColor": {},
            "IconVisible": false,
            "PrePosition": {
              "X": 0.5023,
              "Y": 0.1194
            },
            "PreSize": {
              "X": 0.2273,
              "Y": 0.1444
            },
            "LeftMargin": 497.5005,
            "RightMargin": 491.4995,
            "TopMargin": 581.9996,
            "BottomMargin": 34.0004,
            "Tag": 921,
            "Children": [
              {
                "FileData": {
                  "Type": "Normal",
                  "Path": "image/ui/room2/btn_join_00.png",
                  "Plist": ""
                },
                "BlendFunc": {
                  "Src": 1,
                  "Dst": 771
                },
                "AnchorPoint": {
                  "ScaleX": 0.5,
                  "ScaleY": 0.5
                },
                "Position": {
                  "X": 146.0,
                  "Y": 60.0
                },
                "Scale": {
                  "ScaleX": 1.0,
                  "ScaleY": 1.0
                },
                "CColor": {},
                "IconVisible": false,
                "PrePosition": {
                  "X": 0.5017,
                  "Y": 0.5769
                },
                "PreSize": {
                  "X": 0.1031,
                  "Y": 0.4038
                },
                "LeftMargin": 131.0,
                "RightMargin": 130.0,
                "TopMargin": 23.0,
                "BottomMargin": 39.0,
                "Tag": 922,
                "ActionTag": -42862677,
                "Size": {
                  "X": 30.0,
                  "Y": 42.0
                },
                "Name": "num_0",
                "ctype": "SpriteObjectData"
              }
            ],
            "ActionTag": -137859998,
            "Size": {
              "X": 291.0,
              "Y": 104.0
            },
            "Name": "bt0",
            "ctype": "SpriteObjectData"
          },
          {
            "FileData": {
              "Type": "Normal",
              "Path": "image/ui/room2/btn_blue.png",
              "Plist": ""
            },
            "BlendFunc": {
              "Src": 1,
              "Dst": 771
            },
            "AnchorPoint": {
              "ScaleX": 0.5,
              "ScaleY": 0.5
            },
            "Position": {
              "X": 340.9004,
              "Y": 408.0006
            },
            "Scale": {
              "ScaleX": 1.0,
              "ScaleY": 1.0
            },
            "CColor": {},
            "IconVisible": false,
            "PrePosition": {
              "X": 0.2663,
              "Y": 0.5667
            },
            "PreSize": {
              "X": 0.2273,
              "Y": 0.1444
            },
            "LeftMargin": 195.4004,
            "RightMargin": 793.5996,
            "TopMargin": 259.9994,
            "BottomMargin": 356.0006,
            "Tag": 923,
            "Children": [
              {
                "FileData": {
                  "Type": "Normal",
                  "Path": "image/ui/room2/btn_join_01.png",
                  "Plist": ""
                },
                "BlendFunc": {
                  "Src": 1,
                  "Dst": 771
                },
                "AnchorPoint": {
                  "ScaleX": 0.5,
                  "ScaleY": 0.5
                },
                "Position": {
                  "X": 146.0,
                  "Y": 60.0
                },
                "Scale": {
                  "ScaleX": 1.0,
                  "ScaleY": 1.0
                },
                "CColor": {},
                "IconVisible": false,
                "PrePosition": {
                  "X": 0.5017,
                  "Y": 0.5769
                },
                "PreSize": {
                  "X": 0.0687,
                  "Y": 0.4038
                },
                "LeftMargin": 136.0,
                "RightMargin": 135.0,
                "TopMargin": 23.0,
                "BottomMargin": 39.0,
                "Tag": 924,
                "ActionTag": 1899115253,
                "Size": {
                  "X": 20.0,
                  "Y": 42.0
                },
                "Name": "num_1",
                "ctype": "SpriteObjectData"
              }
            ],
            "ActionTag": -1901922680,
            "Size": {
              "X": 291.0,
              "Y": 104.0
            },
            "Name": "bt1",
            "ctype": "SpriteObjectData"
          },
          {
            "FileData": {
              "Type": "Normal",
              "Path": "image/ui/room2/btn_blue.png",
              "Plist": ""
            },
            "BlendFunc": {
              "Src": 1,
              "Dst": 771
            },
            "AnchorPoint": {
              "ScaleX": 0.5,
              "ScaleY": 0.5
            },
            "Position": {
              "X": 643.072,
              "Y": 408.0006
            },
            "Scale": {
              "ScaleX": 1.0,
              "ScaleY": 1.0
            },
            "CColor": {},
            "IconVisible": false,
            "PositionPercentXEnabled": true,
            "PrePosition": {
              "X": 0.5024,
              "Y": 0.5667
            },
            "PreSize": {
              "X": 0.2273,
              "Y": 0.1444
            },
            "LeftMargin": 497.572,
            "RightMargin": 491.428,
            "TopMargin": 259.9994,
            "BottomMargin": 356.0006,
            "Tag": 925,
            "Children": [
              {
                "FileData": {
                  "Type": "Normal",
                  "Path": "image/ui/room2/btn_join_02.png",
                  "Plist": ""
                },
                "BlendFunc": {
                  "Src": 1,
                  "Dst": 771
                },
                "AnchorPoint": {
                  "ScaleX": 0.5,
                  "ScaleY": 0.5
                },
                "Position": {
                  "X": 146.0,
                  "Y": 60.0
                },
                "Scale": {
                  "ScaleX": 1.0,
                  "ScaleY": 1.0
                },
                "CColor": {},
                "IconVisible": false,
                "PrePosition": {
                  "X": 0.5017,
                  "Y": 0.5769
                },
                "PreSize": {
                  "X": 0.1065,
                  "Y": 0.4038
                },
                "LeftMargin": 130.5,
                "RightMargin": 129.5,
                "TopMargin": 23.0,
                "BottomMargin": 39.0,
                "Tag": 926,
                "ActionTag": -1920577640,
                "Size": {
                  "X": 31.0,
                  "Y": 42.0
                },
                "Name": "num_2",
                "ctype": "SpriteObjectData"
              }
            ],
            "ActionTag": -1807436150,
            "Size": {
              "X": 291.0,
              "Y": 104.0
            },
            "Name": "bt2",
            "ctype": "SpriteObjectData"
          },
          {
            "FileData": {
              "Type": "Normal",
              "Path": "image/ui/room2/btn_blue.png",
              "Plist": ""
            },
            "BlendFunc": {
              "Src": 1,
              "Dst": 771
            },
            "AnchorPoint": {
              "ScaleX": 0.5,
              "ScaleY": 0.5
            },
            "Position": {
              "X": 940.0002,
              "Y": 408.0006
            },
            "Scale": {
              "ScaleX": 1.0,
              "ScaleY": 1.0
            },
            "CColor": {},
            "IconVisible": false,
            "PrePosition": {
              "X": 0.7344,
              "Y": 0.5667
            },
            "PreSize": {
              "X": 0.2273,
              "Y": 0.1444
            },
            "LeftMargin": 794.5002,
            "RightMargin": 194.4998,
            "TopMargin": 259.9994,
            "BottomMargin": 356.0006,
            "Tag": 927,
            "Children": [
              {
                "FileData": {
                  "Type": "Normal",
                  "Path": "image/ui/room2/btn_join_03.png",
                  "Plist": ""
                },
                "BlendFunc": {
                  "Src": 1,
                  "Dst": 771
                },
                "AnchorPoint": {
                  "ScaleX": 0.5,
                  "ScaleY": 0.5
                },
                "Position": {
                  "X": 146.0,
                  "Y": 60.0
                },
                "Scale": {
                  "ScaleX": 1.0,
                  "ScaleY": 1.0
                },
                "CColor": {},
                "IconVisible": false,
                "PrePosition": {
                  "X": 0.5017,
                  "Y": 0.5769
                },
                "PreSize": {
                  "X": 0.1065,
                  "Y": 0.4038
                },
                "LeftMargin": 130.5,
                "RightMargin": 129.5,
                "TopMargin": 23.0,
                "BottomMargin": 39.0,
                "Tag": 928,
                "ActionTag": 322593264,
                "Size": {
                  "X": 31.0,
                  "Y": 42.0
                },
                "Name": "num_3",
                "ctype": "SpriteObjectData"
              }
            ],
            "ActionTag": 967999516,
            "Size": {
              "X": 291.0,
              "Y": 104.0
            },
            "Name": "bt3",
            "ctype": "SpriteObjectData"
          },
          {
            "FileData": {
              "Type": "Normal",
              "Path": "image/ui/room2/btn_blue.png",
              "Plist": ""
            },
            "BlendFunc": {
              "Src": 1,
              "Dst": 771
            },
            "AnchorPoint": {
              "ScaleX": 0.5,
              "ScaleY": 0.5
            },
            "Position": {
              "X": 340.9004,
              "Y": 301.0006
            },
            "Scale": {
              "ScaleX": 1.0,
              "ScaleY": 1.0
            },
            "CColor": {},
            "IconVisible": false,
            "PrePosition": {
              "X": 0.2663,
              "Y": 0.4181
            },
            "PreSize": {
              "X": 0.2273,
              "Y": 0.1444
            },
            "LeftMargin": 195.4004,
            "RightMargin": 793.5996,
            "TopMargin": 366.9994,
            "BottomMargin": 249.0006,
            "Tag": 929,
            "Children": [
              {
                "FileData": {
                  "Type": "Normal",
                  "Path": "image/ui/room2/btn_join_04.png",
                  "Plist": ""
                },
                "BlendFunc": {
                  "Src": 1,
                  "Dst": 771
                },
                "AnchorPoint": {
                  "ScaleX": 0.5,
                  "ScaleY": 0.5
                },
                "Position": {
                  "X": 146.0,
                  "Y": 60.0
                },
                "Scale": {
                  "ScaleX": 1.0,
                  "ScaleY": 1.0
                },
                "CColor": {},
                "IconVisible": false,
                "PrePosition": {
                  "X": 0.5017,
                  "Y": 0.5769
                },
                "PreSize": {
                  "X": 0.11,
                  "Y": 0.4038
                },
                "LeftMargin": 130.0,
                "RightMargin": 129.0,
                "TopMargin": 23.0,
                "BottomMargin": 39.0,
                "Tag": 930,
                "ActionTag": 579387078,
                "Size": {
                  "X": 32.0,
                  "Y": 42.0
                },
                "Name": "num_4",
                "ctype": "SpriteObjectData"
              }
            ],
            "ActionTag": 928280371,
            "Size": {
              "X": 291.0,
              "Y": 104.0
            },
            "Name": "bt4",
            "ctype": "SpriteObjectData"
          },
          {
            "FileData": {
              "Type": "Normal",
              "Path": "image/ui/room2/btn_blue.png",
              "Plist": ""
            },
            "BlendFunc": {
              "Src": 1,
              "Dst": 771
            },
            "AnchorPoint": {
              "ScaleX": 0.5,
              "ScaleY": 0.5
            },
            "Position": {
              "X": 643.0005,
              "Y": 301.0006
            },
            "Scale": {
              "ScaleX": 1.0,
              "ScaleY": 1.0
            },
            "CColor": {},
            "IconVisible": false,
            "PrePosition": {
              "X": 0.5023,
              "Y": 0.4181
            },
            "PreSize": {
              "X": 0.2273,
              "Y": 0.1444
            },
            "LeftMargin": 497.5005,
            "RightMargin": 491.4995,
            "TopMargin": 366.9994,
            "BottomMargin": 249.0006,
            "Tag": 931,
            "Children": [
              {
                "FileData": {
                  "Type": "Normal",
                  "Path": "image/ui/room2/btn_join_05.png",
                  "Plist": ""
                },
                "BlendFunc": {
                  "Src": 1,
                  "Dst": 771
                },
                "AnchorPoint": {
                  "ScaleX": 0.5,
                  "ScaleY": 0.5
                },
                "Position": {
                  "X": 146.0,
                  "Y": 60.0
                },
                "Scale": {
                  "ScaleX": 1.0,
                  "ScaleY": 1.0
                },
                "CColor": {},
                "IconVisible": false,
                "PrePosition": {
                  "X": 0.5017,
                  "Y": 0.5769
                },
                "PreSize": {
                  "X": 0.1065,
                  "Y": 0.4038
                },
                "LeftMargin": 130.5,
                "RightMargin": 129.5,
                "TopMargin": 23.0,
                "BottomMargin": 39.0,
                "Tag": 932,
                "ActionTag": -1794966771,
                "Size": {
                  "X": 31.0,
                  "Y": 42.0
                },
                "Name": "num_5",
                "ctype": "SpriteObjectData"
              }
            ],
            "ActionTag": 150606287,
            "Size": {
              "X": 291.0,
              "Y": 104.0
            },
            "Name": "bt5",
            "ctype": "SpriteObjectData"
          },
          {
            "FileData": {
              "Type": "Normal",
              "Path": "image/ui/room2/btn_blue.png",
              "Plist": ""
            },
            "BlendFunc": {
              "Src": 1,
              "Dst": 771
            },
            "AnchorPoint": {
              "ScaleX": 0.5,
              "ScaleY": 0.5
            },
            "Position": {
              "X": 940.0002,
              "Y": 301.0006
            },
            "Scale": {
              "ScaleX": 1.0,
              "ScaleY": 1.0
            },
            "CColor": {},
            "IconVisible": false,
            "PrePosition": {
              "X": 0.7344,
              "Y": 0.4181
            },
            "PreSize": {
              "X": 0.2273,
              "Y": 0.1444
            },
            "LeftMargin": 794.5002,
            "RightMargin": 194.4998,
            "TopMargin": 366.9994,
            "BottomMargin": 249.0006,
            "Tag": 933,
            "Children": [
              {
                "FileData": {
                  "Type": "Normal",
                  "Path": "image/ui/room2/btn_join_06.png",
                  "Plist": ""
                },
                "BlendFunc": {
                  "Src": 1,
                  "Dst": 771
                },
                "AnchorPoint": {
                  "ScaleX": 0.5,
                  "ScaleY": 0.5
                },
                "Position": {
                  "X": 146.0,
                  "Y": 60.0
                },
                "Scale": {
                  "ScaleX": 1.0,
                  "ScaleY": 1.0
                },
                "CColor": {},
                "IconVisible": false,
                "PrePosition": {
                  "X": 0.5017,
                  "Y": 0.5769
                },
                "PreSize": {
                  "X": 0.1031,
                  "Y": 0.4038
                },
                "LeftMargin": 131.0,
                "RightMargin": 130.0,
                "TopMargin": 23.0,
                "BottomMargin": 39.0,
                "Tag": 934,
                "ActionTag": -759655891,
                "Size": {
                  "X": 30.0,
                  "Y": 42.0
                },
                "Name": "num_6",
                "ctype": "SpriteObjectData"
              }
            ],
            "ActionTag": 757305357,
            "Size": {
              "X": 291.0,
              "Y": 104.0
            },
            "Name": "bt6",
            "ctype": "SpriteObjectData"
          },
          {
            "FileData": {
              "Type": "Normal",
              "Path": "image/ui/room2/btn_blue.png",
              "Plist": ""
            },
            "BlendFunc": {
              "Src": 1,
              "Dst": 771
            },
            "AnchorPoint": {
              "ScaleX": 0.5,
              "ScaleY": 0.5
            },
            "Position": {
              "X": 340.9004,
              "Y": 194.0006
            },
            "Scale": {
              "ScaleX": 1.0,
              "ScaleY": 1.0
            },
            "CColor": {},
            "IconVisible": false,
            "PrePosition": {
              "X": 0.2663,
              "Y": 0.2694
            },
            "PreSize": {
              "X": 0.2273,
              "Y": 0.1444
            },
            "LeftMargin": 195.4004,
            "RightMargin": 793.5996,
            "TopMargin": 473.9994,
            "BottomMargin": 142.0006,
            "Tag": 935,
            "Children": [
              {
                "FileData": {
                  "Type": "Normal",
                  "Path": "image/ui/room2/btn_join_07.png",
                  "Plist": ""
                },
                "BlendFunc": {
                  "Src": 1,
                  "Dst": 771
                },
                "AnchorPoint": {
                  "ScaleX": 0.5,
                  "ScaleY": 0.5
                },
                "Position": {
                  "X": 146.0,
                  "Y": 60.0
                },
                "Scale": {
                  "ScaleX": 1.0,
                  "ScaleY": 1.0
                },
                "CColor": {},
                "IconVisible": false,
                "PrePosition": {
                  "X": 0.5017,
                  "Y": 0.5769
                },
                "PreSize": {
                  "X": 0.1065,
                  "Y": 0.4038
                },
                "LeftMargin": 130.5,
                "RightMargin": 129.5,
                "TopMargin": 23.0,
                "BottomMargin": 39.0,
                "Tag": 936,
                "ActionTag": -1466584358,
                "Size": {
                  "X": 31.0,
                  "Y": 42.0
                },
                "Name": "num_7",
                "ctype": "SpriteObjectData"
              }
            ],
            "ActionTag": 246953152,
            "Size": {
              "X": 291.0,
              "Y": 104.0
            },
            "Name": "bt7",
            "ctype": "SpriteObjectData"
          },
          {
            "FileData": {
              "Type": "Normal",
              "Path": "image/ui/room2/btn_blue.png",
              "Plist": ""
            },
            "BlendFunc": {
              "Src": 1,
              "Dst": 771
            },
            "AnchorPoint": {
              "ScaleX": 0.5,
              "ScaleY": 0.5
            },
            "Position": {
              "X": 643.0005,
              "Y": 194.0006
            },
            "Scale": {
              "ScaleX": 1.0,
              "ScaleY": 1.0
            },
            "CColor": {},
            "IconVisible": false,
            "PrePosition": {
              "X": 0.5023,
              "Y": 0.2694
            },
            "PreSize": {
              "X": 0.2273,
              "Y": 0.1444
            },
            "LeftMargin": 497.5005,
            "RightMargin": 491.4995,
            "TopMargin": 473.9994,
            "BottomMargin": 142.0006,
            "Tag": 937,
            "Children": [
              {
                "FileData": {
                  "Type": "Normal",
                  "Path": "image/ui/room2/btn_join_08.png",
                  "Plist": ""
                },
                "BlendFunc": {
                  "Src": 1,
                  "Dst": 771
                },
                "AnchorPoint": {
                  "ScaleX": 0.5,
                  "ScaleY": 0.5
                },
                "Position": {
                  "X": 146.0,
                  "Y": 60.0
                },
                "Scale": {
                  "ScaleX": 1.0,
                  "ScaleY": 1.0
                },
                "CColor": {},
                "IconVisible": false,
                "PrePosition": {
                  "X": 0.5017,
                  "Y": 0.5769
                },
                "PreSize": {
                  "X": 0.1065,
                  "Y": 0.4038
                },
                "LeftMargin": 130.5,
                "RightMargin": 129.5,
                "TopMargin": 23.0,
                "BottomMargin": 39.0,
                "Tag": 938,
                "ActionTag": 99849598,
                "Size": {
                  "X": 31.0,
                  "Y": 42.0
                },
                "Name": "num_8",
                "ctype": "SpriteObjectData"
              }
            ],
            "ActionTag": 466694316,
            "Size": {
              "X": 291.0,
              "Y": 104.0
            },
            "Name": "bt8",
            "ctype": "SpriteObjectData"
          },
          {
            "FileData": {
              "Type": "Normal",
              "Path": "image/ui/room2/btn_blue.png",
              "Plist": ""
            },
            "BlendFunc": {
              "Src": 1,
              "Dst": 771
            },
            "AnchorPoint": {
              "ScaleX": 0.5,
              "ScaleY": 0.5
            },
            "Position": {
              "X": 940.0002,
              "Y": 194.0006
            },
            "Scale": {
              "ScaleX": 1.0,
              "ScaleY": 1.0
            },
            "CColor": {},
            "IconVisible": false,
            "PrePosition": {
              "X": 0.7344,
              "Y": 0.2694
            },
            "PreSize": {
              "X": 0.2273,
              "Y": 0.1444
            },
            "LeftMargin": 794.5002,
            "RightMargin": 194.4998,
            "TopMargin": 473.9994,
            "BottomMargin": 142.0006,
            "Tag": 939,
            "Children": [
              {
                "FileData": {
                  "Type": "Normal",
                  "Path": "image/ui/room2/btn_join_09.png",
                  "Plist": ""
                },
                "BlendFunc": {
                  "Src": 1,
                  "Dst": 771
                },
                "AnchorPoint": {
                  "ScaleX": 0.5,
                  "ScaleY": 0.5
                },
                "Position": {
                  "X": 146.0,
                  "Y": 60.0
                },
                "Scale": {
                  "ScaleX": 1.0,
                  "ScaleY": 1.0
                },
                "CColor": {},
                "IconVisible": false,
                "PrePosition": {
                  "X": 0.5017,
                  "Y": 0.5769
                },
                "PreSize": {
                  "X": 0.1065,
                  "Y": 0.4038
                },
                "LeftMargin": 130.5,
                "RightMargin": 129.5,
                "TopMargin": 23.0,
                "BottomMargin": 39.0,
                "Tag": 940,
                "ActionTag": -896916847,
                "Size": {
                  "X": 31.0,
                  "Y": 42.0
                },
                "Name": "num_9",
                "ctype": "SpriteObjectData"
              }
            ],
            "ActionTag": -630283412,
            "Size": {
              "X": 291.0,
              "Y": 104.0
            },
            "Name": "bt9",
            "ctype": "SpriteObjectData"
          },
          {
            "FileData": {
              "Type": "Normal",
              "Path": "image/ui/room2/btn_yellow.png",
              "Plist": ""
            },
            "BlendFunc": {
              "Src": 1,
              "Dst": 771
            },
            "AnchorPoint": {
              "ScaleX": 0.5,
              "ScaleY": 0.5
            },
            "Position": {
              "X": 940.0002,
              "Y": 86.0003
            },
            "Scale": {
              "ScaleX": 1.0,
              "ScaleY": 1.0
            },
            "CColor": {},
            "IconVisible": false,
            "PrePosition": {
              "X": 0.7344,
              "Y": 0.1194
            },
            "PreSize": {
              "X": 0.2273,
              "Y": 0.1556
            },
            "LeftMargin": 794.5002,
            "RightMargin": 194.4998,
            "TopMargin": 577.9997,
            "BottomMargin": 30.0003,
            "Tag": 941,
            "Children": [
              {
                "FileData": {
                  "Type": "Normal",
                  "Path": "image/ui/room2/txt_delete.png",
                  "Plist": ""
                },
                "BlendFunc": {
                  "Src": 1,
                  "Dst": 771
                },
                "AnchorPoint": {
                  "ScaleX": 0.5,
                  "ScaleY": 0.5
                },
                "Position": {
                  "X": 146.0,
                  "Y": 60.0
                },
                "Scale": {
                  "ScaleX": 1.0,
                  "ScaleY": 1.0
                },
                "CColor": {},
                "IconVisible": false,
                "PrePosition": {
                  "X": 0.5017,
                  "Y": 0.5357
                },
                "PreSize": {
                  "X": 0.3368,
                  "Y": 0.3839
                },
                "LeftMargin": 97.0,
                "RightMargin": 96.0,
                "TopMargin": 30.5,
                "BottomMargin": 38.5,
                "Tag": 942,
                "ActionTag": -1939703816,
                "Size": {
                  "X": 98.0,
                  "Y": 43.0
                },
                "Name": "delete",
                "ctype": "SpriteObjectData"
              }
            ],
            "ActionTag": 480302711,
            "Size": {
              "X": 291.0,
              "Y": 112.0
            },
            "Name": "bt11",
            "ctype": "SpriteObjectData"
          }
        ],
        "Size": {
          "X": 960.0,
          "Y": 640.0
        },
        "Name": "Scene",
        "ctype": "SingleNodeObjectData"
      },
      "UsedResources": [
        "../../appCommon/fydp/common/btn_queding.png",
        "../../image/fonts/FZZY.TTF",
        "../../image/ui/history/huifang_title.png",
        "../../image/ui/room2/bg_join.png",
        "../../image/ui/room2/btn_blue.png",
        "../../image/ui/room2/btn_join_00.png",
        "../../image/ui/room2/btn_join_01.png",
        "../../image/ui/room2/btn_join_02.png",
        "../../image/ui/room2/btn_join_03.png",
        "../../image/ui/room2/btn_join_04.png",
        "../../image/ui/room2/btn_join_05.png",
        "../../image/ui/room2/btn_join_06.png",
        "../../image/ui/room2/btn_join_07.png",
        "../../image/ui/room2/btn_join_08.png",
        "../../image/ui/room2/btn_join_09.png",
        "../../image/ui/room2/btn_yellow.png",
        "../../image/ui/room2/room_join_close.png",
        "../../image/ui/room2/room2_numbg.png",
        "../../image/ui/room2/txt_delete.png",
        "../../image/ui/room2/txt_reinput.png"
      ],
      "ctype": "GameFileData"
    }
  },
  "Type": "Scene"
}