{
  "ID": "69cf2b47-d97d-4d19-8a63-8f65fa3ea867",
  "Version": "3.10.0.0",
  "Name": "NoticeLayer",
  "Content": {
    "Content": {
      "Animation": {
        "Duration": 0,
        "Speed": 1.0,
        "Timelines": [],
        "ctype": "TimelineActionData"
      },
      "AnimationList": [],
      "ObjectData": {
        "Tag": 4015,
        "Children": [
          {
            "ClipAble": false,
            "BackColorAlpha": 127,
            "ComboBoxIndex": 1,
            "SingleColor": {
              "R": 0,
              "G": 0,
              "B": 0
            },
            "FirstColor": {
              "R": 150,
              "G": 200
            },
            "EndColor": {},
            "ColorVector": {
              "ScaleY": 1.0
            },
            "Scale9Width": 1,
            "Scale9Height": 1,
            "TouchEnable": true,
            "AnchorPoint": {},
            "Position": {
              "X": 0.0,
              "Y": 0.0
            },
            "Scale": {
              "ScaleX": 1.0,
              "ScaleY": 1.0
            },
            "CColor": {},
            "IconVisible": false,
            "PrePosition": {
              "X": 0.0,
              "Y": 0.0
            },
            "PreSize": {
              "X": 1.0,
              "Y": 1.0
            },
            "Tag": 4048,
            "Children": [
              {
                "ClipAble": false,
                "BackColorAlpha": 102,
                "SingleColor": {
                  "R": 150,
                  "G": 200
                },
                "FirstColor": {
                  "R": 150,
                  "G": 200
                },
                "EndColor": {},
                "ColorVector": {
                  "ScaleY": 1.0
                },
                "Scale9Width": 1,
                "Scale9Height": 1,
                "TouchEnable": true,
                "AnchorPoint": {
                  "ScaleX": 0.5,
                  "ScaleY": 0.5
                },
                "Position": {
                  "X": 643.4843,
                  "Y": 341.4443
                },
                "Scale": {
                  "ScaleX": 1.0,
                  "ScaleY": 1.0
                },
                "CColor": {},
                "IconVisible": false,
                "PrePosition": {
                  "X": 0.5027,
                  "Y": 0.4742
                },
                "PreSize": {
                  "X": 0.6406,
                  "Y": 0.6944
                },
                "LeftMargin": 233.4843,
                "RightMargin": 226.5156,
                "TopMargin": 128.5557,
                "BottomMargin": 91.4443,
                "Tag": 460,
                "Children": [
                  {
                    "FileData": {
                      "Type": "Normal",
                      "Path": "image/ui/common/messagebg.png",
                      "Plist": ""
                    },
                    "BlendFunc": {
                      "Src": 1,
                      "Dst": 771
                    },
                    "AnchorPoint": {
                      "ScaleY": 0.5
                    },
                    "Position": {
                      "X": 402.374,
                      "Y": 255.3572
                    },
                    "Scale": {
                      "ScaleX": 1.0,
                      "ScaleY": -1.0
                    },
                    "RotationSkewX": 180.0,
                    "RotationSkewY": 180.0,
                    "CColor": {},
                    "IconVisible": false,
                    "PositionPercentXEnabled": true,
                    "PrePosition": {
                      "X": 0.4907,
                      "Y": 0.5107
                    },
                    "PreSize": {
                      "X": 0.5122,
                      "Y": 0.95
                    },
                    "LeftMargin": 402.374,
                    "RightMargin": -2.374,
                    "TopMargin": 7.1428,
                    "BottomMargin": 17.8572,
                    "Tag": 448,
                    "ActionTag": 1426810564,
                    "Size": {
                      "X": 420.0,
                      "Y": 475.0
                    },
                    "Name": "messagebg_l",
                    "ctype": "SpriteObjectData"
                  },
                  {
                    "FileData": {
                      "Type": "Normal",
                      "Path": "image/ui/common/messagebg.png",
                      "Plist": ""
                    },
                    "BlendFunc": {
                      "Src": 1,
                      "Dst": 771
                    },
                    "AnchorPoint": {
                      "ScaleY": 0.5
                    },
                    "Position": {
                      "X": 402.374,
                      "Y": 255.3572
                    },
                    "Scale": {
                      "ScaleX": 1.0,
                      "ScaleY": 1.0
                    },
                    "CColor": {},
                    "IconVisible": false,
                    "PositionPercentXEnabled": true,
                    "PrePosition": {
                      "X": 0.4907,
                      "Y": 0.5107
                    },
                    "PreSize": {
                      "X": 0.5122,
                      "Y": 0.95
                    },
                    "LeftMargin": 402.374,
                    "RightMargin": -2.374,
                    "TopMargin": 7.1428,
                    "BottomMargin": 17.8572,
                    "Tag": 447,
                    "ActionTag": -319132700,
                    "Size": {
                      "X": 420.0,
                      "Y": 475.0
                    },
                    "Name": "messagebg_r",
                    "ctype": "SpriteObjectData"
                  },
                  {
                    "IsBounceEnabled": true,
                    "InnerNodeSize": {
                      "Width": 760,
                      "Height": 350
                    },
                    "ScrollDirectionType": "Vertical",
                    "ClipAble": true,
                    "BackColorAlpha": 102,
                    "SingleColor": {
                      "G": 150,
                      "B": 100
                    },
                    "FirstColor": {
                      "G": 150,
                      "B": 100
                    },
                    "EndColor": {},
                    "ColorVector": {
                      "ScaleY": 1.0
                    },
                    "Scale9Width": 1,
                    "Scale9Height": 1,
                    "TouchEnable": true,
                    "AnchorPoint": {},
                    "Position": {
                      "X": 21.656,
                      "Y": 46.787
                    },
                    "Scale": {
                      "ScaleX": 1.0,
                      "ScaleY": 1.0
                    },
                    "CColor": {},
                    "IconVisible": false,
                    "PrePosition": {
                      "X": 0.0264,
                      "Y": 0.0936
                    },
                    "PreSize": {
                      "X": 0.9268,
                      "Y": 0.7
                    },
                    "LeftMargin": 21.656,
                    "RightMargin": 38.344,
                    "TopMargin": 103.213,
                    "BottomMargin": 46.787,
                    "Tag": 4140,
                    "Children": [
                      {
                        "IsCustomSize": true,
                        "FontSize": 24,
                        "LabelText": "亲爱的玩家，建议您选择微信登录。游客模式下的游戏数据在更换设备时将无法找回，确定登录吗亲爱的玩家，建议您选择微信登录。游客模式下的游戏数据在更换设备时将无法找回，确定登录吗亲爱的玩家，建议您选择微信登录。游客模式下的游戏数据在更换设备时将无法找回，确定登录吗亲爱的玩家，建议您选择微信登录。游客模式下的游戏数据在更换设备时将无法找回，确定登录吗亲爱的玩家，建议您选择微信登录。游客模式下的游戏数据在更换设备时将无法找回，确定登录吗亲爱的玩家，建议您选择微信登录。游客模式下的游戏数据在更换设备时将无法找回，确定登录吗",
                        "FontResource": {
                          "Type": "Normal",
                          "Path": "image/fonts/FZZY.TTF",
                          "Plist": ""
                        },
                        "OutlineColor": {
                          "R": 61,
                          "G": 55,
                          "B": 55
                        },
                        "ShadowColor": {
                          "R": 110,
                          "G": 110,
                          "B": 110
                        },
                        "ShadowOffsetX": 2.0,
                        "ShadowOffsetY": -2.0,
                        "AnchorPoint": {
                          "ScaleX": 0.5,
                          "ScaleY": 1.0
                        },
                        "Position": {
                          "X": 371.488,
                          "Y": 334.6393
                        },
                        "Scale": {
                          "ScaleX": 1.0,
                          "ScaleY": 1.0
                        },
                        "CColor": {
                          "R": 197,
                          "G": 213
                        },
                        "IconVisible": false,
                        "PositionPercentXEnabled": true,
                        "PrePosition": {
                          "X": 0.4888,
                          "Y": 0.9561
                        },
                        "PreSize": {
                          "X": 0.9474,
                          "Y": 0.9143
                        },
                        "LeftMargin": 11.488,
                        "RightMargin": 28.512,
                        "TopMargin": 15.3607,
                        "BottomMargin": 14.6393,
                        "Tag": 461,
                        "ActionTag": 616674949,
                        "Size": {
                          "X": 720.0,
                          "Y": 320.0
                        },
                        "Name": "content",
                        "ctype": "TextObjectData"
                      }
                    ],
                    "ActionTag": -173004524,
                    "Size": {
                      "X": 760.0,
                      "Y": 350.0
                    },
                    "Name": "scroll",
                    "ctype": "ScrollViewObjectData"
                  },
                  {
                    "FileData": {
                      "Type": "Normal",
                      "Path": "image/ui/common/commom_title_bg2.png",
                      "Plist": ""
                    },
                    "BlendFunc": {
                      "Src": 1,
                      "Dst": 771
                    },
                    "AnchorPoint": {
                      "ScaleX": 0.5,
                      "ScaleY": 0.5
                    },
                    "Position": {
                      "X": 402.374,
                      "Y": 459.2575
                    },
                    "Scale": {
                      "ScaleX": 1.0,
                      "ScaleY": 1.0
                    },
                    "CColor": {},
                    "IconVisible": false,
                    "PositionPercentXEnabled": true,
                    "PrePosition": {
                      "X": 0.4907,
                      "Y": 0.9185
                    },
                    "PreSize": {
                      "X": 0.5146,
                      "Y": 0.17
                    },
                    "LeftMargin": 191.374,
                    "RightMargin": 206.626,
                    "TopMargin": -1.7575,
                    "BottomMargin": 416.7575,
                    "Tag": 449,
                    "Children": [
                      {
                        "FileData": {
                          "Type": "Normal",
                          "Path": "image/ui/title/title_msg.png",
                          "Plist": ""
                        },
                        "BlendFunc": {
                          "Src": 1,
                          "Dst": 771
                        },
                        "AnchorPoint": {
                          "ScaleX": 0.5,
                          "ScaleY": 0.5
                        },
                        "Position": {
                          "X": 211.0,
                          "Y": 42.5
                        },
                        "Scale": {
                          "ScaleX": 1.0,
                          "ScaleY": 1.0
                        },
                        "CColor": {},
                        "IconVisible": false,
                        "PositionPercentXEnabled": true,
                        "PositionPercentYEnabled": true,
                        "PrePosition": {
                          "X": 0.5,
                          "Y": 0.5
                        },
                        "PreSize": {
                          "X": 0.3578,
                          "Y": 1.3647
                        },
                        "LeftMargin": 135.5,
                        "RightMargin": 135.5,
                        "TopMargin": -15.5,
                        "BottomMargin": -15.5,
                        "Tag": 996,
                        "ActionTag": -359059517,
                        "Size": {
                          "X": 151.0,
                          "Y": 116.0
                        },
                        "Name": "title_msg_1",
                        "ctype": "SpriteObjectData"
                      }
                    ],
                    "ActionTag": 986405466,
                    "Size": {
                      "X": 422.0,
                      "Y": 85.0
                    },
                    "Name": "commom_title_bg2_35",
                    "ctype": "SpriteObjectData"
                  }
                ],
                "ActionTag": 1948218789,
                "Size": {
                  "X": 820.0,
                  "Y": 500.0
                },
                "Name": "main",
                "ctype": "PanelObjectData"
              }
            ],
            "ActionTag": 1723911160,
            "Size": {
              "X": 1280.0,
              "Y": 720.0
            },
            "Name": "root",
            "ctype": "PanelObjectData"
          }
        ],
        "Size": {
          "X": 1280.0,
          "Y": 720.0
        },
        "Name": "Scene",
        "ctype": "SingleNodeObjectData"
      },
      "UsedResources": [
        "../../image/fonts/FZZY.TTF",
        "../../image/ui/common/commom_title_bg2.png",
        "../../image/ui/common/messagebg.png",
        "../../image/ui/title/title_msg.png"
      ],
      "ctype": "GameFileData"
    }
  },
  "Type": "Scene"
}