{
  "ID": "f280d782-2ee2-4fc8-950d-96aabe61815c",
  "Version": "3.10.0.0",
  "Name": "CardSelect",
  "Content": {
    "Content": {
      "Animation": {
        "Duration": 0,
        "Speed": 1.0,
        "Timelines": [],
        "ctype": "TimelineActionData"
      },
      "AnimationList": [],
      "ObjectData": {
        "Tag": 252,
        "Children": [
          {
            "FileData": {
              "Type": "Normal",
              "Path": "image/ui/room/b2.png",
              "Plist": ""
            },
            "Scale9OriginX": 30,
            "Scale9OriginY": 79,
            "Scale9Width": 32,
            "Scale9Height": 84,
            "AnchorPoint": {
              "ScaleX": 0.5,
              "ScaleY": 0.5
            },
            "Position": {
              "X": 46.0,
              "Y": 123.0
            },
            "Scale": {
              "ScaleX": 1.0,
              "ScaleY": 1.0
            },
            "CColor": {},
            "IconVisible": false,
            "PrePosition": {
              "X": 0.5,
              "Y": 0.5083
            },
            "PreSize": {
              "X": 1.087,
              "Y": 1.2397
            },
            "LeftMargin": -4.0,
            "RightMargin": -4.0,
            "TopMargin": -31.0,
            "BottomMargin": -27.0,
            "Tag": 292,
            "ActionTag": 2024933129,
            "Size": {
              "X": 100.0,
              "Y": 300.0
            },
            "Name": "img",
            "ctype": "ImageViewObjectData"
          },
          {
            "FileData": {
              "Type": "Normal",
              "Path": "ccs/room/Card.json",
              "Plist": ""
            },
            "StretchWidthEnable": false,
            "StretchHeightEnable": false,
            "InnerActionSpeed": 1.0,
            "AnchorPoint": {},
            "Position": {
              "X": 6.313,
              "Y": 167.2661
            },
            "Scale": {
              "ScaleX": 0.8,
              "ScaleY": 0.8
            },
            "CColor": {},
            "IconVisible": true,
            "PrePosition": {
              "X": 0.0686,
              "Y": 0.6912
            },
            "PreSize": {
              "X": 1.087,
              "Y": 0.4132
            },
            "LeftMargin": 6.313,
            "RightMargin": -14.313,
            "TopMargin": -25.2661,
            "BottomMargin": 167.2661,
            "Tag": 253,
            "ActionTag": -842053794,
            "Size": {
              "X": 100.0,
              "Y": 100.0
            },
            "Name": "c1",
            "ctype": "ProjectNodeObjectData"
          },
          {
            "FileData": {
              "Type": "Normal",
              "Path": "ccs/room/Card.json",
              "Plist": ""
            },
            "StretchWidthEnable": false,
            "StretchHeightEnable": false,
            "InnerActionSpeed": 1.0,
            "AnchorPoint": {},
            "Position": {
              "X": 6.313,
              "Y": 87.266
            },
            "Scale": {
              "ScaleX": 0.8,
              "ScaleY": 0.8
            },
            "CColor": {},
            "IconVisible": true,
            "PrePosition": {
              "X": 0.0686,
              "Y": 0.3606
            },
            "PreSize": {
              "X": 1.087,
              "Y": 0.4132
            },
            "LeftMargin": 6.313,
            "RightMargin": -14.313,
            "TopMargin": 54.734,
            "BottomMargin": 87.266,
            "Tag": 263,
            "ActionTag": -147470556,
            "Size": {
              "X": 100.0,
              "Y": 100.0
            },
            "Name": "c2",
            "ctype": "ProjectNodeObjectData"
          },
          {
            "FileData": {
              "Type": "Normal",
              "Path": "ccs/room/Card.json",
              "Plist": ""
            },
            "StretchWidthEnable": false,
            "StretchHeightEnable": false,
            "InnerActionSpeed": 1.0,
            "AnchorPoint": {},
            "Position": {
              "X": 6.313,
              "Y": 7.2663
            },
            "Scale": {
              "ScaleX": 0.8,
              "ScaleY": 0.8
            },
            "CColor": {},
            "IconVisible": true,
            "PrePosition": {
              "X": 0.0686,
              "Y": 0.03
            },
            "PreSize": {
              "X": 1.087,
              "Y": 0.4132
            },
            "LeftMargin": 6.313,
            "RightMargin": -14.313,
            "TopMargin": 134.7337,
            "BottomMargin": 7.2663,
            "Tag": 266,
            "ActionTag": -1072733593,
            "Size": {
              "X": 100.0,
              "Y": 100.0
            },
            "Name": "c3",
            "ctype": "ProjectNodeObjectData"
          }
        ],
        "Size": {
          "X": 92.0,
          "Y": 242.0
        },
        "Name": "Layer",
        "ctype": "LayerObjectData"
      },
      "UsedResources": [
        "../../image/ui/room/b2.png",
        "Card.json"
      ],
      "ctype": "GameFileData"
    }
  },
  "Type": "Layer"
}