{
  "ID": "31d47715-b327-4f7e-b85b-2f6d56ed4506",
  "Version": "3.10.0.0",
  "Name": "ChatNotSendNode",
  "Content": {
    "Content": {
      "Animation": {
        "Duration": 0,
        "Speed": 1.0,
        "Timelines": [],
        "ctype": "TimelineActionData"
      },
      "AnimationList": [],
      "ObjectData": {
        "Tag": 20,
        "Children": [
          {
            "FileData": {
              "Type": "Normal",
              "Path": "image/ui/room/sp_dibu.png",
              "Plist": ""
            },
            "BlendFunc": {
              "Src": 1,
              "Dst": 771
            },
            "AnchorPoint": {
              "ScaleX": 0.5,
              "ScaleY": 0.5
            },
            "Position": {
              "X": 0.0,
              "Y": 0.0
            },
            "Scale": {
              "ScaleX": 1.0,
              "ScaleY": 1.0
            },
            "CColor": {},
            "IconVisible": false,
            "PositionPercentXEnabled": true,
            "PositionPercentYEnabled": true,
            "PrePosition": {
              "X": 0.0,
              "Y": 0.0
            },
            "PreSize": {
              "X": 0.0,
              "Y": 0.0
            },
            "LeftMargin": -130.0,
            "RightMargin": -130.0,
            "TopMargin": -129.5,
            "BottomMargin": -129.5,
            "Tag": 28,
            "ActionTag": -81948894,
            "Size": {
              "X": 260.0,
              "Y": 259.0
            },
            "Name": "sp_dibu_5",
            "ctype": "SpriteObjectData"
          },
          {
            "FileData": {
              "Type": "Normal",
              "Path": "image/ui/room/sp_nigou.png",
              "Plist": ""
            },
            "BlendFunc": {
              "Src": 1,
              "Dst": 771
            },
            "AnchorPoint": {
              "ScaleX": 0.5,
              "ScaleY": 0.5
            },
            "Position": {
              "X": -7.0006,
              "Y": 34.4604
            },
            "Scale": {
              "ScaleX": 1.0,
              "ScaleY": 1.0
            },
            "CColor": {},
            "IconVisible": false,
            "PrePosition": {
              "X": 0.0,
              "Y": 0.0
            },
            "PreSize": {
              "X": 0.0,
              "Y": 0.0
            },
            "LeftMargin": -57.5006,
            "RightMargin": -43.4994,
            "TopMargin": -100.4604,
            "BottomMargin": -31.5396,
            "Tag": 24,
            "ActionTag": -391702359,
            "Size": {
              "X": 101.0,
              "Y": 132.0
            },
            "Name": "sp_nigou_3",
            "ctype": "SpriteObjectData"
          },
          {
            "FileData": {
              "Type": "Normal",
              "Path": "image/ui/room/sp_cancel.png",
              "Plist": ""
            },
            "BlendFunc": {
              "Src": 1,
              "Dst": 771
            },
            "AnchorPoint": {
              "ScaleX": 0.5,
              "ScaleY": 0.5
            },
            "Position": {
              "X": 0.0,
              "Y": -83.4311
            },
            "Scale": {
              "ScaleX": 1.0,
              "ScaleY": 1.0
            },
            "CColor": {},
            "IconVisible": false,
            "PrePosition": {
              "X": 0.0,
              "Y": 0.0
            },
            "PreSize": {
              "X": 0.0,
              "Y": 0.0
            },
            "LeftMargin": -111.0,
            "RightMargin": -111.0,
            "TopMargin": 54.4311,
            "BottomMargin": -112.4311,
            "Tag": 25,
            "ActionTag": 1336698989,
            "Size": {
              "X": 222.0,
              "Y": 58.0
            },
            "Name": "sp_error_4",
            "ctype": "SpriteObjectData"
          }
        ],
        "Size": {
          "X": 0.0,
          "Y": 0.0
        },
        "Name": "Node",
        "ctype": "SingleNodeObjectData"
      },
      "UsedResources": [
        "../../image/ui/room/sp_cancel.png",
        "../../image/ui/room/sp_dibu.png",
        "../../image/ui/room/sp_nigou.png"
      ],
      "ctype": "GameFileData"
    }
  },
  "Type": "Node"
}