{
  "ID": "404ee465-6dc8-4102-841a-c374ffe04b85",
  "Version": "3.10.0.0",
  "Name": "ChiBiLayer",
  "Content": {
    "Content": {
      "Animation": {
        "Duration": 0,
        "Speed": 1.0,
        "Timelines": [],
        "ctype": "TimelineActionData"
      },
      "AnimationList": [],
      "ObjectData": {
        "Tag": 7565,
        "Children": [
          {
            "ClipAble": false,
            "BackColorAlpha": 102,
            "SingleColor": {
              "R": 150,
              "G": 200
            },
            "FirstColor": {
              "R": 150,
              "G": 200
            },
            "EndColor": {},
            "ColorVector": {
              "ScaleY": 1.0
            },
            "Scale9Width": 1,
            "Scale9Height": 1,
            "TouchEnable": true,
            "AnchorPoint": {},
            "Position": {
              "X": 0.0,
              "Y": 0.0
            },
            "Scale": {
              "ScaleX": 1.0,
              "ScaleY": 1.0
            },
            "CColor": {},
            "IconVisible": false,
            "PrePosition": {
              "X": 0.0,
              "Y": 0.0
            },
            "PreSize": {
              "X": 1.0,
              "Y": 1.0
            },
            "Tag": 7566,
            "Children": [
              {
                "ClipAble": false,
                "BackColorAlpha": 102,
                "ComboBoxIndex": 1,
                "SingleColor": {
                  "R": 0,
                  "G": 0,
                  "B": 0
                },
                "FirstColor": {
                  "R": 150,
                  "G": 200
                },
                "EndColor": {},
                "ColorVector": {
                  "ScaleY": 1.0
                },
                "Scale9Width": 1,
                "Scale9Height": 1,
                "TouchEnable": true,
                "AnchorPoint": {},
                "Position": {
                  "X": 0.0,
                  "Y": 0.0
                },
                "Scale": {
                  "ScaleX": 1.0,
                  "ScaleY": 1.0
                },
                "CColor": {},
                "IconVisible": false,
                "PrePosition": {
                  "X": 0.0,
                  "Y": 0.0
                },
                "PreSize": {
                  "X": 1.0,
                  "Y": 1.0
                },
                "Tag": 7903,
                "ActionTag": -1227909310,
                "Size": {
                  "X": 1280.0,
                  "Y": 720.0
                },
                "Name": "bgpanel",
                "ctype": "PanelObjectData"
              },
              {
                "FileData": {
                  "Type": "Normal",
                  "Path": "image/ui/room/room_chibibg.png",
                  "Plist": ""
                },
                "BlendFunc": {
                  "Src": 1,
                  "Dst": 771
                },
                "AnchorPoint": {
                  "ScaleX": 0.5,
                  "ScaleY": 0.5
                },
                "Position": {
                  "X": 640.0,
                  "Y": 376.8217
                },
                "Scale": {
                  "ScaleX": 1.12,
                  "ScaleY": 1.12
                },
                "CColor": {},
                "IconVisible": false,
                "PositionPercentXEnabled": true,
                "PrePosition": {
                  "X": 0.5,
                  "Y": 0.5234
                },
                "PreSize": {
                  "X": 0.8875,
                  "Y": 0.3847
                },
                "LeftMargin": 72.0,
                "RightMargin": 72.0,
                "TopMargin": 204.6783,
                "BottomMargin": 238.3217,
                "Tag": 7567,
                "Children": [
                  {
                    "FileData": {
                      "Type": "Normal",
                      "Path": "image/ui/room/room_back.png",
                      "Plist": ""
                    },
                    "BlendFunc": {
                      "Src": 1,
                      "Dst": 771
                    },
                    "AnchorPoint": {
                      "ScaleX": 0.5,
                      "ScaleY": 0.5
                    },
                    "Position": {
                      "X": 70.4656,
                      "Y": 30.9364
                    },
                    "Scale": {
                      "ScaleX": 1.0,
                      "ScaleY": 1.0
                    },
                    "CColor": {},
                    "IconVisible": false,
                    "PrePosition": {
                      "X": 0.062,
                      "Y": 0.1117
                    },
                    "PreSize": {
                      "X": 0.1109,
                      "Y": 0.1986
                    },
                    "LeftMargin": 7.4656,
                    "RightMargin": 1002.5344,
                    "TopMargin": 218.5636,
                    "BottomMargin": 3.4364,
                    "Tag": 7901,
                    "ActionTag": -2010333641,
                    "Size": {
                      "X": 126.0,
                      "Y": 55.0
                    },
                    "Name": "back",
                    "ctype": "SpriteObjectData"
                  },
                  {
                    "FileData": {
                      "Type": "Normal",
                      "Path": "image/ui/room/btnCancel.png",
                      "Plist": ""
                    },
                    "BlendFunc": {
                      "Src": 1,
                      "Dst": 771
                    },
                    "AnchorPoint": {
                      "ScaleX": 0.5,
                      "ScaleY": 0.5
                    },
                    "Position": {
                      "X": 1051.8356,
                      "Y": 141.4371
                    },
                    "Scale": {
                      "ScaleX": 1.0,
                      "ScaleY": 1.0
                    },
                    "CColor": {},
                    "IconVisible": false,
                    "PrePosition": {
                      "X": 0.9259,
                      "Y": 0.5106
                    },
                    "PreSize": {
                      "X": 0.1188,
                      "Y": 0.4838
                    },
                    "LeftMargin": 984.3356,
                    "RightMargin": 16.6644,
                    "TopMargin": 68.5629,
                    "BottomMargin": 74.4371,
                    "Tag": 7900,
                    "ActionTag": -1500985077,
                    "Size": {
                      "X": 135.0,
                      "Y": 134.0
                    },
                    "Name": "guo",
                    "ctype": "SpriteObjectData"
                  },
                  {
                    "FileData": {
                      "Type": "Normal",
                      "Path": "image/ui/room/room_chi.png",
                      "Plist": ""
                    },
                    "BlendFunc": {
                      "Src": 1,
                      "Dst": 771
                    },
                    "AnchorPoint": {
                      "ScaleX": 0.3936,
                      "ScaleY": 0.4642
                    },
                    "Position": {
                      "X": 445.0848,
                      "Y": 138.0014
                    },
                    "Scale": {
                      "ScaleX": 1.0,
                      "ScaleY": 1.0
                    },
                    "CColor": {},
                    "IconVisible": false,
                    "PositionPercentXEnabled": true,
                    "PositionPercentYEnabled": true,
                    "PrePosition": {
                      "X": 0.3918,
                      "Y": 0.4982
                    },
                    "PreSize": {
                      "X": 0.0766,
                      "Y": 0.3466
                    },
                    "LeftMargin": 410.8416,
                    "RightMargin": 638.1584,
                    "TopMargin": 87.5618,
                    "BottomMargin": 93.4382,
                    "Tag": 7568,
                    "ActionTag": 737115835,
                    "Size": {
                      "X": 87.0,
                      "Y": 96.0
                    },
                    "Name": "chibi",
                    "ctype": "SpriteObjectData"
                  }
                ],
                "ActionTag": 722210366,
                "Size": {
                  "X": 1136.0,
                  "Y": 277.0
                },
                "Name": "bg",
                "ctype": "SpriteObjectData"
              }
            ],
            "ActionTag": 1494531204,
            "Size": {
              "X": 1280.0,
              "Y": 720.0
            },
            "Name": "root",
            "ctype": "PanelObjectData"
          }
        ],
        "Size": {
          "X": 1280.0,
          "Y": 720.0
        },
        "Name": "Scene",
        "ctype": "SingleNodeObjectData"
      },
      "UsedResources": [
        "../../image/ui/room/btnCancel.png",
        "../../image/ui/room/room_back.png",
        "../../image/ui/room/room_chi.png",
        "../../image/ui/room/room_chibibg.png"
      ],
      "ctype": "GameFileData"
    }
  },
  "Type": "Scene"
}