{
  "ID": "6613afb1-d6f4-4d11-8c7b-2af1e533ef1e",
  "Version": "3.10.0.0",
  "Name": "ComboInfo",
  "Content": {
    "Content": {
      "Animation": {
        "Duration": 0,
        "Speed": 1.0,
        "Timelines": [],
        "ctype": "TimelineActionData"
      },
      "AnimationList": [],
      "ObjectData": {
        "Tag": 163,
        "Children": [
          {
            "FileData": {
              "Type": "Normal",
              "Path": "image/ui/result/c_chi.png",
              "Plist": ""
            },
            "BlendFunc": {
              "Src": 1,
              "Dst": 771
            },
            "AnchorPoint": {
              "ScaleX": 0.5,
              "ScaleY": 0.5
            },
            "Position": {
              "X": 24.9999,
              "Y": 254.9995
            },
            "Scale": {
              "ScaleX": 1.0,
              "ScaleY": 1.0
            },
            "CColor": {},
            "IconVisible": false,
            "PrePosition": {
              "X": 0.5,
              "Y": 0.85
            },
            "PreSize": {
              "X": 0.6,
              "Y": 0.1
            },
            "LeftMargin": 9.9999,
            "RightMargin": 10.0001,
            "TopMargin": 30.0005,
            "BottomMargin": 239.9995,
            "Tag": 166,
            "ActionTag": -730142408,
            "Size": {
              "X": 30.0,
              "Y": 30.0
            },
            "Name": "imgTag",
            "ctype": "SpriteObjectData"
          },
          {
            "IsCustomSize": true,
            "FontSize": 30,
            "LabelText": "00",
            "FontResource": {
              "Type": "Normal",
              "Path": "image/fonts/FZZY.TTF",
              "Plist": ""
            },
            "HorizontalAlignmentType": "HT_Center",
            "VerticalAlignmentType": "VT_Center",
            "OutlineColor": {
              "G": 0,
              "B": 0
            },
            "ShadowColor": {
              "R": 110,
              "G": 110,
              "B": 110
            },
            "ShadowOffsetX": 2.0,
            "ShadowOffsetY": -2.0,
            "AnchorPoint": {
              "ScaleX": 0.5,
              "ScaleY": 0.5
            },
            "Position": {
              "X": 26.0,
              "Y": 28.0
            },
            "Scale": {
              "ScaleX": 1.0,
              "ScaleY": 1.0
            },
            "CColor": {},
            "IconVisible": false,
            "PrePosition": {
              "X": 0.52,
              "Y": 0.0933
            },
            "PreSize": {
              "X": 1.0,
              "Y": 0.1333
            },
            "LeftMargin": 1.0,
            "RightMargin": -1.0,
            "TopMargin": 252.0,
            "BottomMargin": 8.0,
            "Tag": 192,
            "ActionTag": 746028521,
            "Size": {
              "X": 50.0,
              "Y": 40.0
            },
            "Name": "txtHx",
            "ctype": "TextObjectData"
          }
        ],
        "Size": {
          "X": 50.0,
          "Y": 300.0
        },
        "Name": "Layer",
        "ctype": "LayerObjectData"
      },
      "UsedResources": [
        "../../image/fonts/FZZY.TTF",
        "../../image/ui/result/c_chi.png"
      ],
      "ctype": "GameFileData"
    }
  },
  "Type": "Layer"
}