{
  "ID": "664d74b7-23e9-4fc9-b03b-7d2e29c5bfcc",
  "Version": "3.10.0.0",
  "Name": "ConfirmJiesan",
  "Content": {
    "Content": {
      "Animation": {
        "Duration": 0,
        "Speed": 1.0,
        "Timelines": [],
        "ctype": "TimelineActionData"
      },
      "AnimationList": [],
      "ObjectData": {
        "Tag": 858,
        "Children": [
          {
            "ClipAble": false,
            "BackColorAlpha": 102,
            "SingleColor": {
              "R": 150,
              "G": 200
            },
            "FirstColor": {
              "R": 150,
              "G": 200
            },
            "EndColor": {},
            "ColorVector": {
              "ScaleY": 1.0
            },
            "Scale9Width": 1,
            "Scale9Height": 1,
            "TouchEnable": true,
            "AnchorPoint": {},
            "Position": {
              "X": 0.0,
              "Y": 0.0
            },
            "Scale": {
              "ScaleX": 1.0,
              "ScaleY": 1.0
            },
            "CColor": {},
            "IconVisible": false,
            "PrePosition": {
              "X": 0.0,
              "Y": 0.0
            },
            "PreSize": {
              "X": 1.0,
              "Y": 1.0
            },
            "Tag": 1076,
            "Children": [
              {
                "FileData": {
                  "Type": "Normal",
                  "Path": "image/ui/common/commom_title_bg.png",
                  "Plist": ""
                },
                "BlendFunc": {
                  "Src": 1,
                  "Dst": 771
                },
                "AnchorPoint": {
                  "ScaleX": 0.5,
                  "ScaleY": 0.5
                },
                "Position": {
                  "X": 640.0,
                  "Y": 584.9031
                },
                "Scale": {
                  "ScaleX": 1.0,
                  "ScaleY": 1.0
                },
                "CColor": {},
                "IconVisible": false,
                "PositionPercentXEnabled": true,
                "PrePosition": {
                  "X": 0.5,
                  "Y": 0.8124
                },
                "PreSize": {
                  "X": 1.0,
                  "Y": 0.1986
                },
                "TopMargin": 63.5969,
                "BottomMargin": 513.4031,
                "Tag": 1780,
                "Children": [
                  {
                    "FileData": {
                      "Type": "Normal",
                      "Path": "image/ui/title/title_hint.png",
                      "Plist": ""
                    },
                    "BlendFunc": {
                      "Src": 1,
                      "Dst": 771
                    },
                    "AnchorPoint": {
                      "ScaleX": 0.5,
                      "ScaleY": 0.5
                    },
                    "Position": {
                      "X": 640.0,
                      "Y": 100.0999
                    },
                    "Scale": {
                      "ScaleX": 1.0,
                      "ScaleY": 1.0
                    },
                    "CColor": {},
                    "IconVisible": false,
                    "PositionPercentXEnabled": true,
                    "PositionPercentYEnabled": true,
                    "PrePosition": {
                      "X": 0.5,
                      "Y": 0.7
                    },
                    "PreSize": {
                      "X": 0.1102,
                      "Y": 0.4685
                    },
                    "LeftMargin": 569.5,
                    "RightMargin": 569.5,
                    "TopMargin": 9.4001,
                    "BottomMargin": 66.5999,
                    "Tag": 1781,
                    "ActionTag": 301044285,
                    "Size": {
                      "X": 141.0,
                      "Y": 67.0
                    },
                    "Name": "word_jsfj_1",
                    "ctype": "SpriteObjectData"
                  }
                ],
                "ActionTag": 1336171030,
                "Size": {
                  "X": 1280.0,
                  "Y": 143.0
                },
                "Name": "commom_title_bg_16",
                "ctype": "SpriteObjectData"
              },
              {
                "FileData": {
                  "Type": "Normal",
                  "Path": "image/ui/common/tips_bj.png",
                  "Plist": ""
                },
                "Scale9OriginX": 3,
                "Scale9OriginY": 3,
                "Scale9Width": 973,
                "Scale9Height": 422,
                "AnchorPoint": {
                  "ScaleX": 0.5,
                  "ScaleY": 0.5
                },
                "Position": {
                  "X": 640.0,
                  "Y": 360.0
                },
                "Scale": {
                  "ScaleX": 1.0,
                  "ScaleY": 1.0
                },
                "CColor": {},
                "IconVisible": false,
                "PositionPercentXEnabled": true,
                "PositionPercentYEnabled": true,
                "PrePosition": {
                  "X": 0.5,
                  "Y": 0.5
                },
                "PreSize": {
                  "X": 0.7648,
                  "Y": 0.5944
                },
                "LeftMargin": 150.5,
                "RightMargin": 150.5,
                "TopMargin": 146.0,
                "BottomMargin": 146.0,
                "Tag": 861,
                "Children": [
                  {
                    "IsCustomSize": true,
                    "FontSize": 35,
                    "LabelText": "解散房间不扣房卡，是否确定解散房间？",
                    "FontResource": {
                      "Type": "Normal",
                      "Path": "image/fonts/FZZY.TTF",
                      "Plist": ""
                    },
                    "HorizontalAlignmentType": "HT_Center",
                    "VerticalAlignmentType": "VT_Center",
                    "OutlineColor": {},
                    "ShadowColor": {
                      "R": 110,
                      "G": 110,
                      "B": 110
                    },
                    "ShadowOffsetX": 2.0,
                    "ShadowOffsetY": -2.0,
                    "AnchorPoint": {
                      "ScaleX": 0.5,
                      "ScaleY": 0.5
                    },
                    "Position": {
                      "X": 489.5,
                      "Y": 256.8
                    },
                    "Scale": {
                      "ScaleX": 1.0,
                      "ScaleY": 1.0
                    },
                    "CColor": {
                      "R": 90,
                      "G": 30,
                      "B": 17
                    },
                    "IconVisible": false,
                    "PositionPercentXEnabled": true,
                    "PositionPercentYEnabled": true,
                    "PrePosition": {
                      "X": 0.5,
                      "Y": 0.6
                    },
                    "PercentWidthEnable": true,
                    "PercentWidthEnabled": true,
                    "PreSize": {
                      "X": 1.0,
                      "Y": 0.4673
                    },
                    "TopMargin": 71.2,
                    "BottomMargin": 156.8,
                    "Tag": 863,
                    "ActionTag": -1009554742,
                    "Size": {
                      "X": 979.0,
                      "Y": 200.0
                    },
                    "Name": "t0",
                    "ctype": "TextObjectData"
                  }
                ],
                "ActionTag": -1821246289,
                "Size": {
                  "X": 979.0,
                  "Y": 428.0
                },
                "Name": "bg",
                "ctype": "ImageViewObjectData"
              },
              {
                "FontSize": 14,
                "ButtonText": "",
                "TextColor": {
                  "R": 65,
                  "G": 65,
                  "B": 70
                },
                "DisabledFileData": {
                  "Type": "Normal",
                  "Path": "image/ui/room2/btn_create2.png",
                  "Plist": ""
                },
                "PressedFileData": {
                  "Type": "Normal",
                  "Path": "image/ui/room2/btn_create2.png",
                  "Plist": ""
                },
                "NormalFileData": {
                  "Type": "Normal",
                  "Path": "image/ui/room2/btn_create2.png",
                  "Plist": ""
                },
                "Scale9Enable": true,
                "Scale9OriginX": 15,
                "Scale9OriginY": 11,
                "Scale9Width": 171,
                "Scale9Height": 47,
                "OutlineColor": {
                  "G": 0,
                  "B": 0
                },
                "ShadowColor": {
                  "R": 110,
                  "G": 110,
                  "B": 110
                },
                "ShadowOffsetX": 2.0,
                "ShadowOffsetY": -2.0,
                "TouchEnable": true,
                "AnchorPoint": {
                  "ScaleX": 0.5,
                  "ScaleY": 0.5
                },
                "Position": {
                  "X": 462.7886,
                  "Y": 221.7413
                },
                "Scale": {
                  "ScaleX": 1.0,
                  "ScaleY": 1.0
                },
                "CColor": {},
                "IconVisible": false,
                "PrePosition": {
                  "X": 0.3616,
                  "Y": 0.308
                },
                "PreSize": {
                  "X": 0.157,
                  "Y": 0.0958
                },
                "LeftMargin": 362.2886,
                "RightMargin": 716.7114,
                "TopMargin": 463.7587,
                "BottomMargin": 187.2413,
                "Tag": 864,
                "Children": [
                  {
                    "FontSize": 40,
                    "LabelText": "确定",
                    "FontResource": {
                      "Type": "Normal",
                      "Path": "image/fonts/FZZY.TTF",
                      "Plist": ""
                    },
                    "OutlineColor": {
                      "R": 0,
                      "G": 0,
                      "B": 0
                    },
                    "OutlineEnabled": true,
                    "ShadowColor": {
                      "R": 110,
                      "G": 110,
                      "B": 110
                    },
                    "ShadowOffsetX": 2.0,
                    "ShadowOffsetY": -2.0,
                    "AnchorPoint": {
                      "ScaleX": 0.5,
                      "ScaleY": 0.5
                    },
                    "Position": {
                      "X": 100.5,
                      "Y": 37.8189
                    },
                    "Scale": {
                      "ScaleX": 1.0,
                      "ScaleY": 1.0
                    },
                    "CColor": {},
                    "IconVisible": false,
                    "PositionPercentXEnabled": true,
                    "PositionPercentYEnabled": true,
                    "PrePosition": {
                      "X": 0.5,
                      "Y": 0.5481
                    },
                    "PreSize": {
                      "X": 0.4129,
                      "Y": 0.6812
                    },
                    "LeftMargin": 59.0,
                    "RightMargin": 59.0,
                    "TopMargin": 7.6811,
                    "BottomMargin": 14.3189,
                    "Tag": 865,
                    "ActionTag": -2059915159,
                    "Size": {
                      "X": 83.0,
                      "Y": 47.0
                    },
                    "Name": "Text_3",
                    "ctype": "TextObjectData"
                  }
                ],
                "ActionTag": 1447405681,
                "Size": {
                  "X": 201.0,
                  "Y": 69.0
                },
                "Name": "bt1",
                "ctype": "ButtonObjectData"
              },
              {
                "FontSize": 14,
                "ButtonText": "",
                "TextColor": {
                  "R": 65,
                  "G": 65,
                  "B": 70
                },
                "DisabledFileData": {
                  "Type": "Normal",
                  "Path": "image/ui/room2/btn_cancel.png",
                  "Plist": ""
                },
                "PressedFileData": {
                  "Type": "Normal",
                  "Path": "image/ui/room2/btn_cancel.png",
                  "Plist": ""
                },
                "NormalFileData": {
                  "Type": "Normal",
                  "Path": "image/ui/room2/btn_cancel.png",
                  "Plist": ""
                },
                "Scale9OriginX": 15,
                "Scale9OriginY": 11,
                "Scale9Width": 171,
                "Scale9Height": 47,
                "OutlineColor": {
                  "G": 0,
                  "B": 0
                },
                "ShadowColor": {
                  "R": 110,
                  "G": 110,
                  "B": 110
                },
                "ShadowOffsetX": 2.0,
                "ShadowOffsetY": -2.0,
                "TouchEnable": true,
                "AnchorPoint": {
                  "ScaleX": 0.5,
                  "ScaleY": 0.5
                },
                "Position": {
                  "X": 828.7263,
                  "Y": 223.6911
                },
                "Scale": {
                  "ScaleX": 1.0,
                  "ScaleY": 1.0
                },
                "CColor": {},
                "IconVisible": false,
                "PrePosition": {
                  "X": 0.6474,
                  "Y": 0.3107
                },
                "PreSize": {
                  "X": 0.157,
                  "Y": 0.0958
                },
                "LeftMargin": 728.2263,
                "RightMargin": 350.7737,
                "TopMargin": 461.8089,
                "BottomMargin": 189.1911,
                "Tag": 866,
                "Children": [
                  {
                    "FontSize": 40,
                    "LabelText": "取消",
                    "FontResource": {
                      "Type": "Normal",
                      "Path": "image/fonts/FZZY.TTF",
                      "Plist": ""
                    },
                    "OutlineColor": {
                      "R": 0,
                      "G": 0,
                      "B": 0
                    },
                    "OutlineEnabled": true,
                    "ShadowColor": {
                      "R": 110,
                      "G": 110,
                      "B": 110
                    },
                    "ShadowOffsetX": 2.0,
                    "ShadowOffsetY": -2.0,
                    "AnchorPoint": {
                      "ScaleX": 0.5,
                      "ScaleY": 0.5
                    },
                    "Position": {
                      "X": 100.5,
                      "Y": 39.8199
                    },
                    "Scale": {
                      "ScaleX": 1.0,
                      "ScaleY": 1.0
                    },
                    "CColor": {},
                    "IconVisible": false,
                    "PositionPercentXEnabled": true,
                    "PositionPercentYEnabled": true,
                    "PrePosition": {
                      "X": 0.5,
                      "Y": 0.5771
                    },
                    "PreSize": {
                      "X": 0.408,
                      "Y": 0.6812
                    },
                    "LeftMargin": 59.5,
                    "RightMargin": 59.5,
                    "TopMargin": 5.6801,
                    "BottomMargin": 16.3199,
                    "Tag": 867,
                    "ActionTag": -2081918943,
                    "Size": {
                      "X": 82.0,
                      "Y": 47.0
                    },
                    "Name": "Text_4",
                    "ctype": "TextObjectData"
                  }
                ],
                "ActionTag": -1208919906,
                "Size": {
                  "X": 201.0,
                  "Y": 69.0
                },
                "Name": "bt2",
                "ctype": "ButtonObjectData"
              }
            ],
            "ActionTag": 1574382055,
            "Size": {
              "X": 1280.0,
              "Y": 720.0
            },
            "Name": "panel",
            "ctype": "PanelObjectData"
          }
        ],
        "Size": {
          "X": 1280.0,
          "Y": 720.0
        },
        "Name": "Scene",
        "ctype": "SingleNodeObjectData"
      },
      "UsedResources": [
        "../../image/fonts/FZZY.TTF",
        "../../image/ui/common/commom_title_bg.png",
        "../../image/ui/common/tips_bj.png",
        "../../image/ui/room2/btn_cancel.png",
        "../../image/ui/room2/btn_create2.png",
        "../../image/ui/title/title_hint.png"
      ],
      "ctype": "GameFileData"
    }
  },
  "Type": "Scene"
}