{
  "ID": "00114f76-01cc-4bc2-937c-a411f635795b",
  "Version": "3.10.0.0",
  "Name": "CreateRoom",
  "Content": {
    "Content": {
      "Animation": {
        "Duration": 0,
        "Speed": 1.0,
        "Timelines": [],
        "ctype": "TimelineActionData"
      },
      "AnimationList": [],
      "ObjectData": {
        "Children": [
          {
            "ClipAble": false,
            "BackColorAlpha": 127,
            "ComboBoxIndex": 1,
            "SingleColor": {
              "R": 0,
              "G": 0,
              "B": 0
            },
            "FirstColor": {
              "R": 150,
              "G": 200
            },
            "EndColor": {},
            "ColorVector": {
              "ScaleY": 1.0
            },
            "Scale9Width": 1,
            "Scale9Height": 1,
            "TouchEnable": true,
            "AnchorPoint": {},
            "Position": {
              "X": 0.0,
              "Y": 0.0
            },
            "Scale": {
              "ScaleX": 1.0,
              "ScaleY": 1.0
            },
            "CColor": {},
            "IconVisible": false,
            "PrePosition": {
              "X": 0.0,
              "Y": 0.0
            },
            "PreSize": {
              "X": 1.0,
              "Y": 1.0
            },
            "Tag": 332,
            "Children": [
              {
                "FileData": {
                  "Type": "Normal",
                  "Path": "image/ui/common/common_bg1.png",
                  "Plist": ""
                },
                "Scale9Enable": true,
                "Scale9OriginX": 65,
                "Scale9OriginY": 230,
                "Scale9Width": 67,
                "Scale9Height": 237,
                "AnchorPoint": {
                  "ScaleX": 0.5,
                  "ScaleY": 0.5
                },
                "Position": {
                  "X": 640.0,
                  "Y": 321.9998
                },
                "Scale": {
                  "ScaleX": 1.0,
                  "ScaleY": 1.0
                },
                "CColor": {},
                "IconVisible": false,
                "PositionPercentXEnabled": true,
                "PrePosition": {
                  "X": 0.5,
                  "Y": 0.4472
                },
                "PreSize": {
                  "X": 0.9766,
                  "Y": 0.9028
                },
                "LeftMargin": 15.0,
                "RightMargin": 15.0,
                "TopMargin": 73.0002,
                "BottomMargin": -3.0002,
                "Tag": 160,
                "ActionTag": -1610679341,
                "Size": {
                  "X": 1250.0,
                  "Y": 650.0
                },
                "Name": "Image_6",
                "ctype": "ImageViewObjectData"
              },
              {
                "FileData": {
                  "Type": "Normal",
                  "Path": "image/ui/common/commom_title_bg.png",
                  "Plist": ""
                },
                "BlendFunc": {
                  "Src": 1,
                  "Dst": 771
                },
                "AnchorPoint": {
                  "ScaleX": 0.5,
                  "ScaleY": 0.5
                },
                "Position": {
                  "X": 640.0,
                  "Y": 669.024
                },
                "Scale": {
                  "ScaleX": 1.0,
                  "ScaleY": 1.0
                },
                "CColor": {},
                "IconVisible": false,
                "PositionPercentXEnabled": true,
                "PositionPercentYEnabled": true,
                "PrePosition": {
                  "X": 0.5,
                  "Y": 0.9292
                },
                "PreSize": {
                  "X": 0.975,
                  "Y": 0.1222
                },
                "LeftMargin": 16.0,
                "RightMargin": 16.0,
                "TopMargin": 6.976,
                "BottomMargin": 625.024,
                "Tag": 335,
                "ActionTag": -279933419,
                "Size": {
                  "X": 1248.0,
                  "Y": 88.0
                },
                "Name": "Sprite_1_0",
                "ctype": "SpriteObjectData"
              },
              {
                "FileData": {
                  "Type": "Normal",
                  "Path": "image/ui/title/title_createroom.png",
                  "Plist": ""
                },
                "BlendFunc": {
                  "Src": 1,
                  "Dst": 771
                },
                "AnchorPoint": {
                  "ScaleX": 0.5,
                  "ScaleY": 0.5
                },
                "Position": {
                  "X": 640.0,
                  "Y": 669.744
                },
                "Scale": {
                  "ScaleX": 1.0,
                  "ScaleY": 1.0
                },
                "CColor": {},
                "IconVisible": false,
                "PositionPercentXEnabled": true,
                "PositionPercentYEnabled": true,
                "PrePosition": {
                  "X": 0.5,
                  "Y": 0.9302
                },
                "PreSize": {
                  "X": 0.2219,
                  "Y": 0.1389
                },
                "LeftMargin": 498.0,
                "RightMargin": 498.0,
                "TopMargin": 0.256,
                "BottomMargin": 619.744,
                "Tag": 100,
                "ActionTag": 1676507983,
                "Size": {
                  "X": 284.0,
                  "Y": 100.0
                },
                "Name": "room_createroom_5",
                "ctype": "SpriteObjectData"
              },
              {
                "FileData": {
                  "Type": "Normal",
                  "Path": "image/ui/common/commom_bg2.png",
                  "Plist": ""
                },
                "Scale9Enable": true,
                "Scale9OriginX": 58,
                "Scale9OriginY": 36,
                "Scale9Width": 1,
                "Scale9Height": 504,
                "AnchorPoint": {
                  "ScaleY": 1.0
                },
                "Position": {
                  "X": 281.216,
                  "Y": 621.0331
                },
                "Scale": {
                  "ScaleX": 1.0,
                  "ScaleY": 1.0
                },
                "CColor": {},
                "IconVisible": false,
                "PositionPercentXEnabled": true,
                "PrePosition": {
                  "X": 0.2197,
                  "Y": 0.8625
                },
                "PreSize": {
                  "X": 0.75,
                  "Y": 0.8333
                },
                "LeftMargin": 281.216,
                "RightMargin": 38.7839,
                "TopMargin": 98.9669,
                "BottomMargin": 21.0331,
                "Tag": 337,
                "ActionTag": 2010050763,
                "Size": {
                  "X": 960.0,
                  "Y": 600.0
                },
                "Name": "Image_2",
                "ctype": "ImageViewObjectData"
              }
            ],
            "ActionTag": 912994875,
            "Size": {
              "X": 1280.0,
              "Y": 720.0
            },
            "Name": "bgPanel",
            "ctype": "PanelObjectData"
          },
          {
            "FileData": {
              "Type": "Normal",
              "Path": "image/ui/room2/btn_create2.png",
              "Plist": ""
            },
            "BlendFunc": {
              "Src": 1,
              "Dst": 771
            },
            "AnchorPoint": {
              "ScaleX": 0.5,
              "ScaleY": 0.5
            },
            "Position": {
              "X": 1139.584,
              "Y": 71.137
            },
            "Scale": {
              "ScaleX": 0.9,
              "ScaleY": 0.9
            },
            "CColor": {},
            "IconVisible": false,
            "PositionPercentXEnabled": true,
            "PrePosition": {
              "X": 0.8903,
              "Y": 0.0988
            },
            "PreSize": {
              "X": 0.1578,
              "Y": 0.1194
            },
            "LeftMargin": 1038.584,
            "RightMargin": 39.416,
            "TopMargin": 605.863,
            "BottomMargin": 28.137,
            "Tag": 182,
            "ActionTag": 931623269,
            "Size": {
              "X": 202.0,
              "Y": 86.0
            },
            "Name": "btn_create",
            "ctype": "SpriteObjectData"
          },
          {
            "FileData": {
              "Type": "Normal",
              "Path": "image/ui/room/room_close.png",
              "Plist": ""
            },
            "BlendFunc": {
              "Src": 1,
              "Dst": 771
            },
            "AnchorPoint": {
              "ScaleX": 0.5,
              "ScaleY": 0.5
            },
            "Position": {
              "X": 1230.0,
              "Y": 680.0
            },
            "Scale": {
              "ScaleX": 1.0,
              "ScaleY": 1.0
            },
            "CColor": {},
            "IconVisible": false,
            "PrePosition": {
              "X": 0.9609,
              "Y": 0.9444
            },
            "PreSize": {
              "X": 0.0719,
              "Y": 0.1389
            },
            "LeftMargin": 1184.0,
            "RightMargin": 4.0,
            "TopMargin": -10.0,
            "BottomMargin": 630.0,
            "Tag": 202,
            "ActionTag": 475826977,
            "Size": {
              "X": 92.0,
              "Y": 100.0
            },
            "Name": "btn_back",
            "ctype": "SpriteObjectData"
          },
          {
            "AnchorPoint": {},
            "Position": {
              "X": 486.1392,
              "Y": 517.0
            },
            "Scale": {
              "ScaleX": 1.0,
              "ScaleY": 1.0
            },
            "CColor": {},
            "IconVisible": true,
            "PrePosition": {
              "X": 0.3798,
              "Y": 0.7181
            },
            "PreSize": {
              "X": 0.0,
              "Y": 0.0
            },
            "LeftMargin": 486.1392,
            "RightMargin": 793.8608,
            "TopMargin": 203.0,
            "BottomMargin": 517.0,
            "Tag": 1202,
            "Children": [
              {
                "FileData": {
                  "Type": "Normal",
                  "Path": "image/ui/room2/create_light.png",
                  "Plist": ""
                },
                "BlendFunc": {
                  "Src": 1,
                  "Dst": 771
                },
                "AnchorPoint": {
                  "ScaleX": 0.5,
                  "ScaleY": 0.5
                },
                "Position": {
                  "X": 67.5006,
                  "Y": 0.0016
                },
                "Scale": {
                  "ScaleX": 1.0,
                  "ScaleY": 1.0
                },
                "CColor": {},
                "IconVisible": false,
                "PrePosition": {
                  "X": 0.0,
                  "Y": 0.0
                },
                "PreSize": {
                  "X": 0.0,
                  "Y": 0.0
                },
                "LeftMargin": -35.9994,
                "RightMargin": -171.0006,
                "TopMargin": -37.5016,
                "BottomMargin": -37.4984,
                "Tag": 112,
                "ActionTag": 930149161,
                "Size": {
                  "X": 207.0,
                  "Y": 75.0
                },
                "Name": "light",
                "ctype": "SpriteObjectData"
              },
              {
                "FontSize": 32,
                "LabelText": "10局",
                "FontResource": {
                  "Type": "Normal",
                  "Path": "image/fonts/FZZY.TTF",
                  "Plist": ""
                },
                "OutlineColor": {
                  "R": 117,
                  "G": 88,
                  "B": 27
                },
                "ShadowColor": {
                  "R": 110,
                  "G": 110,
                  "B": 110
                },
                "ShadowOffsetX": 2.0,
                "ShadowOffsetY": -2.0,
                "AnchorPoint": {
                  "ScaleY": 1.0
                },
                "Position": {
                  "X": 24.0,
                  "Y": 18.0005
                },
                "Scale": {
                  "ScaleX": 1.0,
                  "ScaleY": 1.0
                },
                "CColor": {
                  "R": 92,
                  "G": 43,
                  "B": 18
                },
                "IconVisible": false,
                "PrePosition": {
                  "X": 0.0,
                  "Y": 0.0
                },
                "PreSize": {
                  "X": 0.0,
                  "Y": 0.0
                },
                "LeftMargin": 24.0,
                "RightMargin": -86.0,
                "TopMargin": -18.0005,
                "BottomMargin": -17.9995,
                "Tag": 1200,
                "ActionTag": 2065954783,
                "Size": {
                  "X": 62.0,
                  "Y": 36.0
                },
                "Name": "text",
                "ctype": "TextObjectData"
              },
              {
                "CheckedState": true,
                "NormalBackFileData": {
                  "Type": "Normal",
                  "Path": "image/ui/room2/bt_bg.png",
                  "Plist": ""
                },
                "PressedBackFileData": {
                  "Type": "Normal",
                  "Path": "image/ui/room2/bt_bg.png",
                  "Plist": ""
                },
                "DisableBackFileData": {
                  "Type": "Default",
                  "Path": "Default/CheckBox_Disable.png",
                  "Plist": ""
                },
                "NodeNormalFileData": {
                  "Type": "Normal",
                  "Path": "image/ui/room2/btselect.png",
                  "Plist": ""
                },
                "NodeDisableFileData": {
                  "Type": "Normal",
                  "Path": "image/ui/room2/btselect.png",
                  "Plist": ""
                },
                "TouchEnable": true,
                "AnchorPoint": {
                  "ScaleX": 0.5,
                  "ScaleY": 0.5
                },
                "Position": {
                  "X": 0.0,
                  "Y": 0.0
                },
                "Scale": {
                  "ScaleX": 1.0,
                  "ScaleY": 1.0
                },
                "CColor": {},
                "IconVisible": false,
                "PrePosition": {
                  "X": 0.0,
                  "Y": 0.0
                },
                "PreSize": {
                  "X": 0.0,
                  "Y": 0.0
                },
                "LeftMargin": -27.0,
                "RightMargin": -27.0,
                "TopMargin": -27.0,
                "BottomMargin": -27.0,
                "Tag": 1199,
                "ActionTag": -673271509,
                "Size": {
                  "X": 54.0,
                  "Y": 54.0
                },
                "Name": "checkBox1",
                "ctype": "CheckBoxObjectData"
              },
              {
                "CheckedState": true,
                "NormalBackFileData": {
                  "Type": "Normal",
                  "Path": "image/ui/room2/cb2_0.png",
                  "Plist": ""
                },
                "PressedBackFileData": {
                  "Type": "Normal",
                  "Path": "image/ui/room2/cb2_0.png",
                  "Plist": ""
                },
                "DisableBackFileData": {
                  "Type": "Normal",
                  "Path": "image/ui/room2/cb2_0.png",
                  "Plist": ""
                },
                "NodeNormalFileData": {
                  "Type": "Normal",
                  "Path": "image/ui/room2/cb2_1.png",
                  "Plist": ""
                },
                "NodeDisableFileData": {
                  "Type": "Normal",
                  "Path": "image/ui/room2/cb2_1.png",
                  "Plist": ""
                },
                "TouchEnable": true,
                "AnchorPoint": {
                  "ScaleX": 0.5,
                  "ScaleY": 0.5
                },
                "Position": {
                  "X": -2.0,
                  "Y": 0.0
                },
                "Scale": {
                  "ScaleX": 1.0,
                  "ScaleY": 1.0
                },
                "CColor": {},
                "IconVisible": false,
                "PrePosition": {
                  "X": 0.0,
                  "Y": 0.0
                },
                "PreSize": {
                  "X": 0.0,
                  "Y": 0.0
                },
                "LeftMargin": -26.0,
                "RightMargin": -22.0,
                "TopMargin": -25.0,
                "BottomMargin": -25.0,
                "Tag": 276,
                "ActionTag": -966181949,
                "Size": {
                  "X": 48.0,
                  "Y": 50.0
                },
                "Name": "checkBox2",
                "ctype": "CheckBoxObjectData"
              }
            ],
            "ActionTag": -1251916776,
            "Size": {
              "X": 0.0,
              "Y": 0.0
            },
            "Name": "cb",
            "ctype": "SingleNodeObjectData"
          },
          {
            "FileData": {
              "Type": "Normal",
              "Path": "image/ui/common/bg_black.png",
              "Plist": ""
            },
            "Scale9Enable": true,
            "Scale9OriginX": 25,
            "Scale9OriginY": 24,
            "Scale9Width": 26,
            "Scale9Height": 25,
            "AnchorPoint": {
              "ScaleX": 0.5,
              "ScaleY": 0.5
            },
            "Position": {
              "X": 154.7481,
              "Y": 322.1976
            },
            "Scale": {
              "ScaleX": 1.0,
              "ScaleY": 1.0
            },
            "CColor": {},
            "IconVisible": false,
            "PrePosition": {
              "X": 0.1209,
              "Y": 0.4475
            },
            "PreSize": {
              "X": 0.1875,
              "Y": 0.8333
            },
            "LeftMargin": 34.7481,
            "RightMargin": 1005.2519,
            "TopMargin": 97.8024,
            "BottomMargin": 22.1976,
            "Tag": 161,
            "ActionTag": 1873504466,
            "Size": {
              "X": 240.0,
              "Y": 600.0
            },
            "Name": "Image_7",
            "ctype": "ImageViewObjectData"
          },
          {
            "AnchorPoint": {},
            "Position": {
              "X": 616.6263,
              "Y": 600.0073
            },
            "Scale": {
              "ScaleX": 1.0,
              "ScaleY": 1.0
            },
            "CColor": {},
            "IconVisible": true,
            "PrePosition": {
              "X": 0.4817,
              "Y": 0.8333
            },
            "PreSize": {
              "X": 0.0,
              "Y": 0.0
            },
            "LeftMargin": 616.6263,
            "RightMargin": 663.3737,
            "TopMargin": 119.9927,
            "BottomMargin": 600.0073,
            "Tag": 340,
            "Children": [
              {
                "FileData": {
                  "Type": "Normal",
                  "Path": "image/ui/common/create_fangka.png",
                  "Plist": ""
                },
                "BlendFunc": {
                  "Src": 1,
                  "Dst": 771
                },
                "AnchorPoint": {
                  "ScaleX": 0.5,
                  "ScaleY": 0.5
                },
                "Position": {
                  "X": -0.9999,
                  "Y": -79.5423
                },
                "Scale": {
                  "ScaleX": 1.0,
                  "ScaleY": 1.0
                },
                "CColor": {},
                "IconVisible": false,
                "PrePosition": {
                  "X": 0.0,
                  "Y": 0.0
                },
                "PreSize": {
                  "X": 0.0,
                  "Y": 0.0
                },
                "LeftMargin": -25.9999,
                "RightMargin": -24.0001,
                "TopMargin": 60.5423,
                "BottomMargin": -98.5423,
                "Tag": 338,
                "ActionTag": -1841904621,
                "Size": {
                  "X": 50.0,
                  "Y": 38.0
                },
                "Name": "Sprite_3",
                "ctype": "SpriteObjectData"
              },
              {
                "FontSize": 30,
                "LabelText": "x000",
                "FontResource": {
                  "Type": "Normal",
                  "Path": "image/fonts/FZZY.TTF",
                  "Plist": ""
                },
                "OutlineColor": {
                  "R": 117,
                  "G": 88,
                  "B": 27
                },
                "ShadowColor": {
                  "R": 110,
                  "G": 110,
                  "B": 110
                },
                "ShadowOffsetX": 2.0,
                "ShadowOffsetY": -2.0,
                "AnchorPoint": {
                  "ScaleY": 0.5
                },
                "Position": {
                  "X": 18.001,
                  "Y": -81.5406
                },
                "Scale": {
                  "ScaleX": 1.0,
                  "ScaleY": 1.0
                },
                "CColor": {
                  "R": 92,
                  "G": 43,
                  "B": 18
                },
                "IconVisible": false,
                "PrePosition": {
                  "X": 0.0,
                  "Y": 0.0
                },
                "PreSize": {
                  "X": 0.0,
                  "Y": 0.0
                },
                "LeftMargin": 18.001,
                "RightMargin": -83.001,
                "TopMargin": 64.5406,
                "BottomMargin": -98.5406,
                "Tag": 339,
                "ActionTag": -1379222326,
                "Size": {
                  "X": 65.0,
                  "Y": 34.0
                },
                "Name": "num",
                "ctype": "TextObjectData"
              }
            ],
            "ActionTag": 1223197638,
            "Size": {
              "X": 0.0,
              "Y": 0.0
            },
            "Name": "fkNode1",
            "ctype": "SingleNodeObjectData"
          },
          {
            "AnchorPoint": {},
            "Position": {
              "X": 861.623,
              "Y": 600.0073
            },
            "Scale": {
              "ScaleX": 1.0,
              "ScaleY": 1.0
            },
            "CColor": {},
            "IconVisible": true,
            "PrePosition": {
              "X": 0.6731,
              "Y": 0.8333
            },
            "PreSize": {
              "X": 0.0,
              "Y": 0.0
            },
            "LeftMargin": 861.623,
            "RightMargin": 418.377,
            "TopMargin": 119.9927,
            "BottomMargin": 600.0073,
            "Tag": 341,
            "Children": [
              {
                "FileData": {
                  "Type": "Normal",
                  "Path": "image/ui/common/create_fangka.png",
                  "Plist": ""
                },
                "BlendFunc": {
                  "Src": 1,
                  "Dst": 771
                },
                "AnchorPoint": {
                  "ScaleX": 0.5,
                  "ScaleY": 0.5
                },
                "Position": {
                  "X": -1.0002,
                  "Y": -79.5806
                },
                "Scale": {
                  "ScaleX": 1.0,
                  "ScaleY": 1.0
                },
                "CColor": {},
                "IconVisible": false,
                "PrePosition": {
                  "X": 0.0,
                  "Y": 0.0
                },
                "PreSize": {
                  "X": 0.0,
                  "Y": 0.0
                },
                "LeftMargin": -26.0002,
                "RightMargin": -23.9998,
                "TopMargin": 60.5806,
                "BottomMargin": -98.5806,
                "Tag": 342,
                "ActionTag": 1258975078,
                "Size": {
                  "X": 50.0,
                  "Y": 38.0
                },
                "Name": "Sprite_3",
                "ctype": "SpriteObjectData"
              },
              {
                "FontSize": 30,
                "LabelText": "x000",
                "FontResource": {
                  "Type": "Normal",
                  "Path": "image/fonts/FZZY.TTF",
                  "Plist": ""
                },
                "OutlineColor": {
                  "R": 117,
                  "G": 88,
                  "B": 27
                },
                "ShadowColor": {
                  "R": 110,
                  "G": 110,
                  "B": 110
                },
                "ShadowOffsetX": 2.0,
                "ShadowOffsetY": -2.0,
                "AnchorPoint": {
                  "ScaleY": 0.5
                },
                "Position": {
                  "X": 18.0,
                  "Y": -81.5406
                },
                "Scale": {
                  "ScaleX": 1.0,
                  "ScaleY": 1.0
                },
                "CColor": {
                  "R": 92,
                  "G": 43,
                  "B": 18
                },
                "IconVisible": false,
                "PrePosition": {
                  "X": 0.0,
                  "Y": 0.0
                },
                "PreSize": {
                  "X": 0.0,
                  "Y": 0.0
                },
                "LeftMargin": 18.0,
                "RightMargin": -83.0,
                "TopMargin": 64.5406,
                "BottomMargin": -98.5406,
                "Tag": 343,
                "ActionTag": 563269182,
                "Size": {
                  "X": 65.0,
                  "Y": 34.0
                },
                "Name": "num",
                "ctype": "TextObjectData"
              }
            ],
            "ActionTag": 1101797842,
            "Size": {
              "X": 0.0,
              "Y": 0.0
            },
            "Name": "fkNode2",
            "ctype": "SingleNodeObjectData"
          },
          {
            "AnchorPoint": {},
            "Position": {
              "X": 1106.6246,
              "Y": 600.0073
            },
            "Scale": {
              "ScaleX": 1.0,
              "ScaleY": 1.0
            },
            "CColor": {},
            "IconVisible": true,
            "PrePosition": {
              "X": 0.8646,
              "Y": 0.8333
            },
            "PreSize": {
              "X": 0.0,
              "Y": 0.0
            },
            "LeftMargin": 1106.6246,
            "RightMargin": 173.3754,
            "TopMargin": 119.9927,
            "BottomMargin": 600.0073,
            "Tag": 344,
            "Children": [
              {
                "FileData": {
                  "Type": "Normal",
                  "Path": "image/ui/common/create_fangka.png",
                  "Plist": ""
                },
                "BlendFunc": {
                  "Src": 1,
                  "Dst": 771
                },
                "AnchorPoint": {
                  "ScaleX": 0.5,
                  "ScaleY": 0.5
                },
                "Position": {
                  "X": -5.0002,
                  "Y": -79.5408
                },
                "Scale": {
                  "ScaleX": 1.0,
                  "ScaleY": 1.0
                },
                "CColor": {},
                "IconVisible": false,
                "PrePosition": {
                  "X": 0.0,
                  "Y": 0.0
                },
                "PreSize": {
                  "X": 0.0,
                  "Y": 0.0
                },
                "LeftMargin": -30.0002,
                "RightMargin": -19.9998,
                "TopMargin": 60.5408,
                "BottomMargin": -98.5408,
                "Tag": 345,
                "ActionTag": -236326849,
                "Size": {
                  "X": 50.0,
                  "Y": 38.0
                },
                "Name": "Sprite_3",
                "ctype": "SpriteObjectData"
              },
              {
                "FontSize": 30,
                "LabelText": "x000",
                "FontResource": {
                  "Type": "Normal",
                  "Path": "image/fonts/FZZY.TTF",
                  "Plist": ""
                },
                "OutlineColor": {
                  "R": 117,
                  "G": 88,
                  "B": 27
                },
                "ShadowColor": {
                  "R": 110,
                  "G": 110,
                  "B": 110
                },
                "ShadowOffsetX": 2.0,
                "ShadowOffsetY": -2.0,
                "AnchorPoint": {
                  "ScaleY": 0.5
                },
                "Position": {
                  "X": 17.9998,
                  "Y": -81.5406
                },
                "Scale": {
                  "ScaleX": 1.0,
                  "ScaleY": 1.0
                },
                "CColor": {
                  "R": 92,
                  "G": 43,
                  "B": 18
                },
                "IconVisible": false,
                "PrePosition": {
                  "X": 0.0,
                  "Y": 0.0
                },
                "PreSize": {
                  "X": 0.0,
                  "Y": 0.0
                },
                "LeftMargin": 17.9998,
                "RightMargin": -82.9998,
                "TopMargin": 64.5406,
                "BottomMargin": -98.5406,
                "Tag": 346,
                "ActionTag": 415086599,
                "Size": {
                  "X": 65.0,
                  "Y": 34.0
                },
                "Name": "num",
                "ctype": "TextObjectData"
              }
            ],
            "ActionTag": -1294650359,
            "Size": {
              "X": 0.0,
              "Y": 0.0
            },
            "Name": "fkNode3",
            "ctype": "SingleNodeObjectData"
          },
          {
            "IsBounceEnabled": true,
            "InnerNodeSize": {
              "Width": 300,
              "Height": 600
            },
            "ScrollDirectionType": "Vertical",
            "ClipAble": true,
            "BackColorAlpha": 102,
            "SingleColor": {
              "G": 150,
              "B": 100
            },
            "FirstColor": {
              "G": 150,
              "B": 100
            },
            "EndColor": {},
            "ColorVector": {
              "ScaleY": 1.0
            },
            "Scale9Width": 1,
            "Scale9Height": 1,
            "TouchEnable": true,
            "AnchorPoint": {},
            "Position": {
              "X": -7.7123,
              "Y": 21.2088
            },
            "Scale": {
              "ScaleX": 1.0,
              "ScaleY": 1.0
            },
            "CColor": {},
            "IconVisible": false,
            "PrePosition": {
              "X": -0.006,
              "Y": 0.0295
            },
            "PreSize": {
              "X": 0.2344,
              "Y": 0.8333
            },
            "LeftMargin": -7.7123,
            "RightMargin": 987.7123,
            "TopMargin": 98.7912,
            "BottomMargin": 21.2088,
            "Tag": 45,
            "Children": [
              {
                "FileData": {
                  "Type": "Normal",
                  "Path": "image/ui/room2/create_btn0.png",
                  "Plist": ""
                },
                "BlendFunc": {
                  "Src": 1,
                  "Dst": 771
                },
                "AnchorPoint": {
                  "ScaleX": 0.5,
                  "ScaleY": 0.5
                },
                "Position": {
                  "X": 174.5299,
                  "Y": 554.4423
                },
                "Scale": {
                  "ScaleX": 1.0,
                  "ScaleY": 1.0
                },
                "CColor": {},
                "IconVisible": false,
                "PrePosition": {
                  "X": 0.5818,
                  "Y": 0.9241
                },
                "PreSize": {
                  "X": 0.85,
                  "Y": 0.1617
                },
                "LeftMargin": 47.0299,
                "RightMargin": -2.0299,
                "TopMargin": -2.9423,
                "BottomMargin": 505.9423,
                "Tag": 47,
                "Children": [
                  {
                    "FileData": {
                      "Type": "Normal",
                      "Path": "image/ui/hall/notice_xm.png",
                      "Plist": ""
                    },
                    "BlendFunc": {
                      "Src": 1,
                      "Dst": 771
                    },
                    "AnchorPoint": {
                      "ScaleX": 0.5,
                      "ScaleY": 0.5
                    },
                    "Position": {
                      "X": 38.9999,
                      "Y": 60.9998
                    },
                    "Scale": {
                      "ScaleX": 1.0,
                      "ScaleY": 1.0
                    },
                    "CColor": {},
                    "IconVisible": false,
                    "PrePosition": {
                      "X": 0.1529,
                      "Y": 0.6289
                    },
                    "PreSize": {
                      "X": 0.3725,
                      "Y": 0.9794
                    },
                    "LeftMargin": -8.5001,
                    "RightMargin": 168.5001,
                    "TopMargin": -11.4998,
                    "BottomMargin": 13.4998,
                    "Tag": 125,
                    "ActionTag": 448710095,
                    "Size": {
                      "X": 95.0,
                      "Y": 95.0
                    },
                    "Name": "a",
                    "ctype": "SpriteObjectData"
                  }
                ],
                "ActionTag": 924749493,
                "Size": {
                  "X": 255.0,
                  "Y": 97.0
                },
                "Name": "btn_0",
                "ctype": "SpriteObjectData"
              },
              {
                "FileData": {
                  "Type": "Normal",
                  "Path": "image/ui/room2/create_btn1.png",
                  "Plist": ""
                },
                "BlendFunc": {
                  "Src": 1,
                  "Dst": 771
                },
                "AnchorPoint": {
                  "ScaleX": 0.5,
                  "ScaleY": 0.5
                },
                "Position": {
                  "X": 163.0296,
                  "Y": 456.432
                },
                "Scale": {
                  "ScaleX": 1.0,
                  "ScaleY": 1.0
                },
                "CColor": {},
                "IconVisible": false,
                "PrePosition": {
                  "X": 0.5434,
                  "Y": 0.7607
                },
                "PreSize": {
                  "X": 0.7733,
                  "Y": 0.1567
                },
                "LeftMargin": 47.0296,
                "RightMargin": 20.9704,
                "TopMargin": 96.568,
                "BottomMargin": 409.432,
                "Tag": 632,
                "Children": [
                  {
                    "FileData": {
                      "Type": "Normal",
                      "Path": "image/ui/hall/notice_xm.png",
                      "Plist": ""
                    },
                    "BlendFunc": {
                      "Src": 1,
                      "Dst": 771
                    },
                    "AnchorPoint": {
                      "ScaleX": 0.5,
                      "ScaleY": 0.5
                    },
                    "Position": {
                      "X": 39.0001,
                      "Y": 60.9989
                    },
                    "Scale": {
                      "ScaleX": 1.0,
                      "ScaleY": 1.0
                    },
                    "CColor": {},
                    "IconVisible": false,
                    "PrePosition": {
                      "X": 0.1681,
                      "Y": 0.6489
                    },
                    "PreSize": {
                      "X": 0.4095,
                      "Y": 1.0106
                    },
                    "LeftMargin": -8.4999,
                    "RightMargin": 145.4999,
                    "TopMargin": -14.4989,
                    "BottomMargin": 13.4989,
                    "Tag": 126,
                    "ActionTag": 1282021301,
                    "Size": {
                      "X": 95.0,
                      "Y": 95.0
                    },
                    "Name": "a",
                    "ctype": "SpriteObjectData"
                  }
                ],
                "ActionTag": 886701329,
                "Size": {
                  "X": 232.0,
                  "Y": 94.0
                },
                "Name": "btn_1",
                "ctype": "SpriteObjectData"
              },
              {
                "FileData": {
                  "Type": "Normal",
                  "Path": "image/ui/room2/create_btn2.png",
                  "Plist": ""
                },
                "BlendFunc": {
                  "Src": 1,
                  "Dst": 771
                },
                "AnchorPoint": {
                  "ScaleX": 0.5,
                  "ScaleY": 0.5
                },
                "Position": {
                  "X": 163.0296,
                  "Y": 358.4214
                },
                "Scale": {
                  "ScaleX": 1.0,
                  "ScaleY": 1.0
                },
                "CColor": {},
                "IconVisible": false,
                "PrePosition": {
                  "X": 0.5434,
                  "Y": 0.5974
                },
                "PreSize": {
                  "X": 0.7733,
                  "Y": 0.1567
                },
                "LeftMargin": 47.0296,
                "RightMargin": 20.9704,
                "TopMargin": 194.5786,
                "BottomMargin": 311.4214,
                "Tag": 34,
                "Children": [
                  {
                    "FileData": {
                      "Type": "Normal",
                      "Path": "image/ui/hall/notice_xm.png",
                      "Plist": ""
                    },
                    "BlendFunc": {
                      "Src": 1,
                      "Dst": 771
                    },
                    "AnchorPoint": {
                      "ScaleX": 0.5,
                      "ScaleY": 0.5
                    },
                    "Position": {
                      "X": 39.0001,
                      "Y": 60.9997
                    },
                    "Scale": {
                      "ScaleX": 1.0,
                      "ScaleY": 1.0
                    },
                    "CColor": {},
                    "IconVisible": false,
                    "PrePosition": {
                      "X": 0.1681,
                      "Y": 0.6489
                    },
                    "PreSize": {
                      "X": 0.4095,
                      "Y": 1.0106
                    },
                    "LeftMargin": -8.4999,
                    "RightMargin": 145.4999,
                    "TopMargin": -14.4997,
                    "BottomMargin": 13.4997,
                    "Tag": 127,
                    "ActionTag": 993340299,
                    "Size": {
                      "X": 95.0,
                      "Y": 95.0
                    },
                    "Name": "a",
                    "ctype": "SpriteObjectData"
                  }
                ],
                "ActionTag": 1354983274,
                "Size": {
                  "X": 232.0,
                  "Y": 94.0
                },
                "Name": "btn_2",
                "ctype": "SpriteObjectData"
              },
              {
                "FileData": {
                  "Type": "Normal",
                  "Path": "image/ui/room2/create_btn3.png",
                  "Plist": ""
                },
                "BlendFunc": {
                  "Src": 1,
                  "Dst": 771
                },
                "AnchorPoint": {
                  "ScaleX": 0.5,
                  "ScaleY": 0.5
                },
                "Position": {
                  "X": 163.0296,
                  "Y": 260.4106
                },
                "Scale": {
                  "ScaleX": 1.0,
                  "ScaleY": 1.0
                },
                "CColor": {},
                "IconVisible": false,
                "PrePosition": {
                  "X": 0.5434,
                  "Y": 0.434
                },
                "PreSize": {
                  "X": 0.7733,
                  "Y": 0.1567
                },
                "LeftMargin": 47.0296,
                "RightMargin": 20.9704,
                "TopMargin": 292.5894,
                "BottomMargin": 213.4106,
                "Tag": 211,
                "Children": [
                  {
                    "FileData": {
                      "Type": "Normal",
                      "Path": "image/ui/hall/notice_xm.png",
                      "Plist": ""
                    },
                    "BlendFunc": {
                      "Src": 1,
                      "Dst": 771
                    },
                    "AnchorPoint": {
                      "ScaleX": 0.5,
                      "ScaleY": 0.5
                    },
                    "Position": {
                      "X": 39.0001,
                      "Y": 60.9998
                    },
                    "Scale": {
                      "ScaleX": 1.0,
                      "ScaleY": 1.0
                    },
                    "CColor": {},
                    "IconVisible": false,
                    "PrePosition": {
                      "X": 0.1681,
                      "Y": 0.6489
                    },
                    "PreSize": {
                      "X": 0.4095,
                      "Y": 1.0106
                    },
                    "LeftMargin": -8.4999,
                    "RightMargin": 145.4999,
                    "TopMargin": -14.4998,
                    "BottomMargin": 13.4998,
                    "Tag": 128,
                    "ActionTag": 1756418041,
                    "Size": {
                      "X": 95.0,
                      "Y": 95.0
                    },
                    "Name": "a",
                    "ctype": "SpriteObjectData"
                  }
                ],
                "ActionTag": 2003794278,
                "Size": {
                  "X": 232.0,
                  "Y": 94.0
                },
                "Name": "btn_3",
                "ctype": "SpriteObjectData"
              },
              {
                "FileData": {
                  "Type": "Normal",
                  "Path": "image/ui/room2/create_btn4.png",
                  "Plist": ""
                },
                "BlendFunc": {
                  "Src": 1,
                  "Dst": 771
                },
                "AnchorPoint": {
                  "ScaleX": 0.5,
                  "ScaleY": 0.5
                },
                "Position": {
                  "X": 163.0296,
                  "Y": 162.4001
                },
                "Scale": {
                  "ScaleX": 1.0,
                  "ScaleY": 1.0
                },
                "CColor": {},
                "IconVisible": false,
                "PrePosition": {
                  "X": 0.5434,
                  "Y": 0.2707
                },
                "PreSize": {
                  "X": 0.7733,
                  "Y": 0.1567
                },
                "LeftMargin": 47.0296,
                "RightMargin": 20.9704,
                "TopMargin": 390.5999,
                "BottomMargin": 115.4001,
                "Tag": 203,
                "Children": [
                  {
                    "FileData": {
                      "Type": "Normal",
                      "Path": "image/ui/hall/notice_xm.png",
                      "Plist": ""
                    },
                    "BlendFunc": {
                      "Src": 1,
                      "Dst": 771
                    },
                    "AnchorPoint": {
                      "ScaleX": 0.5,
                      "ScaleY": 0.5
                    },
                    "Position": {
                      "X": 39.0001,
                      "Y": 60.9999
                    },
                    "Scale": {
                      "ScaleX": 1.0,
                      "ScaleY": 1.0
                    },
                    "CColor": {},
                    "IconVisible": false,
                    "PrePosition": {
                      "X": 0.1681,
                      "Y": 0.6489
                    },
                    "PreSize": {
                      "X": 0.4095,
                      "Y": 1.0106
                    },
                    "LeftMargin": -8.4999,
                    "RightMargin": 145.4999,
                    "TopMargin": -14.4999,
                    "BottomMargin": 13.4999,
                    "Tag": 129,
                    "ActionTag": 638605483,
                    "Size": {
                      "X": 95.0,
                      "Y": 95.0
                    },
                    "Name": "a",
                    "ctype": "SpriteObjectData"
                  }
                ],
                "ActionTag": -1143218859,
                "Size": {
                  "X": 232.0,
                  "Y": 94.0
                },
                "Name": "btn_4",
                "ctype": "SpriteObjectData"
              },
              {
                "FileData": {
                  "Type": "Normal",
                  "Path": "image/ui/room2/create_btn5.png",
                  "Plist": ""
                },
                "BlendFunc": {
                  "Src": 1,
                  "Dst": 771
                },
                "AnchorPoint": {
                  "ScaleX": 0.5,
                  "ScaleY": 0.5
                },
                "Position": {
                  "X": 163.0296,
                  "Y": 65.8896
                },
                "Scale": {
                  "ScaleX": 1.0,
                  "ScaleY": 1.0
                },
                "CColor": {},
                "IconVisible": false,
                "PrePosition": {
                  "X": 0.5434,
                  "Y": 0.1098
                },
                "PreSize": {
                  "X": 0.7733,
                  "Y": 0.1567
                },
                "LeftMargin": 47.0296,
                "RightMargin": 20.9704,
                "TopMargin": 487.1104,
                "BottomMargin": 18.8896,
                "Tag": 419,
                "Children": [
                  {
                    "FileData": {
                      "Type": "Normal",
                      "Path": "image/ui/hall/notice_xm.png",
                      "Plist": ""
                    },
                    "BlendFunc": {
                      "Src": 1,
                      "Dst": 771
                    },
                    "AnchorPoint": {
                      "ScaleX": 0.5,
                      "ScaleY": 0.5
                    },
                    "Position": {
                      "X": 39.0001,
                      "Y": 60.9999
                    },
                    "Scale": {
                      "ScaleX": 1.0,
                      "ScaleY": 1.0
                    },
                    "CColor": {},
                    "IconVisible": false,
                    "PrePosition": {
                      "X": 0.1681,
                      "Y": 0.6489
                    },
                    "PreSize": {
                      "X": 0.4095,
                      "Y": 1.0106
                    },
                    "LeftMargin": -8.4999,
                    "RightMargin": 145.4999,
                    "TopMargin": -14.4999,
                    "BottomMargin": 13.4999,
                    "Tag": 420,
                    "ActionTag": 422613542,
                    "Size": {
                      "X": 95.0,
                      "Y": 95.0
                    },
                    "Name": "a",
                    "ctype": "SpriteObjectData"
                  }
                ],
                "ActionTag": -878663079,
                "Size": {
                  "X": 232.0,
                  "Y": 94.0
                },
                "Name": "btn_5",
                "ctype": "SpriteObjectData"
              },
              {
                "FileData": {
                  "Type": "Normal",
                  "Path": "image/ui/room2/create_btn6.png",
                  "Plist": ""
                },
                "BlendFunc": {
                  "Src": 1,
                  "Dst": 771
                },
                "AnchorPoint": {
                  "ScaleX": 0.5,
                  "ScaleY": 0.5
                },
                "Position": {
                  "X": 163.0296,
                  "Y": -29.1206
                },
                "Scale": {
                  "ScaleX": 1.0,
                  "ScaleY": 1.0
                },
                "CColor": {},
                "IconVisible": false,
                "PrePosition": {
                  "X": 0.5434,
                  "Y": -0.0485
                },
                "PreSize": {
                  "X": 0.7733,
                  "Y": 0.1567
                },
                "LeftMargin": 47.0296,
                "RightMargin": 20.9704,
                "TopMargin": 582.1206,
                "BottomMargin": -76.1206,
                "Tag": 51,
                "Children": [
                  {
                    "FileData": {
                      "Type": "Normal",
                      "Path": "image/ui/hall/notice_xm.png",
                      "Plist": ""
                    },
                    "BlendFunc": {
                      "Src": 1,
                      "Dst": 771
                    },
                    "AnchorPoint": {
                      "ScaleX": 0.5,
                      "ScaleY": 0.5
                    },
                    "Position": {
                      "X": 39.0001,
                      "Y": 60.9999
                    },
                    "Scale": {
                      "ScaleX": 1.0,
                      "ScaleY": 1.0
                    },
                    "CColor": {},
                    "IconVisible": false,
                    "PrePosition": {
                      "X": 0.1681,
                      "Y": 0.6489
                    },
                    "PreSize": {
                      "X": 0.4095,
                      "Y": 1.0106
                    },
                    "LeftMargin": -8.4999,
                    "RightMargin": 145.4999,
                    "TopMargin": -14.4999,
                    "BottomMargin": 13.4999,
                    "Tag": 52,
                    "ActionTag": -770763541,
                    "Size": {
                      "X": 95.0,
                      "Y": 95.0
                    },
                    "Name": "a",
                    "ctype": "SpriteObjectData"
                  }
                ],
                "ActionTag": 162113717,
                "Size": {
                  "X": 232.0,
                  "Y": 94.0
                },
                "Name": "btn_6",
                "ctype": "SpriteObjectData"
              },
              {
                "FileData": {
                  "Type": "Normal",
                  "Path": "image/ui/room2/create_btn7.png",
                  "Plist": ""
                },
                "BlendFunc": {
                  "Src": 1,
                  "Dst": 771
                },
                "AnchorPoint": {
                  "ScaleX": 0.5,
                  "ScaleY": 0.5
                },
                "Position": {
                  "X": 169.5033,
                  "Y": 360.2368
                },
                "Scale": {
                  "ScaleX": 1.0,
                  "ScaleY": 1.0
                },
                "CColor": {},
                "IconVisible": false,
                "PrePosition": {
                  "X": 0.565,
                  "Y": 0.6004
                },
                "PreSize": {
                  "X": 0.7733,
                  "Y": 0.1567
                },
                "LeftMargin": 53.5033,
                "RightMargin": 14.4966,
                "TopMargin": 192.7632,
                "BottomMargin": 313.2368,
                "Tag": 175,
                "Children": [
                  {
                    "FileData": {
                      "Type": "Normal",
                      "Path": "image/ui/hall/notice_xm.png",
                      "Plist": ""
                    },
                    "BlendFunc": {
                      "Src": 1,
                      "Dst": 771
                    },
                    "AnchorPoint": {
                      "ScaleX": 0.5,
                      "ScaleY": 0.5
                    },
                    "Position": {
                      "X": 38.9999,
                      "Y": 60.9998
                    },
                    "Scale": {
                      "ScaleX": 1.0,
                      "ScaleY": 1.0
                    },
                    "CColor": {},
                    "IconVisible": false,
                    "PrePosition": {
                      "X": 0.1681,
                      "Y": 0.6489
                    },
                    "PreSize": {
                      "X": 0.4095,
                      "Y": 1.0106
                    },
                    "LeftMargin": -8.5001,
                    "RightMargin": 145.5001,
                    "TopMargin": -14.4998,
                    "BottomMargin": 13.4998,
                    "Tag": 176,
                    "ActionTag": -44717971,
                    "Size": {
                      "X": 95.0,
                      "Y": 95.0
                    },
                    "Name": "a",
                    "ctype": "SpriteObjectData"
                  }
                ],
                "ActionTag": 522350743,
                "Size": {
                  "X": 232.0,
                  "Y": 94.0
                },
                "Name": "btn_9",
                "ctype": "SpriteObjectData"
              },
              {
                "FileData": {
                  "Type": "Normal",
                  "Path": "image/ui/room2/create_btn8.png",
                  "Plist": ""
                },
                "BlendFunc": {
                  "Src": 1,
                  "Dst": 771
                },
                "AnchorPoint": {
                  "ScaleX": 0.5,
                  "ScaleY": 0.5
                },
                "Position": {
                  "X": 169.5037,
                  "Y": 464.8141
                },
                "Scale": {
                  "ScaleX": 1.0,
                  "ScaleY": 1.0
                },
                "CColor": {},
                "IconVisible": false,
                "PrePosition": {
                  "X": 0.565,
                  "Y": 0.7747
                },
                "PreSize": {
                  "X": 0.7733,
                  "Y": 0.1567
                },
                "LeftMargin": 53.5037,
                "RightMargin": 14.4963,
                "TopMargin": 88.1859,
                "BottomMargin": 417.8141,
                "Tag": 177,
                "Children": [
                  {
                    "FileData": {
                      "Type": "Normal",
                      "Path": "image/ui/hall/notice_xm.png",
                      "Plist": ""
                    },
                    "BlendFunc": {
                      "Src": 1,
                      "Dst": 771
                    },
                    "AnchorPoint": {
                      "ScaleX": 0.5,
                      "ScaleY": 0.5
                    },
                    "Position": {
                      "X": 38.9999,
                      "Y": 60.9998
                    },
                    "Scale": {
                      "ScaleX": 1.0,
                      "ScaleY": 1.0
                    },
                    "CColor": {},
                    "IconVisible": false,
                    "PrePosition": {
                      "X": 0.1681,
                      "Y": 0.6489
                    },
                    "PreSize": {
                      "X": 0.4095,
                      "Y": 1.0106
                    },
                    "LeftMargin": -8.5001,
                    "RightMargin": 145.5001,
                    "TopMargin": -14.4998,
                    "BottomMargin": 13.4998,
                    "Tag": 178,
                    "ActionTag": 972977436,
                    "Size": {
                      "X": 95.0,
                      "Y": 95.0
                    },
                    "Name": "a",
                    "ctype": "SpriteObjectData"
                  }
                ],
                "ActionTag": -922842976,
                "Size": {
                  "X": 232.0,
                  "Y": 94.0
                },
                "VisibleForFrame": false,
                "Name": "btn_8",
                "ctype": "SpriteObjectData"
              },
              {
                "FileData": {
                  "Type": "Normal",
                  "Path": "image/ui/room2/create_btn9.png",
                  "Plist": ""
                },
                "BlendFunc": {
                  "Src": 1,
                  "Dst": 771
                },
                "AnchorPoint": {
                  "ScaleX": 0.5,
                  "ScaleY": 0.5
                },
                "Position": {
                  "X": 160.8725,
                  "Y": 555.6931
                },
                "Scale": {
                  "ScaleX": 1.0,
                  "ScaleY": 1.0
                },
                "CColor": {},
                "IconVisible": false,
                "PrePosition": {
                  "X": 0.5362,
                  "Y": 0.9262
                },
                "PreSize": {
                  "X": 0.7733,
                  "Y": 0.1567
                },
                "LeftMargin": 44.8725,
                "RightMargin": 23.1276,
                "TopMargin": -2.6931,
                "BottomMargin": 508.6931,
                "Tag": 179,
                "Children": [
                  {
                    "FileData": {
                      "Type": "Normal",
                      "Path": "image/ui/hall/notice_xm.png",
                      "Plist": ""
                    },
                    "BlendFunc": {
                      "Src": 1,
                      "Dst": 771
                    },
                    "AnchorPoint": {
                      "ScaleX": 0.5,
                      "ScaleY": 0.5
                    },
                    "Position": {
                      "X": 38.9999,
                      "Y": 60.9998
                    },
                    "Scale": {
                      "ScaleX": 1.0,
                      "ScaleY": 1.0
                    },
                    "CColor": {},
                    "IconVisible": false,
                    "PrePosition": {
                      "X": 0.1681,
                      "Y": 0.6489
                    },
                    "PreSize": {
                      "X": 0.4095,
                      "Y": 1.0106
                    },
                    "LeftMargin": -8.5001,
                    "RightMargin": 145.5001,
                    "TopMargin": -14.4998,
                    "BottomMargin": 13.4998,
                    "Tag": 180,
                    "ActionTag": 609317134,
                    "Size": {
                      "X": 95.0,
                      "Y": 95.0
                    },
                    "Name": "a",
                    "ctype": "SpriteObjectData"
                  }
                ],
                "ActionTag": -1945329390,
                "Size": {
                  "X": 232.0,
                  "Y": 94.0
                },
                "VisibleForFrame": false,
                "Name": "btn_7",
                "ctype": "SpriteObjectData"
              },
              {
                "FileData": {
                  "Type": "Normal",
                  "Path": "image/ui/room2/create_btn10.png",
                  "Plist": ""
                },
                "BlendFunc": {
                  "Src": 1,
                  "Dst": 771
                },
                "AnchorPoint": {
                  "ScaleX": 0.5,
                  "ScaleY": 0.5
                },
                "Position": {
                  "X": 163.0296,
                  "Y": 552.4691
                },
                "Scale": {
                  "ScaleX": 1.0,
                  "ScaleY": 1.0
                },
                "CColor": {},
                "IconVisible": false,
                "PrePosition": {
                  "X": 0.5434,
                  "Y": 0.9208
                },
                "PreSize": {
                  "X": 0.7733,
                  "Y": 0.1567
                },
                "LeftMargin": 47.0296,
                "RightMargin": 20.9704,
                "TopMargin": 0.5309,
                "BottomMargin": 505.4691,
                "Tag": 111,
                "Children": [
                  {
                    "FileData": {
                      "Type": "Normal",
                      "Path": "image/ui/hall/notice_xm.png",
                      "Plist": ""
                    },
                    "BlendFunc": {
                      "Src": 1,
                      "Dst": 771
                    },
                    "AnchorPoint": {
                      "ScaleX": 0.5,
                      "ScaleY": 0.5
                    },
                    "Position": {
                      "X": 38.9999,
                      "Y": 60.9998
                    },
                    "Scale": {
                      "ScaleX": 1.0,
                      "ScaleY": 1.0
                    },
                    "CColor": {},
                    "IconVisible": false,
                    "PrePosition": {
                      "X": 0.1681,
                      "Y": 0.6489
                    },
                    "PreSize": {
                      "X": 0.4095,
                      "Y": 1.0106
                    },
                    "LeftMargin": -8.5001,
                    "RightMargin": 145.5001,
                    "TopMargin": -14.4998,
                    "BottomMargin": 13.4998,
                    "Tag": 112,
                    "ActionTag": -2118164273,
                    "Size": {
                      "X": 95.0,
                      "Y": 95.0
                    },
                    "Name": "a",
                    "ctype": "SpriteObjectData"
                  }
                ],
                "ActionTag": -1725202653,
                "Size": {
                  "X": 232.0,
                  "Y": 94.0
                },
                "Name": "btn_10",
                "ctype": "SpriteObjectData"
              },
              {
                "FileData": {
                  "Type": "Normal",
                  "Path": "image/ui/room2/create_btn11.png",
                  "Plist": ""
                },
                "BlendFunc": {
                  "Src": 1,
                  "Dst": 771
                },
                "AnchorPoint": {
                  "ScaleX": 0.5,
                  "ScaleY": 0.5
                },
                "Position": {
                  "X": 163.0296,
                  "Y": 463.8616
                },
                "Scale": {
                  "ScaleX": 1.0,
                  "ScaleY": 1.0
                },
                "CColor": {},
                "IconVisible": false,
                "PrePosition": {
                  "X": 0.5434,
                  "Y": 0.7731
                },
                "PreSize": {
                  "X": 0.7733,
                  "Y": 0.1567
                },
                "LeftMargin": 47.0296,
                "RightMargin": 20.9704,
                "TopMargin": 89.1384,
                "BottomMargin": 416.8616,
                "Tag": 1616,
                "Children": [
                  {
                    "FileData": {
                      "Type": "Normal",
                      "Path": "image/ui/hall/notice_xm.png",
                      "Plist": ""
                    },
                    "BlendFunc": {
                      "Src": 1,
                      "Dst": 771
                    },
                    "AnchorPoint": {
                      "ScaleX": 0.5,
                      "ScaleY": 0.5
                    },
                    "Position": {
                      "X": 38.9999,
                      "Y": 60.9998
                    },
                    "Scale": {
                      "ScaleX": 1.0,
                      "ScaleY": 1.0
                    },
                    "CColor": {},
                    "IconVisible": false,
                    "PrePosition": {
                      "X": 0.1681,
                      "Y": 0.6489
                    },
                    "PreSize": {
                      "X": 0.4095,
                      "Y": 1.0106
                    },
                    "LeftMargin": -8.5001,
                    "RightMargin": 145.5001,
                    "TopMargin": -14.4998,
                    "BottomMargin": 13.4998,
                    "Tag": 1617,
                    "ActionTag": 1073326988,
                    "Size": {
                      "X": 95.0,
                      "Y": 95.0
                    },
                    "Name": "a",
                    "ctype": "SpriteObjectData"
                  }
                ],
                "ActionTag": 1822870380,
                "Size": {
                  "X": 232.0,
                  "Y": 94.0
                },
                "Name": "btn_11",
                "ctype": "SpriteObjectData"
              }
            ],
            "ActionTag": 355694283,
            "Size": {
              "X": 300.0,
              "Y": 600.0
            },
            "Name": "btn_scroll",
            "ctype": "ScrollViewObjectData"
          },
          {
            "FontSize": 26,
            "LabelText": "备注：房卡在第一局结束后扣除，此前解除房间不扣除房卡",
            "FontResource": {
              "Type": "Normal",
              "Path": "image/fonts/FZZY.TTF",
              "Plist": ""
            },
            "OutlineColor": {
              "R": 203,
              "G": 188,
              "B": 119
            },
            "ShadowColor": {
              "R": 110,
              "G": 110,
              "B": 110
            },
            "ShadowOffsetX": 2.0,
            "ShadowOffsetY": -2.0,
            "AnchorPoint": {
              "ScaleY": 0.5
            },
            "Position": {
              "X": 321.6674,
              "Y": -62.4159
            },
            "Scale": {
              "ScaleX": 1.0,
              "ScaleY": 1.0
            },
            "CColor": {
              "R": 77,
              "G": 77,
              "B": 77
            },
            "IconVisible": false,
            "PrePosition": {
              "X": 0.2513,
              "Y": -0.0867
            },
            "PreSize": {
              "X": 0.5297,
              "Y": 0.0417
            },
            "LeftMargin": 321.6674,
            "RightMargin": 280.3326,
            "TopMargin": 767.4159,
            "BottomMargin": -77.4159,
            "Tag": 132,
            "ActionTag": -147451564,
            "Size": {
              "X": 678.0,
              "Y": 30.0
            },
            "Name": "desc",
            "ctype": "TextObjectData"
          },
          {
            "FileData": {
              "Type": "Normal",
              "Path": "image/ui/room2/room2_white.png",
              "Plist": ""
            },
            "BlendFunc": {
              "Src": 1,
              "Dst": 771
            },
            "AnchorPoint": {
              "ScaleX": 0.5,
              "ScaleY": 0.5
            },
            "Position": {
              "X": 232.2203,
              "Y": 270.0236
            },
            "Scale": {
              "ScaleX": 1.0,
              "ScaleY": 1.0
            },
            "CColor": {},
            "IconVisible": false,
            "PrePosition": {
              "X": 0.1814,
              "Y": 0.375
            },
            "PreSize": {
              "X": 0.0016,
              "Y": 0.0097
            },
            "LeftMargin": 231.2203,
            "RightMargin": 1046.7797,
            "TopMargin": 446.4764,
            "BottomMargin": 266.5236,
            "Tag": 281,
            "ActionTag": -1623832173,
            "Size": {
              "X": 2.0,
              "Y": 7.0
            },
            "Name": "room2_white_28",
            "ctype": "SpriteObjectData"
          },
          {
            "FontSize": 33,
            "LabelText": "倍       数：",
            "FontResource": {
              "Type": "Normal",
              "Path": "image/fonts/FZZY.TTF",
              "Plist": ""
            },
            "OutlineColor": {
              "R": 203,
              "G": 188,
              "B": 119
            },
            "ShadowColor": {
              "R": 110,
              "G": 110,
              "B": 110
            },
            "ShadowOffsetX": 2.0,
            "ShadowOffsetY": -2.0,
            "AnchorPoint": {
              "ScaleY": 0.5
            },
            "Position": {
              "X": 296.591,
              "Y": 470.0001
            },
            "Scale": {
              "ScaleX": 1.0,
              "ScaleY": 1.0
            },
            "CColor": {
              "R": 140,
              "G": 112,
              "B": 71
            },
            "IconVisible": false,
            "PrePosition": {
              "X": 0.2317,
              "Y": 0.6528
            },
            "PreSize": {
              "X": 0.1063,
              "Y": 0.0528
            },
            "LeftMargin": 296.591,
            "RightMargin": 847.409,
            "TopMargin": 230.9999,
            "BottomMargin": 451.0001,
            "Tag": 284,
            "ActionTag": 1779802902,
            "Size": {
              "X": 136.0,
              "Y": 38.0
            },
            "Name": "beishu",
            "ctype": "TextObjectData"
          },
          {
            "FontSize": 33,
            "LabelText": "底       分：",
            "FontResource": {
              "Type": "Normal",
              "Path": "image/fonts/FZZY.TTF",
              "Plist": ""
            },
            "OutlineColor": {
              "R": 203,
              "G": 188,
              "B": 119
            },
            "ShadowColor": {
              "R": 110,
              "G": 110,
              "B": 110
            },
            "ShadowOffsetX": 2.0,
            "ShadowOffsetY": -2.0,
            "AnchorPoint": {
              "ScaleY": 0.5
            },
            "Position": {
              "X": 296.5911,
              "Y": 305.0
            },
            "Scale": {
              "ScaleX": 1.0,
              "ScaleY": 1.0
            },
            "CColor": {
              "R": 140,
              "G": 112,
              "B": 71
            },
            "IconVisible": false,
            "PrePosition": {
              "X": 0.2317,
              "Y": 0.4236
            },
            "PreSize": {
              "X": 0.1063,
              "Y": 0.0528
            },
            "LeftMargin": 296.5911,
            "RightMargin": 847.4089,
            "TopMargin": 396.0,
            "BottomMargin": 286.0,
            "Tag": 285,
            "ActionTag": -603914073,
            "Size": {
              "X": 136.0,
              "Y": 38.0
            },
            "Name": "difen",
            "ctype": "TextObjectData"
          },
          {
            "FontSize": 33,
            "LabelText": "高级选项：",
            "FontResource": {
              "Type": "Normal",
              "Path": "image/fonts/FZZY.TTF",
              "Plist": ""
            },
            "OutlineColor": {
              "R": 203,
              "G": 188,
              "B": 119
            },
            "ShadowColor": {
              "R": 110,
              "G": 110,
              "B": 110
            },
            "ShadowOffsetX": 2.0,
            "ShadowOffsetY": -2.0,
            "AnchorPoint": {
              "ScaleY": 0.5
            },
            "Position": {
              "X": 296.5911,
              "Y": 140.0
            },
            "Scale": {
              "ScaleX": 1.0,
              "ScaleY": 1.0
            },
            "CColor": {
              "R": 140,
              "G": 112,
              "B": 71
            },
            "IconVisible": false,
            "PrePosition": {
              "X": 0.2317,
              "Y": 0.1944
            },
            "PreSize": {
              "X": 0.1141,
              "Y": 0.0528
            },
            "LeftMargin": 296.5911,
            "RightMargin": 837.4089,
            "TopMargin": 561.0,
            "BottomMargin": 121.0,
            "Tag": 286,
            "ActionTag": 1912810716,
            "Size": {
              "X": 146.0,
              "Y": 38.0
            },
            "Name": "gaoji",
            "ctype": "TextObjectData"
          },
          {
            "FontSize": 33,
            "LabelText": "最大抢庄：",
            "FontResource": {
              "Type": "Normal",
              "Path": "image/fonts/FZZY.TTF",
              "Plist": ""
            },
            "OutlineColor": {
              "R": 203,
              "G": 188,
              "B": 119
            },
            "ShadowColor": {
              "R": 110,
              "G": 110,
              "B": 110
            },
            "ShadowOffsetX": 2.0,
            "ShadowOffsetY": -2.0,
            "AnchorPoint": {
              "ScaleY": 0.5
            },
            "Position": {
              "X": 296.5911,
              "Y": 250.0
            },
            "Scale": {
              "ScaleX": 1.0,
              "ScaleY": 1.0
            },
            "CColor": {
              "R": 140,
              "G": 112,
              "B": 71
            },
            "IconVisible": false,
            "PrePosition": {
              "X": 0.2317,
              "Y": 0.3472
            },
            "PreSize": {
              "X": 0.1141,
              "Y": 0.0528
            },
            "LeftMargin": 296.5911,
            "RightMargin": 837.4089,
            "TopMargin": 451.0,
            "BottomMargin": 231.0,
            "Tag": 287,
            "ActionTag": 1767483983,
            "Size": {
              "X": 146.0,
              "Y": 38.0
            },
            "Name": "qiangzhuang",
            "ctype": "TextObjectData"
          },
          {
            "FontSize": 33,
            "LabelText": "推注选项：",
            "FontResource": {
              "Type": "Normal",
              "Path": "image/fonts/FZZY.TTF",
              "Plist": ""
            },
            "OutlineColor": {
              "R": 203,
              "G": 188,
              "B": 119
            },
            "ShadowColor": {
              "R": 110,
              "G": 110,
              "B": 110
            },
            "ShadowOffsetX": 2.0,
            "ShadowOffsetY": -2.0,
            "AnchorPoint": {
              "ScaleY": 0.5
            },
            "Position": {
              "X": 296.5911,
              "Y": 195.0
            },
            "Scale": {
              "ScaleX": 1.0,
              "ScaleY": 1.0
            },
            "CColor": {
              "R": 140,
              "G": 112,
              "B": 71
            },
            "IconVisible": false,
            "PrePosition": {
              "X": 0.2317,
              "Y": 0.2708
            },
            "PreSize": {
              "X": 0.1141,
              "Y": 0.0528
            },
            "LeftMargin": 296.5911,
            "RightMargin": 837.4089,
            "TopMargin": 506.0,
            "BottomMargin": 176.0,
            "Tag": 306,
            "ActionTag": 2011703810,
            "Size": {
              "X": 146.0,
              "Y": 38.0
            },
            "Name": "tuizhuxx",
            "ctype": "TextObjectData"
          },
          {
            "FontSize": 33,
            "LabelText": "付费方式：",
            "FontResource": {
              "Type": "Normal",
              "Path": "image/fonts/FZZY.TTF",
              "Plist": ""
            },
            "OutlineColor": {
              "R": 203,
              "G": 188,
              "B": 119
            },
            "ShadowColor": {
              "R": 110,
              "G": 110,
              "B": 110
            },
            "ShadowOffsetX": 2.0,
            "ShadowOffsetY": -2.0,
            "AnchorPoint": {
              "ScaleY": 0.5
            },
            "Position": {
              "X": 296.5911,
              "Y": 580.0
            },
            "Scale": {
              "ScaleX": 1.0,
              "ScaleY": 1.0
            },
            "CColor": {
              "R": 140,
              "G": 112,
              "B": 71
            },
            "IconVisible": false,
            "PrePosition": {
              "X": 0.2317,
              "Y": 0.8056
            },
            "PreSize": {
              "X": 0.1141,
              "Y": 0.0528
            },
            "LeftMargin": 296.5911,
            "RightMargin": 837.4089,
            "TopMargin": 121.0,
            "BottomMargin": 561.0,
            "Tag": 1251,
            "ActionTag": -1869293227,
            "Size": {
              "X": 146.0,
              "Y": 38.0
            },
            "Name": "fufei",
            "ctype": "TextObjectData"
          },
          {
            "FontSize": 33,
            "LabelText": "局数选择：",
            "FontResource": {
              "Type": "Normal",
              "Path": "image/fonts/FZZY.TTF",
              "Plist": ""
            },
            "OutlineColor": {
              "R": 203,
              "G": 188,
              "B": 119
            },
            "ShadowColor": {
              "R": 110,
              "G": 110,
              "B": 110
            },
            "ShadowOffsetX": 2.0,
            "ShadowOffsetY": -2.0,
            "AnchorPoint": {
              "ScaleY": 0.5
            },
            "Position": {
              "X": 296.5911,
              "Y": 525.0
            },
            "Scale": {
              "ScaleX": 1.0,
              "ScaleY": 1.0
            },
            "CColor": {
              "R": 140,
              "G": 112,
              "B": 71
            },
            "IconVisible": false,
            "PrePosition": {
              "X": 0.2317,
              "Y": 0.7292
            },
            "PreSize": {
              "X": 0.1141,
              "Y": 0.0528
            },
            "LeftMargin": 296.5911,
            "RightMargin": 837.4089,
            "TopMargin": 176.0,
            "BottomMargin": 506.0,
            "Tag": 108,
            "ActionTag": -149654463,
            "Size": {
              "X": 146.0,
              "Y": 38.0
            },
            "Name": "jushu",
            "ctype": "TextObjectData"
          },
          {
            "FileData": {
              "Type": "Normal",
              "Path": "image/ui/niuniu/button/set.png",
              "Plist": ""
            },
            "BlendFunc": {
              "Src": 1,
              "Dst": 771
            },
            "AnchorPoint": {
              "ScaleX": 0.5176,
              "ScaleY": 0.5711
            },
            "Position": {
              "X": 884.3784,
              "Y": 274.5084
            },
            "Scale": {
              "ScaleX": 1.0,
              "ScaleY": 1.0
            },
            "CColor": {},
            "IconVisible": false,
            "PrePosition": {
              "X": 0.6909,
              "Y": 0.3813
            },
            "PreSize": {
              "X": 0.0336,
              "Y": 0.0583
            },
            "LeftMargin": 862.1216,
            "RightMargin": 374.8784,
            "TopMargin": 427.4778,
            "BottomMargin": 250.5222,
            "Tag": 692,
            "ActionTag": -1280842095,
            "Size": {
              "X": 43.0,
              "Y": 42.0
            },
            "Name": "btn_help1",
            "ctype": "SpriteObjectData"
          },
          {
            "FileData": {
              "Type": "Normal",
              "Path": "image/ui/niuniu/button/set.png",
              "Plist": ""
            },
            "BlendFunc": {
              "Src": 1,
              "Dst": 771
            },
            "AnchorPoint": {
              "ScaleX": 0.5,
              "ScaleY": 0.5
            },
            "Position": {
              "X": 650.0,
              "Y": 95.8063
            },
            "Scale": {
              "ScaleX": 1.0,
              "ScaleY": 1.0
            },
            "CColor": {},
            "IconVisible": false,
            "PrePosition": {
              "X": 0.5078,
              "Y": 0.1331
            },
            "PreSize": {
              "X": 0.0336,
              "Y": 0.0583
            },
            "LeftMargin": 628.5,
            "RightMargin": 608.5,
            "TopMargin": 603.1937,
            "BottomMargin": 74.8063,
            "Tag": 574,
            "ActionTag": -720122982,
            "Size": {
              "X": 43.0,
              "Y": 42.0
            },
            "Name": "btn_help2",
            "ctype": "SpriteObjectData"
          },
          {
            "FileData": {
              "Type": "Normal",
              "Path": "image/ui/niuniu/button/set.png",
              "Plist": ""
            },
            "BlendFunc": {
              "Src": 1,
              "Dst": 771
            },
            "AnchorPoint": {
              "ScaleX": 0.5518,
              "ScaleY": 0.6088
            },
            "Position": {
              "X": 1064.4785,
              "Y": 161.5277
            },
            "Scale": {
              "ScaleX": 1.0,
              "ScaleY": 1.0
            },
            "CColor": {},
            "IconVisible": false,
            "PrePosition": {
              "X": 0.8316,
              "Y": 0.2243
            },
            "PreSize": {
              "X": 0.0336,
              "Y": 0.0583
            },
            "LeftMargin": 1040.7511,
            "RightMargin": 196.2489,
            "TopMargin": 542.0419,
            "BottomMargin": 135.9581,
            "Tag": 575,
            "ActionTag": -1702939313,
            "Size": {
              "X": 43.0,
              "Y": 42.0
            },
            "Name": "btn_help3",
            "ctype": "SpriteObjectData"
          },
          {
            "FileData": {
              "Type": "Normal",
              "Path": "image/ui/niuniu/button/set.png",
              "Plist": ""
            },
            "BlendFunc": {
              "Src": 1,
              "Dst": 771
            },
            "AnchorPoint": {
              "ScaleX": 0.5,
              "ScaleY": 0.5
            },
            "Position": {
              "X": 660.0,
              "Y": 156.9581
            },
            "Scale": {
              "ScaleX": 1.0,
              "ScaleY": 1.0
            },
            "CColor": {},
            "IconVisible": false,
            "PrePosition": {
              "X": 0.5156,
              "Y": 0.218
            },
            "PreSize": {
              "X": 0.0336,
              "Y": 0.0583
            },
            "LeftMargin": 638.5,
            "RightMargin": 598.5,
            "TopMargin": 542.0419,
            "BottomMargin": 135.9581,
            "Tag": 53,
            "ActionTag": -720156763,
            "Size": {
              "X": 43.0,
              "Y": 42.0
            },
            "Name": "btn_help4",
            "ctype": "SpriteObjectData"
          },
          {
            "FileData": {
              "Type": "Normal",
              "Path": "image/ui/room2/btn_daikai2.png",
              "Plist": ""
            },
            "BlendFunc": {
              "Src": 1,
              "Dst": 771
            },
            "AnchorPoint": {
              "ScaleX": 0.5,
              "ScaleY": 0.5
            },
            "Position": {
              "X": 852.096,
              "Y": 71.137
            },
            "Scale": {
              "ScaleX": 0.9,
              "ScaleY": 0.9
            },
            "CColor": {},
            "IconVisible": false,
            "PositionPercentXEnabled": true,
            "PrePosition": {
              "X": 0.6657,
              "Y": 0.0988
            },
            "PreSize": {
              "X": 0.1578,
              "Y": 0.1194
            },
            "LeftMargin": 751.096,
            "RightMargin": 326.904,
            "TopMargin": 605.863,
            "BottomMargin": 28.137,
            "Tag": 371,
            "ActionTag": -1304676429,
            "Size": {
              "X": 202.0,
              "Y": 86.0
            },
            "Name": "btn_daikai",
            "ctype": "SpriteObjectData"
          },
          {
            "FontSize": 33,
            "LabelText": "特殊牌型：",
            "FontResource": {
              "Type": "Normal",
              "Path": "image/fonts/FZZY.TTF",
              "Plist": ""
            },
            "OutlineColor": {
              "R": 203,
              "G": 188,
              "B": 119
            },
            "ShadowColor": {
              "R": 110,
              "G": 110,
              "B": 110
            },
            "ShadowOffsetX": 2.0,
            "ShadowOffsetY": -2.0,
            "AnchorPoint": {
              "ScaleY": 0.5
            },
            "Position": {
              "X": 296.5911,
              "Y": 360.0
            },
            "Scale": {
              "ScaleX": 1.0,
              "ScaleY": 1.0
            },
            "CColor": {
              "R": 140,
              "G": 112,
              "B": 71
            },
            "IconVisible": false,
            "PrePosition": {
              "X": 0.2317,
              "Y": 0.5
            },
            "PreSize": {
              "X": 0.1141,
              "Y": 0.0528
            },
            "LeftMargin": 296.5911,
            "RightMargin": 837.4089,
            "TopMargin": 341.0,
            "BottomMargin": 341.0,
            "Tag": 48,
            "ActionTag": -1823962293,
            "Size": {
              "X": 146.0,
              "Y": 38.0
            },
            "Name": "paixing",
            "ctype": "TextObjectData"
          },
          {
            "FontSize": 33,
            "LabelText": "玩       法：",
            "FontResource": {
              "Type": "Normal",
              "Path": "image/fonts/FZZY.TTF",
              "Plist": ""
            },
            "OutlineColor": {
              "R": 203,
              "G": 188,
              "B": 119
            },
            "ShadowColor": {
              "R": 110,
              "G": 110,
              "B": 110
            },
            "ShadowOffsetX": 2.0,
            "ShadowOffsetY": -2.0,
            "AnchorPoint": {
              "ScaleY": 0.5
            },
            "Position": {
              "X": 296.5912,
              "Y": 470.0001
            },
            "Scale": {
              "ScaleX": 1.0,
              "ScaleY": 1.0
            },
            "CColor": {
              "R": 140,
              "G": 112,
              "B": 71
            },
            "IconVisible": false,
            "PrePosition": {
              "X": 0.2317,
              "Y": 0.6528
            },
            "PreSize": {
              "X": 0.1063,
              "Y": 0.0528
            },
            "LeftMargin": 296.5912,
            "RightMargin": 847.4088,
            "TopMargin": 230.9999,
            "BottomMargin": 451.0001,
            "Tag": 585,
            "ActionTag": -1704951524,
            "Size": {
              "X": 136.0,
              "Y": 38.0
            },
            "Name": "wanfaxz_2",
            "ctype": "TextObjectData"
          },
          {
            "FontSize": 33,
            "LabelText": "玩       法：",
            "FontResource": {
              "Type": "Normal",
              "Path": "image/fonts/FZZY.TTF",
              "Plist": ""
            },
            "OutlineColor": {
              "R": 203,
              "G": 188,
              "B": 119
            },
            "ShadowColor": {
              "R": 110,
              "G": 110,
              "B": 110
            },
            "ShadowOffsetX": 2.0,
            "ShadowOffsetY": -2.0,
            "AnchorPoint": {
              "ScaleY": 0.5
            },
            "Position": {
              "X": 296.5912,
              "Y": 195.0
            },
            "Scale": {
              "ScaleX": 1.0,
              "ScaleY": 1.0
            },
            "CColor": {
              "R": 140,
              "G": 112,
              "B": 71
            },
            "IconVisible": false,
            "PrePosition": {
              "X": 0.2317,
              "Y": 0.2708
            },
            "PreSize": {
              "X": 0.1063,
              "Y": 0.0528
            },
            "LeftMargin": 296.5912,
            "RightMargin": 847.4088,
            "TopMargin": 506.0,
            "BottomMargin": 176.0,
            "Tag": 586,
            "ActionTag": -1003751795,
            "Size": {
              "X": 136.0,
              "Y": 38.0
            },
            "Name": "word_rsxz",
            "ctype": "TextObjectData"
          },
          {
            "FontSize": 33,
            "LabelText": "抓       码：",
            "FontResource": {
              "Type": "Normal",
              "Path": "image/fonts/FZZY.TTF",
              "Plist": ""
            },
            "OutlineColor": {
              "R": 203,
              "G": 188,
              "B": 119
            },
            "ShadowColor": {
              "R": 110,
              "G": 110,
              "B": 110
            },
            "ShadowOffsetX": 2.0,
            "ShadowOffsetY": -2.0,
            "AnchorPoint": {
              "ScaleY": 0.5
            },
            "Position": {
              "X": 296.5911,
              "Y": 140.0
            },
            "Scale": {
              "ScaleX": 1.0,
              "ScaleY": 1.0
            },
            "CColor": {
              "R": 140,
              "G": 112,
              "B": 71
            },
            "IconVisible": false,
            "PrePosition": {
              "X": 0.2317,
              "Y": 0.1944
            },
            "PreSize": {
              "X": 0.1063,
              "Y": 0.0528
            },
            "LeftMargin": 296.5911,
            "RightMargin": 847.4089,
            "TopMargin": 561.0,
            "BottomMargin": 121.0,
            "Tag": 587,
            "ActionTag": -1009389385,
            "Size": {
              "X": 136.0,
              "Y": 38.0
            },
            "Name": "zhuamaxz",
            "ctype": "TextObjectData"
          },
          {
            "FontSize": 33,
            "LabelText": "跟牌轮数：",
            "FontResource": {
              "Type": "Normal",
              "Path": "image/fonts/FZZY.TTF",
              "Plist": ""
            },
            "OutlineColor": {
              "R": 203,
              "G": 188,
              "B": 119
            },
            "ShadowColor": {
              "R": 110,
              "G": 110,
              "B": 110
            },
            "ShadowOffsetX": 2.0,
            "ShadowOffsetY": -2.0,
            "AnchorPoint": {
              "ScaleY": 0.5
            },
            "Position": {
              "X": 296.2284,
              "Y": 301.9087
            },
            "Scale": {
              "ScaleX": 1.0,
              "ScaleY": 1.0
            },
            "CColor": {
              "R": 140,
              "G": 112,
              "B": 71
            },
            "IconVisible": false,
            "PrePosition": {
              "X": 0.2314,
              "Y": 0.4193
            },
            "PreSize": {
              "X": 0.1141,
              "Y": 0.0528
            },
            "LeftMargin": 296.2284,
            "RightMargin": 837.7716,
            "TopMargin": 399.0913,
            "BottomMargin": 282.9087,
            "Tag": 1348,
            "ActionTag": 655246175,
            "Size": {
              "X": 146.0,
              "Y": 38.0
            },
            "Name": "genpai",
            "ctype": "TextObjectData"
          },
          {
            "FontSize": 33,
            "LabelText": "比牌轮数：",
            "FontResource": {
              "Type": "Normal",
              "Path": "image/fonts/FZZY.TTF",
              "Plist": ""
            },
            "OutlineColor": {
              "R": 203,
              "G": 188,
              "B": 119
            },
            "ShadowColor": {
              "R": 110,
              "G": 110,
              "B": 110
            },
            "ShadowOffsetX": 2.0,
            "ShadowOffsetY": -2.0,
            "AnchorPoint": {
              "ScaleY": 0.5
            },
            "Position": {
              "X": 299.6826,
              "Y": 248.6357
            },
            "Scale": {
              "ScaleX": 1.0,
              "ScaleY": 1.0
            },
            "CColor": {
              "R": 140,
              "G": 112,
              "B": 71
            },
            "IconVisible": false,
            "PrePosition": {
              "X": 0.2341,
              "Y": 0.3453
            },
            "PreSize": {
              "X": 0.1141,
              "Y": 0.0528
            },
            "LeftMargin": 299.6826,
            "RightMargin": 834.3174,
            "TopMargin": 452.3643,
            "BottomMargin": 229.6357,
            "Tag": 1349,
            "ActionTag": 2050688206,
            "Size": {
              "X": 146.0,
              "Y": 38.0
            },
            "Name": "bipai",
            "ctype": "TextObjectData"
          },
          {
            "FontSize": 33,
            "LabelText": "闷牌轮数：",
            "FontResource": {
              "Type": "Normal",
              "Path": "image/fonts/FZZY.TTF",
              "Plist": ""
            },
            "OutlineColor": {
              "R": 203,
              "G": 188,
              "B": 119
            },
            "ShadowColor": {
              "R": 110,
              "G": 110,
              "B": 110
            },
            "ShadowOffsetX": 2.0,
            "ShadowOffsetY": -2.0,
            "AnchorPoint": {
              "ScaleY": 0.5
            },
            "Position": {
              "X": 299.6827,
              "Y": 195.3627
            },
            "Scale": {
              "ScaleX": 1.0,
              "ScaleY": 1.0
            },
            "CColor": {
              "R": 140,
              "G": 112,
              "B": 71
            },
            "IconVisible": false,
            "PrePosition": {
              "X": 0.2341,
              "Y": 0.2713
            },
            "PreSize": {
              "X": 0.1141,
              "Y": 0.0528
            },
            "LeftMargin": 299.6827,
            "RightMargin": 834.3173,
            "TopMargin": 505.6373,
            "BottomMargin": 176.3627,
            "Tag": 1350,
            "ActionTag": 1026483470,
            "Size": {
              "X": 146.0,
              "Y": 38.0
            },
            "Name": "menpai",
            "ctype": "TextObjectData"
          }
        ],
        "Size": {
          "X": 1280.0,
          "Y": 720.0
        },
        "Name": "Layer",
        "ctype": "SingleNodeObjectData"
      },
      "UsedResources": [
        "../../Default/CheckBox_Disable.png",
        "../../image/fonts/FZZY.TTF",
        "../../image/ui/common/bg_black.png",
        "../../image/ui/common/commom_bg2.png",
        "../../image/ui/common/commom_title_bg.png",
        "../../image/ui/common/common_bg1.png",
        "../../image/ui/common/create_fangka.png",
        "../../image/ui/hall/notice_xm.png",
        "../../image/ui/niuniu/button/set.png",
        "../../image/ui/room/room_close.png",
        "../../image/ui/room2/bt_bg.png",
        "../../image/ui/room2/btn_create2.png",
        "../../image/ui/room2/btn_daikai2.png",
        "../../image/ui/room2/btselect.png",
        "../../image/ui/room2/cb2_0.png",
        "../../image/ui/room2/cb2_1.png",
        "../../image/ui/room2/create_btn0.png",
        "../../image/ui/room2/create_btn1.png",
        "../../image/ui/room2/create_btn10.png",
        "../../image/ui/room2/create_btn11.png",
        "../../image/ui/room2/create_btn2.png",
        "../../image/ui/room2/create_btn3.png",
        "../../image/ui/room2/create_btn4.png",
        "../../image/ui/room2/create_btn5.png",
        "../../image/ui/room2/create_btn6.png",
        "../../image/ui/room2/create_btn7.png",
        "../../image/ui/room2/create_btn8.png",
        "../../image/ui/room2/create_btn9.png",
        "../../image/ui/room2/create_light.png",
        "../../image/ui/room2/room2_white.png",
        "../../image/ui/title/title_createroom.png"
      ],
      "ctype": "GameFileData"
    }
  },
  "Type": "Scene"
}