{
  "ID": "35e5601a-d3de-40eb-b854-b4cccd953d55",
  "Version": "3.10.0.0",
  "Name": "OpenCards",
  "Content": {
    "Content": {
      "Animation": {
        "Duration": 0,
        "Speed": 1.0,
        "Timelines": [],
        "ctype": "TimelineActionData"
      },
      "AnimationList": [],
      "ObjectData": {
        "Tag": 25,
        "Children": [
          {
            "FileData": {
              "Type": "PlistSubImage",
              "Path": "cardcommon_small_20.png",
              "Plist": "image/ui/card_common/card_common.plist"
            },
            "BlendFunc": {
              "Src": 1,
              "Dst": 771
            },
            "AnchorPoint": {
              "ScaleX": 0.5,
              "ScaleY": 0.5
            },
            "Position": {
              "X": 24.0,
              "Y": 24.0
            },
            "Scale": {
              "ScaleX": 1.0,
              "ScaleY": 1.0
            },
            "CColor": {},
            "IconVisible": false,
            "PrePosition": {
              "X": 0.0857,
              "Y": 0.1297
            },
            "PreSize": {
              "X": 0.15,
              "Y": 0.227
            },
            "LeftMargin": 3.0,
            "RightMargin": 235.0,
            "TopMargin": 140.0,
            "BottomMargin": 3.0,
            "Tag": 45,
            "ActionTag": 892495857,
            "Size": {
              "X": 42.0,
              "Y": 42.0
            },
            "Name": "s7_1",
            "ctype": "SpriteObjectData"
          },
          {
            "FileData": {
              "Type": "PlistSubImage",
              "Path": "cardcommon_small_20.png",
              "Plist": "image/ui/card_common/card_common.plist"
            },
            "BlendFunc": {
              "Src": 1,
              "Dst": 771
            },
            "AnchorPoint": {
              "ScaleX": 0.5,
              "ScaleY": 0.5
            },
            "Position": {
              "X": 24.0,
              "Y": 69.3333
            },
            "Scale": {
              "ScaleX": 1.0,
              "ScaleY": 1.0
            },
            "CColor": {},
            "IconVisible": false,
            "PrePosition": {
              "X": 0.0857,
              "Y": 0.3748
            },
            "PreSize": {
              "X": 0.15,
              "Y": 0.227
            },
            "LeftMargin": 3.0,
            "RightMargin": 235.0,
            "TopMargin": 94.6667,
            "BottomMargin": 48.3333,
            "Tag": 48,
            "ActionTag": -444630731,
            "Size": {
              "X": 42.0,
              "Y": 42.0
            },
            "Name": "s7_1_0",
            "ctype": "SpriteObjectData"
          },
          {
            "FileData": {
              "Type": "PlistSubImage",
              "Path": "cardcommon_small_20.png",
              "Plist": "image/ui/card_common/card_common.plist"
            },
            "BlendFunc": {
              "Src": 1,
              "Dst": 771
            },
            "AnchorPoint": {
              "ScaleX": 0.5,
              "ScaleY": 0.5
            },
            "Position": {
              "X": 24.0,
              "Y": 114.6667
            },
            "Scale": {
              "ScaleX": 1.0,
              "ScaleY": 1.0
            },
            "CColor": {},
            "IconVisible": false,
            "PrePosition": {
              "X": 0.0857,
              "Y": 0.6198
            },
            "PreSize": {
              "X": 0.15,
              "Y": 0.227
            },
            "LeftMargin": 3.0,
            "RightMargin": 235.0,
            "TopMargin": 49.3333,
            "BottomMargin": 93.6667,
            "Tag": 49,
            "ActionTag": 1790713570,
            "Size": {
              "X": 42.0,
              "Y": 42.0
            },
            "Name": "s7_1_1",
            "ctype": "SpriteObjectData"
          },
          {
            "FileData": {
              "Type": "PlistSubImage",
              "Path": "cardcommon_small_20.png",
              "Plist": "image/ui/card_common/card_common.plist"
            },
            "BlendFunc": {
              "Src": 1,
              "Dst": 771
            },
            "AnchorPoint": {
              "ScaleX": 0.5,
              "ScaleY": 0.5
            },
            "Position": {
              "X": 24.0,
              "Y": 160.0
            },
            "Scale": {
              "ScaleX": 1.0,
              "ScaleY": 1.0
            },
            "CColor": {},
            "IconVisible": false,
            "PrePosition": {
              "X": 0.0857,
              "Y": 0.8649
            },
            "PreSize": {
              "X": 0.15,
              "Y": 0.227
            },
            "LeftMargin": 3.0,
            "RightMargin": 235.0,
            "TopMargin": 4.0,
            "BottomMargin": 139.0,
            "Tag": 50,
            "ActionTag": 841170399,
            "Size": {
              "X": 42.0,
              "Y": 42.0
            },
            "Name": "s7_1_2",
            "ctype": "SpriteObjectData"
          },
          {
            "FileData": {
              "Type": "PlistSubImage",
              "Path": "cardcommon_small_20.png",
              "Plist": "image/ui/card_common/card_common.plist"
            },
            "BlendFunc": {
              "Src": 1,
              "Dst": 771
            },
            "AnchorPoint": {
              "ScaleX": 0.5,
              "ScaleY": 0.5
            },
            "Position": {
              "X": 69.8,
              "Y": 24.0
            },
            "Scale": {
              "ScaleX": 1.0,
              "ScaleY": 1.0
            },
            "CColor": {},
            "IconVisible": false,
            "PrePosition": {
              "X": 0.2493,
              "Y": 0.1297
            },
            "PreSize": {
              "X": 0.15,
              "Y": 0.227
            },
            "LeftMargin": 48.8,
            "RightMargin": 189.2,
            "TopMargin": 140.0,
            "BottomMargin": 3.0,
            "Tag": 51,
            "ActionTag": -1376071893,
            "Size": {
              "X": 42.0,
              "Y": 42.0
            },
            "Name": "s7_1_3",
            "ctype": "SpriteObjectData"
          },
          {
            "FileData": {
              "Type": "PlistSubImage",
              "Path": "cardcommon_small_20.png",
              "Plist": "image/ui/card_common/card_common.plist"
            },
            "BlendFunc": {
              "Src": 1,
              "Dst": 771
            },
            "AnchorPoint": {
              "ScaleX": 0.5,
              "ScaleY": 0.5
            },
            "Position": {
              "X": 115.6,
              "Y": 24.0
            },
            "Scale": {
              "ScaleX": 1.0,
              "ScaleY": 1.0
            },
            "CColor": {},
            "IconVisible": false,
            "PrePosition": {
              "X": 0.4129,
              "Y": 0.1297
            },
            "PreSize": {
              "X": 0.15,
              "Y": 0.227
            },
            "LeftMargin": 94.6,
            "RightMargin": 143.4,
            "TopMargin": 140.0,
            "BottomMargin": 3.0,
            "Tag": 52,
            "ActionTag": -456018912,
            "Size": {
              "X": 42.0,
              "Y": 42.0
            },
            "Name": "s7_1_4",
            "ctype": "SpriteObjectData"
          },
          {
            "FileData": {
              "Type": "PlistSubImage",
              "Path": "cardcommon_small_20.png",
              "Plist": "image/ui/card_common/card_common.plist"
            },
            "BlendFunc": {
              "Src": 1,
              "Dst": 771
            },
            "AnchorPoint": {
              "ScaleX": 0.5,
              "ScaleY": 0.5
            },
            "Position": {
              "X": 161.4,
              "Y": 24.0
            },
            "Scale": {
              "ScaleX": 1.0,
              "ScaleY": 1.0
            },
            "CColor": {},
            "IconVisible": false,
            "PrePosition": {
              "X": 0.5764,
              "Y": 0.1297
            },
            "PreSize": {
              "X": 0.15,
              "Y": 0.227
            },
            "LeftMargin": 140.4,
            "RightMargin": 97.6,
            "TopMargin": 140.0,
            "BottomMargin": 3.0,
            "Tag": 53,
            "ActionTag": -211252055,
            "Size": {
              "X": 42.0,
              "Y": 42.0
            },
            "Name": "s7_1_5",
            "ctype": "SpriteObjectData"
          },
          {
            "FileData": {
              "Type": "PlistSubImage",
              "Path": "cardcommon_small_20.png",
              "Plist": "image/ui/card_common/card_common.plist"
            },
            "BlendFunc": {
              "Src": 1,
              "Dst": 771
            },
            "AnchorPoint": {
              "ScaleX": 0.5,
              "ScaleY": 0.5
            },
            "Position": {
              "X": 206.2,
              "Y": 24.0
            },
            "Scale": {
              "ScaleX": 1.0,
              "ScaleY": 1.0
            },
            "CColor": {},
            "IconVisible": false,
            "PrePosition": {
              "X": 0.7364,
              "Y": 0.1297
            },
            "PreSize": {
              "X": 0.15,
              "Y": 0.227
            },
            "LeftMargin": 185.2,
            "RightMargin": 52.8,
            "TopMargin": 140.0,
            "BottomMargin": 3.0,
            "Tag": 54,
            "ActionTag": 1733923050,
            "Size": {
              "X": 42.0,
              "Y": 42.0
            },
            "Name": "s7_1_6",
            "ctype": "SpriteObjectData"
          },
          {
            "FileData": {
              "Type": "PlistSubImage",
              "Path": "cardcommon_small_20.png",
              "Plist": "image/ui/card_common/card_common.plist"
            },
            "BlendFunc": {
              "Src": 1,
              "Dst": 771
            },
            "AnchorPoint": {
              "ScaleX": 0.5,
              "ScaleY": 0.5
            },
            "Position": {
              "X": 251.9999,
              "Y": 24.0
            },
            "Scale": {
              "ScaleX": 1.0,
              "ScaleY": 1.0
            },
            "CColor": {},
            "IconVisible": false,
            "PrePosition": {
              "X": 0.9,
              "Y": 0.1297
            },
            "PreSize": {
              "X": 0.15,
              "Y": 0.227
            },
            "LeftMargin": 230.9999,
            "RightMargin": 7.0001,
            "TopMargin": 140.0,
            "BottomMargin": 3.0,
            "Tag": 55,
            "ActionTag": 2042208384,
            "Size": {
              "X": 42.0,
              "Y": 42.0
            },
            "Name": "s7_1_7",
            "ctype": "SpriteObjectData"
          }
        ],
        "Size": {
          "X": 280.0,
          "Y": 185.0
        },
        "Name": "Layer",
        "ctype": "LayerObjectData"
      },
      "UsedResources": [
        "../../image/ui/card_common/card_common.plist",
        "../../image/ui/card_common/card_common.png"
      ],
      "ctype": "GameFileData"
    }
  },
  "Type": "Layer"
}