{
  "ID": "495f4131-b7bb-49d7-8b75-b2a9b9b2c1ee",
  "Version": "3.10.0.0",
  "Name": "RoomJoin",
  "Content": {
    "Content": {
      "Animation": {
        "Duration": 0,
        "Speed": 1.0,
        "Timelines": [],
        "ctype": "TimelineActionData"
      },
      "AnimationList": [],
      "ObjectData": {
        "Tag": 49,
        "Children": [
          {
            "ClipAble": false,
            "BackColorAlpha": 102,
            "SingleColor": {
              "R": 150,
              "G": 200
            },
            "FirstColor": {
              "R": 150,
              "G": 200
            },
            "EndColor": {},
            "ColorVector": {
              "ScaleY": 1.0
            },
            "Scale9Width": 1,
            "Scale9Height": 1,
            "TouchEnable": true,
            "AnchorPoint": {
              "ScaleX": 0.5,
              "ScaleY": 0.5
            },
            "Position": {
              "X": 640.0,
              "Y": 360.0
            },
            "Scale": {
              "ScaleX": 1.0,
              "ScaleY": 1.0
            },
            "CColor": {},
            "IconVisible": false,
            "PositionPercentXEnabled": true,
            "PositionPercentYEnabled": true,
            "PrePosition": {
              "X": 0.5,
              "Y": 0.5
            },
            "PreSize": {
              "X": 1.0,
              "Y": 1.0
            },
            "Tag": 3013,
            "Children": [
              {
                "ClipAble": false,
                "BackColorAlpha": 127,
                "SingleColor": {
                  "R": 0,
                  "G": 0,
                  "B": 0
                },
                "FirstColor": {
                  "R": 150,
                  "G": 200
                },
                "EndColor": {},
                "ColorVector": {
                  "ScaleY": 1.0
                },
                "Scale9Width": 1,
                "Scale9Height": 1,
                "TouchEnable": true,
                "AnchorPoint": {},
                "Position": {
                  "X": 0.0,
                  "Y": 0.0
                },
                "Scale": {
                  "ScaleX": 1.0,
                  "ScaleY": 1.0
                },
                "CColor": {},
                "IconVisible": false,
                "PrePosition": {
                  "X": 0.0,
                  "Y": 0.0
                },
                "PreSize": {
                  "X": 1.0,
                  "Y": 1.0
                },
                "Tag": 106,
                "Children": [
                  {
                    "FileData": {
                      "Type": "Normal",
                      "Path": "image/ui/room2/bg_join.png",
                      "Plist": ""
                    },
                    "Scale9Enable": true,
                    "Scale9OriginX": 58,
                    "Scale9OriginY": 36,
                    "Scale9Width": 653,
                    "Scale9Height": 542,
                    "AnchorPoint": {
                      "ScaleX": 0.5,
                      "ScaleY": 0.5
                    },
                    "Position": {
                      "X": 640.0,
                      "Y": 324.0
                    },
                    "Scale": {
                      "ScaleX": 1.0,
                      "ScaleY": 1.0
                    },
                    "CColor": {},
                    "IconVisible": false,
                    "PositionPercentXEnabled": true,
                    "PositionPercentYEnabled": true,
                    "PrePosition": {
                      "X": 0.5,
                      "Y": 0.45
                    },
                    "PreSize": {
                      "X": 0.6008,
                      "Y": 0.8528
                    },
                    "LeftMargin": 255.5,
                    "RightMargin": 255.5,
                    "TopMargin": 89.0,
                    "BottomMargin": 17.0,
                    "Tag": 110,
                    "ActionTag": 705882505,
                    "Size": {
                      "X": 769.0,
                      "Y": 614.0
                    },
                    "Name": "Image_2",
                    "ctype": "ImageViewObjectData"
                  },
                  {
                    "FileData": {
                      "Type": "Normal",
                      "Path": "image/ui/room2/room_join_close.png",
                      "Plist": ""
                    },
                    "BlendFunc": {
                      "Src": 1,
                      "Dst": 771
                    },
                    "AnchorPoint": {
                      "ScaleX": 0.5,
                      "ScaleY": 0.5
                    },
                    "Position": {
                      "X": 984.7054,
                      "Y": 577.0278
                    },
                    "Scale": {
                      "ScaleX": 1.0,
                      "ScaleY": 1.0
                    },
                    "CColor": {},
                    "IconVisible": false,
                    "PrePosition": {
                      "X": 0.7693,
                      "Y": 0.8014
                    },
                    "PreSize": {
                      "X": 0.0641,
                      "Y": 0.1139
                    },
                    "LeftMargin": 943.7054,
                    "RightMargin": 254.2947,
                    "TopMargin": 101.9722,
                    "BottomMargin": 536.0278,
                    "Tag": 159,
                    "ActionTag": 1976068336,
                    "Size": {
                      "X": 82.0,
                      "Y": 82.0
                    },
                    "Name": "btClose",
                    "ctype": "SpriteObjectData"
                  },
                  {
                    "FileData": {
                      "Type": "Normal",
                      "Path": "image/ui/title/title_joinroom.png",
                      "Plist": ""
                    },
                    "BlendFunc": {
                      "Src": 1,
                      "Dst": 771
                    },
                    "AnchorPoint": {
                      "ScaleX": 0.5,
                      "ScaleY": 0.5
                    },
                    "Position": {
                      "X": 649.6,
                      "Y": 603.648
                    },
                    "Scale": {
                      "ScaleX": 1.0,
                      "ScaleY": 1.0
                    },
                    "CColor": {},
                    "IconVisible": false,
                    "PositionPercentXEnabled": true,
                    "PositionPercentYEnabled": true,
                    "PrePosition": {
                      "X": 0.5075,
                      "Y": 0.8384
                    },
                    "PreSize": {
                      "X": 0.2625,
                      "Y": 0.1444
                    },
                    "LeftMargin": 481.6,
                    "RightMargin": 462.4,
                    "TopMargin": 64.352,
                    "BottomMargin": 551.648,
                    "Tag": 109,
                    "ActionTag": -737697321,
                    "Size": {
                      "X": 336.0,
                      "Y": 104.0
                    },
                    "Name": "joinroom",
                    "ctype": "SpriteObjectData"
                  }
                ],
                "ActionTag": 1598020306,
                "Size": {
                  "X": 1280.0,
                  "Y": 720.0
                },
                "Name": "bgPanel",
                "ctype": "PanelObjectData"
              },
              {
                "AnchorPoint": {},
                "Position": {
                  "X": 480.0,
                  "Y": 515.0
                },
                "Scale": {
                  "ScaleX": 1.0,
                  "ScaleY": 1.0
                },
                "CColor": {},
                "IconVisible": true,
                "PrePosition": {
                  "X": 0.375,
                  "Y": 0.7153
                },
                "PreSize": {
                  "X": 0.0,
                  "Y": 0.0
                },
                "LeftMargin": 480.0,
                "RightMargin": 800.0,
                "TopMargin": 205.0,
                "BottomMargin": 515.0,
                "Tag": 161,
                "Children": [
                  {
                    "FileData": {
                      "Type": "Normal",
                      "Path": "image/ui/room2/room2_numbg.png",
                      "Plist": ""
                    },
                    "BlendFunc": {
                      "Src": 1,
                      "Dst": 771
                    },
                    "AnchorPoint": {
                      "ScaleX": 0.5,
                      "ScaleY": 0.5
                    },
                    "Position": {
                      "X": -92.9947,
                      "Y": -14.3297
                    },
                    "Scale": {
                      "ScaleX": 1.0,
                      "ScaleY": 1.0
                    },
                    "CColor": {},
                    "IconVisible": false,
                    "PrePosition": {
                      "X": 0.0,
                      "Y": 0.0
                    },
                    "PreSize": {
                      "X": 0.0,
                      "Y": 0.0
                    },
                    "LeftMargin": -136.4947,
                    "RightMargin": 49.4947,
                    "TopMargin": -29.1703,
                    "BottomMargin": -57.8297,
                    "Tag": 164,
                    "Children": [
                      {
                        "FontSize": 60,
                        "LabelText": "0",
                        "FontResource": {
                          "Type": "Normal",
                          "Path": "image/fonts/FZZY.TTF",
                          "Plist": ""
                        },
                        "HorizontalAlignmentType": "HT_Center",
                        "VerticalAlignmentType": "VT_Center",
                        "OutlineColor": {
                          "G": 0,
                          "B": 0
                        },
                        "ShadowColor": {
                          "R": 110,
                          "G": 110,
                          "B": 110
                        },
                        "ShadowOffsetX": 2.0,
                        "ShadowOffsetY": -2.0,
                        "AnchorPoint": {
                          "ScaleX": 0.5,
                          "ScaleY": 0.5
                        },
                        "Position": {
                          "X": 43.5,
                          "Y": 43.5
                        },
                        "Scale": {
                          "ScaleX": 1.0,
                          "ScaleY": 1.0
                        },
                        "CColor": {},
                        "IconVisible": false,
                        "PositionPercentXEnabled": true,
                        "PositionPercentYEnabled": true,
                        "PrePosition": {
                          "X": 0.5,
                          "Y": 0.5
                        },
                        "PreSize": {
                          "X": 0.3908,
                          "Y": 0.7816
                        },
                        "LeftMargin": 26.5,
                        "RightMargin": 26.5,
                        "TopMargin": 9.5,
                        "BottomMargin": 9.5,
                        "Tag": 48,
                        "ActionTag": -389621953,
                        "Size": {
                          "X": 34.0,
                          "Y": 68.0
                        },
                        "Name": "t1",
                        "ctype": "TextObjectData"
                      }
                    ],
                    "ActionTag": 122864676,
                    "Size": {
                      "X": 87.0,
                      "Y": 87.0
                    },
                    "Name": "numbg_0",
                    "ctype": "SpriteObjectData"
                  },
                  {
                    "FileData": {
                      "Type": "Normal",
                      "Path": "image/ui/room2/room2_numbg.png",
                      "Plist": ""
                    },
                    "BlendFunc": {
                      "Src": 1,
                      "Dst": 771
                    },
                    "AnchorPoint": {
                      "ScaleX": 0.5,
                      "ScaleY": 0.5
                    },
                    "Position": {
                      "X": 9.4785,
                      "Y": -14.3297
                    },
                    "Scale": {
                      "ScaleX": 1.0,
                      "ScaleY": 1.0
                    },
                    "CColor": {},
                    "IconVisible": false,
                    "PrePosition": {
                      "X": 0.0,
                      "Y": 0.0
                    },
                    "PreSize": {
                      "X": 0.0,
                      "Y": 0.0
                    },
                    "LeftMargin": -34.0215,
                    "RightMargin": -52.9785,
                    "TopMargin": -29.1703,
                    "BottomMargin": -57.8297,
                    "Tag": 165,
                    "Children": [
                      {
                        "FontSize": 60,
                        "LabelText": "0",
                        "FontResource": {
                          "Type": "Normal",
                          "Path": "image/fonts/FZZY.TTF",
                          "Plist": ""
                        },
                        "HorizontalAlignmentType": "HT_Center",
                        "VerticalAlignmentType": "VT_Center",
                        "OutlineColor": {
                          "G": 0,
                          "B": 0
                        },
                        "ShadowColor": {
                          "R": 110,
                          "G": 110,
                          "B": 110
                        },
                        "ShadowOffsetX": 2.0,
                        "ShadowOffsetY": -2.0,
                        "AnchorPoint": {
                          "ScaleX": 0.5,
                          "ScaleY": 0.5
                        },
                        "Position": {
                          "X": 43.5,
                          "Y": 43.5
                        },
                        "Scale": {
                          "ScaleX": 1.0,
                          "ScaleY": 1.0
                        },
                        "CColor": {},
                        "IconVisible": false,
                        "PositionPercentXEnabled": true,
                        "PositionPercentYEnabled": true,
                        "PrePosition": {
                          "X": 0.5,
                          "Y": 0.5
                        },
                        "PreSize": {
                          "X": 0.3908,
                          "Y": 0.7816
                        },
                        "LeftMargin": 26.5,
                        "RightMargin": 26.5,
                        "TopMargin": 9.5,
                        "BottomMargin": 9.5,
                        "Tag": 49,
                        "ActionTag": -1585319066,
                        "Size": {
                          "X": 34.0,
                          "Y": 68.0
                        },
                        "Name": "t2",
                        "ctype": "TextObjectData"
                      }
                    ],
                    "ActionTag": 634981708,
                    "Size": {
                      "X": 87.0,
                      "Y": 87.0
                    },
                    "Name": "numbg_1",
                    "ctype": "SpriteObjectData"
                  },
                  {
                    "FileData": {
                      "Type": "Normal",
                      "Path": "image/ui/room2/room2_numbg.png",
                      "Plist": ""
                    },
                    "BlendFunc": {
                      "Src": 1,
                      "Dst": 771
                    },
                    "AnchorPoint": {
                      "ScaleX": 0.5,
                      "ScaleY": 0.5
                    },
                    "Position": {
                      "X": 111.9516,
                      "Y": -14.3297
                    },
                    "Scale": {
                      "ScaleX": 1.0,
                      "ScaleY": 1.0
                    },
                    "CColor": {},
                    "IconVisible": false,
                    "PrePosition": {
                      "X": 0.0,
                      "Y": 0.0
                    },
                    "PreSize": {
                      "X": 0.0,
                      "Y": 0.0
                    },
                    "LeftMargin": 68.4516,
                    "RightMargin": -155.4516,
                    "TopMargin": -29.1703,
                    "BottomMargin": -57.8297,
                    "Tag": 166,
                    "Children": [
                      {
                        "FontSize": 60,
                        "LabelText": "0",
                        "FontResource": {
                          "Type": "Normal",
                          "Path": "image/fonts/FZZY.TTF",
                          "Plist": ""
                        },
                        "HorizontalAlignmentType": "HT_Center",
                        "VerticalAlignmentType": "VT_Center",
                        "OutlineColor": {
                          "G": 0,
                          "B": 0
                        },
                        "ShadowColor": {
                          "R": 110,
                          "G": 110,
                          "B": 110
                        },
                        "ShadowOffsetX": 2.0,
                        "ShadowOffsetY": -2.0,
                        "AnchorPoint": {
                          "ScaleX": 0.5,
                          "ScaleY": 0.5
                        },
                        "Position": {
                          "X": 43.5,
                          "Y": 43.5
                        },
                        "Scale": {
                          "ScaleX": 1.0,
                          "ScaleY": 1.0
                        },
                        "CColor": {},
                        "IconVisible": false,
                        "PositionPercentXEnabled": true,
                        "PositionPercentYEnabled": true,
                        "PrePosition": {
                          "X": 0.5,
                          "Y": 0.5
                        },
                        "PreSize": {
                          "X": 0.3908,
                          "Y": 0.7816
                        },
                        "LeftMargin": 26.5,
                        "RightMargin": 26.5,
                        "TopMargin": 9.5,
                        "BottomMargin": 9.5,
                        "Tag": 50,
                        "ActionTag": -826648647,
                        "Size": {
                          "X": 34.0,
                          "Y": 68.0
                        },
                        "Name": "t3",
                        "ctype": "TextObjectData"
                      }
                    ],
                    "ActionTag": -1820754249,
                    "Size": {
                      "X": 87.0,
                      "Y": 87.0
                    },
                    "Name": "numbg_2",
                    "ctype": "SpriteObjectData"
                  },
                  {
                    "FileData": {
                      "Type": "Normal",
                      "Path": "image/ui/room2/room2_numbg.png",
                      "Plist": ""
                    },
                    "BlendFunc": {
                      "Src": 1,
                      "Dst": 771
                    },
                    "AnchorPoint": {
                      "ScaleX": 0.5,
                      "ScaleY": 0.5
                    },
                    "Position": {
                      "X": 214.4247,
                      "Y": -14.3297
                    },
                    "Scale": {
                      "ScaleX": 1.0,
                      "ScaleY": 1.0
                    },
                    "CColor": {},
                    "IconVisible": false,
                    "PrePosition": {
                      "X": 0.0,
                      "Y": 0.0
                    },
                    "PreSize": {
                      "X": 0.0,
                      "Y": 0.0
                    },
                    "LeftMargin": 170.9247,
                    "RightMargin": -257.9247,
                    "TopMargin": -29.1703,
                    "BottomMargin": -57.8297,
                    "Tag": 167,
                    "Children": [
                      {
                        "FontSize": 60,
                        "LabelText": "0",
                        "FontResource": {
                          "Type": "Normal",
                          "Path": "image/fonts/FZZY.TTF",
                          "Plist": ""
                        },
                        "HorizontalAlignmentType": "HT_Center",
                        "VerticalAlignmentType": "VT_Center",
                        "OutlineColor": {
                          "G": 0,
                          "B": 0
                        },
                        "ShadowColor": {
                          "R": 110,
                          "G": 110,
                          "B": 110
                        },
                        "ShadowOffsetX": 2.0,
                        "ShadowOffsetY": -2.0,
                        "AnchorPoint": {
                          "ScaleX": 0.5,
                          "ScaleY": 0.5
                        },
                        "Position": {
                          "X": 43.5,
                          "Y": 43.5
                        },
                        "Scale": {
                          "ScaleX": 1.0,
                          "ScaleY": 1.0
                        },
                        "CColor": {},
                        "IconVisible": false,
                        "PositionPercentXEnabled": true,
                        "PositionPercentYEnabled": true,
                        "PrePosition": {
                          "X": 0.5,
                          "Y": 0.5
                        },
                        "PreSize": {
                          "X": 0.3908,
                          "Y": 0.7816
                        },
                        "LeftMargin": 26.5,
                        "RightMargin": 26.5,
                        "TopMargin": 9.5,
                        "BottomMargin": 9.5,
                        "Tag": 51,
                        "ActionTag": -719742429,
                        "Size": {
                          "X": 34.0,
                          "Y": 68.0
                        },
                        "Name": "t4",
                        "ctype": "TextObjectData"
                      }
                    ],
                    "ActionTag": 39973839,
                    "Size": {
                      "X": 87.0,
                      "Y": 87.0
                    },
                    "Name": "numbg_3",
                    "ctype": "SpriteObjectData"
                  },
                  {
                    "FileData": {
                      "Type": "Normal",
                      "Path": "image/ui/room2/room2_numbg.png",
                      "Plist": ""
                    },
                    "BlendFunc": {
                      "Src": 1,
                      "Dst": 771
                    },
                    "AnchorPoint": {
                      "ScaleX": 0.5,
                      "ScaleY": 0.5
                    },
                    "Position": {
                      "X": 316.8978,
                      "Y": -14.3297
                    },
                    "Scale": {
                      "ScaleX": 1.0,
                      "ScaleY": 1.0
                    },
                    "CColor": {},
                    "IconVisible": false,
                    "PrePosition": {
                      "X": 0.0,
                      "Y": 0.0
                    },
                    "PreSize": {
                      "X": 0.0,
                      "Y": 0.0
                    },
                    "LeftMargin": 273.3978,
                    "RightMargin": -360.3978,
                    "TopMargin": -29.1703,
                    "BottomMargin": -57.8297,
                    "Tag": 168,
                    "Children": [
                      {
                        "FontSize": 60,
                        "LabelText": "0",
                        "FontResource": {
                          "Type": "Normal",
                          "Path": "image/fonts/FZZY.TTF",
                          "Plist": ""
                        },
                        "HorizontalAlignmentType": "HT_Center",
                        "VerticalAlignmentType": "VT_Center",
                        "OutlineColor": {
                          "G": 0,
                          "B": 0
                        },
                        "ShadowColor": {
                          "R": 110,
                          "G": 110,
                          "B": 110
                        },
                        "ShadowOffsetX": 2.0,
                        "ShadowOffsetY": -2.0,
                        "AnchorPoint": {
                          "ScaleX": 0.5,
                          "ScaleY": 0.5
                        },
                        "Position": {
                          "X": 43.5,
                          "Y": 43.5
                        },
                        "Scale": {
                          "ScaleX": 1.0,
                          "ScaleY": 1.0
                        },
                        "CColor": {},
                        "IconVisible": false,
                        "PositionPercentXEnabled": true,
                        "PositionPercentYEnabled": true,
                        "PrePosition": {
                          "X": 0.5,
                          "Y": 0.5
                        },
                        "PreSize": {
                          "X": 0.3908,
                          "Y": 0.7816
                        },
                        "LeftMargin": 26.5,
                        "RightMargin": 26.5,
                        "TopMargin": 9.5,
                        "BottomMargin": 9.5,
                        "Tag": 52,
                        "ActionTag": -1751635510,
                        "Size": {
                          "X": 34.0,
                          "Y": 68.0
                        },
                        "Name": "t5",
                        "ctype": "TextObjectData"
                      }
                    ],
                    "ActionTag": 1026666569,
                    "Size": {
                      "X": 87.0,
                      "Y": 87.0
                    },
                    "Name": "numbg_4",
                    "ctype": "SpriteObjectData"
                  },
                  {
                    "FileData": {
                      "Type": "Normal",
                      "Path": "image/ui/room2/room2_numbg.png",
                      "Plist": ""
                    },
                    "BlendFunc": {
                      "Src": 1,
                      "Dst": 771
                    },
                    "AnchorPoint": {
                      "ScaleX": 0.5,
                      "ScaleY": 0.5
                    },
                    "Position": {
                      "X": 419.3708,
                      "Y": -14.3296
                    },
                    "Scale": {
                      "ScaleX": 1.0,
                      "ScaleY": 1.0
                    },
                    "CColor": {},
                    "IconVisible": false,
                    "PrePosition": {
                      "X": 0.0,
                      "Y": 0.0
                    },
                    "PreSize": {
                      "X": 0.0,
                      "Y": 0.0
                    },
                    "LeftMargin": 375.8708,
                    "RightMargin": -462.8708,
                    "TopMargin": -29.1704,
                    "BottomMargin": -57.8296,
                    "Tag": 163,
                    "Children": [
                      {
                        "FontSize": 60,
                        "LabelText": "0",
                        "FontResource": {
                          "Type": "Normal",
                          "Path": "image/fonts/FZZY.TTF",
                          "Plist": ""
                        },
                        "HorizontalAlignmentType": "HT_Center",
                        "VerticalAlignmentType": "VT_Center",
                        "OutlineColor": {
                          "G": 0,
                          "B": 0
                        },
                        "ShadowColor": {
                          "R": 110,
                          "G": 110,
                          "B": 110
                        },
                        "ShadowOffsetX": 2.0,
                        "ShadowOffsetY": -2.0,
                        "AnchorPoint": {
                          "ScaleX": 0.5,
                          "ScaleY": 0.5
                        },
                        "Position": {
                          "X": 43.5,
                          "Y": 43.5
                        },
                        "Scale": {
                          "ScaleX": 1.0,
                          "ScaleY": 1.0
                        },
                        "CColor": {},
                        "IconVisible": false,
                        "PositionPercentXEnabled": true,
                        "PositionPercentYEnabled": true,
                        "PrePosition": {
                          "X": 0.5,
                          "Y": 0.5
                        },
                        "PreSize": {
                          "X": 0.3908,
                          "Y": 0.7816
                        },
                        "LeftMargin": 26.5,
                        "RightMargin": 26.5,
                        "TopMargin": 9.5,
                        "BottomMargin": 9.5,
                        "Tag": 53,
                        "ActionTag": -1958693943,
                        "Size": {
                          "X": 34.0,
                          "Y": 68.0
                        },
                        "Name": "t6",
                        "ctype": "TextObjectData"
                      }
                    ],
                    "ActionTag": -706633052,
                    "Size": {
                      "X": 87.0,
                      "Y": 87.0
                    },
                    "Name": "numbg_5",
                    "ctype": "SpriteObjectData"
                  }
                ],
                "ActionTag": -1112773170,
                "Size": {
                  "X": 0.0,
                  "Y": 0.0
                },
                "Name": "num",
                "ctype": "SingleNodeObjectData"
              },
              {
                "AnchorPoint": {},
                "Position": {
                  "X": 162.0,
                  "Y": 29.191
                },
                "Scale": {
                  "ScaleX": 1.0,
                  "ScaleY": 1.0
                },
                "CColor": {},
                "IconVisible": true,
                "PrePosition": {
                  "X": 0.1266,
                  "Y": 0.0405
                },
                "PreSize": {
                  "X": 0.0,
                  "Y": 0.0
                },
                "LeftMargin": 162.0,
                "RightMargin": 1118.0,
                "TopMargin": 690.809,
                "BottomMargin": 29.191,
                "Tag": 162,
                "ActionTag": -1250163200,
                "Size": {
                  "X": 0.0,
                  "Y": 0.0
                },
                "Name": "jian",
                "ctype": "SingleNodeObjectData"
              },
              {
                "FileData": {
                  "Type": "Normal",
                  "Path": "image/ui/room2/btn_join_09.png",
                  "Plist": ""
                },
                "BlendFunc": {
                  "Src": 1,
                  "Dst": 771
                },
                "AnchorPoint": {
                  "ScaleX": 0.5,
                  "ScaleY": 0.5
                },
                "Position": {
                  "X": 850.2417,
                  "Y": 212.3329
                },
                "Scale": {
                  "ScaleX": 1.0,
                  "ScaleY": 1.0
                },
                "CColor": {},
                "IconVisible": false,
                "PrePosition": {
                  "X": 0.6643,
                  "Y": 0.2949
                },
                "PreSize": {
                  "X": 0.1406,
                  "Y": 0.1153
                },
                "LeftMargin": 760.2417,
                "RightMargin": 339.7583,
                "TopMargin": 466.1671,
                "BottomMargin": 170.8329,
                "Tag": 619,
                "ActionTag": 174566998,
                "Size": {
                  "X": 180.0,
                  "Y": 83.0
                },
                "Name": "bt9",
                "ctype": "SpriteObjectData"
              },
              {
                "FileData": {
                  "Type": "Normal",
                  "Path": "image/ui/room2/btn_join_08.png",
                  "Plist": ""
                },
                "BlendFunc": {
                  "Src": 1,
                  "Dst": 771
                },
                "AnchorPoint": {
                  "ScaleX": 0.5,
                  "ScaleY": 0.5
                },
                "Position": {
                  "X": 642.0002,
                  "Y": 212.3329
                },
                "Scale": {
                  "ScaleX": 1.0,
                  "ScaleY": 1.0
                },
                "CColor": {},
                "IconVisible": false,
                "PrePosition": {
                  "X": 0.5016,
                  "Y": 0.2949
                },
                "PreSize": {
                  "X": 0.1406,
                  "Y": 0.1153
                },
                "LeftMargin": 552.0002,
                "RightMargin": 547.9998,
                "TopMargin": 466.1671,
                "BottomMargin": 170.8329,
                "Tag": 621,
                "ActionTag": 1190887445,
                "Size": {
                  "X": 180.0,
                  "Y": 83.0
                },
                "Name": "bt8",
                "ctype": "SpriteObjectData"
              },
              {
                "FileData": {
                  "Type": "Normal",
                  "Path": "image/ui/room2/btn_join_07.png",
                  "Plist": ""
                },
                "BlendFunc": {
                  "Src": 1,
                  "Dst": 771
                },
                "AnchorPoint": {
                  "ScaleX": 0.5,
                  "ScaleY": 0.5
                },
                "Position": {
                  "X": 429.9008,
                  "Y": 212.3329
                },
                "Scale": {
                  "ScaleX": 1.0,
                  "ScaleY": 1.0
                },
                "CColor": {},
                "IconVisible": false,
                "PrePosition": {
                  "X": 0.3359,
                  "Y": 0.2949
                },
                "PreSize": {
                  "X": 0.1406,
                  "Y": 0.1153
                },
                "LeftMargin": 339.9008,
                "RightMargin": 760.0992,
                "TopMargin": 466.1671,
                "BottomMargin": 170.8329,
                "Tag": 623,
                "ActionTag": -1336827169,
                "Size": {
                  "X": 180.0,
                  "Y": 83.0
                },
                "Name": "bt7",
                "ctype": "SpriteObjectData"
              },
              {
                "FileData": {
                  "Type": "Normal",
                  "Path": "image/ui/room2/btn_join_06.png",
                  "Plist": ""
                },
                "BlendFunc": {
                  "Src": 1,
                  "Dst": 771
                },
                "AnchorPoint": {
                  "ScaleX": 0.5,
                  "ScaleY": 0.5
                },
                "Position": {
                  "X": 850.2417,
                  "Y": 306.5225
                },
                "Scale": {
                  "ScaleX": 1.0,
                  "ScaleY": 1.0
                },
                "CColor": {},
                "IconVisible": false,
                "PrePosition": {
                  "X": 0.6643,
                  "Y": 0.4257
                },
                "PreSize": {
                  "X": 0.1406,
                  "Y": 0.1153
                },
                "LeftMargin": 760.2417,
                "RightMargin": 339.7583,
                "TopMargin": 371.9775,
                "BottomMargin": 265.0225,
                "Tag": 625,
                "ActionTag": -1129732974,
                "Size": {
                  "X": 180.0,
                  "Y": 83.0
                },
                "Name": "bt6",
                "ctype": "SpriteObjectData"
              },
              {
                "FileData": {
                  "Type": "Normal",
                  "Path": "image/ui/room2/btn_join_05.png",
                  "Plist": ""
                },
                "BlendFunc": {
                  "Src": 1,
                  "Dst": 771
                },
                "AnchorPoint": {
                  "ScaleX": 0.5,
                  "ScaleY": 0.5
                },
                "Position": {
                  "X": 642.0002,
                  "Y": 306.5225
                },
                "Scale": {
                  "ScaleX": 1.0,
                  "ScaleY": 1.0
                },
                "CColor": {},
                "IconVisible": false,
                "PrePosition": {
                  "X": 0.5016,
                  "Y": 0.4257
                },
                "PreSize": {
                  "X": 0.1406,
                  "Y": 0.1153
                },
                "LeftMargin": 552.0002,
                "RightMargin": 547.9998,
                "TopMargin": 371.9775,
                "BottomMargin": 265.0225,
                "Tag": 627,
                "ActionTag": 2082355890,
                "Size": {
                  "X": 180.0,
                  "Y": 83.0
                },
                "Name": "bt5",
                "ctype": "SpriteObjectData"
              },
              {
                "FileData": {
                  "Type": "Normal",
                  "Path": "image/ui/room2/btn_join_04.png",
                  "Plist": ""
                },
                "BlendFunc": {
                  "Src": 1,
                  "Dst": 771
                },
                "AnchorPoint": {
                  "ScaleX": 0.5,
                  "ScaleY": 0.5
                },
                "Position": {
                  "X": 429.9008,
                  "Y": 306.5225
                },
                "Scale": {
                  "ScaleX": 1.0,
                  "ScaleY": 1.0
                },
                "CColor": {},
                "IconVisible": false,
                "PrePosition": {
                  "X": 0.3359,
                  "Y": 0.4257
                },
                "PreSize": {
                  "X": 0.1406,
                  "Y": 0.1153
                },
                "LeftMargin": 339.9008,
                "RightMargin": 760.0992,
                "TopMargin": 371.9775,
                "BottomMargin": 265.0225,
                "Tag": 629,
                "ActionTag": 1271829039,
                "Size": {
                  "X": 180.0,
                  "Y": 83.0
                },
                "Name": "bt4",
                "ctype": "SpriteObjectData"
              },
              {
                "FileData": {
                  "Type": "Normal",
                  "Path": "image/ui/room2/btn_join_03.png",
                  "Plist": ""
                },
                "BlendFunc": {
                  "Src": 1,
                  "Dst": 771
                },
                "AnchorPoint": {
                  "ScaleX": 0.5,
                  "ScaleY": 0.5
                },
                "Position": {
                  "X": 850.2417,
                  "Y": 400.7115
                },
                "Scale": {
                  "ScaleX": 1.0,
                  "ScaleY": 1.0
                },
                "CColor": {},
                "IconVisible": false,
                "PrePosition": {
                  "X": 0.6643,
                  "Y": 0.5565
                },
                "PreSize": {
                  "X": 0.1406,
                  "Y": 0.1153
                },
                "LeftMargin": 760.2417,
                "RightMargin": 339.7583,
                "TopMargin": 277.7885,
                "BottomMargin": 359.2115,
                "Tag": 631,
                "ActionTag": 1551941097,
                "Size": {
                  "X": 180.0,
                  "Y": 83.0
                },
                "Name": "bt3",
                "ctype": "SpriteObjectData"
              },
              {
                "FileData": {
                  "Type": "Normal",
                  "Path": "image/ui/room2/btn_join_02.png",
                  "Plist": ""
                },
                "BlendFunc": {
                  "Src": 1,
                  "Dst": 771
                },
                "AnchorPoint": {
                  "ScaleX": 0.5,
                  "ScaleY": 0.5
                },
                "Position": {
                  "X": 642.048,
                  "Y": 400.7115
                },
                "Scale": {
                  "ScaleX": 1.0,
                  "ScaleY": 1.0
                },
                "CColor": {},
                "IconVisible": false,
                "PositionPercentXEnabled": true,
                "PrePosition": {
                  "X": 0.5016,
                  "Y": 0.5565
                },
                "PreSize": {
                  "X": 0.1406,
                  "Y": 0.1153
                },
                "LeftMargin": 552.048,
                "RightMargin": 547.952,
                "TopMargin": 277.7885,
                "BottomMargin": 359.2115,
                "Tag": 633,
                "ActionTag": 538959201,
                "Size": {
                  "X": 180.0,
                  "Y": 83.0
                },
                "Name": "bt2",
                "ctype": "SpriteObjectData"
              },
              {
                "FileData": {
                  "Type": "Normal",
                  "Path": "image/ui/room2/btn_join_01.png",
                  "Plist": ""
                },
                "BlendFunc": {
                  "Src": 1,
                  "Dst": 771
                },
                "AnchorPoint": {
                  "ScaleX": 0.5,
                  "ScaleY": 0.5
                },
                "Position": {
                  "X": 429.9008,
                  "Y": 400.7115
                },
                "Scale": {
                  "ScaleX": 1.0,
                  "ScaleY": 1.0
                },
                "CColor": {},
                "IconVisible": false,
                "PrePosition": {
                  "X": 0.3359,
                  "Y": 0.5565
                },
                "PreSize": {
                  "X": 0.1406,
                  "Y": 0.1153
                },
                "LeftMargin": 339.9008,
                "RightMargin": 760.0992,
                "TopMargin": 277.7885,
                "BottomMargin": 359.2115,
                "Tag": 635,
                "ActionTag": 1475753902,
                "Size": {
                  "X": 180.0,
                  "Y": 83.0
                },
                "Name": "bt1",
                "ctype": "SpriteObjectData"
              },
              {
                "FileData": {
                  "Type": "Normal",
                  "Path": "image/ui/room2/btn_join_00.png",
                  "Plist": ""
                },
                "BlendFunc": {
                  "Src": 1,
                  "Dst": 771
                },
                "AnchorPoint": {
                  "ScaleX": 0.5,
                  "ScaleY": 0.5
                },
                "Position": {
                  "X": 642.0002,
                  "Y": 118.1437
                },
                "Scale": {
                  "ScaleX": 1.0,
                  "ScaleY": 1.0
                },
                "CColor": {},
                "IconVisible": false,
                "PrePosition": {
                  "X": 0.5016,
                  "Y": 0.1641
                },
                "PreSize": {
                  "X": 0.1406,
                  "Y": 0.1153
                },
                "LeftMargin": 552.0002,
                "RightMargin": 547.9998,
                "TopMargin": 560.3563,
                "BottomMargin": 76.6437,
                "Tag": 637,
                "ActionTag": -1144773783,
                "Size": {
                  "X": 180.0,
                  "Y": 83.0
                },
                "Name": "bt0",
                "ctype": "SpriteObjectData"
              },
              {
                "FileData": {
                  "Type": "Normal",
                  "Path": "image/ui/room2/btn_join_clean.png",
                  "Plist": ""
                },
                "BlendFunc": {
                  "Src": 1,
                  "Dst": 771
                },
                "AnchorPoint": {
                  "ScaleX": 0.5,
                  "ScaleY": 0.5
                },
                "Position": {
                  "X": 429.9008,
                  "Y": 118.1437
                },
                "Scale": {
                  "ScaleX": 1.0,
                  "ScaleY": 1.0
                },
                "CColor": {},
                "IconVisible": false,
                "PrePosition": {
                  "X": 0.3359,
                  "Y": 0.1641
                },
                "PreSize": {
                  "X": 0.1406,
                  "Y": 0.1153
                },
                "LeftMargin": 339.9008,
                "RightMargin": 760.0992,
                "TopMargin": 560.3563,
                "BottomMargin": 76.6437,
                "Tag": 639,
                "ActionTag": -1004516689,
                "Size": {
                  "X": 180.0,
                  "Y": 83.0
                },
                "Name": "bt10",
                "ctype": "SpriteObjectData"
              },
              {
                "FileData": {
                  "Type": "Normal",
                  "Path": "image/ui/room2/btn_join_back.png",
                  "Plist": ""
                },
                "BlendFunc": {
                  "Src": 1,
                  "Dst": 771
                },
                "AnchorPoint": {
                  "ScaleX": 0.5,
                  "ScaleY": 0.5
                },
                "Position": {
                  "X": 850.2417,
                  "Y": 118.1437
                },
                "Scale": {
                  "ScaleX": 1.0,
                  "ScaleY": 1.0
                },
                "CColor": {},
                "IconVisible": false,
                "PrePosition": {
                  "X": 0.6643,
                  "Y": 0.1641
                },
                "PreSize": {
                  "X": 0.1406,
                  "Y": 0.1153
                },
                "LeftMargin": 760.2417,
                "RightMargin": 339.7583,
                "TopMargin": 560.3563,
                "BottomMargin": 76.6437,
                "Tag": 641,
                "ActionTag": -1158874073,
                "Size": {
                  "X": 180.0,
                  "Y": 83.0
                },
                "Name": "bt11",
                "ctype": "SpriteObjectData"
              }
            ],
            "ActionTag": -1892442144,
            "Size": {
              "X": 1280.0,
              "Y": 720.0
            },
            "Name": "root",
            "ctype": "PanelObjectData"
          }
        ],
        "Size": {
          "X": 1280.0,
          "Y": 720.0
        },
        "Name": "Layer",
        "ctype": "LayerObjectData"
      },
      "UsedResources": [
        "../../image/fonts/FZZY.TTF",
        "../../image/ui/room2/bg_join.png",
        "../../image/ui/room2/btn_join_00.png",
        "../../image/ui/room2/btn_join_01.png",
        "../../image/ui/room2/btn_join_02.png",
        "../../image/ui/room2/btn_join_03.png",
        "../../image/ui/room2/btn_join_04.png",
        "../../image/ui/room2/btn_join_05.png",
        "../../image/ui/room2/btn_join_06.png",
        "../../image/ui/room2/btn_join_07.png",
        "../../image/ui/room2/btn_join_08.png",
        "../../image/ui/room2/btn_join_09.png",
        "../../image/ui/room2/btn_join_back.png",
        "../../image/ui/room2/btn_join_clean.png",
        "../../image/ui/room2/room_join_close.png",
        "../../image/ui/room2/room2_numbg.png",
        "../../image/ui/title/title_joinroom.png"
      ],
      "ctype": "GameFileData"
    }
  },
  "Type": "Layer"
}