{"skeleton":{"hash":"YmWtMTukzgrLV5Fx7LYDVCw5/OE","spine":"3.6.36","width":1280,"height":720,"images":"./images/"},"bones":[{"name":"root"},{"name":"yaman","parent":"root"},{"name":"bone","parent":"yaman"},{"name":"bone2","parent":"yaman"},{"name":"bone3","parent":"yaman"},{"name":"bone4","parent":"yaman"},{"name":"xing1","parent":"yaman","rotation":-4.89,"x":-2.45,"y":82.7},{"name":"xing2","parent":"yaman","x":90.97,"y":35.74},{"name":"xing3","parent":"yaman","rotation":10.52,"x":-94.26,"y":62.43,"scaleX":0.676,"scaleY":0.676},{"name":"xing4","parent":"yaman","rotation":80.91,"x":-78.03,"y":-54.43},{"name":"xing5","parent":"yaman","rotation":-175.36,"x":68.27,"y":-54.43,"scaleX":0.89,"scaleY":0.89},{"name":"xing6","parent":"yaman","rotation":-134.81,"x":6.84,"y":-75.34,"scaleX":-0.622,"scaleY":0.622},{"name":"xing7","parent":"yaman","rotation":1.93,"x":47.77,"y":58.96,"scaleX":-0.89,"scaleY":0.89}],"slots":[{"name":"zhuomian","bone":"root"},{"name":"guangyun","bone":"bone3","attachment":"guangyun"},{"name":"guang","bone":"bone","attachment":"guang"},{"name":"xing3","bone":"xing3"},{"name":"xing4","bone":"xing4"},{"name":"xing5","bone":"xing5"},{"name":"xing6","bone":"xing6"},{"name":"xing7","bone":"xing7"},{"name":"xing2","bone":"xing2"},{"name":"xing1","bone":"xing1"},{"name":"zi_yaman","bone":"bone2","attachment":"zi_yaman"},{"name":"zi_yaman2","bone":"bone4","attachment":"zi_yaman","blend":"additive"}],"skins":{"default":{"guang":{"guang":{"width":323,"height":295}},"guangyun":{"guangyun":{"width":332,"height":332}},"xing1":{"xing1":{"x":-1.22,"y":-5.86,"width":40,"height":36}},"xing2":{"xing2":{"x":-21.97,"y":-8.48,"width":76,"height":50}},"xing3":{"xing3":{"x":11.68,"y":-4.83,"width":51,"height":37}},"xing4":{"xing3":{"x":11.68,"y":-4.83,"width":51,"height":37}},"xing5":{"xing3":{"x":11.68,"y":-4.83,"width":51,"height":37}},"xing6":{"xing3":{"x":11.68,"y":-4.83,"width":51,"height":37}},"xing7":{"xing3":{"x":11.68,"y":-4.83,"width":51,"height":37}},"zi_yaman":{"zi_yaman":{"width":219,"height":126}},"zi_yaman2":{"zi_yaman":{"width":219,"height":126}}}},"animations":{"animation":{"slots":{"guang":{"color":[{"time":0.7333,"color":"ffffffff"},{"time":1,"color":"ffffff00"}]},"guangyun":{"color":[{"time":0.6667,"color":"ffffffff"},{"time":0.9333,"color":"ffffff00"}]},"xing1":{"color":[{"time":0,"color":"ffffff76"},{"time":0.0333,"color":"ffffffff","curve":"stepped"},{"time":0.1333,"color":"ffffffff"},{"time":0.2,"color":"ffffff00"},{"time":0.4667,"color":"ffffff76"},{"time":0.5,"color":"ffffffff","curve":"stepped"},{"time":0.5667,"color":"ffffffff"},{"time":0.6667,"color":"ffffff00"}],"attachment":[{"time":0,"name":"xing1"},{"time":0.2,"name":null},{"time":0.4667,"name":"xing1"},{"time":0.6667,"name":null}]},"xing2":{"color":[{"time":0.3667,"color":"ffffff76"},{"time":0.4,"color":"ffffffff","curve":"stepped"},{"time":0.5333,"color":"ffffffff"},{"time":0.6333,"color":"ffffff00"},{"time":0.8333,"color":"ffffff76"},{"time":0.8667,"color":"ffffffff","curve":"stepped"},{"time":0.9333,"color":"ffffffff"},{"time":1.0333,"color":"ffffff00"}],"attachment":[{"time":0.3667,"name":"xing2"},{"time":0.6333,"name":null},{"time":0.8333,"name":"xing2"},{"time":1.0333,"name":null}]},"xing3":{"color":[{"time":0.2333,"color":"ffffff76"},{"time":0.2667,"color":"ffffffff","curve":"stepped"},{"time":0.3667,"color":"ffffffff"},{"time":0.4667,"color":"ffffff00"},{"time":0.7333,"color":"ffffff76"},{"time":0.7667,"color":"ffffffff","curve":"stepped"},{"time":0.8667,"color":"ffffffff"},{"time":0.9667,"color":"ffffff00"}],"attachment":[{"time":0.2333,"name":"xing3"},{"time":0.4667,"name":null},{"time":0.7333,"name":"xing3"},{"time":0.9667,"name":null}]},"xing4":{"color":[{"time":0.0667,"color":"ffffff76"},{"time":0.1,"color":"ffffffff","curve":"stepped"},{"time":0.2333,"color":"ffffffff"},{"time":0.3,"color":"ffffff00"},{"time":0.5333,"color":"ffffff76"},{"time":0.5667,"color":"ffffffff","curve":"stepped"},{"time":0.7,"color":"ffffffff"},{"time":0.8,"color":"ffffff00"}],"attachment":[{"time":0.0667,"name":"xing3"},{"time":0.3,"name":null},{"time":0.5333,"name":"xing3"},{"time":0.8,"name":null}]},"xing5":{"color":[{"time":0.2,"color":"ffffff76"},{"time":0.2333,"color":"ffffffff","curve":"stepped"},{"time":0.3667,"color":"ffffffff"},{"time":0.4333,"color":"ffffff00"},{"time":0.6,"color":"ffffff76"},{"time":0.6333,"color":"ffffffff","curve":"stepped"},{"time":0.7333,"color":"ffffffff"},{"time":0.8333,"color":"ffffff00"}],"attachment":[{"time":0.2,"name":"xing3"},{"time":0.4333,"name":null},{"time":0.6,"name":"xing3"},{"time":0.8333,"name":null}]},"xing6":{"color":[{"time":0.3,"color":"ffffff76"},{"time":0.3333,"color":"ffffffff","curve":"stepped"},{"time":0.4333,"color":"ffffffff"},{"time":0.5333,"color":"ffffff00"},{"time":0.7667,"color":"ffffff76"},{"time":0.8,"color":"ffffffff","curve":"stepped"},{"time":0.9333,"color":"ffffffff"},{"time":1.0333,"color":"ffffff00"}],"attachment":[{"time":0.3,"name":"xing3"},{"time":0.5333,"name":null},{"time":0.7667,"name":"xing3"},{"time":1.0333,"name":null}]},"xing7":{"color":[{"time":0.1667,"color":"ffffff76"},{"time":0.2,"color":"ffffffff","curve":"stepped"},{"time":0.3,"color":"ffffffff"},{"time":0.4,"color":"ffffff00"},{"time":0.6667,"color":"ffffff76"},{"time":0.7,"color":"ffffffff","curve":"stepped"},{"time":0.8,"color":"ffffffff"},{"time":0.9,"color":"ffffff00"}],"attachment":[{"time":0.1667,"name":"xing3"},{"time":0.4,"name":null},{"time":0.6667,"name":"xing3"},{"time":0.9,"name":null}]},"zi_yaman":{"color":[{"time":0.8667,"color":"ffffffff"},{"time":1.1,"color":"ffffff00"}]},"zi_yaman2":{"color":[{"time":0,"color":"ffffff00"},{"time":0.1333,"color":"ffffff42"},{"time":0.4,"color":"ffffff00"}]}},"bones":{"bone":{"rotate":[{"time":0,"angle":0,"curve":[0.132,0.23,1,1]},{"time":1.1667,"angle":180}],"scale":[{"time":0,"x":0.56,"y":0.56,"curve":[0.19,0.33,0.784,0.95]},{"time":0.1667,"x":1,"y":1}]},"xing1":{"translate":[{"time":0,"x":7.32,"y":-44.82},{"time":0.2,"x":2.15,"y":23.02},{"time":0.4667,"x":-19.9,"y":-18.4},{"time":0.6667,"x":-51.88,"y":38.49}]},"xing2":{"translate":[{"time":0.3667,"x":-23.31,"y":-13.5},{"time":0.6333,"x":18.16,"y":17.76},{"time":0.8333,"x":-23.31,"y":-45.89},{"time":1.0333,"x":25.81,"y":-54.02}],"scale":[{"time":0.8333,"x":0.766,"y":0.766}]},"xing3":{"translate":[{"time":0.2333,"x":28.22,"y":-24.54},{"time":0.4667,"x":0,"y":0},{"time":0.7333,"x":28.22,"y":-54.7},{"time":0.9667,"x":-36.86,"y":-48.03}],"scale":[{"time":0.7333,"x":1.627,"y":1.627}]},"xing4":{"translate":[{"time":0.0667,"x":13.5,"y":11.04},{"time":0.3,"x":-39.26,"y":-22.09},{"time":0.5333,"x":23.55,"y":-10.18},{"time":0.8,"x":7.38,"y":-37.47}]},"xing5":{"translate":[{"time":0.2,"x":-2.45,"y":12.27},{"time":0.4333,"x":35.58,"y":-30.67},{"time":0.6,"x":-18.98,"y":-0.12},{"time":0.8333,"x":3.91,"y":-49.95}]},"xing6":{"translate":[{"time":0.3,"x":2.45,"y":17.18},{"time":0.5333,"x":4.91,"y":-25.77},{"time":0.7667,"x":-15.45,"y":25.44},{"time":1.0333,"x":-33.65,"y":-28.52}]},"xing7":{"translate":[{"time":0.1667,"x":-11.04,"y":-11.04},{"time":0.4,"x":47.85,"y":36.81},{"time":0.6667,"x":-34.45,"y":-11.52},{"time":0.9,"x":-14.67,"y":58.9}]},"bone2":{"scale":[{"time":0,"x":0.569,"y":0.569,"curve":[0,1.83,0.311,1.08]},{"time":0.5,"x":1,"y":1}]},"bone3":{"scale":[{"time":0,"x":0.534,"y":0.534},{"time":0.3333,"x":1,"y":1}]},"bone4":{"scale":[{"time":0,"x":0.569,"y":0.569,"curve":[0,0.5,0.327,0.81]},{"time":0.1333,"x":1.093,"y":1.093,"curve":[0,0.35,0.75,1]},{"time":0.4,"x":1.412,"y":1.412}]}}}}}