{
  "ID": "078cf4b8-a88f-49db-ad5f-30ea89fc7c09",
  "Version": "2.3.4",
  "Name": "ActivityMsgLayer",
  "Content": {
    "Content": {
      "Animation": {
        "Duration": 0,
        "Speed": 1.0,
        "Timelines": [],
        "ctype": "TimelineActionData"
      },
      "AnimationList": [],
      "ObjectData": {
        "Tag": 837,
        "Children": [
          {
            "ClipAble": false,
            "BackColorAlpha": 153,
            "SingleColor": {
              "R": 0,
              "G": 0,
              "B": 0
            },
            "FirstColor": {
              "R": 150,
              "G": 200
            },
            "EndColor": {},
            "ColorVector": {
              "ScaleY": 1.0
            },
            "Scale9Width": 1,
            "Scale9Height": 1,
            "TouchEnable": true,
            "AnchorPoint": {},
            "Position": {
              "X": 0.0,
              "Y": 0.0
            },
            "Scale": {
              "ScaleX": 1.0,
              "ScaleY": 1.0
            },
            "CColor": {},
            "IconVisible": false,
            "PrePosition": {
              "X": 0.0,
              "Y": 0.0
            },
            "PreSize": {
              "X": 1.0,
              "Y": 1.0
            },
            "Tag": 945,
            "Children": [
              {
                "ClipAble": false,
                "BackColorAlpha": 102,
                "SingleColor": {
                  "R": 150,
                  "G": 200
                },
                "FirstColor": {
                  "R": 150,
                  "G": 200
                },
                "EndColor": {},
                "ColorVector": {
                  "ScaleY": 1.0
                },
                "Scale9Width": 1,
                "Scale9Height": 1,
                "TouchEnable": true,
                "AnchorPoint": {},
                "Position": {
                  "X": 100.0,
                  "Y": 54.7446
                },
                "Scale": {
                  "ScaleX": 1.0,
                  "ScaleY": 1.0
                },
                "CColor": {},
                "IconVisible": false,
                "PrePosition": {
                  "X": 0.0781,
                  "Y": 0.076
                },
                "PreSize": {
                  "X": 0.8438,
                  "Y": 0.8611
                },
                "LeftMargin": 100.0,
                "RightMargin": 100.0,
                "TopMargin": 45.2554,
                "BottomMargin": 54.7446,
                "Tag": 838,
                "Children": [
                  {
                    "FileData": {
                      "Type": "Normal",
                      "Path": "image/ui/hall/activitymsg_tabbg.png",
                      "Plist": ""
                    },
                    "BlendFunc": {
                      "Src": 1,
                      "Dst": 771
                    },
                    "AnchorPoint": {
                      "ScaleX": 0.5,
                      "ScaleY": 0.5
                    },
                    "Position": {
                      "X": 549.72,
                      "Y": 505.3225
                    },
                    "Scale": {
                      "ScaleX": 1.0,
                      "ScaleY": 1.0
                    },
                    "CColor": {},
                    "IconVisible": false,
                    "PositionPercentXEnabled": true,
                    "PrePosition": {
                      "X": 0.509,
                      "Y": 0.815
                    },
                    "PreSize": {
                      "X": 0.4722,
                      "Y": 0.1323
                    },
                    "LeftMargin": 294.72,
                    "RightMargin": 275.28,
                    "TopMargin": 73.6775,
                    "BottomMargin": 464.3225,
                    "Tag": 882,
                    "ActionTag": 1175870869,
                    "Size": {
                      "X": 510.0,
                      "Y": 82.0
                    },
                    "Name": "tabbg_0",
                    "ctype": "SpriteObjectData"
                  },
                  {
                    "FlipX": true,
                    "FileData": {
                      "Type": "Normal",
                      "Path": "image/ui/hall/bg_set_mid.png",
                      "Plist": ""
                    },
                    "BlendFunc": {
                      "Src": 1,
                      "Dst": 771
                    },
                    "AnchorPoint": {
                      "ScaleX": 0.5,
                      "ScaleY": 0.5
                    },
                    "Position": {
                      "X": 539.784,
                      "Y": 310.9501
                    },
                    "Scale": {
                      "ScaleX": 1.0,
                      "ScaleY": 1.0
                    },
                    "RotationSkewY": 180.0,
                    "CColor": {},
                    "IconVisible": false,
                    "PositionPercentXEnabled": true,
                    "PrePosition": {
                      "X": 0.4998,
                      "Y": 0.5015
                    },
                    "PreSize": {
                      "X": 0.8056,
                      "Y": 0.8081
                    },
                    "LeftMargin": 104.784,
                    "RightMargin": 105.216,
                    "TopMargin": 58.5499,
                    "BottomMargin": 60.4501,
                    "Tag": 840,
                    "ActionTag": -1904993794,
                    "Size": {
                      "X": 870.0,
                      "Y": 501.0
                    },
                    "Name": "bg1",
                    "ctype": "SpriteObjectData"
                  },
                  {
                    "FileData": {
                      "Type": "Normal",
                      "Path": "image/ui/hall/activitymsg_share.png",
                      "Plist": ""
                    },
                    "BlendFunc": {
                      "Src": 1,
                      "Dst": 771
                    },
                    "AnchorPoint": {
                      "ScaleX": 0.5,
                      "ScaleY": 0.5
                    },
                    "Position": {
                      "X": 1020.9752,
                      "Y": 462.1148
                    },
                    "Scale": {
                      "ScaleX": 1.0,
                      "ScaleY": 1.0
                    },
                    "CColor": {},
                    "IconVisible": false,
                    "PrePosition": {
                      "X": 0.9453,
                      "Y": 0.7453
                    },
                    "PreSize": {
                      "X": 0.0694,
                      "Y": 0.2581
                    },
                    "LeftMargin": 983.4752,
                    "RightMargin": 21.5248,
                    "TopMargin": 77.8852,
                    "BottomMargin": 382.1148,
                    "Tag": 1021,
                    "ActionTag": 1141979472,
                    "Size": {
                      "X": 75.0,
                      "Y": 160.0
                    },
                    "VisibleForFrame": false,
                    "Name": "share",
                    "ctype": "SpriteObjectData"
                  },
                  {
                    "AnchorPoint": {},
                    "Position": {
                      "X": 300.1831,
                      "Y": 464.0
                    },
                    "Scale": {
                      "ScaleX": 1.0,
                      "ScaleY": 1.0
                    },
                    "CColor": {},
                    "IconVisible": true,
                    "PrePosition": {
                      "X": 0.2779,
                      "Y": 0.7484
                    },
                    "PreSize": {
                      "X": 0.0,
                      "Y": 0.0
                    },
                    "LeftMargin": 300.1831,
                    "RightMargin": 779.8169,
                    "TopMargin": 156.0,
                    "BottomMargin": 464.0,
                    "Tag": 127,
                    "Children": [
                      {
                        "FileData": {
                          "Type": "Normal",
                          "Path": "image/ui/hall/select_bg_0.png",
                          "Plist": ""
                        },
                        "BlendFunc": {
                          "Src": 1,
                          "Dst": 771
                        },
                        "AnchorPoint": {
                          "ScaleX": 0.5,
                          "ScaleY": 0.5
                        },
                        "Position": {
                          "X": 137.496,
                          "Y": 45.0
                        },
                        "Scale": {
                          "ScaleX": 1.0,
                          "ScaleY": 1.0
                        },
                        "CColor": {},
                        "IconVisible": false,
                        "PrePosition": {
                          "X": 0.0,
                          "Y": 0.0
                        },
                        "PreSize": {
                          "X": 0.0,
                          "Y": 0.0
                        },
                        "LeftMargin": 17.496,
                        "RightMargin": -257.496,
                        "TopMargin": -77.5,
                        "BottomMargin": 12.5,
                        "Tag": 125,
                        "ActionTag": -1340731974,
                        "Size": {
                          "X": 240.0,
                          "Y": 65.0
                        },
                        "Name": "activitytab_0",
                        "ctype": "SpriteObjectData"
                      },
                      {
                        "FileData": {
                          "Type": "Normal",
                          "Path": "image/ui/hall/select_bg_1.png",
                          "Plist": ""
                        },
                        "BlendFunc": {
                          "Src": 1,
                          "Dst": 771
                        },
                        "AnchorPoint": {
                          "ScaleX": 0.5,
                          "ScaleY": 0.5
                        },
                        "Position": {
                          "X": 137.5,
                          "Y": 38.0
                        },
                        "Scale": {
                          "ScaleX": 1.0,
                          "ScaleY": 1.0
                        },
                        "CColor": {},
                        "IconVisible": false,
                        "PrePosition": {
                          "X": 0.0,
                          "Y": 0.0
                        },
                        "PreSize": {
                          "X": 0.0,
                          "Y": 0.0
                        },
                        "LeftMargin": 19.5,
                        "RightMargin": -255.5,
                        "TopMargin": -76.5,
                        "BottomMargin": -0.5,
                        "Tag": 883,
                        "ActionTag": 1855998319,
                        "Size": {
                          "X": 236.0,
                          "Y": 77.0
                        },
                        "VisibleForFrame": false,
                        "Name": "activitytab",
                        "ctype": "SpriteObjectData"
                      },
                      {
                        "FileData": {
                          "Type": "Normal",
                          "Path": "image/ui/hall/select_bg_0.png",
                          "Plist": ""
                        },
                        "BlendFunc": {
                          "Src": 1,
                          "Dst": 771
                        },
                        "AnchorPoint": {
                          "ScaleX": 0.5,
                          "ScaleY": 0.5
                        },
                        "Position": {
                          "X": 373.93,
                          "Y": 45.0
                        },
                        "Scale": {
                          "ScaleX": 1.0,
                          "ScaleY": 1.0
                        },
                        "CColor": {},
                        "IconVisible": false,
                        "PrePosition": {
                          "X": 0.0,
                          "Y": 0.0
                        },
                        "PreSize": {
                          "X": 0.0,
                          "Y": 0.0
                        },
                        "LeftMargin": 253.93,
                        "RightMargin": -493.93,
                        "TopMargin": -77.5,
                        "BottomMargin": 12.5,
                        "Tag": 126,
                        "ActionTag": -503959365,
                        "Size": {
                          "X": 240.0,
                          "Y": 65.0
                        },
                        "Name": "msgtab_0",
                        "ctype": "SpriteObjectData"
                      },
                      {
                        "FileData": {
                          "Type": "Normal",
                          "Path": "image/ui/hall/select_bg_1.png",
                          "Plist": ""
                        },
                        "BlendFunc": {
                          "Src": 1,
                          "Dst": 771
                        },
                        "AnchorPoint": {
                          "ScaleX": 0.5,
                          "ScaleY": 0.5
                        },
                        "Position": {
                          "X": 373.93,
                          "Y": 38.0
                        },
                        "Scale": {
                          "ScaleX": 1.0,
                          "ScaleY": 1.0
                        },
                        "CColor": {},
                        "IconVisible": false,
                        "PrePosition": {
                          "X": 0.0,
                          "Y": 0.0
                        },
                        "PreSize": {
                          "X": 0.0,
                          "Y": 0.0
                        },
                        "LeftMargin": 255.93,
                        "RightMargin": -491.93,
                        "TopMargin": -76.5,
                        "BottomMargin": -0.5,
                        "Tag": 884,
                        "ActionTag": 2042977004,
                        "Size": {
                          "X": 236.0,
                          "Y": 77.0
                        },
                        "Name": "msgtab",
                        "ctype": "SpriteObjectData"
                      },
                      {
                        "FileData": {
                          "Type": "Normal",
                          "Path": "image/ui/hall/activitymsg_activity2.png",
                          "Plist": ""
                        },
                        "BlendFunc": {
                          "Src": 1,
                          "Dst": 771
                        },
                        "AnchorPoint": {
                          "ScaleX": 0.5,
                          "ScaleY": 0.5
                        },
                        "Position": {
                          "X": 134.5063,
                          "Y": 43.414
                        },
                        "Scale": {
                          "ScaleX": 1.0,
                          "ScaleY": 1.0
                        },
                        "CColor": {},
                        "IconVisible": false,
                        "PrePosition": {
                          "X": 0.0,
                          "Y": 0.0
                        },
                        "PreSize": {
                          "X": 0.0,
                          "Y": 0.0
                        },
                        "LeftMargin": 70.0063,
                        "RightMargin": -199.0063,
                        "TopMargin": -60.914,
                        "BottomMargin": 25.914,
                        "Tag": 888,
                        "ActionTag": 1189189661,
                        "Size": {
                          "X": 129.0,
                          "Y": 35.0
                        },
                        "Name": "activitymsg_activity2",
                        "ctype": "SpriteObjectData"
                      },
                      {
                        "FileData": {
                          "Type": "Normal",
                          "Path": "image/ui/hall/activitymsg_activity1.png",
                          "Plist": ""
                        },
                        "BlendFunc": {
                          "Src": 1,
                          "Dst": 771
                        },
                        "AnchorPoint": {
                          "ScaleX": 0.5,
                          "ScaleY": 0.5
                        },
                        "Position": {
                          "X": 134.5063,
                          "Y": 43.414
                        },
                        "Scale": {
                          "ScaleX": 1.0,
                          "ScaleY": 1.0
                        },
                        "CColor": {},
                        "IconVisible": false,
                        "PrePosition": {
                          "X": 0.0,
                          "Y": 0.0
                        },
                        "PreSize": {
                          "X": 0.0,
                          "Y": 0.0
                        },
                        "LeftMargin": 70.0063,
                        "RightMargin": -199.0063,
                        "TopMargin": -60.914,
                        "BottomMargin": 25.914,
                        "Tag": 887,
                        "ActionTag": -1708989212,
                        "Size": {
                          "X": 129.0,
                          "Y": 35.0
                        },
                        "Name": "activitymsg_activity1",
                        "ctype": "SpriteObjectData"
                      },
                      {
                        "FileData": {
                          "Type": "Normal",
                          "Path": "image/ui/hall/activitymsg_msg2.png",
                          "Plist": ""
                        },
                        "BlendFunc": {
                          "Src": 1,
                          "Dst": 771
                        },
                        "AnchorPoint": {
                          "ScaleX": 0.5,
                          "ScaleY": 0.5
                        },
                        "Position": {
                          "X": 373.7571,
                          "Y": 43.4141
                        },
                        "Scale": {
                          "ScaleX": 1.0,
                          "ScaleY": 1.0
                        },
                        "CColor": {},
                        "IconVisible": false,
                        "PrePosition": {
                          "X": 0.0,
                          "Y": 0.0
                        },
                        "PreSize": {
                          "X": 0.0,
                          "Y": 0.0
                        },
                        "LeftMargin": 308.7571,
                        "RightMargin": -438.7571,
                        "TopMargin": -60.9141,
                        "BottomMargin": 25.9141,
                        "Tag": 886,
                        "ActionTag": -422759532,
                        "Size": {
                          "X": 130.0,
                          "Y": 35.0
                        },
                        "Name": "activitymsg_msg2",
                        "ctype": "SpriteObjectData"
                      },
                      {
                        "FileData": {
                          "Type": "Normal",
                          "Path": "image/ui/hall/activitymsg_msg1.png",
                          "Plist": ""
                        },
                        "BlendFunc": {
                          "Src": 1,
                          "Dst": 771
                        },
                        "AnchorPoint": {
                          "ScaleX": 0.5,
                          "ScaleY": 0.5
                        },
                        "Position": {
                          "X": 373.7571,
                          "Y": 43.4141
                        },
                        "Scale": {
                          "ScaleX": 1.0,
                          "ScaleY": 1.0
                        },
                        "CColor": {},
                        "IconVisible": false,
                        "PrePosition": {
                          "X": 0.0,
                          "Y": 0.0
                        },
                        "PreSize": {
                          "X": 0.0,
                          "Y": 0.0
                        },
                        "LeftMargin": 308.7571,
                        "RightMargin": -438.7571,
                        "TopMargin": -60.9141,
                        "BottomMargin": 25.9141,
                        "Tag": 885,
                        "ActionTag": 1758591451,
                        "Size": {
                          "X": 130.0,
                          "Y": 35.0
                        },
                        "Name": "activitymsg_msg1",
                        "ctype": "SpriteObjectData"
                      }
                    ],
                    "ActionTag": -587824559,
                    "Size": {
                      "X": 0.0,
                      "Y": 0.0
                    },
                    "Name": "tabbg",
                    "ctype": "SingleNodeObjectData"
                  },
                  {
                    "FileData": {
                      "Type": "Normal",
                      "Path": "appCommon/fydp/common/room_close.png",
                      "Plist": ""
                    },
                    "BlendFunc": {
                      "Src": 1,
                      "Dst": 771
                    },
                    "AnchorPoint": {
                      "ScaleX": 0.5,
                      "ScaleY": 0.5
                    },
                    "Position": {
                      "X": 897.8687,
                      "Y": 525.4392
                    },
                    "Scale": {
                      "ScaleX": 1.0,
                      "ScaleY": 1.0
                    },
                    "CColor": {},
                    "IconVisible": false,
                    "PrePosition": {
                      "X": 0.8314,
                      "Y": 0.8475
                    },
                    "PreSize": {
                      "X": 0.0796,
                      "Y": 0.1355
                    },
                    "LeftMargin": 854.8687,
                    "RightMargin": 139.1313,
                    "TopMargin": 52.5608,
                    "BottomMargin": 483.4392,
                    "Tag": 878,
                    "ActionTag": -142610491,
                    "Size": {
                      "X": 86.0,
                      "Y": 84.0
                    },
                    "Name": "btn_back",
                    "ctype": "SpriteObjectData"
                  },
                  {
                    "FileData": {
                      "Type": "Normal",
                      "Path": "image/ui/hall/activity_sc9_bg.png",
                      "Plist": ""
                    },
                    "Scale9Enable": true,
                    "Scale9OriginX": 19,
                    "Scale9OriginY": 19,
                    "Scale9Width": 20,
                    "Scale9Height": 20,
                    "AnchorPoint": {
                      "ScaleX": 0.5,
                      "ScaleY": 0.5
                    },
                    "Position": {
                      "X": 219.6725,
                      "Y": 272.5062
                    },
                    "Scale": {
                      "ScaleX": 1.0,
                      "ScaleY": 1.0
                    },
                    "CColor": {},
                    "IconVisible": false,
                    "PrePosition": {
                      "X": 0.2034,
                      "Y": 0.4395
                    },
                    "PreSize": {
                      "X": 0.1667,
                      "Y": 0.6177
                    },
                    "LeftMargin": 129.6725,
                    "RightMargin": 770.3275,
                    "TopMargin": 155.9938,
                    "BottomMargin": 81.0062,
                    "Tag": 29,
                    "Children": [
                      {
                        "FileData": {
                          "Type": "Normal",
                          "Path": "image/ui/hall/activitymsg_btn.png",
                          "Plist": ""
                        },
                        "BlendFunc": {
                          "Src": 1,
                          "Dst": 771
                        },
                        "AnchorPoint": {
                          "ScaleX": 0.5,
                          "ScaleY": 0.5
                        },
                        "Position": {
                          "X": 93.3097,
                          "Y": 328.0
                        },
                        "Scale": {
                          "ScaleX": 1.0,
                          "ScaleY": 1.0
                        },
                        "CColor": {},
                        "IconVisible": false,
                        "PrePosition": {
                          "X": 0.5184,
                          "Y": 0.8564
                        },
                        "PreSize": {
                          "X": 1.0333,
                          "Y": 0.2428
                        },
                        "LeftMargin": 0.3097,
                        "RightMargin": -6.3097,
                        "TopMargin": 8.5,
                        "BottomMargin": 281.5,
                        "Tag": 889,
                        "Children": [
                          {
                            "FontSize": 30,
                            "LabelText": "红包雨红包雨",
                            "FontResource": {
                              "Type": "Normal",
                              "Path": "image/fonts/FZZY.TTF",
                              "Plist": ""
                            },
                            "HorizontalAlignmentType": "HT_Center",
                            "VerticalAlignmentType": "VT_Center",
                            "OutlineSize": 2,
                            "OutlineColor": {
                              "R": 13,
                              "G": 48,
                              "B": 95
                            },
                            "OutlineEnabled": true,
                            "ShadowColor": {
                              "R": 110,
                              "G": 110,
                              "B": 110
                            },
                            "ShadowOffsetX": 2.0,
                            "ShadowOffsetY": -2.0,
                            "AnchorPoint": {
                              "ScaleX": 0.5,
                              "ScaleY": 0.5
                            },
                            "Position": {
                              "X": 93.0,
                              "Y": 46.5
                            },
                            "Scale": {
                              "ScaleX": 1.0,
                              "ScaleY": 1.0
                            },
                            "CColor": {
                              "R": 197,
                              "G": 230
                            },
                            "IconVisible": false,
                            "PositionPercentXEnabled": true,
                            "PositionPercentYEnabled": true,
                            "PrePosition": {
                              "X": 0.5,
                              "Y": 0.5
                            },
                            "PreSize": {
                              "X": 0.9946,
                              "Y": 0.4086
                            },
                            "LeftMargin": 0.5,
                            "RightMargin": 0.5,
                            "TopMargin": 27.5,
                            "BottomMargin": 27.5,
                            "Tag": 890,
                            "ActionTag": -831507382,
                            "Size": {
                              "X": 185.0,
                              "Y": 38.0
                            },
                            "Name": "title",
                            "ctype": "TextObjectData"
                          },
                          {
                            "FontSize": 30,
                            "LabelText": "红包雨红包雨",
                            "FontResource": {
                              "Type": "Normal",
                              "Path": "image/fonts/FZZY.TTF",
                              "Plist": ""
                            },
                            "HorizontalAlignmentType": "HT_Center",
                            "VerticalAlignmentType": "VT_Center",
                            "OutlineSize": 2,
                            "OutlineColor": {
                              "R": 200,
                              "G": 79,
                              "B": 20
                            },
                            "OutlineEnabled": true,
                            "ShadowColor": {
                              "R": 110,
                              "G": 110,
                              "B": 110
                            },
                            "ShadowOffsetX": 2.0,
                            "ShadowOffsetY": -2.0,
                            "AnchorPoint": {
                              "ScaleX": 0.5,
                              "ScaleY": 0.5
                            },
                            "Position": {
                              "X": 93.0,
                              "Y": 46.5
                            },
                            "Scale": {
                              "ScaleX": 1.0,
                              "ScaleY": 1.0
                            },
                            "CColor": {
                              "G": 243,
                              "B": 202
                            },
                            "IconVisible": false,
                            "PositionPercentXEnabled": true,
                            "PositionPercentYEnabled": true,
                            "PrePosition": {
                              "X": 0.5,
                              "Y": 0.5
                            },
                            "PreSize": {
                              "X": 0.9946,
                              "Y": 0.4086
                            },
                            "LeftMargin": 0.5,
                            "RightMargin": 0.5,
                            "TopMargin": 27.5,
                            "BottomMargin": 27.5,
                            "Tag": 110,
                            "ActionTag": -191694236,
                            "Size": {
                              "X": 185.0,
                              "Y": 38.0
                            },
                            "Name": "title2",
                            "ctype": "TextObjectData"
                          }
                        ],
                        "ActionTag": 2040464985,
                        "Size": {
                          "X": 186.0,
                          "Y": 93.0
                        },
                        "Name": "activitybtn0",
                        "ctype": "SpriteObjectData"
                      },
                      {
                        "FileData": {
                          "Type": "Normal",
                          "Path": "image/ui/hall/activitymsg_btn2.png",
                          "Plist": ""
                        },
                        "BlendFunc": {
                          "Src": 1,
                          "Dst": 771
                        },
                        "AnchorPoint": {
                          "ScaleX": 0.5,
                          "ScaleY": 0.5
                        },
                        "Position": {
                          "X": 88.8089,
                          "Y": 236.0
                        },
                        "Scale": {
                          "ScaleX": 1.0,
                          "ScaleY": 1.0
                        },
                        "CColor": {},
                        "IconVisible": false,
                        "PrePosition": {
                          "X": 0.4934,
                          "Y": 0.6162
                        },
                        "PreSize": {
                          "X": 0.9389,
                          "Y": 0.2193
                        },
                        "LeftMargin": 4.3089,
                        "RightMargin": 6.6911,
                        "TopMargin": 105.0,
                        "BottomMargin": 194.0,
                        "Tag": 965,
                        "Children": [
                          {
                            "FontSize": 30,
                            "LabelText": "红包雨红包雨",
                            "FontResource": {
                              "Type": "Normal",
                              "Path": "image/fonts/FZZY.TTF",
                              "Plist": ""
                            },
                            "HorizontalAlignmentType": "HT_Center",
                            "VerticalAlignmentType": "VT_Center",
                            "OutlineSize": 2,
                            "OutlineColor": {
                              "R": 13,
                              "G": 48,
                              "B": 95
                            },
                            "OutlineEnabled": true,
                            "ShadowColor": {
                              "R": 110,
                              "G": 110,
                              "B": 110
                            },
                            "ShadowOffsetX": 2.0,
                            "ShadowOffsetY": -2.0,
                            "AnchorPoint": {
                              "ScaleX": 0.5,
                              "ScaleY": 0.5
                            },
                            "Position": {
                              "X": 84.5,
                              "Y": 42.0
                            },
                            "Scale": {
                              "ScaleX": 1.0,
                              "ScaleY": 1.0
                            },
                            "CColor": {
                              "R": 197,
                              "G": 230
                            },
                            "IconVisible": false,
                            "PositionPercentXEnabled": true,
                            "PositionPercentYEnabled": true,
                            "PrePosition": {
                              "X": 0.5,
                              "Y": 0.5
                            },
                            "PreSize": {
                              "X": 1.0947,
                              "Y": 0.4524
                            },
                            "LeftMargin": -8.0,
                            "RightMargin": -8.0,
                            "TopMargin": 23.0,
                            "BottomMargin": 23.0,
                            "Tag": 966,
                            "ActionTag": 963744386,
                            "Size": {
                              "X": 185.0,
                              "Y": 38.0
                            },
                            "Name": "title",
                            "ctype": "TextObjectData"
                          },
                          {
                            "FontSize": 30,
                            "LabelText": "红包雨红包雨",
                            "FontResource": {
                              "Type": "Normal",
                              "Path": "image/fonts/FZZY.TTF",
                              "Plist": ""
                            },
                            "HorizontalAlignmentType": "HT_Center",
                            "VerticalAlignmentType": "VT_Center",
                            "OutlineSize": 2,
                            "OutlineColor": {
                              "R": 200,
                              "G": 79,
                              "B": 20
                            },
                            "OutlineEnabled": true,
                            "ShadowColor": {
                              "R": 110,
                              "G": 110,
                              "B": 110
                            },
                            "ShadowOffsetX": 2.0,
                            "ShadowOffsetY": -2.0,
                            "AnchorPoint": {
                              "ScaleX": 0.5,
                              "ScaleY": 0.5
                            },
                            "Position": {
                              "X": 84.5,
                              "Y": 42.0
                            },
                            "Scale": {
                              "ScaleX": 1.0,
                              "ScaleY": 1.0
                            },
                            "CColor": {
                              "G": 243,
                              "B": 202
                            },
                            "IconVisible": false,
                            "PositionPercentXEnabled": true,
                            "PositionPercentYEnabled": true,
                            "PrePosition": {
                              "X": 0.5,
                              "Y": 0.5
                            },
                            "PreSize": {
                              "X": 1.0947,
                              "Y": 0.4524
                            },
                            "LeftMargin": -8.0,
                            "RightMargin": -8.0,
                            "TopMargin": 23.0,
                            "BottomMargin": 23.0,
                            "Tag": 113,
                            "ActionTag": -668166697,
                            "Size": {
                              "X": 185.0,
                              "Y": 38.0
                            },
                            "Name": "title2",
                            "ctype": "TextObjectData"
                          }
                        ],
                        "ActionTag": 1658675097,
                        "Size": {
                          "X": 169.0,
                          "Y": 84.0
                        },
                        "Name": "activitybtn1",
                        "ctype": "SpriteObjectData"
                      }
                    ],
                    "ActionTag": -2076726771,
                    "Size": {
                      "X": 180.0,
                      "Y": 383.0
                    },
                    "Name": "left",
                    "ctype": "ImageViewObjectData"
                  },
                  {
                    "FileData": {
                      "Type": "Normal",
                      "Path": "image/ui/hall/activity_sc9_bg.png",
                      "Plist": ""
                    },
                    "Scale9Enable": true,
                    "Scale9OriginX": 23,
                    "Scale9OriginY": 23,
                    "Scale9Width": 12,
                    "Scale9Height": 12,
                    "AnchorPoint": {
                      "ScaleX": 0.5,
                      "ScaleY": 0.5
                    },
                    "Position": {
                      "X": 640.0,
                      "Y": 272.0
                    },
                    "Scale": {
                      "ScaleX": 1.0,
                      "ScaleY": 1.0
                    },
                    "CColor": {},
                    "IconVisible": false,
                    "PrePosition": {
                      "X": 0.5926,
                      "Y": 0.4387
                    },
                    "PreSize": {
                      "X": 0.5926,
                      "Y": 0.6177
                    },
                    "LeftMargin": 320.0,
                    "RightMargin": 120.0,
                    "TopMargin": 156.5,
                    "BottomMargin": 80.5,
                    "Tag": 879,
                    "Children": [
                      {
                        "IsCustomSize": true,
                        "FontSize": 35,
                        "LabelText": "暂无活动",
                        "FontResource": {
                          "Type": "Normal",
                          "Path": "image/fonts/FZZY.TTF",
                          "Plist": ""
                        },
                        "HorizontalAlignmentType": "HT_Center",
                        "VerticalAlignmentType": "VT_Center",
                        "OutlineColor": {
                          "R": 61,
                          "G": 55,
                          "B": 55
                        },
                        "ShadowColor": {
                          "R": 110,
                          "G": 110,
                          "B": 110
                        },
                        "ShadowOffsetX": 2.0,
                        "ShadowOffsetY": -2.0,
                        "AnchorPoint": {
                          "ScaleX": 0.5,
                          "ScaleY": 1.0
                        },
                        "Position": {
                          "X": 309.248,
                          "Y": 383.0
                        },
                        "Scale": {
                          "ScaleX": 1.0,
                          "ScaleY": 1.0
                        },
                        "CColor": {
                          "R": 164,
                          "G": 123,
                          "B": 99
                        },
                        "IconVisible": false,
                        "PositionPercentXEnabled": true,
                        "PositionPercentYEnabled": true,
                        "PrePosition": {
                          "X": 0.4832,
                          "Y": 1.0
                        },
                        "PreSize": {
                          "X": 0.9375,
                          "Y": 0.5159
                        },
                        "LeftMargin": 9.248,
                        "RightMargin": 30.752,
                        "BottomMargin": 185.4077,
                        "Tag": 1068,
                        "ActionTag": 601630625,
                        "Size": {
                          "X": 600.0,
                          "Y": 197.5923
                        },
                        "Name": "noactivity",
                        "ctype": "TextObjectData"
                      }
                    ],
                    "ActionTag": -12644291,
                    "Size": {
                      "X": 640.0,
                      "Y": 383.0
                    },
                    "Name": "right",
                    "ctype": "ImageViewObjectData"
                  },
                  {
                    "FileData": {
                      "Type": "Normal",
                      "Path": "image/ui/hall/activity_sc9_bg.png",
                      "Plist": ""
                    },
                    "Scale9Enable": true,
                    "Scale9OriginX": 23,
                    "Scale9OriginY": 23,
                    "Scale9Width": 12,
                    "Scale9Height": 12,
                    "AnchorPoint": {
                      "ScaleX": 0.5,
                      "ScaleY": 0.5
                    },
                    "Position": {
                      "X": 540.0,
                      "Y": 273.0
                    },
                    "Scale": {
                      "ScaleX": 1.0,
                      "ScaleY": 1.0
                    },
                    "CColor": {},
                    "IconVisible": false,
                    "PositionPercentXEnabled": true,
                    "PrePosition": {
                      "X": 0.5,
                      "Y": 0.4403
                    },
                    "PreSize": {
                      "X": 0.7694,
                      "Y": 0.6177
                    },
                    "LeftMargin": 124.5,
                    "RightMargin": 124.5,
                    "TopMargin": 155.5,
                    "BottomMargin": 81.5,
                    "Tag": 42,
                    "Children": [
                      {
                        "IsBounceEnabled": true,
                        "InnerNodeSize": {
                          "Width": 940,
                          "Height": 600
                        },
                        "ScrollDirectionType": "Vertical",
                        "ClipAble": true,
                        "BackColorAlpha": 102,
                        "SingleColor": {
                          "G": 150,
                          "B": 100
                        },
                        "FirstColor": {
                          "G": 150,
                          "B": 100
                        },
                        "EndColor": {},
                        "ColorVector": {
                          "ScaleY": 1.0
                        },
                        "Scale9Width": 1,
                        "Scale9Height": 1,
                        "TouchEnable": true,
                        "AnchorPoint": {},
                        "Position": {
                          "X": 0.0,
                          "Y": 0.0
                        },
                        "Scale": {
                          "ScaleX": 1.0,
                          "ScaleY": 1.0
                        },
                        "CColor": {},
                        "IconVisible": false,
                        "PrePosition": {
                          "X": 0.0,
                          "Y": 0.0
                        },
                        "PercentWidthEnable": true,
                        "PercentHeightEnable": true,
                        "PercentWidthEnabled": true,
                        "PercentHeightEnabled": true,
                        "PreSize": {
                          "X": 1.0,
                          "Y": 1.0
                        },
                        "Tag": 41,
                        "ActionTag": 1325254923,
                        "Size": {
                          "X": 831.0,
                          "Y": 383.0
                        },
                        "Name": "scrollview",
                        "ctype": "ScrollViewObjectData"
                      }
                    ],
                    "ActionTag": -1609772677,
                    "Size": {
                      "X": 831.0,
                      "Y": 383.0
                    },
                    "VisibleForFrame": false,
                    "Name": "right_msg",
                    "ctype": "ImageViewObjectData"
                  }
                ],
                "ActionTag": 268480781,
                "Size": {
                  "X": 1080.0,
                  "Y": 620.0
                },
                "Name": "main",
                "ctype": "PanelObjectData"
              }
            ],
            "ActionTag": 1202311183,
            "Size": {
              "X": 1280.0,
              "Y": 720.0
            },
            "Name": "root",
            "ctype": "PanelObjectData"
          }
        ],
        "Size": {
          "X": 960.0,
          "Y": 640.0
        },
        "Name": "Scene",
        "ctype": "SingleNodeObjectData"
      },
      "UsedResources": [
        "../../appCommon/fydp/common/room_close.png",
        "../../image/fonts/FZZY.TTF",
        "../../image/ui/hall/activity_sc9_bg.png",
        "../../image/ui/hall/activitymsg_activity1.png",
        "../../image/ui/hall/activitymsg_activity2.png",
        "../../image/ui/hall/activitymsg_btn.png",
        "../../image/ui/hall/activitymsg_btn2.png",
        "../../image/ui/hall/activitymsg_msg1.png",
        "../../image/ui/hall/activitymsg_msg2.png",
        "../../image/ui/hall/activitymsg_share.png",
        "../../image/ui/hall/activitymsg_tabbg.png",
        "../../image/ui/hall/bg_set_mid.png",
        "../../image/ui/hall/select_bg_0.png",
        "../../image/ui/hall/select_bg_1.png"
      ],
      "ctype": "GameFileData"
    }
  },
  "Type": "Scene"
}