{
  "ID": "34d7eded-9262-4799-99e2-ecb6ab07dd63",
  "Version": "2.3.4",
  "Name": "NoticeMatchLayer",
  "Content": {
    "Content": {
      "Animation": {
        "Duration": 0,
        "Speed": 1.0,
        "Timelines": [],
        "ctype": "TimelineActionData"
      },
      "AnimationList": [],
      "ObjectData": {
        "Tag": 452,
        "Children": [
          {
            "ClipAble": false,
            "BackColorAlpha": 153,
            "SingleColor": {
              "R": 0,
              "G": 0,
              "B": 0
            },
            "FirstColor": {
              "R": 150,
              "G": 200
            },
            "EndColor": {},
            "ColorVector": {
              "ScaleY": 1.0
            },
            "Scale9Width": 1,
            "Scale9Height": 1,
            "TouchEnable": true,
            "AnchorPoint": {},
            "Position": {
              "X": 0.0,
              "Y": 0.0
            },
            "Scale": {
              "ScaleX": 1.0,
              "ScaleY": 1.0
            },
            "CColor": {},
            "IconVisible": false,
            "PrePosition": {
              "X": 0.0,
              "Y": 0.0
            },
            "PercentWidthEnable": true,
            "PercentHeightEnable": true,
            "PercentWidthEnabled": true,
            "PercentHeightEnabled": true,
            "PreSize": {
              "X": 1.0,
              "Y": 1.0
            },
            "Tag": 454,
            "Children": [
              {
                "FileData": {
                  "Type": "Normal",
                  "Path": "image/ui/hall/match.png",
                  "Plist": ""
                },
                "BlendFunc": {
                  "Src": 1,
                  "Dst": 771
                },
                "AnchorPoint": {
                  "ScaleX": 0.5,
                  "ScaleY": 0.5
                },
                "Position": {
                  "X": 640.0,
                  "Y": 360.0
                },
                "Scale": {
                  "ScaleX": 1.0,
                  "ScaleY": 1.0
                },
                "CColor": {},
                "IconVisible": false,
                "PositionPercentXEnabled": true,
                "PositionPercentYEnabled": true,
                "PrePosition": {
                  "X": 0.5,
                  "Y": 0.5
                },
                "PreSize": {
                  "X": 0.757,
                  "Y": 1.0
                },
                "LeftMargin": 155.5,
                "RightMargin": 155.5,
                "Tag": 453,
                "ActionTag": -2019035427,
                "Size": {
                  "X": 969.0,
                  "Y": 720.0
                },
                "Name": "match",
                "ctype": "SpriteObjectData"
              },
              {
                "FileData": {
                  "Type": "Normal",
                  "Path": "appCommon/fydp/common/room_close.png",
                  "Plist": ""
                },
                "BlendFunc": {
                  "Src": 1,
                  "Dst": 771
                },
                "AnchorPoint": {
                  "ScaleX": 0.5,
                  "ScaleY": 0.5
                },
                "Position": {
                  "X": 1117.3262,
                  "Y": 678.222
                },
                "Scale": {
                  "ScaleX": 1.0,
                  "ScaleY": 1.0
                },
                "CColor": {},
                "IconVisible": false,
                "PrePosition": {
                  "X": 0.8729,
                  "Y": 0.942
                },
                "PreSize": {
                  "X": 0.0672,
                  "Y": 0.1167
                },
                "LeftMargin": 1074.3262,
                "RightMargin": 119.6738,
                "TopMargin": -0.222,
                "BottomMargin": 636.222,
                "Tag": 538,
                "ActionTag": 1753887802,
                "Size": {
                  "X": 86.0,
                  "Y": 84.0
                },
                "Name": "close",
                "ctype": "SpriteObjectData"
              }
            ],
            "ActionTag": -909850439,
            "Size": {
              "X": 1280.0,
              "Y": 720.0
            },
            "Name": "root",
            "ctype": "PanelObjectData"
          }
        ],
        "Size": {
          "X": 1280.0,
          "Y": 720.0
        },
        "Name": "Layer",
        "ctype": "LayerObjectData"
      },
      "UsedResources": [
        "../../appCommon/fydp/common/room_close.png",
        "../../image/ui/hall/match.png"
      ],
      "ctype": "GameFileData"
    }
  },
  "Type": "Layer"
}