{
  "ID": "8436c4d3-0cf1-4a43-b7da-76a09e0824fa",
  "Version": "2.3.4",
  "Name": "PlayerInfoOther",
  "Content": {
    "Content": {
      "Animation": {
        "Duration": 0,
        "Speed": 1.0,
        "Timelines": [],
        "ctype": "TimelineActionData"
      },
      "AnimationList": [],
      "ObjectData": {
        "Children": [
          {
            "ClipAble": false,
            "BackColorAlpha": 127,
            "ComboBoxIndex": 1,
            "SingleColor": {
              "R": 0,
              "G": 0,
              "B": 0
            },
            "FirstColor": {
              "R": 150,
              "G": 200
            },
            "EndColor": {},
            "ColorVector": {
              "ScaleY": 1.0
            },
            "Scale9Width": 1,
            "Scale9Height": 1,
            "TouchEnable": true,
            "AnchorPoint": {},
            "Position": {
              "X": 0.0,
              "Y": 0.0
            },
            "Scale": {
              "ScaleX": 1.0,
              "ScaleY": 1.0
            },
            "CColor": {},
            "IconVisible": false,
            "PrePosition": {
              "X": 0.0,
              "Y": 0.0
            },
            "PercentWidthEnable": true,
            "PercentHeightEnable": true,
            "PercentWidthEnabled": true,
            "PercentHeightEnabled": true,
            "PreSize": {
              "X": 1.0,
              "Y": 1.0
            },
            "Tag": 197,
            "Children": [
              {
                "FileData": {
                  "Type": "Normal",
                  "Path": "appCommon/fydp/common/transparent/transparent_1280x720.png",
                  "Plist": ""
                },
                "BlendFunc": {
                  "Src": 1,
                  "Dst": 771
                },
                "AnchorPoint": {},
                "Position": {
                  "X": 0.0,
                  "Y": 0.0
                },
                "Scale": {
                  "ScaleX": 1.0,
                  "ScaleY": 1.0
                },
                "CColor": {},
                "IconVisible": false,
                "PositionPercentXEnabled": true,
                "PositionPercentYEnabled": true,
                "PrePosition": {
                  "X": 0.0,
                  "Y": 0.0
                },
                "PreSize": {
                  "X": 1.0,
                  "Y": 1.0
                },
                "Tag": 66,
                "ActionTag": 1553104184,
                "Size": {
                  "X": 1280.0,
                  "Y": 720.0
                },
                "Name": "fake_root",
                "ctype": "SpriteObjectData"
              },
              {
                "FileData": {
                  "Type": "Normal",
                  "Path": "appCommon/fydp/common/player_info_bg.png",
                  "Plist": ""
                },
                "Scale9Enable": true,
                "Scale9OriginX": 50,
                "Scale9OriginY": 50,
                "Scale9Width": 428,
                "Scale9Height": 95,
                "AnchorPoint": {
                  "ScaleX": 0.5,
                  "ScaleY": 0.5
                },
                "Position": {
                  "X": 640.0,
                  "Y": 360.0
                },
                "Scale": {
                  "ScaleX": 1.0,
                  "ScaleY": 1.0
                },
                "CColor": {},
                "IconVisible": false,
                "PositionPercentXEnabled": true,
                "PositionPercentYEnabled": true,
                "PrePosition": {
                  "X": 0.5,
                  "Y": 0.5
                },
                "PreSize": {
                  "X": 0.7031,
                  "Y": 0.6944
                },
                "LeftMargin": 190.0,
                "RightMargin": 190.0,
                "TopMargin": 110.0,
                "BottomMargin": 110.0,
                "Tag": 12,
                "Children": [
                  {
                    "FileData": {
                      "Type": "Normal",
                      "Path": "image/ui/head/transparent_132x132.png",
                      "Plist": ""
                    },
                    "BlendFunc": {
                      "Src": 1,
                      "Dst": 771
                    },
                    "AnchorPoint": {
                      "ScaleX": 0.5,
                      "ScaleY": 0.5
                    },
                    "Position": {
                      "X": 110.3511,
                      "Y": 408.5995
                    },
                    "Scale": {
                      "ScaleX": 1.0,
                      "ScaleY": 1.0
                    },
                    "CColor": {},
                    "IconVisible": false,
                    "PositionPercentXEnabled": true,
                    "PositionPercentYEnabled": true,
                    "PrePosition": {
                      "X": 0.1226,
                      "Y": 0.8172
                    },
                    "PreSize": {
                      "X": 0.1333,
                      "Y": 0.24
                    },
                    "LeftMargin": 50.3511,
                    "RightMargin": 729.6489,
                    "TopMargin": 31.4005,
                    "BottomMargin": 348.5995,
                    "Tag": 264,
                    "ActionTag": -1462026916,
                    "Size": {
                      "X": 120.0,
                      "Y": 120.0
                    },
                    "Name": "head",
                    "ctype": "SpriteObjectData"
                  },
                  {
                    "FileData": {
                      "Type": "Normal",
                      "Path": "image/ui/head/head_132x132.png",
                      "Plist": ""
                    },
                    "BlendFunc": {
                      "Src": 1,
                      "Dst": 771
                    },
                    "AnchorPoint": {
                      "ScaleX": 0.5,
                      "ScaleY": 0.5
                    },
                    "Position": {
                      "X": 110.3511,
                      "Y": 408.5994
                    },
                    "Scale": {
                      "ScaleX": 1.0,
                      "ScaleY": 1.0
                    },
                    "CColor": {},
                    "IconVisible": false,
                    "PositionPercentXEnabled": true,
                    "PositionPercentYEnabled": true,
                    "PrePosition": {
                      "X": 0.1226,
                      "Y": 0.8172
                    },
                    "PreSize": {
                      "X": 0.1467,
                      "Y": 0.264
                    },
                    "LeftMargin": 44.3511,
                    "RightMargin": 723.6489,
                    "TopMargin": 25.4006,
                    "BottomMargin": 342.5994,
                    "Tag": 1043,
                    "ActionTag": 254721292,
                    "Size": {
                      "X": 132.0,
                      "Y": 132.0
                    },
                    "Name": "headbg",
                    "ctype": "SpriteObjectData"
                  },
                  {
                    "FileData": {
                      "Type": "Normal",
                      "Path": "image/ui/room/laba.png",
                      "Plist": ""
                    },
                    "BlendFunc": {
                      "Src": 1,
                      "Dst": 771
                    },
                    "AnchorPoint": {
                      "ScaleX": 0.5,
                      "ScaleY": 0.5
                    },
                    "Position": {
                      "X": 702.5862,
                      "Y": 419.145
                    },
                    "Scale": {
                      "ScaleX": 2.0,
                      "ScaleY": 2.0
                    },
                    "CColor": {},
                    "IconVisible": false,
                    "PrePosition": {
                      "X": 0.7807,
                      "Y": 0.8383
                    },
                    "PreSize": {
                      "X": 0.0422,
                      "Y": 0.058
                    },
                    "LeftMargin": 683.5862,
                    "RightMargin": 178.4138,
                    "TopMargin": 66.355,
                    "BottomMargin": 404.645,
                    "Tag": 811,
                    "ActionTag": -1995622897,
                    "Size": {
                      "X": 38.0,
                      "Y": 29.0
                    },
                    "Name": "voice",
                    "ctype": "SpriteObjectData"
                  },
                  {
                    "FileData": {
                      "Type": "Normal",
                      "Path": "image/ui/room/female.png",
                      "Plist": ""
                    },
                    "BlendFunc": {
                      "Src": 1,
                      "Dst": 771
                    },
                    "AnchorPoint": {
                      "ScaleX": 0.5,
                      "ScaleY": 0.5
                    },
                    "Position": {
                      "X": 166.8158,
                      "Y": 349.18
                    },
                    "Scale": {
                      "ScaleX": 1.0,
                      "ScaleY": 1.0
                    },
                    "CColor": {},
                    "IconVisible": false,
                    "PrePosition": {
                      "X": 0.1854,
                      "Y": 0.6984
                    },
                    "PreSize": {
                      "X": 0.0211,
                      "Y": 0.048
                    },
                    "LeftMargin": 157.3158,
                    "RightMargin": 723.6842,
                    "TopMargin": 138.82,
                    "BottomMargin": 337.18,
                    "Tag": 266,
                    "ActionTag": -994952128,
                    "Size": {
                      "X": 19.0,
                      "Y": 24.0
                    },
                    "Name": "female",
                    "ctype": "SpriteObjectData"
                  },
                  {
                    "FileData": {
                      "Type": "Normal",
                      "Path": "image/ui/room/male.png",
                      "Plist": ""
                    },
                    "BlendFunc": {
                      "Src": 1,
                      "Dst": 771
                    },
                    "AnchorPoint": {
                      "ScaleX": 0.5,
                      "ScaleY": 0.5
                    },
                    "Position": {
                      "X": 166.8158,
                      "Y": 349.18
                    },
                    "Scale": {
                      "ScaleX": 1.0,
                      "ScaleY": 1.0
                    },
                    "CColor": {},
                    "IconVisible": false,
                    "PrePosition": {
                      "X": 0.1854,
                      "Y": 0.6984
                    },
                    "PreSize": {
                      "X": 0.0211,
                      "Y": 0.048
                    },
                    "LeftMargin": 157.3158,
                    "RightMargin": 723.6842,
                    "TopMargin": 138.82,
                    "BottomMargin": 337.18,
                    "Tag": 265,
                    "ActionTag": 627921971,
                    "Size": {
                      "X": 19.0,
                      "Y": 24.0
                    },
                    "Name": "male",
                    "ctype": "SpriteObjectData"
                  },
                  {
                    "FontSize": 36,
                    "LabelText": "这里最多七个字",
                    "FontResource": {
                      "Type": "Normal",
                      "Path": "image/fonts/FZZY.TTF",
                      "Plist": ""
                    },
                    "OutlineColor": {
                      "R": 123,
                      "G": 97,
                      "B": 0
                    },
                    "ShadowColor": {
                      "R": 110,
                      "G": 110,
                      "B": 110
                    },
                    "ShadowOffsetX": 1.0,
                    "ShadowOffsetY": -1.0,
                    "AnchorPoint": {
                      "ScaleY": 0.5
                    },
                    "Position": {
                      "X": 261.0962,
                      "Y": 453.7911
                    },
                    "Scale": {
                      "ScaleX": 1.0,
                      "ScaleY": 1.0
                    },
                    "CColor": {
                      "R": 197,
                      "G": 213
                    },
                    "IconVisible": false,
                    "PrePosition": {
                      "X": 0.2901,
                      "Y": 0.9076
                    },
                    "PreSize": {
                      "X": 0.2833,
                      "Y": 0.082
                    },
                    "LeftMargin": 261.0962,
                    "RightMargin": 383.9038,
                    "TopMargin": 25.7089,
                    "BottomMargin": 433.2911,
                    "Tag": 262,
                    "ActionTag": -1019487879,
                    "Size": {
                      "X": 255.0,
                      "Y": 41.0
                    },
                    "Name": "lb_nickname",
                    "ctype": "TextObjectData"
                  },
                  {
                    "FontSize": 30,
                    "LabelText": "ID: 12345678900000",
                    "FontResource": {
                      "Type": "Normal",
                      "Path": "image/fonts/FZZY.TTF",
                      "Plist": ""
                    },
                    "OutlineColor": {
                      "G": 0,
                      "B": 0
                    },
                    "ShadowColor": {
                      "R": 110,
                      "G": 110,
                      "B": 110
                    },
                    "ShadowOffsetX": 2.0,
                    "ShadowOffsetY": -2.0,
                    "AnchorPoint": {
                      "ScaleY": 0.5
                    },
                    "Position": {
                      "X": 261.0962,
                      "Y": 403.7897
                    },
                    "Scale": {
                      "ScaleX": 1.0,
                      "ScaleY": 1.0
                    },
                    "CColor": {
                      "R": 197,
                      "G": 213
                    },
                    "IconVisible": false,
                    "PrePosition": {
                      "X": 0.2901,
                      "Y": 0.8076
                    },
                    "PreSize": {
                      "X": 0.2911,
                      "Y": 0.068
                    },
                    "LeftMargin": 261.0962,
                    "RightMargin": 376.9038,
                    "TopMargin": 79.2103,
                    "BottomMargin": 386.7897,
                    "Tag": 267,
                    "ActionTag": 581923852,
                    "Size": {
                      "X": 262.0,
                      "Y": 34.0
                    },
                    "Name": "lb_id",
                    "ctype": "TextObjectData"
                  },
                  {
                    "IsCustomSize": true,
                    "FontSize": 30,
                    "LabelText": "中国北京市朝阳区清河中街莲花乡池水沟子镇----------",
                    "FontResource": {
                      "Type": "Normal",
                      "Path": "image/fonts/FZZY.TTF",
                      "Plist": ""
                    },
                    "OutlineColor": {
                      "G": 0,
                      "B": 0
                    },
                    "ShadowColor": {
                      "R": 110,
                      "G": 110,
                      "B": 110
                    },
                    "ShadowOffsetX": 2.0,
                    "ShadowOffsetY": -2.0,
                    "AnchorPoint": {
                      "ScaleX": 0.5,
                      "ScaleY": 0.5
                    },
                    "Position": {
                      "X": 531.097,
                      "Y": 301.0768
                    },
                    "Scale": {
                      "ScaleX": 1.0,
                      "ScaleY": 1.0
                    },
                    "CColor": {
                      "R": 197,
                      "G": 213
                    },
                    "IconVisible": false,
                    "PrePosition": {
                      "X": 0.5901,
                      "Y": 0.6022
                    },
                    "PreSize": {
                      "X": 0.6,
                      "Y": 0.16
                    },
                    "LeftMargin": 261.097,
                    "RightMargin": 98.903,
                    "TopMargin": 158.9232,
                    "BottomMargin": 261.0768,
                    "Tag": 1720,
                    "ActionTag": 2109362657,
                    "Size": {
                      "X": 540.0,
                      "Y": 80.0
                    },
                    "Name": "lb_ad",
                    "ctype": "TextObjectData"
                  },
                  {
                    "FontSize": 30,
                    "LabelText": "IP: 255.255.255.255",
                    "FontResource": {
                      "Type": "Normal",
                      "Path": "image/fonts/FZZY.TTF",
                      "Plist": ""
                    },
                    "OutlineColor": {
                      "G": 0,
                      "B": 0
                    },
                    "ShadowColor": {
                      "R": 110,
                      "G": 110,
                      "B": 110
                    },
                    "ShadowOffsetX": 2.0,
                    "ShadowOffsetY": -2.0,
                    "AnchorPoint": {
                      "ScaleY": 0.5
                    },
                    "Position": {
                      "X": 261.0962,
                      "Y": 363.5875
                    },
                    "Scale": {
                      "ScaleX": 1.0,
                      "ScaleY": 1.0
                    },
                    "CColor": {
                      "R": 197,
                      "G": 213
                    },
                    "IconVisible": false,
                    "PrePosition": {
                      "X": 0.2901,
                      "Y": 0.7272
                    },
                    "PreSize": {
                      "X": 0.2833,
                      "Y": 0.068
                    },
                    "LeftMargin": 261.0962,
                    "RightMargin": 383.9038,
                    "TopMargin": 119.4125,
                    "BottomMargin": 346.5875,
                    "Tag": 269,
                    "ActionTag": 151328342,
                    "Size": {
                      "X": 255.0,
                      "Y": 34.0
                    },
                    "Name": "lb_ip",
                    "ctype": "TextObjectData"
                  },
                  {
                    "FontSize": 30,
                    "LabelText": "距我9999米",
                    "FontResource": {
                      "Type": "Normal",
                      "Path": "image/fonts/FZZY.TTF",
                      "Plist": ""
                    },
                    "VerticalAlignmentType": "VT_Center",
                    "OutlineColor": {
                      "G": 0,
                      "B": 0
                    },
                    "ShadowColor": {
                      "R": 110,
                      "G": 110,
                      "B": 110
                    },
                    "ShadowOffsetX": 2.0,
                    "ShadowOffsetY": -2.0,
                    "AnchorPoint": {
                      "ScaleY": 0.5
                    },
                    "Position": {
                      "X": 57.4893,
                      "Y": 188.7043
                    },
                    "Scale": {
                      "ScaleX": 1.0,
                      "ScaleY": 1.0
                    },
                    "CColor": {
                      "R": 168,
                      "G": 104,
                      "B": 56
                    },
                    "IconVisible": false,
                    "PrePosition": {
                      "X": 0.0639,
                      "Y": 0.3774
                    },
                    "PreSize": {
                      "X": 0.1744,
                      "Y": 0.068
                    },
                    "LeftMargin": 57.4893,
                    "RightMargin": 685.5107,
                    "TopMargin": 294.2957,
                    "BottomMargin": 171.7043,
                    "Tag": 13,
                    "ActionTag": -440715927,
                    "Size": {
                      "X": 157.0,
                      "Y": 34.0
                    },
                    "VisibleForFrame": false,
                    "Name": "lb_dt",
                    "ctype": "TextObjectData"
                  },
                  {
                    "FileData": {
                      "Type": "Normal",
                      "Path": "image/ui/animationtalk/effect_emoji_di.png",
                      "Plist": ""
                    },
                    "BlendFunc": {
                      "Src": 1,
                      "Dst": 771
                    },
                    "AnchorPoint": {
                      "ScaleX": 0.5,
                      "ScaleY": 0.5
                    },
                    "Position": {
                      "X": 125.2794,
                      "Y": 202.053
                    },
                    "Scale": {
                      "ScaleX": 1.0,
                      "ScaleY": 1.0
                    },
                    "CColor": {},
                    "IconVisible": false,
                    "PositionPercentXEnabled": true,
                    "PrePosition": {
                      "X": 0.1392,
                      "Y": 0.4041
                    },
                    "PreSize": {
                      "X": 0.1367,
                      "Y": 0.244
                    },
                    "LeftMargin": 63.7794,
                    "RightMargin": 713.2206,
                    "TopMargin": 236.947,
                    "BottomMargin": 141.053,
                    "Tag": 243,
                    "Children": [
                      {
                        "FileData": {
                          "Type": "Normal",
                          "Path": "image/ui/animationtalk/effect_emoji_good.png",
                          "Plist": ""
                        },
                        "BlendFunc": {
                          "Src": 1,
                          "Dst": 771
                        },
                        "AnchorPoint": {
                          "ScaleX": 0.5,
                          "ScaleY": 0.5
                        },
                        "Position": {
                          "X": 61.5,
                          "Y": 61.0
                        },
                        "Scale": {
                          "ScaleX": 0.7,
                          "ScaleY": 0.7
                        },
                        "CColor": {},
                        "IconVisible": false,
                        "PositionPercentXEnabled": true,
                        "PositionPercentYEnabled": true,
                        "PrePosition": {
                          "X": 0.5,
                          "Y": 0.5
                        },
                        "PreSize": {
                          "X": 0.7886,
                          "Y": 0.8934
                        },
                        "LeftMargin": 13.0,
                        "RightMargin": 13.0,
                        "TopMargin": 6.5,
                        "BottomMargin": 6.5,
                        "Tag": 247,
                        "ActionTag": -1274862146,
                        "Size": {
                          "X": 97.0,
                          "Y": 109.0
                        },
                        "Name": "emoji",
                        "ctype": "SpriteObjectData"
                      }
                    ],
                    "ActionTag": 1552676172,
                    "Size": {
                      "X": 123.0,
                      "Y": 122.0
                    },
                    "Name": "emoji1",
                    "ctype": "SpriteObjectData"
                  },
                  {
                    "FileData": {
                      "Type": "Normal",
                      "Path": "image/ui/animationtalk/effect_emoji_di.png",
                      "Plist": ""
                    },
                    "BlendFunc": {
                      "Src": 1,
                      "Dst": 771
                    },
                    "AnchorPoint": {
                      "ScaleX": 0.5,
                      "ScaleY": 0.5
                    },
                    "Position": {
                      "X": 287.411,
                      "Y": 202.053
                    },
                    "Scale": {
                      "ScaleX": 1.0,
                      "ScaleY": 1.0
                    },
                    "CColor": {},
                    "IconVisible": false,
                    "PositionPercentXEnabled": true,
                    "PrePosition": {
                      "X": 0.3193,
                      "Y": 0.4041
                    },
                    "PreSize": {
                      "X": 0.1367,
                      "Y": 0.244
                    },
                    "LeftMargin": 225.911,
                    "RightMargin": 551.089,
                    "TopMargin": 236.947,
                    "BottomMargin": 141.053,
                    "Tag": 244,
                    "Children": [
                      {
                        "FileData": {
                          "Type": "Normal",
                          "Path": "image/ui/animationtalk/effect_emoji_bomb.png",
                          "Plist": ""
                        },
                        "BlendFunc": {
                          "Src": 1,
                          "Dst": 771
                        },
                        "AnchorPoint": {
                          "ScaleX": 0.5,
                          "ScaleY": 0.5
                        },
                        "Position": {
                          "X": 61.5,
                          "Y": 61.0
                        },
                        "Scale": {
                          "ScaleX": 0.7,
                          "ScaleY": 0.7
                        },
                        "CColor": {},
                        "IconVisible": false,
                        "PositionPercentXEnabled": true,
                        "PositionPercentYEnabled": true,
                        "PrePosition": {
                          "X": 0.5,
                          "Y": 0.5
                        },
                        "PreSize": {
                          "X": 0.6016,
                          "Y": 0.7787
                        },
                        "LeftMargin": 24.5,
                        "RightMargin": 24.5,
                        "TopMargin": 13.5,
                        "BottomMargin": 13.5,
                        "Tag": 248,
                        "ActionTag": -317567386,
                        "Size": {
                          "X": 114.0,
                          "Y": 121.0
                        },
                        "Name": "emoji",
                        "ctype": "SpriteObjectData"
                      }
                    ],
                    "ActionTag": 945715901,
                    "Size": {
                      "X": 123.0,
                      "Y": 122.0
                    },
                    "Name": "emoji2",
                    "ctype": "SpriteObjectData"
                  },
                  {
                    "FileData": {
                      "Type": "Normal",
                      "Path": "image/ui/animationtalk/effect_emoji_di.png",
                      "Plist": ""
                    },
                    "BlendFunc": {
                      "Src": 1,
                      "Dst": 771
                    },
                    "AnchorPoint": {
                      "ScaleX": 0.5,
                      "ScaleY": 0.5
                    },
                    "Position": {
                      "X": 448.8678,
                      "Y": 202.053
                    },
                    "Scale": {
                      "ScaleX": 1.0,
                      "ScaleY": 1.0
                    },
                    "CColor": {},
                    "IconVisible": false,
                    "PositionPercentXEnabled": true,
                    "PrePosition": {
                      "X": 0.4987,
                      "Y": 0.4041
                    },
                    "PreSize": {
                      "X": 0.1367,
                      "Y": 0.244
                    },
                    "LeftMargin": 387.3678,
                    "RightMargin": 389.6322,
                    "TopMargin": 236.947,
                    "BottomMargin": 141.053,
                    "Tag": 242,
                    "Children": [
                      {
                        "FileData": {
                          "Type": "Normal",
                          "Path": "image/ui/animationtalk/effect_emoji_egg.png",
                          "Plist": ""
                        },
                        "BlendFunc": {
                          "Src": 1,
                          "Dst": 771
                        },
                        "AnchorPoint": {
                          "ScaleX": 0.5,
                          "ScaleY": 0.5
                        },
                        "Position": {
                          "X": 61.5,
                          "Y": 61.0
                        },
                        "Scale": {
                          "ScaleX": 0.7,
                          "ScaleY": 0.7
                        },
                        "CColor": {},
                        "IconVisible": false,
                        "PositionPercentXEnabled": true,
                        "PositionPercentYEnabled": true,
                        "PrePosition": {
                          "X": 0.5,
                          "Y": 0.5
                        },
                        "PreSize": {
                          "X": 0.5285,
                          "Y": 0.6967
                        },
                        "LeftMargin": 29.0,
                        "RightMargin": 29.0,
                        "TopMargin": 18.5,
                        "BottomMargin": 18.5,
                        "Tag": 249,
                        "ActionTag": 1798286855,
                        "Size": {
                          "X": 90.0,
                          "Y": 108.0
                        },
                        "Name": "emoji",
                        "ctype": "SpriteObjectData"
                      }
                    ],
                    "ActionTag": 1556571215,
                    "Size": {
                      "X": 123.0,
                      "Y": 122.0
                    },
                    "Name": "emoji3",
                    "ctype": "SpriteObjectData"
                  },
                  {
                    "FileData": {
                      "Type": "Normal",
                      "Path": "image/ui/animationtalk/effect_emoji_di.png",
                      "Plist": ""
                    },
                    "BlendFunc": {
                      "Src": 1,
                      "Dst": 771
                    },
                    "AnchorPoint": {
                      "ScaleX": 0.5,
                      "ScaleY": 0.5
                    },
                    "Position": {
                      "X": 610.3254,
                      "Y": 209.0531
                    },
                    "Scale": {
                      "ScaleX": 1.0,
                      "ScaleY": 1.0
                    },
                    "CColor": {},
                    "IconVisible": false,
                    "PositionPercentXEnabled": true,
                    "PrePosition": {
                      "X": 0.6781,
                      "Y": 0.4181
                    },
                    "PreSize": {
                      "X": 0.1367,
                      "Y": 0.244
                    },
                    "LeftMargin": 548.8254,
                    "RightMargin": 228.1746,
                    "TopMargin": 229.947,
                    "BottomMargin": 148.0531,
                    "Tag": 245,
                    "Children": [
                      {
                        "FileData": {
                          "Type": "Normal",
                          "Path": "image/ui/animationtalk/effect_emoji_shoe.png",
                          "Plist": ""
                        },
                        "BlendFunc": {
                          "Src": 1,
                          "Dst": 771
                        },
                        "AnchorPoint": {
                          "ScaleX": 0.5,
                          "ScaleY": 0.5
                        },
                        "Position": {
                          "X": 61.4993,
                          "Y": 54.0001
                        },
                        "Scale": {
                          "ScaleX": 0.7,
                          "ScaleY": 0.7
                        },
                        "CColor": {},
                        "IconVisible": false,
                        "PositionPercentXEnabled": true,
                        "PositionPercentYEnabled": true,
                        "PrePosition": {
                          "X": 0.5,
                          "Y": 0.4426
                        },
                        "PreSize": {
                          "X": 0.5854,
                          "Y": 0.7869
                        },
                        "LeftMargin": 25.4993,
                        "RightMargin": 25.5007,
                        "TopMargin": 19.9999,
                        "BottomMargin": 6.0001,
                        "Tag": 250,
                        "ActionTag": 1564762584,
                        "Size": {
                          "X": 107.0,
                          "Y": 119.0
                        },
                        "Name": "emoji",
                        "ctype": "SpriteObjectData"
                      }
                    ],
                    "ActionTag": 1803992530,
                    "Size": {
                      "X": 123.0,
                      "Y": 122.0
                    },
                    "Name": "emoji4",
                    "ctype": "SpriteObjectData"
                  },
                  {
                    "FileData": {
                      "Type": "Normal",
                      "Path": "image/ui/animationtalk/effect_emoji_di.png",
                      "Plist": ""
                    },
                    "BlendFunc": {
                      "Src": 1,
                      "Dst": 771
                    },
                    "AnchorPoint": {
                      "ScaleX": 0.5,
                      "ScaleY": 0.5
                    },
                    "Position": {
                      "X": 769.5638,
                      "Y": 202.053
                    },
                    "Scale": {
                      "ScaleX": 1.0,
                      "ScaleY": 1.0
                    },
                    "CColor": {},
                    "IconVisible": false,
                    "PositionPercentXEnabled": true,
                    "PrePosition": {
                      "X": 0.8551,
                      "Y": 0.4041
                    },
                    "PreSize": {
                      "X": 0.1367,
                      "Y": 0.244
                    },
                    "LeftMargin": 708.0638,
                    "RightMargin": 68.9362,
                    "TopMargin": 236.947,
                    "BottomMargin": 141.053,
                    "Tag": 246,
                    "Children": [
                      {
                        "FileData": {
                          "Type": "Normal",
                          "Path": "image/ui/animationtalk/effect_emoji_flower.png",
                          "Plist": ""
                        },
                        "BlendFunc": {
                          "Src": 1,
                          "Dst": 771
                        },
                        "AnchorPoint": {
                          "ScaleX": 0.5,
                          "ScaleY": 0.5
                        },
                        "Position": {
                          "X": 61.5,
                          "Y": 61.0
                        },
                        "Scale": {
                          "ScaleX": 0.7,
                          "ScaleY": 0.7
                        },
                        "CColor": {},
                        "IconVisible": false,
                        "PositionPercentXEnabled": true,
                        "PositionPercentYEnabled": true,
                        "PrePosition": {
                          "X": 0.5,
                          "Y": 0.5
                        },
                        "PreSize": {
                          "X": 0.6016,
                          "Y": 0.7705
                        },
                        "LeftMargin": 24.5,
                        "RightMargin": 24.5,
                        "TopMargin": 14.0,
                        "BottomMargin": 14.0,
                        "Tag": 251,
                        "ActionTag": 2055377389,
                        "Size": {
                          "X": 122.0,
                          "Y": 144.0
                        },
                        "Name": "emoji",
                        "ctype": "SpriteObjectData"
                      }
                    ],
                    "ActionTag": -473866460,
                    "Size": {
                      "X": 123.0,
                      "Y": 122.0
                    },
                    "Name": "emoji5",
                    "ctype": "SpriteObjectData"
                  },
                  {
                    "FileData": {
                      "Type": "Normal",
                      "Path": "image/ui/animationtalk/effect_emoji_di.png",
                      "Plist": ""
                    },
                    "BlendFunc": {
                      "Src": 1,
                      "Dst": 771
                    },
                    "AnchorPoint": {
                      "ScaleX": 0.5,
                      "ScaleY": 0.5
                    },
                    "Position": {
                      "X": 125.2795,
                      "Y": 72.2289
                    },
                    "Scale": {
                      "ScaleX": 1.0,
                      "ScaleY": 1.0
                    },
                    "CColor": {},
                    "IconVisible": false,
                    "PositionPercentXEnabled": true,
                    "PrePosition": {
                      "X": 0.1392,
                      "Y": 0.1445
                    },
                    "PreSize": {
                      "X": 0.1367,
                      "Y": 0.244
                    },
                    "LeftMargin": 63.7795,
                    "RightMargin": 713.2205,
                    "TopMargin": 366.7711,
                    "BottomMargin": 11.2289,
                    "Tag": 97,
                    "Children": [
                      {
                        "FileData": {
                          "Type": "Normal",
                          "Path": "image/ui/animationtalk/effect_emoji_jiatelin.png",
                          "Plist": ""
                        },
                        "BlendFunc": {
                          "Src": 1,
                          "Dst": 771
                        },
                        "AnchorPoint": {
                          "ScaleX": 0.5,
                          "ScaleY": 0.5
                        },
                        "Position": {
                          "X": 61.5,
                          "Y": 61.0
                        },
                        "Scale": {
                          "ScaleX": 1.0,
                          "ScaleY": 1.0
                        },
                        "CColor": {},
                        "IconVisible": false,
                        "PositionPercentXEnabled": true,
                        "PositionPercentYEnabled": true,
                        "PrePosition": {
                          "X": 0.5,
                          "Y": 0.5
                        },
                        "PreSize": {
                          "X": 0.7154,
                          "Y": 0.7377
                        },
                        "LeftMargin": 17.5,
                        "RightMargin": 17.5,
                        "TopMargin": 16.0,
                        "BottomMargin": 16.0,
                        "Tag": 98,
                        "ActionTag": -225557106,
                        "Size": {
                          "X": 88.0,
                          "Y": 90.0
                        },
                        "Name": "emoji",
                        "ctype": "SpriteObjectData"
                      },
                      {
                        "FileData": {
                          "Type": "Normal",
                          "Path": "image/ui/animationtalk/xianmian.png",
                          "Plist": ""
                        },
                        "BlendFunc": {
                          "Src": 1,
                          "Dst": 771
                        },
                        "AnchorPoint": {
                          "ScaleX": 0.5,
                          "ScaleY": 0.5
                        },
                        "Position": {
                          "X": 34.4869,
                          "Y": 90.7065
                        },
                        "Scale": {
                          "ScaleX": 1.0,
                          "ScaleY": 1.0
                        },
                        "CColor": {},
                        "IconVisible": false,
                        "PrePosition": {
                          "X": 0.2804,
                          "Y": 0.7435
                        },
                        "PreSize": {
                          "X": 0.7724,
                          "Y": 0.7787
                        },
                        "LeftMargin": -13.0131,
                        "RightMargin": 41.0131,
                        "TopMargin": -16.2065,
                        "BottomMargin": 43.2065,
                        "Tag": 1140,
                        "ActionTag": -601143173,
                        "Size": {
                          "X": 95.0,
                          "Y": 95.0
                        },
                        "Name": "xianmian",
                        "ctype": "SpriteObjectData"
                      }
                    ],
                    "ActionTag": 1728647901,
                    "Size": {
                      "X": 123.0,
                      "Y": 122.0
                    },
                    "Name": "emoji6",
                    "ctype": "SpriteObjectData"
                  },
                  {
                    "FileData": {
                      "Type": "Normal",
                      "Path": "image/ui/animationtalk/effect_emoji_di.png",
                      "Plist": ""
                    },
                    "BlendFunc": {
                      "Src": 1,
                      "Dst": 771
                    },
                    "AnchorPoint": {
                      "ScaleX": 0.5,
                      "ScaleY": 0.5
                    },
                    "Position": {
                      "X": 286.3507,
                      "Y": 72.2289
                    },
                    "Scale": {
                      "ScaleX": 1.0,
                      "ScaleY": 1.0
                    },
                    "CColor": {},
                    "IconVisible": false,
                    "PositionPercentXEnabled": true,
                    "PrePosition": {
                      "X": 0.3182,
                      "Y": 0.1445
                    },
                    "PreSize": {
                      "X": 0.1367,
                      "Y": 0.244
                    },
                    "LeftMargin": 224.8507,
                    "RightMargin": 552.1493,
                    "TopMargin": 366.7711,
                    "BottomMargin": 11.2289,
                    "Tag": 165,
                    "Children": [
                      {
                        "FileData": {
                          "Type": "Normal",
                          "Path": "image/ui/animationtalk/maobi.png",
                          "Plist": ""
                        },
                        "BlendFunc": {
                          "Src": 1,
                          "Dst": 771
                        },
                        "AnchorPoint": {
                          "ScaleX": 0.5,
                          "ScaleY": 0.5
                        },
                        "Position": {
                          "X": 61.5,
                          "Y": 61.0
                        },
                        "Scale": {
                          "ScaleX": 1.0,
                          "ScaleY": 1.0
                        },
                        "CColor": {},
                        "IconVisible": false,
                        "PositionPercentXEnabled": true,
                        "PositionPercentYEnabled": true,
                        "PrePosition": {
                          "X": 0.5,
                          "Y": 0.5
                        },
                        "PreSize": {
                          "X": 0.7154,
                          "Y": 0.7377
                        },
                        "LeftMargin": 17.5,
                        "RightMargin": 17.5,
                        "TopMargin": 16.0,
                        "BottomMargin": 16.0,
                        "Tag": 167,
                        "ActionTag": -762286568,
                        "Size": {
                          "X": 98.0,
                          "Y": 97.0
                        },
                        "Name": "emoji",
                        "ctype": "SpriteObjectData"
                      },
                      {
                        "FileData": {
                          "Type": "Normal",
                          "Path": "image/ui/animationtalk/xianmian.png",
                          "Plist": ""
                        },
                        "BlendFunc": {
                          "Src": 1,
                          "Dst": 771
                        },
                        "AnchorPoint": {
                          "ScaleX": 0.5,
                          "ScaleY": 0.5
                        },
                        "Position": {
                          "X": 34.4869,
                          "Y": 90.7065
                        },
                        "Scale": {
                          "ScaleX": 1.0,
                          "ScaleY": 1.0
                        },
                        "CColor": {},
                        "IconVisible": false,
                        "PrePosition": {
                          "X": 0.2804,
                          "Y": 0.7435
                        },
                        "PreSize": {
                          "X": 0.7724,
                          "Y": 0.7787
                        },
                        "LeftMargin": -13.0131,
                        "RightMargin": 41.0131,
                        "TopMargin": -16.2065,
                        "BottomMargin": 43.2065,
                        "Tag": 166,
                        "ActionTag": 1060074518,
                        "Size": {
                          "X": 95.0,
                          "Y": 95.0
                        },
                        "Name": "xianmian",
                        "ctype": "SpriteObjectData"
                      }
                    ],
                    "ActionTag": 1759287726,
                    "Size": {
                      "X": 123.0,
                      "Y": 122.0
                    },
                    "Name": "emoji7",
                    "ctype": "SpriteObjectData"
                  },
                  {
                    "FileData": {
                      "Type": "Normal",
                      "Path": "image/ui/animationtalk/effect_emoji_di.png",
                      "Plist": ""
                    },
                    "BlendFunc": {
                      "Src": 1,
                      "Dst": 771
                    },
                    "AnchorPoint": {
                      "ScaleX": 0.5,
                      "ScaleY": 0.5
                    },
                    "Position": {
                      "X": 447.422,
                      "Y": 72.2289
                    },
                    "Scale": {
                      "ScaleX": 1.0,
                      "ScaleY": 1.0
                    },
                    "CColor": {},
                    "IconVisible": false,
                    "PositionPercentXEnabled": true,
                    "PrePosition": {
                      "X": 0.4971,
                      "Y": 0.1445
                    },
                    "PreSize": {
                      "X": 0.1367,
                      "Y": 0.244
                    },
                    "LeftMargin": 385.922,
                    "RightMargin": 391.078,
                    "TopMargin": 366.7711,
                    "BottomMargin": 11.2289,
                    "Tag": 168,
                    "Children": [
                      {
                        "FileData": {
                          "Type": "Normal",
                          "Path": "image/ui/animationtalk/gongjian.png",
                          "Plist": ""
                        },
                        "BlendFunc": {
                          "Src": 1,
                          "Dst": 771
                        },
                        "AnchorPoint": {
                          "ScaleX": 0.5,
                          "ScaleY": 0.5
                        },
                        "Position": {
                          "X": 61.5,
                          "Y": 61.0
                        },
                        "Scale": {
                          "ScaleX": 1.0,
                          "ScaleY": 1.0
                        },
                        "CColor": {},
                        "IconVisible": false,
                        "PositionPercentXEnabled": true,
                        "PositionPercentYEnabled": true,
                        "PrePosition": {
                          "X": 0.5,
                          "Y": 0.5
                        },
                        "PreSize": {
                          "X": 0.7154,
                          "Y": 0.7377
                        },
                        "LeftMargin": 17.5,
                        "RightMargin": 17.5,
                        "TopMargin": 16.0,
                        "BottomMargin": 16.0,
                        "Tag": 170,
                        "ActionTag": -890431442,
                        "Size": {
                          "X": 91.0,
                          "Y": 94.0
                        },
                        "Name": "emoji",
                        "ctype": "SpriteObjectData"
                      },
                      {
                        "FileData": {
                          "Type": "Normal",
                          "Path": "image/ui/animationtalk/xianmian.png",
                          "Plist": ""
                        },
                        "BlendFunc": {
                          "Src": 1,
                          "Dst": 771
                        },
                        "AnchorPoint": {
                          "ScaleX": 0.5,
                          "ScaleY": 0.5
                        },
                        "Position": {
                          "X": 34.4869,
                          "Y": 90.7065
                        },
                        "Scale": {
                          "ScaleX": 1.0,
                          "ScaleY": 1.0
                        },
                        "CColor": {},
                        "IconVisible": false,
                        "PrePosition": {
                          "X": 0.2804,
                          "Y": 0.7435
                        },
                        "PreSize": {
                          "X": 0.7724,
                          "Y": 0.7787
                        },
                        "LeftMargin": -13.0131,
                        "RightMargin": 41.0131,
                        "TopMargin": -16.2065,
                        "BottomMargin": 43.2065,
                        "Tag": 169,
                        "ActionTag": 1268502305,
                        "Size": {
                          "X": 95.0,
                          "Y": 95.0
                        },
                        "Name": "xianmian",
                        "ctype": "SpriteObjectData"
                      }
                    ],
                    "ActionTag": -1184245602,
                    "Size": {
                      "X": 123.0,
                      "Y": 122.0
                    },
                    "Name": "emoji8",
                    "ctype": "SpriteObjectData"
                  },
                  {
                    "FileData": {
                      "Type": "Normal",
                      "Path": "image/ui/animationtalk/effect_emoji_di.png",
                      "Plist": ""
                    },
                    "BlendFunc": {
                      "Src": 1,
                      "Dst": 771
                    },
                    "AnchorPoint": {
                      "ScaleX": 0.5,
                      "ScaleY": 0.5
                    },
                    "Position": {
                      "X": 608.4933,
                      "Y": 72.2289
                    },
                    "Scale": {
                      "ScaleX": 1.0,
                      "ScaleY": 1.0
                    },
                    "CColor": {},
                    "IconVisible": false,
                    "PositionPercentXEnabled": true,
                    "PrePosition": {
                      "X": 0.6761,
                      "Y": 0.1445
                    },
                    "PreSize": {
                      "X": 0.1367,
                      "Y": 0.244
                    },
                    "LeftMargin": 546.9933,
                    "RightMargin": 230.0067,
                    "TopMargin": 366.7711,
                    "BottomMargin": 11.2289,
                    "Tag": 171,
                    "Children": [
                      {
                        "FileData": {
                          "Type": "Normal",
                          "Path": "image/ui/animationtalk/zhayao.png",
                          "Plist": ""
                        },
                        "BlendFunc": {
                          "Src": 1,
                          "Dst": 771
                        },
                        "AnchorPoint": {
                          "ScaleX": 0.5,
                          "ScaleY": 0.5
                        },
                        "Position": {
                          "X": 61.5,
                          "Y": 61.0
                        },
                        "Scale": {
                          "ScaleX": 1.0,
                          "ScaleY": 1.0
                        },
                        "CColor": {},
                        "IconVisible": false,
                        "PositionPercentXEnabled": true,
                        "PositionPercentYEnabled": true,
                        "PrePosition": {
                          "X": 0.5,
                          "Y": 0.5
                        },
                        "PreSize": {
                          "X": 0.7154,
                          "Y": 0.7377
                        },
                        "LeftMargin": 17.5,
                        "RightMargin": 17.5,
                        "TopMargin": 16.0,
                        "BottomMargin": 16.0,
                        "Tag": 173,
                        "ActionTag": -2005244621,
                        "Size": {
                          "X": 99.0,
                          "Y": 91.0
                        },
                        "Name": "emoji",
                        "ctype": "SpriteObjectData"
                      },
                      {
                        "FileData": {
                          "Type": "Normal",
                          "Path": "image/ui/animationtalk/xianmian.png",
                          "Plist": ""
                        },
                        "BlendFunc": {
                          "Src": 1,
                          "Dst": 771
                        },
                        "AnchorPoint": {
                          "ScaleX": 0.5,
                          "ScaleY": 0.5
                        },
                        "Position": {
                          "X": 34.4869,
                          "Y": 90.7065
                        },
                        "Scale": {
                          "ScaleX": 1.0,
                          "ScaleY": 1.0
                        },
                        "CColor": {},
                        "IconVisible": false,
                        "PrePosition": {
                          "X": 0.2804,
                          "Y": 0.7435
                        },
                        "PreSize": {
                          "X": 0.7724,
                          "Y": 0.7787
                        },
                        "LeftMargin": -13.0131,
                        "RightMargin": 41.0131,
                        "TopMargin": -16.2065,
                        "BottomMargin": 43.2065,
                        "Tag": 172,
                        "ActionTag": -1110669300,
                        "Size": {
                          "X": 95.0,
                          "Y": 95.0
                        },
                        "Name": "xianmian",
                        "ctype": "SpriteObjectData"
                      }
                    ],
                    "ActionTag": -775312259,
                    "Size": {
                      "X": 123.0,
                      "Y": 122.0
                    },
                    "Name": "emoji9",
                    "ctype": "SpriteObjectData"
                  },
                  {
                    "FileData": {
                      "Type": "Normal",
                      "Path": "image/ui/animationtalk/effect_emoji_di.png",
                      "Plist": ""
                    },
                    "BlendFunc": {
                      "Src": 1,
                      "Dst": 771
                    },
                    "AnchorPoint": {
                      "ScaleX": 0.5,
                      "ScaleY": 0.5
                    },
                    "Position": {
                      "X": 769.5645,
                      "Y": 72.2289
                    },
                    "Scale": {
                      "ScaleX": 1.0,
                      "ScaleY": 1.0
                    },
                    "CColor": {},
                    "IconVisible": false,
                    "PositionPercentXEnabled": true,
                    "PrePosition": {
                      "X": 0.8551,
                      "Y": 0.1445
                    },
                    "PreSize": {
                      "X": 0.1367,
                      "Y": 0.244
                    },
                    "LeftMargin": 708.0645,
                    "RightMargin": 68.9355,
                    "TopMargin": 366.7711,
                    "BottomMargin": 11.2289,
                    "Tag": 174,
                    "Children": [
                      {
                        "FileData": {
                          "Type": "Normal",
                          "Path": "image/ui/animationtalk/effect_emoji_dapao.png",
                          "Plist": ""
                        },
                        "BlendFunc": {
                          "Src": 1,
                          "Dst": 771
                        },
                        "AnchorPoint": {
                          "ScaleX": 0.5,
                          "ScaleY": 0.5
                        },
                        "Position": {
                          "X": 61.5,
                          "Y": 61.0
                        },
                        "Scale": {
                          "ScaleX": 0.5,
                          "ScaleY": 0.5
                        },
                        "CColor": {},
                        "IconVisible": false,
                        "PositionPercentXEnabled": true,
                        "PositionPercentYEnabled": true,
                        "PrePosition": {
                          "X": 0.5,
                          "Y": 0.5
                        },
                        "PreSize": {
                          "X": 0.7154,
                          "Y": 0.7377
                        },
                        "LeftMargin": 17.5,
                        "RightMargin": 17.5,
                        "TopMargin": 16.0,
                        "BottomMargin": 16.0,
                        "Tag": 176,
                        "ActionTag": -1008559363,
                        "Size": {
                          "X": 137.0,
                          "Y": 205.0
                        },
                        "Name": "emoji",
                        "ctype": "SpriteObjectData"
                      },
                      {
                        "FileData": {
                          "Type": "Normal",
                          "Path": "image/ui/animationtalk/xianmian.png",
                          "Plist": ""
                        },
                        "BlendFunc": {
                          "Src": 1,
                          "Dst": 771
                        },
                        "AnchorPoint": {
                          "ScaleX": 0.5,
                          "ScaleY": 0.5
                        },
                        "Position": {
                          "X": 34.4869,
                          "Y": 90.7065
                        },
                        "Scale": {
                          "ScaleX": 1.0,
                          "ScaleY": 1.0
                        },
                        "CColor": {},
                        "IconVisible": false,
                        "PrePosition": {
                          "X": 0.2804,
                          "Y": 0.7435
                        },
                        "PreSize": {
                          "X": 0.7724,
                          "Y": 0.7787
                        },
                        "LeftMargin": -13.0131,
                        "RightMargin": 41.0131,
                        "TopMargin": -16.2065,
                        "BottomMargin": 43.2065,
                        "Tag": 175,
                        "ActionTag": 1306676159,
                        "Size": {
                          "X": 95.0,
                          "Y": 95.0
                        },
                        "Name": "xianmian",
                        "ctype": "SpriteObjectData"
                      }
                    ],
                    "ActionTag": 162600490,
                    "Size": {
                      "X": 123.0,
                      "Y": 122.0
                    },
                    "Name": "emoji10",
                    "ctype": "SpriteObjectData"
                  }
                ],
                "ActionTag": 1084493223,
                "Size": {
                  "X": 900.0,
                  "Y": 500.0
                },
                "Name": "panel",
                "ctype": "ImageViewObjectData"
              }
            ],
            "ActionTag": -33404820,
            "Size": {
              "X": 1280.0,
              "Y": 720.0
            },
            "Name": "root",
            "ctype": "PanelObjectData"
          }
        ],
        "Size": {
          "X": 960.0,
          "Y": 640.0
        },
        "Name": "Scene",
        "ctype": "SingleNodeObjectData"
      },
      "UsedResources": [
        "../../appCommon/fydp/common/player_info_bg.png",
        "../../appCommon/fydp/common/transparent/transparent_1280x720.png",
        "../../image/fonts/FZZY.TTF",
        "../../image/ui/animationtalk/effect_emoji_bomb.png",
        "../../image/ui/animationtalk/effect_emoji_dapao.png",
        "../../image/ui/animationtalk/effect_emoji_di.png",
        "../../image/ui/animationtalk/effect_emoji_egg.png",
        "../../image/ui/animationtalk/effect_emoji_flower.png",
        "../../image/ui/animationtalk/effect_emoji_good.png",
        "../../image/ui/animationtalk/effect_emoji_jiatelin.png",
        "../../image/ui/animationtalk/effect_emoji_shoe.png",
        "../../image/ui/animationtalk/gongjian.png",
        "../../image/ui/animationtalk/maobi.png",
        "../../image/ui/animationtalk/xianmian.png",
        "../../image/ui/animationtalk/zhayao.png",
        "../../image/ui/head/head_132x132.png",
        "../../image/ui/head/transparent_132x132.png",
        "../../image/ui/room/female.png",
        "../../image/ui/room/laba.png",
        "../../image/ui/room/male.png"
      ],
      "ctype": "GameFileData"
    }
  },
  "Type": "Scene"
}