{
  "ID": "f685c306-4fab-4824-abe0-6a1919d9228d",
  "Version": "2.3.4",
  "Name": "ShareTypeLayer",
  "Content": {
    "Content": {
      "Animation": {
        "Duration": 0,
        "Speed": 1.0,
        "Timelines": [],
        "ctype": "TimelineActionData"
      },
      "AnimationList": [],
      "ObjectData": {
        "Tag": 323,
        "Children": [
          {
            "ClipAble": false,
            "BackColorAlpha": 127,
            "SingleColor": {
              "R": 0,
              "G": 0,
              "B": 0
            },
            "FirstColor": {
              "R": 150,
              "G": 200
            },
            "EndColor": {},
            "ColorVector": {
              "ScaleY": 1.0
            },
            "Scale9Width": 1,
            "Scale9Height": 1,
            "AnchorPoint": {},
            "Position": {
              "X": 0.0,
              "Y": 0.0
            },
            "Scale": {
              "ScaleX": 1.0,
              "ScaleY": 1.0
            },
            "CColor": {},
            "IconVisible": false,
            "PositionPercentXEnabled": true,
            "PositionPercentYEnabled": true,
            "PrePosition": {
              "X": 0.0,
              "Y": 0.0
            },
            "PercentWidthEnable": true,
            "PercentHeightEnable": true,
            "PercentWidthEnabled": true,
            "PercentHeightEnabled": true,
            "PreSize": {
              "X": 1.0,
              "Y": 1.0
            },
            "Tag": 37,
            "Children": [
              {
                "FileData": {
                  "Type": "Normal",
                  "Path": "image/ui/common/shareTypes_bg.png",
                  "Plist": ""
                },
                "Scale9OriginX": 46,
                "Scale9OriginY": 63,
                "Scale9Width": 600,
                "Scale9Height": 295,
                "AnchorPoint": {
                  "ScaleX": 0.5,
                  "ScaleY": 0.5
                },
                "Position": {
                  "X": 640.0,
                  "Y": 399.4394
                },
                "Scale": {
                  "ScaleX": 1.0,
                  "ScaleY": 1.0
                },
                "CColor": {},
                "IconVisible": false,
                "PrePosition": {
                  "X": 0.5,
                  "Y": 0.5548
                },
                "PreSize": {
                  "X": 0.5406,
                  "Y": 0.5847
                },
                "LeftMargin": 294.0,
                "RightMargin": 294.0,
                "TopMargin": 110.0606,
                "BottomMargin": 188.9394,
                "Tag": 1234,
                "Children": [
                  {
                    "FileData": {
                      "Type": "Normal",
                      "Path": "image/ui/common/share_title.png",
                      "Plist": ""
                    },
                    "BlendFunc": {
                      "Src": 1,
                      "Dst": 771
                    },
                    "AnchorPoint": {
                      "ScaleX": 0.5,
                      "ScaleY": 0.5
                    },
                    "Position": {
                      "X": 345.5551,
                      "Y": 381.0
                    },
                    "Scale": {
                      "ScaleX": 1.0,
                      "ScaleY": 1.0
                    },
                    "CColor": {},
                    "IconVisible": false,
                    "PrePosition": {
                      "X": 0.4994,
                      "Y": 0.905
                    },
                    "PreSize": {
                      "X": 0.159,
                      "Y": 0.1259
                    },
                    "LeftMargin": 290.5551,
                    "RightMargin": 291.4449,
                    "TopMargin": 13.5,
                    "BottomMargin": 354.5,
                    "Tag": 118,
                    "ActionTag": 539075032,
                    "Size": {
                      "X": 110.0,
                      "Y": 53.0
                    },
                    "Name": "title",
                    "ctype": "SpriteObjectData"
                  }
                ],
                "ActionTag": 1747472995,
                "Size": {
                  "X": 692.0,
                  "Y": 421.0
                },
                "Name": "viewbg",
                "ctype": "ImageViewObjectData"
              },
              {
                "FontSize": 32,
                "LabelText": "好友/群",
                "FontResource": {
                  "Type": "Normal",
                  "Path": "image/fonts/FZZY.TTF",
                  "Plist": ""
                },
                "HorizontalAlignmentType": "HT_Center",
                "VerticalAlignmentType": "VT_Center",
                "OutlineColor": {
                  "G": 0,
                  "B": 0
                },
                "ShadowColor": {
                  "R": 110,
                  "G": 110,
                  "B": 110
                },
                "ShadowOffsetX": 2.0,
                "ShadowOffsetY": -2.0,
                "AnchorPoint": {
                  "ScaleX": 0.5,
                  "ScaleY": 0.5
                },
                "Position": {
                  "X": 435.2,
                  "Y": 457.3
                },
                "Scale": {
                  "ScaleX": 1.0,
                  "ScaleY": 1.0
                },
                "CColor": {
                  "R": 175,
                  "G": 133,
                  "B": 108
                },
                "IconVisible": false,
                "PositionPercentXEnabled": true,
                "PrePosition": {
                  "X": 0.34,
                  "Y": 0.6351
                },
                "PreSize": {
                  "X": 0.0875,
                  "Y": 0.05
                },
                "LeftMargin": 379.2,
                "RightMargin": 788.8,
                "TopMargin": 244.7,
                "BottomMargin": 439.3,
                "Tag": 606,
                "ActionTag": -301181192,
                "Size": {
                  "X": 112.0,
                  "Y": 36.0
                },
                "Name": "Text_10",
                "ctype": "TextObjectData"
              },
              {
                "FontSize": 30,
                "LabelText": "钉钉",
                "FontResource": {
                  "Type": "Normal",
                  "Path": "image/fonts/FZZY.TTF",
                  "Plist": ""
                },
                "OutlineColor": {
                  "G": 0,
                  "B": 0
                },
                "ShadowColor": {
                  "R": 110,
                  "G": 110,
                  "B": 110
                },
                "ShadowOffsetX": 2.0,
                "ShadowOffsetY": -2.0,
                "AnchorPoint": {
                  "ScaleX": 0.5,
                  "ScaleY": 0.5
                },
                "Position": {
                  "X": 514.267,
                  "Y": 334.045
                },
                "Scale": {
                  "ScaleX": 1.0,
                  "ScaleY": 1.0
                },
                "CColor": {
                  "R": 197,
                  "G": 213
                },
                "IconVisible": false,
                "PrePosition": {
                  "X": 0.4018,
                  "Y": 0.464
                },
                "PreSize": {
                  "X": 0.0492,
                  "Y": 0.0472
                },
                "LeftMargin": 482.767,
                "RightMargin": 734.233,
                "TopMargin": 368.955,
                "BottomMargin": 317.045,
                "Tag": 619,
                "ActionTag": 1940538377,
                "Size": {
                  "X": 63.0,
                  "Y": 34.0
                },
                "VisibleForFrame": false,
                "Name": "Text_10_0",
                "ctype": "TextObjectData"
              },
              {
                "FontSize": 30,
                "LabelText": "QQ",
                "FontResource": {
                  "Type": "Normal",
                  "Path": "image/fonts/FZZY.TTF",
                  "Plist": ""
                },
                "OutlineColor": {
                  "G": 0,
                  "B": 0
                },
                "ShadowColor": {
                  "R": 110,
                  "G": 110,
                  "B": 110
                },
                "ShadowOffsetX": 2.0,
                "ShadowOffsetY": -2.0,
                "AnchorPoint": {
                  "ScaleX": 0.5,
                  "ScaleY": 0.5
                },
                "Position": {
                  "X": 630.2653,
                  "Y": 334.0447
                },
                "Scale": {
                  "ScaleX": 1.0,
                  "ScaleY": 1.0
                },
                "CColor": {
                  "R": 197,
                  "G": 213
                },
                "IconVisible": false,
                "PrePosition": {
                  "X": 0.4924,
                  "Y": 0.464
                },
                "PreSize": {
                  "X": 0.0352,
                  "Y": 0.0472
                },
                "LeftMargin": 607.7653,
                "RightMargin": 627.2347,
                "TopMargin": 368.9553,
                "BottomMargin": 317.0447,
                "Tag": 620,
                "ActionTag": -1957211953,
                "Size": {
                  "X": 45.0,
                  "Y": 34.0
                },
                "VisibleForFrame": false,
                "Name": "Text_10_1",
                "ctype": "TextObjectData"
              },
              {
                "FontSize": 32,
                "LabelText": "闲聊",
                "FontResource": {
                  "Type": "Normal",
                  "Path": "image/fonts/FZZY.TTF",
                  "Plist": ""
                },
                "HorizontalAlignmentType": "HT_Center",
                "VerticalAlignmentType": "VT_Center",
                "OutlineColor": {
                  "G": 0,
                  "B": 0
                },
                "ShadowColor": {
                  "R": 110,
                  "G": 110,
                  "B": 110
                },
                "ShadowOffsetX": 2.0,
                "ShadowOffsetY": -2.0,
                "AnchorPoint": {
                  "ScaleX": 0.5,
                  "ScaleY": 0.5
                },
                "Position": {
                  "X": 640.0,
                  "Y": 457.3
                },
                "Scale": {
                  "ScaleX": 1.0,
                  "ScaleY": 1.0
                },
                "CColor": {
                  "R": 175,
                  "G": 133,
                  "B": 108
                },
                "IconVisible": false,
                "PositionPercentXEnabled": true,
                "PrePosition": {
                  "X": 0.5,
                  "Y": 0.6351
                },
                "PreSize": {
                  "X": 0.0516,
                  "Y": 0.05
                },
                "LeftMargin": 607.0,
                "RightMargin": 607.0,
                "TopMargin": 244.7,
                "BottomMargin": 439.3,
                "Tag": 621,
                "ActionTag": -996518959,
                "Size": {
                  "X": 66.0,
                  "Y": 36.0
                },
                "Name": "Text_10_2",
                "ctype": "TextObjectData"
              },
              {
                "FontSize": 32,
                "LabelText": "聊呗",
                "FontResource": {
                  "Type": "Normal",
                  "Path": "image/fonts/FZZY.TTF",
                  "Plist": ""
                },
                "HorizontalAlignmentType": "HT_Center",
                "VerticalAlignmentType": "VT_Center",
                "OutlineColor": {
                  "G": 0,
                  "B": 0
                },
                "ShadowColor": {
                  "R": 110,
                  "G": 110,
                  "B": 110
                },
                "ShadowOffsetX": 2.0,
                "ShadowOffsetY": -2.0,
                "AnchorPoint": {
                  "ScaleX": 0.5,
                  "ScaleY": 0.5
                },
                "Position": {
                  "X": 844.8,
                  "Y": 457.3
                },
                "Scale": {
                  "ScaleX": 1.0,
                  "ScaleY": 1.0
                },
                "CColor": {
                  "R": 175,
                  "G": 133,
                  "B": 108
                },
                "IconVisible": false,
                "PositionPercentXEnabled": true,
                "PrePosition": {
                  "X": 0.66,
                  "Y": 0.6351
                },
                "PreSize": {
                  "X": 0.0523,
                  "Y": 0.05
                },
                "LeftMargin": 811.3,
                "RightMargin": 401.7,
                "TopMargin": 244.7,
                "BottomMargin": 439.3,
                "Tag": 622,
                "ActionTag": -323173751,
                "Size": {
                  "X": 67.0,
                  "Y": 36.0
                },
                "Name": "Text_10_3",
                "ctype": "TextObjectData"
              },
              {
                "FontSize": 32,
                "LabelText": "朋友圈",
                "FontResource": {
                  "Type": "Normal",
                  "Path": "image/fonts/FZZY.TTF",
                  "Plist": ""
                },
                "HorizontalAlignmentType": "HT_Center",
                "VerticalAlignmentType": "VT_Center",
                "OutlineColor": {
                  "G": 0,
                  "B": 0
                },
                "ShadowColor": {
                  "R": 110,
                  "G": 110,
                  "B": 110
                },
                "ShadowOffsetX": 2.0,
                "ShadowOffsetY": -2.0,
                "AnchorPoint": {
                  "ScaleX": 0.5,
                  "ScaleY": 0.5
                },
                "Position": {
                  "X": 800.0,
                  "Y": 457.3
                },
                "Scale": {
                  "ScaleX": 1.0,
                  "ScaleY": 1.0
                },
                "CColor": {
                  "R": 175,
                  "G": 133,
                  "B": 108
                },
                "IconVisible": false,
                "PrePosition": {
                  "X": 0.625,
                  "Y": 0.6351
                },
                "PreSize": {
                  "X": 0.0766,
                  "Y": 0.05
                },
                "LeftMargin": 751.0,
                "RightMargin": 431.0,
                "TopMargin": 244.7,
                "BottomMargin": 439.3,
                "Tag": 120,
                "ActionTag": -1345371200,
                "Size": {
                  "X": 98.0,
                  "Y": 36.0
                },
                "VisibleForFrame": false,
                "Name": "Text_10_4",
                "ctype": "TextObjectData"
              },
              {
                "FileData": {
                  "Type": "Normal",
                  "Path": "image/ui/hall/btn_xianliao.png",
                  "Plist": ""
                },
                "BlendFunc": {
                  "Src": 1,
                  "Dst": 771
                },
                "AnchorPoint": {
                  "ScaleX": 0.5,
                  "ScaleY": 0.5
                },
                "Position": {
                  "X": 640.0,
                  "Y": 334.008
                },
                "Scale": {
                  "ScaleX": 1.0,
                  "ScaleY": 1.0
                },
                "CColor": {},
                "IconVisible": false,
                "PositionPercentXEnabled": true,
                "PositionPercentYEnabled": true,
                "PrePosition": {
                  "X": 0.5,
                  "Y": 0.4639
                },
                "PreSize": {
                  "X": 0.1148,
                  "Y": 0.2375
                },
                "LeftMargin": 566.5,
                "RightMargin": 566.5,
                "TopMargin": 300.492,
                "BottomMargin": 248.508,
                "Tag": 577,
                "ActionTag": -2059325318,
                "Size": {
                  "X": 147.0,
                  "Y": 171.0
                },
                "Name": "btn_xianliao",
                "ctype": "SpriteObjectData"
              },
              {
                "FileData": {
                  "Type": "Normal",
                  "Path": "image/ui/hall/btn_winxin.png",
                  "Plist": ""
                },
                "BlendFunc": {
                  "Src": 1,
                  "Dst": 771
                },
                "AnchorPoint": {
                  "ScaleX": 0.5,
                  "ScaleY": 0.5
                },
                "Position": {
                  "X": 435.2,
                  "Y": 334.008
                },
                "Scale": {
                  "ScaleX": 1.0,
                  "ScaleY": 1.0
                },
                "CColor": {},
                "IconVisible": false,
                "PositionPercentXEnabled": true,
                "PositionPercentYEnabled": true,
                "PrePosition": {
                  "X": 0.34,
                  "Y": 0.4639
                },
                "PreSize": {
                  "X": 0.1148,
                  "Y": 0.2375
                },
                "LeftMargin": 361.7,
                "RightMargin": 771.3,
                "TopMargin": 300.492,
                "BottomMargin": 248.508,
                "Tag": 576,
                "ActionTag": -932909699,
                "Size": {
                  "X": 147.0,
                  "Y": 171.0
                },
                "Name": "btn_winxin",
                "ctype": "SpriteObjectData"
              },
              {
                "FileData": {
                  "Type": "Normal",
                  "Path": "image/ui/hall/btn_qq_info.png",
                  "Plist": ""
                },
                "BlendFunc": {
                  "Src": 1,
                  "Dst": 771
                },
                "AnchorPoint": {
                  "ScaleX": 0.5,
                  "ScaleY": 0.5
                },
                "Position": {
                  "X": 638.2264,
                  "Y": 431.0231
                },
                "Scale": {
                  "ScaleX": 1.0,
                  "ScaleY": 1.0
                },
                "CColor": {},
                "IconVisible": false,
                "PrePosition": {
                  "X": 0.4986,
                  "Y": 0.5986
                },
                "PreSize": {
                  "X": 0.0812,
                  "Y": 0.1444
                },
                "LeftMargin": 586.2264,
                "RightMargin": 589.7736,
                "TopMargin": 236.9769,
                "BottomMargin": 379.0231,
                "Tag": 575,
                "ActionTag": 464125536,
                "Size": {
                  "X": 104.0,
                  "Y": 104.0
                },
                "VisibleForFrame": false,
                "Name": "btn_qq",
                "ctype": "SpriteObjectData"
              },
              {
                "FileData": {
                  "Type": "Normal",
                  "Path": "image/ui/hall/btn_liaobei.png",
                  "Plist": ""
                },
                "BlendFunc": {
                  "Src": 1,
                  "Dst": 771
                },
                "AnchorPoint": {
                  "ScaleX": 0.5,
                  "ScaleY": 0.5
                },
                "Position": {
                  "X": 844.8,
                  "Y": 334.008
                },
                "Scale": {
                  "ScaleX": 1.0,
                  "ScaleY": 1.0
                },
                "CColor": {},
                "IconVisible": false,
                "PositionPercentXEnabled": true,
                "PositionPercentYEnabled": true,
                "PrePosition": {
                  "X": 0.66,
                  "Y": 0.4639
                },
                "PreSize": {
                  "X": 0.1148,
                  "Y": 0.2375
                },
                "LeftMargin": 771.3,
                "RightMargin": 361.7,
                "TopMargin": 300.492,
                "BottomMargin": 248.508,
                "Tag": 574,
                "ActionTag": -1039362237,
                "Size": {
                  "X": 147.0,
                  "Y": 171.0
                },
                "Name": "btn_liaobei",
                "ctype": "SpriteObjectData"
              },
              {
                "FileData": {
                  "Type": "Normal",
                  "Path": "image/ui/hall/btn_dingding.png",
                  "Plist": ""
                },
                "BlendFunc": {
                  "Src": 1,
                  "Dst": 771
                },
                "AnchorPoint": {
                  "ScaleX": 0.5,
                  "ScaleY": 0.5
                },
                "Position": {
                  "X": 523.4665,
                  "Y": 431.0231
                },
                "Scale": {
                  "ScaleX": 1.0,
                  "ScaleY": 1.0
                },
                "CColor": {},
                "IconVisible": false,
                "PrePosition": {
                  "X": 0.409,
                  "Y": 0.5986
                },
                "PreSize": {
                  "X": 0.0812,
                  "Y": 0.1444
                },
                "LeftMargin": 471.4665,
                "RightMargin": 704.5335,
                "TopMargin": 236.9769,
                "BottomMargin": 379.0231,
                "Tag": 605,
                "ActionTag": -1955591023,
                "Size": {
                  "X": 104.0,
                  "Y": 104.0
                },
                "VisibleForFrame": false,
                "Name": "btn_dingding",
                "ctype": "SpriteObjectData"
              },
              {
                "FileData": {
                  "Type": "Normal",
                  "Path": "image/ui/hall/btn_winxinpyq.png",
                  "Plist": ""
                },
                "BlendFunc": {
                  "Src": 1,
                  "Dst": 771
                },
                "AnchorPoint": {
                  "ScaleX": 0.5,
                  "ScaleY": 0.5
                },
                "Position": {
                  "X": 800.0,
                  "Y": 334.0
                },
                "Scale": {
                  "ScaleX": 1.0,
                  "ScaleY": 1.0
                },
                "CColor": {},
                "IconVisible": false,
                "PrePosition": {
                  "X": 0.625,
                  "Y": 0.4639
                },
                "PreSize": {
                  "X": 0.1148,
                  "Y": 0.2375
                },
                "LeftMargin": 726.5,
                "RightMargin": 406.5,
                "TopMargin": 300.5,
                "BottomMargin": 248.5,
                "Tag": 119,
                "ActionTag": 2093519240,
                "Size": {
                  "X": 147.0,
                  "Y": 171.0
                },
                "VisibleForFrame": false,
                "Name": "btn_winxinpyq",
                "ctype": "SpriteObjectData"
              }
            ],
            "ActionTag": 1112948100,
            "Size": {
              "X": 1280.0,
              "Y": 720.0
            },
            "Name": "root",
            "ctype": "PanelObjectData"
          }
        ],
        "Size": {
          "X": 1280.0,
          "Y": 720.0
        },
        "Name": "Layer",
        "ctype": "LayerObjectData"
      },
      "UsedResources": [
        "../../image/fonts/FZZY.TTF",
        "../../image/ui/common/share_title.png",
        "../../image/ui/common/shareTypes_bg.png",
        "../../image/ui/hall/btn_dingding.png",
        "../../image/ui/hall/btn_liaobei.png",
        "../../image/ui/hall/btn_qq_info.png",
        "../../image/ui/hall/btn_winxin.png",
        "../../image/ui/hall/btn_winxinpyq.png",
        "../../image/ui/hall/btn_xianliao.png"
      ],
      "ctype": "GameFileData"
    }
  },
  "Type": "Layer"
}