{
  "ID": "f8bc76f4-ff67-4a10-9375-ba713a6cd65e",
  "Version": "2.3.4",
  "Name": "ShopLayer",
  "Content": {
    "Content": {
      "Animation": {
        "Duration": 0,
        "Speed": 1.0,
        "Timelines": [],
        "ctype": "TimelineActionData"
      },
      "AnimationList": [],
      "ObjectData": {
        "Tag": 193,
        "Children": [
          {
            "ClipAble": false,
            "BackColorAlpha": 153,
            "SingleColor": {
              "R": 0,
              "G": 0,
              "B": 0
            },
            "FirstColor": {
              "R": 150,
              "G": 200
            },
            "EndColor": {},
            "ColorVector": {
              "ScaleY": 1.0
            },
            "Scale9OriginX": -367,
            "Scale9OriginY": -225,
            "Scale9Width": 734,
            "Scale9Height": 450,
            "TouchEnable": true,
            "AnchorPoint": {},
            "Position": {
              "X": 0.0,
              "Y": 0.0
            },
            "Scale": {
              "ScaleX": 1.0,
              "ScaleY": 1.0
            },
            "CColor": {},
            "IconVisible": false,
            "PrePosition": {
              "X": 0.0,
              "Y": 0.0
            },
            "PreSize": {
              "X": 1.0,
              "Y": 1.0
            },
            "Tag": 194,
            "Children": [
              {
                "FileData": {
                  "Type": "Normal",
                  "Path": "image/ui/shop/shop_bg.png",
                  "Plist": ""
                },
                "BlendFunc": {
                  "Src": 1,
                  "Dst": 771
                },
                "AnchorPoint": {
                  "ScaleX": 0.5,
                  "ScaleY": 0.5
                },
                "Position": {
                  "X": 640.0,
                  "Y": 360.0
                },
                "Scale": {
                  "ScaleX": 0.9,
                  "ScaleY": 0.9
                },
                "CColor": {},
                "IconVisible": false,
                "PositionPercentXEnabled": true,
                "PositionPercentYEnabled": true,
                "PrePosition": {
                  "X": 0.5,
                  "Y": 0.5
                },
                "PreSize": {
                  "X": 0.7266,
                  "Y": 0.9236
                },
                "LeftMargin": 175.0,
                "RightMargin": 175.0,
                "TopMargin": 27.5,
                "BottomMargin": 27.5,
                "Tag": 195,
                "ActionTag": -372800364,
                "Size": {
                  "X": 930.0,
                  "Y": 665.0
                },
                "Name": "bg",
                "ctype": "SpriteObjectData"
              },
              {
                "FileData": {
                  "Type": "Normal",
                  "Path": "image/ui/room/btClose.png",
                  "Plist": ""
                },
                "BlendFunc": {
                  "Src": 1,
                  "Dst": 771
                },
                "AnchorPoint": {
                  "ScaleX": 0.5,
                  "ScaleY": 0.5
                },
                "Position": {
                  "X": 974.5495,
                  "Y": 608.6055
                },
                "Scale": {
                  "ScaleX": 1.2,
                  "ScaleY": 1.2
                },
                "CColor": {},
                "IconVisible": false,
                "PrePosition": {
                  "X": 0.7614,
                  "Y": 0.8453
                },
                "PreSize": {
                  "X": 0.0602,
                  "Y": 0.1042
                },
                "LeftMargin": 936.0495,
                "RightMargin": 266.9505,
                "TopMargin": 73.8945,
                "BottomMargin": 571.1055,
                "Tag": 196,
                "ActionTag": 368238018,
                "Size": {
                  "X": 77.0,
                  "Y": 75.0
                },
                "Name": "close",
                "ctype": "SpriteObjectData"
              },
              {
                "FileData": {
                  "Type": "Normal",
                  "Path": "image/ui/shop/shop_ljgm.png",
                  "Plist": ""
                },
                "BlendFunc": {
                  "Src": 1,
                  "Dst": 771
                },
                "AnchorPoint": {
                  "ScaleX": 0.5,
                  "ScaleY": 0.5
                },
                "Position": {
                  "X": 640.0,
                  "Y": 102.652
                },
                "Scale": {
                  "ScaleX": 1.0,
                  "ScaleY": 1.0
                },
                "CColor": {},
                "IconVisible": false,
                "PrePosition": {
                  "X": 0.5,
                  "Y": 0.1426
                },
                "PreSize": {
                  "X": 0.1836,
                  "Y": 0.1167
                },
                "LeftMargin": 522.5,
                "RightMargin": 522.5,
                "TopMargin": 575.348,
                "BottomMargin": 60.652,
                "Tag": 198,
                "ActionTag": -28853029,
                "Size": {
                  "X": 235.0,
                  "Y": 84.0
                },
                "Name": "buy",
                "ctype": "SpriteObjectData"
              },
              {
                "FileData": {
                  "Type": "Normal",
                  "Path": "image/ui/shop/shop_fk3.png",
                  "Plist": ""
                },
                "BlendFunc": {
                  "Src": 1,
                  "Dst": 771
                },
                "AnchorPoint": {
                  "ScaleX": 0.5,
                  "ScaleY": 0.5
                },
                "Position": {
                  "X": 904.1824,
                  "Y": 371.8591
                },
                "Scale": {
                  "ScaleX": 1.0,
                  "ScaleY": 1.0
                },
                "CColor": {},
                "IconVisible": false,
                "PrePosition": {
                  "X": 0.7064,
                  "Y": 0.5165
                },
                "PreSize": {
                  "X": 0.1539,
                  "Y": 0.1931
                },
                "LeftMargin": 805.6824,
                "RightMargin": 277.3176,
                "TopMargin": 278.6409,
                "BottomMargin": 302.3591,
                "Tag": 199,
                "Children": [
                  {
                    "FileData": {
                      "Type": "Normal",
                      "Path": "image/ui/shop/shop_light.png",
                      "Plist": ""
                    },
                    "BlendFunc": {
                      "Src": 1,
                      "Dst": 771
                    },
                    "AnchorPoint": {
                      "ScaleX": 0.5,
                      "ScaleY": 0.5
                    },
                    "Position": {
                      "X": 98.9786,
                      "Y": 43.8994
                    },
                    "Scale": {
                      "ScaleX": 1.0,
                      "ScaleY": 1.0
                    },
                    "CColor": {},
                    "IconVisible": false,
                    "PositionPercentXEnabled": true,
                    "PositionPercentYEnabled": true,
                    "PrePosition": {
                      "X": 0.5024,
                      "Y": 0.3158
                    },
                    "PreSize": {
                      "X": 1.4467,
                      "Y": 2.6403
                    },
                    "LeftMargin": -43.5214,
                    "RightMargin": -44.4786,
                    "TopMargin": -88.3994,
                    "BottomMargin": -139.6006,
                    "Tag": 200,
                    "ActionTag": -711578671,
                    "Size": {
                      "X": 285.0,
                      "Y": 367.0
                    },
                    "Name": "light",
                    "ctype": "SpriteObjectData"
                  },
                  {
                    "FontSize": 38,
                    "LabelText": "房卡0000张",
                    "FontResource": {
                      "Type": "Default",
                      "Path": "",
                      "Plist": ""
                    },
                    "HorizontalAlignmentType": "HT_Center",
                    "VerticalAlignmentType": "VT_Center",
                    "OutlineColor": {
                      "R": 100,
                      "G": 57,
                      "B": 4
                    },
                    "ShadowColor": {
                      "R": 110,
                      "G": 110,
                      "B": 110
                    },
                    "ShadowOffsetX": 2.0,
                    "ShadowOffsetY": -2.0,
                    "AnchorPoint": {
                      "ScaleX": 0.5,
                      "ScaleY": 0.5
                    },
                    "Position": {
                      "X": 100.3134,
                      "Y": 179.3055
                    },
                    "Scale": {
                      "ScaleX": 1.0,
                      "ScaleY": 1.0
                    },
                    "CColor": {
                      "R": 237,
                      "G": 109,
                      "B": 52
                    },
                    "IconVisible": false,
                    "PositionPercentXEnabled": true,
                    "PrePosition": {
                      "X": 0.5092,
                      "Y": 1.29
                    },
                    "PreSize": {
                      "X": 1.0102,
                      "Y": 0.3094
                    },
                    "LeftMargin": 0.8134,
                    "RightMargin": -2.8134,
                    "TopMargin": -61.8055,
                    "BottomMargin": 157.8055,
                    "Tag": 201,
                    "ActionTag": 963847047,
                    "Size": {
                      "X": 199.0,
                      "Y": 43.0
                    },
                    "Name": "card",
                    "ctype": "TextObjectData"
                  },
                  {
                    "FontSize": 38,
                    "LabelText": "0000元",
                    "FontResource": {
                      "Type": "Default",
                      "Path": "",
                      "Plist": ""
                    },
                    "HorizontalAlignmentType": "HT_Center",
                    "VerticalAlignmentType": "VT_Center",
                    "OutlineColor": {
                      "B": 0
                    },
                    "ShadowColor": {
                      "R": 110,
                      "G": 110,
                      "B": 110
                    },
                    "ShadowOffsetX": 2.0,
                    "ShadowOffsetY": -2.0,
                    "AnchorPoint": {
                      "ScaleX": 0.5456,
                      "ScaleY": 0.378
                    },
                    "Position": {
                      "X": 102.8526,
                      "Y": -90.0556
                    },
                    "Scale": {
                      "ScaleX": 1.0,
                      "ScaleY": 1.0
                    },
                    "CColor": {
                      "R": 207,
                      "G": 75,
                      "B": 17
                    },
                    "IconVisible": false,
                    "PositionPercentXEnabled": true,
                    "PrePosition": {
                      "X": 0.5221,
                      "Y": -0.6479
                    },
                    "PreSize": {
                      "X": 0.6244,
                      "Y": 0.3094
                    },
                    "LeftMargin": 35.7438,
                    "RightMargin": 38.2562,
                    "TopMargin": 202.3096,
                    "BottomMargin": -106.3096,
                    "Tag": 202,
                    "ActionTag": 752439576,
                    "Size": {
                      "X": 123.0,
                      "Y": 43.0
                    },
                    "Name": "money",
                    "ctype": "TextObjectData"
                  }
                ],
                "ActionTag": -704800501,
                "Size": {
                  "X": 197.0,
                  "Y": 139.0
                },
                "Name": "fk3",
                "ctype": "SpriteObjectData"
              },
              {
                "FileData": {
                  "Type": "Normal",
                  "Path": "image/ui/shop/shop_fk2.png",
                  "Plist": ""
                },
                "BlendFunc": {
                  "Src": 1,
                  "Dst": 771
                },
                "AnchorPoint": {
                  "ScaleX": 0.5,
                  "ScaleY": 0.5
                },
                "Position": {
                  "X": 633.5491,
                  "Y": 373.1934
                },
                "Scale": {
                  "ScaleX": 1.0,
                  "ScaleY": 1.0
                },
                "CColor": {},
                "IconVisible": false,
                "PrePosition": {
                  "X": 0.495,
                  "Y": 0.5183
                },
                "PreSize": {
                  "X": 0.1461,
                  "Y": 0.1917
                },
                "LeftMargin": 540.0491,
                "RightMargin": 552.9509,
                "TopMargin": 277.8066,
                "BottomMargin": 304.1934,
                "Tag": 203,
                "Children": [
                  {
                    "FileData": {
                      "Type": "Normal",
                      "Path": "image/ui/shop/shop_light.png",
                      "Plist": ""
                    },
                    "BlendFunc": {
                      "Src": 1,
                      "Dst": 771
                    },
                    "AnchorPoint": {
                      "ScaleX": 0.5,
                      "ScaleY": 0.5
                    },
                    "Position": {
                      "X": 101.6474,
                      "Y": 38.5617
                    },
                    "Scale": {
                      "ScaleX": 1.0,
                      "ScaleY": 1.0
                    },
                    "CColor": {},
                    "IconVisible": false,
                    "PositionPercentXEnabled": true,
                    "PositionPercentYEnabled": true,
                    "PrePosition": {
                      "X": 0.5436,
                      "Y": 0.2794
                    },
                    "PreSize": {
                      "X": 1.5241,
                      "Y": 2.6594
                    },
                    "LeftMargin": -40.8526,
                    "RightMargin": -57.1474,
                    "TopMargin": -84.0617,
                    "BottomMargin": -144.9383,
                    "Tag": 204,
                    "ActionTag": -889381088,
                    "Size": {
                      "X": 285.0,
                      "Y": 367.0
                    },
                    "Name": "light",
                    "ctype": "SpriteObjectData"
                  },
                  {
                    "FontSize": 38,
                    "LabelText": "房卡0000张",
                    "FontResource": {
                      "Type": "Default",
                      "Path": "",
                      "Plist": ""
                    },
                    "HorizontalAlignmentType": "HT_Center",
                    "VerticalAlignmentType": "VT_Center",
                    "OutlineColor": {
                      "R": 100,
                      "G": 57,
                      "B": 4
                    },
                    "ShadowColor": {
                      "R": 110,
                      "G": 110,
                      "B": 110
                    },
                    "ShadowOffsetX": 2.0,
                    "ShadowOffsetY": -2.0,
                    "AnchorPoint": {
                      "ScaleX": 0.5,
                      "ScaleY": 0.5
                    },
                    "Position": {
                      "X": 92.3072,
                      "Y": 175.3019
                    },
                    "Scale": {
                      "ScaleX": 1.0,
                      "ScaleY": 1.0
                    },
                    "CColor": {
                      "R": 237,
                      "G": 109,
                      "B": 52
                    },
                    "IconVisible": false,
                    "PositionPercentXEnabled": true,
                    "PrePosition": {
                      "X": 0.4936,
                      "Y": 1.2703
                    },
                    "PreSize": {
                      "X": 1.0642,
                      "Y": 0.3116
                    },
                    "LeftMargin": -7.1928,
                    "RightMargin": -4.8072,
                    "TopMargin": -58.8019,
                    "BottomMargin": 153.8019,
                    "Tag": 205,
                    "ActionTag": -1523764258,
                    "Size": {
                      "X": 199.0,
                      "Y": 43.0
                    },
                    "Name": "card",
                    "ctype": "TextObjectData"
                  },
                  {
                    "FontSize": 38,
                    "LabelText": "0000元",
                    "FontResource": {
                      "Type": "Default",
                      "Path": "",
                      "Plist": ""
                    },
                    "HorizontalAlignmentType": "HT_Center",
                    "VerticalAlignmentType": "VT_Center",
                    "OutlineColor": {
                      "B": 0
                    },
                    "ShadowColor": {
                      "R": 110,
                      "G": 110,
                      "B": 110
                    },
                    "ShadowOffsetX": 2.0,
                    "ShadowOffsetY": -2.0,
                    "AnchorPoint": {
                      "ScaleX": 0.5,
                      "ScaleY": 0.5
                    },
                    "Position": {
                      "X": 92.1654,
                      "Y": -92.8127
                    },
                    "Scale": {
                      "ScaleX": 1.0,
                      "ScaleY": 1.0
                    },
                    "CColor": {
                      "R": 207,
                      "G": 75,
                      "B": 17
                    },
                    "IconVisible": false,
                    "PositionPercentXEnabled": true,
                    "PrePosition": {
                      "X": 0.4929,
                      "Y": -0.6726
                    },
                    "PreSize": {
                      "X": 0.6578,
                      "Y": 0.3116
                    },
                    "LeftMargin": 30.6654,
                    "RightMargin": 33.3346,
                    "TopMargin": 209.3127,
                    "BottomMargin": -114.3127,
                    "Tag": 206,
                    "ActionTag": -1432637278,
                    "Size": {
                      "X": 123.0,
                      "Y": 43.0
                    },
                    "Name": "money",
                    "ctype": "TextObjectData"
                  }
                ],
                "ActionTag": 1178238704,
                "Size": {
                  "X": 187.0,
                  "Y": 138.0
                },
                "Name": "fk2",
                "ctype": "SpriteObjectData"
              },
              {
                "FileData": {
                  "Type": "Normal",
                  "Path": "image/ui/shop/shop_fk1.png",
                  "Plist": ""
                },
                "BlendFunc": {
                  "Src": 1,
                  "Dst": 771
                },
                "AnchorPoint": {
                  "ScaleX": 0.5,
                  "ScaleY": 0.5
                },
                "Position": {
                  "X": 380.269,
                  "Y": 354.5118
                },
                "Scale": {
                  "ScaleX": 1.0,
                  "ScaleY": 1.0
                },
                "CColor": {},
                "IconVisible": false,
                "PrePosition": {
                  "X": 0.2971,
                  "Y": 0.4924
                },
                "PreSize": {
                  "X": 0.1422,
                  "Y": 0.1889
                },
                "LeftMargin": 289.269,
                "RightMargin": 808.731,
                "TopMargin": 297.4882,
                "BottomMargin": 286.5118,
                "Tag": 207,
                "Children": [
                  {
                    "FileData": {
                      "Type": "Normal",
                      "Path": "image/ui/shop/shop_light.png",
                      "Plist": ""
                    },
                    "BlendFunc": {
                      "Src": 1,
                      "Dst": 771
                    },
                    "AnchorPoint": {
                      "ScaleX": 0.5,
                      "ScaleY": 0.5
                    },
                    "Position": {
                      "X": 92.307,
                      "Y": 57.2427
                    },
                    "Scale": {
                      "ScaleX": 1.0,
                      "ScaleY": 1.0
                    },
                    "CColor": {},
                    "IconVisible": false,
                    "PositionPercentXEnabled": true,
                    "PositionPercentYEnabled": true,
                    "PrePosition": {
                      "X": 0.5072,
                      "Y": 0.4209
                    },
                    "PreSize": {
                      "X": 1.5659,
                      "Y": 2.6985
                    },
                    "LeftMargin": -50.193,
                    "RightMargin": -52.807,
                    "TopMargin": -104.7427,
                    "BottomMargin": -126.2573,
                    "Tag": 208,
                    "ActionTag": 48831549,
                    "Size": {
                      "X": 285.0,
                      "Y": 367.0
                    },
                    "Name": "light",
                    "ctype": "SpriteObjectData"
                  },
                  {
                    "FontSize": 38,
                    "LabelText": "房卡0000张",
                    "FontResource": {
                      "Type": "Default",
                      "Path": "",
                      "Plist": ""
                    },
                    "HorizontalAlignmentType": "HT_Center",
                    "VerticalAlignmentType": "VT_Center",
                    "OutlineColor": {
                      "R": 100,
                      "G": 57,
                      "B": 4
                    },
                    "ShadowColor": {
                      "R": 110,
                      "G": 110,
                      "B": 110
                    },
                    "ShadowOffsetX": 2.0,
                    "ShadowOffsetY": -2.0,
                    "AnchorPoint": {
                      "ScaleX": 0.5,
                      "ScaleY": 0.5
                    },
                    "Position": {
                      "X": 84.3014,
                      "Y": 193.9828
                    },
                    "Scale": {
                      "ScaleX": 1.0,
                      "ScaleY": 1.0
                    },
                    "CColor": {
                      "R": 237,
                      "G": 109,
                      "B": 52
                    },
                    "IconVisible": false,
                    "PositionPercentXEnabled": true,
                    "PrePosition": {
                      "X": 0.4632,
                      "Y": 1.4263
                    },
                    "PreSize": {
                      "X": 1.0934,
                      "Y": 0.3162
                    },
                    "LeftMargin": -15.1986,
                    "RightMargin": -1.8014,
                    "TopMargin": -79.4828,
                    "BottomMargin": 172.4828,
                    "Tag": 209,
                    "ActionTag": -1273573040,
                    "Size": {
                      "X": 199.0,
                      "Y": 43.0
                    },
                    "Name": "card",
                    "ctype": "TextObjectData"
                  },
                  {
                    "FontSize": 38,
                    "LabelText": "0000元",
                    "FontResource": {
                      "Type": "Default",
                      "Path": "",
                      "Plist": ""
                    },
                    "HorizontalAlignmentType": "HT_Center",
                    "VerticalAlignmentType": "VT_Center",
                    "OutlineColor": {
                      "B": 0
                    },
                    "ShadowColor": {
                      "R": 110,
                      "G": 110,
                      "B": 110
                    },
                    "ShadowOffsetX": 2.0,
                    "ShadowOffsetY": -2.0,
                    "AnchorPoint": {
                      "ScaleX": 0.5,
                      "ScaleY": 0.5
                    },
                    "Position": {
                      "X": 88.3321,
                      "Y": -72.7977
                    },
                    "Scale": {
                      "ScaleX": 1.0,
                      "ScaleY": 1.0
                    },
                    "CColor": {
                      "R": 207,
                      "G": 75,
                      "B": 17
                    },
                    "IconVisible": false,
                    "PositionPercentXEnabled": true,
                    "PrePosition": {
                      "X": 0.4853,
                      "Y": -0.5353
                    },
                    "PreSize": {
                      "X": 0.6758,
                      "Y": 0.3162
                    },
                    "LeftMargin": 26.8321,
                    "RightMargin": 32.1679,
                    "TopMargin": 187.2977,
                    "BottomMargin": -94.2977,
                    "Tag": 210,
                    "ActionTag": -1675845335,
                    "Size": {
                      "X": 123.0,
                      "Y": 43.0
                    },
                    "Name": "money",
                    "ctype": "TextObjectData"
                  },
                  {
                    "FileData": {
                      "Type": "Normal",
                      "Path": "appCommon/fydp/common/transparent/transparent_64x64.png",
                      "Plist": ""
                    },
                    "Scale9Enable": true,
                    "Scale9OriginX": 21,
                    "Scale9OriginY": 21,
                    "Scale9Width": 22,
                    "Scale9Height": 22,
                    "AnchorPoint": {
                      "ScaleX": 0.5,
                      "ScaleY": 0.5
                    },
                    "Position": {
                      "X": 92.7303,
                      "Y": 56.7177
                    },
                    "Scale": {
                      "ScaleX": 1.0,
                      "ScaleY": 1.0
                    },
                    "CColor": {},
                    "IconVisible": false,
                    "PrePosition": {
                      "X": 0.5095,
                      "Y": 0.417
                    },
                    "PreSize": {
                      "X": 1.3187,
                      "Y": 2.2059
                    },
                    "LeftMargin": -27.2697,
                    "RightMargin": -30.7303,
                    "TopMargin": -70.7177,
                    "BottomMargin": -93.2823,
                    "Tag": 60,
                    "ActionTag": -2108280294,
                    "Size": {
                      "X": 240.0,
                      "Y": 300.0
                    },
                    "Name": "touch",
                    "ctype": "ImageViewObjectData"
                  }
                ],
                "ActionTag": -1069522278,
                "Size": {
                  "X": 182.0,
                  "Y": 136.0
                },
                "Name": "fk1",
                "ctype": "SpriteObjectData"
              }
            ],
            "ActionTag": 1811674520,
            "Size": {
              "X": 1280.0,
              "Y": 720.0
            },
            "Name": "root",
            "ctype": "PanelObjectData"
          },
          {
            "FileData": {
              "Type": "Normal",
              "Path": "image/ui/shop/title.png",
              "Plist": ""
            },
            "BlendFunc": {
              "Src": 1,
              "Dst": 771
            },
            "AnchorPoint": {
              "ScaleX": 0.5,
              "ScaleY": 0.5
            },
            "Position": {
              "X": 640.9163,
              "Y": 611.5759
            },
            "Scale": {
              "ScaleX": 1.0,
              "ScaleY": 1.0
            },
            "CColor": {},
            "IconVisible": false,
            "PrePosition": {
              "X": 0.5007,
              "Y": 0.8494
            },
            "PreSize": {
              "X": 0.0852,
              "Y": 0.0736
            },
            "LeftMargin": 586.4163,
            "RightMargin": 584.5837,
            "TopMargin": 81.9241,
            "BottomMargin": 585.0759,
            "Tag": 39,
            "ActionTag": 494790039,
            "Size": {
              "X": 109.0,
              "Y": 53.0
            },
            "Name": "title_1",
            "ctype": "SpriteObjectData"
          },
          {
            "FileData": {
              "Type": "Normal",
              "Path": "appCommon/fydp/common/transparent/transparent_64x64.png",
              "Plist": ""
            },
            "Scale9Enable": true,
            "Scale9OriginX": 21,
            "Scale9OriginY": 21,
            "Scale9Width": 22,
            "Scale9Height": 22,
            "AnchorPoint": {
              "ScaleX": 0.5,
              "ScaleY": 0.5
            },
            "Position": {
              "X": 380.2908,
              "Y": 340.2596
            },
            "Scale": {
              "ScaleX": 1.0,
              "ScaleY": 1.0
            },
            "CColor": {},
            "IconVisible": false,
            "PrePosition": {
              "X": 0.2971,
              "Y": 0.4726
            },
            "PreSize": {
              "X": 0.1875,
              "Y": 0.4167
            },
            "LeftMargin": 260.2908,
            "RightMargin": 779.7092,
            "TopMargin": 229.7404,
            "BottomMargin": 190.2596,
            "Tag": 59,
            "ActionTag": -1859053960,
            "Size": {
              "X": 240.0,
              "Y": 300.0
            },
            "Name": "touch1",
            "ctype": "ImageViewObjectData"
          },
          {
            "FileData": {
              "Type": "Normal",
              "Path": "appCommon/fydp/common/transparent/transparent_64x64.png",
              "Plist": ""
            },
            "Scale9Enable": true,
            "Scale9OriginX": 21,
            "Scale9OriginY": 21,
            "Scale9Width": 22,
            "Scale9Height": 22,
            "AnchorPoint": {
              "ScaleX": 0.5,
              "ScaleY": 0.5
            },
            "Position": {
              "X": 644.4774,
              "Y": 338.9408
            },
            "Scale": {
              "ScaleX": 1.0,
              "ScaleY": 1.0
            },
            "CColor": {},
            "IconVisible": false,
            "PrePosition": {
              "X": 0.5035,
              "Y": 0.4708
            },
            "PreSize": {
              "X": 0.1875,
              "Y": 0.4167
            },
            "LeftMargin": 524.4774,
            "RightMargin": 515.5226,
            "TopMargin": 231.0592,
            "BottomMargin": 188.9408,
            "Tag": 61,
            "ActionTag": 1465476492,
            "Size": {
              "X": 240.0,
              "Y": 300.0
            },
            "Name": "touch2",
            "ctype": "ImageViewObjectData"
          },
          {
            "FileData": {
              "Type": "Normal",
              "Path": "appCommon/fydp/common/transparent/transparent_64x64.png",
              "Plist": ""
            },
            "Scale9Enable": true,
            "Scale9OriginX": 21,
            "Scale9OriginY": 21,
            "Scale9Width": 22,
            "Scale9Height": 22,
            "AnchorPoint": {
              "ScaleX": 0.5,
              "ScaleY": 0.5
            },
            "Position": {
              "X": 906.6703,
              "Y": 342.2842
            },
            "Scale": {
              "ScaleX": 1.0,
              "ScaleY": 1.0
            },
            "CColor": {},
            "IconVisible": false,
            "PrePosition": {
              "X": 0.7083,
              "Y": 0.4754
            },
            "PreSize": {
              "X": 0.1875,
              "Y": 0.4167
            },
            "LeftMargin": 786.6703,
            "RightMargin": 253.3297,
            "TopMargin": 227.7158,
            "BottomMargin": 192.2842,
            "Tag": 83,
            "ActionTag": -1891242931,
            "Size": {
              "X": 240.0,
              "Y": 300.0
            },
            "Name": "touch3",
            "ctype": "ImageViewObjectData"
          }
        ],
        "Size": {
          "X": 1280.0,
          "Y": 720.0
        },
        "Name": "Scene",
        "ctype": "LayerObjectData"
      },
      "UsedResources": [
        "../../appCommon/fydp/common/transparent/transparent_64x64.png",
        "../../image/ui/room/btClose.png",
        "../../image/ui/shop/shop_bg.png",
        "../../image/ui/shop/shop_fk1.png",
        "../../image/ui/shop/shop_fk2.png",
        "../../image/ui/shop/shop_fk3.png",
        "../../image/ui/shop/shop_light.png",
        "../../image/ui/shop/shop_ljgm.png",
        "../../image/ui/shop/title.png"
      ],
      "ctype": "GameFileData"
    }
  },
  "Type": "Layer"
}