{
  "ID": "955915fc-969c-4230-9000-6eec71cea604",
  "Version": "3.10.0.0",
  "Name": "CreateTabList",
  "Content": {
    "Content": {
      "Animation": {
        "Duration": 0,
        "Speed": 1.0,
        "Timelines": [],
        "ctype": "TimelineActionData"
      },
      "AnimationList": [],
      "ObjectData": {
        "Tag": 220,
        "Children": [
          {
            "IsBounceEnabled": true,
            "InnerNodeSize": {
              "Width": 260,
              "Height": 800
            },
            "ScrollDirectionType": "Vertical",
            "ClipAble": true,
            "SingleColor": {
              "G": 150,
              "B": 100
            },
            "FirstColor": {
              "G": 150,
              "B": 100
            },
            "EndColor": {},
            "ColorVector": {
              "ScaleY": 1.0
            },
            "Scale9Width": 1,
            "Scale9Height": 1,
            "TouchEnable": true,
            "AnchorPoint": {},
            "Position": {
              "X": 0.0,
              "Y": 0.0
            },
            "Scale": {
              "ScaleX": 1.0,
              "ScaleY": 1.0
            },
            "CColor": {},
            "IconVisible": false,
            "PrePosition": {
              "X": 0.0,
              "Y": 0.0
            },
            "PreSize": {
              "X": 0.0,
              "Y": 0.0
            },
            "RightMargin": -260.0,
            "TopMargin": -600.0,
            "Tag": 337,
            "Children": [
              {
                "FileData": {
                  "Type": "Normal",
                  "Path": "image/ui/room2/create_btn1.png",
                  "Plist": ""
                },
                "BlendFunc": {
                  "Src": 1,
                  "Dst": 771
                },
                "AnchorPoint": {
                  "ScaleX": 0.5,
                  "ScaleY": 0.5
                },
                "Position": {
                  "X": 128.9989,
                  "Y": 644.5721
                },
                "Scale": {
                  "ScaleX": 1.0,
                  "ScaleY": 1.0
                },
                "CColor": {},
                "IconVisible": false,
                "PrePosition": {
                  "X": 0.4961,
                  "Y": 0.8057
                },
                "PreSize": {
                  "X": 0.8923,
                  "Y": 0.1175
                },
                "LeftMargin": 12.9989,
                "RightMargin": 15.0011,
                "TopMargin": 108.4279,
                "BottomMargin": 597.5721,
                "Tag": 528,
                "Children": [
                  {
                    "FileData": {
                      "Type": "Normal",
                      "Path": "image/ui/room2/create_btn1_1.png",
                      "Plist": ""
                    },
                    "BlendFunc": {
                      "Src": 1,
                      "Dst": 771
                    },
                    "AnchorPoint": {
                      "ScaleX": 0.5,
                      "ScaleY": 0.5
                    },
                    "Position": {
                      "X": 125.6,
                      "Y": 47.0
                    },
                    "Scale": {
                      "ScaleX": 1.0,
                      "ScaleY": 1.0
                    },
                    "CColor": {},
                    "IconVisible": false,
                    "PrePosition": {
                      "X": 0.5414,
                      "Y": 0.5
                    },
                    "PreSize": {
                      "X": 1.0991,
                      "Y": 1.0319
                    },
                    "LeftMargin": -1.9,
                    "RightMargin": -21.1,
                    "TopMargin": -1.5,
                    "BottomMargin": -1.5,
                    "Tag": 529,
                    "ActionTag": -254765926,
                    "Size": {
                      "X": 255.0,
                      "Y": 97.0
                    },
                    "VisibleForFrame": false,
                    "Name": "foucs",
                    "ctype": "SpriteObjectData"
                  },
                  {
                    "FileData": {
                      "Type": "Normal",
                      "Path": "appCommon/fydp/common/notice_xm.png",
                      "Plist": ""
                    },
                    "BlendFunc": {
                      "Src": 1,
                      "Dst": 771
                    },
                    "AnchorPoint": {
                      "ScaleX": 0.5,
                      "ScaleY": 0.5
                    },
                    "Position": {
                      "X": 38.9999,
                      "Y": 60.9998
                    },
                    "Scale": {
                      "ScaleX": 1.0,
                      "ScaleY": 1.0
                    },
                    "CColor": {},
                    "IconVisible": false,
                    "PrePosition": {
                      "X": 0.1681,
                      "Y": 0.6489
                    },
                    "PreSize": {
                      "X": 0.4095,
                      "Y": 1.0106
                    },
                    "LeftMargin": -8.5001,
                    "RightMargin": 145.5001,
                    "TopMargin": -14.4998,
                    "BottomMargin": 13.4998,
                    "Tag": 530,
                    "ActionTag": 99521861,
                    "Size": {
                      "X": 95.0,
                      "Y": 95.0
                    },
                    "VisibleForFrame": false,
                    "Name": "xm",
                    "ctype": "SpriteObjectData"
                  }
                ],
                "ActionTag": -1091055784,
                "Size": {
                  "X": 232.0,
                  "Y": 94.0
                },
                "Name": "btn_1",
                "ctype": "SpriteObjectData"
              },
              {
                "FileData": {
                  "Type": "Normal",
                  "Path": "image/ui/room2/create_btn12.png",
                  "Plist": ""
                },
                "BlendFunc": {
                  "Src": 1,
                  "Dst": 771
                },
                "AnchorPoint": {
                  "ScaleX": 0.5,
                  "ScaleY": 0.5
                },
                "Position": {
                  "X": 128.9989,
                  "Y": 545.4769
                },
                "Scale": {
                  "ScaleX": 1.0,
                  "ScaleY": 1.0
                },
                "CColor": {},
                "IconVisible": false,
                "PrePosition": {
                  "X": 0.4961,
                  "Y": 0.6818
                },
                "PreSize": {
                  "X": 0.8923,
                  "Y": 0.1175
                },
                "LeftMargin": 12.9989,
                "RightMargin": 15.0011,
                "TopMargin": 207.5231,
                "BottomMargin": 498.4769,
                "Tag": 531,
                "Children": [
                  {
                    "FileData": {
                      "Type": "Normal",
                      "Path": "image/ui/room2/create_btn12_1.png",
                      "Plist": ""
                    },
                    "BlendFunc": {
                      "Src": 1,
                      "Dst": 771
                    },
                    "AnchorPoint": {
                      "ScaleX": 0.5,
                      "ScaleY": 0.5
                    },
                    "Position": {
                      "X": 125.6,
                      "Y": 47.0
                    },
                    "Scale": {
                      "ScaleX": 1.0,
                      "ScaleY": 1.0
                    },
                    "CColor": {},
                    "IconVisible": false,
                    "PrePosition": {
                      "X": 0.5414,
                      "Y": 0.5
                    },
                    "PreSize": {
                      "X": 1.0991,
                      "Y": 1.0319
                    },
                    "LeftMargin": -1.9,
                    "RightMargin": -21.1,
                    "TopMargin": -1.5,
                    "BottomMargin": -1.5,
                    "Tag": 532,
                    "ActionTag": 1899588989,
                    "Size": {
                      "X": 255.0,
                      "Y": 97.0
                    },
                    "VisibleForFrame": false,
                    "Name": "foucs",
                    "ctype": "SpriteObjectData"
                  },
                  {
                    "FileData": {
                      "Type": "Normal",
                      "Path": "appCommon/fydp/common/notice_xm.png",
                      "Plist": ""
                    },
                    "BlendFunc": {
                      "Src": 1,
                      "Dst": 771
                    },
                    "AnchorPoint": {
                      "ScaleX": 0.5,
                      "ScaleY": 0.5
                    },
                    "Position": {
                      "X": 38.9999,
                      "Y": 60.9998
                    },
                    "Scale": {
                      "ScaleX": 1.0,
                      "ScaleY": 1.0
                    },
                    "CColor": {},
                    "IconVisible": false,
                    "PrePosition": {
                      "X": 0.1681,
                      "Y": 0.6489
                    },
                    "PreSize": {
                      "X": 0.4095,
                      "Y": 1.0106
                    },
                    "LeftMargin": -8.5001,
                    "RightMargin": 145.5001,
                    "TopMargin": -14.4998,
                    "BottomMargin": 13.4998,
                    "Tag": 533,
                    "ActionTag": 36321221,
                    "Size": {
                      "X": 95.0,
                      "Y": 95.0
                    },
                    "VisibleForFrame": false,
                    "Name": "xm",
                    "ctype": "SpriteObjectData"
                  }
                ],
                "ActionTag": 1374117624,
                "Size": {
                  "X": 232.0,
                  "Y": 94.0
                },
                "Name": "btn_12",
                "ctype": "SpriteObjectData"
              },
              {
                "FileData": {
                  "Type": "Normal",
                  "Path": "image/ui/room2/create_btn13.png",
                  "Plist": ""
                },
                "BlendFunc": {
                  "Src": 1,
                  "Dst": 771
                },
                "AnchorPoint": {
                  "ScaleX": 0.5,
                  "ScaleY": 0.5
                },
                "Position": {
                  "X": 128.9989,
                  "Y": 446.3815
                },
                "Scale": {
                  "ScaleX": 1.0,
                  "ScaleY": 1.0
                },
                "CColor": {},
                "IconVisible": false,
                "PrePosition": {
                  "X": 0.4961,
                  "Y": 0.558
                },
                "PreSize": {
                  "X": 0.8923,
                  "Y": 0.1175
                },
                "LeftMargin": 12.9989,
                "RightMargin": 15.0011,
                "TopMargin": 306.6185,
                "BottomMargin": 399.3815,
                "Tag": 534,
                "Children": [
                  {
                    "FileData": {
                      "Type": "Normal",
                      "Path": "image/ui/room2/create_btn13_1.png",
                      "Plist": ""
                    },
                    "BlendFunc": {
                      "Src": 1,
                      "Dst": 771
                    },
                    "AnchorPoint": {
                      "ScaleX": 0.5,
                      "ScaleY": 0.5
                    },
                    "Position": {
                      "X": 125.6,
                      "Y": 47.0
                    },
                    "Scale": {
                      "ScaleX": 1.0,
                      "ScaleY": 1.0
                    },
                    "CColor": {},
                    "IconVisible": false,
                    "PrePosition": {
                      "X": 0.5414,
                      "Y": 0.5
                    },
                    "PreSize": {
                      "X": 1.0991,
                      "Y": 1.0319
                    },
                    "LeftMargin": -1.9,
                    "RightMargin": -21.1,
                    "TopMargin": -1.5,
                    "BottomMargin": -1.5,
                    "Tag": 535,
                    "ActionTag": 1358048523,
                    "Size": {
                      "X": 255.0,
                      "Y": 97.0
                    },
                    "VisibleForFrame": false,
                    "Name": "foucs",
                    "ctype": "SpriteObjectData"
                  },
                  {
                    "FileData": {
                      "Type": "Normal",
                      "Path": "appCommon/fydp/common/notice_xm.png",
                      "Plist": ""
                    },
                    "BlendFunc": {
                      "Src": 1,
                      "Dst": 771
                    },
                    "AnchorPoint": {
                      "ScaleX": 0.5,
                      "ScaleY": 0.5
                    },
                    "Position": {
                      "X": 38.9999,
                      "Y": 60.9998
                    },
                    "Scale": {
                      "ScaleX": 1.0,
                      "ScaleY": 1.0
                    },
                    "CColor": {},
                    "IconVisible": false,
                    "PrePosition": {
                      "X": 0.1681,
                      "Y": 0.6489
                    },
                    "PreSize": {
                      "X": 0.4095,
                      "Y": 1.0106
                    },
                    "LeftMargin": -8.5001,
                    "RightMargin": 145.5001,
                    "TopMargin": -14.4998,
                    "BottomMargin": 13.4998,
                    "Tag": 536,
                    "ActionTag": 1594314033,
                    "Size": {
                      "X": 95.0,
                      "Y": 95.0
                    },
                    "VisibleForFrame": false,
                    "Name": "xm",
                    "ctype": "SpriteObjectData"
                  }
                ],
                "ActionTag": -1244081282,
                "Size": {
                  "X": 232.0,
                  "Y": 94.0
                },
                "Name": "btn_13",
                "ctype": "SpriteObjectData"
              },
              {
                "FileData": {
                  "Type": "Normal",
                  "Path": "image/ui/room2/create_btn3.png",
                  "Plist": ""
                },
                "BlendFunc": {
                  "Src": 1,
                  "Dst": 771
                },
                "AnchorPoint": {
                  "ScaleX": 0.5,
                  "ScaleY": 0.5
                },
                "Position": {
                  "X": 128.9989,
                  "Y": 347.2861
                },
                "Scale": {
                  "ScaleX": 1.0,
                  "ScaleY": 1.0
                },
                "CColor": {},
                "IconVisible": false,
                "PrePosition": {
                  "X": 0.4961,
                  "Y": 0.4341
                },
                "PreSize": {
                  "X": 0.8923,
                  "Y": 0.1175
                },
                "LeftMargin": 12.9989,
                "RightMargin": 15.0011,
                "TopMargin": 405.7139,
                "BottomMargin": 300.2861,
                "Tag": 537,
                "Children": [
                  {
                    "FileData": {
                      "Type": "Normal",
                      "Path": "image/ui/room2/create_btn3_1.png",
                      "Plist": ""
                    },
                    "BlendFunc": {
                      "Src": 1,
                      "Dst": 771
                    },
                    "AnchorPoint": {
                      "ScaleX": 0.5,
                      "ScaleY": 0.5
                    },
                    "Position": {
                      "X": 125.6,
                      "Y": 47.0
                    },
                    "Scale": {
                      "ScaleX": 1.0,
                      "ScaleY": 1.0
                    },
                    "CColor": {},
                    "IconVisible": false,
                    "PrePosition": {
                      "X": 0.5414,
                      "Y": 0.5
                    },
                    "PreSize": {
                      "X": 1.0991,
                      "Y": 1.0319
                    },
                    "LeftMargin": -1.9,
                    "RightMargin": -21.1,
                    "TopMargin": -1.5,
                    "BottomMargin": -1.5,
                    "Tag": 538,
                    "ActionTag": -670249200,
                    "Size": {
                      "X": 255.0,
                      "Y": 97.0
                    },
                    "VisibleForFrame": false,
                    "Name": "foucs",
                    "ctype": "SpriteObjectData"
                  },
                  {
                    "FileData": {
                      "Type": "Normal",
                      "Path": "appCommon/fydp/common/notice_xm.png",
                      "Plist": ""
                    },
                    "BlendFunc": {
                      "Src": 1,
                      "Dst": 771
                    },
                    "AnchorPoint": {
                      "ScaleX": 0.5,
                      "ScaleY": 0.5
                    },
                    "Position": {
                      "X": 38.9999,
                      "Y": 60.9998
                    },
                    "Scale": {
                      "ScaleX": 1.0,
                      "ScaleY": 1.0
                    },
                    "CColor": {},
                    "IconVisible": false,
                    "PrePosition": {
                      "X": 0.1681,
                      "Y": 0.6489
                    },
                    "PreSize": {
                      "X": 0.4095,
                      "Y": 1.0106
                    },
                    "LeftMargin": -8.5001,
                    "RightMargin": 145.5001,
                    "TopMargin": -14.4998,
                    "BottomMargin": 13.4998,
                    "Tag": 539,
                    "ActionTag": 592312655,
                    "Size": {
                      "X": 95.0,
                      "Y": 95.0
                    },
                    "VisibleForFrame": false,
                    "Name": "xm",
                    "ctype": "SpriteObjectData"
                  }
                ],
                "ActionTag": -1579295720,
                "Size": {
                  "X": 232.0,
                  "Y": 94.0
                },
                "Name": "btn_3",
                "ctype": "SpriteObjectData"
              },
              {
                "FileData": {
                  "Type": "Normal",
                  "Path": "image/ui/room2/create_btn4.png",
                  "Plist": ""
                },
                "BlendFunc": {
                  "Src": 1,
                  "Dst": 771
                },
                "AnchorPoint": {
                  "ScaleX": 0.5,
                  "ScaleY": 0.5
                },
                "Position": {
                  "X": 128.9989,
                  "Y": 248.1907
                },
                "Scale": {
                  "ScaleX": 1.0,
                  "ScaleY": 1.0
                },
                "CColor": {},
                "IconVisible": false,
                "PrePosition": {
                  "X": 0.4961,
                  "Y": 0.3102
                },
                "PreSize": {
                  "X": 0.8923,
                  "Y": 0.1175
                },
                "LeftMargin": 12.9989,
                "RightMargin": 15.0011,
                "TopMargin": 504.8093,
                "BottomMargin": 201.1907,
                "Tag": 540,
                "Children": [
                  {
                    "FileData": {
                      "Type": "Normal",
                      "Path": "image/ui/room2/create_btn4_1.png",
                      "Plist": ""
                    },
                    "BlendFunc": {
                      "Src": 1,
                      "Dst": 771
                    },
                    "AnchorPoint": {
                      "ScaleX": 0.5,
                      "ScaleY": 0.5
                    },
                    "Position": {
                      "X": 125.6,
                      "Y": 47.0
                    },
                    "Scale": {
                      "ScaleX": 1.0,
                      "ScaleY": 1.0
                    },
                    "CColor": {},
                    "IconVisible": false,
                    "PrePosition": {
                      "X": 0.5414,
                      "Y": 0.5
                    },
                    "PreSize": {
                      "X": 1.0991,
                      "Y": 1.0319
                    },
                    "LeftMargin": -1.9,
                    "RightMargin": -21.1,
                    "TopMargin": -1.5,
                    "BottomMargin": -1.5,
                    "Tag": 541,
                    "ActionTag": -405672296,
                    "Size": {
                      "X": 255.0,
                      "Y": 97.0
                    },
                    "VisibleForFrame": false,
                    "Name": "foucs",
                    "ctype": "SpriteObjectData"
                  },
                  {
                    "FileData": {
                      "Type": "Normal",
                      "Path": "appCommon/fydp/common/notice_xm.png",
                      "Plist": ""
                    },
                    "BlendFunc": {
                      "Src": 1,
                      "Dst": 771
                    },
                    "AnchorPoint": {
                      "ScaleX": 0.5,
                      "ScaleY": 0.5
                    },
                    "Position": {
                      "X": 38.9999,
                      "Y": 60.9998
                    },
                    "Scale": {
                      "ScaleX": 1.0,
                      "ScaleY": 1.0
                    },
                    "CColor": {},
                    "IconVisible": false,
                    "PrePosition": {
                      "X": 0.1681,
                      "Y": 0.6489
                    },
                    "PreSize": {
                      "X": 0.4095,
                      "Y": 1.0106
                    },
                    "LeftMargin": -8.5001,
                    "RightMargin": 145.5001,
                    "TopMargin": -14.4998,
                    "BottomMargin": 13.4998,
                    "Tag": 542,
                    "ActionTag": -1628988224,
                    "Size": {
                      "X": 95.0,
                      "Y": 95.0
                    },
                    "VisibleForFrame": false,
                    "Name": "xm",
                    "ctype": "SpriteObjectData"
                  }
                ],
                "ActionTag": -761427933,
                "Size": {
                  "X": 232.0,
                  "Y": 94.0
                },
                "Name": "btn_4",
                "ctype": "SpriteObjectData"
              },
              {
                "FileData": {
                  "Type": "Normal",
                  "Path": "image/ui/room2/create_btn6.png",
                  "Plist": ""
                },
                "BlendFunc": {
                  "Src": 1,
                  "Dst": 771
                },
                "AnchorPoint": {
                  "ScaleX": 0.5,
                  "ScaleY": 0.5
                },
                "Position": {
                  "X": 128.9989,
                  "Y": 149.0954
                },
                "Scale": {
                  "ScaleX": 1.0,
                  "ScaleY": 1.0
                },
                "CColor": {},
                "IconVisible": false,
                "PrePosition": {
                  "X": 0.4961,
                  "Y": 0.1864
                },
                "PreSize": {
                  "X": 0.8923,
                  "Y": 0.1175
                },
                "LeftMargin": 12.9989,
                "RightMargin": 15.0011,
                "TopMargin": 603.9047,
                "BottomMargin": 102.0954,
                "Tag": 546,
                "Children": [
                  {
                    "FileData": {
                      "Type": "Normal",
                      "Path": "image/ui/room2/create_btn6_1.png",
                      "Plist": ""
                    },
                    "BlendFunc": {
                      "Src": 1,
                      "Dst": 771
                    },
                    "AnchorPoint": {
                      "ScaleX": 0.5,
                      "ScaleY": 0.5
                    },
                    "Position": {
                      "X": 125.6,
                      "Y": 47.0
                    },
                    "Scale": {
                      "ScaleX": 1.0,
                      "ScaleY": 1.0
                    },
                    "CColor": {},
                    "IconVisible": false,
                    "PrePosition": {
                      "X": 0.5414,
                      "Y": 0.5
                    },
                    "PreSize": {
                      "X": 1.0991,
                      "Y": 1.0319
                    },
                    "LeftMargin": -1.9,
                    "RightMargin": -21.1,
                    "TopMargin": -1.5,
                    "BottomMargin": -1.5,
                    "Tag": 547,
                    "ActionTag": -1622302569,
                    "Size": {
                      "X": 255.0,
                      "Y": 97.0
                    },
                    "VisibleForFrame": false,
                    "Name": "foucs",
                    "ctype": "SpriteObjectData"
                  },
                  {
                    "FileData": {
                      "Type": "Normal",
                      "Path": "appCommon/fydp/common/notice_xm.png",
                      "Plist": ""
                    },
                    "BlendFunc": {
                      "Src": 1,
                      "Dst": 771
                    },
                    "AnchorPoint": {
                      "ScaleX": 0.5,
                      "ScaleY": 0.5
                    },
                    "Position": {
                      "X": 38.9999,
                      "Y": 60.9998
                    },
                    "Scale": {
                      "ScaleX": 1.0,
                      "ScaleY": 1.0
                    },
                    "CColor": {},
                    "IconVisible": false,
                    "PrePosition": {
                      "X": 0.1681,
                      "Y": 0.6489
                    },
                    "PreSize": {
                      "X": 0.4095,
                      "Y": 1.0106
                    },
                    "LeftMargin": -8.5001,
                    "RightMargin": 145.5001,
                    "TopMargin": -14.4998,
                    "BottomMargin": 13.4998,
                    "Tag": 548,
                    "ActionTag": 1889477532,
                    "Size": {
                      "X": 95.0,
                      "Y": 95.0
                    },
                    "VisibleForFrame": false,
                    "Name": "xm",
                    "ctype": "SpriteObjectData"
                  }
                ],
                "ActionTag": 1539815259,
                "Size": {
                  "X": 232.0,
                  "Y": 94.0
                },
                "Name": "btn_6",
                "ctype": "SpriteObjectData"
              },
              {
                "FileData": {
                  "Type": "Normal",
                  "Path": "image/ui/room2/create_btn2.png",
                  "Plist": ""
                },
                "BlendFunc": {
                  "Src": 1,
                  "Dst": 771
                },
                "AnchorPoint": {
                  "ScaleX": 0.5,
                  "ScaleY": 0.5
                },
                "Position": {
                  "X": 128.9989,
                  "Y": 50.0
                },
                "Scale": {
                  "ScaleX": 1.0,
                  "ScaleY": 1.0
                },
                "CColor": {},
                "IconVisible": false,
                "PrePosition": {
                  "X": 0.4961,
                  "Y": 0.0625
                },
                "PreSize": {
                  "X": 0.8923,
                  "Y": 0.1175
                },
                "LeftMargin": 12.9989,
                "RightMargin": 15.0011,
                "TopMargin": 703.0001,
                "BottomMargin": 3.0,
                "Tag": 549,
                "Children": [
                  {
                    "FileData": {
                      "Type": "Normal",
                      "Path": "image/ui/room2/create_btn2_1.png",
                      "Plist": ""
                    },
                    "BlendFunc": {
                      "Src": 1,
                      "Dst": 771
                    },
                    "AnchorPoint": {
                      "ScaleX": 0.5,
                      "ScaleY": 0.5
                    },
                    "Position": {
                      "X": 125.6,
                      "Y": 47.0
                    },
                    "Scale": {
                      "ScaleX": 1.0,
                      "ScaleY": 1.0
                    },
                    "CColor": {},
                    "IconVisible": false,
                    "PrePosition": {
                      "X": 0.5414,
                      "Y": 0.5
                    },
                    "PreSize": {
                      "X": 1.0991,
                      "Y": 1.0319
                    },
                    "LeftMargin": -1.9,
                    "RightMargin": -21.1,
                    "TopMargin": -1.5,
                    "BottomMargin": -1.5,
                    "Tag": 550,
                    "ActionTag": -244999859,
                    "Size": {
                      "X": 255.0,
                      "Y": 97.0
                    },
                    "VisibleForFrame": false,
                    "Name": "foucs",
                    "ctype": "SpriteObjectData"
                  },
                  {
                    "FileData": {
                      "Type": "Normal",
                      "Path": "appCommon/fydp/common/notice_xm.png",
                      "Plist": ""
                    },
                    "BlendFunc": {
                      "Src": 1,
                      "Dst": 771
                    },
                    "AnchorPoint": {
                      "ScaleX": 0.5,
                      "ScaleY": 0.5
                    },
                    "Position": {
                      "X": 38.9999,
                      "Y": 60.9998
                    },
                    "Scale": {
                      "ScaleX": 1.0,
                      "ScaleY": 1.0
                    },
                    "CColor": {},
                    "IconVisible": false,
                    "PrePosition": {
                      "X": 0.1681,
                      "Y": 0.6489
                    },
                    "PreSize": {
                      "X": 0.4095,
                      "Y": 1.0106
                    },
                    "LeftMargin": -8.5001,
                    "RightMargin": 145.5001,
                    "TopMargin": -14.4998,
                    "BottomMargin": 13.4998,
                    "Tag": 551,
                    "ActionTag": -699476762,
                    "Size": {
                      "X": 95.0,
                      "Y": 95.0
                    },
                    "VisibleForFrame": false,
                    "Name": "xm",
                    "ctype": "SpriteObjectData"
                  }
                ],
                "ActionTag": -2050314290,
                "Size": {
                  "X": 232.0,
                  "Y": 94.0
                },
                "Name": "btn_2",
                "ctype": "SpriteObjectData"
              },
              {
                "FileData": {
                  "Type": "Normal",
                  "Path": "image/ui/room2/create_btn14.png",
                  "Plist": ""
                },
                "BlendFunc": {
                  "Src": 1,
                  "Dst": 771
                },
                "AnchorPoint": {
                  "ScaleX": 0.5,
                  "ScaleY": 0.5
                },
                "Position": {
                  "X": 128.9989,
                  "Y": 743.6672
                },
                "Scale": {
                  "ScaleX": 1.0,
                  "ScaleY": 1.0
                },
                "CColor": {},
                "IconVisible": false,
                "PrePosition": {
                  "X": 0.4961,
                  "Y": 0.9296
                },
                "PreSize": {
                  "X": 0.8923,
                  "Y": 0.1175
                },
                "LeftMargin": 12.9989,
                "RightMargin": 15.0011,
                "TopMargin": 9.3328,
                "BottomMargin": 696.6672,
                "Tag": 1027,
                "Children": [
                  {
                    "FileData": {
                      "Type": "Normal",
                      "Path": "image/ui/room2/create_btn14_1.png",
                      "Plist": ""
                    },
                    "BlendFunc": {
                      "Src": 1,
                      "Dst": 771
                    },
                    "AnchorPoint": {
                      "ScaleX": 0.5,
                      "ScaleY": 0.5
                    },
                    "Position": {
                      "X": 125.6,
                      "Y": 47.0
                    },
                    "Scale": {
                      "ScaleX": 1.0,
                      "ScaleY": 1.0
                    },
                    "CColor": {},
                    "IconVisible": false,
                    "PrePosition": {
                      "X": 0.5414,
                      "Y": 0.5
                    },
                    "PreSize": {
                      "X": 1.0991,
                      "Y": 1.0319
                    },
                    "LeftMargin": -1.9,
                    "RightMargin": -21.1,
                    "TopMargin": -1.5,
                    "BottomMargin": -1.5,
                    "Tag": 1028,
                    "ActionTag": -1575709159,
                    "Size": {
                      "X": 255.0,
                      "Y": 97.0
                    },
                    "VisibleForFrame": false,
                    "Name": "foucs",
                    "ctype": "SpriteObjectData"
                  },
                  {
                    "FileData": {
                      "Type": "Normal",
                      "Path": "appCommon/fydp/common/notice_xm.png",
                      "Plist": ""
                    },
                    "BlendFunc": {
                      "Src": 1,
                      "Dst": 771
                    },
                    "AnchorPoint": {
                      "ScaleX": 0.5,
                      "ScaleY": 0.5
                    },
                    "Position": {
                      "X": 38.9999,
                      "Y": 60.9998
                    },
                    "Scale": {
                      "ScaleX": 1.0,
                      "ScaleY": 1.0
                    },
                    "CColor": {},
                    "IconVisible": false,
                    "PrePosition": {
                      "X": 0.1681,
                      "Y": 0.6489
                    },
                    "PreSize": {
                      "X": 0.4095,
                      "Y": 1.0106
                    },
                    "LeftMargin": -8.5001,
                    "RightMargin": 145.5001,
                    "TopMargin": -14.4998,
                    "BottomMargin": 13.4998,
                    "Tag": 1029,
                    "ActionTag": -663325818,
                    "Size": {
                      "X": 95.0,
                      "Y": 95.0
                    },
                    "VisibleForFrame": false,
                    "Name": "xm",
                    "ctype": "SpriteObjectData"
                  }
                ],
                "ActionTag": -1097437583,
                "Size": {
                  "X": 232.0,
                  "Y": 94.0
                },
                "Name": "btn_14",
                "ctype": "SpriteObjectData"
              }
            ],
            "ActionTag": 850086635,
            "Size": {
              "X": 260.0,
              "Y": 600.0
            },
            "Name": "tabList",
            "ctype": "ScrollViewObjectData"
          }
        ],
        "Size": {
          "X": 0.0,
          "Y": 0.0
        },
        "Name": "Node",
        "ctype": "SingleNodeObjectData"
      },
      "UsedResources": [
        "../../../appCommon/fydp/common/notice_xm.png",
        "../../../image/ui/room2/create_btn1.png",
        "../../../image/ui/room2/create_btn1_1.png",
        "../../../image/ui/room2/create_btn12.png",
        "../../../image/ui/room2/create_btn12_1.png",
        "../../../image/ui/room2/create_btn13.png",
        "../../../image/ui/room2/create_btn13_1.png",
        "../../../image/ui/room2/create_btn14.png",
        "../../../image/ui/room2/create_btn14_1.png",
        "../../../image/ui/room2/create_btn2.png",
        "../../../image/ui/room2/create_btn2_1.png",
        "../../../image/ui/room2/create_btn3.png",
        "../../../image/ui/room2/create_btn3_1.png",
        "../../../image/ui/room2/create_btn4.png",
        "../../../image/ui/room2/create_btn4_1.png",
        "../../../image/ui/room2/create_btn6.png",
        "../../../image/ui/room2/create_btn6_1.png"
      ],
      "ctype": "GameFileData"
    }
  },
  "Type": "Node"
}