{
  "ID": "ba4adf39-98b9-45fc-9ef4-05031edc50ae",
  "Version": "3.10.0.0",
  "Name": "NiuniuWanfa",
  "Content": {
    "Content": {
      "Animation": {
        "Duration": 0,
        "Speed": 1.0,
        "Timelines": [],
        "ctype": "TimelineActionData"
      },
      "AnimationList": [],
      "ObjectData": {
        "Tag": 1090,
        "Children": [
          {
            "ClipAble": false,
            "BackColorAlpha": 102,
            "ComboBoxIndex": 1,
            "SingleColor": {
              "R": 0,
              "G": 0,
              "B": 0
            },
            "FirstColor": {
              "R": 150,
              "G": 200
            },
            "EndColor": {},
            "ColorVector": {
              "ScaleY": 1.0
            },
            "Scale9Width": 1,
            "Scale9Height": 1,
            "TouchEnable": true,
            "AnchorPoint": {},
            "Position": {
              "X": 0.0,
              "Y": 0.0
            },
            "Scale": {
              "ScaleX": 1.0,
              "ScaleY": 1.0
            },
            "CColor": {},
            "IconVisible": false,
            "PrePosition": {
              "X": 0.0,
              "Y": 0.0
            },
            "PreSize": {
              "X": 1.0,
              "Y": 1.0
            },
            "Tag": 1091,
            "Children": [
              {
                "FileData": {
                  "Type": "Normal",
                  "Path": "appCommon/fydp/common/transparent/transparent_1280x720.png",
                  "Plist": ""
                },
                "BlendFunc": {
                  "Src": 1,
                  "Dst": 771
                },
                "AnchorPoint": {},
                "Position": {
                  "X": 0.0,
                  "Y": 1.25
                },
                "Scale": {
                  "ScaleX": 1.0,
                  "ScaleY": 1.0
                },
                "CColor": {},
                "IconVisible": false,
                "PrePosition": {
                  "X": 0.0,
                  "Y": 0.0017
                },
                "PreSize": {
                  "X": 1.0,
                  "Y": 1.0
                },
                "TopMargin": -1.25,
                "BottomMargin": 1.25,
                "Tag": 1093,
                "ActionTag": -1069979375,
                "Size": {
                  "X": 1280.0,
                  "Y": 720.0
                },
                "Name": "fake_root",
                "ctype": "SpriteObjectData"
              },
              {
                "FileData": {
                  "Type": "Normal",
                  "Path": "appCommon/fydp/common/player_info_bg.png",
                  "Plist": ""
                },
                "Scale9Enable": true,
                "Scale9OriginX": 50,
                "Scale9OriginY": 50,
                "Scale9Width": 428,
                "Scale9Height": 95,
                "AnchorPoint": {
                  "ScaleX": 0.5,
                  "ScaleY": 0.5
                },
                "Position": {
                  "X": 634.8242,
                  "Y": 349.4161
                },
                "Scale": {
                  "ScaleX": 1.0,
                  "ScaleY": 1.0
                },
                "CColor": {},
                "IconVisible": false,
                "PrePosition": {
                  "X": 0.496,
                  "Y": 0.4853
                },
                "PreSize": {
                  "X": 0.7031,
                  "Y": 0.7778
                },
                "LeftMargin": 184.8242,
                "RightMargin": 195.1758,
                "TopMargin": 90.5839,
                "BottomMargin": 69.4161,
                "Tag": 942,
                "Children": [
                  {
                    "FontSize": 32,
                    "LabelText": "付费方式",
                    "FontResource": {
                      "Type": "Normal",
                      "Path": "image/fonts/FZZY.TTF",
                      "Plist": ""
                    },
                    "OutlineColor": {
                      "R": 161,
                      "G": 81,
                      "B": 19
                    },
                    "ShadowColor": {
                      "R": 110,
                      "G": 110,
                      "B": 110
                    },
                    "ShadowOffsetX": 2.0,
                    "ShadowOffsetY": -2.0,
                    "AnchorPoint": {
                      "ScaleY": 0.5
                    },
                    "Position": {
                      "X": 126.226,
                      "Y": 517.6626
                    },
                    "Scale": {
                      "ScaleX": 1.0,
                      "ScaleY": 1.0
                    },
                    "CColor": {
                      "R": 116,
                      "G": 132,
                      "B": 226
                    },
                    "IconVisible": false,
                    "PrePosition": {
                      "X": 0.1403,
                      "Y": 0.9244
                    },
                    "PreSize": {
                      "X": 0.1444,
                      "Y": 0.0643
                    },
                    "LeftMargin": 126.226,
                    "RightMargin": 643.774,
                    "TopMargin": 24.3374,
                    "BottomMargin": 499.6626,
                    "Tag": 1097,
                    "ActionTag": 748553221,
                    "Size": {
                      "X": 130.0,
                      "Y": 36.0
                    },
                    "Name": "fufei",
                    "ctype": "TextObjectData"
                  },
                  {
                    "FontSize": 32,
                    "LabelText": "局数选择",
                    "FontResource": {
                      "Type": "Normal",
                      "Path": "image/fonts/FZZY.TTF",
                      "Plist": ""
                    },
                    "OutlineColor": {
                      "R": 161,
                      "G": 81,
                      "B": 19
                    },
                    "ShadowColor": {
                      "R": 110,
                      "G": 110,
                      "B": 110
                    },
                    "ShadowOffsetX": 2.0,
                    "ShadowOffsetY": -2.0,
                    "AnchorPoint": {
                      "ScaleY": 0.5
                    },
                    "Position": {
                      "X": 126.2256,
                      "Y": 470.483
                    },
                    "Scale": {
                      "ScaleX": 1.0,
                      "ScaleY": 1.0
                    },
                    "CColor": {
                      "R": 116,
                      "G": 132,
                      "B": 226
                    },
                    "IconVisible": false,
                    "PrePosition": {
                      "X": 0.1403,
                      "Y": 0.8401
                    },
                    "PreSize": {
                      "X": 0.1456,
                      "Y": 0.0643
                    },
                    "LeftMargin": 126.2256,
                    "RightMargin": 642.7744,
                    "TopMargin": 71.517,
                    "BottomMargin": 452.483,
                    "Tag": 1099,
                    "ActionTag": -1851328623,
                    "Size": {
                      "X": 131.0,
                      "Y": 36.0
                    },
                    "Name": "jushu",
                    "ctype": "TextObjectData"
                  },
                  {
                    "FontSize": 32,
                    "LabelText": "庄家选择",
                    "FontResource": {
                      "Type": "Normal",
                      "Path": "image/fonts/FZZY.TTF",
                      "Plist": ""
                    },
                    "OutlineColor": {
                      "R": 161,
                      "G": 81,
                      "B": 19
                    },
                    "ShadowColor": {
                      "R": 110,
                      "G": 110,
                      "B": 110
                    },
                    "ShadowOffsetX": 2.0,
                    "ShadowOffsetY": -2.0,
                    "AnchorPoint": {
                      "ScaleY": 0.5
                    },
                    "Position": {
                      "X": 126.226,
                      "Y": 418.3031
                    },
                    "Scale": {
                      "ScaleX": 1.0,
                      "ScaleY": 1.0
                    },
                    "CColor": {
                      "R": 116,
                      "G": 132,
                      "B": 226
                    },
                    "IconVisible": false,
                    "PrePosition": {
                      "X": 0.1403,
                      "Y": 0.747
                    },
                    "PreSize": {
                      "X": 0.1456,
                      "Y": 0.0643
                    },
                    "LeftMargin": 126.226,
                    "RightMargin": 642.774,
                    "TopMargin": 123.6969,
                    "BottomMargin": 400.3031,
                    "Tag": 1100,
                    "ActionTag": -219299697,
                    "Size": {
                      "X": 131.0,
                      "Y": 36.0
                    },
                    "Name": "zhuangjia",
                    "ctype": "TextObjectData"
                  },
                  {
                    "FontSize": 32,
                    "LabelText": "特殊牌型",
                    "FontResource": {
                      "Type": "Normal",
                      "Path": "image/fonts/FZZY.TTF",
                      "Plist": ""
                    },
                    "OutlineColor": {
                      "R": 161,
                      "G": 81,
                      "B": 19
                    },
                    "ShadowColor": {
                      "R": 110,
                      "G": 110,
                      "B": 110
                    },
                    "ShadowOffsetX": 2.0,
                    "ShadowOffsetY": -2.0,
                    "AnchorPoint": {
                      "ScaleY": 0.5
                    },
                    "Position": {
                      "X": 126.2256,
                      "Y": 370.1229
                    },
                    "Scale": {
                      "ScaleX": 1.0,
                      "ScaleY": 1.0
                    },
                    "CColor": {
                      "R": 116,
                      "G": 132,
                      "B": 226
                    },
                    "IconVisible": false,
                    "PrePosition": {
                      "X": 0.1403,
                      "Y": 0.6609
                    },
                    "PreSize": {
                      "X": 0.1456,
                      "Y": 0.0643
                    },
                    "LeftMargin": 126.2256,
                    "RightMargin": 642.7744,
                    "TopMargin": 171.8771,
                    "BottomMargin": 352.1229,
                    "Tag": 1101,
                    "ActionTag": 428086506,
                    "Size": {
                      "X": 131.0,
                      "Y": 36.0
                    },
                    "Name": "paixing",
                    "ctype": "TextObjectData"
                  },
                  {
                    "FontSize": 32,
                    "LabelText": "底        分",
                    "FontResource": {
                      "Type": "Normal",
                      "Path": "image/fonts/FZZY.TTF",
                      "Plist": ""
                    },
                    "OutlineColor": {
                      "R": 161,
                      "G": 81,
                      "B": 19
                    },
                    "ShadowColor": {
                      "R": 110,
                      "G": 110,
                      "B": 110
                    },
                    "ShadowOffsetX": 2.0,
                    "ShadowOffsetY": -2.0,
                    "AnchorPoint": {
                      "ScaleY": 0.5
                    },
                    "Position": {
                      "X": 126.226,
                      "Y": 266.6115
                    },
                    "Scale": {
                      "ScaleX": 1.0,
                      "ScaleY": 1.0
                    },
                    "CColor": {
                      "R": 116,
                      "G": 132,
                      "B": 226
                    },
                    "IconVisible": false,
                    "PrePosition": {
                      "X": 0.1403,
                      "Y": 0.4761
                    },
                    "PreSize": {
                      "X": 0.1456,
                      "Y": 0.0643
                    },
                    "LeftMargin": 126.226,
                    "RightMargin": 642.774,
                    "TopMargin": 275.3885,
                    "BottomMargin": 248.6115,
                    "Tag": 1102,
                    "ActionTag": 163086636,
                    "Size": {
                      "X": 131.0,
                      "Y": 36.0
                    },
                    "Name": "difen",
                    "ctype": "TextObjectData"
                  },
                  {
                    "FontSize": 28,
                    "LabelText": "通比牛牛通比牛牛通比牛牛通比牛牛",
                    "FontResource": {
                      "Type": "Normal",
                      "Path": "image/fonts/FZZY.TTF",
                      "Plist": ""
                    },
                    "VerticalAlignmentType": "VT_Center",
                    "OutlineColor": {
                      "G": 0,
                      "B": 0
                    },
                    "ShadowColor": {
                      "R": 110,
                      "G": 110,
                      "B": 110
                    },
                    "ShadowOffsetX": 2.0,
                    "ShadowOffsetY": -2.0,
                    "AnchorPoint": {
                      "ScaleY": 0.5
                    },
                    "Position": {
                      "X": 275.0681,
                      "Y": 517.6631
                    },
                    "Scale": {
                      "ScaleX": 1.0,
                      "ScaleY": 1.0
                    },
                    "CColor": {
                      "R": 197,
                      "G": 213
                    },
                    "IconVisible": false,
                    "PrePosition": {
                      "X": 0.3056,
                      "Y": 0.9244
                    },
                    "PreSize": {
                      "X": 0.5,
                      "Y": 0.0571
                    },
                    "LeftMargin": 275.0681,
                    "RightMargin": 174.9319,
                    "TopMargin": 26.3369,
                    "BottomMargin": 501.6631,
                    "Tag": 1103,
                    "ActionTag": 138000546,
                    "Size": {
                      "X": 450.0,
                      "Y": 32.0
                    },
                    "Name": "fufei_value",
                    "ctype": "TextObjectData"
                  },
                  {
                    "FontSize": 28,
                    "LabelText": "99999999分",
                    "FontResource": {
                      "Type": "Normal",
                      "Path": "image/fonts/FZZY.TTF",
                      "Plist": ""
                    },
                    "VerticalAlignmentType": "VT_Center",
                    "OutlineColor": {
                      "G": 0,
                      "B": 0
                    },
                    "ShadowColor": {
                      "R": 110,
                      "G": 110,
                      "B": 110
                    },
                    "ShadowOffsetX": 2.0,
                    "ShadowOffsetY": -2.0,
                    "AnchorPoint": {
                      "ScaleY": 0.5
                    },
                    "Position": {
                      "X": 275.0675,
                      "Y": 470.1507
                    },
                    "Scale": {
                      "ScaleX": 1.0,
                      "ScaleY": 1.0
                    },
                    "CColor": {
                      "R": 197,
                      "G": 213
                    },
                    "IconVisible": false,
                    "PrePosition": {
                      "X": 0.3056,
                      "Y": 0.8396
                    },
                    "PreSize": {
                      "X": 0.1678,
                      "Y": 0.0571
                    },
                    "LeftMargin": 275.0675,
                    "RightMargin": 473.9325,
                    "TopMargin": 73.8493,
                    "BottomMargin": 454.1507,
                    "Tag": 1104,
                    "ActionTag": -1056015995,
                    "Size": {
                      "X": 151.0,
                      "Y": 32.0
                    },
                    "Name": "jushu_value",
                    "ctype": "TextObjectData"
                  },
                  {
                    "IsCustomSize": true,
                    "FontSize": 28,
                    "LabelText": "牛牛x4 牛九x3 牛八x2 牛七x2",
                    "FontResource": {
                      "Type": "Normal",
                      "Path": "image/fonts/FZZY.TTF",
                      "Plist": ""
                    },
                    "VerticalAlignmentType": "VT_Center",
                    "OutlineColor": {
                      "G": 0,
                      "B": 0
                    },
                    "ShadowColor": {
                      "R": 110,
                      "G": 110,
                      "B": 110
                    },
                    "ShadowOffsetX": 2.0,
                    "ShadowOffsetY": -2.0,
                    "AnchorPoint": {
                      "ScaleY": 0.5
                    },
                    "Position": {
                      "X": 275.0678,
                      "Y": 420.5475
                    },
                    "Scale": {
                      "ScaleX": 1.0,
                      "ScaleY": 1.0
                    },
                    "CColor": {
                      "R": 197,
                      "G": 213
                    },
                    "IconVisible": false,
                    "PrePosition": {
                      "X": 0.3056,
                      "Y": 0.751
                    },
                    "PreSize": {
                      "X": 0.5556,
                      "Y": 0.0875
                    },
                    "LeftMargin": 275.0678,
                    "RightMargin": 124.9322,
                    "TopMargin": 114.9525,
                    "BottomMargin": 396.0475,
                    "Tag": 1105,
                    "ActionTag": -1798563529,
                    "Size": {
                      "X": 500.0,
                      "Y": 49.0
                    },
                    "Name": "zhuangjia_value",
                    "ctype": "TextObjectData"
                  },
                  {
                    "FontSize": 28,
                    "LabelText": "房主支付 闲家推注房主支付 闲家推注闲家推注\n房主支付 闲家推注房主支付 闲家推注闲家推注\n房主支付 闲家推注房主支付 闲家推注闲家推注",
                    "FontResource": {
                      "Type": "Normal",
                      "Path": "image/fonts/FZZY.TTF",
                      "Plist": ""
                    },
                    "OutlineColor": {
                      "G": 0,
                      "B": 0
                    },
                    "ShadowColor": {
                      "R": 110,
                      "G": 110,
                      "B": 110
                    },
                    "ShadowOffsetX": 2.0,
                    "ShadowOffsetY": -2.0,
                    "AnchorPoint": {
                      "ScaleY": 0.5
                    },
                    "Position": {
                      "X": 275.0668,
                      "Y": 340.9058
                    },
                    "Scale": {
                      "ScaleX": 1.0,
                      "ScaleY": 1.0
                    },
                    "CColor": {
                      "R": 197,
                      "G": 213
                    },
                    "IconVisible": false,
                    "PrePosition": {
                      "X": 0.3056,
                      "Y": 0.6088
                    },
                    "PreSize": {
                      "X": 0.6411,
                      "Y": 0.1714
                    },
                    "LeftMargin": 275.0668,
                    "RightMargin": 47.9332,
                    "TopMargin": 171.0942,
                    "BottomMargin": 292.9058,
                    "Tag": 1106,
                    "ActionTag": 449702683,
                    "Size": {
                      "X": 577.0,
                      "Y": 96.0
                    },
                    "Name": "paixing_value",
                    "ctype": "TextObjectData"
                  },
                  {
                    "FontSize": 28,
                    "LabelText": "房主支付 闲家推注房主支付 闲家推注闲家推注",
                    "FontResource": {
                      "Type": "Normal",
                      "Path": "image/fonts/FZZY.TTF",
                      "Plist": ""
                    },
                    "OutlineColor": {
                      "G": 0,
                      "B": 0
                    },
                    "ShadowColor": {
                      "R": 110,
                      "G": 110,
                      "B": 110
                    },
                    "ShadowOffsetX": 2.0,
                    "ShadowOffsetY": -2.0,
                    "AnchorPoint": {
                      "ScaleY": 0.5
                    },
                    "Position": {
                      "X": 275.0681,
                      "Y": 264.4312
                    },
                    "Scale": {
                      "ScaleX": 1.0,
                      "ScaleY": 1.0
                    },
                    "CColor": {
                      "R": 197,
                      "G": 213
                    },
                    "IconVisible": false,
                    "PrePosition": {
                      "X": 0.3056,
                      "Y": 0.4722
                    },
                    "PreSize": {
                      "X": 0.6411,
                      "Y": 0.0571
                    },
                    "LeftMargin": 275.0681,
                    "RightMargin": 47.9319,
                    "TopMargin": 279.5688,
                    "BottomMargin": 248.4312,
                    "Tag": 1162,
                    "ActionTag": 509101837,
                    "Size": {
                      "X": 577.0,
                      "Y": 32.0
                    },
                    "Name": "difen_value",
                    "ctype": "TextObjectData"
                  },
                  {
                    "FileData": {
                      "Type": "Normal",
                      "Path": "appCommon/fydp/common/langhua.png",
                      "Plist": ""
                    },
                    "BlendFunc": {
                      "Src": 1,
                      "Dst": 771
                    },
                    "AnchorPoint": {
                      "ScaleX": 0.5,
                      "ScaleY": 0.5
                    },
                    "Position": {
                      "X": 86.5936,
                      "Y": 218.6974
                    },
                    "Scale": {
                      "ScaleX": 1.0,
                      "ScaleY": 1.0
                    },
                    "CColor": {},
                    "IconVisible": false,
                    "PrePosition": {
                      "X": 0.0962,
                      "Y": 0.3905
                    },
                    "PreSize": {
                      "X": 0.0644,
                      "Y": 0.0482
                    },
                    "LeftMargin": 57.5936,
                    "RightMargin": 784.4064,
                    "TopMargin": 327.8026,
                    "BottomMargin": 205.1974,
                    "Tag": 1239,
                    "ActionTag": 2101653315,
                    "Size": {
                      "X": 58.0,
                      "Y": 27.0
                    },
                    "Name": "langhua_214",
                    "ctype": "SpriteObjectData"
                  },
                  {
                    "FileData": {
                      "Type": "Normal",
                      "Path": "appCommon/fydp/common/langhua.png",
                      "Plist": ""
                    },
                    "BlendFunc": {
                      "Src": 1,
                      "Dst": 771
                    },
                    "AnchorPoint": {
                      "ScaleX": 0.5,
                      "ScaleY": 0.5
                    },
                    "Position": {
                      "X": 86.5936,
                      "Y": 267.5304
                    },
                    "Scale": {
                      "ScaleX": 1.0,
                      "ScaleY": 1.0
                    },
                    "CColor": {},
                    "IconVisible": false,
                    "PrePosition": {
                      "X": 0.0962,
                      "Y": 0.4777
                    },
                    "PreSize": {
                      "X": 0.0644,
                      "Y": 0.0482
                    },
                    "LeftMargin": 57.5936,
                    "RightMargin": 784.4064,
                    "TopMargin": 278.9696,
                    "BottomMargin": 254.0304,
                    "Tag": 1240,
                    "ActionTag": -764455849,
                    "Size": {
                      "X": 58.0,
                      "Y": 27.0
                    },
                    "Name": "langhua_214_0",
                    "ctype": "SpriteObjectData"
                  },
                  {
                    "FileData": {
                      "Type": "Normal",
                      "Path": "appCommon/fydp/common/langhua.png",
                      "Plist": ""
                    },
                    "BlendFunc": {
                      "Src": 1,
                      "Dst": 771
                    },
                    "AnchorPoint": {
                      "ScaleX": 0.5,
                      "ScaleY": 0.5
                    },
                    "Position": {
                      "X": 86.5932,
                      "Y": 418.1352
                    },
                    "Scale": {
                      "ScaleX": 1.0,
                      "ScaleY": 1.0
                    },
                    "CColor": {},
                    "IconVisible": false,
                    "PrePosition": {
                      "X": 0.0962,
                      "Y": 0.7467
                    },
                    "PreSize": {
                      "X": 0.0644,
                      "Y": 0.0482
                    },
                    "LeftMargin": 57.5932,
                    "RightMargin": 784.4068,
                    "TopMargin": 128.3648,
                    "BottomMargin": 404.6352,
                    "Tag": 1241,
                    "ActionTag": 253872285,
                    "Size": {
                      "X": 58.0,
                      "Y": 27.0
                    },
                    "Name": "langhua_214_1",
                    "ctype": "SpriteObjectData"
                  },
                  {
                    "FileData": {
                      "Type": "Normal",
                      "Path": "appCommon/fydp/common/langhua.png",
                      "Plist": ""
                    },
                    "BlendFunc": {
                      "Src": 1,
                      "Dst": 771
                    },
                    "AnchorPoint": {
                      "ScaleX": 0.5,
                      "ScaleY": 0.5
                    },
                    "Position": {
                      "X": 86.5919,
                      "Y": 470.3986
                    },
                    "Scale": {
                      "ScaleX": 1.0,
                      "ScaleY": 1.0
                    },
                    "CColor": {},
                    "IconVisible": false,
                    "PrePosition": {
                      "X": 0.0962,
                      "Y": 0.84
                    },
                    "PreSize": {
                      "X": 0.0644,
                      "Y": 0.0482
                    },
                    "LeftMargin": 57.5919,
                    "RightMargin": 784.4081,
                    "TopMargin": 76.1014,
                    "BottomMargin": 456.8986,
                    "Tag": 1242,
                    "ActionTag": 189049770,
                    "Size": {
                      "X": 58.0,
                      "Y": 27.0
                    },
                    "Name": "langhua_214_2",
                    "ctype": "SpriteObjectData"
                  },
                  {
                    "FileData": {
                      "Type": "Normal",
                      "Path": "appCommon/fydp/common/langhua.png",
                      "Plist": ""
                    },
                    "BlendFunc": {
                      "Src": 1,
                      "Dst": 771
                    },
                    "AnchorPoint": {
                      "ScaleX": 0.5,
                      "ScaleY": 0.5
                    },
                    "Position": {
                      "X": 86.5932,
                      "Y": 517.6619
                    },
                    "Scale": {
                      "ScaleX": 1.0,
                      "ScaleY": 1.0
                    },
                    "CColor": {},
                    "IconVisible": false,
                    "PrePosition": {
                      "X": 0.0962,
                      "Y": 0.9244
                    },
                    "PreSize": {
                      "X": 0.0644,
                      "Y": 0.0482
                    },
                    "LeftMargin": 57.5932,
                    "RightMargin": 784.4068,
                    "TopMargin": 28.8381,
                    "BottomMargin": 504.1619,
                    "Tag": 1243,
                    "ActionTag": 76346202,
                    "Size": {
                      "X": 58.0,
                      "Y": 27.0
                    },
                    "Name": "langhua_214_3",
                    "ctype": "SpriteObjectData"
                  },
                  {
                    "FontSize": 32,
                    "LabelText": "高级选项",
                    "FontResource": {
                      "Type": "Normal",
                      "Path": "image/fonts/FZZY.TTF",
                      "Plist": ""
                    },
                    "OutlineColor": {
                      "R": 161,
                      "G": 81,
                      "B": 19
                    },
                    "ShadowColor": {
                      "R": 110,
                      "G": 110,
                      "B": 110
                    },
                    "ShadowOffsetX": 2.0,
                    "ShadowOffsetY": -2.0,
                    "AnchorPoint": {
                      "ScaleY": 0.5
                    },
                    "Position": {
                      "X": 126.226,
                      "Y": 218.0084
                    },
                    "Scale": {
                      "ScaleX": 1.0,
                      "ScaleY": 1.0
                    },
                    "CColor": {
                      "R": 116,
                      "G": 132,
                      "B": 226
                    },
                    "IconVisible": false,
                    "PrePosition": {
                      "X": 0.1403,
                      "Y": 0.3893
                    },
                    "PreSize": {
                      "X": 0.1444,
                      "Y": 0.0643
                    },
                    "LeftMargin": 126.226,
                    "RightMargin": 643.774,
                    "TopMargin": 323.9916,
                    "BottomMargin": 200.0084,
                    "Tag": 290,
                    "ActionTag": -19218777,
                    "Size": {
                      "X": 130.0,
                      "Y": 36.0
                    },
                    "Name": "xuanxiang",
                    "ctype": "TextObjectData"
                  },
                  {
                    "FontSize": 32,
                    "LabelText": "最大抢庄",
                    "FontResource": {
                      "Type": "Normal",
                      "Path": "image/fonts/FZZY.TTF",
                      "Plist": ""
                    },
                    "OutlineColor": {
                      "R": 161,
                      "G": 81,
                      "B": 19
                    },
                    "ShadowColor": {
                      "R": 110,
                      "G": 110,
                      "B": 110
                    },
                    "ShadowOffsetX": 2.0,
                    "ShadowOffsetY": -2.0,
                    "AnchorPoint": {
                      "ScaleY": 1.0
                    },
                    "Position": {
                      "X": 126.226,
                      "Y": 187.4048
                    },
                    "Scale": {
                      "ScaleX": 1.0,
                      "ScaleY": 1.0
                    },
                    "CColor": {
                      "R": 116,
                      "G": 132,
                      "B": 226
                    },
                    "IconVisible": false,
                    "PrePosition": {
                      "X": 0.1403,
                      "Y": 0.3347
                    },
                    "PreSize": {
                      "X": 0.1444,
                      "Y": 0.0643
                    },
                    "LeftMargin": 126.226,
                    "RightMargin": 643.774,
                    "TopMargin": 372.5952,
                    "BottomMargin": 151.4048,
                    "Tag": 291,
                    "ActionTag": 1522023412,
                    "Size": {
                      "X": 130.0,
                      "Y": 36.0
                    },
                    "Name": "qiangzhuang",
                    "ctype": "TextObjectData"
                  },
                  {
                    "FileData": {
                      "Type": "Normal",
                      "Path": "appCommon/fydp/common/langhua.png",
                      "Plist": ""
                    },
                    "BlendFunc": {
                      "Src": 1,
                      "Dst": 771
                    },
                    "AnchorPoint": {
                      "ScaleX": 0.5,
                      "ScaleY": 0.5
                    },
                    "Position": {
                      "X": 86.5932,
                      "Y": 369.8707
                    },
                    "Scale": {
                      "ScaleX": 1.0,
                      "ScaleY": 1.0
                    },
                    "CColor": {},
                    "IconVisible": false,
                    "PrePosition": {
                      "X": 0.0962,
                      "Y": 0.6605
                    },
                    "PreSize": {
                      "X": 0.0644,
                      "Y": 0.0482
                    },
                    "LeftMargin": 57.5932,
                    "RightMargin": 784.4068,
                    "TopMargin": 176.6293,
                    "BottomMargin": 356.3707,
                    "Tag": 292,
                    "ActionTag": -1654941313,
                    "Size": {
                      "X": 58.0,
                      "Y": 27.0
                    },
                    "Name": "langhua_214_0_0",
                    "ctype": "SpriteObjectData"
                  },
                  {
                    "FileData": {
                      "Type": "Normal",
                      "Path": "appCommon/fydp/common/langhua.png",
                      "Plist": ""
                    },
                    "BlendFunc": {
                      "Src": 1,
                      "Dst": 771
                    },
                    "AnchorPoint": {
                      "ScaleX": 0.5,
                      "ScaleY": 0.5
                    },
                    "Position": {
                      "X": 86.5936,
                      "Y": 169.8644
                    },
                    "Scale": {
                      "ScaleX": 1.0,
                      "ScaleY": 1.0
                    },
                    "CColor": {},
                    "IconVisible": false,
                    "PrePosition": {
                      "X": 0.0962,
                      "Y": 0.3033
                    },
                    "PreSize": {
                      "X": 0.0644,
                      "Y": 0.0482
                    },
                    "LeftMargin": 57.5936,
                    "RightMargin": 784.4064,
                    "TopMargin": 376.6356,
                    "BottomMargin": 156.3644,
                    "Tag": 293,
                    "ActionTag": 1998332986,
                    "Size": {
                      "X": 58.0,
                      "Y": 27.0
                    },
                    "Name": "langhua_214_0_1",
                    "ctype": "SpriteObjectData"
                  },
                  {
                    "FontSize": 28,
                    "LabelText": "房主支付 闲家推注房主支付 闲家推注闲家推注",
                    "FontResource": {
                      "Type": "Normal",
                      "Path": "image/fonts/FZZY.TTF",
                      "Plist": ""
                    },
                    "OutlineColor": {
                      "G": 0,
                      "B": 0
                    },
                    "ShadowColor": {
                      "R": 110,
                      "G": 110,
                      "B": 110
                    },
                    "ShadowOffsetX": 2.0,
                    "ShadowOffsetY": -2.0,
                    "AnchorPoint": {
                      "ScaleY": 0.5
                    },
                    "Position": {
                      "X": 275.0681,
                      "Y": 219.1232
                    },
                    "Scale": {
                      "ScaleX": 1.0,
                      "ScaleY": 1.0
                    },
                    "CColor": {
                      "R": 197,
                      "G": 213
                    },
                    "IconVisible": false,
                    "PrePosition": {
                      "X": 0.3056,
                      "Y": 0.3913
                    },
                    "PreSize": {
                      "X": 0.6411,
                      "Y": 0.0571
                    },
                    "LeftMargin": 275.0681,
                    "RightMargin": 47.9319,
                    "TopMargin": 324.8768,
                    "BottomMargin": 203.1232,
                    "Tag": 295,
                    "ActionTag": 736264260,
                    "Size": {
                      "X": 577.0,
                      "Y": 32.0
                    },
                    "Name": "xuanxiang_value",
                    "ctype": "TextObjectData"
                  },
                  {
                    "FontSize": 28,
                    "LabelText": "房主支付 闲家推注房主支付 闲家推注闲家推注",
                    "FontResource": {
                      "Type": "Normal",
                      "Path": "image/fonts/FZZY.TTF",
                      "Plist": ""
                    },
                    "VerticalAlignmentType": "VT_Center",
                    "OutlineColor": {
                      "G": 0,
                      "B": 0
                    },
                    "ShadowColor": {
                      "R": 110,
                      "G": 110,
                      "B": 110
                    },
                    "ShadowOffsetX": 2.0,
                    "ShadowOffsetY": -2.0,
                    "AnchorPoint": {
                      "ScaleY": 0.5
                    },
                    "Position": {
                      "X": 275.0681,
                      "Y": 169.8146
                    },
                    "Scale": {
                      "ScaleX": 1.0,
                      "ScaleY": 1.0
                    },
                    "CColor": {
                      "R": 197,
                      "G": 213
                    },
                    "IconVisible": false,
                    "PrePosition": {
                      "X": 0.3056,
                      "Y": 0.3032
                    },
                    "PreSize": {
                      "X": 0.6411,
                      "Y": 0.0571
                    },
                    "LeftMargin": 275.0681,
                    "RightMargin": 47.9319,
                    "TopMargin": 374.1854,
                    "BottomMargin": 153.8146,
                    "Tag": 296,
                    "ActionTag": -1404171071,
                    "Size": {
                      "X": 577.0,
                      "Y": 32.0
                    },
                    "Name": "wanfa_value",
                    "ctype": "TextObjectData"
                  },
                  {
                    "FontSize": 32,
                    "LabelText": "推注选项",
                    "FontResource": {
                      "Type": "Normal",
                      "Path": "image/fonts/FZZY.TTF",
                      "Plist": ""
                    },
                    "OutlineColor": {
                      "R": 161,
                      "G": 81,
                      "B": 19
                    },
                    "ShadowColor": {
                      "R": 110,
                      "G": 110,
                      "B": 110
                    },
                    "ShadowOffsetX": 2.0,
                    "ShadowOffsetY": -2.0,
                    "AnchorPoint": {
                      "ScaleY": 1.0
                    },
                    "Position": {
                      "X": 126.226,
                      "Y": 138.8013
                    },
                    "Scale": {
                      "ScaleX": 1.0,
                      "ScaleY": 1.0
                    },
                    "CColor": {
                      "R": 116,
                      "G": 132,
                      "B": 226
                    },
                    "IconVisible": false,
                    "PrePosition": {
                      "X": 0.1403,
                      "Y": 0.2479
                    },
                    "PreSize": {
                      "X": 0.1444,
                      "Y": 0.0643
                    },
                    "LeftMargin": 126.226,
                    "RightMargin": 643.774,
                    "TopMargin": 421.1987,
                    "BottomMargin": 102.8013,
                    "Tag": 568,
                    "ActionTag": -119232299,
                    "Size": {
                      "X": 130.0,
                      "Y": 36.0
                    },
                    "Name": "qiangzhuang_0",
                    "ctype": "TextObjectData"
                  },
                  {
                    "FileData": {
                      "Type": "Normal",
                      "Path": "appCommon/fydp/common/langhua.png",
                      "Plist": ""
                    },
                    "BlendFunc": {
                      "Src": 1,
                      "Dst": 771
                    },
                    "AnchorPoint": {
                      "ScaleX": 0.5,
                      "ScaleY": 0.5
                    },
                    "Position": {
                      "X": 86.5936,
                      "Y": 121.031
                    },
                    "Scale": {
                      "ScaleX": 1.0,
                      "ScaleY": 1.0
                    },
                    "CColor": {},
                    "IconVisible": false,
                    "PrePosition": {
                      "X": 0.0962,
                      "Y": 0.2161
                    },
                    "PreSize": {
                      "X": 0.0644,
                      "Y": 0.0482
                    },
                    "LeftMargin": 57.5936,
                    "RightMargin": 784.4064,
                    "TopMargin": 425.469,
                    "BottomMargin": 107.531,
                    "Tag": 569,
                    "ActionTag": -1238344573,
                    "Size": {
                      "X": 58.0,
                      "Y": 27.0
                    },
                    "Name": "langhua_214_0_1_0",
                    "ctype": "SpriteObjectData"
                  },
                  {
                    "FontSize": 32,
                    "LabelText": "其        他",
                    "FontResource": {
                      "Type": "Normal",
                      "Path": "image/fonts/FZZY.TTF",
                      "Plist": ""
                    },
                    "OutlineColor": {
                      "R": 161,
                      "G": 81,
                      "B": 19
                    },
                    "ShadowColor": {
                      "R": 110,
                      "G": 110,
                      "B": 110
                    },
                    "ShadowOffsetX": 2.0,
                    "ShadowOffsetY": -2.0,
                    "AnchorPoint": {
                      "ScaleY": 1.0
                    },
                    "Position": {
                      "X": 126.226,
                      "Y": 90.198
                    },
                    "Scale": {
                      "ScaleX": 1.0,
                      "ScaleY": 1.0
                    },
                    "CColor": {
                      "R": 116,
                      "G": 132,
                      "B": 226
                    },
                    "IconVisible": false,
                    "PrePosition": {
                      "X": 0.1403,
                      "Y": 0.1611
                    },
                    "PreSize": {
                      "X": 0.1456,
                      "Y": 0.0643
                    },
                    "LeftMargin": 126.226,
                    "RightMargin": 642.774,
                    "TopMargin": 469.8019,
                    "BottomMargin": 54.198,
                    "Tag": 570,
                    "ActionTag": -602502887,
                    "Size": {
                      "X": 131.0,
                      "Y": 36.0
                    },
                    "Name": "qiangzhuang_0_0",
                    "ctype": "TextObjectData"
                  },
                  {
                    "FileData": {
                      "Type": "Normal",
                      "Path": "appCommon/fydp/common/langhua.png",
                      "Plist": ""
                    },
                    "BlendFunc": {
                      "Src": 1,
                      "Dst": 771
                    },
                    "AnchorPoint": {
                      "ScaleX": 0.5,
                      "ScaleY": 0.5
                    },
                    "Position": {
                      "X": 86.5936,
                      "Y": 72.1981
                    },
                    "Scale": {
                      "ScaleX": 1.0,
                      "ScaleY": 1.0
                    },
                    "CColor": {},
                    "IconVisible": false,
                    "PrePosition": {
                      "X": 0.0962,
                      "Y": 0.1289
                    },
                    "PreSize": {
                      "X": 0.0644,
                      "Y": 0.0482
                    },
                    "LeftMargin": 57.5936,
                    "RightMargin": 784.4064,
                    "TopMargin": 474.3019,
                    "BottomMargin": 58.6981,
                    "Tag": 571,
                    "ActionTag": 1320824570,
                    "Size": {
                      "X": 58.0,
                      "Y": 27.0
                    },
                    "Name": "langhua_214_0_1_0_0",
                    "ctype": "SpriteObjectData"
                  },
                  {
                    "FontSize": 28,
                    "LabelText": "房主支付 闲家推注房主支付 闲家推注闲家推注",
                    "FontResource": {
                      "Type": "Normal",
                      "Path": "image/fonts/FZZY.TTF",
                      "Plist": ""
                    },
                    "VerticalAlignmentType": "VT_Center",
                    "OutlineColor": {
                      "G": 0,
                      "B": 0
                    },
                    "ShadowColor": {
                      "R": 110,
                      "G": 110,
                      "B": 110
                    },
                    "ShadowOffsetX": 2.0,
                    "ShadowOffsetY": -2.0,
                    "AnchorPoint": {
                      "ScaleY": 0.5
                    },
                    "Position": {
                      "X": 275.0681,
                      "Y": 119.5064
                    },
                    "Scale": {
                      "ScaleX": 1.0,
                      "ScaleY": 1.0
                    },
                    "CColor": {
                      "R": 197,
                      "G": 213
                    },
                    "IconVisible": false,
                    "PrePosition": {
                      "X": 0.3056,
                      "Y": 0.2134
                    },
                    "PreSize": {
                      "X": 0.6411,
                      "Y": 0.0571
                    },
                    "LeftMargin": 275.0681,
                    "RightMargin": 47.9319,
                    "TopMargin": 424.4936,
                    "BottomMargin": 103.5064,
                    "Tag": 572,
                    "ActionTag": 542241914,
                    "Size": {
                      "X": 577.0,
                      "Y": 32.0
                    },
                    "Name": "tuizhu_value",
                    "ctype": "TextObjectData"
                  },
                  {
                    "FontSize": 28,
                    "LabelText": "房主支付 闲家推注房主支付 闲家推注闲家推注\n房主支付 闲家推注房主支付 闲家推注闲家推注",
                    "FontResource": {
                      "Type": "Normal",
                      "Path": "image/fonts/FZZY.TTF",
                      "Plist": ""
                    },
                    "VerticalAlignmentType": "VT_Center",
                    "OutlineColor": {
                      "G": 0,
                      "B": 0
                    },
                    "ShadowColor": {
                      "R": 110,
                      "G": 110,
                      "B": 110
                    },
                    "ShadowOffsetX": 2.0,
                    "ShadowOffsetY": -2.0,
                    "AnchorPoint": {
                      "ScaleY": 0.5
                    },
                    "Position": {
                      "X": 275.0681,
                      "Y": 57.1977
                    },
                    "Scale": {
                      "ScaleX": 1.0,
                      "ScaleY": 1.0
                    },
                    "CColor": {
                      "R": 197,
                      "G": 213
                    },
                    "IconVisible": false,
                    "PrePosition": {
                      "X": 0.3056,
                      "Y": 0.1021
                    },
                    "PreSize": {
                      "X": 0.6411,
                      "Y": 0.1143
                    },
                    "LeftMargin": 275.0681,
                    "RightMargin": 47.9319,
                    "TopMargin": 470.8023,
                    "BottomMargin": 25.1977,
                    "Tag": 573,
                    "ActionTag": -1891060676,
                    "Size": {
                      "X": 577.0,
                      "Y": 64.0
                    },
                    "Name": "qita_value",
                    "ctype": "TextObjectData"
                  }
                ],
                "ActionTag": 395604154,
                "Size": {
                  "X": 900.0,
                  "Y": 560.0
                },
                "Name": "panel",
                "ctype": "ImageViewObjectData"
              },
              {
                "FileData": {
                  "Type": "Normal",
                  "Path": "appCommon/fydp/common/btClose.png",
                  "Plist": ""
                },
                "BlendFunc": {
                  "Src": 1,
                  "Dst": 771
                },
                "AnchorPoint": {
                  "ScaleX": 0.5,
                  "ScaleY": 0.5
                },
                "Position": {
                  "X": 1079.257,
                  "Y": 622.1198
                },
                "Scale": {
                  "ScaleX": 1.0,
                  "ScaleY": 1.0
                },
                "CColor": {},
                "IconVisible": false,
                "PrePosition": {
                  "X": 0.8432,
                  "Y": 0.8641
                },
                "PreSize": {
                  "X": 0.0656,
                  "Y": 0.1125
                },
                "LeftMargin": 1037.257,
                "RightMargin": 158.743,
                "TopMargin": 57.3802,
                "BottomMargin": 581.6198,
                "Tag": 1096,
                "ActionTag": -912059795,
                "Size": {
                  "X": 84.0,
                  "Y": 81.0
                },
                "Name": "btClose",
                "ctype": "SpriteObjectData"
              }
            ],
            "ActionTag": 1532292151,
            "Size": {
              "X": 1280.0,
              "Y": 720.0
            },
            "Name": "root",
            "ctype": "PanelObjectData"
          }
        ],
        "Size": {
          "X": 1280.0,
          "Y": 720.0
        },
        "Name": "Scene",
        "ctype": "SingleNodeObjectData"
      },
      "UsedResources": [
        "../../../appCommon/fydp/common/btClose.png",
        "../../../appCommon/fydp/common/langhua.png",
        "../../../appCommon/fydp/common/player_info_bg.png",
        "../../../appCommon/fydp/common/transparent/transparent_1280x720.png",
        "../../../image/fonts/FZZY.TTF"
      ],
      "ctype": "GameFileData"
    }
  },
  "Type": "Scene"
}