{"skeleton":{"hash":"jVH7O+PfvP3fQcKl/rpS7FZTQLc","spine":"3.6.36","width":0,"height":0,"images":"./images/"},"bones":[{"name":"root"},{"name":"zong","parent":"root"},{"name":"bing","parent":"zong"},{"name":"bing2","parent":"zong"},{"name":"bingkuai","parent":"zong"},{"name":"bingkuai2","parent":"zong"},{"name":"bingkuai3","parent":"zong"},{"name":"liuguang","parent":"zong"},{"name":"tong","parent":"zong"},{"name":"yan","parent":"zong"},{"name":"yan2","parent":"zong"},{"name":"yan3","parent":"zong"},{"name":"yan4","parent":"zong"},{"name":"yan5","parent":"zong"}],"slots":[{"name":"zz","bone":"root"},{"name":"bing1","bone":"bing"},{"name":"bing2","bone":"bing2","blend":"additive"},{"name":"bing0","bone":"bingkuai"},{"name":"bing3","bone":"bingkuai2"},{"name":"bing4","bone":"bingkuai3"},{"name":"bingtong01","bone":"tong"},{"name":"bingtong_yan","bone":"yan","blend":"additive"},{"name":"bingtong_yan4","bone":"yan4","blend":"additive"},{"name":"bingtong_yan2","bone":"yan2","blend":"additive"},{"name":"bingtong_yan3","bone":"yan3","blend":"additive"},{"name":"bingtong_yan5","bone":"yan5","blend":"additive"},{"name":"bingtong_liuguang01","bone":"liuguang","color":"ffffff9c","blend":"additive"}],"skins":{"default":{"bing0":{"bing0":{"width":20,"height":21}},"bing1":{"bing1":{"width":81,"height":82},"bing2":{"width":81,"height":82},"bing3":{"width":81,"height":82},"bing4":{"width":81,"height":82},"bing5":{"width":81,"height":82}},"bing2":{"bing5":{"width":81,"height":82}},"bing3":{"bing0":{"width":20,"height":21}},"bing4":{"bing0":{"width":20,"height":21}},"bingtong01":{"bingtong01":{"width":90,"height":93},"bingtong02":{"x":0.68,"y":1.54,"width":92,"height":96},"bingtong03":{"x":11.97,"y":22.47,"width":114,"height":137},"bingtong04":{"x":29.71,"y":41.9,"width":150,"height":177},"bingtong05":{"x":29.5,"y":46.85,"width":150,"height":187}},"bingtong_liuguang01":{"bingtong_liuguang01":{"width":82,"height":82},"bingtong_liuguang02":{"width":82,"height":82},"bingtong_liuguang03":{"width":82,"height":82},"bingtong_liuguang04":{"width":82,"height":82},"bingtong_liuguang5":{"width":82,"height":82}},"bingtong_yan":{"bingtong_yan":{"width":50,"height":50}},"bingtong_yan2":{"bingtong_yan":{"width":50,"height":50}},"bingtong_yan3":{"bingtong_yan":{"width":50,"height":50}},"bingtong_yan4":{"bingtong_yan":{"width":50,"height":50}},"bingtong_yan5":{"bingtong_yan":{"width":50,"height":50}}}},"animations":{"bingtong1":{"slots":{"bingtong01":{"attachment":[{"time":0,"name":"bingtong01"}]}},"bones":{"tong":{"rotate":[{"time":0,"angle":0}],"translate":[{"time":0,"x":0,"y":0}]}}},"bingtong2":{"slots":{"bing0":{"color":[{"time":0.2333,"color":"cbfffffe","curve":"stepped"},{"time":0.8,"color":"cbfffffe"},{"time":0.9333,"color":"cbffff00"}],"attachment":[{"time":0.2333,"name":"bing0"}]},"bing1":{"attachment":[{"time":0.4667,"name":"bing1"},{"time":0.5667,"name":"bing2"},{"time":0.6667,"name":"bing3"},{"time":0.7667,"name":"bing4"},{"time":0.8667,"name":"bing5"},{"time":2.1667,"name":"bing5"}]},"bing2":{"color":[{"time":1.4667,"color":"ffffff00"},{"time":1.6,"color":"ffffff94"},{"time":1.7,"color":"ffffff24"}],"attachment":[{"time":1.4667,"name":"bing5"},{"time":1.7,"name":null},{"time":2.1667,"name":"bing5"}]},"bing3":{"color":[{"time":0.5,"color":"cbfffffe","curve":"stepped"},{"time":1,"color":"cbfffffe"},{"time":1.2,"color":"cbffff00"}],"attachment":[{"time":0.5,"name":"bing0"}]},"bing4":{"color":[{"time":0.3667,"color":"cbfffffe","curve":"stepped"},{"time":0.9333,"color":"cbfffffe"},{"time":1.0667,"color":"cbffff00"}],"attachment":[{"time":0.3667,"name":"bing0"}]},"bingtong01":{"color":[{"time":0.8333,"color":"fffffffe"},{"time":0.9333,"color":"ffffff00"}],"attachment":[{"time":0,"name":"bingtong01"},{"time":0.1667,"name":"bingtong02"},{"time":0.2333,"name":"bingtong03"},{"time":0.3,"name":"bingtong04"},{"time":0.3667,"name":"bingtong05"},{"time":0.4333,"name":"bingtong04"},{"time":0.5,"name":"bingtong05"},{"time":0.5667,"name":"bingtong04"},{"time":0.6333,"name":"bingtong05"},{"time":0.7,"name":"bingtong04"},{"time":0.7667,"name":"bingtong05"},{"time":0.8333,"name":"bingtong04"},{"time":0.9,"name":"bingtong02"},{"time":0.9333,"name":"bingtong02"}]},"bingtong_liuguang01":{"attachment":[{"time":1.4333,"name":"bingtong_liuguang01"},{"time":1.5,"name":"bingtong_liuguang02"},{"time":1.5667,"name":"bingtong_liuguang03"},{"time":1.6333,"name":"bingtong_liuguang04"},{"time":1.7,"name":"bingtong_liuguang5"},{"time":1.7667,"name":null}]},"bingtong_yan":{"color":[{"time":0.5,"color":"ffffff00"},{"time":0.5667,"color":"ffffff4e"},{"time":0.9333,"color":"ffffff32"},{"time":1.1,"color":"ffffff00"}],"attachment":[{"time":0.5,"name":"bingtong_yan"}]},"bingtong_yan2":{"color":[{"time":0.4,"color":"ffffff30"},{"time":0.4667,"color":"ffffff58"},{"time":0.8667,"color":"ffffff3c"},{"time":1.0333,"color":"ffffff00"}],"attachment":[{"time":0.4,"name":"bingtong_yan"}]},"bingtong_yan3":{"color":[{"time":0.4667,"color":"ffffff30"},{"time":0.5333,"color":"ffffff64"},{"time":1,"color":"ffffff4e"},{"time":1.1667,"color":"ffffff00"}],"attachment":[{"time":0.4667,"name":"bingtong_yan"}]},"bingtong_yan4":{"color":[{"time":0.7667,"color":"ffffff00"},{"time":0.8333,"color":"ffffff44"},{"time":1.1667,"color":"ffffff1c"},{"time":1.3667,"color":"ffffff00"}],"attachment":[{"time":0.7667,"name":"bingtong_yan"}]},"bingtong_yan5":{"color":[{"time":0.6333,"color":"ffffff30"},{"time":0.7333,"color":"ffffff3c"},{"time":1.1667,"color":"ffffff22"},{"time":1.3333,"color":"ffffff00"}],"attachment":[{"time":0.6333,"name":"bingtong_yan"}]}},"bones":{"tong":{"rotate":[{"time":0,"angle":0,"curve":[0.062,0.54,0.75,1]},{"time":0.3333,"angle":-83.1,"curve":"stepped"},{"time":0.8333,"angle":-83.1},{"time":0.9333,"angle":-71.66}],"translate":[{"time":0,"x":0,"y":0,"curve":[0.062,0.54,0.75,1]},{"time":0.3333,"x":-77.6,"y":117.52,"curve":"stepped"},{"time":0.8333,"x":-77.6,"y":117.52},{"time":0.9333,"x":-113.07,"y":102.65}]},"bing":{"translate":[{"time":1.0333,"x":0,"y":0},{"time":1.0667,"x":4.24,"y":0},{"time":1.1,"x":-5.98,"y":-6.46},{"time":1.1333,"x":6.44,"y":6.22},{"time":1.1667,"x":-1.63,"y":-3.59},{"time":1.2,"x":-0.46,"y":3.73},{"time":1.2333,"x":-5.04,"y":4.75},{"time":1.2667,"x":8.12,"y":-1.5},{"time":1.3,"x":-6.01,"y":0.1},{"time":1.3333,"x":0,"y":0}]},"yan":{"rotate":[{"time":0.5,"angle":0},{"time":1.1,"angle":8}],"translate":[{"time":0.5,"x":20.07,"y":32.78,"curve":[0,0.42,0.75,1]},{"time":1.1,"x":32.89,"y":5.73}],"scale":[{"time":0.5,"x":1.7,"y":1.7},{"time":1.1,"x":2,"y":2.311}]},"yan2":{"rotate":[{"time":0.4,"angle":0},{"time":1.0333,"angle":-8.68}],"translate":[{"time":0.4,"x":-22.04,"y":32.78,"curve":[0.055,0.24,0.75,1]},{"time":1.0333,"x":-50.67,"y":4.48}],"scale":[{"time":0.4,"x":-1.5,"y":-1.92},{"time":1.0333,"x":-2.18,"y":-2.05}]},"yan3":{"rotate":[{"time":0.4667,"angle":0},{"time":1.1667,"angle":6.98}],"translate":[{"time":0.4667,"x":-1.38,"y":32.78,"curve":[0,0.43,0.75,1]},{"time":1.1667,"x":-3.36,"y":-25.98}],"scale":[{"time":0.4667,"x":-1,"y":1},{"time":1.1667,"x":-2,"y":2}]},"yan4":{"rotate":[{"time":0.7667,"angle":20.67},{"time":1.3667,"angle":34.02}],"translate":[{"time":0.7667,"x":30.57,"y":40.66,"curve":[0,0.4,0.75,1]},{"time":1.3667,"x":44.7,"y":17.54}],"scale":[{"time":0.7667,"x":1.384,"y":1.384},{"time":1.3667,"x":1.894,"y":2.23}]},"yan5":{"rotate":[{"time":0.6333,"angle":-46.81},{"time":1.3333,"angle":-45.11}],"translate":[{"time":0.6333,"x":-1.38,"y":32.78,"curve":[0.079,0.32,0.75,1]},{"time":1.3333,"x":-13.86,"y":4.16}],"scale":[{"time":0.6333,"x":-1,"y":1},{"time":1.3333,"x":-2,"y":2}]},"bingkuai":{"rotate":[{"time":0.2333,"angle":0},{"time":0.3667,"angle":-39.95},{"time":0.5667,"angle":-93.88},{"time":0.8,"angle":67.48},{"time":0.9333,"angle":140.44}],"translate":[{"time":0.2333,"x":-35.23,"y":102.59},{"time":0.3667,"x":-3.06,"y":44.99},{"time":0.5667,"x":0,"y":-41.41},{"time":0.6667,"x":-18.08,"y":-18.81},{"time":0.8,"x":-38.87,"y":-34.17},{"time":0.8667,"x":-47.77,"y":-25.28},{"time":0.9333,"x":-60,"y":-34.17}],"scale":[{"time":0.2333,"x":0.751,"y":0.751}]},"bingkuai2":{"rotate":[{"time":0.5,"angle":0},{"time":0.6333,"angle":-39.95},{"time":0.8,"angle":-93.88},{"time":1,"angle":67.48},{"time":1.2,"angle":140.44}],"translate":[{"time":0.5,"x":-35.23,"y":102.59},{"time":0.6333,"x":17.86,"y":44.99},{"time":0.8,"x":40.23,"y":-41.41},{"time":0.9,"x":52.72,"y":-18.81},{"time":1,"x":62.49,"y":-34.17},{"time":1.1,"x":69.69,"y":-25.28},{"time":1.2,"x":78.37,"y":-34.17}],"scale":[{"time":0.5,"x":0.551,"y":0.551}]},"bingkuai3":{"rotate":[{"time":0.3667,"angle":0},{"time":0.5,"angle":-39.95},{"time":0.7,"angle":-93.88},{"time":0.9333,"angle":67.48},{"time":1.0667,"angle":140.44}],"translate":[{"time":0.3667,"x":-35.23,"y":102.59},{"time":0.5,"x":-19.17,"y":44.99},{"time":0.7,"x":-29.2,"y":-41.41},{"time":0.8,"x":-43.39,"y":-18.81},{"time":0.9333,"x":-50.09,"y":-34.17},{"time":1,"x":-53.31,"y":-31.61},{"time":1.0667,"x":-53.96,"y":-34.17}],"scale":[{"time":0.3667,"x":0.6,"y":0.6}]}}}}}