{
  "ID": "ee338052-8b40-4559-b1c0-21e3cdf0549e",
  "Version": "3.10.0.0",
  "Name": "BindingAgencyLayer",
  "Content": {
    "Content": {
      "Animation": {
        "Duration": 0,
        "Speed": 1.0,
        "Timelines": [],
        "ctype": "TimelineActionData"
      },
      "AnimationList": [],
      "ObjectData": {
        "Tag": 203,
        "Children": [
          {
            "ClipAble": false,
            "BackColorAlpha": 102,
            "SingleColor": {
              "R": 150,
              "G": 200
            },
            "FirstColor": {
              "R": 150,
              "G": 200
            },
            "EndColor": {},
            "ColorVector": {
              "ScaleY": 1.0
            },
            "Scale9Width": 1,
            "Scale9Height": 1,
            "TouchEnable": true,
            "AnchorPoint": {
              "ScaleX": 0.5,
              "ScaleY": 0.5
            },
            "Position": {
              "X": 640.0,
              "Y": 360.0
            },
            "Scale": {
              "ScaleX": 1.0,
              "ScaleY": 1.0
            },
            "CColor": {},
            "IconVisible": false,
            "PrePosition": {
              "X": 0.5,
              "Y": 0.5
            },
            "PreSize": {
              "X": 1.0,
              "Y": 1.0
            },
            "Tag": 934,
            "Children": [
              {
                "FileData": {
                  "Type": "Normal",
                  "Path": "image/ui/wxshop/bangdingtishi.png",
                  "Plist": ""
                },
                "BlendFunc": {
                  "Src": 1,
                  "Dst": 771
                },
                "AnchorPoint": {
                  "ScaleX": 0.5,
                  "ScaleY": 0.5
                },
                "Position": {
                  "X": 640.0,
                  "Y": 369.5909
                },
                "Scale": {
                  "ScaleX": 1.0,
                  "ScaleY": 1.0
                },
                "CColor": {},
                "IconVisible": false,
                "PositionPercentXEnabled": true,
                "PrePosition": {
                  "X": 0.5,
                  "Y": 0.5133
                },
                "PreSize": {
                  "X": 0.7758,
                  "Y": 0.9014
                },
                "LeftMargin": 143.5,
                "RightMargin": 143.5,
                "TopMargin": 25.9091,
                "BottomMargin": 45.0909,
                "Tag": 71,
                "ActionTag": 131705003,
                "Size": {
                  "X": 993.0,
                  "Y": 649.0
                },
                "Name": "bangdingtishi_14",
                "ctype": "SpriteObjectData"
              },
              {
                "FontSize": 24,
                "LabelText": "微信公众号000\nyykf99960000",
                "FontResource": {
                  "Type": "Normal",
                  "Path": "image/fonts/FZZY.TTF",
                  "Plist": ""
                },
                "HorizontalAlignmentType": "HT_Center",
                "VerticalAlignmentType": "VT_Center",
                "OutlineColor": {
                  "R": 152,
                  "G": 24,
                  "B": 24
                },
                "ShadowColor": {
                  "R": 152,
                  "G": 24,
                  "B": 24
                },
                "ShadowOffsetX": 0.0,
                "ShadowOffsetY": 0.0,
                "AnchorPoint": {
                  "ScaleX": 0.5,
                  "ScaleY": 0.5
                },
                "Position": {
                  "X": 529.0065,
                  "Y": 373.1608
                },
                "Scale": {
                  "ScaleX": 1.0,
                  "ScaleY": 1.0
                },
                "CColor": {},
                "IconVisible": false,
                "PrePosition": {
                  "X": 0.4133,
                  "Y": 0.5183
                },
                "PreSize": {
                  "X": 0.1266,
                  "Y": 0.075
                },
                "LeftMargin": 448.0065,
                "RightMargin": 669.9935,
                "TopMargin": 319.8392,
                "BottomMargin": 346.1608,
                "Tag": 118,
                "ActionTag": 1887570268,
                "Size": {
                  "X": 162.0,
                  "Y": 54.0
                },
                "Name": "weixin",
                "ctype": "TextObjectData"
              },
              {
                "FileData": {
                  "Type": "Normal",
                  "Path": "image/ui/room2/room_join_close.png",
                  "Plist": ""
                },
                "BlendFunc": {
                  "Src": 1,
                  "Dst": 771
                },
                "AnchorPoint": {
                  "ScaleX": 0.5,
                  "ScaleY": 0.5
                },
                "Position": {
                  "X": 1119.3605,
                  "Y": 647.8144
                },
                "Scale": {
                  "ScaleX": 1.0,
                  "ScaleY": 1.0
                },
                "CColor": {},
                "IconVisible": false,
                "PrePosition": {
                  "X": 0.8745,
                  "Y": 0.8997
                },
                "PreSize": {
                  "X": 0.0641,
                  "Y": 0.1139
                },
                "LeftMargin": 1078.3605,
                "RightMargin": 119.6395,
                "TopMargin": 31.1856,
                "BottomMargin": 606.8144,
                "Tag": 359,
                "ActionTag": -1841204478,
                "Size": {
                  "X": 82.0,
                  "Y": 82.0
                },
                "Name": "close",
                "ctype": "SpriteObjectData"
              },
              {
                "FileData": {
                  "Type": "Normal",
                  "Path": "image/ui/wxshop/di2.png",
                  "Plist": ""
                },
                "BlendFunc": {
                  "Src": 1,
                  "Dst": 771
                },
                "AnchorPoint": {
                  "ScaleX": 0.5,
                  "ScaleY": 0.5
                },
                "Position": {
                  "X": 640.0,
                  "Y": 646.42
                },
                "Scale": {
                  "ScaleX": 1.0,
                  "ScaleY": 1.0
                },
                "CColor": {},
                "IconVisible": false,
                "PositionPercentXEnabled": true,
                "PrePosition": {
                  "X": 0.5,
                  "Y": 0.8978
                },
                "PreSize": {
                  "X": 0.3484,
                  "Y": 0.1833
                },
                "LeftMargin": 417.0,
                "RightMargin": 417.0,
                "TopMargin": 7.58,
                "BottomMargin": 580.42,
                "Tag": 3780,
                "ActionTag": 848658453,
                "Size": {
                  "X": 446.0,
                  "Y": 132.0
                },
                "Name": "di2_3",
                "ctype": "SpriteObjectData"
              },
              {
                "ClipAble": false,
                "BackColorAlpha": 102,
                "SingleColor": {
                  "R": 150,
                  "G": 200
                },
                "FirstColor": {
                  "R": 150,
                  "G": 200
                },
                "EndColor": {},
                "ColorVector": {
                  "ScaleY": 1.0
                },
                "Scale9Width": 1,
                "Scale9Height": 1,
                "TouchEnable": true,
                "AnchorPoint": {},
                "Position": {
                  "X": 0.0,
                  "Y": 0.0
                },
                "Scale": {
                  "ScaleX": 1.0,
                  "ScaleY": 1.0
                },
                "CColor": {},
                "IconVisible": false,
                "PrePosition": {
                  "X": 0.0,
                  "Y": 0.0
                },
                "PreSize": {
                  "X": 0.0781,
                  "Y": 0.1389
                },
                "RightMargin": 1180.0,
                "TopMargin": 620.0,
                "Tag": 3540,
                "Children": [
                  {
                    "FileData": {
                      "Type": "Normal",
                      "Path": "image/ui/wxshop/shurukuangbg.png",
                      "Plist": ""
                    },
                    "BlendFunc": {
                      "Src": 1,
                      "Dst": 771
                    },
                    "AnchorPoint": {
                      "ScaleX": 0.5,
                      "ScaleY": 0.5
                    },
                    "Position": {
                      "X": 790.6493,
                      "Y": 290.9501
                    },
                    "Scale": {
                      "ScaleX": 1.0,
                      "ScaleY": 1.0
                    },
                    "CColor": {},
                    "IconVisible": false,
                    "PrePosition": {
                      "X": 7.9065,
                      "Y": 2.9095
                    },
                    "PreSize": {
                      "X": 3.4,
                      "Y": 0.6
                    },
                    "LeftMargin": 620.6493,
                    "RightMargin": -860.6493,
                    "TopMargin": -220.9501,
                    "BottomMargin": 260.9501,
                    "Tag": 3541,
                    "ActionTag": 1067929157,
                    "Size": {
                      "X": 340.0,
                      "Y": 60.0
                    },
                    "Name": "bg1",
                    "ctype": "SpriteObjectData"
                  },
                  {
                    "FontResource": {
                      "Type": "Normal",
                      "Path": "image/fonts/FZZY.TTF",
                      "Plist": ""
                    },
                    "FontSize": 36,
                    "IsCustomSize": true,
                    "LabelText": "",
                    "PlaceHolderText": "",
                    "MaxLengthEnable": true,
                    "MaxLengthText": 68,
                    "TouchEnable": true,
                    "AnchorPoint": {
                      "ScaleX": 0.5,
                      "ScaleY": 0.5
                    },
                    "Position": {
                      "X": 794.2307,
                      "Y": 288.6758
                    },
                    "Scale": {
                      "ScaleX": 1.0,
                      "ScaleY": 1.0
                    },
                    "CColor": {},
                    "IconVisible": false,
                    "PrePosition": {
                      "X": 7.9423,
                      "Y": 2.8868
                    },
                    "PreSize": {
                      "X": 3.2,
                      "Y": 0.7
                    },
                    "LeftMargin": 634.2307,
                    "RightMargin": -854.2307,
                    "TopMargin": -223.6758,
                    "BottomMargin": 253.6758,
                    "Tag": 3542,
                    "ActionTag": 2057137448,
                    "Size": {
                      "X": 320.0,
                      "Y": 70.0
                    },
                    "Name": "input",
                    "ctype": "TextFieldObjectData"
                  },
                  {
                    "FileData": {
                      "Type": "Normal",
                      "Path": "image/ui/wxshop/sur.png",
                      "Plist": ""
                    },
                    "BlendFunc": {
                      "Src": 1,
                      "Dst": 771
                    },
                    "AnchorPoint": {
                      "ScaleX": 0.5,
                      "ScaleY": 0.5
                    },
                    "Position": {
                      "X": 781.8691,
                      "Y": 106.4065
                    },
                    "Scale": {
                      "ScaleX": 1.0,
                      "ScaleY": 1.0
                    },
                    "CColor": {},
                    "IconVisible": false,
                    "PrePosition": {
                      "X": 7.8187,
                      "Y": 1.0641
                    },
                    "PreSize": {
                      "X": 2.66,
                      "Y": 1.23
                    },
                    "LeftMargin": 648.8691,
                    "RightMargin": -814.8691,
                    "TopMargin": -67.9065,
                    "BottomMargin": 44.9065,
                    "Tag": 3543,
                    "ActionTag": 818981106,
                    "Size": {
                      "X": 266.0,
                      "Y": 123.0
                    },
                    "Name": "btn_send",
                    "ctype": "SpriteObjectData"
                  },
                  {
                    "FontSize": 32,
                    "LabelText": "邀请码有误请重新输入",
                    "HorizontalAlignmentType": "HT_Center",
                    "OutlineColor": {
                      "R": 0,
                      "G": 0,
                      "B": 0
                    },
                    "ShadowColor": {
                      "R": 110,
                      "G": 110,
                      "B": 110
                    },
                    "ShadowOffsetX": 2.0,
                    "ShadowOffsetY": -2.0,
                    "AnchorPoint": {
                      "ScaleX": 0.5,
                      "ScaleY": 0.5
                    },
                    "Position": {
                      "X": 785.0812,
                      "Y": 172.381
                    },
                    "Scale": {
                      "ScaleX": 1.0,
                      "ScaleY": 1.0
                    },
                    "CColor": {
                      "G": 0,
                      "B": 0
                    },
                    "IconVisible": false,
                    "PrePosition": {
                      "X": 7.8508,
                      "Y": 1.7238
                    },
                    "PreSize": {
                      "X": 3.2,
                      "Y": 0.37
                    },
                    "LeftMargin": 625.0812,
                    "RightMargin": -845.0812,
                    "TopMargin": -90.881,
                    "BottomMargin": 153.881,
                    "Tag": 3548,
                    "ActionTag": 2079958709,
                    "Size": {
                      "X": 320.0,
                      "Y": 37.0
                    },
                    "VisibleForFrame": false,
                    "Name": "chongxinshuru",
                    "ctype": "TextObjectData"
                  },
                  {
                    "FontSize": 40,
                    "LabelText": "点击输入邀请码",
                    "FontResource": {
                      "Type": "Normal",
                      "Path": "image/fonts/FZZY.TTF",
                      "Plist": ""
                    },
                    "OutlineColor": {
                      "G": 0,
                      "B": 0
                    },
                    "ShadowColor": {
                      "R": 110,
                      "G": 110,
                      "B": 110
                    },
                    "ShadowOffsetX": 2.0,
                    "ShadowOffsetY": -2.0,
                    "AnchorPoint": {
                      "ScaleX": 0.5,
                      "ScaleY": 0.5
                    },
                    "Position": {
                      "X": 787.9851,
                      "Y": 288.9915
                    },
                    "Scale": {
                      "ScaleX": 0.8685,
                      "ScaleY": 1.0
                    },
                    "CColor": {},
                    "IconVisible": false,
                    "PrePosition": {
                      "X": 7.8799,
                      "Y": 2.8899
                    },
                    "PreSize": {
                      "X": 2.81,
                      "Y": 0.45
                    },
                    "LeftMargin": 647.4851,
                    "RightMargin": -828.4851,
                    "TopMargin": -211.4915,
                    "BottomMargin": 266.4915,
                    "Tag": 693,
                    "ActionTag": 1734439923,
                    "Size": {
                      "X": 281.0,
                      "Y": 45.0
                    },
                    "Name": "tishi",
                    "ctype": "TextObjectData"
                  }
                ],
                "ActionTag": 176939631,
                "Size": {
                  "X": 100.0,
                  "Y": 100.0
                },
                "Name": "mask",
                "ctype": "PanelObjectData"
              },
              {
                "ClipAble": false,
                "BackColorAlpha": 102,
                "SingleColor": {
                  "R": 150,
                  "G": 200
                },
                "FirstColor": {
                  "R": 150,
                  "G": 200
                },
                "EndColor": {},
                "ColorVector": {
                  "ScaleY": 1.0
                },
                "Scale9Width": 1,
                "Scale9Height": 1,
                "TouchEnable": true,
                "AnchorPoint": {},
                "Position": {
                  "X": 20.0,
                  "Y": -20.0
                },
                "Scale": {
                  "ScaleX": 1.0,
                  "ScaleY": 1.0
                },
                "CColor": {},
                "IconVisible": false,
                "PrePosition": {
                  "X": 0.0156,
                  "Y": -0.0278
                },
                "PreSize": {
                  "X": 0.0781,
                  "Y": 0.1389
                },
                "LeftMargin": 20.0,
                "RightMargin": 1160.0,
                "TopMargin": 640.0,
                "BottomMargin": -20.0,
                "Tag": 473,
                "Children": [
                  {
                    "FileData": {
                      "Type": "Normal",
                      "Path": "image/ui/wxshop/bindbg.png",
                      "Plist": ""
                    },
                    "Scale9OriginX": 112,
                    "Scale9OriginY": 19,
                    "Scale9Width": 250,
                    "Scale9Height": 456,
                    "AnchorPoint": {
                      "ScaleX": 0.5,
                      "ScaleY": 0.5
                    },
                    "Position": {
                      "X": 829.8013,
                      "Y": 353.2253
                    },
                    "Scale": {
                      "ScaleX": 1.0,
                      "ScaleY": 1.0
                    },
                    "CColor": {},
                    "IconVisible": false,
                    "PrePosition": {
                      "X": 8.298,
                      "Y": 3.5323
                    },
                    "PreSize": {
                      "X": 4.7,
                      "Y": 4.95
                    },
                    "LeftMargin": 594.8013,
                    "RightMargin": -964.8013,
                    "TopMargin": -500.7253,
                    "BottomMargin": 105.7253,
                    "Tag": 3783,
                    "ActionTag": -291949517,
                    "Size": {
                      "X": 470.0,
                      "Y": 495.0
                    },
                    "Name": "Image_1_0",
                    "ctype": "ImageViewObjectData"
                  },
                  {
                    "FontSize": 32,
                    "LabelText": "邀请人",
                    "HorizontalAlignmentType": "HT_Center",
                    "OutlineColor": {
                      "R": 0,
                      "G": 0,
                      "B": 0
                    },
                    "ShadowColor": {
                      "R": 110,
                      "G": 110,
                      "B": 110
                    },
                    "ShadowOffsetX": 2.0,
                    "ShadowOffsetY": -2.0,
                    "AnchorPoint": {
                      "ScaleX": 0.5,
                      "ScaleY": 0.5
                    },
                    "Position": {
                      "X": 823.2434,
                      "Y": 495.2073
                    },
                    "Scale": {
                      "ScaleX": 1.0,
                      "ScaleY": 1.0
                    },
                    "CColor": {},
                    "IconVisible": false,
                    "PrePosition": {
                      "X": 8.2324,
                      "Y": 4.9521
                    },
                    "PreSize": {
                      "X": 0.96,
                      "Y": 0.37
                    },
                    "LeftMargin": 775.2434,
                    "RightMargin": -771.2434,
                    "TopMargin": -413.7073,
                    "BottomMargin": 476.7073,
                    "Tag": 481,
                    "ActionTag": 687929070,
                    "Size": {
                      "X": 96.0,
                      "Y": 37.0
                    },
                    "Name": "yaoqingren",
                    "ctype": "TextObjectData"
                  },
                  {
                    "FontSize": 28,
                    "LabelText": "绑定成功！\n您已得到18张房卡奖励！",
                    "HorizontalAlignmentType": "HT_Center",
                    "OutlineColor": {
                      "R": 0,
                      "G": 0,
                      "B": 0
                    },
                    "ShadowColor": {
                      "R": 110,
                      "G": 110,
                      "B": 110
                    },
                    "ShadowOffsetX": 2.0,
                    "ShadowOffsetY": -2.0,
                    "AnchorPoint": {
                      "ScaleX": 0.5,
                      "ScaleY": 0.5
                    },
                    "Position": {
                      "X": 839.5842,
                      "Y": 281.6716
                    },
                    "Scale": {
                      "ScaleX": 1.0,
                      "ScaleY": 1.0
                    },
                    "CColor": {
                      "R": 241,
                      "G": 185,
                      "B": 35
                    },
                    "IconVisible": false,
                    "PrePosition": {
                      "X": 8.3958,
                      "Y": 2.8167
                    },
                    "PreSize": {
                      "X": 3.12,
                      "Y": 0.64
                    },
                    "LeftMargin": 683.5842,
                    "RightMargin": -895.5842,
                    "TopMargin": -213.6716,
                    "BottomMargin": 249.6716,
                    "Tag": 484,
                    "ActionTag": 159457469,
                    "Size": {
                      "X": 312.0,
                      "Y": 64.0
                    },
                    "Name": "maoshu_0_0",
                    "ctype": "TextObjectData"
                  },
                  {
                    "FontSize": 24,
                    "LabelText": "*温馨提示:奖励会有延迟，请耐心等待",
                    "HorizontalAlignmentType": "HT_Center",
                    "OutlineColor": {
                      "R": 0,
                      "G": 0,
                      "B": 0
                    },
                    "ShadowColor": {
                      "R": 110,
                      "G": 110,
                      "B": 110
                    },
                    "ShadowOffsetX": 2.0,
                    "ShadowOffsetY": -2.0,
                    "AnchorPoint": {
                      "ScaleX": 0.5,
                      "ScaleY": 0.5
                    },
                    "Position": {
                      "X": 834.1569,
                      "Y": 183.8236
                    },
                    "Scale": {
                      "ScaleX": 1.0,
                      "ScaleY": 1.0
                    },
                    "CColor": {
                      "R": 104,
                      "G": 112,
                      "B": 176
                    },
                    "IconVisible": false,
                    "PrePosition": {
                      "X": 8.3416,
                      "Y": 1.8382
                    },
                    "PreSize": {
                      "X": 4.01,
                      "Y": 0.28
                    },
                    "LeftMargin": 633.6569,
                    "RightMargin": -934.657,
                    "TopMargin": -97.8236,
                    "BottomMargin": 169.8236,
                    "Tag": 485,
                    "ActionTag": 1174509570,
                    "Size": {
                      "X": 401.0,
                      "Y": 28.0
                    },
                    "Name": "maoshu_0_0_0",
                    "ctype": "TextObjectData"
                  },
                  {
                    "FontSize": 26,
                    "LabelText": "昵称：",
                    "HorizontalAlignmentType": "HT_Center",
                    "OutlineColor": {
                      "R": 0,
                      "G": 0,
                      "B": 0
                    },
                    "ShadowColor": {
                      "R": 110,
                      "G": 110,
                      "B": 110
                    },
                    "ShadowOffsetX": 2.0,
                    "ShadowOffsetY": -2.0,
                    "AnchorPoint": {
                      "ScaleY": 0.5
                    },
                    "Position": {
                      "X": 776.8372,
                      "Y": 423.037
                    },
                    "Scale": {
                      "ScaleX": 1.0,
                      "ScaleY": 1.0
                    },
                    "CColor": {},
                    "IconVisible": false,
                    "PrePosition": {
                      "X": 7.7684,
                      "Y": 4.2304
                    },
                    "PreSize": {
                      "X": 0.78,
                      "Y": 0.31
                    },
                    "LeftMargin": 776.8372,
                    "RightMargin": -754.8372,
                    "TopMargin": -338.537,
                    "BottomMargin": 407.537,
                    "Tag": 680,
                    "ActionTag": -48032162,
                    "Size": {
                      "X": 78.0,
                      "Y": 31.0
                    },
                    "Name": "id_0_0",
                    "ctype": "TextObjectData"
                  },
                  {
                    "FontSize": 26,
                    "LabelText": "ID:",
                    "HorizontalAlignmentType": "HT_Center",
                    "OutlineColor": {
                      "R": 0,
                      "G": 0,
                      "B": 0
                    },
                    "ShadowColor": {
                      "R": 110,
                      "G": 110,
                      "B": 110
                    },
                    "ShadowOffsetX": 2.0,
                    "ShadowOffsetY": -2.0,
                    "AnchorPoint": {
                      "ScaleY": 0.5
                    },
                    "Position": {
                      "X": 776.8372,
                      "Y": 456.7502
                    },
                    "Scale": {
                      "ScaleX": 1.0,
                      "ScaleY": 1.0
                    },
                    "CColor": {},
                    "IconVisible": false,
                    "PrePosition": {
                      "X": 7.7684,
                      "Y": 4.5675
                    },
                    "PreSize": {
                      "X": 0.34,
                      "Y": 0.31
                    },
                    "LeftMargin": 776.8372,
                    "RightMargin": -710.8372,
                    "TopMargin": -372.2502,
                    "BottomMargin": 441.2502,
                    "Tag": 679,
                    "ActionTag": 282798660,
                    "Size": {
                      "X": 34.0,
                      "Y": 31.0
                    },
                    "Name": "id_0",
                    "ctype": "TextObjectData"
                  },
                  {
                    "FileData": {
                      "Type": "Normal",
                      "Path": "image/ui/wxshop/bangdingchenggong.png",
                      "Plist": ""
                    },
                    "BlendFunc": {
                      "Src": 1,
                      "Dst": 771
                    },
                    "AnchorPoint": {
                      "ScaleX": 0.5,
                      "ScaleY": 0.5
                    },
                    "Position": {
                      "X": 986.5631,
                      "Y": 475.9772
                    },
                    "Scale": {
                      "ScaleX": 1.0,
                      "ScaleY": 1.0
                    },
                    "CColor": {},
                    "IconVisible": false,
                    "PrePosition": {
                      "X": 9.8656,
                      "Y": 4.7598
                    },
                    "PreSize": {
                      "X": 1.03,
                      "Y": 1.05
                    },
                    "LeftMargin": 935.0631,
                    "RightMargin": -938.0631,
                    "TopMargin": -428.4772,
                    "BottomMargin": 423.4772,
                    "Tag": 681,
                    "ActionTag": 1967601940,
                    "Size": {
                      "X": 103.0,
                      "Y": 105.0
                    },
                    "Name": "Sprite_119",
                    "ctype": "SpriteObjectData"
                  },
                  {
                    "FileData": {
                      "Type": "Normal",
                      "Path": "appCommon/fydp/common/transparent/transparent_64x64.png",
                      "Plist": ""
                    },
                    "BlendFunc": {
                      "Src": 1,
                      "Dst": 771
                    },
                    "AnchorPoint": {
                      "ScaleX": 0.5,
                      "ScaleY": 0.5
                    },
                    "Position": {
                      "X": 694.5377,
                      "Y": 462.6472
                    },
                    "Scale": {
                      "ScaleX": 1.5,
                      "ScaleY": 1.5
                    },
                    "CColor": {},
                    "IconVisible": false,
                    "PrePosition": {
                      "X": 6.9454,
                      "Y": 4.6265
                    },
                    "PreSize": {
                      "X": 0.64,
                      "Y": 0.64
                    },
                    "LeftMargin": 662.5377,
                    "RightMargin": -626.5377,
                    "TopMargin": -394.6472,
                    "BottomMargin": 430.6472,
                    "Tag": 475,
                    "ActionTag": 800033984,
                    "Size": {
                      "X": 64.0,
                      "Y": 64.0
                    },
                    "Name": "head",
                    "ctype": "SpriteObjectData"
                  },
                  {
                    "FileData": {
                      "Type": "Normal",
                      "Path": "image/ui/wxshop/avatarBg.png",
                      "Plist": ""
                    },
                    "BlendFunc": {
                      "Src": 1,
                      "Dst": 771
                    },
                    "AnchorPoint": {
                      "ScaleX": 0.5144
                    },
                    "Position": {
                      "X": 695.8298,
                      "Y": 408.4604
                    },
                    "Scale": {
                      "ScaleX": 1.0,
                      "ScaleY": 1.0
                    },
                    "CColor": {},
                    "IconVisible": false,
                    "PrePosition": {
                      "X": 6.9583,
                      "Y": 4.0846
                    },
                    "PreSize": {
                      "X": 1.02,
                      "Y": 1.05
                    },
                    "LeftMargin": 643.361,
                    "RightMargin": -645.361,
                    "TopMargin": -413.4604,
                    "BottomMargin": 408.4604,
                    "Tag": 474,
                    "ActionTag": -1554659559,
                    "Size": {
                      "X": 102.0,
                      "Y": 105.0
                    },
                    "Name": "renwutouxiangkuang_6",
                    "ctype": "SpriteObjectData"
                  },
                  {
                    "FontSize": 26,
                    "LabelText": "123423",
                    "OutlineColor": {
                      "R": 0,
                      "G": 0,
                      "B": 0
                    },
                    "ShadowColor": {
                      "R": 110,
                      "G": 110,
                      "B": 110
                    },
                    "ShadowOffsetX": 2.0,
                    "ShadowOffsetY": -2.0,
                    "AnchorPoint": {
                      "ScaleY": 0.5
                    },
                    "Position": {
                      "X": 824.6964,
                      "Y": 455.5594
                    },
                    "Scale": {
                      "ScaleX": 1.0,
                      "ScaleY": 1.0
                    },
                    "CColor": {},
                    "IconVisible": false,
                    "PrePosition": {
                      "X": 8.247,
                      "Y": 4.5556
                    },
                    "PreSize": {
                      "X": 0.87,
                      "Y": 0.31
                    },
                    "LeftMargin": 824.6964,
                    "RightMargin": -811.6964,
                    "TopMargin": -371.0594,
                    "BottomMargin": 440.0594,
                    "Tag": 480,
                    "ActionTag": 1775884056,
                    "Size": {
                      "X": 87.0,
                      "Y": 31.0
                    },
                    "Name": "id",
                    "ctype": "TextObjectData"
                  },
                  {
                    "FontSize": 26,
                    "LabelText": "名字预留七个字",
                    "FontResource": {
                      "Type": "Normal",
                      "Path": "image/fonts/FZZY.TTF",
                      "Plist": ""
                    },
                    "OutlineColor": {
                      "R": 0,
                      "G": 0,
                      "B": 0
                    },
                    "ShadowColor": {
                      "R": 110,
                      "G": 110,
                      "B": 110
                    },
                    "ShadowOffsetX": 2.0,
                    "ShadowOffsetY": -2.0,
                    "AnchorPoint": {
                      "ScaleY": 0.5
                    },
                    "Position": {
                      "X": 858.6453,
                      "Y": 423.0376
                    },
                    "Scale": {
                      "ScaleX": 1.0,
                      "ScaleY": 1.0
                    },
                    "CColor": {},
                    "IconVisible": false,
                    "PrePosition": {
                      "X": 8.5865,
                      "Y": 4.2304
                    },
                    "PreSize": {
                      "X": 1.85,
                      "Y": 0.3
                    },
                    "LeftMargin": 858.6453,
                    "RightMargin": -943.6453,
                    "TopMargin": -338.0376,
                    "BottomMargin": 408.0376,
                    "Tag": 483,
                    "ActionTag": -1790957151,
                    "Size": {
                      "X": 185.0,
                      "Y": 30.0
                    },
                    "Name": "name",
                    "ctype": "TextObjectData"
                  }
                ],
                "ActionTag": 32395257,
                "Size": {
                  "X": 100.0,
                  "Y": 100.0
                },
                "VisibleForFrame": false,
                "Name": "bindingScusse",
                "ctype": "PanelObjectData"
              },
              {
                "ClipAble": false,
                "BackColorAlpha": 102,
                "SingleColor": {
                  "R": 150,
                  "G": 200
                },
                "FirstColor": {
                  "R": 150,
                  "G": 200
                },
                "EndColor": {},
                "ColorVector": {
                  "ScaleY": 1.0
                },
                "Scale9Width": 1,
                "Scale9Height": 1,
                "TouchEnable": true,
                "AnchorPoint": {},
                "Position": {
                  "X": 30.0,
                  "Y": -30.0
                },
                "Scale": {
                  "ScaleX": 1.0,
                  "ScaleY": 1.0
                },
                "CColor": {},
                "IconVisible": false,
                "PrePosition": {
                  "X": 0.0234,
                  "Y": -0.0417
                },
                "PreSize": {
                  "X": 0.0781,
                  "Y": 0.1389
                },
                "LeftMargin": 30.0,
                "RightMargin": 1150.0,
                "TopMargin": 650.0,
                "BottomMargin": -30.0,
                "Tag": 682,
                "Children": [
                  {
                    "FileData": {
                      "Type": "Normal",
                      "Path": "image/ui/wxshop/bindbg.png",
                      "Plist": ""
                    },
                    "BlendFunc": {
                      "Src": 1,
                      "Dst": 771
                    },
                    "AnchorPoint": {
                      "ScaleX": 0.5,
                      "ScaleY": 0.5
                    },
                    "Position": {
                      "X": 818.7895,
                      "Y": 351.1612
                    },
                    "Scale": {
                      "ScaleX": 1.0,
                      "ScaleY": 1.0
                    },
                    "CColor": {},
                    "IconVisible": false,
                    "PrePosition": {
                      "X": 8.1879,
                      "Y": 3.5116
                    },
                    "PreSize": {
                      "X": 4.74,
                      "Y": 4.94
                    },
                    "LeftMargin": 581.7895,
                    "RightMargin": -955.7896,
                    "TopMargin": -498.1612,
                    "BottomMargin": 104.1612,
                    "Tag": 1034,
                    "ActionTag": -1400619392,
                    "Size": {
                      "X": 474.0,
                      "Y": 494.0
                    },
                    "Name": "bindbg_1",
                    "ctype": "SpriteObjectData"
                  },
                  {
                    "FileData": {
                      "Type": "Normal",
                      "Path": "image/ui/wxshop/btn_cancel.png",
                      "Plist": ""
                    },
                    "BlendFunc": {
                      "Src": 1,
                      "Dst": 771
                    },
                    "AnchorPoint": {
                      "ScaleX": 0.5,
                      "ScaleY": 0.5
                    },
                    "Position": {
                      "X": 705.3642,
                      "Y": 164.675
                    },
                    "Scale": {
                      "ScaleX": 1.0,
                      "ScaleY": 1.0
                    },
                    "CColor": {},
                    "IconVisible": false,
                    "PrePosition": {
                      "X": 7.0536,
                      "Y": 1.6467
                    },
                    "PreSize": {
                      "X": 2.1,
                      "Y": 0.61
                    },
                    "LeftMargin": 600.3642,
                    "RightMargin": -710.3642,
                    "TopMargin": -95.175,
                    "BottomMargin": 134.175,
                    "Tag": 461,
                    "ActionTag": 1822636555,
                    "Size": {
                      "X": 210.0,
                      "Y": 61.0
                    },
                    "Name": "btn_cancle",
                    "ctype": "SpriteObjectData"
                  },
                  {
                    "FileData": {
                      "Type": "Normal",
                      "Path": "image/ui/wxshop/btn_bangding.png",
                      "Plist": ""
                    },
                    "BlendFunc": {
                      "Src": 1,
                      "Dst": 771
                    },
                    "AnchorPoint": {
                      "ScaleX": 0.5,
                      "ScaleY": 0.5
                    },
                    "Position": {
                      "X": 930.33,
                      "Y": 164.6001
                    },
                    "Scale": {
                      "ScaleX": 1.0,
                      "ScaleY": 1.0
                    },
                    "CColor": {},
                    "IconVisible": false,
                    "PrePosition": {
                      "X": 9.3033,
                      "Y": 1.646
                    },
                    "PreSize": {
                      "X": 2.1,
                      "Y": 0.61
                    },
                    "LeftMargin": 825.33,
                    "RightMargin": -935.3301,
                    "TopMargin": -95.1001,
                    "BottomMargin": 134.1001,
                    "Tag": 213,
                    "ActionTag": 1928858906,
                    "Size": {
                      "X": 210.0,
                      "Y": 61.0
                    },
                    "Name": "btn_bangding",
                    "ctype": "SpriteObjectData"
                  },
                  {
                    "FontSize": 32,
                    "LabelText": "邀请人信息",
                    "FontResource": {
                      "Type": "Normal",
                      "Path": "image/fonts/FZZY.TTF",
                      "Plist": ""
                    },
                    "HorizontalAlignmentType": "HT_Center",
                    "OutlineColor": {
                      "R": 0,
                      "G": 0,
                      "B": 0
                    },
                    "ShadowColor": {
                      "R": 110,
                      "G": 110,
                      "B": 110
                    },
                    "ShadowOffsetX": 2.0,
                    "ShadowOffsetY": -2.0,
                    "AnchorPoint": {
                      "ScaleX": 0.5,
                      "ScaleY": 0.5
                    },
                    "Position": {
                      "X": 822.8206,
                      "Y": 488.3637
                    },
                    "Scale": {
                      "ScaleX": 1.0,
                      "ScaleY": 1.0
                    },
                    "CColor": {},
                    "IconVisible": false,
                    "PrePosition": {
                      "X": 8.2282,
                      "Y": 4.8836
                    },
                    "PreSize": {
                      "X": 1.63,
                      "Y": 0.36
                    },
                    "LeftMargin": 741.3206,
                    "RightMargin": -804.3206,
                    "TopMargin": -406.3637,
                    "BottomMargin": 470.3637,
                    "Tag": 683,
                    "ActionTag": -1818300205,
                    "Size": {
                      "X": 163.0,
                      "Y": 36.0
                    },
                    "Name": "yaoqingren",
                    "ctype": "TextObjectData"
                  },
                  {
                    "FontSize": 26,
                    "LabelText": "昵称：",
                    "HorizontalAlignmentType": "HT_Center",
                    "OutlineColor": {
                      "R": 0,
                      "G": 0,
                      "B": 0
                    },
                    "ShadowColor": {
                      "R": 110,
                      "G": 110,
                      "B": 110
                    },
                    "ShadowOffsetX": 2.0,
                    "ShadowOffsetY": -2.0,
                    "AnchorPoint": {
                      "ScaleY": 0.5
                    },
                    "Position": {
                      "X": 718.5836,
                      "Y": 237.0191
                    },
                    "Scale": {
                      "ScaleX": 1.0,
                      "ScaleY": 1.0
                    },
                    "CColor": {},
                    "IconVisible": false,
                    "PrePosition": {
                      "X": 7.1858,
                      "Y": 2.3702
                    },
                    "PreSize": {
                      "X": 0.78,
                      "Y": 0.31
                    },
                    "LeftMargin": 718.5836,
                    "RightMargin": -696.5836,
                    "TopMargin": -152.5191,
                    "BottomMargin": 221.5191,
                    "Tag": 686,
                    "ActionTag": 1350057843,
                    "Size": {
                      "X": 78.0,
                      "Y": 31.0
                    },
                    "Name": "id_0_0",
                    "ctype": "TextObjectData"
                  },
                  {
                    "FontSize": 30,
                    "LabelText": "ID:",
                    "HorizontalAlignmentType": "HT_Center",
                    "OutlineColor": {
                      "R": 0,
                      "G": 0,
                      "B": 0
                    },
                    "ShadowColor": {
                      "R": 110,
                      "G": 110,
                      "B": 110
                    },
                    "ShadowOffsetX": 2.0,
                    "ShadowOffsetY": -2.0,
                    "AnchorPoint": {
                      "ScaleY": 0.5
                    },
                    "Position": {
                      "X": 720.1768,
                      "Y": 273.9179
                    },
                    "Scale": {
                      "ScaleX": 1.0,
                      "ScaleY": 1.0
                    },
                    "CColor": {},
                    "IconVisible": false,
                    "PrePosition": {
                      "X": 7.2018,
                      "Y": 2.7392
                    },
                    "PreSize": {
                      "X": 0.39,
                      "Y": 0.34
                    },
                    "LeftMargin": 720.1768,
                    "RightMargin": -659.1768,
                    "TopMargin": -190.9179,
                    "BottomMargin": 256.9179,
                    "Tag": 687,
                    "ActionTag": -1356683004,
                    "Size": {
                      "X": 39.0,
                      "Y": 34.0
                    },
                    "Name": "id_0",
                    "ctype": "TextObjectData"
                  },
                  {
                    "FileData": {
                      "Type": "Normal",
                      "Path": "appCommon/fydp/common/transparent/transparent_64x64.png",
                      "Plist": ""
                    },
                    "BlendFunc": {
                      "Src": 1,
                      "Dst": 771
                    },
                    "AnchorPoint": {
                      "ScaleX": 0.5,
                      "ScaleY": 0.5
                    },
                    "Position": {
                      "X": 821.4067,
                      "Y": 373.7868
                    },
                    "Scale": {
                      "ScaleX": 1.5,
                      "ScaleY": 1.5
                    },
                    "CColor": {},
                    "IconVisible": false,
                    "PrePosition": {
                      "X": 8.2141,
                      "Y": 3.7379
                    },
                    "PreSize": {
                      "X": 0.64,
                      "Y": 0.64
                    },
                    "LeftMargin": 789.4067,
                    "RightMargin": -753.4067,
                    "TopMargin": -305.7868,
                    "BottomMargin": 341.7868,
                    "Tag": 689,
                    "ActionTag": 2044602268,
                    "Size": {
                      "X": 64.0,
                      "Y": 64.0
                    },
                    "Name": "head",
                    "ctype": "SpriteObjectData"
                  },
                  {
                    "FileData": {
                      "Type": "Normal",
                      "Path": "image/ui/wxshop/avatarBg.png",
                      "Plist": ""
                    },
                    "BlendFunc": {
                      "Src": 1,
                      "Dst": 771
                    },
                    "AnchorPoint": {
                      "ScaleX": 0.5144
                    },
                    "Position": {
                      "X": 822.5703,
                      "Y": 320.1826
                    },
                    "Scale": {
                      "ScaleX": 1.0,
                      "ScaleY": 1.0
                    },
                    "CColor": {},
                    "IconVisible": false,
                    "PrePosition": {
                      "X": 8.2257,
                      "Y": 3.2018
                    },
                    "PreSize": {
                      "X": 1.02,
                      "Y": 1.05
                    },
                    "LeftMargin": 770.1015,
                    "RightMargin": -772.1015,
                    "TopMargin": -325.1826,
                    "BottomMargin": 320.1826,
                    "Tag": 690,
                    "ActionTag": -684006827,
                    "Size": {
                      "X": 102.0,
                      "Y": 105.0
                    },
                    "Name": "renwutouxiangkuang_6",
                    "ctype": "SpriteObjectData"
                  },
                  {
                    "FontSize": 30,
                    "LabelText": "123423",
                    "OutlineColor": {
                      "R": 0,
                      "G": 0,
                      "B": 0
                    },
                    "ShadowColor": {
                      "R": 110,
                      "G": 110,
                      "B": 110
                    },
                    "ShadowOffsetX": 2.0,
                    "ShadowOffsetY": -2.0,
                    "AnchorPoint": {
                      "ScaleY": 0.5
                    },
                    "Position": {
                      "X": 775.8928,
                      "Y": 272.7268
                    },
                    "Scale": {
                      "ScaleX": 1.0,
                      "ScaleY": 1.0
                    },
                    "CColor": {},
                    "IconVisible": false,
                    "PrePosition": {
                      "X": 7.7589,
                      "Y": 2.7273
                    },
                    "PreSize": {
                      "X": 1.01,
                      "Y": 0.34
                    },
                    "LeftMargin": 775.8928,
                    "RightMargin": -776.8928,
                    "TopMargin": -189.7268,
                    "BottomMargin": 255.7268,
                    "Tag": 691,
                    "ActionTag": 1815687975,
                    "Size": {
                      "X": 101.0,
                      "Y": 34.0
                    },
                    "Name": "id",
                    "ctype": "TextObjectData"
                  },
                  {
                    "FontSize": 26,
                    "LabelText": "名字预留七个字",
                    "OutlineColor": {
                      "R": 0,
                      "G": 0,
                      "B": 0
                    },
                    "ShadowColor": {
                      "R": 110,
                      "G": 110,
                      "B": 110
                    },
                    "ShadowOffsetX": 2.0,
                    "ShadowOffsetY": -2.0,
                    "AnchorPoint": {
                      "ScaleY": 0.5
                    },
                    "Position": {
                      "X": 801.9851,
                      "Y": 237.0191
                    },
                    "Scale": {
                      "ScaleX": 1.0,
                      "ScaleY": 1.0
                    },
                    "CColor": {},
                    "IconVisible": false,
                    "PrePosition": {
                      "X": 8.0199,
                      "Y": 2.3702
                    },
                    "PreSize": {
                      "X": 1.82,
                      "Y": 0.31
                    },
                    "LeftMargin": 801.9851,
                    "RightMargin": -883.9851,
                    "TopMargin": -152.5191,
                    "BottomMargin": 221.5191,
                    "Tag": 692,
                    "ActionTag": 2120854828,
                    "Size": {
                      "X": 182.0,
                      "Y": 31.0
                    },
                    "Name": "name",
                    "ctype": "TextObjectData"
                  }
                ],
                "ActionTag": 1331295830,
                "Size": {
                  "X": 100.0,
                  "Y": 100.0
                },
                "VisibleForFrame": false,
                "Name": "binding",
                "ctype": "PanelObjectData"
              }
            ],
            "ActionTag": 1517523822,
            "Size": {
              "X": 1280.0,
              "Y": 720.0
            },
            "Name": "root",
            "ctype": "PanelObjectData"
          }
        ],
        "Size": {
          "X": 1280.0,
          "Y": 720.0
        },
        "Name": "Scene",
        "ctype": "SingleNodeObjectData"
      },
      "UsedResources": [
        "../../appCommon/fydp/common/transparent/transparent_64x64.png",
        "../../image/fonts/FZZY.TTF",
        "../../image/ui/room2/room_join_close.png",
        "../../image/ui/wxshop/avatarBg.png",
        "../../image/ui/wxshop/bangdingchenggong.png",
        "../../image/ui/wxshop/bangdingtishi.png",
        "../../image/ui/wxshop/bindbg.png",
        "../../image/ui/wxshop/btn_bangding.png",
        "../../image/ui/wxshop/btn_cancel.png",
        "../../image/ui/wxshop/di2.png",
        "../../image/ui/wxshop/shurukuangbg.png",
        "../../image/ui/wxshop/sur.png"
      ],
      "ctype": "GameFileData"
    }
  },
  "Type": "Scene"
}