{
  "ID": "52b2626c-011d-4e93-bc21-c21ace57b129",
  "Version": "2.3.4",
  "Name": "MJ_bomb01",
  "Content": {
    "Content": {
      "Animation": {
        "Duration": 50,
        "Speed": 1.0,
        "Timelines": [
          {
            "ActionTag": -1245342954,
            "Property": "Position",
            "Frames": [
              {
                "X": 0.0,
                "Y": 0.0,
                "FrameIndex": 0,
                "EasingData": {
                  "Points": [
                    {
                      "X": 0.0,
                      "Y": 0.0
                    },
                    {
                      "X": 0.32,
                      "Y": 0.83
                    },
                    {
                      "X": 1.0,
                      "Y": 1.0
                    },
                    {
                      "X": 1.0,
                      "Y": 1.0
                    }
                  ],
                  "Type": -1
                },
                "ctype": "PointFrameData"
              },
              {
                "X": 0.0,
                "Y": 48.0,
                "FrameIndex": 7,
                "EasingData": {
                  "Points": [
                    {
                      "X": 0.0,
                      "Y": 0.0
                    },
                    {
                      "X": 0.0,
                      "Y": 0.0
                    },
                    {
                      "X": 1.0,
                      "Y": 0.36
                    },
                    {
                      "X": 1.0,
                      "Y": 1.0
                    }
                  ],
                  "Type": -1
                },
                "ctype": "PointFrameData"
              },
              {
                "X": 0.0,
                "Y": 10.0,
                "FrameIndex": 15,
                "EasingData": {
                  "Points": [
                    {
                      "X": 0.0,
                      "Y": 0.0
                    },
                    {
                      "X": 0.07,
                      "Y": 0.57
                    },
                    {
                      "X": 1.0,
                      "Y": 1.0
                    },
                    {
                      "X": 1.0,
                      "Y": 1.0
                    }
                  ],
                  "Type": -1
                },
                "ctype": "PointFrameData"
              },
              {
                "X": 0.0,
                "Y": 26.0,
                "FrameIndex": 23,
                "EasingData": {
                  "Points": [
                    {
                      "X": 0.0,
                      "Y": 0.0
                    },
                    {
                      "X": 0.0,
                      "Y": 0.0
                    },
                    {
                      "X": 0.91,
                      "Y": 0.56
                    },
                    {
                      "X": 1.0,
                      "Y": 1.0
                    }
                  ],
                  "Type": -1
                },
                "ctype": "PointFrameData"
              },
              {
                "X": 0.0,
                "Y": 10.0,
                "FrameIndex": 30,
                "EasingData": {
                  "Points": [
                    {
                      "X": 0.0,
                      "Y": 0.0
                    },
                    {
                      "X": 0.07,
                      "Y": 0.57
                    },
                    {
                      "X": 1.0,
                      "Y": 1.0
                    },
                    {
                      "X": 1.0,
                      "Y": 1.0
                    }
                  ],
                  "Type": -1
                },
                "ctype": "PointFrameData"
              },
              {
                "X": 0.0,
                "Y": 16.0,
                "FrameIndex": 36,
                "EasingData": {
                  "Points": [
                    {
                      "X": 0.0,
                      "Y": 0.0
                    },
                    {
                      "X": 0.0,
                      "Y": 0.0
                    },
                    {
                      "X": 0.91,
                      "Y": 0.56
                    },
                    {
                      "X": 1.0,
                      "Y": 1.0
                    }
                  ],
                  "Type": -1
                },
                "ctype": "PointFrameData"
              },
              {
                "X": 0.0,
                "Y": 10.0,
                "FrameIndex": 42,
                "EasingData": {
                  "Points": [
                    {
                      "X": 0.0,
                      "Y": 0.0
                    },
                    {
                      "X": 0.07,
                      "Y": 0.57
                    },
                    {
                      "X": 1.0,
                      "Y": 1.0
                    },
                    {
                      "X": 1.0,
                      "Y": 1.0
                    }
                  ],
                  "Type": -1
                },
                "ctype": "PointFrameData"
              },
              {
                "X": 0.0,
                "Y": 10.0,
                "FrameIndex": 50,
                "EasingData": {
                  "Type": 0
                },
                "ctype": "PointFrameData"
              }
            ],
            "ctype": "TimelineData"
          },
          {
            "ActionTag": -1245342954,
            "Property": "Scale",
            "Frames": [
              {
                "X": 0.373,
                "Y": 0.373,
                "FrameIndex": 0,
                "EasingData": {
                  "Points": [
                    {
                      "X": 0.0,
                      "Y": 0.0
                    },
                    {
                      "X": 0.32,
                      "Y": 0.83
                    },
                    {
                      "X": 1.0,
                      "Y": 1.0
                    },
                    {
                      "X": 1.0,
                      "Y": 1.0
                    }
                  ],
                  "Type": -1
                },
                "ctype": "ScaleValueFrameData"
              },
              {
                "X": 1.0,
                "Y": 1.0,
                "FrameIndex": 7,
                "EasingData": {
                  "Points": [
                    {
                      "X": 0.0,
                      "Y": 0.0
                    },
                    {
                      "X": 0.0,
                      "Y": 0.0
                    },
                    {
                      "X": 1.0,
                      "Y": 0.36
                    },
                    {
                      "X": 1.0,
                      "Y": 1.0
                    }
                  ],
                  "Type": -1
                },
                "ctype": "ScaleValueFrameData"
              },
              {
                "X": 1.0,
                "Y": 1.0,
                "FrameIndex": 15,
                "EasingData": {
                  "Points": [
                    {
                      "X": 0.0,
                      "Y": 0.0
                    },
                    {
                      "X": 0.07,
                      "Y": 0.57
                    },
                    {
                      "X": 1.0,
                      "Y": 1.0
                    },
                    {
                      "X": 1.0,
                      "Y": 1.0
                    }
                  ],
                  "Type": -1
                },
                "ctype": "ScaleValueFrameData"
              },
              {
                "X": 1.0,
                "Y": 1.0,
                "FrameIndex": 23,
                "EasingData": {
                  "Points": [
                    {
                      "X": 0.0,
                      "Y": 0.0
                    },
                    {
                      "X": 0.0,
                      "Y": 0.0
                    },
                    {
                      "X": 0.91,
                      "Y": 0.56
                    },
                    {
                      "X": 1.0,
                      "Y": 1.0
                    }
                  ],
                  "Type": -1
                },
                "ctype": "ScaleValueFrameData"
              },
              {
                "X": 1.0,
                "Y": 1.0,
                "FrameIndex": 30,
                "EasingData": {
                  "Points": [
                    {
                      "X": 0.0,
                      "Y": 0.0
                    },
                    {
                      "X": 0.07,
                      "Y": 0.57
                    },
                    {
                      "X": 1.0,
                      "Y": 1.0
                    },
                    {
                      "X": 1.0,
                      "Y": 1.0
                    }
                  ],
                  "Type": -1
                },
                "ctype": "ScaleValueFrameData"
              },
              {
                "X": 1.0,
                "Y": 1.0,
                "FrameIndex": 36,
                "EasingData": {
                  "Points": [
                    {
                      "X": 0.0,
                      "Y": 0.0
                    },
                    {
                      "X": 0.0,
                      "Y": 0.0
                    },
                    {
                      "X": 0.91,
                      "Y": 0.56
                    },
                    {
                      "X": 1.0,
                      "Y": 1.0
                    }
                  ],
                  "Type": -1
                },
                "ctype": "ScaleValueFrameData"
              },
              {
                "X": 1.0,
                "Y": 1.0,
                "FrameIndex": 42,
                "EasingData": {
                  "Points": [
                    {
                      "X": 0.0,
                      "Y": 0.0
                    },
                    {
                      "X": 0.07,
                      "Y": 0.57
                    },
                    {
                      "X": 1.0,
                      "Y": 1.0
                    },
                    {
                      "X": 1.0,
                      "Y": 1.0
                    }
                  ],
                  "Type": -1
                },
                "ctype": "ScaleValueFrameData"
              },
              {
                "X": 1.0,
                "Y": 1.0,
                "FrameIndex": 50,
                "EasingData": {
                  "Type": 0
                },
                "ctype": "ScaleValueFrameData"
              }
            ],
            "ctype": "TimelineData"
          },
          {
            "ActionTag": -1245342954,
            "Property": "RotationSkew",
            "Frames": [
              {
                "X": -340.8291,
                "Y": -340.8343,
                "FrameIndex": 0,
                "EasingData": {
                  "Points": [
                    {
                      "X": 0.0,
                      "Y": 0.0
                    },
                    {
                      "X": 0.32,
                      "Y": 0.83
                    },
                    {
                      "X": 1.0,
                      "Y": 1.0
                    },
                    {
                      "X": 1.0,
                      "Y": 1.0
                    }
                  ],
                  "Type": -1
                },
                "ctype": "ScaleValueFrameData"
              },
              {
                "X": -340.8376,
                "Y": -340.839,
                "FrameIndex": 7,
                "EasingData": {
                  "Points": [
                    {
                      "X": 0.0,
                      "Y": 0.0
                    },
                    {
                      "X": 0.0,
                      "Y": 0.0
                    },
                    {
                      "X": 1.0,
                      "Y": 0.36
                    },
                    {
                      "X": 1.0,
                      "Y": 1.0
                    }
                  ],
                  "Type": -1
                },
                "ctype": "ScaleValueFrameData"
              },
              {
                "X": -340.8376,
                "Y": -340.839,
                "FrameIndex": 15,
                "EasingData": {
                  "Points": [
                    {
                      "X": 0.0,
                      "Y": 0.0
                    },
                    {
                      "X": 0.07,
                      "Y": 0.57
                    },
                    {
                      "X": 1.0,
                      "Y": 1.0
                    },
                    {
                      "X": 1.0,
                      "Y": 1.0
                    }
                  ],
                  "Type": -1
                },
                "ctype": "ScaleValueFrameData"
              },
              {
                "X": -340.8376,
                "Y": -340.839,
                "FrameIndex": 23,
                "EasingData": {
                  "Points": [
                    {
                      "X": 0.0,
                      "Y": 0.0
                    },
                    {
                      "X": 0.0,
                      "Y": 0.0
                    },
                    {
                      "X": 0.91,
                      "Y": 0.56
                    },
                    {
                      "X": 1.0,
                      "Y": 1.0
                    }
                  ],
                  "Type": -1
                },
                "ctype": "ScaleValueFrameData"
              },
              {
                "X": -340.8376,
                "Y": -340.839,
                "FrameIndex": 30,
                "EasingData": {
                  "Points": [
                    {
                      "X": 0.0,
                      "Y": 0.0
                    },
                    {
                      "X": 0.07,
                      "Y": 0.57
                    },
                    {
                      "X": 1.0,
                      "Y": 1.0
                    },
                    {
                      "X": 1.0,
                      "Y": 1.0
                    }
                  ],
                  "Type": -1
                },
                "ctype": "ScaleValueFrameData"
              },
              {
                "X": -340.8376,
                "Y": -340.839,
                "FrameIndex": 36,
                "EasingData": {
                  "Points": [
                    {
                      "X": 0.0,
                      "Y": 0.0
                    },
                    {
                      "X": 0.0,
                      "Y": 0.0
                    },
                    {
                      "X": 0.91,
                      "Y": 0.56
                    },
                    {
                      "X": 1.0,
                      "Y": 1.0
                    }
                  ],
                  "Type": -1
                },
                "ctype": "ScaleValueFrameData"
              },
              {
                "X": -340.8376,
                "Y": -340.839,
                "FrameIndex": 42,
                "EasingData": {
                  "Points": [
                    {
                      "X": 0.0,
                      "Y": 0.0
                    },
                    {
                      "X": 0.07,
                      "Y": 0.57
                    },
                    {
                      "X": 1.0,
                      "Y": 1.0
                    },
                    {
                      "X": 1.0,
                      "Y": 1.0
                    }
                  ],
                  "Type": -1
                },
                "ctype": "ScaleValueFrameData"
              },
              {
                "X": -340.8376,
                "Y": -340.839,
                "FrameIndex": 50,
                "EasingData": {
                  "Type": 0
                },
                "ctype": "ScaleValueFrameData"
              }
            ],
            "ctype": "TimelineData"
          },
          {
            "ActionTag": -1245342954,
            "Property": "VisibleForFrame",
            "Frames": [
              {
                "Value": true,
                "FrameIndex": 0,
                "Tween": false,
                "ctype": "BoolFrameData"
              },
              {
                "Value": true,
                "FrameIndex": 7,
                "Tween": false,
                "ctype": "BoolFrameData"
              },
              {
                "Value": true,
                "FrameIndex": 23,
                "Tween": false,
                "ctype": "BoolFrameData"
              },
              {
                "Value": true,
                "FrameIndex": 36,
                "Tween": false,
                "ctype": "BoolFrameData"
              },
              {
                "Value": true,
                "FrameIndex": 50,
                "Tween": false,
                "ctype": "BoolFrameData"
              }
            ],
            "ctype": "TimelineData"
          }
        ],
        "ctype": "TimelineActionData"
      },
      "AnimationList": [
        {
          "StartIndex": 0,
          "EndIndex": 50,
          "Name": "action",
          "ctype": "AnimationInfoData"
        }
      ],
      "ObjectData": {
        "Tag": 113,
        "Children": [
          {
            "AnchorPoint": {},
            "Position": {
              "X": 0.0,
              "Y": 0.0
            },
            "Scale": {
              "ScaleX": 0.9,
              "ScaleY": 0.9
            },
            "CColor": {},
            "IconVisible": true,
            "PrePosition": {
              "X": 0.0,
              "Y": 0.0
            },
            "PreSize": {
              "X": 0.0,
              "Y": 0.0
            },
            "Tag": 149,
            "Children": [
              {
                "FileData": {
                  "Type": "Normal",
                  "Path": "prop/prop/MJ_bomb01.png",
                  "Plist": ""
                },
                "BlendFunc": {
                  "Src": 1,
                  "Dst": 771
                },
                "AnchorPoint": {
                  "ScaleX": 0.5,
                  "ScaleY": 0.5
                },
                "Position": {
                  "X": 0.0,
                  "Y": 0.0
                },
                "Scale": {
                  "ScaleX": 0.373,
                  "ScaleY": 0.373
                },
                "RotationSkewX": -340.8291,
                "RotationSkewY": -340.8343,
                "CColor": {},
                "IconVisible": false,
                "PrePosition": {
                  "X": 0.0,
                  "Y": 0.0
                },
                "PreSize": {
                  "X": 0.0,
                  "Y": 0.0
                },
                "LeftMargin": -44.5,
                "RightMargin": -44.5,
                "TopMargin": -48.5,
                "BottomMargin": -48.5,
                "Tag": 170,
                "ActionTag": -1245342954,
                "Size": {
                  "X": 89.0,
                  "Y": 97.0
                },
                "Name": "MJ_bomb01_1",
                "ctype": "SpriteObjectData"
              }
            ],
            "ActionTag": 1443852007,
            "Size": {
              "X": 0.0,
              "Y": 0.0
            },
            "Name": "Node_1",
            "ctype": "SingleNodeObjectData"
          }
        ],
        "Size": {
          "X": 0.0,
          "Y": 0.0
        },
        "Name": "Node",
        "ctype": "SingleNodeObjectData"
      },
      "UsedResources": [
        "MJ_bomb01.png"
      ],
      "ctype": "GameFileData"
    }
  },
  "Type": "Node"
}