{
  "ID": "7794a66d-e9a8-4a81-91d4-19cecb03dd5d",
  "Version": "2.3.4",
  "Name": "MJ_egg02",
  "Content": {
    "Content": {
      "Animation": {
        "Duration": 20,
        "Speed": 1.0,
        "Timelines": [
          {
            "ActionTag": -1712154330,
            "Property": "Position",
            "Frames": [
              {
                "X": 0.0,
                "Y": 0.0,
                "FrameIndex": 0,
                "EasingData": {
                  "Type": 0
                },
                "ctype": "PointFrameData"
              },
              {
                "X": 0.0,
                "Y": 0.0,
                "FrameIndex": 20,
                "EasingData": {
                  "Type": 0
                },
                "ctype": "PointFrameData"
              }
            ],
            "ctype": "TimelineData"
          },
          {
            "ActionTag": -1712154330,
            "Property": "Scale",
            "Frames": [
              {
                "X": 1.2,
                "Y": 1.2,
                "FrameIndex": 0,
                "EasingData": {
                  "Type": 0
                },
                "ctype": "ScaleValueFrameData"
              },
              {
                "X": 1.2,
                "Y": 1.2,
                "FrameIndex": 20,
                "EasingData": {
                  "Type": 0
                },
                "ctype": "ScaleValueFrameData"
              }
            ],
            "ctype": "TimelineData"
          },
          {
            "ActionTag": -1712154330,
            "Property": "RotationSkew",
            "Frames": [
              {
                "X": 0.0,
                "Y": -0.0084,
                "FrameIndex": 0,
                "EasingData": {
                  "Type": 0
                },
                "ctype": "ScaleValueFrameData"
              },
              {
                "X": 360.0,
                "Y": 359.9916,
                "FrameIndex": 20,
                "EasingData": {
                  "Type": 0
                },
                "ctype": "ScaleValueFrameData"
              }
            ],
            "ctype": "TimelineData"
          },
          {
            "ActionTag": -1712154330,
            "Property": "VisibleForFrame",
            "Frames": [
              {
                "Value": true,
                "FrameIndex": 0,
                "Tween": false,
                "ctype": "BoolFrameData"
              },
              {
                "Value": true,
                "FrameIndex": 20,
                "Tween": false,
                "ctype": "BoolFrameData"
              }
            ],
            "ctype": "TimelineData"
          },
          {
            "ActionTag": -1712154330,
            "Property": "AnchorPoint",
            "Frames": [
              {
                "X": 0.4944,
                "Y": 0.5405,
                "FrameIndex": 0,
                "EasingData": {
                  "Type": 0
                },
                "ctype": "ScaleValueFrameData"
              },
              {
                "X": 0.4944,
                "Y": 0.5405,
                "FrameIndex": 20,
                "EasingData": {
                  "Type": 0
                },
                "ctype": "ScaleValueFrameData"
              }
            ],
            "ctype": "TimelineData"
          },
          {
            "ActionTag": 1518216555,
            "Property": "Position",
            "Frames": [
              {
                "X": 0.0,
                "Y": 0.0,
                "FrameIndex": 0,
                "EasingData": {
                  "Type": 0
                },
                "ctype": "PointFrameData"
              }
            ],
            "ctype": "TimelineData"
          }
        ],
        "ctype": "TimelineActionData"
      },
      "AnimationList": [
        {
          "StartIndex": 0,
          "EndIndex": 20,
          "Name": "action",
          "ctype": "AnimationInfoData"
        }
      ],
      "ObjectData": {
        "Tag": 12,
        "Children": [
          {
            "AnchorPoint": {},
            "Position": {
              "X": 0.0,
              "Y": 0.0
            },
            "Scale": {
              "ScaleX": 0.8,
              "ScaleY": 0.8
            },
            "CColor": {},
            "IconVisible": true,
            "PrePosition": {
              "X": 0.0,
              "Y": 0.0
            },
            "PreSize": {
              "X": 0.0,
              "Y": 0.0
            },
            "Tag": 26,
            "Children": [
              {
                "FileData": {
                  "Type": "Normal",
                  "Path": "prop/prop/MJ_egg01.png",
                  "Plist": ""
                },
                "BlendFunc": {
                  "Src": 1,
                  "Dst": 771
                },
                "AnchorPoint": {
                  "ScaleX": 0.4944,
                  "ScaleY": 0.5405
                },
                "Position": {
                  "X": 0.0,
                  "Y": 0.0
                },
                "Scale": {
                  "ScaleX": 1.2,
                  "ScaleY": 1.2
                },
                "RotationSkewX": 198.0,
                "RotationSkewY": 197.9916,
                "CColor": {},
                "IconVisible": false,
                "PrePosition": {
                  "X": 0.0,
                  "Y": 0.0
                },
                "PreSize": {
                  "X": 0.0,
                  "Y": 0.0
                },
                "LeftMargin": -27.192,
                "RightMargin": -27.808,
                "TopMargin": -32.6245,
                "BottomMargin": -38.3755,
                "Tag": 53,
                "ActionTag": -1712154330,
                "Size": {
                  "X": 55.0,
                  "Y": 71.0
                },
                "Name": "MJ_egg01_1",
                "ctype": "SpriteObjectData"
              }
            ],
            "ActionTag": 1518216555,
            "Size": {
              "X": 0.0,
              "Y": 0.0
            },
            "Name": "Node_3",
            "ctype": "SingleNodeObjectData"
          }
        ],
        "Size": {
          "X": 0.0,
          "Y": 0.0
        },
        "Name": "Node",
        "ctype": "SingleNodeObjectData"
      },
      "UsedResources": [
        "MJ_egg01.png"
      ],
      "ctype": "GameFileData"
    }
  },
  "Type": "Node"
}