{
  "ID": "15144e00-1289-4682-9c9c-37449766cb5b",
  "Version": "2.3.4",
  "Name": "MJ_flower01",
  "Content": {
    "Content": {
      "Animation": {
        "Duration": 50,
        "Speed": 1.0,
        "Timelines": [
          {
            "ActionTag": 803266442,
            "Property": "Position",
            "Frames": [
              {
                "X": 0.0,
                "Y": 0.0,
                "FrameIndex": 50,
                "EasingData": {
                  "Type": 0
                },
                "ctype": "PointFrameData"
              }
            ],
            "ctype": "TimelineData"
          },
          {
            "ActionTag": 803266442,
            "Property": "FileData",
            "Frames": [
              {
                "TextureFile": {
                  "Type": "PlistSubImage",
                  "Path": "MJ_flower_star01.png",
                  "Plist": "prop/prop/MJ_flower.plist"
                },
                "FrameIndex": 0,
                "Tween": false,
                "ctype": "TextureFrameData"
              },
              {
                "TextureFile": {
                  "Type": "PlistSubImage",
                  "Path": "MJ_flower_star02.png",
                  "Plist": "prop/prop/MJ_flower.plist"
                },
                "FrameIndex": 5,
                "Tween": false,
                "ctype": "TextureFrameData"
              },
              {
                "TextureFile": {
                  "Type": "PlistSubImage",
                  "Path": "MJ_flower_star03.png",
                  "Plist": "prop/prop/MJ_flower.plist"
                },
                "FrameIndex": 10,
                "Tween": false,
                "ctype": "TextureFrameData"
              },
              {
                "TextureFile": {
                  "Type": "PlistSubImage",
                  "Path": "MJ_flower_star04.png",
                  "Plist": "prop/prop/MJ_flower.plist"
                },
                "FrameIndex": 15,
                "Tween": false,
                "ctype": "TextureFrameData"
              },
              {
                "TextureFile": {
                  "Type": "PlistSubImage",
                  "Path": "MJ_flower_star05.png",
                  "Plist": "prop/prop/MJ_flower.plist"
                },
                "FrameIndex": 20,
                "Tween": false,
                "ctype": "TextureFrameData"
              },
              {
                "TextureFile": {
                  "Type": "PlistSubImage",
                  "Path": "MJ_flower_star06.png",
                  "Plist": "prop/prop/MJ_flower.plist"
                },
                "FrameIndex": 25,
                "Tween": false,
                "ctype": "TextureFrameData"
              },
              {
                "TextureFile": {
                  "Type": "PlistSubImage",
                  "Path": "MJ_flower_star07.png",
                  "Plist": "prop/prop/MJ_flower.plist"
                },
                "FrameIndex": 30,
                "Tween": false,
                "ctype": "TextureFrameData"
              },
              {
                "TextureFile": {
                  "Type": "PlistSubImage",
                  "Path": "MJ_flower_star08.png",
                  "Plist": "prop/prop/MJ_flower.plist"
                },
                "FrameIndex": 35,
                "Tween": false,
                "ctype": "TextureFrameData"
              },
              {
                "TextureFile": {
                  "Type": "PlistSubImage",
                  "Path": "MJ_flower_star09.png",
                  "Plist": "prop/prop/MJ_flower.plist"
                },
                "FrameIndex": 40,
                "Tween": false,
                "ctype": "TextureFrameData"
              },
              {
                "TextureFile": {
                  "Type": "PlistSubImage",
                  "Path": "MJ_flower_star10.png",
                  "Plist": "prop/prop/MJ_flower.plist"
                },
                "FrameIndex": 45,
                "Tween": false,
                "ctype": "TextureFrameData"
              },
              {
                "TextureFile": {
                  "Type": "PlistSubImage",
                  "Path": "MJ_flower_star11.png",
                  "Plist": "prop/prop/MJ_flower.plist"
                },
                "FrameIndex": 50,
                "Tween": false,
                "ctype": "TextureFrameData"
              }
            ],
            "ctype": "TimelineData"
          }
        ],
        "ctype": "TimelineActionData"
      },
      "AnimationList": [
        {
          "StartIndex": 0,
          "EndIndex": 50,
          "Name": "action",
          "ctype": "AnimationInfoData"
        }
      ],
      "ObjectData": {
        "Tag": 33,
        "Children": [
          {
            "AnchorPoint": {},
            "Position": {
              "X": 0.0,
              "Y": 0.0
            },
            "Scale": {
              "ScaleX": 0.8,
              "ScaleY": 0.8
            },
            "CColor": {},
            "IconVisible": true,
            "PrePosition": {
              "X": 0.0,
              "Y": 0.0
            },
            "PreSize": {
              "X": 0.0,
              "Y": 0.0
            },
            "Tag": 35,
            "Children": [
              {
                "FileData": {
                  "Type": "PlistSubImage",
                  "Path": "MJ_flower_star01.png",
                  "Plist": "prop/prop/MJ_flower.plist"
                },
                "BlendFunc": {
                  "Src": 1,
                  "Dst": 771
                },
                "AnchorPoint": {
                  "ScaleX": 0.5,
                  "ScaleY": 0.5
                },
                "Position": {
                  "X": 0.0,
                  "Y": 0.0
                },
                "Scale": {
                  "ScaleX": 1.0,
                  "ScaleY": 1.0
                },
                "CColor": {},
                "IconVisible": false,
                "PrePosition": {
                  "X": 0.0,
                  "Y": 0.0
                },
                "PreSize": {
                  "X": 0.0,
                  "Y": 0.0
                },
                "LeftMargin": -68.5,
                "RightMargin": -68.5,
                "TopMargin": -62.5,
                "BottomMargin": -62.5,
                "Tag": 36,
                "ActionTag": 803266442,
                "Size": {
                  "X": 137.0,
                  "Y": 125.0
                },
                "Name": "Sprite_2",
                "ctype": "SpriteObjectData"
              }
            ],
            "ActionTag": -111654146,
            "Size": {
              "X": 0.0,
              "Y": 0.0
            },
            "Name": "Node_1",
            "ctype": "SingleNodeObjectData"
          }
        ],
        "Size": {
          "X": 0.0,
          "Y": 0.0
        },
        "Name": "Node",
        "ctype": "SingleNodeObjectData"
      },
      "UsedResources": [
        "MJ_flower.plist",
        "MJ_flower.png"
      ],
      "ctype": "GameFileData"
    }
  },
  "Type": "Node"
}