{
  "ID": "99a0fb77-3236-4e64-9452-394629141a39",
  "Version": "2.3.4",
  "Name": "MJ_shoe03",
  "Content": {
    "Content": {
      "Animation": {
        "Duration": 70,
        "Speed": 1.0,
        "Timelines": [
          {
            "ActionTag": 1667103579,
            "Property": "Position",
            "Frames": [
              {
                "X": 0.0,
                "Y": 0.0,
                "FrameIndex": 60,
                "EasingData": {
                  "Type": 0
                },
                "ctype": "PointFrameData"
              }
            ],
            "ctype": "TimelineData"
          },
          {
            "ActionTag": 1667103579,
            "Property": "Scale",
            "Frames": [
              {
                "X": 1.0,
                "Y": 1.0,
                "FrameIndex": 60,
                "EasingData": {
                  "Type": 0
                },
                "ctype": "ScaleValueFrameData"
              }
            ],
            "ctype": "TimelineData"
          },
          {
            "ActionTag": 1667103579,
            "Property": "RotationSkew",
            "Frames": [
              {
                "X": 0.0,
                "Y": 0.0,
                "FrameIndex": 60,
                "EasingData": {
                  "Type": 0
                },
                "ctype": "ScaleValueFrameData"
              }
            ],
            "ctype": "TimelineData"
          },
          {
            "ActionTag": 1667103579,
            "Property": "FileData",
            "Frames": [
              {
                "TextureFile": {
                  "Type": "PlistSubImage",
                  "Path": "MJ_shoe_smoke01.png",
                  "Plist": "prop/prop/MJ_shoe_smoke.plist"
                },
                "FrameIndex": 0,
                "Tween": false,
                "ctype": "TextureFrameData"
              },
              {
                "TextureFile": {
                  "Type": "PlistSubImage",
                  "Path": "MJ_shoe_smoke02.png",
                  "Plist": "prop/prop/MJ_shoe_smoke.plist"
                },
                "FrameIndex": 5,
                "Tween": false,
                "ctype": "TextureFrameData"
              },
              {
                "TextureFile": {
                  "Type": "PlistSubImage",
                  "Path": "MJ_shoe_smoke03.png",
                  "Plist": "prop/prop/MJ_shoe_smoke.plist"
                },
                "FrameIndex": 10,
                "Tween": false,
                "ctype": "TextureFrameData"
              },
              {
                "TextureFile": {
                  "Type": "PlistSubImage",
                  "Path": "MJ_shoe_smoke04.png",
                  "Plist": "prop/prop/MJ_shoe_smoke.plist"
                },
                "FrameIndex": 15,
                "Tween": false,
                "ctype": "TextureFrameData"
              },
              {
                "TextureFile": {
                  "Type": "PlistSubImage",
                  "Path": "MJ_shoe_smoke05.png",
                  "Plist": "prop/prop/MJ_shoe_smoke.plist"
                },
                "FrameIndex": 20,
                "Tween": false,
                "ctype": "TextureFrameData"
              },
              {
                "TextureFile": {
                  "Type": "PlistSubImage",
                  "Path": "MJ_shoe_smoke06.png",
                  "Plist": "prop/prop/MJ_shoe_smoke.plist"
                },
                "FrameIndex": 25,
                "Tween": false,
                "ctype": "TextureFrameData"
              },
              {
                "TextureFile": {
                  "Type": "PlistSubImage",
                  "Path": "MJ_shoe_smoke07.png",
                  "Plist": "prop/prop/MJ_shoe_smoke.plist"
                },
                "FrameIndex": 30,
                "Tween": false,
                "ctype": "TextureFrameData"
              },
              {
                "TextureFile": {
                  "Type": "PlistSubImage",
                  "Path": "MJ_shoe_smoke08.png",
                  "Plist": "prop/prop/MJ_shoe_smoke.plist"
                },
                "FrameIndex": 35,
                "Tween": false,
                "ctype": "TextureFrameData"
              },
              {
                "TextureFile": {
                  "Type": "PlistSubImage",
                  "Path": "MJ_shoe_smoke09.png",
                  "Plist": "prop/prop/MJ_shoe_smoke.plist"
                },
                "FrameIndex": 40,
                "Tween": false,
                "ctype": "TextureFrameData"
              },
              {
                "TextureFile": {
                  "Type": "PlistSubImage",
                  "Path": "MJ_shoe_smoke10.png",
                  "Plist": "prop/prop/MJ_shoe_smoke.plist"
                },
                "FrameIndex": 45,
                "Tween": false,
                "ctype": "TextureFrameData"
              },
              {
                "TextureFile": {
                  "Type": "PlistSubImage",
                  "Path": "MJ_shoe_smoke11.png",
                  "Plist": "prop/prop/MJ_shoe_smoke.plist"
                },
                "FrameIndex": 50,
                "Tween": false,
                "ctype": "TextureFrameData"
              },
              {
                "TextureFile": {
                  "Type": "PlistSubImage",
                  "Path": "MJ_shoe_smoke12.png",
                  "Plist": "prop/prop/MJ_shoe_smoke.plist"
                },
                "FrameIndex": 55,
                "Tween": false,
                "ctype": "TextureFrameData"
              },
              {
                "TextureFile": {
                  "Type": "PlistSubImage",
                  "Path": "MJ_shoe_smoke12.png",
                  "Plist": "prop/prop/MJ_shoe_smoke.plist"
                },
                "FrameIndex": 60,
                "Tween": false,
                "ctype": "TextureFrameData"
              }
            ],
            "ctype": "TimelineData"
          },
          {
            "ActionTag": 1667103579,
            "Property": "VisibleForFrame",
            "Frames": [
              {
                "Value": true,
                "FrameIndex": 0,
                "Tween": false,
                "ctype": "BoolFrameData"
              },
              {
                "Value": false,
                "FrameIndex": 60,
                "Tween": false,
                "ctype": "BoolFrameData"
              }
            ],
            "ctype": "TimelineData"
          },
          {
            "ActionTag": 1430801527,
            "Property": "Position",
            "Frames": [
              {
                "X": 0.0,
                "Y": 0.0,
                "FrameIndex": 0,
                "EasingData": {
                  "Type": 0
                },
                "ctype": "PointFrameData"
              },
              {
                "X": 0.0,
                "Y": 0.0,
                "FrameIndex": 10,
                "EasingData": {
                  "Type": 0
                },
                "ctype": "PointFrameData"
              },
              {
                "X": 0.0,
                "Y": 0.0,
                "FrameIndex": 30,
                "EasingData": {
                  "Type": 0
                },
                "ctype": "PointFrameData"
              },
              {
                "X": 0.0,
                "Y": 0.0,
                "FrameIndex": 60,
                "EasingData": {
                  "Type": 0
                },
                "ctype": "PointFrameData"
              }
            ],
            "ctype": "TimelineData"
          },
          {
            "ActionTag": 1430801527,
            "Property": "Scale",
            "Frames": [
              {
                "X": 1.2,
                "Y": 1.2,
                "FrameIndex": 0,
                "EasingData": {
                  "Type": 0
                },
                "ctype": "ScaleValueFrameData"
              },
              {
                "X": 1.2,
                "Y": 1.2,
                "FrameIndex": 10,
                "EasingData": {
                  "Type": 0
                },
                "ctype": "ScaleValueFrameData"
              },
              {
                "X": 1.2,
                "Y": 1.2,
                "FrameIndex": 30,
                "EasingData": {
                  "Type": 0
                },
                "ctype": "ScaleValueFrameData"
              },
              {
                "X": 1.2,
                "Y": 1.2,
                "FrameIndex": 60,
                "EasingData": {
                  "Type": 0
                },
                "ctype": "ScaleValueFrameData"
              }
            ],
            "ctype": "TimelineData"
          },
          {
            "ActionTag": 1430801527,
            "Property": "RotationSkew",
            "Frames": [
              {
                "X": 0.0,
                "Y": 0.0,
                "FrameIndex": 10,
                "EasingData": {
                  "Type": 0
                },
                "ctype": "ScaleValueFrameData"
              },
              {
                "X": 0.0,
                "Y": 0.0,
                "FrameIndex": 30,
                "EasingData": {
                  "Type": 0
                },
                "ctype": "ScaleValueFrameData"
              },
              {
                "X": 0.0,
                "Y": 0.0,
                "FrameIndex": 60,
                "EasingData": {
                  "Type": 0
                },
                "ctype": "ScaleValueFrameData"
              }
            ],
            "ctype": "TimelineData"
          },
          {
            "ActionTag": 1430801527,
            "Property": "Alpha",
            "Frames": [
              {
                "Value": 255,
                "FrameIndex": 10,
                "EasingData": {
                  "Type": 0
                },
                "ctype": "IntFrameData"
              },
              {
                "Value": 204,
                "FrameIndex": 30,
                "EasingData": {
                  "Type": 0
                },
                "ctype": "IntFrameData"
              },
              {
                "Value": 0,
                "FrameIndex": 60,
                "EasingData": {
                  "Type": 0
                },
                "ctype": "IntFrameData"
              }
            ],
            "ctype": "TimelineData"
          },
          {
            "ActionTag": -1265486076,
            "Property": "Position",
            "Frames": [
              {
                "X": 0.0,
                "Y": 0.0,
                "FrameIndex": 22,
                "EasingData": {
                  "Type": 0
                },
                "ctype": "PointFrameData"
              },
              {
                "X": -0.0193,
                "Y": -0.0105,
                "FrameIndex": 23,
                "EasingData": {
                  "Type": 0
                },
                "ctype": "PointFrameData"
              },
              {
                "X": 0.0,
                "Y": 0.0,
                "FrameIndex": 55,
                "EasingData": {
                  "Type": 0
                },
                "ctype": "PointFrameData"
              },
              {
                "X": 0.0,
                "Y": 0.0,
                "FrameIndex": 70,
                "EasingData": {
                  "Type": 0
                },
                "ctype": "PointFrameData"
              }
            ],
            "ctype": "TimelineData"
          },
          {
            "ActionTag": -1265486076,
            "Property": "Scale",
            "Frames": [
              {
                "X": 1.0,
                "Y": 1.0,
                "FrameIndex": 22,
                "EasingData": {
                  "Type": 0
                },
                "ctype": "ScaleValueFrameData"
              },
              {
                "X": 1.0,
                "Y": 1.0,
                "FrameIndex": 23,
                "EasingData": {
                  "Type": 0
                },
                "ctype": "ScaleValueFrameData"
              },
              {
                "X": 1.0,
                "Y": 1.0,
                "FrameIndex": 55,
                "EasingData": {
                  "Type": 0
                },
                "ctype": "ScaleValueFrameData"
              },
              {
                "X": 1.0,
                "Y": 1.0,
                "FrameIndex": 70,
                "EasingData": {
                  "Type": 0
                },
                "ctype": "ScaleValueFrameData"
              }
            ],
            "ctype": "TimelineData"
          },
          {
            "ActionTag": -1265486076,
            "Property": "RotationSkew",
            "Frames": [
              {
                "X": 0.0,
                "Y": 0.0,
                "FrameIndex": 22,
                "EasingData": {
                  "Type": 0
                },
                "ctype": "ScaleValueFrameData"
              },
              {
                "X": 172.0,
                "Y": 171.996,
                "FrameIndex": 23,
                "EasingData": {
                  "Type": 0
                },
                "ctype": "ScaleValueFrameData"
              },
              {
                "X": 172.0,
                "Y": 172.0,
                "FrameIndex": 55,
                "EasingData": {
                  "Type": 0
                },
                "ctype": "ScaleValueFrameData"
              },
              {
                "X": 172.0,
                "Y": 172.0,
                "FrameIndex": 70,
                "EasingData": {
                  "Type": 0
                },
                "ctype": "ScaleValueFrameData"
              }
            ],
            "ctype": "TimelineData"
          },
          {
            "ActionTag": -1265486076,
            "Property": "VisibleForFrame",
            "Frames": [
              {
                "Value": false,
                "FrameIndex": 22,
                "Tween": false,
                "ctype": "BoolFrameData"
              },
              {
                "Value": true,
                "FrameIndex": 23,
                "Tween": false,
                "ctype": "BoolFrameData"
              },
              {
                "Value": true,
                "FrameIndex": 55,
                "Tween": false,
                "ctype": "BoolFrameData"
              },
              {
                "Value": true,
                "FrameIndex": 70,
                "Tween": false,
                "ctype": "BoolFrameData"
              }
            ],
            "ctype": "TimelineData"
          },
          {
            "ActionTag": -1265486076,
            "Property": "Alpha",
            "Frames": [
              {
                "Value": 255,
                "FrameIndex": 55,
                "EasingData": {
                  "Type": 0
                },
                "ctype": "IntFrameData"
              },
              {
                "Value": 0,
                "FrameIndex": 70,
                "EasingData": {
                  "Type": 0
                },
                "ctype": "IntFrameData"
              }
            ],
            "ctype": "TimelineData"
          },
          {
            "ActionTag": 1988685698,
            "Property": "Position",
            "Frames": [
              {
                "X": -54.4389,
                "Y": 12.3798,
                "FrameIndex": 0,
                "EasingData": {
                  "Points": [
                    {
                      "X": 0.0,
                      "Y": 0.0
                    },
                    {
                      "X": 0.0,
                      "Y": 0.75
                    },
                    {
                      "X": 1.0,
                      "Y": 1.0
                    },
                    {
                      "X": 1.0,
                      "Y": 1.0
                    }
                  ],
                  "Type": -1
                },
                "ctype": "PointFrameData"
              },
              {
                "X": -0.0193,
                "Y": -0.0105,
                "FrameIndex": 23,
                "EasingData": {
                  "Type": 0
                },
                "ctype": "PointFrameData"
              },
              {
                "X": 0.0,
                "Y": 0.0,
                "FrameIndex": 33,
                "EasingData": {
                  "Type": 0
                },
                "ctype": "PointFrameData"
              }
            ],
            "ctype": "TimelineData"
          },
          {
            "ActionTag": 1988685698,
            "Property": "Scale",
            "Frames": [
              {
                "X": 1.0,
                "Y": 1.0,
                "FrameIndex": 0,
                "EasingData": {
                  "Points": [
                    {
                      "X": 0.0,
                      "Y": 0.0
                    },
                    {
                      "X": 0.0,
                      "Y": 0.75
                    },
                    {
                      "X": 1.0,
                      "Y": 1.0
                    },
                    {
                      "X": 1.0,
                      "Y": 1.0
                    }
                  ],
                  "Type": -1
                },
                "ctype": "ScaleValueFrameData"
              },
              {
                "X": 1.0,
                "Y": 1.0,
                "FrameIndex": 23,
                "EasingData": {
                  "Type": 0
                },
                "ctype": "ScaleValueFrameData"
              },
              {
                "X": 1.0,
                "Y": 1.0,
                "FrameIndex": 33,
                "EasingData": {
                  "Type": 0
                },
                "ctype": "ScaleValueFrameData"
              }
            ],
            "ctype": "TimelineData"
          },
          {
            "ActionTag": 1988685698,
            "Property": "RotationSkew",
            "Frames": [
              {
                "X": 170.2397,
                "Y": 170.2392,
                "FrameIndex": 0,
                "EasingData": {
                  "Points": [
                    {
                      "X": 0.0,
                      "Y": 0.0
                    },
                    {
                      "X": 0.0,
                      "Y": 0.75
                    },
                    {
                      "X": 1.0,
                      "Y": 1.0
                    },
                    {
                      "X": 1.0,
                      "Y": 1.0
                    }
                  ],
                  "Type": -1
                },
                "ctype": "ScaleValueFrameData"
              },
              {
                "X": 172.0,
                "Y": 171.996,
                "FrameIndex": 23,
                "EasingData": {
                  "Type": 0
                },
                "ctype": "ScaleValueFrameData"
              },
              {
                "X": 172.0,
                "Y": 172.0,
                "FrameIndex": 33,
                "EasingData": {
                  "Type": 0
                },
                "ctype": "ScaleValueFrameData"
              }
            ],
            "ctype": "TimelineData"
          },
          {
            "ActionTag": 1988685698,
            "Property": "Alpha",
            "Frames": [
              {
                "Value": 255,
                "FrameIndex": 0,
                "EasingData": {
                  "Points": [
                    {
                      "X": 0.0,
                      "Y": 0.0
                    },
                    {
                      "X": 0.0,
                      "Y": 0.75
                    },
                    {
                      "X": 1.0,
                      "Y": 1.0
                    },
                    {
                      "X": 1.0,
                      "Y": 1.0
                    }
                  ],
                  "Type": -1
                },
                "ctype": "IntFrameData"
              },
              {
                "Value": 255,
                "FrameIndex": 23,
                "EasingData": {
                  "Type": 0
                },
                "ctype": "IntFrameData"
              },
              {
                "Value": 0,
                "FrameIndex": 33,
                "EasingData": {
                  "Type": 0
                },
                "ctype": "IntFrameData"
              }
            ],
            "ctype": "TimelineData"
          },
          {
            "ActionTag": 1212390626,
            "Property": "Position",
            "Frames": [
              {
                "X": 0.0,
                "Y": 0.0,
                "FrameIndex": 60,
                "EasingData": {
                  "Type": 0
                },
                "ctype": "PointFrameData"
              }
            ],
            "ctype": "TimelineData"
          },
          {
            "ActionTag": 1212390626,
            "Property": "Scale",
            "Frames": [
              {
                "X": 1.0,
                "Y": 1.0,
                "FrameIndex": 60,
                "EasingData": {
                  "Type": 0
                },
                "ctype": "ScaleValueFrameData"
              }
            ],
            "ctype": "TimelineData"
          },
          {
            "ActionTag": 1212390626,
            "Property": "RotationSkew",
            "Frames": [
              {
                "X": 0.0,
                "Y": 0.0,
                "FrameIndex": 60,
                "EasingData": {
                  "Type": 0
                },
                "ctype": "ScaleValueFrameData"
              }
            ],
            "ctype": "TimelineData"
          },
          {
            "ActionTag": 1212390626,
            "Property": "FileData",
            "Frames": [
              {
                "TextureFile": {
                  "Type": "PlistSubImage",
                  "Path": "MJ_shoe_smoke01.png",
                  "Plist": "prop/prop/MJ_shoe_smoke.plist"
                },
                "FrameIndex": 0,
                "Tween": false,
                "ctype": "TextureFrameData"
              },
              {
                "TextureFile": {
                  "Type": "PlistSubImage",
                  "Path": "MJ_shoe_smoke02.png",
                  "Plist": "prop/prop/MJ_shoe_smoke.plist"
                },
                "FrameIndex": 5,
                "Tween": false,
                "ctype": "TextureFrameData"
              },
              {
                "TextureFile": {
                  "Type": "PlistSubImage",
                  "Path": "MJ_shoe_smoke03.png",
                  "Plist": "prop/prop/MJ_shoe_smoke.plist"
                },
                "FrameIndex": 10,
                "Tween": false,
                "ctype": "TextureFrameData"
              },
              {
                "TextureFile": {
                  "Type": "PlistSubImage",
                  "Path": "MJ_shoe_smoke04.png",
                  "Plist": "prop/prop/MJ_shoe_smoke.plist"
                },
                "FrameIndex": 15,
                "Tween": false,
                "ctype": "TextureFrameData"
              },
              {
                "TextureFile": {
                  "Type": "PlistSubImage",
                  "Path": "MJ_shoe_smoke05.png",
                  "Plist": "prop/prop/MJ_shoe_smoke.plist"
                },
                "FrameIndex": 20,
                "Tween": false,
                "ctype": "TextureFrameData"
              },
              {
                "TextureFile": {
                  "Type": "PlistSubImage",
                  "Path": "MJ_shoe_smoke06.png",
                  "Plist": "prop/prop/MJ_shoe_smoke.plist"
                },
                "FrameIndex": 25,
                "Tween": false,
                "ctype": "TextureFrameData"
              },
              {
                "TextureFile": {
                  "Type": "PlistSubImage",
                  "Path": "MJ_shoe_smoke07.png",
                  "Plist": "prop/prop/MJ_shoe_smoke.plist"
                },
                "FrameIndex": 30,
                "Tween": false,
                "ctype": "TextureFrameData"
              },
              {
                "TextureFile": {
                  "Type": "PlistSubImage",
                  "Path": "MJ_shoe_smoke08.png",
                  "Plist": "prop/prop/MJ_shoe_smoke.plist"
                },
                "FrameIndex": 35,
                "Tween": false,
                "ctype": "TextureFrameData"
              },
              {
                "TextureFile": {
                  "Type": "PlistSubImage",
                  "Path": "MJ_shoe_smoke09.png",
                  "Plist": "prop/prop/MJ_shoe_smoke.plist"
                },
                "FrameIndex": 40,
                "Tween": false,
                "ctype": "TextureFrameData"
              },
              {
                "TextureFile": {
                  "Type": "PlistSubImage",
                  "Path": "MJ_shoe_smoke10.png",
                  "Plist": "prop/prop/MJ_shoe_smoke.plist"
                },
                "FrameIndex": 45,
                "Tween": false,
                "ctype": "TextureFrameData"
              },
              {
                "TextureFile": {
                  "Type": "PlistSubImage",
                  "Path": "MJ_shoe_smoke11.png",
                  "Plist": "prop/prop/MJ_shoe_smoke.plist"
                },
                "FrameIndex": 50,
                "Tween": false,
                "ctype": "TextureFrameData"
              },
              {
                "TextureFile": {
                  "Type": "PlistSubImage",
                  "Path": "MJ_shoe_smoke12.png",
                  "Plist": "prop/prop/MJ_shoe_smoke.plist"
                },
                "FrameIndex": 55,
                "Tween": false,
                "ctype": "TextureFrameData"
              },
              {
                "TextureFile": {
                  "Type": "PlistSubImage",
                  "Path": "MJ_shoe_smoke12.png",
                  "Plist": "prop/prop/MJ_shoe_smoke.plist"
                },
                "FrameIndex": 60,
                "Tween": false,
                "ctype": "TextureFrameData"
              }
            ],
            "ctype": "TimelineData"
          },
          {
            "ActionTag": 1212390626,
            "Property": "VisibleForFrame",
            "Frames": [
              {
                "Value": true,
                "FrameIndex": 0,
                "Tween": false,
                "ctype": "BoolFrameData"
              },
              {
                "Value": false,
                "FrameIndex": 60,
                "Tween": false,
                "ctype": "BoolFrameData"
              }
            ],
            "ctype": "TimelineData"
          },
          {
            "ActionTag": -1890306029,
            "Property": "Position",
            "Frames": [
              {
                "X": 0.0,
                "Y": 0.0,
                "FrameIndex": 10,
                "EasingData": {
                  "Type": 0
                },
                "ctype": "PointFrameData"
              },
              {
                "X": 0.0,
                "Y": 0.0,
                "FrameIndex": 30,
                "EasingData": {
                  "Type": 0
                },
                "ctype": "PointFrameData"
              },
              {
                "X": 0.0,
                "Y": 0.0,
                "FrameIndex": 60,
                "EasingData": {
                  "Type": 0
                },
                "ctype": "PointFrameData"
              }
            ],
            "ctype": "TimelineData"
          },
          {
            "ActionTag": -1890306029,
            "Property": "Scale",
            "Frames": [
              {
                "X": 1.2,
                "Y": 1.2,
                "FrameIndex": 0,
                "EasingData": {
                  "Type": 0
                },
                "ctype": "ScaleValueFrameData"
              },
              {
                "X": 1.2,
                "Y": 1.2,
                "FrameIndex": 10,
                "EasingData": {
                  "Type": 0
                },
                "ctype": "ScaleValueFrameData"
              },
              {
                "X": 1.2,
                "Y": 1.2,
                "FrameIndex": 30,
                "EasingData": {
                  "Type": 0
                },
                "ctype": "ScaleValueFrameData"
              },
              {
                "X": 1.2,
                "Y": 1.2,
                "FrameIndex": 60,
                "EasingData": {
                  "Type": 0
                },
                "ctype": "ScaleValueFrameData"
              }
            ],
            "ctype": "TimelineData"
          },
          {
            "ActionTag": -1890306029,
            "Property": "RotationSkew",
            "Frames": [
              {
                "X": 0.0,
                "Y": 0.0,
                "FrameIndex": 10,
                "EasingData": {
                  "Type": 0
                },
                "ctype": "ScaleValueFrameData"
              },
              {
                "X": 0.0,
                "Y": 0.0,
                "FrameIndex": 30,
                "EasingData": {
                  "Type": 0
                },
                "ctype": "ScaleValueFrameData"
              },
              {
                "X": 0.0,
                "Y": 0.0,
                "FrameIndex": 60,
                "EasingData": {
                  "Type": 0
                },
                "ctype": "ScaleValueFrameData"
              }
            ],
            "ctype": "TimelineData"
          },
          {
            "ActionTag": -1890306029,
            "Property": "Alpha",
            "Frames": [
              {
                "Value": 76,
                "FrameIndex": 0,
                "EasingData": {
                  "Type": 0
                },
                "ctype": "IntFrameData"
              },
              {
                "Value": 76,
                "FrameIndex": 10,
                "EasingData": {
                  "Type": 0
                },
                "ctype": "IntFrameData"
              },
              {
                "Value": 76,
                "FrameIndex": 30,
                "EasingData": {
                  "Type": 0
                },
                "ctype": "IntFrameData"
              },
              {
                "Value": 0,
                "FrameIndex": 60,
                "EasingData": {
                  "Type": 0
                },
                "ctype": "IntFrameData"
              }
            ],
            "ctype": "TimelineData"
          }
        ],
        "ctype": "TimelineActionData"
      },
      "AnimationList": [
        {
          "StartIndex": 0,
          "EndIndex": 70,
          "Name": "action",
          "ctype": "AnimationInfoData"
        }
      ],
      "ObjectData": {
        "Tag": 143,
        "Children": [
          {
            "AnchorPoint": {},
            "Position": {
              "X": 0.0,
              "Y": 0.0
            },
            "Scale": {
              "ScaleX": 1.0,
              "ScaleY": 1.0
            },
            "CColor": {},
            "IconVisible": true,
            "PrePosition": {
              "X": 0.0,
              "Y": 0.0
            },
            "PreSize": {
              "X": 0.0,
              "Y": 0.0
            },
            "Tag": 145,
            "Children": [
              {
                "AnchorPoint": {},
                "Position": {
                  "X": 0.0,
                  "Y": 0.0
                },
                "Scale": {
                  "ScaleX": 1.2,
                  "ScaleY": 1.2
                },
                "CColor": {},
                "IconVisible": true,
                "PrePosition": {
                  "X": 0.0,
                  "Y": 0.0
                },
                "PreSize": {
                  "X": 0.0,
                  "Y": 0.0
                },
                "Tag": 156,
                "Children": [
                  {
                    "FileData": {
                      "Type": "PlistSubImage",
                      "Path": "MJ_shoe_smoke01.png",
                      "Plist": "prop/prop/MJ_shoe_smoke.plist"
                    },
                    "BlendFunc": {
                      "Src": 1,
                      "Dst": 771
                    },
                    "AnchorPoint": {
                      "ScaleX": 0.5,
                      "ScaleY": 0.5
                    },
                    "Position": {
                      "X": 0.0,
                      "Y": 0.0
                    },
                    "Scale": {
                      "ScaleX": 1.0,
                      "ScaleY": 1.0
                    },
                    "CColor": {},
                    "IconVisible": false,
                    "PrePosition": {
                      "X": 0.0,
                      "Y": 0.0
                    },
                    "PreSize": {
                      "X": 0.0,
                      "Y": 0.0
                    },
                    "LeftMargin": -112.0,
                    "RightMargin": -112.0,
                    "TopMargin": -106.0,
                    "BottomMargin": -106.0,
                    "Tag": 157,
                    "ActionTag": 1667103579,
                    "Size": {
                      "X": 224.0,
                      "Y": 212.0
                    },
                    "Name": "Sprite_4",
                    "ctype": "SpriteObjectData"
                  }
                ],
                "ActionTag": 1430801527,
                "Size": {
                  "X": 0.0,
                  "Y": 0.0
                },
                "Name": "Node_2_0",
                "ctype": "SingleNodeObjectData"
              },
              {
                "FileData": {
                  "Type": "Normal",
                  "Path": "prop/prop/MJ_shoe02.png",
                  "Plist": ""
                },
                "BlendFunc": {
                  "Src": 1,
                  "Dst": 771
                },
                "AnchorPoint": {
                  "ScaleX": 0.5,
                  "ScaleY": 0.5
                },
                "Position": {
                  "X": 0.0,
                  "Y": 0.0
                },
                "Scale": {
                  "ScaleX": 1.0,
                  "ScaleY": 1.0
                },
                "CColor": {},
                "IconVisible": false,
                "PrePosition": {
                  "X": 0.0,
                  "Y": 0.0
                },
                "PreSize": {
                  "X": 0.0,
                  "Y": 0.0
                },
                "LeftMargin": -48.5,
                "RightMargin": -48.5,
                "TopMargin": -52.5,
                "BottomMargin": -52.5,
                "Tag": 147,
                "ActionTag": -1265486076,
                "Size": {
                  "X": 97.0,
                  "Y": 105.0
                },
                "VisibleForFrame": false,
                "Name": "MJ_shoe02_3",
                "ctype": "SpriteObjectData"
              },
              {
                "FileData": {
                  "Type": "Normal",
                  "Path": "prop/prop/MJ_shoe01.png",
                  "Plist": ""
                },
                "BlendFunc": {
                  "Src": 1,
                  "Dst": 771
                },
                "AnchorPoint": {
                  "ScaleX": 0.5,
                  "ScaleY": 0.5
                },
                "Position": {
                  "X": -54.4389,
                  "Y": 12.3798
                },
                "Scale": {
                  "ScaleX": 1.0,
                  "ScaleY": 1.0
                },
                "RotationSkewX": 170.2397,
                "RotationSkewY": 170.2392,
                "CColor": {},
                "IconVisible": false,
                "PrePosition": {
                  "X": 0.0,
                  "Y": 0.0
                },
                "PreSize": {
                  "X": 0.0,
                  "Y": 0.0
                },
                "LeftMargin": -102.9389,
                "RightMargin": 5.9389,
                "TopMargin": -64.8798,
                "BottomMargin": -40.1202,
                "Tag": 146,
                "ActionTag": 1988685698,
                "Size": {
                  "X": 97.0,
                  "Y": 105.0
                },
                "Name": "MJ_shoe01_2",
                "ctype": "SpriteObjectData"
              },
              {
                "AnchorPoint": {},
                "Position": {
                  "X": 0.0,
                  "Y": 0.0
                },
                "Scale": {
                  "ScaleX": 1.2,
                  "ScaleY": 1.2
                },
                "CColor": {},
                "IconVisible": true,
                "PrePosition": {
                  "X": 0.0,
                  "Y": 0.0
                },
                "PreSize": {
                  "X": 0.0,
                  "Y": 0.0
                },
                "Tag": 148,
                "Children": [
                  {
                    "FileData": {
                      "Type": "PlistSubImage",
                      "Path": "MJ_shoe_smoke01.png",
                      "Plist": "prop/prop/MJ_shoe_smoke.plist"
                    },
                    "BlendFunc": {
                      "Src": 1,
                      "Dst": 771
                    },
                    "AnchorPoint": {
                      "ScaleX": 0.5,
                      "ScaleY": 0.5
                    },
                    "Position": {
                      "X": 0.0,
                      "Y": 0.0
                    },
                    "Scale": {
                      "ScaleX": 1.0,
                      "ScaleY": 1.0
                    },
                    "CColor": {},
                    "IconVisible": false,
                    "PrePosition": {
                      "X": 0.0,
                      "Y": 0.0
                    },
                    "PreSize": {
                      "X": 0.0,
                      "Y": 0.0
                    },
                    "LeftMargin": -112.0,
                    "RightMargin": -112.0,
                    "TopMargin": -106.0,
                    "BottomMargin": -106.0,
                    "Tag": 149,
                    "ActionTag": 1212390626,
                    "Size": {
                      "X": 224.0,
                      "Y": 212.0
                    },
                    "Name": "Sprite_4",
                    "ctype": "SpriteObjectData"
                  }
                ],
                "ActionTag": -1890306029,
                "Size": {
                  "X": 0.0,
                  "Y": 0.0
                },
                "Alpha": 76,
                "Name": "Node_2",
                "ctype": "SingleNodeObjectData"
              }
            ],
            "ActionTag": -1508198199,
            "Size": {
              "X": 0.0,
              "Y": 0.0
            },
            "Name": "Node_1",
            "ctype": "SingleNodeObjectData"
          }
        ],
        "Size": {
          "X": 0.0,
          "Y": 0.0
        },
        "Name": "Node",
        "ctype": "SingleNodeObjectData"
      },
      "UsedResources": [
        "MJ_shoe_smoke.plist",
        "MJ_shoe_smoke.png",
        "MJ_shoe01.png",
        "MJ_shoe02.png"
      ],
      "ctype": "GameFileData"
    }
  },
  "Type": "Node"
}