{
  "ID": "1c0c7806-053b-4af2-94ce-ffee854a682f",
  "Version": "2.3.4",
  "Name": "BuyTishi",
  "Content": {
    "Content": {
      "Animation": {
        "Duration": 0,
        "Speed": 1.0,
        "Timelines": [],
        "ctype": "TimelineActionData"
      },
      "AnimationList": [],
      "ObjectData": {
        "Children": [
          {
            "ClipAble": false,
            "BackColorAlpha": 153,
            "ComboBoxIndex": 1,
            "SingleColor": {
              "R": 0,
              "G": 0,
              "B": 0
            },
            "FirstColor": {
              "R": 150,
              "G": 200
            },
            "EndColor": {},
            "ColorVector": {
              "ScaleY": 1.0
            },
            "Scale9Width": 1,
            "Scale9Height": 1,
            "TouchEnable": true,
            "AnchorPoint": {},
            "Position": {
              "X": 0.0,
              "Y": 0.0
            },
            "Scale": {
              "ScaleX": 1.0,
              "ScaleY": 1.0
            },
            "CColor": {},
            "IconVisible": false,
            "PrePosition": {
              "X": 0.0,
              "Y": 0.0
            },
            "PercentWidthEnable": true,
            "PercentHeightEnable": true,
            "PercentWidthEnabled": true,
            "PercentHeightEnabled": true,
            "PreSize": {
              "X": 1.0,
              "Y": 1.0
            },
            "Tag": 197,
            "Children": [
              {
                "FileData": {
                  "Type": "Normal",
                  "Path": "prop/propimage/transparent_1280x720.png",
                  "Plist": ""
                },
                "BlendFunc": {
                  "Src": 1,
                  "Dst": 771
                },
                "AnchorPoint": {},
                "Position": {
                  "X": 0.0,
                  "Y": 0.0
                },
                "Scale": {
                  "ScaleX": 1.0,
                  "ScaleY": 1.0
                },
                "CColor": {},
                "IconVisible": false,
                "PositionPercentXEnabled": true,
                "PositionPercentYEnabled": true,
                "PrePosition": {
                  "X": 0.0,
                  "Y": 0.0
                },
                "PreSize": {
                  "X": 1.0,
                  "Y": 1.0
                },
                "Tag": 65,
                "ActionTag": -912358068,
                "Size": {
                  "X": 1280.0,
                  "Y": 720.0
                },
                "Name": "fake_root",
                "ctype": "SpriteObjectData"
              },
              {
                "FileData": {
                  "Type": "Normal",
                  "Path": "prop/propimage/buytishiBG.png",
                  "Plist": ""
                },
                "BlendFunc": {
                  "Src": 1,
                  "Dst": 771
                },
                "AnchorPoint": {
                  "ScaleX": 0.5,
                  "ScaleY": 0.5
                },
                "Position": {
                  "X": 640.0,
                  "Y": 360.0
                },
                "Scale": {
                  "ScaleX": 1.0,
                  "ScaleY": 1.0
                },
                "CColor": {},
                "IconVisible": false,
                "PositionPercentXEnabled": true,
                "PositionPercentYEnabled": true,
                "PrePosition": {
                  "X": 0.5,
                  "Y": 0.5
                },
                "PreSize": {
                  "X": 0.6523,
                  "Y": 0.7639
                },
                "LeftMargin": 222.5,
                "RightMargin": 222.5,
                "TopMargin": 85.0,
                "BottomMargin": 85.0,
                "Tag": 175,
                "Children": [
                  {
                    "FontSize": 40,
                    "LabelText": "__提示提示提示__",
                    "HorizontalAlignmentType": "HT_Center",
                    "VerticalAlignmentType": "VT_Center",
                    "OutlineSize": 2,
                    "OutlineColor": {
                      "R": 55,
                      "G": 55,
                      "B": 55
                    },
                    "OutlineEnabled": true,
                    "ShadowColor": {
                      "R": 110,
                      "G": 110,
                      "B": 110
                    },
                    "ShadowOffsetX": 2.0,
                    "ShadowOffsetY": -2.0,
                    "AnchorPoint": {
                      "ScaleX": 0.5,
                      "ScaleY": 0.5
                    },
                    "Position": {
                      "X": 439.544,
                      "Y": 558.3136
                    },
                    "Scale": {
                      "ScaleX": 1.0,
                      "ScaleY": 1.0
                    },
                    "CColor": {
                      "R": 253,
                      "G": 229,
                      "B": 92
                    },
                    "IconVisible": false,
                    "PositionPercentXEnabled": true,
                    "PrePosition": {
                      "X": 0.5264,
                      "Y": 1.0151
                    },
                    "PreSize": {
                      "X": 0.394,
                      "Y": 0.0818
                    },
                    "LeftMargin": 275.044,
                    "RightMargin": 230.9559,
                    "TopMargin": -30.8136,
                    "BottomMargin": 535.8136,
                    "Tag": 1038,
                    "ActionTag": 1915066807,
                    "Size": {
                      "X": 329.0,
                      "Y": 45.0
                    },
                    "VisibleForFrame": false,
                    "Name": "lb_title",
                    "ctype": "TextObjectData"
                  },
                  {
                    "IsCustomSize": true,
                    "FontSize": 35,
                    "LabelText": "回，确定登录吗回，确定登录吗回，确定\n回，确定登录吗回，确定登录吗回，确定\n回，确定登录吗回，确定登录吗回，确定",
                    "HorizontalAlignmentType": "HT_Center",
                    "OutlineColor": {
                      "R": 173,
                      "G": 115,
                      "B": 60
                    },
                    "ShadowColor": {
                      "R": 110,
                      "G": 110,
                      "B": 110
                    },
                    "ShadowOffsetX": 2.0,
                    "ShadowOffsetY": -2.0,
                    "AnchorPoint": {
                      "ScaleX": 0.5,
                      "ScaleY": 1.0
                    },
                    "Position": {
                      "X": 419.5875,
                      "Y": 337.18
                    },
                    "Scale": {
                      "ScaleX": 1.0,
                      "ScaleY": 1.0
                    },
                    "CColor": {
                      "R": 164,
                      "G": 123,
                      "B": 99
                    },
                    "IconVisible": false,
                    "PositionPercentXEnabled": true,
                    "PrePosition": {
                      "X": 0.5025,
                      "Y": 0.6131
                    },
                    "PreSize": {
                      "X": 0.7545,
                      "Y": 0.2182
                    },
                    "LeftMargin": 104.5875,
                    "RightMargin": 100.4125,
                    "TopMargin": 212.82,
                    "BottomMargin": 217.18,
                    "Tag": 234,
                    "ActionTag": 564154279,
                    "Size": {
                      "X": 630.0,
                      "Y": 120.0
                    },
                    "Name": "lb_content",
                    "ctype": "TextObjectData"
                  },
                  {
                    "FontSize": 18,
                    "LabelText": "勾选后，今日购买不再弹出该提示",
                    "HorizontalAlignmentType": "HT_Center",
                    "OutlineColor": {
                      "R": 173,
                      "G": 115,
                      "B": 60
                    },
                    "ShadowColor": {
                      "R": 110,
                      "G": 110,
                      "B": 110
                    },
                    "ShadowOffsetX": 2.0,
                    "ShadowOffsetY": -2.0,
                    "AnchorPoint": {
                      "ScaleX": 0.5,
                      "ScaleY": 1.0
                    },
                    "Position": {
                      "X": 474.447,
                      "Y": 159.335
                    },
                    "Scale": {
                      "ScaleX": 1.0,
                      "ScaleY": 1.0
                    },
                    "CColor": {
                      "R": 90,
                      "G": 90,
                      "B": 90
                    },
                    "IconVisible": false,
                    "PositionPercentXEnabled": true,
                    "PrePosition": {
                      "X": 0.5682,
                      "Y": 0.2897
                    },
                    "PreSize": {
                      "X": 0.3234,
                      "Y": 0.0382
                    },
                    "LeftMargin": 339.447,
                    "RightMargin": 225.553,
                    "TopMargin": 390.665,
                    "BottomMargin": 138.335,
                    "Tag": 176,
                    "ActionTag": -471931788,
                    "Size": {
                      "X": 270.0,
                      "Y": 21.0
                    },
                    "VisibleForFrame": false,
                    "Name": "tishi",
                    "ctype": "TextObjectData"
                  },
                  {
                    "CheckedState": true,
                    "NormalBackFileData": {
                      "Type": "Normal",
                      "Path": "prop/propimage/cb0_1.png",
                      "Plist": ""
                    },
                    "PressedBackFileData": {
                      "Type": "Normal",
                      "Path": "prop/propimage/cb0_1.png",
                      "Plist": ""
                    },
                    "DisableBackFileData": {
                      "Type": "Normal",
                      "Path": "prop/propimage/cb0_1.png",
                      "Plist": ""
                    },
                    "NodeNormalFileData": {
                      "Type": "Normal",
                      "Path": "prop/propimage/cb1_1.png",
                      "Plist": ""
                    },
                    "NodeDisableFileData": {
                      "Type": "Normal",
                      "Path": "prop/propimage/cb1_1.png",
                      "Plist": ""
                    },
                    "TouchEnable": true,
                    "AnchorPoint": {
                      "ScaleX": 0.5,
                      "ScaleY": 0.5
                    },
                    "Position": {
                      "X": 144.6674,
                      "Y": 148.0944
                    },
                    "Scale": {
                      "ScaleX": 1.0,
                      "ScaleY": 1.0
                    },
                    "CColor": {},
                    "IconVisible": false,
                    "PrePosition": {
                      "X": 0.1733,
                      "Y": 0.2693
                    },
                    "PreSize": {
                      "X": 0.0491,
                      "Y": 0.0745
                    },
                    "LeftMargin": 124.1674,
                    "RightMargin": 669.8326,
                    "TopMargin": 381.4056,
                    "BottomMargin": 127.5944,
                    "Tag": 177,
                    "ActionTag": -84180364,
                    "Size": {
                      "X": 41.0,
                      "Y": 41.0
                    },
                    "VisibleForFrame": false,
                    "Name": "CheckBox",
                    "ctype": "CheckBoxObjectData"
                  },
                  {
                    "FileData": {
                      "Type": "Normal",
                      "Path": "prop/propimage/btn_confim.png",
                      "Plist": ""
                    },
                    "BlendFunc": {
                      "Src": 1,
                      "Dst": 771
                    },
                    "AnchorPoint": {
                      "ScaleX": 0.5,
                      "ScaleY": 0.5
                    },
                    "Position": {
                      "X": 417.5,
                      "Y": 58.0585
                    },
                    "Scale": {
                      "ScaleX": 1.0,
                      "ScaleY": 1.0
                    },
                    "CColor": {},
                    "IconVisible": false,
                    "PositionPercentXEnabled": true,
                    "PrePosition": {
                      "X": 0.5,
                      "Y": 0.1056
                    },
                    "PreSize": {
                      "X": 0.3485,
                      "Y": 0.2036
                    },
                    "LeftMargin": 272.0,
                    "RightMargin": 272.0,
                    "TopMargin": 435.9415,
                    "BottomMargin": 2.0585,
                    "Tag": 232,
                    "Children": [
                      {
                        "FontSize": 45,
                        "LabelText": "确定",
                        "OutlineColor": {
                          "R": 0,
                          "G": 0,
                          "B": 0
                        },
                        "OutlineEnabled": true,
                        "ShadowColor": {
                          "R": 110,
                          "G": 110,
                          "B": 110
                        },
                        "ShadowOffsetX": 2.0,
                        "ShadowOffsetY": -2.0,
                        "AnchorPoint": {
                          "ScaleX": 0.5,
                          "ScaleY": 0.5
                        },
                        "Position": {
                          "X": 147.6534,
                          "Y": 43.9998
                        },
                        "Scale": {
                          "ScaleX": 1.0,
                          "ScaleY": 1.0
                        },
                        "CColor": {},
                        "IconVisible": false,
                        "PositionPercentXEnabled": true,
                        "PrePosition": {
                          "X": 0.5074,
                          "Y": 0.3929
                        },
                        "PreSize": {
                          "X": 0.3093,
                          "Y": 0.4643
                        },
                        "LeftMargin": 102.6534,
                        "RightMargin": 98.3466,
                        "TopMargin": 42.0002,
                        "BottomMargin": 17.9998,
                        "Tag": 2639,
                        "ActionTag": -1789739693,
                        "Size": {
                          "X": 90.0,
                          "Y": 52.0
                        },
                        "VisibleForFrame": false,
                        "Name": "_",
                        "ctype": "TextObjectData"
                      }
                    ],
                    "ActionTag": 1447295663,
                    "Size": {
                      "X": 291.0,
                      "Y": 112.0
                    },
                    "Name": "btn_ok",
                    "ctype": "SpriteObjectData"
                  },
                  {
                    "FileData": {
                      "Type": "Normal",
                      "Path": "prop/propimage/btn_x.png",
                      "Plist": ""
                    },
                    "BlendFunc": {
                      "Src": 1,
                      "Dst": 771
                    },
                    "AnchorPoint": {
                      "ScaleX": 0.5,
                      "ScaleY": 0.5
                    },
                    "Position": {
                      "X": 759.0264,
                      "Y": 512.4453
                    },
                    "Scale": {
                      "ScaleX": 1.0,
                      "ScaleY": 1.0
                    },
                    "CColor": {},
                    "IconVisible": false,
                    "PositionPercentXEnabled": true,
                    "PrePosition": {
                      "X": 0.909,
                      "Y": 0.9317
                    },
                    "PreSize": {
                      "X": 0.0814,
                      "Y": 0.1236
                    },
                    "LeftMargin": 716.0264,
                    "RightMargin": 32.9736,
                    "TopMargin": -4.4453,
                    "BottomMargin": 470.4453,
                    "Tag": 233,
                    "Children": [
                      {
                        "FontSize": 45,
                        "LabelText": "取消",
                        "OutlineColor": {
                          "R": 0,
                          "G": 0,
                          "B": 0
                        },
                        "OutlineEnabled": true,
                        "ShadowColor": {
                          "R": 110,
                          "G": 110,
                          "B": 110
                        },
                        "ShadowOffsetX": 2.0,
                        "ShadowOffsetY": -2.0,
                        "AnchorPoint": {
                          "ScaleX": 0.5,
                          "ScaleY": 0.5
                        },
                        "Position": {
                          "X": 33.3336,
                          "Y": 37.0532
                        },
                        "Scale": {
                          "ScaleX": 1.0,
                          "ScaleY": 1.0
                        },
                        "CColor": {},
                        "IconVisible": false,
                        "PositionPercentXEnabled": true,
                        "PositionPercentYEnabled": true,
                        "PrePosition": {
                          "X": 0.4902,
                          "Y": 0.5449
                        },
                        "PreSize": {
                          "X": 1.3235,
                          "Y": 0.7647
                        },
                        "LeftMargin": -11.6664,
                        "RightMargin": -10.3336,
                        "TopMargin": 4.9468,
                        "BottomMargin": 11.0532,
                        "Tag": 2640,
                        "ActionTag": -158193972,
                        "Size": {
                          "X": 90.0,
                          "Y": 52.0
                        },
                        "VisibleForFrame": false,
                        "Name": "_",
                        "ctype": "TextObjectData"
                      }
                    ],
                    "ActionTag": -1694092112,
                    "Size": {
                      "X": 86.0,
                      "Y": 84.0
                    },
                    "Name": "btn_cancel",
                    "ctype": "SpriteObjectData"
                  }
                ],
                "ActionTag": 759360622,
                "Size": {
                  "X": 835.0,
                  "Y": 550.0
                },
                "Name": "panel",
                "ctype": "SpriteObjectData"
              }
            ],
            "ActionTag": -33404820,
            "Size": {
              "X": 1280.0,
              "Y": 720.0
            },
            "Name": "root",
            "ctype": "PanelObjectData"
          },
          {
            "FileData": {
              "Type": "Normal",
              "Path": "prop/propimage/buytishititle.png",
              "Plist": ""
            },
            "BlendFunc": {
              "Src": 1,
              "Dst": 771
            },
            "AnchorPoint": {
              "ScaleX": 0.5,
              "ScaleY": 0.5
            },
            "Position": {
              "X": 640.0,
              "Y": 595.11
            },
            "Scale": {
              "ScaleX": 1.0,
              "ScaleY": 1.0
            },
            "CColor": {},
            "IconVisible": false,
            "PrePosition": {
              "X": 0.5,
              "Y": 0.8265
            },
            "PreSize": {
              "X": 0.0859,
              "Y": 0.0736
            },
            "LeftMargin": 585.0,
            "RightMargin": 585.0,
            "TopMargin": 98.39,
            "BottomMargin": 568.61,
            "Tag": 204,
            "ActionTag": -1305983764,
            "Size": {
              "X": 110.0,
              "Y": 53.0
            },
            "Name": "buytishititle_1",
            "ctype": "SpriteObjectData"
          }
        ],
        "Size": {
          "X": 960.0,
          "Y": 640.0
        },
        "Name": "Scene",
        "ctype": "SingleNodeObjectData"
      },
      "UsedResources": [
        "propimage/btn_confim.png",
        "propimage/btn_x.png",
        "propimage/buytishiBG.png",
        "propimage/buytishititle.png",
        "propimage/cb0_1.png",
        "propimage/cb1_1.png",
        "propimage/transparent_1280x720.png"
      ],
      "ctype": "GameFileData"
    }
  },
  "Type": "Scene"
}