{
  "ID": "69212308-a096-46b2-8460-c6b4fccd1c94",
  "Version": "3.10.0.0",
  "Name": "CreateTabList",
  "Content": {
    "Content": {
      "Animation": {
        "Duration": 0,
        "Speed": 1.0,
        "Timelines": [],
        "ctype": "TimelineActionData"
      },
      "AnimationList": [],
      "ObjectData": {
        "Tag": 220,
        "Children": [
          {
            "IsBounceEnabled": true,
            "InnerNodeSize": {
              "Width": 260,
              "Height": 600
            },
            "ScrollDirectionType": "Vertical",
            "ClipAble": true,
            "SingleColor": {
              "G": 150,
              "B": 100
            },
            "FirstColor": {
              "G": 150,
              "B": 100
            },
            "EndColor": {},
            "ColorVector": {
              "ScaleY": 1.0
            },
            "Scale9Width": 1,
            "Scale9Height": 1,
            "TouchEnable": true,
            "AnchorPoint": {},
            "Position": {
              "X": 0.0,
              "Y": 0.0
            },
            "Scale": {
              "ScaleX": 1.0,
              "ScaleY": 1.0
            },
            "CColor": {},
            "IconVisible": false,
            "PrePosition": {
              "X": 0.0,
              "Y": 0.0
            },
            "PreSize": {
              "X": 0.0,
              "Y": 0.0
            },
            "RightMargin": -260.0,
            "TopMargin": -600.0,
            "Tag": 337,
            "Children": [
              {
                "FileData": {
                  "Type": "Normal",
                  "Path": "image/ui/room2/create_btn0.png",
                  "Plist": ""
                },
                "BlendFunc": {
                  "Src": 1,
                  "Dst": 771
                },
                "AnchorPoint": {
                  "ScaleX": 0.5,
                  "ScaleY": 0.5
                },
                "Position": {
                  "X": 120.0,
                  "Y": 550.0
                },
                "Scale": {
                  "ScaleX": 1.0,
                  "ScaleY": 1.0
                },
                "CColor": {},
                "IconVisible": false,
                "PrePosition": {
                  "X": 0.4615,
                  "Y": 0.9167
                },
                "PreSize": {
                  "X": 0.8923,
                  "Y": 0.1617
                },
                "LeftMargin": 4.0,
                "RightMargin": 24.0,
                "TopMargin": 1.5,
                "BottomMargin": 501.5,
                "Tag": 510,
                "Children": [
                  {
                    "FileData": {
                      "Type": "Normal",
                      "Path": "image/ui/room2/create_btn0_1.png",
                      "Plist": ""
                    },
                    "BlendFunc": {
                      "Src": 1,
                      "Dst": 771
                    },
                    "AnchorPoint": {
                      "ScaleX": 0.5,
                      "ScaleY": 0.5
                    },
                    "Position": {
                      "X": 125.6,
                      "Y": 47.0
                    },
                    "Scale": {
                      "ScaleX": 1.0,
                      "ScaleY": 1.0
                    },
                    "CColor": {},
                    "IconVisible": false,
                    "PrePosition": {
                      "X": 0.5414,
                      "Y": 0.4845
                    },
                    "PreSize": {
                      "X": 1.0991,
                      "Y": 1.0
                    },
                    "LeftMargin": -1.9,
                    "RightMargin": -21.1,
                    "TopMargin": 1.5,
                    "BottomMargin": -1.5,
                    "Tag": 511,
                    "ActionTag": 1028605064,
                    "Size": {
                      "X": 255.0,
                      "Y": 97.0
                    },
                    "VisibleForFrame": false,
                    "Name": "foucs",
                    "ctype": "SpriteObjectData"
                  },
                  {
                    "FileData": {
                      "Type": "Normal",
                      "Path": "appCommon/fydp/common/notice_xm.png",
                      "Plist": ""
                    },
                    "BlendFunc": {
                      "Src": 1,
                      "Dst": 771
                    },
                    "AnchorPoint": {
                      "ScaleX": 0.5,
                      "ScaleY": 0.5
                    },
                    "Position": {
                      "X": 38.9999,
                      "Y": 60.9998
                    },
                    "Scale": {
                      "ScaleX": 1.0,
                      "ScaleY": 1.0
                    },
                    "CColor": {},
                    "IconVisible": false,
                    "PrePosition": {
                      "X": 0.1681,
                      "Y": 0.6289
                    },
                    "PreSize": {
                      "X": 0.4095,
                      "Y": 0.9794
                    },
                    "LeftMargin": -8.5001,
                    "RightMargin": 145.5001,
                    "TopMargin": -11.4998,
                    "BottomMargin": 13.4998,
                    "Tag": 512,
                    "ActionTag": 1503303097,
                    "Size": {
                      "X": 95.0,
                      "Y": 95.0
                    },
                    "VisibleForFrame": false,
                    "Name": "xm",
                    "ctype": "SpriteObjectData"
                  }
                ],
                "ActionTag": -1570813807,
                "Size": {
                  "X": 232.0,
                  "Y": 97.0
                },
                "Name": "btn_0",
                "ctype": "SpriteObjectData"
              }
            ],
            "ActionTag": 850086635,
            "Size": {
              "X": 260.0,
              "Y": 600.0
            },
            "Name": "tabList",
            "ctype": "ScrollViewObjectData"
          }
        ],
        "Size": {
          "X": 0.0,
          "Y": 0.0
        },
        "Name": "Node",
        "ctype": "SingleNodeObjectData"
      },
      "UsedResources": [
        "../../../appCommon/fydp/common/notice_xm.png",
        "../../../image/ui/room2/create_btn0.png",
        "../../../image/ui/room2/create_btn0_1.png"
      ],
      "ctype": "GameFileData"
    }
  },
  "Type": "Node"
}