{
  "ID": "44a9070b-3e9d-42e5-9224-0fae686b8a0c",
  "Version": "3.10.0.0",
  "Name": "Card",
  "Content": {
    "Content": {
      "Animation": {
        "Duration": 0,
        "Speed": 1.0,
        "Timelines": [],
        "ctype": "TimelineActionData"
      },
      "AnimationList": [],
      "ObjectData": {
        "Tag": 53,
        "Children": [
          {
            "FileData": {
              "Type": "PlistSubImage",
              "Path": "backbig.png",
              "Plist": "image/ui/card_common/card_common.plist"
            },
            "Scale9OriginX": 25,
            "Scale9OriginY": 55,
            "Scale9Width": 26,
            "Scale9Height": 127,
            "AnchorPoint": {
              "ScaleX": 0.5,
              "ScaleY": 0.5
            },
            "Position": {
              "X": 50.0,
              "Y": 62.5
            },
            "Scale": {
              "ScaleX": 1.0,
              "ScaleY": 1.0
            },
            "CColor": {},
            "IconVisible": false,
            "PositionPercentXEnabled": true,
            "PositionPercentYEnabled": true,
            "PrePosition": {
              "X": 0.5,
              "Y": 0.5
            },
            "PreSize": {
              "X": 0.76,
              "Y": 1.896
            },
            "LeftMargin": 12.0,
            "RightMargin": 12.0,
            "TopMargin": -56.0,
            "BottomMargin": -56.0,
            "Tag": 121,
            "ActionTag": 913670362,
            "Size": {
              "X": 76.0,
              "Y": 237.0
            },
            "Name": "img",
            "ctype": "ImageViewObjectData"
          }
        ],
        "Size": {
          "X": 100.0,
          "Y": 125.0
        },
        "Name": "Layer",
        "ctype": "LayerObjectData"
      },
      "UsedResources": [
        "../../image/ui/card_common/card_common.plist",
        "../../image/ui/card_common/card_common.png"
      ],
      "ctype": "GameFileData"
    }
  },
  "Type": "Layer"
}