{
  "ID": "a8d3e2a8-fe8a-48e2-9925-a352f8963d33",
  "Version": "3.10.0.0",
  "Name": "Chat",
  "Content": {
    "Content": {
      "Animation": {
        "Duration": 0,
        "Speed": 1.0,
        "Timelines": [],
        "ctype": "TimelineActionData"
      },
      "AnimationList": [],
      "ObjectData": {
        "Children": [
          {
            "ClipAble": false,
            "BackColorAlpha": 127,
            "ComboBoxIndex": 1,
            "SingleColor": {
              "R": 0,
              "G": 0,
              "B": 0
            },
            "FirstColor": {
              "R": 150,
              "G": 200
            },
            "EndColor": {},
            "ColorVector": {
              "ScaleY": 1.0
            },
            "Scale9Width": 1,
            "Scale9Height": 1,
            "TouchEnable": true,
            "AnchorPoint": {},
            "Position": {
              "X": 0.0,
              "Y": 0.0
            },
            "Scale": {
              "ScaleX": 1.0,
              "ScaleY": 1.0
            },
            "CColor": {},
            "IconVisible": false,
            "PrePosition": {
              "X": 0.0,
              "Y": 0.0
            },
            "PercentWidthEnable": true,
            "PercentHeightEnable": true,
            "PercentWidthEnabled": true,
            "PercentHeightEnabled": true,
            "PreSize": {
              "X": 1.0,
              "Y": 1.0
            },
            "Tag": 197,
            "Children": [
              {
                "ClipAble": false,
                "BackColorAlpha": 102,
                "SingleColor": {
                  "R": 150,
                  "G": 200
                },
                "FirstColor": {
                  "R": 150,
                  "G": 200
                },
                "EndColor": {},
                "ColorVector": {
                  "ScaleY": 1.0
                },
                "Scale9Width": 1,
                "Scale9Height": 1,
                "TouchEnable": true,
                "AnchorPoint": {},
                "Position": {
                  "X": 0.0,
                  "Y": 0.0
                },
                "Scale": {
                  "ScaleX": 1.0,
                  "ScaleY": 1.0
                },
                "CColor": {},
                "IconVisible": false,
                "PrePosition": {
                  "X": 0.0,
                  "Y": 0.0
                },
                "PercentWidthEnable": true,
                "PercentHeightEnable": true,
                "PercentWidthEnabled": true,
                "PercentHeightEnabled": true,
                "PreSize": {
                  "X": 1.0,
                  "Y": 1.0
                },
                "Tag": 207,
                "Children": [
                  {
                    "FileData": {
                      "Type": "Normal",
                      "Path": "image/ui/transparent/transparent_1280x720.png",
                      "Plist": ""
                    },
                    "BlendFunc": {
                      "Src": 1,
                      "Dst": 771
                    },
                    "AnchorPoint": {
                      "ScaleX": 0.5,
                      "ScaleY": 0.5
                    },
                    "Position": {
                      "X": 640.0,
                      "Y": 360.0
                    },
                    "Scale": {
                      "ScaleX": 1.0,
                      "ScaleY": 1.0
                    },
                    "CColor": {},
                    "IconVisible": false,
                    "PositionPercentXEnabled": true,
                    "PositionPercentYEnabled": true,
                    "PrePosition": {
                      "X": 0.5,
                      "Y": 0.5
                    },
                    "PreSize": {
                      "X": 1.0,
                      "Y": 1.0
                    },
                    "Tag": 2546,
                    "ActionTag": -1433273682,
                    "Size": {
                      "X": 1280.0,
                      "Y": 720.0
                    },
                    "Name": "btn_back",
                    "ctype": "SpriteObjectData"
                  },
                  {
                    "ClipAble": false,
                    "BackColorAlpha": 102,
                    "SingleColor": {
                      "R": 150,
                      "G": 200
                    },
                    "FirstColor": {
                      "R": 150,
                      "G": 200
                    },
                    "EndColor": {},
                    "ColorVector": {
                      "ScaleY": 1.0
                    },
                    "Scale9Width": 1,
                    "Scale9Height": 1,
                    "TouchEnable": true,
                    "AnchorPoint": {},
                    "Position": {
                      "X": 776.3944,
                      "Y": 0.0
                    },
                    "Scale": {
                      "ScaleX": 1.0,
                      "ScaleY": 1.0
                    },
                    "CColor": {},
                    "IconVisible": false,
                    "PrePosition": {
                      "X": 0.6066,
                      "Y": 0.0
                    },
                    "PreSize": {
                      "X": 0.3906,
                      "Y": 1.0
                    },
                    "LeftMargin": 776.3944,
                    "RightMargin": 3.6056,
                    "Tag": 497,
                    "ActionTag": -577789962,
                    "Size": {
                      "X": 500.0,
                      "Y": 720.0
                    },
                    "Name": "main",
                    "ctype": "PanelObjectData"
                  },
                  {
                    "FileData": {
                      "Type": "Normal",
                      "Path": "image/ui/common/titlechat.png",
                      "Plist": ""
                    },
                    "BlendFunc": {
                      "Src": 1,
                      "Dst": 771
                    },
                    "AnchorPoint": {
                      "ScaleX": 0.5,
                      "ScaleY": 0.5
                    },
                    "Position": {
                      "X": 1234.4495,
                      "Y": 304.9408
                    },
                    "Scale": {
                      "ScaleX": 1.0,
                      "ScaleY": 1.0
                    },
                    "CColor": {},
                    "IconVisible": false,
                    "PrePosition": {
                      "X": 0.9644,
                      "Y": 0.4235
                    },
                    "PreSize": {
                      "X": 0.0516,
                      "Y": 0.5972
                    },
                    "LeftMargin": 1201.4495,
                    "RightMargin": 12.5505,
                    "TopMargin": 200.0592,
                    "BottomMargin": 89.9408,
                    "Tag": 238,
                    "ActionTag": 2018725927,
                    "Size": {
                      "X": 66.0,
                      "Y": 430.0
                    },
                    "Name": "Sprite_4",
                    "ctype": "SpriteObjectData"
                  },
                  {
                    "ClipAble": false,
                    "BackColorAlpha": 102,
                    "SingleColor": {
                      "R": 150,
                      "G": 200
                    },
                    "FirstColor": {
                      "R": 150,
                      "G": 200
                    },
                    "EndColor": {},
                    "ColorVector": {
                      "ScaleY": 1.0
                    },
                    "Scale9Width": 1,
                    "Scale9Height": 1,
                    "TouchEnable": true,
                    "AnchorPoint": {},
                    "Position": {
                      "X": 821.1284,
                      "Y": 568.6881
                    },
                    "Scale": {
                      "ScaleX": 1.0,
                      "ScaleY": 1.0
                    },
                    "CColor": {},
                    "IconVisible": false,
                    "PrePosition": {
                      "X": 0.6415,
                      "Y": 0.7898
                    },
                    "PreSize": {
                      "X": 0.3125,
                      "Y": 0.1676
                    },
                    "LeftMargin": 821.1284,
                    "RightMargin": 58.8716,
                    "TopMargin": 30.6379,
                    "BottomMargin": 568.6881,
                    "Tag": 61,
                    "Children": [
                      {
                        "FileData": {
                          "Type": "Normal",
                          "Path": "image/ui/common/table2.png",
                          "Plist": ""
                        },
                        "BlendFunc": {
                          "Src": 1,
                          "Dst": 771
                        },
                        "AnchorPoint": {
                          "ScaleX": 0.5,
                          "ScaleY": 0.5
                        },
                        "Position": {
                          "X": 218.1428,
                          "Y": 61.3553
                        },
                        "Scale": {
                          "ScaleX": 1.1,
                          "ScaleY": 1.0
                        },
                        "CColor": {},
                        "IconVisible": false,
                        "PrePosition": {
                          "X": 0.5454,
                          "Y": 0.5084
                        },
                        "PreSize": {
                          "X": 1.0,
                          "Y": 0.4972
                        },
                        "LeftMargin": 18.1428,
                        "RightMargin": -18.1428,
                        "TopMargin": 29.3187,
                        "BottomMargin": 31.3553,
                        "Tag": 26,
                        "ActionTag": -1806564904,
                        "Size": {
                          "X": 400.0,
                          "Y": 60.0
                        },
                        "Name": "bg1",
                        "ctype": "SpriteObjectData"
                      },
                      {
                        "FileData": {
                          "Type": "Normal",
                          "Path": "image/ui/btn/btn_fasong.png",
                          "Plist": ""
                        },
                        "BlendFunc": {
                          "Src": 1,
                          "Dst": 771
                        },
                        "AnchorPoint": {
                          "ScaleX": 0.5,
                          "ScaleY": 0.5
                        },
                        "Position": {
                          "X": 383.68,
                          "Y": 59.5499
                        },
                        "Scale": {
                          "ScaleX": 1.0,
                          "ScaleY": 1.0
                        },
                        "CColor": {},
                        "IconVisible": false,
                        "PositionPercentXEnabled": true,
                        "PrePosition": {
                          "X": 0.9592,
                          "Y": 0.4935
                        },
                        "PreSize": {
                          "X": 0.275,
                          "Y": 0.4972
                        },
                        "LeftMargin": 328.68,
                        "RightMargin": -38.68,
                        "TopMargin": 31.1241,
                        "BottomMargin": 29.5499,
                        "Tag": 182,
                        "ActionTag": 931623269,
                        "Size": {
                          "X": 110.0,
                          "Y": 60.0
                        },
                        "Name": "btn_send",
                        "ctype": "SpriteObjectData"
                      },
                      {
                        "FontResource": {
                          "Type": "Normal",
                          "Path": "image/fonts/FZZY.TTF",
                          "Plist": ""
                        },
                        "FontSize": 35,
                        "IsCustomSize": true,
                        "LabelText": "",
                        "PlaceHolderText": "",
                        "MaxLengthEnable": true,
                        "MaxLengthText": 30,
                        "TouchEnable": true,
                        "AnchorPoint": {
                          "ScaleX": 0.5,
                          "ScaleY": 0.5
                        },
                        "Position": {
                          "X": 170.0,
                          "Y": 61.8015
                        },
                        "Scale": {
                          "ScaleX": 1.0,
                          "ScaleY": 1.0
                        },
                        "CColor": {},
                        "IconVisible": false,
                        "PrePosition": {
                          "X": 0.425,
                          "Y": 0.5121
                        },
                        "PreSize": {
                          "X": 0.75,
                          "Y": 0.4143
                        },
                        "LeftMargin": 20.0,
                        "RightMargin": 80.0,
                        "TopMargin": 33.8725,
                        "BottomMargin": 36.8015,
                        "Tag": 353,
                        "ActionTag": 434667857,
                        "Size": {
                          "X": 300.0,
                          "Y": 50.0
                        },
                        "Name": "input",
                        "ctype": "TextFieldObjectData"
                      }
                    ],
                    "ActionTag": 1529513950,
                    "Size": {
                      "X": 400.0,
                      "Y": 120.674
                    },
                    "Name": "mask",
                    "ctype": "PanelObjectData"
                  },
                  {
                    "ClipAble": false,
                    "BackColorAlpha": 102,
                    "SingleColor": {
                      "R": 150,
                      "G": 200
                    },
                    "FirstColor": {
                      "R": 150,
                      "G": 200
                    },
                    "EndColor": {},
                    "ColorVector": {
                      "ScaleY": 1.0
                    },
                    "Scale9OriginX": -193,
                    "Scale9OriginY": -112,
                    "Scale9Width": 386,
                    "Scale9Height": 224,
                    "TouchEnable": true,
                    "AnchorPoint": {},
                    "Position": {
                      "X": 820.9888,
                      "Y": 29.1284
                    },
                    "Scale": {
                      "ScaleX": 1.0,
                      "ScaleY": 1.0
                    },
                    "CColor": {},
                    "IconVisible": false,
                    "PrePosition": {
                      "X": 0.6414,
                      "Y": 0.0405
                    },
                    "PreSize": {
                      "X": 0.2969,
                      "Y": 0.7639
                    },
                    "LeftMargin": 820.9888,
                    "RightMargin": 79.0112,
                    "TopMargin": 140.8716,
                    "BottomMargin": 29.1284,
                    "Tag": 29,
                    "Children": [
                      {
                        "IsBounceEnabled": true,
                        "InnerNodeSize": {
                          "Width": 629,
                          "Height": 600
                        },
                        "ScrollDirectionType": "Vertical",
                        "ClipAble": true,
                        "BackColorAlpha": 102,
                        "SingleColor": {
                          "G": 150,
                          "B": 100
                        },
                        "FirstColor": {
                          "G": 150,
                          "B": 100
                        },
                        "EndColor": {},
                        "ColorVector": {
                          "ScaleY": 1.0
                        },
                        "Scale9Width": 1,
                        "Scale9Height": 1,
                        "TouchEnable": true,
                        "AnchorPoint": {},
                        "Position": {
                          "X": 0.0,
                          "Y": 0.0
                        },
                        "Scale": {
                          "ScaleX": 1.0,
                          "ScaleY": 1.0
                        },
                        "CColor": {},
                        "IconVisible": false,
                        "PrePosition": {
                          "X": 0.0,
                          "Y": 0.0
                        },
                        "PreSize": {
                          "X": 1.0,
                          "Y": 1.0
                        },
                        "Tag": 30,
                        "Children": [
                          {
                            "FileData": {
                              "Type": "Normal",
                              "Path": "image/ui/niuniu/unit/ltqp1.png",
                              "Plist": ""
                            },
                            "Scale9Enable": true,
                            "Scale9OriginX": 30,
                            "Scale9OriginY": 20,
                            "Scale9Width": 74,
                            "Scale9Height": 22,
                            "AnchorPoint": {
                              "ScaleX": 0.5,
                              "ScaleY": 0.5
                            },
                            "Position": {
                              "X": 202.5695,
                              "Y": 556.5696
                            },
                            "Scale": {
                              "ScaleX": 1.0,
                              "ScaleY": 1.0
                            },
                            "CColor": {},
                            "IconVisible": false,
                            "PositionPercentXEnabled": true,
                            "PositionPercentYEnabled": true,
                            "PrePosition": {
                              "X": 0.3221,
                              "Y": 0.9276
                            },
                            "PreSize": {
                              "X": 0.6041,
                              "Y": 0.1033
                            },
                            "LeftMargin": 12.5695,
                            "RightMargin": 236.4305,
                            "TopMargin": 12.4304,
                            "BottomMargin": 525.5696,
                            "Tag": 742,
                            "Children": [
                              {
                                "IsCustomSize": true,
                                "FontSize": 20,
                                "LabelText": "快点吧, 我等得花儿都谢了!___",
                                "FontResource": {
                                  "Type": "Normal",
                                  "Path": "image/fonts/FZZY.TTF",
                                  "Plist": ""
                                },
                                "OutlineColor": {
                                  "G": 0,
                                  "B": 0
                                },
                                "ShadowColor": {
                                  "R": 150,
                                  "G": 150,
                                  "B": 150
                                },
                                "ShadowOffsetX": 1.0,
                                "ShadowOffsetY": -1.0,
                                "AnchorPoint": {},
                                "Position": {
                                  "X": 20.0,
                                  "Y": 6.2
                                },
                                "Scale": {
                                  "ScaleX": 1.0,
                                  "ScaleY": 1.0
                                },
                                "CColor": {},
                                "IconVisible": false,
                                "PositionPercentYEnabled": true,
                                "PrePosition": {
                                  "X": 0.0526,
                                  "Y": 0.1
                                },
                                "PreSize": {
                                  "X": 0.9974,
                                  "Y": 0.5161
                                },
                                "LeftMargin": 20.0,
                                "RightMargin": -19.0,
                                "TopMargin": 23.8,
                                "BottomMargin": 6.2,
                                "Tag": 191,
                                "ActionTag": -428969211,
                                "Size": {
                                  "X": 379.0,
                                  "Y": 32.0
                                },
                                "Name": "label",
                                "ctype": "TextObjectData"
                              }
                            ],
                            "ActionTag": -1140506313,
                            "Size": {
                              "X": 380.0,
                              "Y": 62.0
                            },
                            "Name": "row0",
                            "ctype": "ImageViewObjectData"
                          }
                        ],
                        "ActionTag": -811881329,
                        "Size": {
                          "X": 380.0,
                          "Y": 550.0
                        },
                        "Name": "scrollview",
                        "ctype": "ScrollViewObjectData"
                      }
                    ],
                    "ActionTag": -930777429,
                    "Size": {
                      "X": 380.0,
                      "Y": 550.0
                    },
                    "Name": "left",
                    "ctype": "PanelObjectData"
                  },
                  {
                    "ClipAble": false,
                    "BackColorAlpha": 102,
                    "SingleColor": {
                      "R": 150,
                      "G": 200
                    },
                    "FirstColor": {
                      "R": 150,
                      "G": 200
                    },
                    "EndColor": {},
                    "ColorVector": {
                      "ScaleY": 1.0
                    },
                    "Scale9OriginX": -193,
                    "Scale9OriginY": -146,
                    "Scale9Width": 386,
                    "Scale9Height": 292,
                    "TouchEnable": true,
                    "AnchorPoint": {},
                    "Position": {
                      "X": 824.9546,
                      "Y": 29.1283
                    },
                    "Scale": {
                      "ScaleX": 1.0,
                      "ScaleY": 1.0
                    },
                    "CColor": {},
                    "IconVisible": false,
                    "PrePosition": {
                      "X": 0.6445,
                      "Y": 0.0405
                    },
                    "PreSize": {
                      "X": 0.2969,
                      "Y": 0.7639
                    },
                    "LeftMargin": 824.9546,
                    "RightMargin": 75.0454,
                    "TopMargin": 140.8717,
                    "BottomMargin": 29.1283,
                    "Tag": 61,
                    "Children": [
                      {
                        "IsBounceEnabled": true,
                        "InnerNodeSize": {
                          "Width": 600,
                          "Height": 550
                        },
                        "ScrollDirectionType": "Vertical",
                        "ClipAble": true,
                        "BackColorAlpha": 102,
                        "SingleColor": {
                          "G": 150,
                          "B": 100
                        },
                        "FirstColor": {
                          "G": 150,
                          "B": 100
                        },
                        "EndColor": {},
                        "ColorVector": {
                          "ScaleY": 1.0
                        },
                        "Scale9Width": 1,
                        "Scale9Height": 1,
                        "AnchorPoint": {},
                        "Position": {
                          "X": 0.0,
                          "Y": 0.0
                        },
                        "Scale": {
                          "ScaleX": 1.0,
                          "ScaleY": 1.0
                        },
                        "CColor": {},
                        "IconVisible": false,
                        "PrePosition": {
                          "X": 0.0,
                          "Y": 0.0
                        },
                        "PreSize": {
                          "X": 1.0,
                          "Y": 1.0
                        },
                        "Tag": 64,
                        "Children": [
                          {
                            "FileData": {
                              "Type": "PlistSubImage",
                              "Path": "expression101.png",
                              "Plist": "image/ui/animation/expression.plist"
                            },
                            "BlendFunc": {
                              "Src": 1,
                              "Dst": 771
                            },
                            "AnchorPoint": {
                              "ScaleX": 0.5,
                              "ScaleY": 0.5
                            },
                            "Position": {
                              "X": 66.8773,
                              "Y": 471.4239
                            },
                            "Scale": {
                              "ScaleX": 0.7,
                              "ScaleY": 0.7
                            },
                            "CColor": {},
                            "IconVisible": false,
                            "PrePosition": {
                              "X": 0.1115,
                              "Y": 0.8571
                            },
                            "PreSize": {
                              "X": 0.275,
                              "Y": 0.3
                            },
                            "LeftMargin": -15.6227,
                            "RightMargin": 450.6227,
                            "TopMargin": -3.9239,
                            "BottomMargin": 388.9239,
                            "Tag": 62,
                            "ActionTag": 990196261,
                            "Size": {
                              "X": 165.0,
                              "Y": 165.0
                            },
                            "Name": "a0",
                            "ctype": "SpriteObjectData"
                          }
                        ],
                        "ActionTag": -390244918,
                        "Size": {
                          "X": 380.0,
                          "Y": 550.0
                        },
                        "Name": "scrollview",
                        "ctype": "ScrollViewObjectData"
                      }
                    ],
                    "ActionTag": -820750789,
                    "Size": {
                      "X": 380.0,
                      "Y": 550.0
                    },
                    "Name": "right",
                    "ctype": "PanelObjectData"
                  },
                  {
                    "FileData": {
                      "Type": "Normal",
                      "Path": "image/ui/btn/btn_cyy.png",
                      "Plist": ""
                    },
                    "BlendFunc": {
                      "Src": 1,
                      "Dst": 771
                    },
                    "AnchorPoint": {
                      "ScaleX": 0.5,
                      "ScaleY": 0.5
                    },
                    "Position": {
                      "X": 1236.8984,
                      "Y": 404.6408
                    },
                    "Scale": {
                      "ScaleX": 1.0,
                      "ScaleY": 1.0
                    },
                    "CColor": {},
                    "IconVisible": false,
                    "PrePosition": {
                      "X": 0.9663,
                      "Y": 0.562
                    },
                    "PreSize": {
                      "X": 0.0461,
                      "Y": 0.2972
                    },
                    "LeftMargin": 1207.3984,
                    "RightMargin": 13.6016,
                    "TopMargin": 208.3592,
                    "BottomMargin": 297.6408,
                    "Tag": 27,
                    "ActionTag": 1366181334,
                    "Size": {
                      "X": 59.0,
                      "Y": 214.0
                    },
                    "Name": "btn_left",
                    "ctype": "SpriteObjectData"
                  },
                  {
                    "FileData": {
                      "Type": "Normal",
                      "Path": "image/ui/btn/btn_cybq.png",
                      "Plist": ""
                    },
                    "BlendFunc": {
                      "Src": 1,
                      "Dst": 771
                    },
                    "AnchorPoint": {
                      "ScaleX": 0.5,
                      "ScaleY": 0.5
                    },
                    "Position": {
                      "X": 1237.2249,
                      "Y": 203.8377
                    },
                    "Scale": {
                      "ScaleX": 1.0,
                      "ScaleY": 1.0
                    },
                    "CColor": {},
                    "IconVisible": false,
                    "PrePosition": {
                      "X": 0.9666,
                      "Y": 0.2831
                    },
                    "PreSize": {
                      "X": 0.0461,
                      "Y": 0.2972
                    },
                    "LeftMargin": 1207.7249,
                    "RightMargin": 13.2751,
                    "TopMargin": 409.1623,
                    "BottomMargin": 96.8377,
                    "Tag": 28,
                    "ActionTag": -1043930273,
                    "Size": {
                      "X": 59.0,
                      "Y": 214.0
                    },
                    "Name": "btn_right",
                    "ctype": "SpriteObjectData"
                  },
                  {
                    "FileData": {
                      "Type": "Normal",
                      "Path": "image/ui/room/sp_mic.png",
                      "Plist": ""
                    },
                    "BlendFunc": {
                      "Src": 1,
                      "Dst": 771
                    },
                    "AnchorPoint": {
                      "ScaleX": 0.5,
                      "ScaleY": 0.5
                    },
                    "Position": {
                      "X": 335.33,
                      "Y": 200.1058
                    },
                    "Scale": {
                      "ScaleX": 1.0,
                      "ScaleY": 1.0
                    },
                    "CColor": {},
                    "IconVisible": false,
                    "PrePosition": {
                      "X": 0.262,
                      "Y": 0.2779
                    },
                    "PreSize": {
                      "X": 0.0633,
                      "Y": 0.1083
                    },
                    "LeftMargin": 294.83,
                    "RightMargin": 904.17,
                    "TopMargin": 480.8942,
                    "BottomMargin": 161.1058,
                    "Tag": 2551,
                    "ActionTag": 1143656489,
                    "Size": {
                      "X": 81.0,
                      "Y": 78.0
                    },
                    "VisibleForFrame": false,
                    "Name": "btn_mic",
                    "ctype": "SpriteObjectData"
                  }
                ],
                "ActionTag": 1118928470,
                "Size": {
                  "X": 1280.0,
                  "Y": 720.0
                },
                "Name": "panel",
                "ctype": "PanelObjectData"
              }
            ],
            "ActionTag": -33404820,
            "Size": {
              "X": 1280.0,
              "Y": 720.0
            },
            "Name": "root",
            "ctype": "PanelObjectData"
          }
        ],
        "Size": {
          "X": 1280.0,
          "Y": 720.0
        },
        "Name": "Scene",
        "ctype": "SingleNodeObjectData"
      },
      "UsedResources": [
        "../../image/fonts/FZZY.TTF",
        "../../image/ui/animation/expression.plist",
        "../../image/ui/animation/expression.png",
        "../../image/ui/btn/btn_cybq.png",
        "../../image/ui/btn/btn_cyy.png",
        "../../image/ui/btn/btn_fasong.png",
        "../../image/ui/common/table2.png",
        "../../image/ui/common/titlechat.png",
        "../../image/ui/niuniu/unit/ltqp1.png",
        "../../image/ui/room/sp_mic.png",
        "../../image/ui/transparent/transparent_1280x720.png"
      ],
      "ctype": "GameFileData"
    }
  },
  "Type": "Scene"
}