{
  "ID": "1e5f4fc0-60d4-43b5-834b-3ff4ad5482ac",
  "Version": "3.10.0.0",
  "Name": "DaiKaiItem",
  "Content": {
    "Content": {
      "Animation": {
        "Duration": 0,
        "Speed": 1.0,
        "Timelines": [],
        "ctype": "TimelineActionData"
      },
      "AnimationList": [],
      "ObjectData": {
        "Tag": 323,
        "Children": [
          {
            "ClipAble": false,
            "SingleColor": {},
            "FirstColor": {
              "R": 150,
              "G": 200
            },
            "EndColor": {},
            "ColorVector": {
              "ScaleY": 1.0
            },
            "Scale9Width": 1,
            "Scale9Height": 1,
            "AnchorPoint": {},
            "Position": {
              "X": 0.0,
              "Y": 0.0
            },
            "Scale": {
              "ScaleX": 1.0,
              "ScaleY": 1.0
            },
            "CColor": {},
            "IconVisible": false,
            "PrePosition": {
              "X": 0.0,
              "Y": 0.0
            },
            "PreSize": {
              "X": 1.0,
              "Y": 1.0
            },
            "Tag": 503,
            "Children": [
              {
                "FileData": {
                  "Type": "Normal",
                  "Path": "image/ui/history/history_detailcell2.png",
                  "Plist": ""
                },
                "Scale9Enable": true,
                "Scale9OriginX": 22,
                "Scale9OriginY": 22,
                "Scale9Width": 14,
                "Scale9Height": 14,
                "AnchorPoint": {
                  "ScaleX": 0.5,
                  "ScaleY": 0.5
                },
                "Position": {
                  "X": 600.0,
                  "Y": 100.0
                },
                "Scale": {
                  "ScaleX": 1.0,
                  "ScaleY": 1.0
                },
                "CColor": {},
                "IconVisible": false,
                "PositionPercentXEnabled": true,
                "PositionPercentYEnabled": true,
                "PrePosition": {
                  "X": 0.5,
                  "Y": 0.5
                },
                "PreSize": {
                  "X": 0.9833,
                  "Y": 0.9
                },
                "LeftMargin": 10.0,
                "RightMargin": 10.0,
                "TopMargin": 10.0,
                "BottomMargin": 10.0,
                "Tag": 543,
                "ActionTag": 1391454310,
                "Size": {
                  "X": 1180.0,
                  "Y": 180.0
                },
                "Name": "cellbg",
                "ctype": "ImageViewObjectData"
              },
              {
                "FileData": {
                  "Type": "Normal",
                  "Path": "image/ui/history/history_detailcell1.png",
                  "Plist": ""
                },
                "Scale9Enable": true,
                "Scale9OriginX": 22,
                "Scale9OriginY": 22,
                "Scale9Width": 14,
                "Scale9Height": 14,
                "AnchorPoint": {
                  "ScaleX": 0.5,
                  "ScaleY": 0.5
                },
                "Position": {
                  "X": 600.0,
                  "Y": 100.0
                },
                "Scale": {
                  "ScaleX": 1.0,
                  "ScaleY": 1.0
                },
                "CColor": {},
                "IconVisible": false,
                "PositionPercentXEnabled": true,
                "PositionPercentYEnabled": true,
                "PrePosition": {
                  "X": 0.5,
                  "Y": 0.5
                },
                "PreSize": {
                  "X": 0.9833,
                  "Y": 0.9
                },
                "LeftMargin": 10.0,
                "RightMargin": 10.0,
                "TopMargin": 10.0,
                "BottomMargin": 10.0,
                "Tag": 522,
                "ActionTag": 994531624,
                "Size": {
                  "X": 1180.0,
                  "Y": 180.0
                },
                "Name": "cellbg2",
                "ctype": "ImageViewObjectData"
              }
            ],
            "ActionTag": 842546825,
            "Size": {
              "X": 1200.0,
              "Y": 200.0
            },
            "Name": "bgPanel",
            "ctype": "PanelObjectData"
          },
          {
            "FontSize": 26,
            "LabelText": "8888-88-88 88:88:88 ",
            "FontResource": {
              "Type": "Normal",
              "Path": "image/fonts/FZZY.TTF",
              "Plist": ""
            },
            "VerticalAlignmentType": "VT_Center",
            "OutlineColor": {
              "R": 124,
              "G": 100,
              "B": 100
            },
            "ShadowColor": {
              "R": 110,
              "G": 110,
              "B": 110
            },
            "ShadowOffsetX": 2.0,
            "ShadowOffsetY": -2.0,
            "AnchorPoint": {
              "ScaleY": 0.5
            },
            "Position": {
              "X": 165.9587,
              "Y": 150.9242
            },
            "Scale": {
              "ScaleX": 1.0,
              "ScaleY": 1.0
            },
            "CColor": {
              "R": 124,
              "G": 100,
              "B": 100
            },
            "IconVisible": false,
            "PrePosition": {
              "X": 0.1383,
              "Y": 0.7546
            },
            "PreSize": {
              "X": 0.2092,
              "Y": 0.15
            },
            "LeftMargin": 165.9587,
            "RightMargin": 783.0413,
            "TopMargin": 34.0758,
            "BottomMargin": 135.9242,
            "Tag": 326,
            "ActionTag": 770783726,
            "Size": {
              "X": 251.0,
              "Y": 30.0
            },
            "Name": "lb_time",
            "ctype": "TextObjectData"
          },
          {
            "FontSize": 26,
            "LabelText": "1234567",
            "FontResource": {
              "Type": "Normal",
              "Path": "image/fonts/FZZY.TTF",
              "Plist": ""
            },
            "VerticalAlignmentType": "VT_Center",
            "OutlineColor": {
              "R": 124,
              "G": 100,
              "B": 100
            },
            "ShadowColor": {
              "R": 110,
              "G": 110,
              "B": 110
            },
            "ShadowOffsetX": 2.0,
            "ShadowOffsetY": -2.0,
            "AnchorPoint": {
              "ScaleY": 0.5
            },
            "Position": {
              "X": 50.6433,
              "Y": 150.9243
            },
            "Scale": {
              "ScaleX": 1.0,
              "ScaleY": 1.0
            },
            "CColor": {
              "R": 124,
              "G": 100,
              "B": 100
            },
            "IconVisible": false,
            "PrePosition": {
              "X": 0.0422,
              "Y": 0.7546
            },
            "PreSize": {
              "X": 0.0792,
              "Y": 0.15
            },
            "LeftMargin": 50.6433,
            "RightMargin": 1054.3567,
            "TopMargin": 34.0757,
            "BottomMargin": 135.9243,
            "Tag": 327,
            "ActionTag": 1839076227,
            "Size": {
              "X": 95.0,
              "Y": 30.0
            },
            "Name": "lb_roomid",
            "ctype": "TextObjectData"
          },
          {
            "FileData": {
              "Type": "Normal",
              "Path": "image/defaultHead.jpg",
              "Plist": ""
            },
            "BlendFunc": {
              "Src": 770,
              "Dst": 771
            },
            "AnchorPoint": {
              "ScaleX": 0.5,
              "ScaleY": 0.5
            },
            "Position": {
              "X": 88.7796,
              "Y": 54.3273
            },
            "Scale": {
              "ScaleX": 0.6,
              "ScaleY": 0.6
            },
            "CColor": {},
            "IconVisible": false,
            "PrePosition": {
              "X": 0.074,
              "Y": 0.2716
            },
            "PreSize": {
              "X": 0.11,
              "Y": 0.66
            },
            "LeftMargin": 22.7796,
            "RightMargin": 1045.2205,
            "TopMargin": 79.6727,
            "BottomMargin": -11.6727,
            "Tag": 448,
            "ActionTag": -1158184168,
            "Size": {
              "X": 132.0,
              "Y": 132.0
            },
            "Name": "header1",
            "ctype": "SpriteObjectData"
          },
          {
            "FontSize": 22,
            "LabelText": "名字留\n六个字",
            "FontResource": {
              "Type": "Normal",
              "Path": "image/fonts/FZZY.TTF",
              "Plist": ""
            },
            "OutlineColor": {
              "R": 124,
              "G": 100,
              "B": 100
            },
            "ShadowColor": {
              "R": 110,
              "G": 110,
              "B": 110
            },
            "ShadowOffsetX": 2.0,
            "ShadowOffsetY": -2.0,
            "AnchorPoint": {
              "ScaleX": 0.5,
              "ScaleY": 0.5
            },
            "Position": {
              "X": 166.5356,
              "Y": 50.8167
            },
            "Scale": {
              "ScaleX": 1.0,
              "ScaleY": 1.0
            },
            "CColor": {
              "R": 124,
              "G": 100,
              "B": 100
            },
            "IconVisible": false,
            "PrePosition": {
              "X": 0.1388,
              "Y": 0.2541
            },
            "PreSize": {
              "X": 0.0575,
              "Y": 0.25
            },
            "LeftMargin": 132.0356,
            "RightMargin": 998.9644,
            "TopMargin": 124.1833,
            "BottomMargin": 25.8167,
            "Tag": 292,
            "ActionTag": -102168069,
            "Size": {
              "X": 69.0,
              "Y": 50.0
            },
            "Name": "lb_nickname1",
            "ctype": "TextObjectData"
          },
          {
            "FileData": {
              "Type": "Normal",
              "Path": "image/defaultHead.jpg",
              "Plist": ""
            },
            "BlendFunc": {
              "Src": 770,
              "Dst": 771
            },
            "AnchorPoint": {
              "ScaleX": 0.5,
              "ScaleY": 0.5
            },
            "Position": {
              "X": 250.7717,
              "Y": 54.3273
            },
            "Scale": {
              "ScaleX": 0.6,
              "ScaleY": 0.6
            },
            "CColor": {},
            "IconVisible": false,
            "PrePosition": {
              "X": 0.209,
              "Y": 0.2716
            },
            "PreSize": {
              "X": 0.11,
              "Y": 0.66
            },
            "LeftMargin": 184.7717,
            "RightMargin": 883.2283,
            "TopMargin": 79.6727,
            "BottomMargin": -11.6727,
            "Tag": 449,
            "ActionTag": 828080271,
            "Size": {
              "X": 132.0,
              "Y": 132.0
            },
            "Name": "header2",
            "ctype": "SpriteObjectData"
          },
          {
            "FontSize": 22,
            "LabelText": "名字预\n七个字",
            "FontResource": {
              "Type": "Normal",
              "Path": "image/fonts/FZZY.TTF",
              "Plist": ""
            },
            "OutlineColor": {
              "R": 124,
              "G": 100,
              "B": 100
            },
            "ShadowColor": {
              "R": 110,
              "G": 110,
              "B": 110
            },
            "ShadowOffsetX": 2.0,
            "ShadowOffsetY": -2.0,
            "AnchorPoint": {
              "ScaleX": 0.5,
              "ScaleY": 0.5
            },
            "Position": {
              "X": 329.0674,
              "Y": 50.8168
            },
            "Scale": {
              "ScaleX": 1.0,
              "ScaleY": 1.0
            },
            "CColor": {
              "R": 124,
              "G": 100,
              "B": 100
            },
            "IconVisible": false,
            "PrePosition": {
              "X": 0.2742,
              "Y": 0.2541
            },
            "PreSize": {
              "X": 0.0575,
              "Y": 0.25
            },
            "LeftMargin": 294.5674,
            "RightMargin": 836.4326,
            "TopMargin": 124.1832,
            "BottomMargin": 25.8168,
            "Tag": 328,
            "ActionTag": 28152261,
            "Size": {
              "X": 69.0,
              "Y": 50.0
            },
            "Name": "lb_nickname2",
            "ctype": "TextObjectData"
          },
          {
            "FileData": {
              "Type": "Normal",
              "Path": "image/defaultHead.jpg",
              "Plist": ""
            },
            "BlendFunc": {
              "Src": 770,
              "Dst": 771
            },
            "AnchorPoint": {
              "ScaleX": 0.5,
              "ScaleY": 0.5
            },
            "Position": {
              "X": 412.7637,
              "Y": 54.3273
            },
            "Scale": {
              "ScaleX": 0.6,
              "ScaleY": 0.6
            },
            "CColor": {},
            "IconVisible": false,
            "PrePosition": {
              "X": 0.344,
              "Y": 0.2716
            },
            "PreSize": {
              "X": 0.11,
              "Y": 0.66
            },
            "LeftMargin": 346.7637,
            "RightMargin": 721.2363,
            "TopMargin": 79.6727,
            "BottomMargin": -11.6727,
            "Tag": 450,
            "ActionTag": -843056041,
            "Size": {
              "X": 132.0,
              "Y": 132.0
            },
            "Name": "header3",
            "ctype": "SpriteObjectData"
          },
          {
            "FontSize": 22,
            "LabelText": "名字预\n七个字",
            "FontResource": {
              "Type": "Normal",
              "Path": "image/fonts/FZZY.TTF",
              "Plist": ""
            },
            "OutlineColor": {
              "R": 124,
              "G": 100,
              "B": 100
            },
            "ShadowColor": {
              "R": 110,
              "G": 110,
              "B": 110
            },
            "ShadowOffsetX": 2.0,
            "ShadowOffsetY": -2.0,
            "AnchorPoint": {
              "ScaleX": 0.5,
              "ScaleY": 0.5
            },
            "Position": {
              "X": 491.5993,
              "Y": 50.8168
            },
            "Scale": {
              "ScaleX": 1.0,
              "ScaleY": 1.0
            },
            "CColor": {
              "R": 124,
              "G": 100,
              "B": 100
            },
            "IconVisible": false,
            "PrePosition": {
              "X": 0.4097,
              "Y": 0.2541
            },
            "PreSize": {
              "X": 0.0575,
              "Y": 0.25
            },
            "LeftMargin": 457.0993,
            "RightMargin": 673.9007,
            "TopMargin": 124.1832,
            "BottomMargin": 25.8168,
            "Tag": 294,
            "ActionTag": -174781001,
            "Size": {
              "X": 69.0,
              "Y": 50.0
            },
            "Name": "lb_nickname3",
            "ctype": "TextObjectData"
          },
          {
            "FileData": {
              "Type": "Normal",
              "Path": "image/defaultHead.jpg",
              "Plist": ""
            },
            "BlendFunc": {
              "Src": 770,
              "Dst": 771
            },
            "AnchorPoint": {
              "ScaleX": 0.5,
              "ScaleY": 0.5
            },
            "Position": {
              "X": 574.7565,
              "Y": 54.3273
            },
            "Scale": {
              "ScaleX": 0.6,
              "ScaleY": 0.6
            },
            "CColor": {},
            "IconVisible": false,
            "PrePosition": {
              "X": 0.479,
              "Y": 0.2716
            },
            "PreSize": {
              "X": 0.11,
              "Y": 0.66
            },
            "LeftMargin": 508.7565,
            "RightMargin": 559.2435,
            "TopMargin": 79.6727,
            "BottomMargin": -11.6727,
            "Tag": 451,
            "ActionTag": 222203770,
            "Size": {
              "X": 132.0,
              "Y": 132.0
            },
            "Name": "header4",
            "ctype": "SpriteObjectData"
          },
          {
            "FontSize": 22,
            "LabelText": "名字预\n七个字",
            "FontResource": {
              "Type": "Normal",
              "Path": "image/fonts/FZZY.TTF",
              "Plist": ""
            },
            "OutlineColor": {
              "R": 124,
              "G": 100,
              "B": 100
            },
            "ShadowColor": {
              "R": 110,
              "G": 110,
              "B": 110
            },
            "ShadowOffsetX": 2.0,
            "ShadowOffsetY": -2.0,
            "AnchorPoint": {
              "ScaleX": 0.5,
              "ScaleY": 0.5
            },
            "Position": {
              "X": 654.1311,
              "Y": 50.8168
            },
            "Scale": {
              "ScaleX": 1.0,
              "ScaleY": 1.0
            },
            "CColor": {
              "R": 124,
              "G": 100,
              "B": 100
            },
            "IconVisible": false,
            "PrePosition": {
              "X": 0.5451,
              "Y": 0.2541
            },
            "PreSize": {
              "X": 0.0575,
              "Y": 0.25
            },
            "LeftMargin": 619.6311,
            "RightMargin": 511.3689,
            "TopMargin": 124.1832,
            "BottomMargin": 25.8168,
            "Tag": 293,
            "ActionTag": 659627002,
            "Size": {
              "X": 69.0,
              "Y": 50.0
            },
            "Name": "lb_nickname4",
            "ctype": "TextObjectData"
          },
          {
            "FileData": {
              "Type": "Normal",
              "Path": "image/defaultHead.jpg",
              "Plist": ""
            },
            "BlendFunc": {
              "Src": 770,
              "Dst": 771
            },
            "AnchorPoint": {
              "ScaleX": 0.5,
              "ScaleY": 0.5
            },
            "Position": {
              "X": 736.749,
              "Y": 54.3273
            },
            "Scale": {
              "ScaleX": 0.6,
              "ScaleY": 0.6
            },
            "CColor": {},
            "IconVisible": false,
            "PrePosition": {
              "X": 0.614,
              "Y": 0.2716
            },
            "PreSize": {
              "X": 0.11,
              "Y": 0.66
            },
            "LeftMargin": 670.749,
            "RightMargin": 397.251,
            "TopMargin": 79.6727,
            "BottomMargin": -11.6727,
            "Tag": 1053,
            "ActionTag": -1982333776,
            "Size": {
              "X": 132.0,
              "Y": 132.0
            },
            "Name": "header5",
            "ctype": "SpriteObjectData"
          },
          {
            "FontSize": 22,
            "LabelText": "名字预\n七个字",
            "FontResource": {
              "Type": "Normal",
              "Path": "image/fonts/FZZY.TTF",
              "Plist": ""
            },
            "OutlineColor": {
              "R": 124,
              "G": 100,
              "B": 100
            },
            "ShadowColor": {
              "R": 110,
              "G": 110,
              "B": 110
            },
            "ShadowOffsetX": 2.0,
            "ShadowOffsetY": -2.0,
            "AnchorPoint": {
              "ScaleX": 0.5,
              "ScaleY": 0.5
            },
            "Position": {
              "X": 816.663,
              "Y": 50.8167
            },
            "Scale": {
              "ScaleX": 1.0,
              "ScaleY": 1.0
            },
            "CColor": {
              "R": 124,
              "G": 100,
              "B": 100
            },
            "IconVisible": false,
            "PrePosition": {
              "X": 0.6806,
              "Y": 0.2541
            },
            "PreSize": {
              "X": 0.0575,
              "Y": 0.25
            },
            "LeftMargin": 782.163,
            "RightMargin": 348.837,
            "TopMargin": 124.1833,
            "BottomMargin": 25.8167,
            "Tag": 1054,
            "ActionTag": -1761382445,
            "Size": {
              "X": 69.0,
              "Y": 50.0
            },
            "Name": "lb_nickname5",
            "ctype": "TextObjectData"
          },
          {
            "FileData": {
              "Type": "Normal",
              "Path": "image/defaultHead.jpg",
              "Plist": ""
            },
            "BlendFunc": {
              "Src": 770,
              "Dst": 771
            },
            "AnchorPoint": {
              "ScaleX": 0.5,
              "ScaleY": 0.5
            },
            "Position": {
              "X": 898.7416,
              "Y": 54.3273
            },
            "Scale": {
              "ScaleX": 0.6,
              "ScaleY": 0.6
            },
            "CColor": {},
            "IconVisible": false,
            "PrePosition": {
              "X": 0.749,
              "Y": 0.2716
            },
            "PreSize": {
              "X": 0.11,
              "Y": 0.66
            },
            "LeftMargin": 832.7416,
            "RightMargin": 235.2584,
            "TopMargin": 79.6727,
            "BottomMargin": -11.6727,
            "Tag": 1055,
            "ActionTag": -24288247,
            "Size": {
              "X": 132.0,
              "Y": 132.0
            },
            "Name": "header6",
            "ctype": "SpriteObjectData"
          },
          {
            "FontSize": 22,
            "LabelText": "名字预\n七个字",
            "FontResource": {
              "Type": "Normal",
              "Path": "image/fonts/FZZY.TTF",
              "Plist": ""
            },
            "OutlineColor": {
              "R": 124,
              "G": 100,
              "B": 100
            },
            "ShadowColor": {
              "R": 110,
              "G": 110,
              "B": 110
            },
            "ShadowOffsetX": 2.0,
            "ShadowOffsetY": -2.0,
            "AnchorPoint": {
              "ScaleX": 0.5,
              "ScaleY": 0.5
            },
            "Position": {
              "X": 979.1948,
              "Y": 50.8167
            },
            "Scale": {
              "ScaleX": 1.0,
              "ScaleY": 1.0
            },
            "CColor": {
              "R": 124,
              "G": 100,
              "B": 100
            },
            "IconVisible": false,
            "PrePosition": {
              "X": 0.816,
              "Y": 0.2541
            },
            "PreSize": {
              "X": 0.0575,
              "Y": 0.25
            },
            "LeftMargin": 944.6948,
            "RightMargin": 186.3052,
            "TopMargin": 124.1833,
            "BottomMargin": 25.8167,
            "Tag": 1056,
            "ActionTag": 996347553,
            "Size": {
              "X": 69.0,
              "Y": 50.0
            },
            "Name": "lb_nickname6",
            "ctype": "TextObjectData"
          },
          {
            "IsCustomSize": true,
            "FontSize": 22,
            "LabelText": "随州卡五星／两人玩／8倍封顶／部分亮／见四归／两人玩／8倍封顶／部分亮／见四归部分亮／见四归部分亮／见四归部分亮／见四归部分亮／部分亮／亮亮",
            "FontResource": {
              "Type": "Normal",
              "Path": "image/fonts/FZZY.TTF",
              "Plist": ""
            },
            "OutlineColor": {
              "R": 124,
              "G": 100,
              "B": 100
            },
            "ShadowColor": {
              "R": 110,
              "G": 110,
              "B": 110
            },
            "ShadowOffsetX": 2.0,
            "ShadowOffsetY": -2.0,
            "AnchorPoint": {
              "ScaleY": 1.0
            },
            "Position": {
              "X": 585.4095,
              "Y": 187.2975
            },
            "Scale": {
              "ScaleX": 1.0,
              "ScaleY": 1.0
            },
            "CColor": {
              "R": 124,
              "G": 100,
              "B": 100
            },
            "IconVisible": false,
            "PrePosition": {
              "X": 0.4878,
              "Y": 0.9365
            },
            "PreSize": {
              "X": 0.4,
              "Y": 0.6
            },
            "LeftMargin": 585.4095,
            "RightMargin": 134.5905,
            "TopMargin": 12.7025,
            "BottomMargin": 67.2975,
            "Tag": 430,
            "ActionTag": -1356164462,
            "Size": {
              "X": 480.0,
              "Y": 120.0
            },
            "Name": "lb_wanfa",
            "ctype": "TextObjectData"
          },
          {
            "FileData": {
              "Type": "Normal",
              "Path": "image/ui/room2/button_yq.png",
              "Plist": ""
            },
            "BlendFunc": {
              "Src": 1,
              "Dst": 771
            },
            "AnchorPoint": {
              "ScaleX": 0.5,
              "ScaleY": 0.5
            },
            "Position": {
              "X": 1121.1067,
              "Y": 54.7154
            },
            "Scale": {
              "ScaleX": 1.0,
              "ScaleY": 1.0
            },
            "CColor": {},
            "IconVisible": false,
            "PrePosition": {
              "X": 0.9343,
              "Y": 0.2736
            },
            "PreSize": {
              "X": 0.0983,
              "Y": 0.29
            },
            "LeftMargin": 1062.1067,
            "RightMargin": 19.8933,
            "TopMargin": 116.2846,
            "BottomMargin": 25.7154,
            "Tag": 433,
            "ActionTag": -1612435378,
            "Size": {
              "X": 118.0,
              "Y": 58.0
            },
            "Name": "button_yq",
            "ctype": "SpriteObjectData"
          },
          {
            "FileData": {
              "Type": "Normal",
              "Path": "image/ui/room2/btn_jiesan.png",
              "Plist": ""
            },
            "BlendFunc": {
              "Src": 1,
              "Dst": 771
            },
            "AnchorPoint": {
              "ScaleX": 0.5,
              "ScaleY": 0.5
            },
            "Position": {
              "X": 1121.1067,
              "Y": 136.7912
            },
            "Scale": {
              "ScaleX": 1.0,
              "ScaleY": 1.0
            },
            "CColor": {},
            "IconVisible": false,
            "PrePosition": {
              "X": 0.9343,
              "Y": 0.684
            },
            "PreSize": {
              "X": 0.0983,
              "Y": 0.29
            },
            "LeftMargin": 1062.1067,
            "RightMargin": 19.8933,
            "TopMargin": 34.2088,
            "BottomMargin": 107.7912,
            "Tag": 506,
            "ActionTag": -12059332,
            "Size": {
              "X": 118.0,
              "Y": 58.0
            },
            "Name": "button_js",
            "ctype": "SpriteObjectData"
          },
          {
            "FontSize": 26,
            "LabelText": "未开始(00/00)",
            "FontResource": {
              "Type": "Normal",
              "Path": "image/fonts/FZZY.TTF",
              "Plist": ""
            },
            "VerticalAlignmentType": "VT_Center",
            "OutlineColor": {
              "R": 124,
              "G": 100,
              "B": 100
            },
            "ShadowColor": {
              "R": 110,
              "G": 110,
              "B": 110
            },
            "ShadowOffsetX": 2.0,
            "ShadowOffsetY": -2.0,
            "AnchorPoint": {
              "ScaleY": 0.5
            },
            "Position": {
              "X": 436.6982,
              "Y": 150.9242
            },
            "Scale": {
              "ScaleX": 1.0,
              "ScaleY": 1.0
            },
            "CColor": {
              "R": 124,
              "G": 100,
              "B": 100
            },
            "IconVisible": false,
            "PrePosition": {
              "X": 0.3639,
              "Y": 0.7546
            },
            "PreSize": {
              "X": 0.1325,
              "Y": 0.15
            },
            "LeftMargin": 436.6982,
            "RightMargin": 604.3018,
            "TopMargin": 34.0758,
            "BottomMargin": 135.9242,
            "Tag": 447,
            "ActionTag": 986508010,
            "Size": {
              "X": 159.0,
              "Y": 30.0
            },
            "Name": "lb_state",
            "ctype": "TextObjectData"
          }
        ],
        "Size": {
          "X": 1200.0,
          "Y": 200.0
        },
        "Name": "Layer",
        "ctype": "LayerObjectData"
      },
      "UsedResources": [
        "../../image/defaultHead.jpg",
        "../../image/fonts/FZZY.TTF",
        "../../image/ui/history/history_detailcell1.png",
        "../../image/ui/history/history_detailcell2.png",
        "../../image/ui/room2/btn_jiesan.png",
        "../../image/ui/room2/button_yq.png"
      ],
      "ctype": "GameFileData"
    }
  },
  "Type": "Layer"
}