{
  "ID": "5ea6230d-f3a8-4a1d-bb28-cb8222289ebb",
  "Version": "3.10.0.0",
  "Name": "OutCards",
  "Content": {
    "Content": {
      "Animation": {
        "Duration": 0,
        "Speed": 1.0,
        "Timelines": [],
        "ctype": "TimelineActionData"
      },
      "AnimationList": [],
      "ObjectData": {
        "Tag": 34,
        "Children": [
          {
            "FileData": {
              "Type": "PlistSubImage",
              "Path": "cardcommon_small_20.png",
              "Plist": "image/ui/card_common/card_common.plist"
            },
            "BlendFunc": {
              "Src": 1,
              "Dst": 771
            },
            "AnchorPoint": {
              "ScaleX": 0.5,
              "ScaleY": 0.5
            },
            "Position": {
              "X": 206.2,
              "Y": 25.0
            },
            "Scale": {
              "ScaleX": 1.0,
              "ScaleY": 1.0
            },
            "CColor": {},
            "IconVisible": false,
            "PrePosition": {
              "X": 0.8965,
              "Y": 0.1786
            },
            "PreSize": {
              "X": 0.1826,
              "Y": 0.3
            },
            "LeftMargin": 185.2,
            "RightMargin": 2.8,
            "TopMargin": 94.0,
            "BottomMargin": 4.0,
            "Tag": 119,
            "ActionTag": 1218247966,
            "Size": {
              "X": 42.0,
              "Y": 42.0
            },
            "Name": "s7_1_6",
            "ctype": "SpriteObjectData"
          },
          {
            "FileData": {
              "Type": "PlistSubImage",
              "Path": "cardcommon_small_20.png",
              "Plist": "image/ui/card_common/card_common.plist"
            },
            "BlendFunc": {
              "Src": 1,
              "Dst": 771
            },
            "AnchorPoint": {
              "ScaleX": 0.5,
              "ScaleY": 0.5
            },
            "Position": {
              "X": 161.4,
              "Y": 25.0
            },
            "Scale": {
              "ScaleX": 1.0,
              "ScaleY": 1.0
            },
            "CColor": {},
            "IconVisible": false,
            "PrePosition": {
              "X": 0.7017,
              "Y": 0.1786
            },
            "PreSize": {
              "X": 0.1826,
              "Y": 0.3
            },
            "LeftMargin": 140.4,
            "RightMargin": 47.6,
            "TopMargin": 94.0,
            "BottomMargin": 4.0,
            "Tag": 120,
            "ActionTag": -1586903137,
            "Size": {
              "X": 42.0,
              "Y": 42.0
            },
            "Name": "s7_1_5",
            "ctype": "SpriteObjectData"
          },
          {
            "FileData": {
              "Type": "PlistSubImage",
              "Path": "cardcommon_small_20.png",
              "Plist": "image/ui/card_common/card_common.plist"
            },
            "BlendFunc": {
              "Src": 1,
              "Dst": 771
            },
            "AnchorPoint": {
              "ScaleX": 0.5,
              "ScaleY": 0.5
            },
            "Position": {
              "X": 115.6,
              "Y": 25.0
            },
            "Scale": {
              "ScaleX": 1.0,
              "ScaleY": 1.0
            },
            "CColor": {},
            "IconVisible": false,
            "PrePosition": {
              "X": 0.5026,
              "Y": 0.1786
            },
            "PreSize": {
              "X": 0.1826,
              "Y": 0.3
            },
            "LeftMargin": 94.6,
            "RightMargin": 93.4,
            "TopMargin": 94.0,
            "BottomMargin": 4.0,
            "Tag": 121,
            "ActionTag": 432765423,
            "Size": {
              "X": 42.0,
              "Y": 42.0
            },
            "Name": "s7_1_4",
            "ctype": "SpriteObjectData"
          },
          {
            "FileData": {
              "Type": "PlistSubImage",
              "Path": "cardcommon_small_20.png",
              "Plist": "image/ui/card_common/card_common.plist"
            },
            "BlendFunc": {
              "Src": 1,
              "Dst": 771
            },
            "AnchorPoint": {
              "ScaleX": 0.5,
              "ScaleY": 0.5
            },
            "Position": {
              "X": 69.8,
              "Y": 25.0
            },
            "Scale": {
              "ScaleX": 1.0,
              "ScaleY": 1.0
            },
            "CColor": {},
            "IconVisible": false,
            "PrePosition": {
              "X": 0.3035,
              "Y": 0.1786
            },
            "PreSize": {
              "X": 0.1826,
              "Y": 0.3
            },
            "LeftMargin": 48.8,
            "RightMargin": 139.2,
            "TopMargin": 94.0,
            "BottomMargin": 4.0,
            "Tag": 122,
            "ActionTag": -508612309,
            "Size": {
              "X": 42.0,
              "Y": 42.0
            },
            "Name": "s7_1_3",
            "ctype": "SpriteObjectData"
          },
          {
            "FileData": {
              "Type": "PlistSubImage",
              "Path": "cardcommon_small_20.png",
              "Plist": "image/ui/card_common/card_common.plist"
            },
            "BlendFunc": {
              "Src": 1,
              "Dst": 771
            },
            "AnchorPoint": {
              "ScaleX": 0.5,
              "ScaleY": 0.5
            },
            "Position": {
              "X": 24.0,
              "Y": 25.0
            },
            "Scale": {
              "ScaleX": 1.0,
              "ScaleY": 1.0
            },
            "CColor": {},
            "IconVisible": false,
            "PrePosition": {
              "X": 0.1043,
              "Y": 0.1786
            },
            "PreSize": {
              "X": 0.1826,
              "Y": 0.3
            },
            "LeftMargin": 3.0,
            "RightMargin": 185.0,
            "TopMargin": 94.0,
            "BottomMargin": 4.0,
            "Tag": 123,
            "ActionTag": 482818218,
            "Size": {
              "X": 42.0,
              "Y": 42.0
            },
            "Name": "s7_1",
            "ctype": "SpriteObjectData"
          },
          {
            "FileData": {
              "Type": "PlistSubImage",
              "Path": "cardcommon_small_20.png",
              "Plist": "image/ui/card_common/card_common.plist"
            },
            "BlendFunc": {
              "Src": 1,
              "Dst": 771
            },
            "AnchorPoint": {
              "ScaleX": 0.5,
              "ScaleY": 0.5
            },
            "Position": {
              "X": 207.2,
              "Y": 70.0
            },
            "Scale": {
              "ScaleX": 1.0,
              "ScaleY": 1.0
            },
            "CColor": {},
            "IconVisible": false,
            "PrePosition": {
              "X": 0.9009,
              "Y": 0.5
            },
            "PreSize": {
              "X": 0.1826,
              "Y": 0.3
            },
            "LeftMargin": 186.2,
            "RightMargin": 1.8,
            "TopMargin": 49.0,
            "BottomMargin": 49.0,
            "Tag": 125,
            "ActionTag": 686322243,
            "Size": {
              "X": 42.0,
              "Y": 42.0
            },
            "Name": "s7_1_6_0",
            "ctype": "SpriteObjectData"
          },
          {
            "FileData": {
              "Type": "PlistSubImage",
              "Path": "cardcommon_small_20.png",
              "Plist": "image/ui/card_common/card_common.plist"
            },
            "BlendFunc": {
              "Src": 1,
              "Dst": 771
            },
            "AnchorPoint": {
              "ScaleX": 0.5,
              "ScaleY": 0.5
            },
            "Position": {
              "X": 162.4,
              "Y": 70.0
            },
            "Scale": {
              "ScaleX": 1.0,
              "ScaleY": 1.0
            },
            "CColor": {},
            "IconVisible": false,
            "PrePosition": {
              "X": 0.7061,
              "Y": 0.5
            },
            "PreSize": {
              "X": 0.1826,
              "Y": 0.3
            },
            "LeftMargin": 141.4,
            "RightMargin": 46.6,
            "TopMargin": 49.0,
            "BottomMargin": 49.0,
            "Tag": 126,
            "ActionTag": -1563421190,
            "Size": {
              "X": 42.0,
              "Y": 42.0
            },
            "Name": "s7_1_5_0",
            "ctype": "SpriteObjectData"
          },
          {
            "FileData": {
              "Type": "PlistSubImage",
              "Path": "cardcommon_small_20.png",
              "Plist": "image/ui/card_common/card_common.plist"
            },
            "BlendFunc": {
              "Src": 1,
              "Dst": 771
            },
            "AnchorPoint": {
              "ScaleX": 0.5,
              "ScaleY": 0.5
            },
            "Position": {
              "X": 116.6,
              "Y": 70.0
            },
            "Scale": {
              "ScaleX": 1.0,
              "ScaleY": 1.0
            },
            "CColor": {},
            "IconVisible": false,
            "PrePosition": {
              "X": 0.507,
              "Y": 0.5
            },
            "PreSize": {
              "X": 0.1826,
              "Y": 0.3
            },
            "LeftMargin": 95.6,
            "RightMargin": 92.4,
            "TopMargin": 49.0,
            "BottomMargin": 49.0,
            "Tag": 127,
            "ActionTag": -506451878,
            "Size": {
              "X": 42.0,
              "Y": 42.0
            },
            "Name": "s7_1_4_0",
            "ctype": "SpriteObjectData"
          },
          {
            "FileData": {
              "Type": "PlistSubImage",
              "Path": "cardcommon_small_20.png",
              "Plist": "image/ui/card_common/card_common.plist"
            },
            "BlendFunc": {
              "Src": 1,
              "Dst": 771
            },
            "AnchorPoint": {
              "ScaleX": 0.5,
              "ScaleY": 0.5
            },
            "Position": {
              "X": 70.8,
              "Y": 70.0
            },
            "Scale": {
              "ScaleX": 1.0,
              "ScaleY": 1.0
            },
            "CColor": {},
            "IconVisible": false,
            "PrePosition": {
              "X": 0.3078,
              "Y": 0.5
            },
            "PreSize": {
              "X": 0.1826,
              "Y": 0.3
            },
            "LeftMargin": 49.8,
            "RightMargin": 138.2,
            "TopMargin": 49.0,
            "BottomMargin": 49.0,
            "Tag": 128,
            "ActionTag": -1945293338,
            "Size": {
              "X": 42.0,
              "Y": 42.0
            },
            "Name": "s7_1_3_0",
            "ctype": "SpriteObjectData"
          },
          {
            "FileData": {
              "Type": "PlistSubImage",
              "Path": "cardcommon_small_20.png",
              "Plist": "image/ui/card_common/card_common.plist"
            },
            "BlendFunc": {
              "Src": 1,
              "Dst": 771
            },
            "AnchorPoint": {
              "ScaleX": 0.5,
              "ScaleY": 0.5
            },
            "Position": {
              "X": 25.0,
              "Y": 70.0
            },
            "Scale": {
              "ScaleX": 1.0,
              "ScaleY": 1.0
            },
            "CColor": {},
            "IconVisible": false,
            "PrePosition": {
              "X": 0.1087,
              "Y": 0.5
            },
            "PreSize": {
              "X": 0.1826,
              "Y": 0.3
            },
            "LeftMargin": 4.0,
            "RightMargin": 184.0,
            "TopMargin": 49.0,
            "BottomMargin": 49.0,
            "Tag": 129,
            "ActionTag": -1134753483,
            "Size": {
              "X": 42.0,
              "Y": 42.0
            },
            "Name": "s7_1_0",
            "ctype": "SpriteObjectData"
          },
          {
            "FileData": {
              "Type": "PlistSubImage",
              "Path": "cardcommon_small_20.png",
              "Plist": "image/ui/card_common/card_common.plist"
            },
            "BlendFunc": {
              "Src": 1,
              "Dst": 771
            },
            "AnchorPoint": {
              "ScaleX": 0.5,
              "ScaleY": 0.5
            },
            "Position": {
              "X": 209.2,
              "Y": 116.0
            },
            "Scale": {
              "ScaleX": 1.0,
              "ScaleY": 1.0
            },
            "CColor": {},
            "IconVisible": false,
            "PrePosition": {
              "X": 0.9096,
              "Y": 0.8286
            },
            "PreSize": {
              "X": 0.1826,
              "Y": 0.3
            },
            "LeftMargin": 188.2,
            "RightMargin": -0.2,
            "TopMargin": 3.0,
            "BottomMargin": 95.0,
            "Tag": 177,
            "ActionTag": -1558387737,
            "Size": {
              "X": 42.0,
              "Y": 42.0
            },
            "Name": "s7_1_6_0_0",
            "ctype": "SpriteObjectData"
          },
          {
            "FileData": {
              "Type": "PlistSubImage",
              "Path": "cardcommon_small_20.png",
              "Plist": "image/ui/card_common/card_common.plist"
            },
            "BlendFunc": {
              "Src": 1,
              "Dst": 771
            },
            "AnchorPoint": {
              "ScaleX": 0.5,
              "ScaleY": 0.5
            },
            "Position": {
              "X": 164.4,
              "Y": 116.0
            },
            "Scale": {
              "ScaleX": 1.0,
              "ScaleY": 1.0
            },
            "CColor": {},
            "IconVisible": false,
            "PrePosition": {
              "X": 0.7148,
              "Y": 0.8286
            },
            "PreSize": {
              "X": 0.1826,
              "Y": 0.3
            },
            "LeftMargin": 143.4,
            "RightMargin": 44.6,
            "TopMargin": 3.0,
            "BottomMargin": 95.0,
            "Tag": 178,
            "ActionTag": 344702012,
            "Size": {
              "X": 42.0,
              "Y": 42.0
            },
            "Name": "s7_1_5_0_0",
            "ctype": "SpriteObjectData"
          },
          {
            "FileData": {
              "Type": "PlistSubImage",
              "Path": "cardcommon_small_20.png",
              "Plist": "image/ui/card_common/card_common.plist"
            },
            "BlendFunc": {
              "Src": 1,
              "Dst": 771
            },
            "AnchorPoint": {
              "ScaleX": 0.5,
              "ScaleY": 0.5
            },
            "Position": {
              "X": 118.6,
              "Y": 116.0
            },
            "Scale": {
              "ScaleX": 1.0,
              "ScaleY": 1.0
            },
            "CColor": {},
            "IconVisible": false,
            "PrePosition": {
              "X": 0.5157,
              "Y": 0.8286
            },
            "PreSize": {
              "X": 0.1826,
              "Y": 0.3
            },
            "LeftMargin": 97.6,
            "RightMargin": 90.4,
            "TopMargin": 3.0,
            "BottomMargin": 95.0,
            "Tag": 179,
            "ActionTag": -728542301,
            "Size": {
              "X": 42.0,
              "Y": 42.0
            },
            "Name": "s7_1_4_0_0",
            "ctype": "SpriteObjectData"
          },
          {
            "FileData": {
              "Type": "PlistSubImage",
              "Path": "cardcommon_small_20.png",
              "Plist": "image/ui/card_common/card_common.plist"
            },
            "BlendFunc": {
              "Src": 1,
              "Dst": 771
            },
            "AnchorPoint": {
              "ScaleX": 0.5,
              "ScaleY": 0.5
            },
            "Position": {
              "X": 72.8,
              "Y": 116.0
            },
            "Scale": {
              "ScaleX": 1.0,
              "ScaleY": 1.0
            },
            "CColor": {},
            "IconVisible": false,
            "PrePosition": {
              "X": 0.3165,
              "Y": 0.8286
            },
            "PreSize": {
              "X": 0.1826,
              "Y": 0.3
            },
            "LeftMargin": 51.8,
            "RightMargin": 136.2,
            "TopMargin": 3.0,
            "BottomMargin": 95.0,
            "Tag": 180,
            "ActionTag": 1257546408,
            "Size": {
              "X": 42.0,
              "Y": 42.0
            },
            "Name": "s7_1_3_0_0",
            "ctype": "SpriteObjectData"
          },
          {
            "FileData": {
              "Type": "PlistSubImage",
              "Path": "cardcommon_small_20.png",
              "Plist": "image/ui/card_common/card_common.plist"
            },
            "BlendFunc": {
              "Src": 1,
              "Dst": 771
            },
            "AnchorPoint": {
              "ScaleX": 0.5,
              "ScaleY": 0.5
            },
            "Position": {
              "X": 27.0,
              "Y": 116.0
            },
            "Scale": {
              "ScaleX": 1.0,
              "ScaleY": 1.0
            },
            "CColor": {},
            "IconVisible": false,
            "PrePosition": {
              "X": 0.1174,
              "Y": 0.8286
            },
            "PreSize": {
              "X": 0.1826,
              "Y": 0.3
            },
            "LeftMargin": 6.0,
            "RightMargin": 182.0,
            "TopMargin": 3.0,
            "BottomMargin": 95.0,
            "Tag": 181,
            "ActionTag": 1709036560,
            "Size": {
              "X": 42.0,
              "Y": 42.0
            },
            "Name": "s7_1_0_0",
            "ctype": "SpriteObjectData"
          }
        ],
        "Size": {
          "X": 230.0,
          "Y": 140.0
        },
        "Name": "Layer",
        "ctype": "LayerObjectData"
      },
      "UsedResources": [
        "../../image/ui/card_common/card_common.plist",
        "../../image/ui/card_common/card_common.png"
      ],
      "ctype": "GameFileData"
    }
  },
  "Type": "Layer"
}