{
  "ID": "8981a256-c0fc-4bcf-af2d-5f92c1cb3a8d",
  "Version": "3.10.0.0",
  "Name": "ShareLayer",
  "Content": {
    "Content": {
      "Animation": {
        "Duration": 0,
        "Speed": 1.0,
        "Timelines": [],
        "ctype": "TimelineActionData"
      },
      "AnimationList": [],
      "ObjectData": {
        "Tag": 3955,
        "Children": [
          {
            "ClipAble": false,
            "BackColorAlpha": 127,
            "ComboBoxIndex": 1,
            "SingleColor": {
              "R": 0,
              "G": 0,
              "B": 0
            },
            "FirstColor": {
              "R": 150,
              "G": 200
            },
            "EndColor": {},
            "ColorVector": {
              "ScaleY": 1.0
            },
            "Scale9Width": 1,
            "Scale9Height": 1,
            "TouchEnable": true,
            "AnchorPoint": {},
            "Position": {
              "X": 0.0,
              "Y": 0.0
            },
            "Scale": {
              "ScaleX": 1.0,
              "ScaleY": 1.0
            },
            "CColor": {},
            "IconVisible": false,
            "PrePosition": {
              "X": 0.0,
              "Y": 0.0
            },
            "PreSize": {
              "X": 1.0,
              "Y": 1.0
            },
            "Tag": 3956,
            "Children": [
              {
                "ClipAble": false,
                "BackColorAlpha": 102,
                "SingleColor": {
                  "R": 150,
                  "G": 200
                },
                "FirstColor": {
                  "R": 150,
                  "G": 200
                },
                "EndColor": {},
                "ColorVector": {
                  "ScaleY": 1.0
                },
                "Scale9Width": 1,
                "Scale9Height": 1,
                "TouchEnable": true,
                "AnchorPoint": {
                  "ScaleX": 0.5,
                  "ScaleY": 0.5
                },
                "Position": {
                  "X": 637.994,
                  "Y": 347.2913
                },
                "Scale": {
                  "ScaleX": 1.0,
                  "ScaleY": 1.0
                },
                "CColor": {},
                "IconVisible": false,
                "PrePosition": {
                  "X": 0.4984,
                  "Y": 0.4823
                },
                "PreSize": {
                  "X": 0.6406,
                  "Y": 0.6667
                },
                "LeftMargin": 227.994,
                "RightMargin": 232.006,
                "TopMargin": 132.7087,
                "BottomMargin": 107.2913,
                "Tag": 372,
                "Children": [
                  {
                    "FileData": {
                      "Type": "Normal",
                      "Path": "image/ui/common/messagebg.png",
                      "Plist": ""
                    },
                    "Scale9OriginX": 138,
                    "Scale9OriginY": 156,
                    "Scale9Width": 144,
                    "Scale9Height": 163,
                    "AnchorPoint": {
                      "ScaleX": 1.0,
                      "ScaleY": 0.5
                    },
                    "Position": {
                      "X": -10.0002,
                      "Y": 222.0005
                    },
                    "Scale": {
                      "ScaleX": 1.0,
                      "ScaleY": -1.0
                    },
                    "RotationSkewX": 180.0,
                    "RotationSkewY": 180.0,
                    "CColor": {},
                    "IconVisible": false,
                    "PrePosition": {
                      "X": -0.0122,
                      "Y": 0.4625
                    },
                    "PreSize": {
                      "X": 0.5122,
                      "Y": 0.9896
                    },
                    "LeftMargin": -430.0002,
                    "RightMargin": 830.0002,
                    "TopMargin": 20.4995,
                    "BottomMargin": -15.4995,
                    "Tag": 228,
                    "ActionTag": 2106437252,
                    "Size": {
                      "X": 420.0,
                      "Y": 475.0
                    },
                    "Name": "bg2",
                    "ctype": "ImageViewObjectData"
                  },
                  {
                    "FileData": {
                      "Type": "Normal",
                      "Path": "image/ui/common/messagebg.png",
                      "Plist": ""
                    },
                    "Scale9OriginX": 35,
                    "Scale9OriginY": 40,
                    "Scale9Width": 350,
                    "Scale9Height": 395,
                    "AnchorPoint": {
                      "ScaleY": 0.5
                    },
                    "Position": {
                      "X": 410.0,
                      "Y": 222.0
                    },
                    "Scale": {
                      "ScaleX": 1.0,
                      "ScaleY": 1.0
                    },
                    "CColor": {},
                    "IconVisible": false,
                    "PositionPercentYEnabled": true,
                    "PrePosition": {
                      "X": 0.5,
                      "Y": 0.4625
                    },
                    "PreSize": {
                      "X": 0.5122,
                      "Y": 0.9896
                    },
                    "LeftMargin": 410.0,
                    "RightMargin": -10.0,
                    "TopMargin": 20.5,
                    "BottomMargin": -15.5,
                    "Tag": 3957,
                    "Children": [
                      {
                        "FileData": {
                          "Type": "Normal",
                          "Path": "image/ui/common/commom_title_bg2.png",
                          "Plist": ""
                        },
                        "BlendFunc": {
                          "Src": 1,
                          "Dst": 771
                        },
                        "AnchorPoint": {
                          "ScaleX": 0.5,
                          "ScaleY": 0.5
                        },
                        "Position": {
                          "X": 0.0,
                          "Y": 442.0
                        },
                        "Scale": {
                          "ScaleX": 1.0,
                          "ScaleY": 1.0
                        },
                        "CColor": {},
                        "IconVisible": false,
                        "PositionPercentXEnabled": true,
                        "PrePosition": {
                          "X": 0.0,
                          "Y": 0.9305
                        },
                        "PreSize": {
                          "X": 1.0048,
                          "Y": 0.1789
                        },
                        "LeftMargin": -211.0,
                        "RightMargin": 209.0,
                        "TopMargin": -9.5,
                        "BottomMargin": 399.5,
                        "Tag": 376,
                        "Children": [
                          {
                            "FileData": {
                              "Type": "Normal",
                              "Path": "image/ui/title/share_title.png",
                              "Plist": ""
                            },
                            "BlendFunc": {
                              "Src": 1,
                              "Dst": 771
                            },
                            "AnchorPoint": {
                              "ScaleX": 0.5,
                              "ScaleY": 0.5
                            },
                            "Position": {
                              "X": 211.0,
                              "Y": 42.5
                            },
                            "Scale": {
                              "ScaleX": 1.0,
                              "ScaleY": 1.0
                            },
                            "CColor": {},
                            "IconVisible": false,
                            "PositionPercentXEnabled": true,
                            "PositionPercentYEnabled": true,
                            "PrePosition": {
                              "X": 0.5,
                              "Y": 0.5
                            },
                            "PreSize": {
                              "X": 0.3578,
                              "Y": 1.3529
                            },
                            "LeftMargin": 135.5,
                            "RightMargin": 135.5,
                            "TopMargin": -15.0,
                            "BottomMargin": -15.0,
                            "Tag": 482,
                            "ActionTag": 806608779,
                            "Size": {
                              "X": 151.0,
                              "Y": 115.0
                            },
                            "Name": "title_set_1",
                            "ctype": "SpriteObjectData"
                          }
                        ],
                        "ActionTag": -946336935,
                        "Size": {
                          "X": 422.0,
                          "Y": 85.0
                        },
                        "Name": "commom_title_bg2_35",
                        "ctype": "SpriteObjectData"
                      },
                      {
                        "FileData": {
                          "Type": "Normal",
                          "Path": "image/ui/common/commom_bg3.png",
                          "Plist": ""
                        },
                        "Scale9Enable": true,
                        "Scale9OriginX": 20,
                        "Scale9OriginY": 20,
                        "Scale9Width": 10,
                        "Scale9Height": 11,
                        "AnchorPoint": {
                          "ScaleX": 0.5,
                          "ScaleY": 0.5
                        },
                        "Position": {
                          "X": -198.0015,
                          "Y": 199.4721
                        },
                        "Scale": {
                          "ScaleX": 1.0,
                          "ScaleY": 1.0
                        },
                        "CColor": {},
                        "IconVisible": false,
                        "PrePosition": {
                          "X": -0.4714,
                          "Y": 0.4199
                        },
                        "PreSize": {
                          "X": 0.5714,
                          "Y": 0.6737
                        },
                        "LeftMargin": -318.0015,
                        "RightMargin": 498.0015,
                        "TopMargin": 115.5279,
                        "BottomMargin": 39.4721,
                        "Tag": 230,
                        "ActionTag": -194615080,
                        "Size": {
                          "X": 240.0,
                          "Y": 320.0
                        },
                        "Name": "Image_3",
                        "ctype": "ImageViewObjectData"
                      },
                      {
                        "FileData": {
                          "Type": "Normal",
                          "Path": "image/ui/common/commom_bg3.png",
                          "Plist": ""
                        },
                        "Scale9Enable": true,
                        "Scale9OriginX": 20,
                        "Scale9OriginY": 20,
                        "Scale9Width": 10,
                        "Scale9Height": 11,
                        "AnchorPoint": {
                          "ScaleX": 0.5,
                          "ScaleY": 0.5
                        },
                        "Position": {
                          "X": 206.9731,
                          "Y": 200.9465
                        },
                        "Scale": {
                          "ScaleX": 1.0,
                          "ScaleY": 1.0
                        },
                        "CColor": {},
                        "IconVisible": false,
                        "PrePosition": {
                          "X": 0.4928,
                          "Y": 0.423
                        },
                        "PreSize": {
                          "X": 0.5714,
                          "Y": 0.6737
                        },
                        "LeftMargin": 86.9731,
                        "RightMargin": 93.0269,
                        "TopMargin": 114.0535,
                        "BottomMargin": 40.9465,
                        "Tag": 231,
                        "ActionTag": 1902159356,
                        "Size": {
                          "X": 240.0,
                          "Y": 320.0
                        },
                        "Name": "Image_4",
                        "ctype": "ImageViewObjectData"
                      },
                      {
                        "FileData": {
                          "Type": "Normal",
                          "Path": "image/ui/hall/share_friend.png",
                          "Plist": ""
                        },
                        "BlendFunc": {
                          "Src": 1,
                          "Dst": 771
                        },
                        "AnchorPoint": {
                          "ScaleX": 0.5,
                          "ScaleY": 0.5
                        },
                        "Position": {
                          "X": -200.1299,
                          "Y": 181.067
                        },
                        "Scale": {
                          "ScaleX": 1.0,
                          "ScaleY": 1.0
                        },
                        "CColor": {},
                        "IconVisible": false,
                        "PrePosition": {
                          "X": -0.4765,
                          "Y": 0.3812
                        },
                        "PreSize": {
                          "X": 0.3095,
                          "Y": 0.2737
                        },
                        "LeftMargin": -265.1299,
                        "RightMargin": 555.1299,
                        "TopMargin": 228.933,
                        "BottomMargin": 116.067,
                        "Tag": 3958,
                        "ActionTag": -125662754,
                        "Size": {
                          "X": 130.0,
                          "Y": 130.0
                        },
                        "Name": "share_friend",
                        "ctype": "SpriteObjectData"
                      },
                      {
                        "FileData": {
                          "Type": "Normal",
                          "Path": "image/ui/hall/share_pyq.png",
                          "Plist": ""
                        },
                        "BlendFunc": {
                          "Src": 1,
                          "Dst": 771
                        },
                        "AnchorPoint": {
                          "ScaleX": 0.5,
                          "ScaleY": 0.5
                        },
                        "Position": {
                          "X": 208.1124,
                          "Y": 182.5416
                        },
                        "Scale": {
                          "ScaleX": 1.0,
                          "ScaleY": 1.0
                        },
                        "CColor": {},
                        "IconVisible": false,
                        "PrePosition": {
                          "X": 0.4955,
                          "Y": 0.3843
                        },
                        "PreSize": {
                          "X": 0.3095,
                          "Y": 0.2737
                        },
                        "LeftMargin": 143.1124,
                        "RightMargin": 146.8876,
                        "TopMargin": 227.4584,
                        "BottomMargin": 117.5416,
                        "Tag": 3959,
                        "ActionTag": -1699341461,
                        "Size": {
                          "X": 130.0,
                          "Y": 130.0
                        },
                        "Name": "share_round",
                        "ctype": "SpriteObjectData"
                      },
                      {
                        "FontSize": 28,
                        "LabelText": "朋友圈",
                        "FontResource": {
                          "Type": "Normal",
                          "Path": "image/fonts/FZZY.TTF",
                          "Plist": ""
                        },
                        "OutlineColor": {
                          "G": 0,
                          "B": 0
                        },
                        "ShadowColor": {
                          "R": 110,
                          "G": 110,
                          "B": 110
                        },
                        "ShadowOffsetX": 2.0,
                        "ShadowOffsetY": -2.0,
                        "AnchorPoint": {
                          "ScaleX": 0.5,
                          "ScaleY": 0.5
                        },
                        "Position": {
                          "X": 207.455,
                          "Y": 306.5594
                        },
                        "Scale": {
                          "ScaleX": 1.0,
                          "ScaleY": 1.0
                        },
                        "CColor": {
                          "R": 165,
                          "G": 192,
                          "B": 231
                        },
                        "IconVisible": false,
                        "PrePosition": {
                          "X": 0.4939,
                          "Y": 0.6454
                        },
                        "PreSize": {
                          "X": 0.2048,
                          "Y": 0.0674
                        },
                        "LeftMargin": 164.455,
                        "RightMargin": 169.545,
                        "TopMargin": 152.4406,
                        "BottomMargin": 290.5594,
                        "Tag": 233,
                        "ActionTag": 1542081811,
                        "Size": {
                          "X": 86.0,
                          "Y": 32.0
                        },
                        "Name": "Text_4_0",
                        "ctype": "TextObjectData"
                      },
                      {
                        "FontSize": 28,
                        "LabelText": "好友/群",
                        "FontResource": {
                          "Type": "Normal",
                          "Path": "image/fonts/FZZY.TTF",
                          "Plist": ""
                        },
                        "OutlineColor": {
                          "G": 0,
                          "B": 0
                        },
                        "ShadowColor": {
                          "R": 110,
                          "G": 110,
                          "B": 110
                        },
                        "ShadowOffsetX": 2.0,
                        "ShadowOffsetY": -2.0,
                        "AnchorPoint": {
                          "ScaleX": 0.5,
                          "ScaleY": 0.5
                        },
                        "Position": {
                          "X": -199.4927,
                          "Y": 306.0852
                        },
                        "Scale": {
                          "ScaleX": 1.0,
                          "ScaleY": 1.0
                        },
                        "CColor": {
                          "R": 165,
                          "G": 192,
                          "B": 231
                        },
                        "IconVisible": false,
                        "PrePosition": {
                          "X": -0.475,
                          "Y": 0.6444
                        },
                        "PreSize": {
                          "X": 0.2333,
                          "Y": 0.0674
                        },
                        "LeftMargin": -248.4927,
                        "RightMargin": 570.4927,
                        "TopMargin": 152.9148,
                        "BottomMargin": 290.0852,
                        "Tag": 232,
                        "ActionTag": -993146682,
                        "Size": {
                          "X": 98.0,
                          "Y": 32.0
                        },
                        "Name": "Text_4",
                        "ctype": "TextObjectData"
                      },
                      {
                        "FileData": {
                          "Type": "Normal",
                          "Path": "image/ui/common/commom_bg3.png",
                          "Plist": ""
                        },
                        "Scale9Enable": true,
                        "Scale9OriginX": 20,
                        "Scale9OriginY": 20,
                        "Scale9Width": 10,
                        "Scale9Height": 11,
                        "AnchorPoint": {
                          "ScaleX": 0.5,
                          "ScaleY": 0.5
                        },
                        "Position": {
                          "X": 260.9768,
                          "Y": 202.1151
                        },
                        "Scale": {
                          "ScaleX": 1.0,
                          "ScaleY": 1.0
                        },
                        "CColor": {},
                        "IconVisible": false,
                        "PrePosition": {
                          "X": 0.6214,
                          "Y": 0.4255
                        },
                        "PreSize": {
                          "X": 0.5714,
                          "Y": 0.6737
                        },
                        "LeftMargin": 140.9768,
                        "RightMargin": 39.0232,
                        "TopMargin": 112.8849,
                        "BottomMargin": 42.1151,
                        "Tag": 75,
                        "ActionTag": -829353240,
                        "Size": {
                          "X": 240.0,
                          "Y": 320.0
                        },
                        "VisibleForFrame": false,
                        "Name": "Image_3_0",
                        "ctype": "ImageViewObjectData"
                      },
                      {
                        "FileData": {
                          "Type": "Normal",
                          "Path": "image/ui/hall/btxianliao1.png",
                          "Plist": ""
                        },
                        "BlendFunc": {
                          "Src": 1,
                          "Dst": 771
                        },
                        "AnchorPoint": {
                          "ScaleX": 0.5,
                          "ScaleY": 0.5
                        },
                        "Position": {
                          "X": 259.8497,
                          "Y": 183.7109
                        },
                        "Scale": {
                          "ScaleX": 1.0,
                          "ScaleY": 1.0
                        },
                        "CColor": {},
                        "IconVisible": false,
                        "PrePosition": {
                          "X": 0.6187,
                          "Y": 0.3868
                        },
                        "PreSize": {
                          "X": 0.3095,
                          "Y": 0.2737
                        },
                        "LeftMargin": 194.8497,
                        "RightMargin": 95.1503,
                        "TopMargin": 226.2891,
                        "BottomMargin": 118.7109,
                        "Tag": 76,
                        "ActionTag": -1769302729,
                        "Size": {
                          "X": 130.0,
                          "Y": 130.0
                        },
                        "VisibleForFrame": false,
                        "Name": "share_xianLIao",
                        "ctype": "SpriteObjectData"
                      },
                      {
                        "FontSize": 28,
                        "LabelText": "闲聊",
                        "FontResource": {
                          "Type": "Normal",
                          "Path": "image/fonts/FZZY.TTF",
                          "Plist": ""
                        },
                        "OutlineColor": {
                          "G": 0,
                          "B": 0
                        },
                        "ShadowColor": {
                          "R": 110,
                          "G": 110,
                          "B": 110
                        },
                        "ShadowOffsetX": 2.0,
                        "ShadowOffsetY": -2.0,
                        "AnchorPoint": {
                          "ScaleX": 0.5,
                          "ScaleY": 0.5
                        },
                        "Position": {
                          "X": 263.4854,
                          "Y": 307.7285
                        },
                        "Scale": {
                          "ScaleX": 1.0,
                          "ScaleY": 1.0
                        },
                        "CColor": {
                          "R": 165,
                          "G": 192,
                          "B": 231
                        },
                        "IconVisible": false,
                        "PrePosition": {
                          "X": 0.6273,
                          "Y": 0.6478
                        },
                        "PreSize": {
                          "X": 0.1381,
                          "Y": 0.0674
                        },
                        "LeftMargin": 234.4854,
                        "RightMargin": 127.5146,
                        "TopMargin": 151.2715,
                        "BottomMargin": 291.7285,
                        "Tag": 77,
                        "ActionTag": -1044492876,
                        "Size": {
                          "X": 58.0,
                          "Y": 32.0
                        },
                        "VisibleForFrame": false,
                        "Name": "Text_4_1",
                        "ctype": "TextObjectData"
                      }
                    ],
                    "ActionTag": -818419237,
                    "Size": {
                      "X": 420.0,
                      "Y": 475.0
                    },
                    "Name": "bg",
                    "ctype": "ImageViewObjectData"
                  }
                ],
                "ActionTag": 35561657,
                "Size": {
                  "X": 820.0,
                  "Y": 480.0
                },
                "Name": "main",
                "ctype": "PanelObjectData"
              }
            ],
            "ActionTag": 1763397250,
            "Size": {
              "X": 1280.0,
              "Y": 720.0
            },
            "Name": "root",
            "ctype": "PanelObjectData"
          }
        ],
        "Size": {
          "X": 1280.0,
          "Y": 720.0
        },
        "Name": "Scene",
        "ctype": "SingleNodeObjectData"
      },
      "UsedResources": [
        "../../image/fonts/FZZY.TTF",
        "../../image/ui/common/commom_bg3.png",
        "../../image/ui/common/commom_title_bg2.png",
        "../../image/ui/common/messagebg.png",
        "../../image/ui/hall/btxianliao1.png",
        "../../image/ui/hall/share_friend.png",
        "../../image/ui/hall/share_pyq.png",
        "../../image/ui/title/share_title.png"
      ],
      "ctype": "GameFileData"
    }
  },
  "Type": "Scene"
}