{
  "ID": "50e02ba2-2295-4b79-875e-f8f591b1e2fa",
  "Version": "2.3.4",
  "Name": "HU",
  "Content": {
    "Content": {
      "Animation": {
        "Duration": 105,
        "Speed": 1.0,
        "ActivedAnimationName": "action",
        "Timelines": [
          {
            "ActionTag": 1147930452,
            "Property": "Scale",
            "Frames": [
              {
                "X": 2.0,
                "Y": 2.0,
                "FrameIndex": 0,
                "EasingData": {
                  "Type": 0
                },
                "ctype": "ScaleValueFrameData"
              },
              {
                "X": 3.0,
                "Y": 3.0,
                "FrameIndex": 15,
                "EasingData": {
                  "Type": 0
                },
                "ctype": "ScaleValueFrameData"
              },
              {
                "X": 1.0,
                "Y": 1.0,
                "FrameIndex": 30,
                "EasingData": {
                  "Type": 8
                },
                "ctype": "ScaleValueFrameData"
              },
              {
                "X": 1.9,
                "Y": 1.9,
                "FrameIndex": 50,
                "EasingData": {
                  "Type": 0
                },
                "ctype": "ScaleValueFrameData"
              },
              {
                "X": 1.0,
                "Y": 1.0,
                "FrameIndex": 65,
                "EasingData": {
                  "Type": 0
                },
                "ctype": "ScaleValueFrameData"
              }
            ],
            "ctype": "TimelineData"
          },
          {
            "ActionTag": 1147930452,
            "Property": "VisibleForFrame",
            "Frames": [
              {
                "Value": true,
                "FrameIndex": 0,
                "Tween": false,
                "ctype": "BoolFrameData"
              },
              {
                "Value": true,
                "FrameIndex": 15,
                "Tween": false,
                "ctype": "BoolFrameData"
              },
              {
                "Value": true,
                "FrameIndex": 50,
                "Tween": false,
                "ctype": "BoolFrameData"
              },
              {
                "Value": false,
                "FrameIndex": 95,
                "Tween": false,
                "ctype": "BoolFrameData"
              }
            ],
            "ctype": "TimelineData"
          },
          {
            "ActionTag": 1147930452,
            "Property": "Alpha",
            "Frames": [
              {
                "Value": 255,
                "FrameIndex": 15,
                "EasingData": {
                  "Type": 0
                },
                "ctype": "IntFrameData"
              },
              {
                "Value": 255,
                "FrameIndex": 30,
                "EasingData": {
                  "Type": 8
                },
                "ctype": "IntFrameData"
              },
              {
                "Value": 76,
                "FrameIndex": 50,
                "EasingData": {
                  "Type": 0
                },
                "ctype": "IntFrameData"
              }
            ],
            "ctype": "TimelineData"
          },
          {
            "ActionTag": 1147930452,
            "Property": "FileData",
            "Frames": [
              {
                "TextureFile": {
                  "Type": "Normal",
                  "Path": "submodules/majiang/image/ma_sc/anim/chipengganghu/hu2.2.png",
                  "Plist": ""
                },
                "FrameIndex": 0,
                "Tween": false,
                "ctype": "TextureFrameData"
              }
            ],
            "ctype": "TimelineData"
          },
          {
            "ActionTag": 1147930452,
            "Property": "BlendFunc",
            "Frames": [
              {
                "Src": 1,
                "Dst": 771,
                "FrameIndex": 0,
                "Tween": false,
                "ctype": "BlendFuncFrameData"
              }
            ],
            "ctype": "TimelineData"
          },
          {
            "ActionTag": 1147930452,
            "Property": "Position",
            "Frames": [
              {
                "X": 0.0,
                "Y": 0.0,
                "FrameIndex": 50,
                "EasingData": {
                  "Type": 0
                },
                "ctype": "PointFrameData"
              }
            ],
            "ctype": "TimelineData"
          },
          {
            "ActionTag": 1147930452,
            "Property": "AnchorPoint",
            "Frames": [
              {
                "X": 0.5,
                "Y": 0.5,
                "FrameIndex": 50,
                "EasingData": {
                  "Type": 0
                },
                "ctype": "ScaleValueFrameData"
              }
            ],
            "ctype": "TimelineData"
          },
          {
            "ActionTag": 2015164690,
            "Property": "Scale",
            "Frames": [
              {
                "X": 2.0,
                "Y": 2.0,
                "FrameIndex": 0,
                "EasingData": {
                  "Type": 0
                },
                "ctype": "ScaleValueFrameData"
              },
              {
                "X": 3.0,
                "Y": 3.0,
                "FrameIndex": 15,
                "EasingData": {
                  "Type": 0
                },
                "ctype": "ScaleValueFrameData"
              },
              {
                "X": 1.0,
                "Y": 1.0,
                "FrameIndex": 30,
                "EasingData": {
                  "Type": 0
                },
                "ctype": "ScaleValueFrameData"
              },
              {
                "X": 1.6,
                "Y": 1.6,
                "FrameIndex": 50,
                "EasingData": {
                  "Type": 0
                },
                "ctype": "ScaleValueFrameData"
              },
              {
                "X": 1.0,
                "Y": 1.0,
                "FrameIndex": 65,
                "EasingData": {
                  "Type": 0
                },
                "ctype": "ScaleValueFrameData"
              }
            ],
            "ctype": "TimelineData"
          },
          {
            "ActionTag": 2015164690,
            "Property": "VisibleForFrame",
            "Frames": [
              {
                "Value": true,
                "FrameIndex": 0,
                "Tween": false,
                "ctype": "BoolFrameData"
              },
              {
                "Value": true,
                "FrameIndex": 15,
                "Tween": false,
                "ctype": "BoolFrameData"
              },
              {
                "Value": true,
                "FrameIndex": 50,
                "Tween": false,
                "ctype": "BoolFrameData"
              },
              {
                "Value": false,
                "FrameIndex": 95,
                "Tween": false,
                "ctype": "BoolFrameData"
              }
            ],
            "ctype": "TimelineData"
          },
          {
            "ActionTag": 2015164690,
            "Property": "Alpha",
            "Frames": [
              {
                "Value": 255,
                "FrameIndex": 15,
                "EasingData": {
                  "Type": 0
                },
                "ctype": "IntFrameData"
              },
              {
                "Value": 255,
                "FrameIndex": 30,
                "EasingData": {
                  "Type": 0
                },
                "ctype": "IntFrameData"
              },
              {
                "Value": 102,
                "FrameIndex": 50,
                "EasingData": {
                  "Type": 0
                },
                "ctype": "IntFrameData"
              }
            ],
            "ctype": "TimelineData"
          },
          {
            "ActionTag": 2015164690,
            "Property": "FileData",
            "Frames": [
              {
                "TextureFile": {
                  "Type": "Normal",
                  "Path": "submodules/majiang/image/ma_sc/anim/chipengganghu/hu2.2.png",
                  "Plist": ""
                },
                "FrameIndex": 0,
                "Tween": false,
                "ctype": "TextureFrameData"
              }
            ],
            "ctype": "TimelineData"
          },
          {
            "ActionTag": 2015164690,
            "Property": "BlendFunc",
            "Frames": [
              {
                "Src": 1,
                "Dst": 771,
                "FrameIndex": 0,
                "Tween": false,
                "ctype": "BlendFuncFrameData"
              }
            ],
            "ctype": "TimelineData"
          },
          {
            "ActionTag": -2131001583,
            "Property": "Scale",
            "Frames": [
              {
                "X": 2.0,
                "Y": 2.0,
                "FrameIndex": 15,
                "EasingData": {
                  "Type": 0
                },
                "ctype": "ScaleValueFrameData"
              },
              {
                "X": 1.0,
                "Y": 1.0,
                "FrameIndex": 30,
                "EasingData": {
                  "Type": 0
                },
                "ctype": "ScaleValueFrameData"
              },
              {
                "X": 1.0,
                "Y": 1.0,
                "FrameIndex": 50,
                "EasingData": {
                  "Type": 0
                },
                "ctype": "ScaleValueFrameData"
              },
              {
                "X": 1.0,
                "Y": 1.0,
                "FrameIndex": 65,
                "EasingData": {
                  "Type": 0
                },
                "ctype": "ScaleValueFrameData"
              },
              {
                "X": 1.0,
                "Y": 1.0,
                "FrameIndex": 95,
                "EasingData": {
                  "Type": 0
                },
                "ctype": "ScaleValueFrameData"
              },
              {
                "X": 1.0,
                "Y": 1.0,
                "FrameIndex": 105,
                "EasingData": {
                  "Type": 0
                },
                "ctype": "ScaleValueFrameData"
              }
            ],
            "ctype": "TimelineData"
          },
          {
            "ActionTag": -2131001583,
            "Property": "Alpha",
            "Frames": [
              {
                "Value": 255,
                "FrameIndex": 15,
                "EasingData": {
                  "Type": 0
                },
                "ctype": "IntFrameData"
              },
              {
                "Value": 255,
                "FrameIndex": 95,
                "EasingData": {
                  "Type": 0
                },
                "ctype": "IntFrameData"
              },
              {
                "Value": 255,
                "FrameIndex": 105,
                "EasingData": {
                  "Type": 0
                },
                "ctype": "IntFrameData"
              }
            ],
            "ctype": "TimelineData"
          },
          {
            "ActionTag": -2131001583,
            "Property": "VisibleForFrame",
            "Frames": [
              {
                "Value": false,
                "FrameIndex": 0,
                "Tween": false,
                "ctype": "BoolFrameData"
              },
              {
                "Value": false,
                "FrameIndex": 15,
                "Tween": false,
                "ctype": "BoolFrameData"
              },
              {
                "Value": false,
                "FrameIndex": 30,
                "Tween": false,
                "ctype": "BoolFrameData"
              },
              {
                "Value": true,
                "FrameIndex": 95,
                "Tween": false,
                "ctype": "BoolFrameData"
              },
              {
                "Value": true,
                "FrameIndex": 105,
                "Tween": false,
                "ctype": "BoolFrameData"
              }
            ],
            "ctype": "TimelineData"
          },
          {
            "ActionTag": 1698181527,
            "Property": "Scale",
            "Frames": [
              {
                "X": 2.0,
                "Y": 2.0,
                "FrameIndex": 0,
                "EasingData": {
                  "Type": 0
                },
                "ctype": "ScaleValueFrameData"
              },
              {
                "X": 2.0,
                "Y": 2.0,
                "FrameIndex": 15,
                "EasingData": {
                  "Type": 0
                },
                "ctype": "ScaleValueFrameData"
              },
              {
                "X": 1.0,
                "Y": 1.0,
                "FrameIndex": 30,
                "EasingData": {
                  "Type": 0
                },
                "ctype": "ScaleValueFrameData"
              },
              {
                "X": 1.0,
                "Y": 1.0,
                "FrameIndex": 65,
                "EasingData": {
                  "Type": 0
                },
                "ctype": "ScaleValueFrameData"
              }
            ],
            "ctype": "TimelineData"
          },
          {
            "ActionTag": 1698181527,
            "Property": "VisibleForFrame",
            "Frames": [
              {
                "Value": false,
                "FrameIndex": 0,
                "Tween": false,
                "ctype": "BoolFrameData"
              },
              {
                "Value": false,
                "FrameIndex": 15,
                "Tween": false,
                "ctype": "BoolFrameData"
              },
              {
                "Value": true,
                "FrameIndex": 30,
                "Tween": false,
                "ctype": "BoolFrameData"
              },
              {
                "Value": true,
                "FrameIndex": 50,
                "Tween": false,
                "ctype": "BoolFrameData"
              },
              {
                "Value": false,
                "FrameIndex": 95,
                "Tween": false,
                "ctype": "BoolFrameData"
              }
            ],
            "ctype": "TimelineData"
          },
          {
            "ActionTag": 1698181527,
            "Property": "Alpha",
            "Frames": [
              {
                "Value": 255,
                "FrameIndex": 15,
                "EasingData": {
                  "Type": 0
                },
                "ctype": "IntFrameData"
              },
              {
                "Value": 255,
                "FrameIndex": 30,
                "EasingData": {
                  "Type": 0
                },
                "ctype": "IntFrameData"
              },
              {
                "Value": 255,
                "FrameIndex": 50,
                "EasingData": {
                  "Type": 0
                },
                "ctype": "IntFrameData"
              }
            ],
            "ctype": "TimelineData"
          },
          {
            "ActionTag": 1698181527,
            "Property": "FileData",
            "Frames": [
              {
                "TextureFile": {
                  "Type": "Normal",
                  "Path": "submodules/majiang/image/ma_sc/anim/chipengganghu/hu2.2.png",
                  "Plist": ""
                },
                "FrameIndex": 0,
                "Tween": false,
                "ctype": "TextureFrameData"
              }
            ],
            "ctype": "TimelineData"
          },
          {
            "ActionTag": 1698181527,
            "Property": "BlendFunc",
            "Frames": [
              {
                "Src": 1,
                "Dst": 771,
                "FrameIndex": 0,
                "Tween": false,
                "ctype": "BlendFuncFrameData"
              }
            ],
            "ctype": "TimelineData"
          },
          {
            "ActionTag": -1705516205,
            "Property": "Position",
            "Frames": [
              {
                "X": 111.1257,
                "Y": 101.6648,
                "FrameIndex": 0,
                "EasingData": {
                  "Type": 0
                },
                "ctype": "PointFrameData"
              },
              {
                "X": 171.3728,
                "Y": 145.345,
                "FrameIndex": 15,
                "EasingData": {
                  "Type": 0
                },
                "ctype": "PointFrameData"
              },
              {
                "X": 56.7234,
                "Y": 45.8001,
                "FrameIndex": 30,
                "EasingData": {
                  "Type": 0
                },
                "ctype": "PointFrameData"
              },
              {
                "X": 41.9281,
                "Y": 56.5384,
                "FrameIndex": 50,
                "EasingData": {
                  "Type": 0
                },
                "ctype": "PointFrameData"
              },
              {
                "X": 42.5673,
                "Y": 29.3814,
                "FrameIndex": 65,
                "EasingData": {
                  "Type": 0
                },
                "ctype": "PointFrameData"
              },
              {
                "X": 41.8206,
                "Y": 31.6163,
                "FrameIndex": 105,
                "EasingData": {
                  "Type": 0
                },
                "ctype": "PointFrameData"
              }
            ],
            "ctype": "TimelineData"
          },
          {
            "ActionTag": -1705516205,
            "Property": "VisibleForFrame",
            "Frames": [
              {
                "Value": true,
                "FrameIndex": 0,
                "Tween": false,
                "ctype": "BoolFrameData"
              },
              {
                "Value": true,
                "FrameIndex": 30,
                "Tween": false,
                "ctype": "BoolFrameData"
              },
              {
                "Value": false,
                "FrameIndex": 95,
                "Tween": false,
                "ctype": "BoolFrameData"
              }
            ],
            "ctype": "TimelineData"
          },
          {
            "ActionTag": -1705516205,
            "Property": "Alpha",
            "Frames": [
              {
                "Value": 255,
                "FrameIndex": 15,
                "EasingData": {
                  "Type": 0
                },
                "ctype": "IntFrameData"
              },
              {
                "Value": 48,
                "FrameIndex": 30,
                "EasingData": {
                  "Type": 0
                },
                "ctype": "IntFrameData"
              },
              {
                "Value": 255,
                "FrameIndex": 50,
                "EasingData": {
                  "Type": 0
                },
                "ctype": "IntFrameData"
              },
              {
                "Value": 255,
                "FrameIndex": 65,
                "EasingData": {
                  "Type": 0
                },
                "ctype": "IntFrameData"
              }
            ],
            "ctype": "TimelineData"
          },
          {
            "ActionTag": -1017644762,
            "Property": "Position",
            "Frames": [
              {
                "X": 121.5159,
                "Y": -29.1245,
                "FrameIndex": 0,
                "EasingData": {
                  "Type": 0
                },
                "ctype": "PointFrameData"
              },
              {
                "X": 150.7522,
                "Y": -29.7547,
                "FrameIndex": 15,
                "EasingData": {
                  "Type": 0
                },
                "ctype": "PointFrameData"
              },
              {
                "X": 74.0227,
                "Y": -28.3727,
                "FrameIndex": 30,
                "EasingData": {
                  "Type": 0
                },
                "ctype": "PointFrameData"
              },
              {
                "X": 73.8223,
                "Y": -35.0863,
                "FrameIndex": 65,
                "EasingData": {
                  "Type": 0
                },
                "ctype": "PointFrameData"
              },
              {
                "X": 49.2309,
                "Y": -14.9666,
                "FrameIndex": 105,
                "EasingData": {
                  "Type": 0
                },
                "ctype": "PointFrameData"
              }
            ],
            "ctype": "TimelineData"
          },
          {
            "ActionTag": -1017644762,
            "Property": "VisibleForFrame",
            "Frames": [
              {
                "Value": true,
                "FrameIndex": 0,
                "Tween": false,
                "ctype": "BoolFrameData"
              },
              {
                "Value": true,
                "FrameIndex": 30,
                "Tween": false,
                "ctype": "BoolFrameData"
              },
              {
                "Value": false,
                "FrameIndex": 95,
                "Tween": false,
                "ctype": "BoolFrameData"
              }
            ],
            "ctype": "TimelineData"
          },
          {
            "ActionTag": -1017644762,
            "Property": "Alpha",
            "Frames": [
              {
                "Value": 103,
                "FrameIndex": 15,
                "EasingData": {
                  "Type": 0
                },
                "ctype": "IntFrameData"
              },
              {
                "Value": 255,
                "FrameIndex": 30,
                "EasingData": {
                  "Type": 0
                },
                "ctype": "IntFrameData"
              },
              {
                "Value": 255,
                "FrameIndex": 50,
                "EasingData": {
                  "Type": 0
                },
                "ctype": "IntFrameData"
              },
              {
                "Value": 0,
                "FrameIndex": 65,
                "EasingData": {
                  "Type": 0
                },
                "ctype": "IntFrameData"
              }
            ],
            "ctype": "TimelineData"
          },
          {
            "ActionTag": 1396642830,
            "Property": "Position",
            "Frames": [
              {
                "X": -74.1301,
                "Y": -60.1853,
                "FrameIndex": 0,
                "EasingData": {
                  "Type": 0
                },
                "ctype": "PointFrameData"
              },
              {
                "X": -94.4789,
                "Y": -86.7252,
                "FrameIndex": 15,
                "EasingData": {
                  "Type": 0
                },
                "ctype": "PointFrameData"
              },
              {
                "X": -32.8581,
                "Y": -54.4702,
                "FrameIndex": 30,
                "EasingData": {
                  "Type": 0
                },
                "ctype": "PointFrameData"
              },
              {
                "X": -33.1475,
                "Y": -36.3405,
                "FrameIndex": 65,
                "EasingData": {
                  "Type": 0
                },
                "ctype": "PointFrameData"
              },
              {
                "X": -50.2872,
                "Y": -19.2015,
                "FrameIndex": 105,
                "EasingData": {
                  "Type": 0
                },
                "ctype": "PointFrameData"
              }
            ],
            "ctype": "TimelineData"
          },
          {
            "ActionTag": 1396642830,
            "Property": "Alpha",
            "Frames": [
              {
                "Value": 68,
                "FrameIndex": 0,
                "EasingData": {
                  "Type": 0
                },
                "ctype": "IntFrameData"
              },
              {
                "Value": 255,
                "FrameIndex": 15,
                "EasingData": {
                  "Type": 0
                },
                "ctype": "IntFrameData"
              },
              {
                "Value": 57,
                "FrameIndex": 30,
                "EasingData": {
                  "Type": 0
                },
                "ctype": "IntFrameData"
              },
              {
                "Value": 255,
                "FrameIndex": 50,
                "EasingData": {
                  "Type": 0
                },
                "ctype": "IntFrameData"
              },
              {
                "Value": 48,
                "FrameIndex": 65,
                "EasingData": {
                  "Type": 0
                },
                "ctype": "IntFrameData"
              }
            ],
            "ctype": "TimelineData"
          },
          {
            "ActionTag": 1396642830,
            "Property": "VisibleForFrame",
            "Frames": [
              {
                "Value": true,
                "FrameIndex": 0,
                "Tween": false,
                "ctype": "BoolFrameData"
              },
              {
                "Value": false,
                "FrameIndex": 95,
                "Tween": false,
                "ctype": "BoolFrameData"
              }
            ],
            "ctype": "TimelineData"
          },
          {
            "ActionTag": 624401511,
            "Property": "Position",
            "Frames": [
              {
                "X": -45.8113,
                "Y": 82.1452,
                "FrameIndex": 0,
                "EasingData": {
                  "Type": 0
                },
                "ctype": "PointFrameData"
              },
              {
                "X": -62.433,
                "Y": 109.2587,
                "FrameIndex": 15,
                "EasingData": {
                  "Type": 0
                },
                "ctype": "PointFrameData"
              },
              {
                "X": -23.9151,
                "Y": 47.6203,
                "FrameIndex": 30,
                "EasingData": {
                  "Type": 0
                },
                "ctype": "PointFrameData"
              },
              {
                "X": -29.9351,
                "Y": 47.3345,
                "FrameIndex": 50,
                "EasingData": {
                  "Type": 0
                },
                "ctype": "PointFrameData"
              },
              {
                "X": -20.478,
                "Y": 36.6876,
                "FrameIndex": 65,
                "EasingData": {
                  "Type": 0
                },
                "ctype": "PointFrameData"
              },
              {
                "X": -50.2872,
                "Y": -19.2015,
                "FrameIndex": 105,
                "EasingData": {
                  "Type": 0
                },
                "ctype": "PointFrameData"
              }
            ],
            "ctype": "TimelineData"
          },
          {
            "ActionTag": 624401511,
            "Property": "Alpha",
            "Frames": [
              {
                "Value": 255,
                "FrameIndex": 0,
                "EasingData": {
                  "Type": 0
                },
                "ctype": "IntFrameData"
              },
              {
                "Value": 63,
                "FrameIndex": 15,
                "EasingData": {
                  "Type": 0
                },
                "ctype": "IntFrameData"
              },
              {
                "Value": 255,
                "FrameIndex": 30,
                "EasingData": {
                  "Type": 0
                },
                "ctype": "IntFrameData"
              },
              {
                "Value": 86,
                "FrameIndex": 50,
                "EasingData": {
                  "Type": 0
                },
                "ctype": "IntFrameData"
              },
              {
                "Value": 255,
                "FrameIndex": 65,
                "EasingData": {
                  "Type": 0
                },
                "ctype": "IntFrameData"
              }
            ],
            "ctype": "TimelineData"
          },
          {
            "ActionTag": 624401511,
            "Property": "VisibleForFrame",
            "Frames": [
              {
                "Value": true,
                "FrameIndex": 0,
                "Tween": false,
                "ctype": "BoolFrameData"
              },
              {
                "Value": false,
                "FrameIndex": 95,
                "Tween": false,
                "ctype": "BoolFrameData"
              }
            ],
            "ctype": "TimelineData"
          }
        ],
        "ctype": "TimelineActionData"
      },
      "AnimationList": [
        {
          "StartIndex": 0,
          "EndIndex": 105,
          "Name": "action",
          "ctype": "AnimationInfoData"
        }
      ],
      "ObjectData": {
        "Tag": 3,
        "Children": [
          {
            "FileData": {
              "Type": "Normal",
              "Path": "submodules/majiang/image/ma_sc/anim/chipengganghu/hu2.2.png",
              "Plist": ""
            },
            "BlendFunc": {
              "Src": 1,
              "Dst": 771
            },
            "AnchorPoint": {
              "ScaleX": 0.5,
              "ScaleY": 0.5
            },
            "Position": {
              "X": 0.0,
              "Y": 0.0
            },
            "Scale": {
              "ScaleX": 2.0,
              "ScaleY": 2.0
            },
            "CColor": {},
            "IconVisible": false,
            "PrePosition": {
              "X": 0.0,
              "Y": 0.0
            },
            "PreSize": {
              "X": 0.0,
              "Y": 0.0
            },
            "LeftMargin": -23.0,
            "RightMargin": -23.0,
            "TopMargin": -23.0,
            "BottomMargin": -23.0,
            "Tag": 26,
            "ActionTag": 1147930452,
            "Size": {
              "X": 154.0,
              "Y": 154.0
            },
            "Name": "hu2.2_0_0",
            "ctype": "SpriteObjectData"
          },
          {
            "FileData": {
              "Type": "Normal",
              "Path": "submodules/majiang/image/ma_sc/anim/chipengganghu/hu2.2.png",
              "Plist": ""
            },
            "BlendFunc": {
              "Src": 1,
              "Dst": 771
            },
            "AnchorPoint": {
              "ScaleX": 0.5,
              "ScaleY": 0.5
            },
            "Position": {
              "X": 0.0,
              "Y": 0.0
            },
            "Scale": {
              "ScaleX": 2.0,
              "ScaleY": 2.0
            },
            "CColor": {},
            "IconVisible": false,
            "PrePosition": {
              "X": 0.0,
              "Y": 0.0
            },
            "PreSize": {
              "X": 0.0,
              "Y": 0.0
            },
            "LeftMargin": -23.0,
            "RightMargin": -23.0,
            "TopMargin": -23.0,
            "BottomMargin": -23.0,
            "Tag": 24,
            "ActionTag": 2015164690,
            "Size": {
              "X": 154.0,
              "Y": 154.0
            },
            "Name": "hu2.2_0",
            "ctype": "SpriteObjectData"
          },
          {
            "FileData": {
              "Type": "Normal",
              "Path": "submodules/majiang/image/ma_sc/anim/chipengganghu/hu2.png",
              "Plist": ""
            },
            "BlendFunc": {
              "Src": 1,
              "Dst": 771
            },
            "AnchorPoint": {
              "ScaleX": 0.5,
              "ScaleY": 0.5
            },
            "Position": {
              "X": 0.0,
              "Y": 0.0
            },
            "Scale": {
              "ScaleX": 2.0,
              "ScaleY": 2.0
            },
            "CColor": {},
            "IconVisible": false,
            "PrePosition": {
              "X": 0.0,
              "Y": 0.0
            },
            "PreSize": {
              "X": 0.0,
              "Y": 0.0
            },
            "LeftMargin": -23.0,
            "RightMargin": -23.0,
            "TopMargin": -23.0,
            "BottomMargin": -23.0,
            "Tag": 11,
            "ActionTag": -2131001583,
            "Size": {
              "X": 94.0,
              "Y": 94.0
            },
            "VisibleForFrame": false,
            "Name": "hu2",
            "ctype": "SpriteObjectData"
          },
          {
            "FileData": {
              "Type": "Normal",
              "Path": "submodules/majiang/image/ma_sc/anim/chipengganghu/hu2.2.png",
              "Plist": ""
            },
            "BlendFunc": {
              "Src": 1,
              "Dst": 771
            },
            "AnchorPoint": {
              "ScaleX": 0.5,
              "ScaleY": 0.5
            },
            "Position": {
              "X": 0.0,
              "Y": 0.0
            },
            "Scale": {
              "ScaleX": 2.0,
              "ScaleY": 2.0
            },
            "CColor": {},
            "IconVisible": false,
            "PrePosition": {
              "X": 0.0,
              "Y": 0.0
            },
            "PreSize": {
              "X": 0.0,
              "Y": 0.0
            },
            "LeftMargin": -23.0,
            "RightMargin": -23.0,
            "TopMargin": -23.0,
            "BottomMargin": -23.0,
            "Tag": 13,
            "ActionTag": 1698181527,
            "Size": {
              "X": 154.0,
              "Y": 154.0
            },
            "VisibleForFrame": false,
            "Name": "hu2.2",
            "ctype": "SpriteObjectData"
          },
          {
            "FileData": {
              "Type": "Normal",
              "Path": "submodules/majiang/image/ma_sc/anim/chipengganghu/star2.png",
              "Plist": ""
            },
            "BlendFunc": {
              "Src": 1,
              "Dst": 771
            },
            "AnchorPoint": {
              "ScaleX": 0.5,
              "ScaleY": 0.5
            },
            "Position": {
              "X": 111.1257,
              "Y": 101.6648
            },
            "Scale": {
              "ScaleX": 1.0,
              "ScaleY": 1.0
            },
            "CColor": {},
            "IconVisible": false,
            "PrePosition": {
              "X": 0.0,
              "Y": 0.0
            },
            "PreSize": {
              "X": 0.0,
              "Y": 0.0
            },
            "LeftMargin": 88.1257,
            "RightMargin": -134.1257,
            "TopMargin": -124.6648,
            "BottomMargin": 78.6648,
            "Tag": 27,
            "ActionTag": -1705516205,
            "Size": {
              "X": 55.0,
              "Y": 48.0
            },
            "Name": "star2_7",
            "ctype": "SpriteObjectData"
          },
          {
            "FileData": {
              "Type": "Normal",
              "Path": "submodules/majiang/image/ma_sc/anim/chipengganghu/star2.png",
              "Plist": ""
            },
            "BlendFunc": {
              "Src": 1,
              "Dst": 771
            },
            "AnchorPoint": {
              "ScaleX": 0.5,
              "ScaleY": 0.5
            },
            "Position": {
              "X": 121.5159,
              "Y": -29.1245
            },
            "Scale": {
              "ScaleX": 1.0,
              "ScaleY": 1.0
            },
            "CColor": {},
            "IconVisible": false,
            "PrePosition": {
              "X": 0.0,
              "Y": 0.0
            },
            "PreSize": {
              "X": 0.0,
              "Y": 0.0
            },
            "LeftMargin": 98.5159,
            "RightMargin": -144.5159,
            "TopMargin": 6.1245,
            "BottomMargin": -52.1245,
            "Tag": 28,
            "ActionTag": -1017644762,
            "Size": {
              "X": 55.0,
              "Y": 48.0
            },
            "Alpha": 103,
            "Name": "star2_7_0",
            "ctype": "SpriteObjectData"
          },
          {
            "FileData": {
              "Type": "Normal",
              "Path": "submodules/majiang/image/ma_sc/anim/chipengganghu/star2.png",
              "Plist": ""
            },
            "BlendFunc": {
              "Src": 1,
              "Dst": 771
            },
            "AnchorPoint": {
              "ScaleX": 0.5,
              "ScaleY": 0.5
            },
            "Position": {
              "X": -74.1301,
              "Y": -60.1853
            },
            "Scale": {
              "ScaleX": 1.0,
              "ScaleY": 1.0
            },
            "CColor": {},
            "IconVisible": false,
            "PrePosition": {
              "X": 0.0,
              "Y": 0.0
            },
            "PreSize": {
              "X": 0.0,
              "Y": 0.0
            },
            "LeftMargin": -97.1301,
            "RightMargin": 51.1301,
            "TopMargin": 37.1853,
            "BottomMargin": -83.1853,
            "Tag": 29,
            "ActionTag": 1396642830,
            "Size": {
              "X": 55.0,
              "Y": 48.0
            },
            "Alpha": 68,
            "Name": "star2_7_1",
            "ctype": "SpriteObjectData"
          },
          {
            "FileData": {
              "Type": "Normal",
              "Path": "submodules/majiang/image/ma_sc/anim/chipengganghu/star2.png",
              "Plist": ""
            },
            "BlendFunc": {
              "Src": 1,
              "Dst": 771
            },
            "AnchorPoint": {
              "ScaleX": 0.5,
              "ScaleY": 0.5
            },
            "Position": {
              "X": -45.8113,
              "Y": 82.1452
            },
            "Scale": {
              "ScaleX": 1.0,
              "ScaleY": 1.0
            },
            "CColor": {},
            "IconVisible": false,
            "PrePosition": {
              "X": 0.0,
              "Y": 0.0
            },
            "PreSize": {
              "X": 0.0,
              "Y": 0.0
            },
            "LeftMargin": -68.8113,
            "RightMargin": 22.8113,
            "TopMargin": -105.1452,
            "BottomMargin": 59.1452,
            "Tag": 30,
            "ActionTag": 624401511,
            "Size": {
              "X": 55.0,
              "Y": 48.0
            },
            "Name": "star2_7_1_0",
            "ctype": "SpriteObjectData"
          }
        ],
        "Size": {
          "X": 0.0,
          "Y": 0.0
        },
        "Name": "Node",
        "ctype": "SingleNodeObjectData"
      },
      "UsedResources": [
        "anim/chipengganghu/hu2.2.png",
        "anim/chipengganghu/hu2.png",
        "anim/chipengganghu/star2.png"
      ],
      "ctype": "GameFileData"
    }
  },
  "Type": "Node"
}