{
  "ID": "e371d36c-1560-4236-b519-9aa1db1d1b5e",
  "Version": "3.10.0.0",
  "Name": "HistoryCell",
  "Content": {
    "Content": {
      "Animation": {
        "Duration": 0,
        "Speed": 1.0,
        "Timelines": [],
        "ctype": "TimelineActionData"
      },
      "AnimationList": [],
      "ObjectData": {
        "Tag": 90,
        "Children": [
          {
            "FileData": {
              "Type": "Normal",
              "Path": "image/ui/history/history_cell.png",
              "Plist": ""
            },
            "Scale9Enable": true,
            "Scale9OriginX": 58,
            "Scale9OriginY": 36,
            "Scale9Width": 62,
            "Scale9Height": 40,
            "AnchorPoint": {
              "ScaleX": 0.5,
              "ScaleY": 0.5
            },
            "Position": {
              "X": 600.0,
              "Y": 58.908
            },
            "Scale": {
              "ScaleX": 1.0,
              "ScaleY": 1.0
            },
            "CColor": {},
            "IconVisible": false,
            "PositionPercentXEnabled": true,
            "PositionPercentYEnabled": true,
            "PrePosition": {
              "X": 0.5,
              "Y": 0.4909
            },
            "PreSize": {
              "X": 0.9667,
              "Y": 1.0
            },
            "LeftMargin": 20.0,
            "RightMargin": 20.0,
            "TopMargin": 1.092,
            "BottomMargin": -1.092,
            "Tag": 1845,
            "ActionTag": -637549991,
            "Size": {
              "X": 1160.0,
              "Y": 120.0
            },
            "Name": "bg_cell",
            "ctype": "ImageViewObjectData"
          },
          {
            "AnchorPoint": {},
            "Position": {
              "X": 2.6448,
              "Y": 57.8545
            },
            "Scale": {
              "ScaleX": 1.0,
              "ScaleY": 1.0
            },
            "CColor": {},
            "IconVisible": true,
            "PrePosition": {
              "X": 0.0022,
              "Y": 0.4821
            },
            "PreSize": {
              "X": 0.0,
              "Y": 0.0
            },
            "LeftMargin": 2.6448,
            "RightMargin": 1197.3552,
            "TopMargin": 62.1455,
            "BottomMargin": 57.8545,
            "Tag": 187,
            "Children": [
              {
                "FileData": {
                  "Type": "Normal",
                  "Path": "image/ui/history/history_icon.png",
                  "Plist": ""
                },
                "Scale9OriginX": 16,
                "Scale9OriginY": 17,
                "Scale9Width": 5,
                "Scale9Height": 3,
                "AnchorPoint": {
                  "ScaleX": 0.5,
                  "ScaleY": 0.5
                },
                "Position": {
                  "X": 43.9828,
                  "Y": 0.0
                },
                "Scale": {
                  "ScaleX": 0.8,
                  "ScaleY": 0.8
                },
                "CColor": {},
                "IconVisible": false,
                "PositionPercentYEnabled": true,
                "PrePosition": {
                  "X": 0.0,
                  "Y": 0.0
                },
                "PreSize": {
                  "X": 0.0,
                  "Y": 0.0
                },
                "LeftMargin": 11.9828,
                "RightMargin": -75.9828,
                "TopMargin": -30.5,
                "BottomMargin": -30.5,
                "Tag": 85,
                "ActionTag": 137207532,
                "Size": {
                  "X": 64.0,
                  "Y": 61.0
                },
                "Name": "icon",
                "ctype": "ImageViewObjectData"
              },
              {
                "IsCustomSize": true,
                "FontSize": 24,
                "LabelText": "房号:123456",
                "OutlineColor": {
                  "G": 0,
                  "B": 0
                },
                "ShadowColor": {
                  "R": 110,
                  "G": 110,
                  "B": 110
                },
                "ShadowOffsetX": 2.0,
                "ShadowOffsetY": -2.0,
                "AnchorPoint": {
                  "ScaleY": 0.5
                },
                "Position": {
                  "X": 73.8274,
                  "Y": -31.1379
                },
                "Scale": {
                  "ScaleX": 1.0,
                  "ScaleY": 1.0
                },
                "CColor": {
                  "R": 124,
                  "G": 100,
                  "B": 100
                },
                "IconVisible": false,
                "PrePosition": {
                  "X": 0.0,
                  "Y": 0.0
                },
                "PreSize": {
                  "X": 0.0,
                  "Y": 0.0
                },
                "LeftMargin": 73.8274,
                "RightMargin": -223.8274,
                "TopMargin": 17.1379,
                "BottomMargin": -45.1379,
                "Tag": 106,
                "ActionTag": -541375096,
                "Size": {
                  "X": 150.0,
                  "Y": 28.0
                },
                "Name": "t1",
                "ctype": "TextObjectData"
              },
              {
                "IsCustomSize": true,
                "FontSize": 24,
                "LabelText": "2016是07是】\n08 14:40:07",
                "OutlineColor": {
                  "G": 0,
                  "B": 0
                },
                "ShadowColor": {
                  "R": 110,
                  "G": 110,
                  "B": 110
                },
                "ShadowOffsetX": 2.0,
                "ShadowOffsetY": -2.0,
                "AnchorPoint": {
                  "ScaleY": 0.5
                },
                "Position": {
                  "X": 73.8274,
                  "Y": 19.8622
                },
                "Scale": {
                  "ScaleX": 1.0,
                  "ScaleY": 1.0
                },
                "CColor": {
                  "R": 124,
                  "G": 100,
                  "B": 100
                },
                "IconVisible": false,
                "PrePosition": {
                  "X": 0.0,
                  "Y": 0.0
                },
                "PreSize": {
                  "X": 0.0,
                  "Y": 0.0
                },
                "LeftMargin": 73.8274,
                "RightMargin": -233.8274,
                "TopMargin": -49.8622,
                "BottomMargin": -10.1378,
                "Tag": 107,
                "ActionTag": -277936116,
                "Size": {
                  "X": 160.0,
                  "Y": 60.0
                },
                "Name": "t2",
                "ctype": "TextObjectData"
              },
              {
                "FileData": {
                  "Type": "Normal",
                  "Path": "image/ui/history/twin.png",
                  "Plist": ""
                },
                "BlendFunc": {
                  "Src": 1,
                  "Dst": 771
                },
                "AnchorPoint": {
                  "ScaleX": 0.5,
                  "ScaleY": 0.5
                },
                "Position": {
                  "X": 78.002,
                  "Y": 40.7875
                },
                "Scale": {
                  "ScaleX": 0.9,
                  "ScaleY": 0.9
                },
                "CColor": {},
                "IconVisible": false,
                "PrePosition": {
                  "X": 0.0,
                  "Y": 0.0
                },
                "PreSize": {
                  "X": 0.0,
                  "Y": 0.0
                },
                "LeftMargin": 33.002,
                "RightMargin": -123.002,
                "TopMargin": -83.2875,
                "BottomMargin": -1.7125,
                "Tag": 109,
                "ActionTag": 4341808,
                "Size": {
                  "X": 90.0,
                  "Y": 85.0
                },
                "VisibleForFrame": false,
                "Name": "flag",
                "ctype": "SpriteObjectData"
              },
              {
                "IsCustomSize": true,
                "FontSize": 30,
                "LabelText": "24",
                "FontResource": {
                  "Type": "Normal",
                  "Path": "image/fonts/FZZY.TTF",
                  "Plist": ""
                },
                "HorizontalAlignmentType": "HT_Center",
                "VerticalAlignmentType": "VT_Center",
                "OutlineColor": {
                  "G": 0,
                  "B": 0
                },
                "ShadowColor": {
                  "R": 110,
                  "G": 110,
                  "B": 110
                },
                "ShadowOffsetX": 2.0,
                "ShadowOffsetY": -2.0,
                "AnchorPoint": {
                  "ScaleX": 0.5,
                  "ScaleY": 0.5
                },
                "Position": {
                  "X": 42.0003,
                  "Y": -1.9999
                },
                "Scale": {
                  "ScaleX": 1.0,
                  "ScaleY": 1.0
                },
                "CColor": {
                  "R": 171,
                  "G": 89,
                  "B": 52
                },
                "IconVisible": false,
                "PrePosition": {
                  "X": 0.0,
                  "Y": 0.0
                },
                "PreSize": {
                  "X": 0.0,
                  "Y": 0.0
                },
                "LeftMargin": 21.5003,
                "RightMargin": -62.5003,
                "TopMargin": -12.0001,
                "BottomMargin": -15.9999,
                "Tag": 188,
                "ActionTag": 360239997,
                "Size": {
                  "X": 41.0,
                  "Y": 28.0
                },
                "Name": "id",
                "ctype": "TextObjectData"
              }
            ],
            "ActionTag": -1223898494,
            "Size": {
              "X": 0.0,
              "Y": 0.0
            },
            "Name": "roominfo",
            "ctype": "SingleNodeObjectData"
          },
          {
            "AnchorPoint": {},
            "Position": {
              "X": 254.4345,
              "Y": 9.2747
            },
            "Scale": {
              "ScaleX": 1.0,
              "ScaleY": 1.0
            },
            "CColor": {},
            "IconVisible": true,
            "PrePosition": {
              "X": 0.212,
              "Y": 0.0773
            },
            "PreSize": {
              "X": 0.0,
              "Y": 0.0
            },
            "LeftMargin": 254.4345,
            "RightMargin": 945.5656,
            "TopMargin": 110.7253,
            "BottomMargin": 9.2747,
            "Tag": 1596,
            "Children": [
              {
                "IsCustomSize": true,
                "FontSize": 24,
                "LabelText": "名字最好了六个多多了",
                "OutlineColor": {
                  "G": 0,
                  "B": 0
                },
                "ShadowColor": {
                  "R": 110,
                  "G": 110,
                  "B": 110
                },
                "ShadowOffsetX": 2.0,
                "ShadowOffsetY": -2.0,
                "AnchorPoint": {
                  "ScaleY": 0.5
                },
                "Position": {
                  "X": 57.5958,
                  "Y": 66.1178
                },
                "Scale": {
                  "ScaleX": 1.0,
                  "ScaleY": 1.0
                },
                "CColor": {
                  "R": 124,
                  "G": 100,
                  "B": 100
                },
                "IconVisible": false,
                "PrePosition": {
                  "X": 0.0,
                  "Y": 0.0
                },
                "PreSize": {
                  "X": 0.0,
                  "Y": 0.0
                },
                "LeftMargin": 57.5958,
                "RightMargin": -182.5958,
                "TopMargin": -96.1178,
                "BottomMargin": 36.1178,
                "Tag": 154,
                "ActionTag": 1815162263,
                "Size": {
                  "X": 125.0,
                  "Y": 60.0
                },
                "Name": "name1",
                "ctype": "TextObjectData"
              },
              {
                "FontSize": 24,
                "LabelText": "+12345",
                "VerticalAlignmentType": "VT_Center",
                "OutlineColor": {
                  "G": 0,
                  "B": 0
                },
                "ShadowColor": {
                  "R": 110,
                  "G": 110,
                  "B": 110
                },
                "ShadowOffsetX": 2.0,
                "ShadowOffsetY": -2.0,
                "AnchorPoint": {
                  "ScaleY": 0.5
                },
                "Position": {
                  "X": 57.5958,
                  "Y": 21.1179
                },
                "Scale": {
                  "ScaleX": 1.0,
                  "ScaleY": 1.0
                },
                "CColor": {
                  "R": 124,
                  "G": 100,
                  "B": 100
                },
                "IconVisible": false,
                "PrePosition": {
                  "X": 0.0,
                  "Y": 0.0
                },
                "PreSize": {
                  "X": 0.0,
                  "Y": 0.0
                },
                "LeftMargin": 57.5958,
                "RightMargin": -138.5958,
                "TopMargin": -35.1179,
                "BottomMargin": 7.1179,
                "Tag": 9,
                "ActionTag": 720392769,
                "Size": {
                  "X": 81.0,
                  "Y": 28.0
                },
                "Name": "score1",
                "ctype": "TextObjectData"
              },
              {
                "FileData": {
                  "Type": "Normal",
                  "Path": "image/ui/head/transparent_90x90.png",
                  "Plist": ""
                },
                "BlendFunc": {
                  "Src": 1,
                  "Dst": 771
                },
                "AnchorPoint": {
                  "ScaleX": 0.5,
                  "ScaleY": 0.5
                },
                "Position": {
                  "X": 7.5957,
                  "Y": 51.1181
                },
                "Scale": {
                  "ScaleX": 1.0,
                  "ScaleY": 1.0
                },
                "CColor": {},
                "IconVisible": false,
                "PrePosition": {
                  "X": 0.0,
                  "Y": 0.0
                },
                "PreSize": {
                  "X": 0.0,
                  "Y": 0.0
                },
                "LeftMargin": -33.4043,
                "RightMargin": -48.5957,
                "TopMargin": -92.1181,
                "BottomMargin": 10.1181,
                "Tag": 1864,
                "ActionTag": -1068620138,
                "Size": {
                  "X": 82.0,
                  "Y": 82.0
                },
                "Name": "head1",
                "ctype": "SpriteObjectData"
              },
              {
                "FileData": {
                  "Type": "Normal",
                  "Path": "image/ui/head/head_90x90.png",
                  "Plist": ""
                },
                "BlendFunc": {
                  "Src": 1,
                  "Dst": 771
                },
                "AnchorPoint": {
                  "ScaleX": 0.5,
                  "ScaleY": 0.5
                },
                "Position": {
                  "X": 7.5957,
                  "Y": 51.1178
                },
                "Scale": {
                  "ScaleX": 1.0,
                  "ScaleY": 1.0
                },
                "CColor": {},
                "IconVisible": false,
                "PrePosition": {
                  "X": 0.0,
                  "Y": 0.0
                },
                "PreSize": {
                  "X": 0.0,
                  "Y": 0.0
                },
                "LeftMargin": -37.4043,
                "RightMargin": -52.5957,
                "TopMargin": -96.1178,
                "BottomMargin": 6.1178,
                "Tag": 1863,
                "ActionTag": 1566504731,
                "Size": {
                  "X": 90.0,
                  "Y": 90.0
                },
                "Name": "info1",
                "ctype": "SpriteObjectData"
              },
              {
                "FileData": {
                  "Type": "Normal",
                  "Path": "image/ui/history/history_fanghzu.png",
                  "Plist": ""
                },
                "BlendFunc": {
                  "Src": 1,
                  "Dst": 771
                },
                "AnchorPoint": {
                  "ScaleX": 0.5,
                  "ScaleY": 0.5
                },
                "Position": {
                  "X": 37.5957,
                  "Y": 21.1177
                },
                "Scale": {
                  "ScaleX": 1.0,
                  "ScaleY": 1.0
                },
                "CColor": {},
                "IconVisible": false,
                "PrePosition": {
                  "X": 0.0,
                  "Y": 0.0
                },
                "PreSize": {
                  "X": 0.0,
                  "Y": 0.0
                },
                "LeftMargin": 18.5957,
                "RightMargin": -56.5957,
                "TopMargin": -40.1177,
                "BottomMargin": 2.1177,
                "Tag": 201,
                "ActionTag": 2087188145,
                "Size": {
                  "X": 38.0,
                  "Y": 38.0
                },
                "Name": "fangzhu1",
                "ctype": "SpriteObjectData"
              }
            ],
            "ActionTag": -1046804289,
            "Size": {
              "X": 0.0,
              "Y": 0.0
            },
            "Name": "info1",
            "ctype": "SingleNodeObjectData"
          },
          {
            "AnchorPoint": {},
            "Position": {
              "X": 442.5318,
              "Y": 9.2747
            },
            "Scale": {
              "ScaleX": 1.0,
              "ScaleY": 1.0
            },
            "CColor": {},
            "IconVisible": true,
            "PrePosition": {
              "X": 0.3688,
              "Y": 0.0773
            },
            "PreSize": {
              "X": 0.0,
              "Y": 0.0
            },
            "LeftMargin": 442.5318,
            "RightMargin": 757.4683,
            "TopMargin": 110.7253,
            "BottomMargin": 9.2747,
            "Tag": 1597,
            "Children": [
              {
                "IsCustomSize": true,
                "FontSize": 24,
                "LabelText": "名字最好了\n六个多多了",
                "OutlineColor": {
                  "G": 0,
                  "B": 0
                },
                "ShadowColor": {
                  "R": 110,
                  "G": 110,
                  "B": 110
                },
                "ShadowOffsetX": 2.0,
                "ShadowOffsetY": -2.0,
                "AnchorPoint": {
                  "ScaleY": 0.5
                },
                "Position": {
                  "X": 50.2762,
                  "Y": 63.5518
                },
                "Scale": {
                  "ScaleX": 1.0,
                  "ScaleY": 1.0
                },
                "CColor": {
                  "R": 124,
                  "G": 100,
                  "B": 100
                },
                "IconVisible": false,
                "PrePosition": {
                  "X": 0.0,
                  "Y": 0.0
                },
                "PreSize": {
                  "X": 0.0,
                  "Y": 0.0
                },
                "LeftMargin": 50.2762,
                "RightMargin": -175.2762,
                "TopMargin": -93.5518,
                "BottomMargin": 33.5518,
                "Tag": 12,
                "ActionTag": -1295076326,
                "Size": {
                  "X": 125.0,
                  "Y": 60.0
                },
                "Name": "name2",
                "ctype": "TextObjectData"
              },
              {
                "FontSize": 24,
                "LabelText": "+12345",
                "VerticalAlignmentType": "VT_Center",
                "OutlineColor": {
                  "G": 0,
                  "B": 0
                },
                "ShadowColor": {
                  "R": 110,
                  "G": 110,
                  "B": 110
                },
                "ShadowOffsetX": 2.0,
                "ShadowOffsetY": -2.0,
                "AnchorPoint": {
                  "ScaleY": 0.5
                },
                "Position": {
                  "X": 50.2762,
                  "Y": 18.5529
                },
                "Scale": {
                  "ScaleX": 1.0,
                  "ScaleY": 1.0
                },
                "CColor": {
                  "R": 124,
                  "G": 100,
                  "B": 100
                },
                "IconVisible": false,
                "PrePosition": {
                  "X": 0.0,
                  "Y": 0.0
                },
                "PreSize": {
                  "X": 0.0,
                  "Y": 0.0
                },
                "LeftMargin": 50.2762,
                "RightMargin": -131.2762,
                "TopMargin": -32.5529,
                "BottomMargin": 4.5529,
                "Tag": 13,
                "ActionTag": -980579999,
                "Size": {
                  "X": 81.0,
                  "Y": 28.0
                },
                "Name": "score2",
                "ctype": "TextObjectData"
              },
              {
                "FileData": {
                  "Type": "Normal",
                  "Path": "image/ui/head/transparent_90x90.png",
                  "Plist": ""
                },
                "BlendFunc": {
                  "Src": 1,
                  "Dst": 771
                },
                "AnchorPoint": {
                  "ScaleX": 0.5,
                  "ScaleY": 0.5
                },
                "Position": {
                  "X": 0.2772,
                  "Y": 48.5517
                },
                "Scale": {
                  "ScaleX": 1.0,
                  "ScaleY": 1.0
                },
                "CColor": {},
                "IconVisible": false,
                "PrePosition": {
                  "X": 0.0,
                  "Y": 0.0
                },
                "PreSize": {
                  "X": 0.0,
                  "Y": 0.0
                },
                "LeftMargin": -40.7228,
                "RightMargin": -41.2772,
                "TopMargin": -89.5517,
                "BottomMargin": 7.5517,
                "Tag": 1867,
                "ActionTag": -839958268,
                "Size": {
                  "X": 82.0,
                  "Y": 82.0
                },
                "Name": "head2",
                "ctype": "SpriteObjectData"
              },
              {
                "FileData": {
                  "Type": "Normal",
                  "Path": "image/ui/head/head_90x90.png",
                  "Plist": ""
                },
                "BlendFunc": {
                  "Src": 1,
                  "Dst": 771
                },
                "AnchorPoint": {
                  "ScaleX": 0.5,
                  "ScaleY": 0.5
                },
                "Position": {
                  "X": 0.2762,
                  "Y": 48.552
                },
                "Scale": {
                  "ScaleX": 1.0,
                  "ScaleY": 1.0
                },
                "CColor": {},
                "IconVisible": false,
                "PrePosition": {
                  "X": 0.0,
                  "Y": 0.0
                },
                "PreSize": {
                  "X": 0.0,
                  "Y": 0.0
                },
                "LeftMargin": -44.7238,
                "RightMargin": -45.2762,
                "TopMargin": -93.552,
                "BottomMargin": 3.552,
                "Tag": 1868,
                "ActionTag": 2077357819,
                "Size": {
                  "X": 90.0,
                  "Y": 90.0
                },
                "Name": "info2",
                "ctype": "SpriteObjectData"
              },
              {
                "FileData": {
                  "Type": "Normal",
                  "Path": "image/ui/history/history_fanghzu.png",
                  "Plist": ""
                },
                "BlendFunc": {
                  "Src": 1,
                  "Dst": 771
                },
                "AnchorPoint": {
                  "ScaleX": 0.5,
                  "ScaleY": 0.5
                },
                "Position": {
                  "X": 30.2772,
                  "Y": 18.5529
                },
                "Scale": {
                  "ScaleX": 1.0,
                  "ScaleY": 1.0
                },
                "CColor": {},
                "IconVisible": false,
                "PrePosition": {
                  "X": 0.0,
                  "Y": 0.0
                },
                "PreSize": {
                  "X": 0.0,
                  "Y": 0.0
                },
                "LeftMargin": 11.2772,
                "RightMargin": -49.2772,
                "TopMargin": -37.5529,
                "BottomMargin": -0.4471,
                "Tag": 202,
                "ActionTag": 737211582,
                "Size": {
                  "X": 38.0,
                  "Y": 38.0
                },
                "Name": "fangzhu2",
                "ctype": "SpriteObjectData"
              }
            ],
            "ActionTag": -723288395,
            "Size": {
              "X": 0.0,
              "Y": 0.0
            },
            "Name": "info2",
            "ctype": "SingleNodeObjectData"
          },
          {
            "AnchorPoint": {},
            "Position": {
              "X": 630.629,
              "Y": 9.2747
            },
            "Scale": {
              "ScaleX": 1.0,
              "ScaleY": 1.0
            },
            "CColor": {},
            "IconVisible": true,
            "PrePosition": {
              "X": 0.5255,
              "Y": 0.0773
            },
            "PreSize": {
              "X": 0.0,
              "Y": 0.0
            },
            "LeftMargin": 630.629,
            "RightMargin": 569.371,
            "TopMargin": 110.7253,
            "BottomMargin": 9.2747,
            "Tag": 1598,
            "Children": [
              {
                "IsCustomSize": true,
                "FontSize": 24,
                "LabelText": "名字最好了\n六个多多了",
                "OutlineColor": {
                  "G": 0,
                  "B": 0
                },
                "ShadowColor": {
                  "R": 110,
                  "G": 110,
                  "B": 110
                },
                "ShadowOffsetX": 2.0,
                "ShadowOffsetY": -2.0,
                "AnchorPoint": {
                  "ScaleY": 0.5
                },
                "Position": {
                  "X": 53.8646,
                  "Y": 63.4552
                },
                "Scale": {
                  "ScaleX": 1.0,
                  "ScaleY": 1.0
                },
                "CColor": {
                  "R": 124,
                  "G": 100,
                  "B": 100
                },
                "IconVisible": false,
                "PrePosition": {
                  "X": 0.0,
                  "Y": 0.0
                },
                "PreSize": {
                  "X": 0.0,
                  "Y": 0.0
                },
                "LeftMargin": 53.8646,
                "RightMargin": -178.8646,
                "TopMargin": -93.4552,
                "BottomMargin": 33.4552,
                "Tag": 10,
                "ActionTag": -2121579249,
                "Size": {
                  "X": 125.0,
                  "Y": 60.0
                },
                "Name": "name3",
                "ctype": "TextObjectData"
              },
              {
                "FontSize": 24,
                "LabelText": "+12345",
                "VerticalAlignmentType": "VT_Center",
                "OutlineColor": {
                  "G": 0,
                  "B": 0
                },
                "ShadowColor": {
                  "R": 110,
                  "G": 110,
                  "B": 110
                },
                "ShadowOffsetX": 2.0,
                "ShadowOffsetY": -2.0,
                "AnchorPoint": {
                  "ScaleY": 0.5
                },
                "Position": {
                  "X": 53.8646,
                  "Y": 18.4544
                },
                "Scale": {
                  "ScaleX": 1.0,
                  "ScaleY": 1.0
                },
                "CColor": {
                  "R": 124,
                  "G": 100,
                  "B": 100
                },
                "IconVisible": false,
                "PrePosition": {
                  "X": 0.0,
                  "Y": 0.0
                },
                "PreSize": {
                  "X": 0.0,
                  "Y": 0.0
                },
                "LeftMargin": 53.8646,
                "RightMargin": -134.8646,
                "TopMargin": -32.4544,
                "BottomMargin": 4.4544,
                "Tag": 11,
                "ActionTag": -1488205063,
                "Size": {
                  "X": 81.0,
                  "Y": 28.0
                },
                "Name": "score3",
                "ctype": "TextObjectData"
              },
              {
                "FileData": {
                  "Type": "Normal",
                  "Path": "image/ui/head/transparent_90x90.png",
                  "Plist": ""
                },
                "BlendFunc": {
                  "Src": 1,
                  "Dst": 771
                },
                "AnchorPoint": {
                  "ScaleX": 0.5,
                  "ScaleY": 0.5
                },
                "Position": {
                  "X": 3.8657,
                  "Y": 48.4535
                },
                "Scale": {
                  "ScaleX": 1.0,
                  "ScaleY": 1.0
                },
                "CColor": {},
                "IconVisible": false,
                "PrePosition": {
                  "X": 0.0,
                  "Y": 0.0
                },
                "PreSize": {
                  "X": 0.0,
                  "Y": 0.0
                },
                "LeftMargin": -37.1343,
                "RightMargin": -44.8657,
                "TopMargin": -89.4535,
                "BottomMargin": 7.4535,
                "Tag": 1869,
                "ActionTag": -1667095888,
                "Size": {
                  "X": 82.0,
                  "Y": 82.0
                },
                "Name": "head3",
                "ctype": "SpriteObjectData"
              },
              {
                "FileData": {
                  "Type": "Normal",
                  "Path": "image/ui/head/head_90x90.png",
                  "Plist": ""
                },
                "BlendFunc": {
                  "Src": 1,
                  "Dst": 771
                },
                "AnchorPoint": {
                  "ScaleX": 0.5,
                  "ScaleY": 0.5
                },
                "Position": {
                  "X": 3.8649,
                  "Y": 48.4541
                },
                "Scale": {
                  "ScaleX": 1.0,
                  "ScaleY": 1.0
                },
                "CColor": {},
                "IconVisible": false,
                "PrePosition": {
                  "X": 0.0,
                  "Y": 0.0
                },
                "PreSize": {
                  "X": 0.0,
                  "Y": 0.0
                },
                "LeftMargin": -41.1351,
                "RightMargin": -48.8649,
                "TopMargin": -93.4541,
                "BottomMargin": 3.4541,
                "Tag": 1870,
                "ActionTag": 1821920664,
                "Size": {
                  "X": 90.0,
                  "Y": 90.0
                },
                "Name": "info3",
                "ctype": "SpriteObjectData"
              },
              {
                "FileData": {
                  "Type": "Normal",
                  "Path": "image/ui/history/history_fanghzu.png",
                  "Plist": ""
                },
                "BlendFunc": {
                  "Src": 1,
                  "Dst": 771
                },
                "AnchorPoint": {
                  "ScaleX": 0.5,
                  "ScaleY": 0.5
                },
                "Position": {
                  "X": 33.8661,
                  "Y": 18.4547
                },
                "Scale": {
                  "ScaleX": 1.0,
                  "ScaleY": 1.0
                },
                "CColor": {},
                "IconVisible": false,
                "PrePosition": {
                  "X": 0.0,
                  "Y": 0.0
                },
                "PreSize": {
                  "X": 0.0,
                  "Y": 0.0
                },
                "LeftMargin": 14.8661,
                "RightMargin": -52.8661,
                "TopMargin": -37.4547,
                "BottomMargin": -0.5453,
                "Tag": 203,
                "ActionTag": 82029715,
                "Size": {
                  "X": 38.0,
                  "Y": 38.0
                },
                "Name": "fangzhu3",
                "ctype": "SpriteObjectData"
              }
            ],
            "ActionTag": 1486900844,
            "Size": {
              "X": 0.0,
              "Y": 0.0
            },
            "Name": "info3",
            "ctype": "SingleNodeObjectData"
          },
          {
            "AnchorPoint": {},
            "Position": {
              "X": 818.7262,
              "Y": 9.2747
            },
            "Scale": {
              "ScaleX": 1.0,
              "ScaleY": 1.0
            },
            "CColor": {},
            "IconVisible": true,
            "PrePosition": {
              "X": 0.6823,
              "Y": 0.0773
            },
            "PreSize": {
              "X": 0.0,
              "Y": 0.0
            },
            "LeftMargin": 818.7262,
            "RightMargin": 381.2738,
            "TopMargin": 110.7253,
            "BottomMargin": 9.2747,
            "Tag": 1599,
            "Children": [
              {
                "IsCustomSize": true,
                "FontSize": 24,
                "LabelText": "名字最好了\n六个多多了",
                "OutlineColor": {
                  "G": 0,
                  "B": 0
                },
                "ShadowColor": {
                  "R": 110,
                  "G": 110,
                  "B": 110
                },
                "ShadowOffsetX": 2.0,
                "ShadowOffsetY": -2.0,
                "AnchorPoint": {
                  "ScaleY": 0.5
                },
                "Position": {
                  "X": 56.3201,
                  "Y": 63.9988
                },
                "Scale": {
                  "ScaleX": 1.0,
                  "ScaleY": 1.0
                },
                "CColor": {
                  "R": 124,
                  "G": 100,
                  "B": 100
                },
                "IconVisible": false,
                "PrePosition": {
                  "X": 0.0,
                  "Y": 0.0
                },
                "PreSize": {
                  "X": 0.0,
                  "Y": 0.0
                },
                "LeftMargin": 56.3201,
                "RightMargin": -181.3201,
                "TopMargin": -93.9988,
                "BottomMargin": 33.9988,
                "Tag": 361,
                "ActionTag": -949160491,
                "Size": {
                  "X": 125.0,
                  "Y": 60.0
                },
                "Name": "name4",
                "ctype": "TextObjectData"
              },
              {
                "FontSize": 24,
                "LabelText": "+12345",
                "VerticalAlignmentType": "VT_Center",
                "OutlineColor": {
                  "G": 0,
                  "B": 0
                },
                "ShadowColor": {
                  "R": 110,
                  "G": 110,
                  "B": 110
                },
                "ShadowOffsetX": 2.0,
                "ShadowOffsetY": -2.0,
                "AnchorPoint": {
                  "ScaleY": 0.5
                },
                "Position": {
                  "X": 56.3201,
                  "Y": 18.9972
                },
                "Scale": {
                  "ScaleX": 1.0,
                  "ScaleY": 1.0
                },
                "CColor": {
                  "R": 124,
                  "G": 100,
                  "B": 100
                },
                "IconVisible": false,
                "PrePosition": {
                  "X": 0.0,
                  "Y": 0.0
                },
                "PreSize": {
                  "X": 0.0,
                  "Y": 0.0
                },
                "LeftMargin": 56.3201,
                "RightMargin": -137.3201,
                "TopMargin": -32.9972,
                "BottomMargin": 4.9972,
                "Tag": 362,
                "ActionTag": -1925599454,
                "Size": {
                  "X": 81.0,
                  "Y": 28.0
                },
                "Name": "score4",
                "ctype": "TextObjectData"
              },
              {
                "FileData": {
                  "Type": "Normal",
                  "Path": "image/ui/head/transparent_90x90.png",
                  "Plist": ""
                },
                "BlendFunc": {
                  "Src": 1,
                  "Dst": 771
                },
                "AnchorPoint": {
                  "ScaleX": 0.5,
                  "ScaleY": 0.5
                },
                "Position": {
                  "X": 6.3152,
                  "Y": 48.9963
                },
                "Scale": {
                  "ScaleX": 1.0,
                  "ScaleY": 1.0
                },
                "CColor": {},
                "IconVisible": false,
                "PrePosition": {
                  "X": 0.0,
                  "Y": 0.0
                },
                "PreSize": {
                  "X": 0.0,
                  "Y": 0.0
                },
                "LeftMargin": -34.6848,
                "RightMargin": -47.3152,
                "TopMargin": -89.9963,
                "BottomMargin": 7.9963,
                "Tag": 1871,
                "ActionTag": -748775553,
                "Size": {
                  "X": 82.0,
                  "Y": 82.0
                },
                "Name": "head4",
                "ctype": "SpriteObjectData"
              },
              {
                "FileData": {
                  "Type": "Normal",
                  "Path": "image/ui/head/head_90x90.png",
                  "Plist": ""
                },
                "BlendFunc": {
                  "Src": 1,
                  "Dst": 771
                },
                "AnchorPoint": {
                  "ScaleX": 0.5,
                  "ScaleY": 0.5
                },
                "Position": {
                  "X": 6.3159,
                  "Y": 48.9969
                },
                "Scale": {
                  "ScaleX": 1.0,
                  "ScaleY": 1.0
                },
                "CColor": {},
                "IconVisible": false,
                "PrePosition": {
                  "X": 0.0,
                  "Y": 0.0
                },
                "PreSize": {
                  "X": 0.0,
                  "Y": 0.0
                },
                "LeftMargin": -38.6841,
                "RightMargin": -51.3159,
                "TopMargin": -93.9969,
                "BottomMargin": 3.9969,
                "Tag": 1872,
                "ActionTag": -2102994720,
                "Size": {
                  "X": 90.0,
                  "Y": 90.0
                },
                "Name": "info4",
                "ctype": "SpriteObjectData"
              },
              {
                "FileData": {
                  "Type": "Normal",
                  "Path": "image/ui/history/history_fanghzu.png",
                  "Plist": ""
                },
                "BlendFunc": {
                  "Src": 1,
                  "Dst": 771
                },
                "AnchorPoint": {
                  "ScaleX": 0.5,
                  "ScaleY": 0.5
                },
                "Position": {
                  "X": 36.3149,
                  "Y": 18.9976
                },
                "Scale": {
                  "ScaleX": 1.0,
                  "ScaleY": 1.0
                },
                "CColor": {},
                "IconVisible": false,
                "PrePosition": {
                  "X": 0.0,
                  "Y": 0.0
                },
                "PreSize": {
                  "X": 0.0,
                  "Y": 0.0
                },
                "LeftMargin": 17.3149,
                "RightMargin": -55.3149,
                "TopMargin": -37.9976,
                "BottomMargin": -0.0024,
                "Tag": 204,
                "ActionTag": 55295635,
                "Size": {
                  "X": 38.0,
                  "Y": 38.0
                },
                "Name": "fangzhu4",
                "ctype": "SpriteObjectData"
              }
            ],
            "ActionTag": -1444839505,
            "Size": {
              "X": 0.0,
              "Y": 0.0
            },
            "Name": "info4",
            "ctype": "SingleNodeObjectData"
          },
          {
            "AnchorPoint": {},
            "Position": {
              "X": 1006.8233,
              "Y": 9.2747
            },
            "Scale": {
              "ScaleX": 1.0,
              "ScaleY": 1.0
            },
            "CColor": {},
            "IconVisible": true,
            "PrePosition": {
              "X": 0.839,
              "Y": 0.0773
            },
            "PreSize": {
              "X": 0.0,
              "Y": 0.0
            },
            "LeftMargin": 1006.8233,
            "RightMargin": 193.1767,
            "TopMargin": 110.7253,
            "BottomMargin": 9.2747,
            "Tag": 1600,
            "Children": [
              {
                "IsCustomSize": true,
                "FontSize": 24,
                "LabelText": "名字最好了\n六个多多了",
                "OutlineColor": {
                  "G": 0,
                  "B": 0
                },
                "ShadowColor": {
                  "R": 110,
                  "G": 110,
                  "B": 110
                },
                "ShadowOffsetX": 2.0,
                "ShadowOffsetY": -2.0,
                "AnchorPoint": {
                  "ScaleY": 0.5
                },
                "Position": {
                  "X": 64.5927,
                  "Y": 65.2498
                },
                "Scale": {
                  "ScaleX": 1.0,
                  "ScaleY": 1.0
                },
                "CColor": {
                  "R": 124,
                  "G": 100,
                  "B": 100
                },
                "IconVisible": false,
                "PrePosition": {
                  "X": 0.0,
                  "Y": 0.0
                },
                "PreSize": {
                  "X": 0.0,
                  "Y": 0.0
                },
                "LeftMargin": 64.5927,
                "RightMargin": -189.5927,
                "TopMargin": -95.2498,
                "BottomMargin": 35.2498,
                "Tag": 1591,
                "ActionTag": -1695457354,
                "Size": {
                  "X": 125.0,
                  "Y": 60.0
                },
                "Name": "name5",
                "ctype": "TextObjectData"
              },
              {
                "FontSize": 24,
                "LabelText": "+12345",
                "VerticalAlignmentType": "VT_Center",
                "OutlineColor": {
                  "G": 0,
                  "B": 0
                },
                "ShadowColor": {
                  "R": 110,
                  "G": 110,
                  "B": 110
                },
                "ShadowOffsetX": 2.0,
                "ShadowOffsetY": -2.0,
                "AnchorPoint": {
                  "ScaleY": 0.5
                },
                "Position": {
                  "X": 64.5927,
                  "Y": 20.2481
                },
                "Scale": {
                  "ScaleX": 1.0,
                  "ScaleY": 1.0
                },
                "CColor": {
                  "R": 124,
                  "G": 100,
                  "B": 100
                },
                "IconVisible": false,
                "PrePosition": {
                  "X": 0.0,
                  "Y": 0.0
                },
                "PreSize": {
                  "X": 0.0,
                  "Y": 0.0
                },
                "LeftMargin": 64.5927,
                "RightMargin": -145.5927,
                "TopMargin": -34.2481,
                "BottomMargin": 6.2481,
                "Tag": 1592,
                "ActionTag": -1764261890,
                "Size": {
                  "X": 81.0,
                  "Y": 28.0
                },
                "Name": "score5",
                "ctype": "TextObjectData"
              },
              {
                "FileData": {
                  "Type": "Normal",
                  "Path": "image/ui/head/transparent_90x90.png",
                  "Plist": ""
                },
                "BlendFunc": {
                  "Src": 1,
                  "Dst": 771
                },
                "AnchorPoint": {
                  "ScaleX": 0.5,
                  "ScaleY": 0.5
                },
                "Position": {
                  "X": 14.5883,
                  "Y": 50.2474
                },
                "Scale": {
                  "ScaleX": 1.0,
                  "ScaleY": 1.0
                },
                "CColor": {},
                "IconVisible": false,
                "PrePosition": {
                  "X": 0.0,
                  "Y": 0.0
                },
                "PreSize": {
                  "X": 0.0,
                  "Y": 0.0
                },
                "LeftMargin": -26.4117,
                "RightMargin": -55.5883,
                "TopMargin": -91.2474,
                "BottomMargin": 9.2474,
                "Tag": 1593,
                "ActionTag": -1113978723,
                "Size": {
                  "X": 82.0,
                  "Y": 82.0
                },
                "Name": "head5",
                "ctype": "SpriteObjectData"
              },
              {
                "FileData": {
                  "Type": "Normal",
                  "Path": "image/ui/head/head_90x90.png",
                  "Plist": ""
                },
                "BlendFunc": {
                  "Src": 1,
                  "Dst": 771
                },
                "AnchorPoint": {
                  "ScaleX": 0.5,
                  "ScaleY": 0.5
                },
                "Position": {
                  "X": 14.5886,
                  "Y": 50.248
                },
                "Scale": {
                  "ScaleX": 1.0,
                  "ScaleY": 1.0
                },
                "CColor": {},
                "IconVisible": false,
                "PrePosition": {
                  "X": 0.0,
                  "Y": 0.0
                },
                "PreSize": {
                  "X": 0.0,
                  "Y": 0.0
                },
                "LeftMargin": -30.4114,
                "RightMargin": -59.5886,
                "TopMargin": -95.248,
                "BottomMargin": 5.248,
                "Tag": 1594,
                "ActionTag": -1266139891,
                "Size": {
                  "X": 90.0,
                  "Y": 90.0
                },
                "Name": "info5",
                "ctype": "SpriteObjectData"
              },
              {
                "FileData": {
                  "Type": "Normal",
                  "Path": "image/ui/history/history_fanghzu.png",
                  "Plist": ""
                },
                "BlendFunc": {
                  "Src": 1,
                  "Dst": 771
                },
                "AnchorPoint": {
                  "ScaleX": 0.5,
                  "ScaleY": 0.5
                },
                "Position": {
                  "X": 44.5871,
                  "Y": 20.2485
                },
                "Scale": {
                  "ScaleX": 1.0,
                  "ScaleY": 1.0
                },
                "CColor": {},
                "IconVisible": false,
                "PrePosition": {
                  "X": 0.0,
                  "Y": 0.0
                },
                "PreSize": {
                  "X": 0.0,
                  "Y": 0.0
                },
                "LeftMargin": 25.5871,
                "RightMargin": -63.5871,
                "TopMargin": -39.2485,
                "BottomMargin": 1.2485,
                "Tag": 1595,
                "ActionTag": -1487721279,
                "Size": {
                  "X": 38.0,
                  "Y": 38.0
                },
                "Name": "fangzhu5",
                "ctype": "SpriteObjectData"
              }
            ],
            "ActionTag": -2000757171,
            "Size": {
              "X": 0.0,
              "Y": 0.0
            },
            "Name": "info5",
            "ctype": "SingleNodeObjectData"
          }
        ],
        "Size": {
          "X": 1200.0,
          "Y": 120.0
        },
        "Name": "Layer",
        "ctype": "LayerObjectData"
      },
      "UsedResources": [
        "../../image/fonts/FZZY.TTF",
        "../../image/ui/head/head_90x90.png",
        "../../image/ui/head/transparent_90x90.png",
        "../../image/ui/history/history_cell.png",
        "../../image/ui/history/history_fanghzu.png",
        "../../image/ui/history/history_icon.png",
        "../../image/ui/history/twin.png"
      ],
      "ctype": "GameFileData"
    }
  },
  "Type": "Layer"
}