{
  "ID": "e371d36c-1560-4236-b519-9aa1db1d1b5e",
  "Version": "3.10.0.0",
  "Name": "HistoryDetailCell",
  "Content": {
    "Content": {
      "Animation": {
        "Duration": 0,
        "Speed": 1.0,
        "Timelines": [],
        "ctype": "TimelineActionData"
      },
      "AnimationList": [],
      "ObjectData": {
        "Tag": 90,
        "Children": [
          {
            "FileData": {
              "Type": "Normal",
              "Path": "image/ui/history/history_detailcell1.png",
              "Plist": ""
            },
            "Scale9Enable": true,
            "Scale9OriginX": 22,
            "Scale9OriginY": 22,
            "Scale9Width": 14,
            "Scale9Height": 14,
            "AnchorPoint": {
              "ScaleX": 0.5,
              "ScaleY": 0.5
            },
            "Position": {
              "X": 600.0,
              "Y": 40.0
            },
            "Scale": {
              "ScaleX": 1.0,
              "ScaleY": 1.0
            },
            "CColor": {},
            "IconVisible": false,
            "PositionPercentXEnabled": true,
            "PositionPercentYEnabled": true,
            "PrePosition": {
              "X": 0.5,
              "Y": 0.5
            },
            "PreSize": {
              "X": 0.9833,
              "Y": 0.875
            },
            "LeftMargin": 10.0,
            "RightMargin": 10.0,
            "TopMargin": 5.0,
            "BottomMargin": 5.0,
            "Tag": 686,
            "Children": [
              {
                "FontSize": 35,
                "LabelText": "100",
                "FontResource": {
                  "Type": "Normal",
                  "Path": "image/fonts/FZZY.TTF",
                  "Plist": ""
                },
                "HorizontalAlignmentType": "HT_Center",
                "VerticalAlignmentType": "VT_Center",
                "OutlineColor": {
                  "G": 0,
                  "B": 0
                },
                "ShadowColor": {
                  "R": 110,
                  "G": 110,
                  "B": 110
                },
                "ShadowOffsetX": 2.0,
                "ShadowOffsetY": -2.0,
                "AnchorPoint": {
                  "ScaleX": 0.5,
                  "ScaleY": 0.5
                },
                "Position": {
                  "X": 38.0,
                  "Y": 33.0
                },
                "Scale": {
                  "ScaleX": 1.0,
                  "ScaleY": 1.0
                },
                "CColor": {
                  "R": 171,
                  "G": 89,
                  "B": 52
                },
                "IconVisible": false,
                "PositionPercentYEnabled": true,
                "PrePosition": {
                  "X": 0.0322,
                  "Y": 0.4714
                },
                "PreSize": {
                  "X": 0.0441,
                  "Y": 0.5714
                },
                "LeftMargin": 12.0,
                "RightMargin": 1116.0,
                "TopMargin": 17.0,
                "BottomMargin": 13.0,
                "Tag": 389,
                "ActionTag": -1738941253,
                "Size": {
                  "X": 52.0,
                  "Y": 40.0
                },
                "Name": "txt_id",
                "ctype": "TextObjectData"
              },
              {
                "IsCustomSize": true,
                "FontSize": 30,
                "LabelText": "2016-07-08 14:40:070",
                "VerticalAlignmentType": "VT_Center",
                "OutlineColor": {
                  "G": 0,
                  "B": 0
                },
                "ShadowColor": {
                  "R": 110,
                  "G": 110,
                  "B": 110
                },
                "ShadowOffsetX": 2.0,
                "ShadowOffsetY": -2.0,
                "AnchorPoint": {
                  "ScaleX": 0.5,
                  "ScaleY": 0.5
                },
                "Position": {
                  "X": 232.0005,
                  "Y": 35.0
                },
                "Scale": {
                  "ScaleX": 1.0,
                  "ScaleY": 1.0
                },
                "CColor": {
                  "R": 121,
                  "G": 102,
                  "B": 67
                },
                "IconVisible": false,
                "PositionPercentYEnabled": true,
                "PrePosition": {
                  "X": 0.1966,
                  "Y": 0.5
                },
                "PreSize": {
                  "X": 0.2508,
                  "Y": 0.4857
                },
                "LeftMargin": 84.0005,
                "RightMargin": 799.9995,
                "TopMargin": 18.0,
                "BottomMargin": 18.0,
                "Tag": 29,
                "ActionTag": 2129696366,
                "Size": {
                  "X": 296.0,
                  "Y": 34.0
                },
                "Name": "txt_time",
                "ctype": "TextObjectData"
              },
              {
                "FontSize": 14,
                "ButtonText": "",
                "TextColor": {
                  "R": 65,
                  "G": 65,
                  "B": 70
                },
                "DisabledFileData": {
                  "Type": "Normal",
                  "Path": "image/ui/history/btshare.png",
                  "Plist": ""
                },
                "PressedFileData": {
                  "Type": "Normal",
                  "Path": "image/ui/history/btshare.png",
                  "Plist": ""
                },
                "NormalFileData": {
                  "Type": "Normal",
                  "Path": "image/ui/history/btshare.png",
                  "Plist": ""
                },
                "Scale9Enable": true,
                "Scale9OriginX": 15,
                "Scale9OriginY": 11,
                "Scale9Width": 70,
                "Scale9Height": 31,
                "OutlineColor": {
                  "G": 0,
                  "B": 0
                },
                "ShadowColor": {
                  "R": 110,
                  "G": 110,
                  "B": 110
                },
                "ShadowOffsetX": 2.0,
                "ShadowOffsetY": -2.0,
                "TouchEnable": true,
                "AnchorPoint": {
                  "ScaleX": 0.5,
                  "ScaleY": 0.5
                },
                "Position": {
                  "X": 1027.3867,
                  "Y": 32.0
                },
                "Scale": {
                  "ScaleX": 1.0,
                  "ScaleY": 1.0
                },
                "CColor": {},
                "IconVisible": false,
                "PrePosition": {
                  "X": 0.8707,
                  "Y": 0.4571
                },
                "PreSize": {
                  "X": 0.0847,
                  "Y": 0.7571
                },
                "LeftMargin": 977.3867,
                "RightMargin": 102.6133,
                "TopMargin": 11.5,
                "BottomMargin": 5.5,
                "Tag": 390,
                "ActionTag": 2066529180,
                "Size": {
                  "X": 100.0,
                  "Y": 53.0
                },
                "Name": "share",
                "ctype": "ButtonObjectData"
              },
              {
                "FontSize": 14,
                "ButtonText": "",
                "TextColor": {
                  "R": 65,
                  "G": 65,
                  "B": 70
                },
                "DisabledFileData": {
                  "Type": "Normal",
                  "Path": "image/ui/history/btReplay.png",
                  "Plist": ""
                },
                "PressedFileData": {
                  "Type": "Normal",
                  "Path": "image/ui/history/btReplay.png",
                  "Plist": ""
                },
                "NormalFileData": {
                  "Type": "Normal",
                  "Path": "image/ui/history/btReplay.png",
                  "Plist": ""
                },
                "Scale9Enable": true,
                "Scale9OriginX": 15,
                "Scale9OriginY": 11,
                "Scale9Width": 70,
                "Scale9Height": 31,
                "OutlineColor": {
                  "G": 0,
                  "B": 0
                },
                "ShadowColor": {
                  "R": 110,
                  "G": 110,
                  "B": 110
                },
                "ShadowOffsetX": 2.0,
                "ShadowOffsetY": -2.0,
                "TouchEnable": true,
                "AnchorPoint": {
                  "ScaleX": 0.5,
                  "ScaleY": 0.5
                },
                "Position": {
                  "X": 1130.3856,
                  "Y": 33.0001
                },
                "Scale": {
                  "ScaleX": 1.0,
                  "ScaleY": 1.0
                },
                "CColor": {},
                "IconVisible": false,
                "PrePosition": {
                  "X": 0.958,
                  "Y": 0.4714
                },
                "PreSize": {
                  "X": 0.0847,
                  "Y": 0.7571
                },
                "LeftMargin": 1080.3856,
                "RightMargin": -0.3856,
                "TopMargin": 10.4999,
                "BottomMargin": 6.5001,
                "Tag": 391,
                "ActionTag": -475171610,
                "Size": {
                  "X": 100.0,
                  "Y": 53.0
                },
                "Name": "huifang",
                "ctype": "ButtonObjectData"
              },
              {
                "FontSize": 30,
                "LabelText": "+123456",
                "VerticalAlignmentType": "VT_Center",
                "OutlineColor": {
                  "G": 0,
                  "B": 0
                },
                "ShadowColor": {
                  "R": 110,
                  "G": 110,
                  "B": 110
                },
                "ShadowOffsetX": 2.0,
                "ShadowOffsetY": -2.0,
                "AnchorPoint": {
                  "ScaleX": 0.5,
                  "ScaleY": 0.5
                },
                "Position": {
                  "X": 456.0018,
                  "Y": 35.0
                },
                "Scale": {
                  "ScaleX": 1.0,
                  "ScaleY": 1.0
                },
                "CColor": {
                  "R": 20,
                  "G": 118,
                  "B": 153
                },
                "IconVisible": false,
                "PositionPercentYEnabled": true,
                "PrePosition": {
                  "X": 0.3864,
                  "Y": 0.5
                },
                "PreSize": {
                  "X": 0.1,
                  "Y": 0.4857
                },
                "LeftMargin": 397.0018,
                "RightMargin": 664.9982,
                "TopMargin": 18.0,
                "BottomMargin": 18.0,
                "Tag": 5575,
                "ActionTag": -229547206,
                "Size": {
                  "X": 118.0,
                  "Y": 34.0
                },
                "Name": "score1",
                "ctype": "TextObjectData"
              },
              {
                "FontSize": 30,
                "LabelText": "+123456",
                "VerticalAlignmentType": "VT_Center",
                "OutlineColor": {
                  "G": 0,
                  "B": 0
                },
                "ShadowColor": {
                  "R": 110,
                  "G": 110,
                  "B": 110
                },
                "ShadowOffsetX": 2.0,
                "ShadowOffsetY": -2.0,
                "AnchorPoint": {
                  "ScaleX": 0.5,
                  "ScaleY": 0.5
                },
                "Position": {
                  "X": 744.6706,
                  "Y": 35.0
                },
                "Scale": {
                  "ScaleX": 1.0,
                  "ScaleY": 1.0
                },
                "CColor": {
                  "R": 20,
                  "G": 118,
                  "B": 153
                },
                "IconVisible": false,
                "PositionPercentYEnabled": true,
                "PrePosition": {
                  "X": 0.6311,
                  "Y": 0.5
                },
                "PreSize": {
                  "X": 0.1,
                  "Y": 0.4857
                },
                "LeftMargin": 685.6706,
                "RightMargin": 376.3294,
                "TopMargin": 18.0,
                "BottomMargin": 18.0,
                "Tag": 5573,
                "ActionTag": 2098003711,
                "Size": {
                  "X": 118.0,
                  "Y": 34.0
                },
                "Name": "score3",
                "ctype": "TextObjectData"
              },
              {
                "FontSize": 30,
                "LabelText": "+123456",
                "VerticalAlignmentType": "VT_Center",
                "OutlineColor": {
                  "G": 0,
                  "B": 0
                },
                "ShadowColor": {
                  "R": 110,
                  "G": 110,
                  "B": 110
                },
                "ShadowOffsetX": 2.0,
                "ShadowOffsetY": -2.0,
                "AnchorPoint": {
                  "ScaleX": 0.5,
                  "ScaleY": 0.5
                },
                "Position": {
                  "X": 600.3362,
                  "Y": 35.0
                },
                "Scale": {
                  "ScaleX": 1.0,
                  "ScaleY": 1.0
                },
                "CColor": {
                  "R": 121,
                  "G": 102,
                  "B": 67
                },
                "IconVisible": false,
                "PositionPercentYEnabled": true,
                "PrePosition": {
                  "X": 0.5088,
                  "Y": 0.5
                },
                "PreSize": {
                  "X": 0.1,
                  "Y": 0.4857
                },
                "LeftMargin": 541.3362,
                "RightMargin": 520.6638,
                "TopMargin": 18.0,
                "BottomMargin": 18.0,
                "Tag": 5571,
                "ActionTag": 1873507679,
                "Size": {
                  "X": 118.0,
                  "Y": 34.0
                },
                "Name": "score2",
                "ctype": "TextObjectData"
              },
              {
                "FontSize": 30,
                "LabelText": "+123456",
                "VerticalAlignmentType": "VT_Center",
                "OutlineColor": {
                  "G": 0,
                  "B": 0
                },
                "ShadowColor": {
                  "R": 110,
                  "G": 110,
                  "B": 110
                },
                "ShadowOffsetX": 2.0,
                "ShadowOffsetY": -2.0,
                "AnchorPoint": {
                  "ScaleX": 0.5,
                  "ScaleY": 0.5
                },
                "Position": {
                  "X": 889.005,
                  "Y": 35.0
                },
                "Scale": {
                  "ScaleX": 1.0,
                  "ScaleY": 1.0
                },
                "CColor": {
                  "R": 121,
                  "G": 102,
                  "B": 67
                },
                "IconVisible": false,
                "PositionPercentYEnabled": true,
                "PrePosition": {
                  "X": 0.7534,
                  "Y": 0.5
                },
                "PreSize": {
                  "X": 0.1,
                  "Y": 0.4857
                },
                "LeftMargin": 830.005,
                "RightMargin": 231.995,
                "TopMargin": 18.0,
                "BottomMargin": 18.0,
                "Tag": 364,
                "ActionTag": 920973551,
                "Size": {
                  "X": 118.0,
                  "Y": 34.0
                },
                "Name": "score4",
                "ctype": "TextObjectData"
              }
            ],
            "ActionTag": -167608706,
            "Size": {
              "X": 1180.0,
              "Y": 70.0
            },
            "Name": "bg_cell",
            "ctype": "ImageViewObjectData"
          }
        ],
        "Size": {
          "X": 1200.0,
          "Y": 80.0
        },
        "Name": "Layer",
        "ctype": "LayerObjectData"
      },
      "UsedResources": [
        "../../image/fonts/FZZY.TTF",
        "../../image/ui/history/btReplay.png",
        "../../image/ui/history/btshare.png",
        "../../image/ui/history/history_detailcell1.png"
      ],
      "ctype": "GameFileData"
    }
  },
  "Type": "Layer"
}