{"skeleton":{"hash":"oVbKB9wXCjO78DND0+6OgyvAd8s","spine":"3.6.38","width":0,"height":0,"images":"./images/"},"bones":[{"name":"root"},{"name":"guang","parent":"root"}],"slots":[{"name":"xuanwo/1_00000","bone":"root"},{"name":"guang/2_00001","bone":"guang","blend":"additive"}],"skins":{"default":{"guang/2_00001":{"guang/2_00001":{"width":150,"height":150},"guang/2_00002":{"width":150,"height":150},"guang/2_00003":{"width":150,"height":150},"guang/2_00004":{"width":150,"height":150},"guang/2_00005":{"width":150,"height":150},"guang/2_00006":{"width":150,"height":150},"guang/2_00007":{"width":150,"height":150}},"xuanwo/1_00000":{"xuanwo/1":{"width":150,"height":150},"xuanwo/2":{"width":150,"height":150},"xuanwo/3":{"width":150,"height":150},"xuanwo/4":{"width":150,"height":150},"xuanwo/5":{"width":150,"height":150},"xuanwo/6":{"width":150,"height":150},"xuanwo/7":{"width":150,"height":150},"xuanwo/8":{"width":150,"height":150},"xuanwo/9":{"width":150,"height":150},"xuanwo/10":{"width":150,"height":150},"xuanwo/11":{"width":150,"height":150},"xuanwo/12":{"width":150,"height":150},"xuanwo/13":{"width":150,"height":150},"xuanwo/14":{"width":150,"height":150},"xuanwo/15":{"width":150,"height":150},"xuanwo/16":{"width":150,"height":150},"xuanwo/17":{"width":150,"height":150},"xuanwo/18":{"width":150,"height":150},"xuanwo/19":{"width":150,"height":150},"xuanwo/20":{"width":150,"height":150}}}},"animations":{"xuanwo":{"slots":{"guang/2_00001":{"color":[{"time":1.5,"color":"ffffff00","curve":[0.25,0,0.75,1]},{"time":1.6,"color":"fffffffe","curve":[0.25,0,0.75,1]},{"time":1.8333,"color":"ffffffa2","curve":[0.25,0,0.75,1]},{"time":1.9667,"color":"ffffff00"}],"attachment":[{"time":1.5,"name":null},{"time":1.5667,"name":"guang/2_00002"},{"time":1.6333,"name":"guang/2_00003"},{"time":1.7,"name":"guang/2_00004"},{"time":1.7667,"name":"guang/2_00005"},{"time":1.8333,"name":"guang/2_00006"},{"time":1.9,"name":"guang/2_00007"}]},"xuanwo/1_00000":{"attachment":[{"time":0,"name":"xuanwo/1"},{"time":0.1,"name":"xuanwo/2"},{"time":0.2,"name":"xuanwo/3"},{"time":0.3,"name":"xuanwo/4"},{"time":0.4,"name":"xuanwo/5"},{"time":0.5,"name":"xuanwo/6"},{"time":0.6,"name":"xuanwo/7"},{"time":0.7,"name":"xuanwo/8"},{"time":0.8,"name":"xuanwo/9"},{"time":0.9,"name":"xuanwo/10"},{"time":1,"name":"xuanwo/11"},{"time":1.1,"name":"xuanwo/12"},{"time":1.2,"name":"xuanwo/13"},{"time":1.3,"name":"xuanwo/14"},{"time":1.4,"name":"xuanwo/15"},{"time":1.5,"name":"xuanwo/16"},{"time":1.6,"name":"xuanwo/17"},{"time":1.7,"name":"xuanwo/18"},{"time":1.8,"name":"xuanwo/19"},{"time":1.9,"name":"xuanwo/20"}]}},"bones":{"guang":{"rotate":[{"time":1.8333,"angle":-0.05}]}}},"xuanwo2":{"slots":{"guang/2_00001":{"color":[{"time":0,"color":"ffffff00"},{"time":0.1,"color":"ffffffcf","curve":"stepped"},{"time":0.3,"color":"ffffffcf"},{"time":0.4667,"color":"ffffff00"}],"attachment":[{"time":0,"name":"guang/2_00001"},{"time":0.0667,"name":"guang/2_00002"},{"time":0.1333,"name":"guang/2_00003"},{"time":0.2,"name":"guang/2_00004"},{"time":0.2667,"name":"guang/2_00005"},{"time":0.3333,"name":"guang/2_00006"},{"time":0.4,"name":"guang/2_00007"}]},"xuanwo/1_00000":{"color":[{"time":0,"color":"ffffffff"},{"time":0.2667,"color":"ffffff00"}],"attachment":[{"time":0,"name":"xuanwo/14"},{"time":0.0667,"name":"xuanwo/15"},{"time":0.1333,"name":"xuanwo/16"},{"time":0.2,"name":"xuanwo/17"},{"time":0.2667,"name":"xuanwo/18"},{"time":0.3333,"name":"xuanwo/19"},{"time":0.4,"name":"xuanwo/20"}]}},"bones":{"guang":{"rotate":[{"time":0,"angle":-0.1}]}}}}}