{
  "ID": "a2ee0952-26b5-49ae-8bf9-4f1d6279b798",
  "Version": "2.3.4",
  "Name": "AnimMic",
  "Content": {
    "Content": {
      "Animation": {
        "Duration": 6,
        "Speed": 0.0833,
        "ActivedAnimationName": "action",
        "Timelines": [
          {
            "ActionTag": 1200058934,
            "Property": "Alpha",
            "Frames": [
              {
                "Value": 0,
                "FrameIndex": 0,
                "EasingData": {
                  "Type": 0
                },
                "ctype": "IntFrameData"
              },
              {
                "Value": 0,
                "FrameIndex": 5,
                "EasingData": {
                  "Type": 0
                },
                "ctype": "IntFrameData"
              },
              {
                "Value": 255,
                "FrameIndex": 6,
                "EasingData": {
                  "Type": 0
                },
                "ctype": "IntFrameData"
              }
            ],
            "ctype": "TimelineData"
          },
          {
            "ActionTag": 1931222620,
            "Property": "Alpha",
            "Frames": [
              {
                "Value": 0,
                "FrameIndex": 0,
                "EasingData": {
                  "Type": 0
                },
                "ctype": "IntFrameData"
              },
              {
                "Value": 0,
                "FrameIndex": 4,
                "EasingData": {
                  "Type": 0
                },
                "ctype": "IntFrameData"
              },
              {
                "Value": 255,
                "FrameIndex": 5,
                "EasingData": {
                  "Type": 0
                },
                "ctype": "IntFrameData"
              }
            ],
            "ctype": "TimelineData"
          },
          {
            "ActionTag": 1369019351,
            "Property": "Alpha",
            "Frames": [
              {
                "Value": 0,
                "FrameIndex": 0,
                "EasingData": {
                  "Type": 0
                },
                "ctype": "IntFrameData"
              },
              {
                "Value": 0,
                "FrameIndex": 3,
                "EasingData": {
                  "Type": 0
                },
                "ctype": "IntFrameData"
              },
              {
                "Value": 255,
                "FrameIndex": 4,
                "EasingData": {
                  "Type": 0
                },
                "ctype": "IntFrameData"
              }
            ],
            "ctype": "TimelineData"
          },
          {
            "ActionTag": -1392837720,
            "Property": "Alpha",
            "Frames": [
              {
                "Value": 0,
                "FrameIndex": 0,
                "EasingData": {
                  "Type": 0
                },
                "ctype": "IntFrameData"
              },
              {
                "Value": 0,
                "FrameIndex": 2,
                "EasingData": {
                  "Points": [
                    {
                      "X": 0.0,
                      "Y": 0.0
                    },
                    {
                      "X": 0.0,
                      "Y": 0.0
                    },
                    {
                      "X": 1.0,
                      "Y": 1.0
                    },
                    {
                      "X": 1.0,
                      "Y": 1.0
                    }
                  ],
                  "Type": -1
                },
                "ctype": "IntFrameData"
              },
              {
                "Value": 255,
                "FrameIndex": 3,
                "EasingData": {
                  "Type": 0
                },
                "ctype": "IntFrameData"
              }
            ],
            "ctype": "TimelineData"
          },
          {
            "ActionTag": 816331466,
            "Property": "Alpha",
            "Frames": [
              {
                "Value": 0,
                "FrameIndex": 0,
                "EasingData": {
                  "Type": 0
                },
                "ctype": "IntFrameData"
              },
              {
                "Value": 0,
                "FrameIndex": 1,
                "EasingData": {
                  "Type": 0
                },
                "ctype": "IntFrameData"
              },
              {
                "Value": 255,
                "FrameIndex": 2,
                "EasingData": {
                  "Type": 0
                },
                "ctype": "IntFrameData"
              }
            ],
            "ctype": "TimelineData"
          },
          {
            "ActionTag": 1626566584,
            "Property": "Alpha",
            "Frames": [
              {
                "Value": 0,
                "FrameIndex": 0,
                "EasingData": {
                  "Type": 0
                },
                "ctype": "IntFrameData"
              },
              {
                "Value": 255,
                "FrameIndex": 1,
                "EasingData": {
                  "Type": 0
                },
                "ctype": "IntFrameData"
              }
            ],
            "ctype": "TimelineData"
          }
        ],
        "ctype": "TimelineActionData"
      },
      "AnimationList": [
        {
          "StartIndex": 0,
          "EndIndex": 6,
          "Name": "action",
          "ctype": "AnimationInfoData"
        }
      ],
      "ObjectData": {
        "Children": [
          {
            "FileData": {
              "Type": "Normal",
              "Path": "image/ui/room/sp_dibu.png",
              "Plist": ""
            },
            "BlendFunc": {
              "Src": 1,
              "Dst": 771
            },
            "AnchorPoint": {
              "ScaleX": 0.5,
              "ScaleY": 0.5
            },
            "Position": {
              "X": 648.4841,
              "Y": 364.5164
            },
            "Scale": {
              "ScaleX": 1.0,
              "ScaleY": 1.0
            },
            "CColor": {},
            "IconVisible": false,
            "PrePosition": {
              "X": 0.5066,
              "Y": 0.5063
            },
            "PreSize": {
              "X": 0.2031,
              "Y": 0.3597
            },
            "LeftMargin": 518.4841,
            "RightMargin": 501.5159,
            "TopMargin": 225.9836,
            "BottomMargin": 235.0164,
            "Tag": 11,
            "ActionTag": -1012539816,
            "Size": {
              "X": 260.0,
              "Y": 259.0
            },
            "Name": "dikuang_3",
            "ctype": "SpriteObjectData"
          },
          {
            "FileData": {
              "Type": "Normal",
              "Path": "image/ui/anim/mic/a.png",
              "Plist": ""
            },
            "BlendFunc": {
              "Src": 1,
              "Dst": 771
            },
            "AnchorPoint": {
              "ScaleX": 0.5,
              "ScaleY": 0.5
            },
            "Position": {
              "X": 701.7444,
              "Y": 433.5145
            },
            "Scale": {
              "ScaleX": 1.0,
              "ScaleY": 1.0
            },
            "CColor": {},
            "IconVisible": false,
            "PrePosition": {
              "X": 0.5482,
              "Y": 0.6021
            },
            "PreSize": {
              "X": 0.0305,
              "Y": 0.0167
            },
            "LeftMargin": 682.2444,
            "RightMargin": 558.7556,
            "TopMargin": 280.4855,
            "BottomMargin": 427.5145,
            "Tag": 9,
            "ActionTag": 1200058934,
            "Size": {
              "X": 39.0,
              "Y": 12.0
            },
            "Alpha": 0,
            "Name": "a_1",
            "ctype": "SpriteObjectData"
          },
          {
            "FileData": {
              "Type": "Normal",
              "Path": "image/ui/anim/mic/b.png",
              "Plist": ""
            },
            "BlendFunc": {
              "Src": 1,
              "Dst": 771
            },
            "AnchorPoint": {
              "ScaleX": 0.5,
              "ScaleY": 0.5
            },
            "Position": {
              "X": 701.7427,
              "Y": 415.3145
            },
            "Scale": {
              "ScaleX": 1.0,
              "ScaleY": 1.0
            },
            "CColor": {},
            "IconVisible": false,
            "PrePosition": {
              "X": 0.5482,
              "Y": 0.5768
            },
            "PreSize": {
              "X": 0.0305,
              "Y": 0.0167
            },
            "LeftMargin": 682.2427,
            "RightMargin": 558.7573,
            "TopMargin": 298.6855,
            "BottomMargin": 409.3145,
            "Tag": 10,
            "ActionTag": 1931222620,
            "Size": {
              "X": 39.0,
              "Y": 12.0
            },
            "Alpha": 0,
            "Name": "b_2",
            "ctype": "SpriteObjectData"
          },
          {
            "FileData": {
              "Type": "Normal",
              "Path": "image/ui/anim/mic/c.png",
              "Plist": ""
            },
            "BlendFunc": {
              "Src": 1,
              "Dst": 771
            },
            "AnchorPoint": {
              "ScaleX": 0.5,
              "ScaleY": 0.5
            },
            "Position": {
              "X": 701.7444,
              "Y": 397.765
            },
            "Scale": {
              "ScaleX": 1.0,
              "ScaleY": 1.0
            },
            "CColor": {},
            "IconVisible": false,
            "PrePosition": {
              "X": 0.5482,
              "Y": 0.5525
            },
            "PreSize": {
              "X": 0.0305,
              "Y": 0.0167
            },
            "LeftMargin": 682.2444,
            "RightMargin": 558.7556,
            "TopMargin": 316.235,
            "BottomMargin": 391.765,
            "Tag": 11,
            "ActionTag": 1369019351,
            "Size": {
              "X": 39.0,
              "Y": 12.0
            },
            "Alpha": 0,
            "Name": "c_3",
            "ctype": "SpriteObjectData"
          },
          {
            "FileData": {
              "Type": "Normal",
              "Path": "image/ui/anim/mic/d.png",
              "Plist": ""
            },
            "BlendFunc": {
              "Src": 1,
              "Dst": 771
            },
            "AnchorPoint": {
              "ScaleX": 0.5,
              "ScaleY": 0.5
            },
            "Position": {
              "X": 701.7444,
              "Y": 379.905
            },
            "Scale": {
              "ScaleX": 1.0,
              "ScaleY": 1.0
            },
            "CColor": {},
            "IconVisible": false,
            "PrePosition": {
              "X": 0.5482,
              "Y": 0.5276
            },
            "PreSize": {
              "X": 0.0305,
              "Y": 0.0167
            },
            "LeftMargin": 682.2444,
            "RightMargin": 558.7556,
            "TopMargin": 334.095,
            "BottomMargin": 373.905,
            "Tag": 12,
            "ActionTag": -1392837720,
            "Size": {
              "X": 39.0,
              "Y": 12.0
            },
            "Alpha": 0,
            "Name": "d_4",
            "ctype": "SpriteObjectData"
          },
          {
            "FileData": {
              "Type": "Normal",
              "Path": "image/ui/anim/mic/e.png",
              "Plist": ""
            },
            "BlendFunc": {
              "Src": 1,
              "Dst": 771
            },
            "AnchorPoint": {
              "ScaleX": 0.5,
              "ScaleY": 0.5
            },
            "Position": {
              "X": 701.7444,
              "Y": 361.7352
            },
            "Scale": {
              "ScaleX": 1.0,
              "ScaleY": 1.0
            },
            "CColor": {},
            "IconVisible": false,
            "PrePosition": {
              "X": 0.5482,
              "Y": 0.5024
            },
            "PreSize": {
              "X": 0.0305,
              "Y": 0.0167
            },
            "LeftMargin": 682.2444,
            "RightMargin": 558.7556,
            "TopMargin": 352.2648,
            "BottomMargin": 355.7352,
            "Tag": 13,
            "ActionTag": 816331466,
            "Size": {
              "X": 39.0,
              "Y": 12.0
            },
            "Alpha": 0,
            "Name": "e_5",
            "ctype": "SpriteObjectData"
          },
          {
            "FileData": {
              "Type": "Normal",
              "Path": "image/ui/anim/mic/f.png",
              "Plist": ""
            },
            "BlendFunc": {
              "Src": 1,
              "Dst": 771
            },
            "AnchorPoint": {
              "ScaleX": 0.5,
              "ScaleY": 0.5
            },
            "Position": {
              "X": 701.7444,
              "Y": 343.785
            },
            "Scale": {
              "ScaleX": 1.0,
              "ScaleY": 1.0
            },
            "CColor": {},
            "IconVisible": false,
            "PrePosition": {
              "X": 0.5482,
              "Y": 0.4775
            },
            "PreSize": {
              "X": 0.0305,
              "Y": 0.0167
            },
            "LeftMargin": 682.2444,
            "RightMargin": 558.7556,
            "TopMargin": 370.215,
            "BottomMargin": 337.785,
            "Tag": 14,
            "ActionTag": 1626566584,
            "Size": {
              "X": 39.0,
              "Y": 12.0
            },
            "Alpha": 0,
            "Name": "f_6",
            "ctype": "SpriteObjectData"
          },
          {
            "FileData": {
              "Type": "Normal",
              "Path": "image/ui/anim/mic/g.png",
              "Plist": ""
            },
            "BlendFunc": {
              "Src": 1,
              "Dst": 771
            },
            "AnchorPoint": {
              "ScaleX": 0.5,
              "ScaleY": 0.5
            },
            "Position": {
              "X": 701.7444,
              "Y": 325.6743
            },
            "Scale": {
              "ScaleX": 1.0,
              "ScaleY": 1.0
            },
            "CColor": {},
            "IconVisible": false,
            "PrePosition": {
              "X": 0.5482,
              "Y": 0.4523
            },
            "PreSize": {
              "X": 0.0305,
              "Y": 0.0167
            },
            "LeftMargin": 682.2444,
            "RightMargin": 558.7556,
            "TopMargin": 388.3257,
            "BottomMargin": 319.6743,
            "Tag": 15,
            "ActionTag": 691606141,
            "Size": {
              "X": 39.0,
              "Y": 12.0
            },
            "Name": "g_7",
            "ctype": "SpriteObjectData"
          },
          {
            "FileData": {
              "Type": "Normal",
              "Path": "image/ui/anim/mic/txt.png",
              "Plist": ""
            },
            "BlendFunc": {
              "Src": 1,
              "Dst": 771
            },
            "AnchorPoint": {
              "ScaleX": 0.5,
              "ScaleY": 0.5
            },
            "Position": {
              "X": 650.5009,
              "Y": 265.3716
            },
            "Scale": {
              "ScaleX": 1.0,
              "ScaleY": 1.0
            },
            "CColor": {},
            "IconVisible": false,
            "PrePosition": {
              "X": 0.5082,
              "Y": 0.3686
            },
            "PreSize": {
              "X": 0.1703,
              "Y": 0.0333
            },
            "LeftMargin": 541.5009,
            "RightMargin": 520.4991,
            "TopMargin": 442.6284,
            "BottomMargin": 253.3716,
            "Tag": 10,
            "ActionTag": -2026038713,
            "Size": {
              "X": 218.0,
              "Y": 24.0
            },
            "Name": "txt_2",
            "ctype": "SpriteObjectData"
          },
          {
            "FileData": {
              "Type": "Normal",
              "Path": "image/ui/anim/mic/huatongicon.png",
              "Plist": ""
            },
            "BlendFunc": {
              "Src": 1,
              "Dst": 771
            },
            "AnchorPoint": {
              "ScaleX": 0.5,
              "ScaleY": 0.5
            },
            "Position": {
              "X": 609.0569,
              "Y": 380.4061
            },
            "Scale": {
              "ScaleX": 1.0,
              "ScaleY": 1.0
            },
            "CColor": {},
            "IconVisible": false,
            "PrePosition": {
              "X": 0.4758,
              "Y": 0.5283
            },
            "PreSize": {
              "X": 0.0562,
              "Y": 0.1708
            },
            "LeftMargin": 573.0569,
            "RightMargin": 634.9431,
            "TopMargin": 278.0939,
            "BottomMargin": 318.9061,
            "Tag": 12,
            "ActionTag": -1856898250,
            "Size": {
              "X": 72.0,
              "Y": 123.0
            },
            "Name": "huatongicon_4",
            "ctype": "SpriteObjectData"
          }
        ],
        "Size": {
          "X": 960.0,
          "Y": 640.0
        },
        "Name": "Scene",
        "ctype": "SingleNodeObjectData"
      },
      "UsedResources": [
        "../../image/ui/anim/mic/a.png",
        "../../image/ui/anim/mic/b.png",
        "../../image/ui/anim/mic/c.png",
        "../../image/ui/anim/mic/d.png",
        "../../image/ui/anim/mic/e.png",
        "../../image/ui/anim/mic/f.png",
        "../../image/ui/anim/mic/g.png",
        "../../image/ui/anim/mic/huatongicon.png",
        "../../image/ui/anim/mic/txt.png",
        "../../image/ui/room/sp_dibu.png"
      ],
      "ctype": "GameFileData"
    }
  },
  "Type": "Scene"
}