{
  "ID": "7a42fd4e-be63-4c4e-b9eb-c6b701de1f5d",
  "Version": "2.3.4",
  "Name": "CreateRoom",
  "Content": {
    "Content": {
      "Animation": {
        "Duration": 0,
        "Speed": 1.0,
        "Timelines": [],
        "ctype": "TimelineActionData"
      },
      "AnimationList": [],
      "ObjectData": {
        "Children": [
          {
            "ClipAble": false,
            "BackColorAlpha": 127,
            "ComboBoxIndex": 1,
            "SingleColor": {
              "R": 0,
              "G": 0,
              "B": 0
            },
            "FirstColor": {
              "R": 150,
              "G": 200
            },
            "EndColor": {},
            "ColorVector": {
              "ScaleY": 1.0
            },
            "Scale9Width": 1,
            "Scale9Height": 1,
            "TouchEnable": true,
            "AnchorPoint": {},
            "Position": {
              "X": 0.0,
              "Y": 0.0
            },
            "Scale": {
              "ScaleX": 1.0,
              "ScaleY": 1.0
            },
            "CColor": {},
            "IconVisible": false,
            "PrePosition": {
              "X": 0.0,
              "Y": 0.0
            },
            "PreSize": {
              "X": 1.0,
              "Y": 1.0
            },
            "Tag": 332,
            "Children": [
              {
                "FileData": {
                  "Type": "Normal",
                  "Path": "image/ui/common/common_bg1.png",
                  "Plist": ""
                },
                "Scale9Enable": true,
                "Scale9OriginX": 65,
                "Scale9OriginY": 230,
                "Scale9Width": 67,
                "Scale9Height": 237,
                "AnchorPoint": {
                  "ScaleX": 0.5,
                  "ScaleY": 0.5
                },
                "Position": {
                  "X": 640.0,
                  "Y": 321.9998
                },
                "Scale": {
                  "ScaleX": 1.0,
                  "ScaleY": 1.0
                },
                "CColor": {},
                "IconVisible": false,
                "PositionPercentXEnabled": true,
                "PrePosition": {
                  "X": 0.5,
                  "Y": 0.4472
                },
                "PreSize": {
                  "X": 0.9766,
                  "Y": 0.9028
                },
                "LeftMargin": 15.0,
                "RightMargin": 15.0,
                "TopMargin": 73.0002,
                "BottomMargin": -3.0002,
                "Tag": 160,
                "ActionTag": -1610679341,
                "Size": {
                  "X": 1250.0,
                  "Y": 650.0
                },
                "VisibleForFrame": false,
                "Name": "Image_6",
                "ctype": "ImageViewObjectData"
              },
              {
                "FileData": {
                  "Type": "Normal",
                  "Path": "image/ui/common/commom_title_bg.png",
                  "Plist": ""
                },
                "BlendFunc": {
                  "Src": 1,
                  "Dst": 771
                },
                "AnchorPoint": {
                  "ScaleX": 0.5,
                  "ScaleY": 0.5
                },
                "Position": {
                  "X": 640.0,
                  "Y": 669.024
                },
                "Scale": {
                  "ScaleX": 1.0,
                  "ScaleY": 1.0
                },
                "CColor": {},
                "IconVisible": false,
                "PositionPercentXEnabled": true,
                "PositionPercentYEnabled": true,
                "PrePosition": {
                  "X": 0.5,
                  "Y": 0.9292
                },
                "PreSize": {
                  "X": 0.975,
                  "Y": 0.1222
                },
                "LeftMargin": 16.0,
                "RightMargin": 16.0,
                "TopMargin": 6.976,
                "BottomMargin": 625.024,
                "Tag": 335,
                "ActionTag": -279933419,
                "Size": {
                  "X": 1248.0,
                  "Y": 88.0
                },
                "VisibleForFrame": false,
                "Name": "Sprite_1_0",
                "ctype": "SpriteObjectData"
              },
              {
                "FileData": {
                  "Type": "Normal",
                  "Path": "image/ui/room2/bg_big.jpg",
                  "Plist": ""
                },
                "BlendFunc": {
                  "Src": 770,
                  "Dst": 771
                },
                "AnchorPoint": {
                  "ScaleX": 0.5,
                  "ScaleY": 0.5
                },
                "Position": {
                  "X": 640.0,
                  "Y": 360.0
                },
                "Scale": {
                  "ScaleX": 1.0,
                  "ScaleY": 1.0
                },
                "CColor": {},
                "IconVisible": false,
                "PrePosition": {
                  "X": 0.5,
                  "Y": 0.5
                },
                "PreSize": {
                  "X": 1.0,
                  "Y": 1.0
                },
                "Tag": 381,
                "ActionTag": -231038767,
                "Size": {
                  "X": 1280.0,
                  "Y": 720.0
                },
                "Name": "bg",
                "ctype": "SpriteObjectData"
              },
              {
                "FileData": {
                  "Type": "Normal",
                  "Path": "image/ui/room2/bg_left.png",
                  "Plist": ""
                },
                "BlendFunc": {
                  "Src": 1,
                  "Dst": 771
                },
                "AnchorPoint": {
                  "ScaleX": 0.5,
                  "ScaleY": 0.5
                },
                "Position": {
                  "X": 151.025,
                  "Y": 318.313
                },
                "Scale": {
                  "ScaleX": 1.0,
                  "ScaleY": 1.0
                },
                "CColor": {},
                "IconVisible": false,
                "PrePosition": {
                  "X": 0.118,
                  "Y": 0.4421
                },
                "PreSize": {
                  "X": 0.2242,
                  "Y": 0.8472
                },
                "LeftMargin": 7.525,
                "RightMargin": 985.475,
                "TopMargin": 96.687,
                "BottomMargin": 13.313,
                "Tag": 382,
                "ActionTag": 1563154665,
                "Size": {
                  "X": 287.0,
                  "Y": 610.0
                },
                "Name": "bg_left",
                "ctype": "SpriteObjectData"
              },
              {
                "FileData": {
                  "Type": "Normal",
                  "Path": "image/ui/title/title_createroom.png",
                  "Plist": ""
                },
                "BlendFunc": {
                  "Src": 1,
                  "Dst": 771
                },
                "AnchorPoint": {
                  "ScaleX": 0.5,
                  "ScaleY": 0.5
                },
                "Position": {
                  "X": 153.6,
                  "Y": 669.744
                },
                "Scale": {
                  "ScaleX": 1.0,
                  "ScaleY": 1.0
                },
                "CColor": {},
                "IconVisible": false,
                "PositionPercentXEnabled": true,
                "PositionPercentYEnabled": true,
                "PrePosition": {
                  "X": 0.12,
                  "Y": 0.9302
                },
                "PreSize": {
                  "X": 0.2219,
                  "Y": 0.1389
                },
                "LeftMargin": 11.6,
                "RightMargin": 984.4,
                "TopMargin": 0.256,
                "BottomMargin": 619.744,
                "Tag": 100,
                "ActionTag": 1676507983,
                "Size": {
                  "X": 284.0,
                  "Y": 100.0
                },
                "Name": "room_createroom_5",
                "ctype": "SpriteObjectData"
              },
              {
                "FileData": {
                  "Type": "Normal",
                  "Path": "image/ui/common/commom_bg2.png",
                  "Plist": ""
                },
                "Scale9Enable": true,
                "Scale9OriginX": 58,
                "Scale9OriginY": 36,
                "Scale9Width": 1,
                "Scale9Height": 504,
                "AnchorPoint": {
                  "ScaleY": 1.0
                },
                "Position": {
                  "X": 281.216,
                  "Y": 621.0331
                },
                "Scale": {
                  "ScaleX": 1.0,
                  "ScaleY": 1.0
                },
                "CColor": {},
                "IconVisible": false,
                "PositionPercentXEnabled": true,
                "PrePosition": {
                  "X": 0.2197,
                  "Y": 0.8625
                },
                "PreSize": {
                  "X": 0.75,
                  "Y": 0.8333
                },
                "LeftMargin": 281.216,
                "RightMargin": 38.7839,
                "TopMargin": 98.9669,
                "BottomMargin": 21.0331,
                "Tag": 337,
                "ActionTag": 2010050763,
                "Size": {
                  "X": 960.0,
                  "Y": 600.0
                },
                "VisibleForFrame": false,
                "Name": "Image_2",
                "ctype": "ImageViewObjectData"
              }
            ],
            "ActionTag": 912994875,
            "Size": {
              "X": 1280.0,
              "Y": 720.0
            },
            "Name": "bg_panel",
            "ctype": "PanelObjectData"
          },
          {
            "FileData": {
              "Type": "Normal",
              "Path": "image/ui/room2/btn_create2.png",
              "Plist": ""
            },
            "BlendFunc": {
              "Src": 1,
              "Dst": 771
            },
            "AnchorPoint": {
              "ScaleX": 0.5,
              "ScaleY": 0.5
            },
            "Position": {
              "X": 1126.4,
              "Y": 58.0
            },
            "Scale": {
              "ScaleX": 0.9,
              "ScaleY": 0.9
            },
            "CColor": {},
            "IconVisible": false,
            "PositionPercentXEnabled": true,
            "PrePosition": {
              "X": 0.88,
              "Y": 0.0806
            },
            "PreSize": {
              "X": 0.2102,
              "Y": 0.1444
            },
            "LeftMargin": 991.9,
            "RightMargin": 19.1,
            "TopMargin": 610.0,
            "BottomMargin": 6.0,
            "Tag": 182,
            "ActionTag": 931623269,
            "Size": {
              "X": 269.0,
              "Y": 104.0
            },
            "Name": "btn_create",
            "ctype": "SpriteObjectData"
          },
          {
            "FileData": {
              "Type": "Normal",
              "Path": "appCommon/fydp/common/room_close.png",
              "Plist": ""
            },
            "BlendFunc": {
              "Src": 1,
              "Dst": 771
            },
            "AnchorPoint": {
              "ScaleX": 0.5,
              "ScaleY": 0.5
            },
            "Position": {
              "X": 1195.4535,
              "Y": 672.7274
            },
            "Scale": {
              "ScaleX": 1.0,
              "ScaleY": 1.0
            },
            "CColor": {},
            "IconVisible": false,
            "PrePosition": {
              "X": 0.9339,
              "Y": 0.9343
            },
            "PreSize": {
              "X": 0.0672,
              "Y": 0.1167
            },
            "LeftMargin": 1152.4535,
            "RightMargin": 41.5465,
            "TopMargin": 5.2726,
            "BottomMargin": 630.7274,
            "Tag": 202,
            "ActionTag": 475826977,
            "Size": {
              "X": 86.0,
              "Y": 84.0
            },
            "Name": "btn_back",
            "ctype": "SpriteObjectData"
          },
          {
            "FileData": {
              "Type": "Normal",
              "Path": "image/ui/common/bg_black.png",
              "Plist": ""
            },
            "Scale9Enable": true,
            "Scale9OriginX": 25,
            "Scale9OriginY": 24,
            "Scale9Width": 26,
            "Scale9Height": 25,
            "AnchorPoint": {
              "ScaleX": 0.5,
              "ScaleY": 0.5
            },
            "Position": {
              "X": 154.7481,
              "Y": 322.1976
            },
            "Scale": {
              "ScaleX": 1.0,
              "ScaleY": 1.0
            },
            "CColor": {},
            "IconVisible": false,
            "PrePosition": {
              "X": 0.1209,
              "Y": 0.4475
            },
            "PreSize": {
              "X": 0.1875,
              "Y": 0.8333
            },
            "LeftMargin": 34.7481,
            "RightMargin": 1005.2519,
            "TopMargin": 97.8024,
            "BottomMargin": 22.1976,
            "Tag": 161,
            "ActionTag": 1873504466,
            "Size": {
              "X": 240.0,
              "Y": 600.0
            },
            "VisibleForFrame": false,
            "Name": "list_bg",
            "ctype": "ImageViewObjectData"
          },
          {
            "AnchorPoint": {},
            "Position": {
              "X": 26.2191,
              "Y": 18.3531
            },
            "Scale": {
              "ScaleX": 1.0,
              "ScaleY": 1.0
            },
            "CColor": {},
            "IconVisible": true,
            "PrePosition": {
              "X": 0.0205,
              "Y": 0.0255
            },
            "PreSize": {
              "X": 0.0,
              "Y": 0.0
            },
            "LeftMargin": 26.2191,
            "RightMargin": 1253.7809,
            "TopMargin": 701.6469,
            "BottomMargin": 18.3531,
            "Tag": 402,
            "ActionTag": -1750922557,
            "Size": {
              "X": 0.0,
              "Y": 0.0
            },
            "Name": "tab_list",
            "ctype": "SingleNodeObjectData"
          },
          {
            "AnchorPoint": {},
            "Position": {
              "X": 0.0,
              "Y": 0.0
            },
            "Scale": {
              "ScaleX": 1.0,
              "ScaleY": 1.0
            },
            "CColor": {},
            "IconVisible": true,
            "PrePosition": {
              "X": 0.0,
              "Y": 0.0
            },
            "PreSize": {
              "X": 0.0,
              "Y": 0.0
            },
            "RightMargin": 1280.0,
            "TopMargin": 720.0,
            "Tag": 38,
            "Children": [
              {
                "AnchorPoint": {},
                "Position": {
                  "X": 1344.3633,
                  "Y": 688.7824
                },
                "Scale": {
                  "ScaleX": 1.0,
                  "ScaleY": 1.0
                },
                "CColor": {},
                "IconVisible": true,
                "PrePosition": {
                  "X": 0.0,
                  "Y": 0.0
                },
                "PreSize": {
                  "X": 0.0,
                  "Y": 0.0
                },
                "LeftMargin": 1344.3633,
                "RightMargin": -1344.3633,
                "TopMargin": -688.7824,
                "BottomMargin": 688.7824,
                "Tag": 1202,
                "Children": [
                  {
                    "FileData": {
                      "Type": "Normal",
                      "Path": "image/ui/room2/create_light.png",
                      "Plist": ""
                    },
                    "BlendFunc": {
                      "Src": 1,
                      "Dst": 771
                    },
                    "AnchorPoint": {
                      "ScaleX": 0.5,
                      "ScaleY": 0.5
                    },
                    "Position": {
                      "X": 67.5006,
                      "Y": 0.0016
                    },
                    "Scale": {
                      "ScaleX": 1.0,
                      "ScaleY": 1.0
                    },
                    "CColor": {},
                    "IconVisible": false,
                    "PrePosition": {
                      "X": 0.0,
                      "Y": 0.0
                    },
                    "PreSize": {
                      "X": 0.0,
                      "Y": 0.0
                    },
                    "LeftMargin": -35.9994,
                    "RightMargin": -171.0006,
                    "TopMargin": -37.5016,
                    "BottomMargin": -37.4984,
                    "Tag": 112,
                    "ActionTag": 930149161,
                    "Size": {
                      "X": 207.0,
                      "Y": 75.0
                    },
                    "Name": "light",
                    "ctype": "SpriteObjectData"
                  },
                  {
                    "FileData": {
                      "Type": "Normal",
                      "Path": "image/ui/room2/set.png",
                      "Plist": ""
                    },
                    "BlendFunc": {
                      "Src": 1,
                      "Dst": 771
                    },
                    "AnchorPoint": {
                      "ScaleX": 0.5,
                      "ScaleY": 0.5
                    },
                    "Position": {
                      "X": 200.0,
                      "Y": 0.0
                    },
                    "Scale": {
                      "ScaleX": 1.0,
                      "ScaleY": 1.0
                    },
                    "CColor": {},
                    "IconVisible": false,
                    "PrePosition": {
                      "X": 0.0,
                      "Y": 0.0
                    },
                    "PreSize": {
                      "X": 0.0,
                      "Y": 0.0
                    },
                    "LeftMargin": 178.5,
                    "RightMargin": -221.5,
                    "TopMargin": -21.0,
                    "BottomMargin": -21.0,
                    "Tag": 18,
                    "ActionTag": -1623836045,
                    "Size": {
                      "X": 43.0,
                      "Y": 42.0
                    },
                    "Name": "hint",
                    "ctype": "SpriteObjectData"
                  },
                  {
                    "FontSize": 30,
                    "LabelText": "10局",
                    "FontResource": {
                      "Type": "Normal",
                      "Path": "image/fonts/FZZY.TTF",
                      "Plist": ""
                    },
                    "VerticalAlignmentType": "VT_Center",
                    "OutlineColor": {
                      "R": 117,
                      "G": 88,
                      "B": 27
                    },
                    "ShadowColor": {
                      "R": 110,
                      "G": 110,
                      "B": 110
                    },
                    "ShadowOffsetX": 2.0,
                    "ShadowOffsetY": -2.0,
                    "AnchorPoint": {
                      "ScaleY": 0.5
                    },
                    "Position": {
                      "X": 23.9999,
                      "Y": -0.0001
                    },
                    "Scale": {
                      "ScaleX": 1.0,
                      "ScaleY": 1.0
                    },
                    "CColor": {
                      "R": 92,
                      "G": 43,
                      "B": 18
                    },
                    "IconVisible": false,
                    "PrePosition": {
                      "X": 0.0,
                      "Y": 0.0
                    },
                    "PreSize": {
                      "X": 0.0,
                      "Y": 0.0
                    },
                    "LeftMargin": 23.9999,
                    "RightMargin": -82.9999,
                    "TopMargin": -16.9999,
                    "BottomMargin": -17.0001,
                    "Tag": 1200,
                    "ActionTag": 2065954783,
                    "Size": {
                      "X": 59.0,
                      "Y": 34.0
                    },
                    "Name": "text",
                    "ctype": "TextObjectData"
                  },
                  {
                    "CheckedState": true,
                    "NormalBackFileData": {
                      "Type": "Normal",
                      "Path": "image/ui/room2/bt_bg.png",
                      "Plist": ""
                    },
                    "PressedBackFileData": {
                      "Type": "Normal",
                      "Path": "image/ui/room2/bt_bg.png",
                      "Plist": ""
                    },
                    "DisableBackFileData": {
                      "Type": "Default",
                      "Path": "Default/CheckBox_Disable.png",
                      "Plist": ""
                    },
                    "NodeNormalFileData": {
                      "Type": "Normal",
                      "Path": "image/ui/room2/btselect.png",
                      "Plist": ""
                    },
                    "NodeDisableFileData": {
                      "Type": "Normal",
                      "Path": "image/ui/room2/btselect.png",
                      "Plist": ""
                    },
                    "TouchEnable": true,
                    "AnchorPoint": {
                      "ScaleX": 0.5,
                      "ScaleY": 0.5
                    },
                    "Position": {
                      "X": 0.0,
                      "Y": 0.0
                    },
                    "Scale": {
                      "ScaleX": 0.9,
                      "ScaleY": 0.9
                    },
                    "CColor": {},
                    "IconVisible": false,
                    "PrePosition": {
                      "X": 0.0,
                      "Y": 0.0
                    },
                    "PreSize": {
                      "X": 0.0,
                      "Y": 0.0
                    },
                    "LeftMargin": -27.0,
                    "RightMargin": -27.0,
                    "TopMargin": -27.0,
                    "BottomMargin": -27.0,
                    "Tag": 1199,
                    "ActionTag": -673271509,
                    "Size": {
                      "X": 54.0,
                      "Y": 54.0
                    },
                    "Name": "checkBox1",
                    "ctype": "CheckBoxObjectData"
                  },
                  {
                    "CheckedState": true,
                    "NormalBackFileData": {
                      "Type": "Normal",
                      "Path": "image/ui/room2/cb2_0.png",
                      "Plist": ""
                    },
                    "PressedBackFileData": {
                      "Type": "Normal",
                      "Path": "image/ui/room2/cb2_0.png",
                      "Plist": ""
                    },
                    "DisableBackFileData": {
                      "Type": "Normal",
                      "Path": "image/ui/room2/cb2_0.png",
                      "Plist": ""
                    },
                    "NodeNormalFileData": {
                      "Type": "Normal",
                      "Path": "image/ui/room2/cb2_1.png",
                      "Plist": ""
                    },
                    "NodeDisableFileData": {
                      "Type": "Normal",
                      "Path": "image/ui/room2/cb2_1.png",
                      "Plist": ""
                    },
                    "TouchEnable": true,
                    "AnchorPoint": {
                      "ScaleX": 0.5,
                      "ScaleY": 0.5
                    },
                    "Position": {
                      "X": -0.0002,
                      "Y": -0.0001
                    },
                    "Scale": {
                      "ScaleX": 0.9,
                      "ScaleY": 0.9
                    },
                    "CColor": {},
                    "IconVisible": false,
                    "PrePosition": {
                      "X": 0.0,
                      "Y": 0.0
                    },
                    "PreSize": {
                      "X": 0.0,
                      "Y": 0.0
                    },
                    "LeftMargin": -24.0002,
                    "RightMargin": -23.9998,
                    "TopMargin": -24.9999,
                    "BottomMargin": -25.0001,
                    "Tag": 276,
                    "ActionTag": -966181949,
                    "Size": {
                      "X": 48.0,
                      "Y": 50.0
                    },
                    "Name": "checkBox2",
                    "ctype": "CheckBoxObjectData"
                  }
                ],
                "ActionTag": -1251916776,
                "Size": {
                  "X": 0.0,
                  "Y": 0.0
                },
                "Name": "cb",
                "ctype": "SingleNodeObjectData"
              }
            ],
            "ActionTag": 859522286,
            "Size": {
              "X": 0.0,
              "Y": 0.0
            },
            "Name": "wanfa_node",
            "ctype": "SingleNodeObjectData"
          }
        ],
        "Size": {
          "X": 960.0,
          "Y": 640.0
        },
        "Name": "Layer",
        "ctype": "SingleNodeObjectData"
      },
      "UsedResources": [
        "../../appCommon/fydp/common/room_close.png",
        "../../Default/CheckBox_Disable.png",
        "../../image/fonts/FZZY.TTF",
        "../../image/ui/common/bg_black.png",
        "../../image/ui/common/commom_bg2.png",
        "../../image/ui/common/commom_title_bg.png",
        "../../image/ui/common/common_bg1.png",
        "../../image/ui/room2/bg_big.jpg",
        "../../image/ui/room2/bg_left.png",
        "../../image/ui/room2/bt_bg.png",
        "../../image/ui/room2/btn_create2.png",
        "../../image/ui/room2/btselect.png",
        "../../image/ui/room2/cb2_0.png",
        "../../image/ui/room2/cb2_1.png",
        "../../image/ui/room2/create_light.png",
        "../../image/ui/room2/set.png",
        "../../image/ui/title/title_createroom.png"
      ],
      "ctype": "GameFileData"
    }
  },
  "Type": "Scene"
}