{
  "ID": "20ae2bea-2858-4164-a433-bc2704269ab7",
  "Version": "2.3.4",
  "Name": "DaiKai",
  "Content": {
    "Content": {
      "Animation": {
        "Duration": 0,
        "Speed": 1.0,
        "Timelines": [],
        "ctype": "TimelineActionData"
      },
      "AnimationList": [],
      "ObjectData": {
        "Tag": 1026,
        "Children": [
          {
            "ClipAble": false,
            "BackColorAlpha": 127,
            "ComboBoxIndex": 1,
            "SingleColor": {
              "R": 0,
              "G": 0,
              "B": 0
            },
            "FirstColor": {
              "R": 150,
              "G": 200
            },
            "EndColor": {},
            "ColorVector": {
              "ScaleY": 1.0
            },
            "Scale9Width": 1,
            "Scale9Height": 1,
            "TouchEnable": true,
            "AnchorPoint": {},
            "Position": {
              "X": 0.0,
              "Y": 0.0
            },
            "Scale": {
              "ScaleX": 1.0,
              "ScaleY": 1.0
            },
            "CColor": {},
            "IconVisible": false,
            "PrePosition": {
              "X": 0.0,
              "Y": 0.0
            },
            "PercentWidthEnable": true,
            "PercentHeightEnable": true,
            "PercentWidthEnabled": true,
            "PercentHeightEnabled": true,
            "PreSize": {
              "X": 1.0,
              "Y": 1.0
            },
            "Tag": 1027,
            "Children": [
              {
                "FileData": {
                  "Type": "Normal",
                  "Path": "appCommon/fydp/common/transparent/transparent_1280x720.png",
                  "Plist": ""
                },
                "Scale9OriginX": 362,
                "Scale9OriginY": 210,
                "Scale9Width": 556,
                "Scale9Height": 300,
                "TouchEnable": true,
                "AnchorPoint": {
                  "ScaleX": 0.5,
                  "ScaleY": 0.5
                },
                "Position": {
                  "X": 640.0,
                  "Y": 360.0
                },
                "Scale": {
                  "ScaleX": 1.0,
                  "ScaleY": 1.0
                },
                "CColor": {},
                "IconVisible": false,
                "PositionPercentXEnabled": true,
                "PositionPercentYEnabled": true,
                "PrePosition": {
                  "X": 0.5,
                  "Y": 0.5
                },
                "PreSize": {
                  "X": 1.0,
                  "Y": 1.0
                },
                "Tag": 1029,
                "Children": [
                  {
                    "FileData": {
                      "Type": "Normal",
                      "Path": "image/ui/history/history_bg.png",
                      "Plist": ""
                    },
                    "BlendFunc": {
                      "Src": 1,
                      "Dst": 771
                    },
                    "AnchorPoint": {
                      "ScaleY": 0.5
                    },
                    "Position": {
                      "X": 640.0,
                      "Y": 357.6597
                    },
                    "Scale": {
                      "ScaleX": 1.0,
                      "ScaleY": 1.0
                    },
                    "CColor": {},
                    "IconVisible": false,
                    "PositionPercentXEnabled": true,
                    "PrePosition": {
                      "X": 0.5,
                      "Y": 0.4967
                    },
                    "PreSize": {
                      "X": 0.4875,
                      "Y": 0.9708
                    },
                    "LeftMargin": 640.0,
                    "RightMargin": 16.0,
                    "TopMargin": 12.8403,
                    "BottomMargin": 8.1597,
                    "Tag": 961,
                    "ActionTag": -725156551,
                    "Size": {
                      "X": 624.0,
                      "Y": 699.0
                    },
                    "Name": "bg_1",
                    "ctype": "SpriteObjectData"
                  },
                  {
                    "FileData": {
                      "Type": "Normal",
                      "Path": "image/ui/history/history_bg.png",
                      "Plist": ""
                    },
                    "BlendFunc": {
                      "Src": 1,
                      "Dst": 771
                    },
                    "AnchorPoint": {
                      "ScaleY": 0.5
                    },
                    "Position": {
                      "X": 640.0,
                      "Y": 357.6599
                    },
                    "Scale": {
                      "ScaleX": 1.0,
                      "ScaleY": -1.0
                    },
                    "RotationSkewX": 180.0,
                    "RotationSkewY": 180.0,
                    "CColor": {},
                    "IconVisible": false,
                    "PositionPercentXEnabled": true,
                    "PrePosition": {
                      "X": 0.5,
                      "Y": 0.4967
                    },
                    "PreSize": {
                      "X": 0.4875,
                      "Y": 0.9708
                    },
                    "LeftMargin": 640.0,
                    "RightMargin": 16.0,
                    "TopMargin": 12.8401,
                    "BottomMargin": 8.1599,
                    "Tag": 960,
                    "ActionTag": -1955172693,
                    "Size": {
                      "X": 624.0,
                      "Y": 699.0
                    },
                    "Name": "bg_2",
                    "ctype": "SpriteObjectData"
                  },
                  {
                    "FileData": {
                      "Type": "Normal",
                      "Path": "appCommon/fydp/common/history_cell3.png",
                      "Plist": ""
                    },
                    "Scale9Enable": true,
                    "Scale9OriginX": 22,
                    "Scale9OriginY": 22,
                    "Scale9Width": 19,
                    "Scale9Height": 20,
                    "AnchorPoint": {
                      "ScaleX": 0.5
                    },
                    "Position": {
                      "X": 640.0,
                      "Y": 40.0
                    },
                    "Scale": {
                      "ScaleX": 1.0,
                      "ScaleY": 1.0
                    },
                    "CColor": {},
                    "IconVisible": false,
                    "PositionPercentXEnabled": true,
                    "PrePosition": {
                      "X": 0.5,
                      "Y": 0.0556
                    },
                    "PreSize": {
                      "X": 0.9375,
                      "Y": 0.75
                    },
                    "LeftMargin": 40.0,
                    "RightMargin": 40.0,
                    "TopMargin": 140.0,
                    "BottomMargin": 40.0,
                    "Tag": 959,
                    "ActionTag": 1537687274,
                    "Size": {
                      "X": 1200.0,
                      "Y": 540.0
                    },
                    "Name": "bg_cell",
                    "ctype": "ImageViewObjectData"
                  },
                  {
                    "FileData": {
                      "Type": "Normal",
                      "Path": "image/ui/common/titlebg.png",
                      "Plist": ""
                    },
                    "BlendFunc": {
                      "Src": 1,
                      "Dst": 771
                    },
                    "AnchorPoint": {
                      "ScaleX": 0.5,
                      "ScaleY": 0.5
                    },
                    "Position": {
                      "X": 640.0,
                      "Y": 671.9948
                    },
                    "Scale": {
                      "ScaleX": 1.0,
                      "ScaleY": 1.0
                    },
                    "CColor": {},
                    "IconVisible": false,
                    "PositionPercentXEnabled": true,
                    "PrePosition": {
                      "X": 0.5,
                      "Y": 0.9333
                    },
                    "PreSize": {
                      "X": 0.3828,
                      "Y": 0.1181
                    },
                    "LeftMargin": 395.0,
                    "RightMargin": 395.0,
                    "TopMargin": 5.5052,
                    "BottomMargin": 629.4948,
                    "Tag": 957,
                    "Children": [
                      {
                        "FileData": {
                          "Type": "Normal",
                          "Path": "image/ui/title/title_daikai.png",
                          "Plist": ""
                        },
                        "BlendFunc": {
                          "Src": 1,
                          "Dst": 771
                        },
                        "AnchorPoint": {
                          "ScaleX": 0.5,
                          "ScaleY": 0.5
                        },
                        "Position": {
                          "X": 245.0,
                          "Y": 46.5035
                        },
                        "Scale": {
                          "ScaleX": 1.0,
                          "ScaleY": 1.0
                        },
                        "CColor": {},
                        "IconVisible": false,
                        "PositionPercentXEnabled": true,
                        "PositionPercentYEnabled": true,
                        "PrePosition": {
                          "X": 0.5,
                          "Y": 0.5471
                        },
                        "PreSize": {
                          "X": 0.4878,
                          "Y": 1.0353
                        },
                        "LeftMargin": 125.5,
                        "RightMargin": 125.5,
                        "TopMargin": -5.5035,
                        "BottomMargin": 2.5035,
                        "Tag": 958,
                        "ActionTag": -431361332,
                        "Size": {
                          "X": 239.0,
                          "Y": 88.0
                        },
                        "Name": "title",
                        "ctype": "SpriteObjectData"
                      }
                    ],
                    "ActionTag": -1930182129,
                    "Size": {
                      "X": 490.0,
                      "Y": 85.0
                    },
                    "Name": "titlebg",
                    "ctype": "SpriteObjectData"
                  },
                  {
                    "ClipAble": false,
                    "FileData": {
                      "Type": "Normal",
                      "Path": "appCommon/fydp/common/transparent/transparent_370x370.png",
                      "Plist": ""
                    },
                    "SingleColor": {
                      "R": 121,
                      "G": 98,
                      "B": 142
                    },
                    "FirstColor": {
                      "R": 150,
                      "G": 200
                    },
                    "EndColor": {},
                    "ColorVector": {
                      "ScaleY": 1.0
                    },
                    "Scale9OriginX": 122,
                    "Scale9OriginY": 122,
                    "Scale9Width": 126,
                    "Scale9Height": 126,
                    "TouchEnable": true,
                    "AnchorPoint": {},
                    "Position": {
                      "X": 41.7573,
                      "Y": 528.0827
                    },
                    "Scale": {
                      "ScaleX": 1.0,
                      "ScaleY": 1.0
                    },
                    "CColor": {},
                    "IconVisible": false,
                    "PrePosition": {
                      "X": 0.0326,
                      "Y": 0.7334
                    },
                    "PreSize": {
                      "X": 0.9375,
                      "Y": 0.0625
                    },
                    "LeftMargin": 41.7573,
                    "RightMargin": 38.2427,
                    "TopMargin": 146.9173,
                    "BottomMargin": 528.0827,
                    "Tag": 1034,
                    "Children": [
                      {
                        "FontSize": 30,
                        "LabelText": "创建时间",
                        "OutlineColor": {
                          "G": 0,
                          "B": 0
                        },
                        "ShadowColor": {
                          "R": 110,
                          "G": 110,
                          "B": 110
                        },
                        "ShadowOffsetX": 2.0,
                        "ShadowOffsetY": -2.0,
                        "AnchorPoint": {
                          "ScaleX": 0.5,
                          "ScaleY": 0.5
                        },
                        "Position": {
                          "X": 298.2691,
                          "Y": 25.8784
                        },
                        "Scale": {
                          "ScaleX": 1.0,
                          "ScaleY": 1.0
                        },
                        "CColor": {},
                        "IconVisible": false,
                        "PrePosition": {
                          "X": 0.2486,
                          "Y": 0.5751
                        },
                        "PreSize": {
                          "X": 0.1,
                          "Y": 0.7556
                        },
                        "LeftMargin": 238.2691,
                        "RightMargin": 841.7309,
                        "TopMargin": 2.1216,
                        "BottomMargin": 8.8784,
                        "Tag": 1035,
                        "ActionTag": -1964714896,
                        "Size": {
                          "X": 120.0,
                          "Y": 34.0
                        },
                        "Name": "Text_2",
                        "ctype": "TextObjectData"
                      },
                      {
                        "FontSize": 30,
                        "LabelText": "房间号",
                        "OutlineColor": {
                          "G": 0,
                          "B": 0
                        },
                        "ShadowColor": {
                          "R": 110,
                          "G": 110,
                          "B": 110
                        },
                        "ShadowOffsetX": 2.0,
                        "ShadowOffsetY": -2.0,
                        "AnchorPoint": {
                          "ScaleX": 0.5,
                          "ScaleY": 0.5
                        },
                        "Position": {
                          "X": 101.6691,
                          "Y": 25.8784
                        },
                        "Scale": {
                          "ScaleX": 1.0,
                          "ScaleY": 1.0
                        },
                        "CColor": {},
                        "IconVisible": false,
                        "PrePosition": {
                          "X": 0.0847,
                          "Y": 0.5751
                        },
                        "PreSize": {
                          "X": 0.075,
                          "Y": 0.7556
                        },
                        "LeftMargin": 56.6691,
                        "RightMargin": 1053.3309,
                        "TopMargin": 2.1216,
                        "BottomMargin": 8.8784,
                        "Tag": 1036,
                        "ActionTag": -2016956125,
                        "Size": {
                          "X": 90.0,
                          "Y": 34.0
                        },
                        "Name": "Text_1",
                        "ctype": "TextObjectData"
                      },
                      {
                        "FontSize": 30,
                        "LabelText": "状态",
                        "OutlineColor": {
                          "G": 0,
                          "B": 0
                        },
                        "ShadowColor": {
                          "R": 110,
                          "G": 110,
                          "B": 110
                        },
                        "ShadowOffsetX": 2.0,
                        "ShadowOffsetY": -2.0,
                        "AnchorPoint": {
                          "ScaleX": 0.5,
                          "ScaleY": 0.5
                        },
                        "Position": {
                          "X": 473.1483,
                          "Y": 25.8782
                        },
                        "Scale": {
                          "ScaleX": 1.0,
                          "ScaleY": 1.0
                        },
                        "CColor": {},
                        "IconVisible": false,
                        "PrePosition": {
                          "X": 0.3943,
                          "Y": 0.5751
                        },
                        "PreSize": {
                          "X": 0.05,
                          "Y": 0.7556
                        },
                        "LeftMargin": 443.1483,
                        "RightMargin": 696.8517,
                        "TopMargin": 2.1218,
                        "BottomMargin": 8.8782,
                        "Tag": 1037,
                        "ActionTag": 1088376069,
                        "Size": {
                          "X": 60.0,
                          "Y": 34.0
                        },
                        "Name": "Text_2_0",
                        "ctype": "TextObjectData"
                      },
                      {
                        "FontSize": 30,
                        "LabelText": "玩法",
                        "OutlineColor": {
                          "G": 0,
                          "B": 0
                        },
                        "ShadowColor": {
                          "R": 110,
                          "G": 110,
                          "B": 110
                        },
                        "ShadowOffsetX": 2.0,
                        "ShadowOffsetY": -2.0,
                        "AnchorPoint": {
                          "ScaleX": 0.5,
                          "ScaleY": 0.5
                        },
                        "Position": {
                          "X": 813.3236,
                          "Y": 25.8784
                        },
                        "Scale": {
                          "ScaleX": 1.0,
                          "ScaleY": 1.0
                        },
                        "CColor": {},
                        "IconVisible": false,
                        "PrePosition": {
                          "X": 0.6778,
                          "Y": 0.5751
                        },
                        "PreSize": {
                          "X": 0.05,
                          "Y": 0.7556
                        },
                        "LeftMargin": 783.3236,
                        "RightMargin": 356.6764,
                        "TopMargin": 2.1216,
                        "BottomMargin": 8.8784,
                        "Tag": 1038,
                        "ActionTag": 483468376,
                        "Size": {
                          "X": 60.0,
                          "Y": 34.0
                        },
                        "Name": "Text_2_0_0",
                        "ctype": "TextObjectData"
                      }
                    ],
                    "ActionTag": -1036347192,
                    "Size": {
                      "X": 1200.0,
                      "Y": 45.0
                    },
                    "Name": "text_panel",
                    "ctype": "PanelObjectData"
                  },
                  {
                    "FileData": {
                      "Type": "Normal",
                      "Path": "image/ui/room2/btn_yikai.png",
                      "Plist": ""
                    },
                    "BlendFunc": {
                      "Src": 1,
                      "Dst": 771
                    },
                    "AnchorPoint": {
                      "ScaleX": 1.0,
                      "ScaleY": 0.5
                    },
                    "Position": {
                      "X": 248.4025,
                      "Y": 612.0461
                    },
                    "Scale": {
                      "ScaleX": 1.0,
                      "ScaleY": 1.0
                    },
                    "CColor": {},
                    "IconVisible": false,
                    "PrePosition": {
                      "X": 0.1941,
                      "Y": 0.8501
                    },
                    "PreSize": {
                      "X": 0.1656,
                      "Y": 0.0903
                    },
                    "LeftMargin": 36.4025,
                    "RightMargin": 1031.5975,
                    "TopMargin": 75.4539,
                    "BottomMargin": 579.5461,
                    "Tag": 1039,
                    "ActionTag": 897077843,
                    "Size": {
                      "X": 212.0,
                      "Y": 65.0
                    },
                    "Name": "btn_ykfj",
                    "ctype": "SpriteObjectData"
                  },
                  {
                    "FileData": {
                      "Type": "Normal",
                      "Path": "image/ui/room2/btn_daikai_1.png",
                      "Plist": ""
                    },
                    "BlendFunc": {
                      "Src": 1,
                      "Dst": 771
                    },
                    "AnchorPoint": {
                      "ScaleX": 1.0,
                      "ScaleY": 0.5
                    },
                    "Position": {
                      "X": 420.4848,
                      "Y": 612.0461
                    },
                    "Scale": {
                      "ScaleX": 1.0,
                      "ScaleY": 1.0
                    },
                    "CColor": {},
                    "IconVisible": false,
                    "PrePosition": {
                      "X": 0.3285,
                      "Y": 0.8501
                    },
                    "PreSize": {
                      "X": 0.1656,
                      "Y": 0.0903
                    },
                    "LeftMargin": 208.4848,
                    "RightMargin": 859.5152,
                    "TopMargin": 75.4539,
                    "BottomMargin": 579.5461,
                    "Tag": 1041,
                    "ActionTag": 376449055,
                    "Size": {
                      "X": 212.0,
                      "Y": 65.0
                    },
                    "Name": "btn_dkjl",
                    "ctype": "SpriteObjectData"
                  },
                  {
                    "IsBounceEnabled": true,
                    "InnerNodeSize": {
                      "Width": 1200,
                      "Height": 470
                    },
                    "ScrollDirectionType": "Vertical",
                    "ClipAble": true,
                    "BackColorAlpha": 102,
                    "FileData": {
                      "Type": "Normal",
                      "Path": "appCommon/fydp/common/transparent/transparent_370x370.png",
                      "Plist": ""
                    },
                    "SingleColor": {
                      "R": 0,
                      "G": 128,
                      "B": 0
                    },
                    "FirstColor": {
                      "G": 150,
                      "B": 100
                    },
                    "EndColor": {},
                    "ColorVector": {
                      "ScaleY": 1.0
                    },
                    "Scale9Enable": true,
                    "Scale9OriginX": 122,
                    "Scale9OriginY": 122,
                    "Scale9Width": 126,
                    "Scale9Height": 126,
                    "TouchEnable": true,
                    "AnchorPoint": {},
                    "Position": {
                      "X": 41.2731,
                      "Y": 54.9999
                    },
                    "Scale": {
                      "ScaleX": 1.0,
                      "ScaleY": 1.0
                    },
                    "CColor": {},
                    "IconVisible": false,
                    "PrePosition": {
                      "X": 0.0322,
                      "Y": 0.0764
                    },
                    "PreSize": {
                      "X": 0.9375,
                      "Y": 0.6528
                    },
                    "LeftMargin": 41.2731,
                    "RightMargin": 38.7269,
                    "TopMargin": 195.0001,
                    "BottomMargin": 54.9999,
                    "Tag": 1043,
                    "ActionTag": -1449126349,
                    "Size": {
                      "X": 1200.0,
                      "Y": 470.0
                    },
                    "Name": "scrollView",
                    "ctype": "ScrollViewObjectData"
                  },
                  {
                    "FileData": {
                      "Type": "Normal",
                      "Path": "appCommon/fydp/common/room_close.png",
                      "Plist": ""
                    },
                    "BlendFunc": {
                      "Src": 1,
                      "Dst": 771
                    },
                    "AnchorPoint": {
                      "ScaleX": 0.5,
                      "ScaleY": 0.5
                    },
                    "Position": {
                      "X": 1230.0,
                      "Y": 680.0
                    },
                    "Scale": {
                      "ScaleX": 1.0,
                      "ScaleY": 1.0
                    },
                    "CColor": {},
                    "IconVisible": false,
                    "PrePosition": {
                      "X": 0.9609,
                      "Y": 0.9444
                    },
                    "PreSize": {
                      "X": 0.0719,
                      "Y": 0.1389
                    },
                    "LeftMargin": 1184.0,
                    "RightMargin": 4.0,
                    "TopMargin": -10.0,
                    "BottomMargin": 630.0,
                    "Tag": 1044,
                    "ActionTag": 1344933064,
                    "Size": {
                      "X": 92.0,
                      "Y": 100.0
                    },
                    "Name": "btn_close",
                    "ctype": "SpriteObjectData"
                  },
                  {
                    "FileData": {
                      "Type": "Normal",
                      "Path": "image/ui/room2/daikai_refresh.png",
                      "Plist": ""
                    },
                    "BlendFunc": {
                      "Src": 1,
                      "Dst": 771
                    },
                    "AnchorPoint": {
                      "ScaleX": 0.5,
                      "ScaleY": 0.5
                    },
                    "Position": {
                      "X": 1100.0,
                      "Y": 610.0
                    },
                    "Scale": {
                      "ScaleX": 1.0,
                      "ScaleY": 1.0
                    },
                    "CColor": {},
                    "IconVisible": false,
                    "PrePosition": {
                      "X": 0.8594,
                      "Y": 0.8472
                    },
                    "PreSize": {
                      "X": 0.1641,
                      "Y": 0.0847
                    },
                    "LeftMargin": 995.0,
                    "RightMargin": 75.0,
                    "TopMargin": 79.5,
                    "BottomMargin": 579.5,
                    "Tag": 1045,
                    "ActionTag": -1267663909,
                    "Size": {
                      "X": 120.0,
                      "Y": 61.0
                    },
                    "Name": "btn_refresh",
                    "ctype": "SpriteObjectData"
                  }
                ],
                "ActionTag": 574081444,
                "Size": {
                  "X": 1280.0,
                  "Y": 720.0
                },
                "Name": "panel",
                "ctype": "ImageViewObjectData"
              }
            ],
            "ActionTag": 39850965,
            "Size": {
              "X": 1280.0,
              "Y": 720.0
            },
            "Name": "root",
            "ctype": "PanelObjectData"
          }
        ],
        "Size": {
          "X": 1280.0,
          "Y": 720.0
        },
        "Name": "Scene",
        "ctype": "LayerObjectData"
      },
      "UsedResources": [
        "../../appCommon/fydp/common/history_cell3.png",
        "../../appCommon/fydp/common/room_close.png",
        "../../appCommon/fydp/common/transparent/transparent_1280x720.png",
        "../../appCommon/fydp/common/transparent/transparent_370x370.png",
        "../../image/ui/common/titlebg.png",
        "../../image/ui/history/history_bg.png",
        "../../image/ui/room2/btn_daikai_1.png",
        "../../image/ui/room2/btn_yikai.png",
        "../../image/ui/room2/daikai_refresh.png",
        "../../image/ui/title/title_daikai.png"
      ],
      "ctype": "GameFileData"
    }
  },
  "Type": "Layer"
}