{
  "ID": "8c89c3b6-3f8b-48f7-8eb3-c36e1c2f4b4e",
  "Version": "2.3.4",
  "Name": "PlayerBackLayer",
  "Content": {
    "Content": {
      "Animation": {
        "Duration": 0,
        "Speed": 1.0,
        "Timelines": [],
        "ctype": "TimelineActionData"
      },
      "AnimationList": [],
      "ObjectData": {
        "Tag": 417,
        "Children": [
          {
            "ClipAble": false,
            "BackColorAlpha": 102,
            "SingleColor": {
              "R": 150,
              "G": 200
            },
            "FirstColor": {
              "R": 150,
              "G": 200
            },
            "EndColor": {},
            "ColorVector": {
              "ScaleY": 1.0
            },
            "Scale9Width": 1,
            "Scale9Height": 1,
            "AnchorPoint": {},
            "Position": {
              "X": 0.0,
              "Y": 0.0
            },
            "Scale": {
              "ScaleX": 1.0,
              "ScaleY": 1.0
            },
            "CColor": {},
            "IconVisible": false,
            "PrePosition": {
              "X": 0.0,
              "Y": 0.0
            },
            "PercentWidthEnable": true,
            "PercentHeightEnable": true,
            "PercentWidthEnabled": true,
            "PercentHeightEnabled": true,
            "PreSize": {
              "X": 1.0,
              "Y": 1.0
            },
            "Tag": 423,
            "Children": [
              {
                "FileData": {
                  "Type": "Normal",
                  "Path": "image/ui/room/bg_sea.png",
                  "Plist": ""
                },
                "BlendFunc": {
                  "Src": 1,
                  "Dst": 771
                },
                "AnchorPoint": {
                  "ScaleX": 0.5,
                  "ScaleY": 0.5
                },
                "Position": {
                  "X": 640.0,
                  "Y": 274.6144
                },
                "Scale": {
                  "ScaleX": 0.8,
                  "ScaleY": 0.8
                },
                "CColor": {},
                "IconVisible": false,
                "PositionPercentXEnabled": true,
                "PrePosition": {
                  "X": 0.5,
                  "Y": 0.3814
                },
                "PreSize": {
                  "X": 0.3672,
                  "Y": 0.1472
                },
                "LeftMargin": 405.0,
                "RightMargin": 405.0,
                "TopMargin": 392.3856,
                "BottomMargin": 221.6144,
                "Tag": 425,
                "ActionTag": -623917098,
                "Size": {
                  "X": 470.0,
                  "Y": 106.0
                },
                "Name": "bg_sea_6",
                "ctype": "SpriteObjectData"
              },
              {
                "FileData": {
                  "Type": "Normal",
                  "Path": "image/ui/room/back_searchpai.png",
                  "Plist": ""
                },
                "BlendFunc": {
                  "Src": 1,
                  "Dst": 771
                },
                "AnchorPoint": {
                  "ScaleX": 0.5,
                  "ScaleY": 0.5
                },
                "Position": {
                  "X": 503.3651,
                  "Y": 276.4307
                },
                "Scale": {
                  "ScaleX": 1.0,
                  "ScaleY": 1.0
                },
                "CColor": {},
                "IconVisible": false,
                "PrePosition": {
                  "X": 0.3933,
                  "Y": 0.3839
                },
                "PreSize": {
                  "X": 0.0391,
                  "Y": 0.0569
                },
                "LeftMargin": 478.3651,
                "RightMargin": 751.6349,
                "TopMargin": 423.0693,
                "BottomMargin": 255.9307,
                "Tag": 424,
                "ActionTag": -446287075,
                "Size": {
                  "X": 50.0,
                  "Y": 41.0
                },
                "Name": "backward",
                "ctype": "SpriteObjectData"
              },
              {
                "FileData": {
                  "Type": "Normal",
                  "Path": "image/ui/room/btn_back.png",
                  "Plist": ""
                },
                "BlendFunc": {
                  "Src": 1,
                  "Dst": 771
                },
                "AnchorPoint": {
                  "ScaleX": 0.5,
                  "ScaleY": 0.5
                },
                "Position": {
                  "X": 777.3626,
                  "Y": 279.2247
                },
                "Scale": {
                  "ScaleX": 1.0,
                  "ScaleY": 1.0
                },
                "CColor": {},
                "IconVisible": false,
                "PrePosition": {
                  "X": 0.6073,
                  "Y": 0.3878
                },
                "PreSize": {
                  "X": 0.0422,
                  "Y": 0.0694
                },
                "LeftMargin": 750.3626,
                "RightMargin": 475.6374,
                "TopMargin": 415.7753,
                "BottomMargin": 254.2247,
                "Tag": 426,
                "ActionTag": -149266048,
                "Size": {
                  "X": 54.0,
                  "Y": 50.0
                },
                "Name": "back",
                "ctype": "SpriteObjectData"
              },
              {
                "FileData": {
                  "Type": "Normal",
                  "Path": "image/ui/room/next_searchpai.png",
                  "Plist": ""
                },
                "BlendFunc": {
                  "Src": 1,
                  "Dst": 771
                },
                "AnchorPoint": {
                  "ScaleX": 0.5,
                  "ScaleY": 0.5
                },
                "Position": {
                  "X": 691.5913,
                  "Y": 277.4284
                },
                "Scale": {
                  "ScaleX": 1.0,
                  "ScaleY": 1.0
                },
                "CColor": {},
                "IconVisible": false,
                "PrePosition": {
                  "X": 0.5403,
                  "Y": 0.3853
                },
                "PreSize": {
                  "X": 0.0391,
                  "Y": 0.0569
                },
                "LeftMargin": 666.5913,
                "RightMargin": 563.4087,
                "TopMargin": 422.0716,
                "BottomMargin": 256.9284,
                "Tag": 427,
                "ActionTag": -1970563148,
                "Size": {
                  "X": 50.0,
                  "Y": 41.0
                },
                "Name": "toward",
                "ctype": "SpriteObjectData"
              },
              {
                "FileData": {
                  "Type": "Normal",
                  "Path": "image/ui/room/pause_searchpai.png",
                  "Plist": ""
                },
                "BlendFunc": {
                  "Src": 1,
                  "Dst": 771
                },
                "AnchorPoint": {
                  "ScaleX": 0.5,
                  "ScaleY": 0.5
                },
                "Position": {
                  "X": 598.752,
                  "Y": 276.611
                },
                "Scale": {
                  "ScaleX": 1.0,
                  "ScaleY": 1.0
                },
                "CColor": {},
                "IconVisible": false,
                "PrePosition": {
                  "X": 0.4678,
                  "Y": 0.3842
                },
                "PreSize": {
                  "X": 0.0375,
                  "Y": 0.0778
                },
                "LeftMargin": 574.752,
                "RightMargin": 657.248,
                "TopMargin": 415.389,
                "BottomMargin": 248.611,
                "Tag": 428,
                "ActionTag": 1970111067,
                "Size": {
                  "X": 48.0,
                  "Y": 56.0
                },
                "Name": "pause",
                "ctype": "SpriteObjectData"
              },
              {
                "FileData": {
                  "Type": "Normal",
                  "Path": "image/ui/room/play_searchpai.png",
                  "Plist": ""
                },
                "BlendFunc": {
                  "Src": 1,
                  "Dst": 771
                },
                "AnchorPoint": {
                  "ScaleX": 0.5,
                  "ScaleY": 0.5
                },
                "Position": {
                  "X": 598.7481,
                  "Y": 276.6099
                },
                "Scale": {
                  "ScaleX": 1.0,
                  "ScaleY": 1.0
                },
                "CColor": {},
                "IconVisible": false,
                "PrePosition": {
                  "X": 0.4678,
                  "Y": 0.3842
                },
                "PreSize": {
                  "X": 0.0375,
                  "Y": 0.075
                },
                "LeftMargin": 574.7481,
                "RightMargin": 657.2519,
                "TopMargin": 416.3901,
                "BottomMargin": 249.6099,
                "Tag": 429,
                "ActionTag": -2088863922,
                "Size": {
                  "X": 48.0,
                  "Y": 54.0
                },
                "VisibleForFrame": false,
                "Name": "play",
                "ctype": "SpriteObjectData"
              },
              {
                "FontSize": 30,
                "LabelText": "100.00%",
                "FontResource": {
                  "Type": "Normal",
                  "Path": "",
                  "Plist": ""
                },
                "HorizontalAlignmentType": "HT_Center",
                "VerticalAlignmentType": "VT_Center",
                "OutlineColor": {
                  "G": 0,
                  "B": 0
                },
                "ShadowColor": {
                  "R": 110,
                  "G": 110,
                  "B": 110
                },
                "ShadowOffsetX": 2.0,
                "ShadowOffsetY": -2.0,
                "AnchorPoint": {
                  "ScaleX": 0.5,
                  "ScaleY": 0.5
                },
                "Position": {
                  "X": 61.0419,
                  "Y": 476.6874
                },
                "Scale": {
                  "ScaleX": 1.0,
                  "ScaleY": 1.0
                },
                "CColor": {},
                "IconVisible": false,
                "PositionPercentXEnabled": true,
                "PrePosition": {
                  "X": 0.0477,
                  "Y": 0.6621
                },
                "PreSize": {
                  "X": 0.0953,
                  "Y": 0.0486
                },
                "LeftMargin": 0.0419,
                "RightMargin": 1157.9581,
                "TopMargin": 225.8126,
                "BottomMargin": 459.1874,
                "Tag": 19,
                "ActionTag": 1934305843,
                "Size": {
                  "X": 122.0,
                  "Y": 35.0
                },
                "VisibleForFrame": false,
                "Name": "txt_step",
                "ctype": "TextObjectData"
              },
              {
                "FileData": {
                  "Type": "Normal",
                  "Path": "image/ui/room/next_searchpai2.png",
                  "Plist": ""
                },
                "BlendFunc": {
                  "Src": 1,
                  "Dst": 771
                },
                "AnchorPoint": {
                  "ScaleX": 0.5,
                  "ScaleY": 0.5
                },
                "Position": {
                  "X": 691.3875,
                  "Y": 276.4795
                },
                "Scale": {
                  "ScaleX": 1.0,
                  "ScaleY": 1.0
                },
                "CColor": {},
                "IconVisible": false,
                "PrePosition": {
                  "X": 0.5401,
                  "Y": 0.384
                },
                "PreSize": {
                  "X": 0.0391,
                  "Y": 0.0569
                },
                "LeftMargin": 666.3875,
                "RightMargin": 563.6125,
                "TopMargin": 423.0205,
                "BottomMargin": 255.9795,
                "Tag": 163,
                "ActionTag": -245855419,
                "Size": {
                  "X": 50.0,
                  "Y": 41.0
                },
                "Name": "toward2",
                "ctype": "SpriteObjectData"
              },
              {
                "FileData": {
                  "Type": "Normal",
                  "Path": "image/ui/room/back_searchpai2.png",
                  "Plist": ""
                },
                "BlendFunc": {
                  "Src": 1,
                  "Dst": 771
                },
                "AnchorPoint": {
                  "ScaleX": 0.5,
                  "ScaleY": 0.5
                },
                "Position": {
                  "X": 502.3893,
                  "Y": 277.4794
                },
                "Scale": {
                  "ScaleX": 1.0,
                  "ScaleY": 1.0
                },
                "CColor": {},
                "IconVisible": false,
                "PrePosition": {
                  "X": 0.3925,
                  "Y": 0.3854
                },
                "PreSize": {
                  "X": 0.0391,
                  "Y": 0.0569
                },
                "LeftMargin": 477.3893,
                "RightMargin": 752.6107,
                "TopMargin": 422.0206,
                "BottomMargin": 256.9794,
                "Tag": 162,
                "ActionTag": -466799805,
                "Size": {
                  "X": 50.0,
                  "Y": 41.0
                },
                "Name": "backward2",
                "ctype": "SpriteObjectData"
              }
            ],
            "ActionTag": 1594126034,
            "Size": {
              "X": 1280.0,
              "Y": 720.0
            },
            "Name": "root",
            "ctype": "PanelObjectData"
          }
        ],
        "Size": {
          "X": 1280.0,
          "Y": 720.0
        },
        "Name": "Layer",
        "ctype": "LayerObjectData"
      },
      "UsedResources": [
        "../../image/ui/room/back_searchpai.png",
        "../../image/ui/room/back_searchpai2.png",
        "../../image/ui/room/bg_sea.png",
        "../../image/ui/room/btn_back.png",
        "../../image/ui/room/next_searchpai.png",
        "../../image/ui/room/next_searchpai2.png",
        "../../image/ui/room/pause_searchpai.png",
        "../../image/ui/room/play_searchpai.png"
      ],
      "ctype": "GameFileData"
    }
  },
  "Type": "Layer"
}