{
  "ID": "1c919726-237a-4071-a6ab-b94b685b7156",
  "Version": "2.3.4",
  "Name": "PokerPlayBackLayer",
  "Content": {
    "Content": {
      "Animation": {
        "Duration": 0,
        "Speed": 1.0,
        "Timelines": [],
        "ctype": "TimelineActionData"
      },
      "AnimationList": [],
      "ObjectData": {
        "Tag": 119,
        "Children": [
          {
            "ClipAble": false,
            "BackColorAlpha": 0,
            "SingleColor": {
              "R": 150,
              "G": 200
            },
            "FirstColor": {
              "R": 150,
              "G": 200
            },
            "EndColor": {},
            "ColorVector": {
              "ScaleY": 1.0
            },
            "Scale9Width": 1,
            "Scale9Height": 1,
            "TouchEnable": true,
            "AnchorPoint": {},
            "Position": {
              "X": 53.0,
              "Y": 594.0
            },
            "Scale": {
              "ScaleX": 0.45,
              "ScaleY": 0.45
            },
            "CColor": {},
            "IconVisible": false,
            "PrePosition": {
              "X": 0.0414,
              "Y": 0.825
            },
            "PreSize": {
              "X": 0.0516,
              "Y": 0.0917
            },
            "LeftMargin": 53.0,
            "RightMargin": 1161.0,
            "TopMargin": 60.0,
            "BottomMargin": 594.0,
            "Tag": 1353,
            "Children": [
              {
                "FileData": {
                  "Type": "PlistSubImage",
                  "Path": "b/bg.png",
                  "Plist": "appCommon/fydp/common/poker_b.plist"
                },
                "BlendFunc": {
                  "Src": 1,
                  "Dst": 771
                },
                "AnchorPoint": {},
                "Position": {
                  "X": 0.0,
                  "Y": -0.0028
                },
                "Scale": {
                  "ScaleX": 1.0,
                  "ScaleY": 1.0
                },
                "CColor": {},
                "IconVisible": false,
                "PrePosition": {
                  "X": 0.0,
                  "Y": 0.0
                },
                "PreSize": {
                  "X": 2.3788,
                  "Y": 3.197
                },
                "RightMargin": -91.0,
                "TopMargin": -144.9972,
                "BottomMargin": -0.0028,
                "Tag": 426,
                "Children": [
                  {
                    "FileData": {
                      "Type": "Default",
                      "Path": "Default/Sprite.png",
                      "Plist": ""
                    },
                    "BlendFunc": {
                      "Src": 770,
                      "Dst": 771
                    },
                    "AnchorPoint": {
                      "ScaleX": 1.0
                    },
                    "Position": {
                      "X": 132.0,
                      "Y": 16.0
                    },
                    "Scale": {
                      "ScaleX": 0.75,
                      "ScaleY": 0.75
                    },
                    "CColor": {},
                    "IconVisible": false,
                    "PrePosition": {
                      "X": 0.8408,
                      "Y": 0.0758
                    },
                    "PreSize": {
                      "X": 0.293,
                      "Y": 0.218
                    },
                    "LeftMargin": 86.0,
                    "RightMargin": 25.0,
                    "TopMargin": 149.0,
                    "BottomMargin": 16.0,
                    "Tag": 427,
                    "ActionTag": -574380045,
                    "Size": {
                      "X": 46.0,
                      "Y": 46.0
                    },
                    "VisibleForFrame": false,
                    "Name": "c",
                    "ctype": "SpriteObjectData"
                  },
                  {
                    "FileData": {
                      "Type": "PlistSubImage",
                      "Path": "b/black_0.png",
                      "Plist": "appCommon/fydp/common/poker_b.plist"
                    },
                    "BlendFunc": {
                      "Src": 770,
                      "Dst": 771
                    },
                    "AnchorPoint": {
                      "ScaleX": 0.5,
                      "ScaleY": 1.0
                    },
                    "Position": {
                      "X": 33.0,
                      "Y": 171.1114
                    },
                    "Scale": {
                      "ScaleX": 1.0,
                      "ScaleY": 1.0
                    },
                    "CColor": {},
                    "IconVisible": false,
                    "PrePosition": {
                      "X": 0.2102,
                      "Y": 0.811
                    },
                    "PreSize": {
                      "X": 0.2548,
                      "Y": 0.237
                    },
                    "LeftMargin": 13.0,
                    "RightMargin": 104.0,
                    "TopMargin": 39.8886,
                    "BottomMargin": 121.1114,
                    "Tag": 428,
                    "ActionTag": -1262701472,
                    "Size": {
                      "X": 40.0,
                      "Y": 50.0
                    },
                    "Name": "a",
                    "ctype": "SpriteObjectData"
                  },
                  {
                    "FileData": {
                      "Type": "PlistSubImage",
                      "Path": "b/bigtag_1.png",
                      "Plist": "appCommon/fydp/common/poker_b.plist"
                    },
                    "BlendFunc": {
                      "Src": 1,
                      "Dst": 771
                    },
                    "AnchorPoint": {
                      "ScaleX": 0.5,
                      "ScaleY": 0.5
                    },
                    "Position": {
                      "X": 30.0,
                      "Y": 91.1116
                    },
                    "Scale": {
                      "ScaleX": 0.4375,
                      "ScaleY": 0.4426
                    },
                    "CColor": {},
                    "IconVisible": false,
                    "PrePosition": {
                      "X": 0.1911,
                      "Y": 0.4318
                    },
                    "PreSize": {
                      "X": 0.4076,
                      "Y": 0.2891
                    },
                    "LeftMargin": -2.0,
                    "RightMargin": 95.0,
                    "TopMargin": 89.3884,
                    "BottomMargin": 60.6116,
                    "Tag": 429,
                    "ActionTag": -1026232074,
                    "Size": {
                      "X": 64.0,
                      "Y": 61.0
                    },
                    "Name": "b",
                    "ctype": "SpriteObjectData"
                  }
                ],
                "ActionTag": 1084279613,
                "Size": {
                  "X": 157.0,
                  "Y": 211.0
                },
                "Name": "a0",
                "ctype": "SpriteObjectData"
              },
              {
                "FileData": {
                  "Type": "PlistSubImage",
                  "Path": "b/bg.png",
                  "Plist": "appCommon/fydp/common/poker_b.plist"
                },
                "BlendFunc": {
                  "Src": 1,
                  "Dst": 771
                },
                "AnchorPoint": {},
                "Position": {
                  "X": 63.0,
                  "Y": -0.0028
                },
                "Scale": {
                  "ScaleX": 1.0,
                  "ScaleY": 1.0
                },
                "CColor": {},
                "IconVisible": false,
                "PrePosition": {
                  "X": 0.9545,
                  "Y": 0.0
                },
                "PreSize": {
                  "X": 2.3788,
                  "Y": 3.197
                },
                "LeftMargin": 63.0,
                "RightMargin": -154.0,
                "TopMargin": -144.9972,
                "BottomMargin": -0.0028,
                "Tag": 422,
                "Children": [
                  {
                    "FileData": {
                      "Type": "Default",
                      "Path": "Default/Sprite.png",
                      "Plist": ""
                    },
                    "BlendFunc": {
                      "Src": 770,
                      "Dst": 771
                    },
                    "AnchorPoint": {
                      "ScaleX": 1.0
                    },
                    "Position": {
                      "X": 132.0,
                      "Y": 16.0
                    },
                    "Scale": {
                      "ScaleX": 0.75,
                      "ScaleY": 0.75
                    },
                    "CColor": {},
                    "IconVisible": false,
                    "PrePosition": {
                      "X": 0.8408,
                      "Y": 0.0758
                    },
                    "PreSize": {
                      "X": 0.293,
                      "Y": 0.218
                    },
                    "LeftMargin": 86.0,
                    "RightMargin": 25.0,
                    "TopMargin": 149.0,
                    "BottomMargin": 16.0,
                    "Tag": 423,
                    "ActionTag": 377002411,
                    "Size": {
                      "X": 46.0,
                      "Y": 46.0
                    },
                    "VisibleForFrame": false,
                    "Name": "c",
                    "ctype": "SpriteObjectData"
                  },
                  {
                    "FileData": {
                      "Type": "PlistSubImage",
                      "Path": "b/black_1.png",
                      "Plist": "appCommon/fydp/common/poker_b.plist"
                    },
                    "BlendFunc": {
                      "Src": 770,
                      "Dst": 771
                    },
                    "AnchorPoint": {
                      "ScaleX": 0.5,
                      "ScaleY": 1.0
                    },
                    "Position": {
                      "X": 33.0,
                      "Y": 171.1121
                    },
                    "Scale": {
                      "ScaleX": 1.0,
                      "ScaleY": 1.0
                    },
                    "CColor": {},
                    "IconVisible": false,
                    "PrePosition": {
                      "X": 0.2102,
                      "Y": 0.811
                    },
                    "PreSize": {
                      "X": 0.2038,
                      "Y": 0.2417
                    },
                    "LeftMargin": 17.0,
                    "RightMargin": 108.0,
                    "TopMargin": 39.8879,
                    "BottomMargin": 120.1121,
                    "Tag": 424,
                    "ActionTag": 1589314588,
                    "Size": {
                      "X": 32.0,
                      "Y": 51.0
                    },
                    "Name": "a",
                    "ctype": "SpriteObjectData"
                  },
                  {
                    "FileData": {
                      "Type": "PlistSubImage",
                      "Path": "b/bigtag_3.png",
                      "Plist": "appCommon/fydp/common/poker_b.plist"
                    },
                    "BlendFunc": {
                      "Src": 770,
                      "Dst": 771
                    },
                    "AnchorPoint": {
                      "ScaleX": 0.5,
                      "ScaleY": 0.5
                    },
                    "Position": {
                      "X": 30.0,
                      "Y": 91.1116
                    },
                    "Scale": {
                      "ScaleX": 0.4375,
                      "ScaleY": 0.4426
                    },
                    "CColor": {},
                    "IconVisible": false,
                    "PrePosition": {
                      "X": 0.1911,
                      "Y": 0.4318
                    },
                    "PreSize": {
                      "X": 0.4076,
                      "Y": 0.2891
                    },
                    "LeftMargin": -2.0,
                    "RightMargin": 95.0,
                    "TopMargin": 89.3884,
                    "BottomMargin": 60.6116,
                    "Tag": 425,
                    "ActionTag": 697290261,
                    "Size": {
                      "X": 64.0,
                      "Y": 61.0
                    },
                    "Name": "b",
                    "ctype": "SpriteObjectData"
                  }
                ],
                "ActionTag": 1896801633,
                "Size": {
                  "X": 157.0,
                  "Y": 211.0
                },
                "Name": "a1",
                "ctype": "SpriteObjectData"
              }
            ],
            "ActionTag": -464240418,
            "Size": {
              "X": 66.0,
              "Y": 66.0
            },
            "VisibleForFrame": false,
            "Name": "row30",
            "ctype": "PanelObjectData"
          },
          {
            "ClipAble": false,
            "BackColorAlpha": 0,
            "SingleColor": {
              "R": 150,
              "G": 200
            },
            "FirstColor": {
              "R": 150,
              "G": 200
            },
            "EndColor": {},
            "ColorVector": {
              "ScaleY": 1.0
            },
            "Scale9Width": 1,
            "Scale9Height": 1,
            "TouchEnable": true,
            "AnchorPoint": {},
            "Position": {
              "X": 1138.0,
              "Y": 594.0
            },
            "Scale": {
              "ScaleX": 0.45,
              "ScaleY": 0.45
            },
            "CColor": {},
            "IconVisible": false,
            "PrePosition": {
              "X": 0.8891,
              "Y": 0.825
            },
            "PreSize": {
              "X": 0.0516,
              "Y": 0.0917
            },
            "LeftMargin": 1138.0,
            "RightMargin": 76.0,
            "TopMargin": 60.0,
            "BottomMargin": 594.0,
            "Tag": 1360,
            "Children": [
              {
                "FileData": {
                  "Type": "PlistSubImage",
                  "Path": "b/bg.png",
                  "Plist": "appCommon/fydp/common/poker_b.plist"
                },
                "BlendFunc": {
                  "Src": 1,
                  "Dst": 771
                },
                "AnchorPoint": {},
                "Position": {
                  "X": -63.0,
                  "Y": -0.0028
                },
                "Scale": {
                  "ScaleX": 1.0,
                  "ScaleY": 1.0
                },
                "CColor": {},
                "IconVisible": false,
                "PrePosition": {
                  "X": -0.9545,
                  "Y": 0.0
                },
                "PreSize": {
                  "X": 2.3788,
                  "Y": 3.197
                },
                "LeftMargin": -63.0,
                "RightMargin": -28.0,
                "TopMargin": -144.9972,
                "BottomMargin": -0.0028,
                "Tag": 414,
                "Children": [
                  {
                    "FileData": {
                      "Type": "Default",
                      "Path": "Default/Sprite.png",
                      "Plist": ""
                    },
                    "BlendFunc": {
                      "Src": 770,
                      "Dst": 771
                    },
                    "AnchorPoint": {
                      "ScaleX": 1.0
                    },
                    "Position": {
                      "X": 132.0,
                      "Y": 16.0
                    },
                    "Scale": {
                      "ScaleX": 0.75,
                      "ScaleY": 0.75
                    },
                    "CColor": {},
                    "IconVisible": false,
                    "PrePosition": {
                      "X": 0.8408,
                      "Y": 0.0758
                    },
                    "PreSize": {
                      "X": 0.293,
                      "Y": 0.218
                    },
                    "LeftMargin": 86.0,
                    "RightMargin": 25.0,
                    "TopMargin": 149.0,
                    "BottomMargin": 16.0,
                    "Tag": 415,
                    "ActionTag": -422088923,
                    "Size": {
                      "X": 46.0,
                      "Y": 46.0
                    },
                    "VisibleForFrame": false,
                    "Name": "c",
                    "ctype": "SpriteObjectData"
                  },
                  {
                    "FileData": {
                      "Type": "PlistSubImage",
                      "Path": "b/black_0.png",
                      "Plist": "appCommon/fydp/common/poker_b.plist"
                    },
                    "BlendFunc": {
                      "Src": 1,
                      "Dst": 771
                    },
                    "AnchorPoint": {
                      "ScaleX": 0.5,
                      "ScaleY": 1.0
                    },
                    "Position": {
                      "X": 33.0004,
                      "Y": 168.8908
                    },
                    "Scale": {
                      "ScaleX": 1.1,
                      "ScaleY": 1.1
                    },
                    "CColor": {},
                    "IconVisible": false,
                    "PrePosition": {
                      "X": 0.2102,
                      "Y": 0.8004
                    },
                    "PreSize": {
                      "X": 0.2548,
                      "Y": 0.237
                    },
                    "LeftMargin": 13.0004,
                    "RightMargin": 103.9996,
                    "TopMargin": 42.1092,
                    "BottomMargin": 118.8908,
                    "Tag": 416,
                    "ActionTag": 167797966,
                    "Size": {
                      "X": 40.0,
                      "Y": 50.0
                    },
                    "Name": "a",
                    "ctype": "SpriteObjectData"
                  },
                  {
                    "FileData": {
                      "Type": "PlistSubImage",
                      "Path": "b/bigtag_3.png",
                      "Plist": "appCommon/fydp/common/poker_b.plist"
                    },
                    "BlendFunc": {
                      "Src": 1,
                      "Dst": 771
                    },
                    "AnchorPoint": {
                      "ScaleX": 0.5,
                      "ScaleY": 0.5
                    },
                    "Position": {
                      "X": 30.0002,
                      "Y": 88.8903
                    },
                    "Scale": {
                      "ScaleX": 0.4375,
                      "ScaleY": 0.4426
                    },
                    "CColor": {},
                    "IconVisible": false,
                    "PrePosition": {
                      "X": 0.1911,
                      "Y": 0.4213
                    },
                    "PreSize": {
                      "X": 0.4076,
                      "Y": 0.2891
                    },
                    "LeftMargin": -1.9998,
                    "RightMargin": 94.9998,
                    "TopMargin": 91.6097,
                    "BottomMargin": 58.3903,
                    "Tag": 472,
                    "ActionTag": 500111583,
                    "Size": {
                      "X": 64.0,
                      "Y": 61.0
                    },
                    "Name": "b",
                    "ctype": "SpriteObjectData"
                  }
                ],
                "ActionTag": 354430087,
                "Size": {
                  "X": 157.0,
                  "Y": 211.0
                },
                "Name": "a1",
                "ctype": "SpriteObjectData"
              },
              {
                "FileData": {
                  "Type": "PlistSubImage",
                  "Path": "b/bg.png",
                  "Plist": "appCommon/fydp/common/poker_b.plist"
                },
                "BlendFunc": {
                  "Src": 1,
                  "Dst": 771
                },
                "AnchorPoint": {},
                "Position": {
                  "X": 0.0,
                  "Y": -0.0026
                },
                "Scale": {
                  "ScaleX": 1.0,
                  "ScaleY": 1.0
                },
                "CColor": {},
                "IconVisible": false,
                "PrePosition": {
                  "X": 0.0,
                  "Y": 0.0
                },
                "PreSize": {
                  "X": 2.3788,
                  "Y": 3.197
                },
                "RightMargin": -91.0,
                "TopMargin": -144.9974,
                "BottomMargin": -0.0026,
                "Tag": 418,
                "Children": [
                  {
                    "FileData": {
                      "Type": "Default",
                      "Path": "Default/Sprite.png",
                      "Plist": ""
                    },
                    "BlendFunc": {
                      "Src": 770,
                      "Dst": 771
                    },
                    "AnchorPoint": {
                      "ScaleX": 1.0
                    },
                    "Position": {
                      "X": 132.0,
                      "Y": 16.0
                    },
                    "Scale": {
                      "ScaleX": 0.75,
                      "ScaleY": 0.75
                    },
                    "CColor": {},
                    "IconVisible": false,
                    "PrePosition": {
                      "X": 0.8408,
                      "Y": 0.0758
                    },
                    "PreSize": {
                      "X": 0.293,
                      "Y": 0.218
                    },
                    "LeftMargin": 86.0,
                    "RightMargin": 25.0,
                    "TopMargin": 149.0,
                    "BottomMargin": 16.0,
                    "Tag": 419,
                    "ActionTag": -559958861,
                    "Size": {
                      "X": 46.0,
                      "Y": 46.0
                    },
                    "VisibleForFrame": false,
                    "Name": "c",
                    "ctype": "SpriteObjectData"
                  },
                  {
                    "FileData": {
                      "Type": "PlistSubImage",
                      "Path": "b/black_0.png",
                      "Plist": "appCommon/fydp/common/poker_b.plist"
                    },
                    "BlendFunc": {
                      "Src": 770,
                      "Dst": 771
                    },
                    "AnchorPoint": {
                      "ScaleX": 0.5,
                      "ScaleY": 1.0
                    },
                    "Position": {
                      "X": 33.0006,
                      "Y": 168.8897
                    },
                    "Scale": {
                      "ScaleX": 1.0,
                      "ScaleY": 1.0
                    },
                    "CColor": {},
                    "IconVisible": false,
                    "PrePosition": {
                      "X": 0.2102,
                      "Y": 0.8004
                    },
                    "PreSize": {
                      "X": 0.2548,
                      "Y": 0.237
                    },
                    "LeftMargin": 13.0006,
                    "RightMargin": 103.9994,
                    "TopMargin": 42.1103,
                    "BottomMargin": 118.8897,
                    "Tag": 420,
                    "ActionTag": 268354610,
                    "Size": {
                      "X": 40.0,
                      "Y": 50.0
                    },
                    "Name": "a",
                    "ctype": "SpriteObjectData"
                  },
                  {
                    "FileData": {
                      "Type": "PlistSubImage",
                      "Path": "b/bigtag_3.png",
                      "Plist": "appCommon/fydp/common/poker_b.plist"
                    },
                    "BlendFunc": {
                      "Src": 770,
                      "Dst": 771
                    },
                    "AnchorPoint": {
                      "ScaleX": 0.5,
                      "ScaleY": 0.5
                    },
                    "Position": {
                      "X": 30.0007,
                      "Y": 88.8903
                    },
                    "Scale": {
                      "ScaleX": 0.4375,
                      "ScaleY": 0.4426
                    },
                    "CColor": {},
                    "IconVisible": false,
                    "PrePosition": {
                      "X": 0.1911,
                      "Y": 0.4213
                    },
                    "PreSize": {
                      "X": 0.4076,
                      "Y": 0.2891
                    },
                    "LeftMargin": -1.9993,
                    "RightMargin": 94.9993,
                    "TopMargin": 91.6097,
                    "BottomMargin": 58.3903,
                    "Tag": 421,
                    "ActionTag": -263561902,
                    "Size": {
                      "X": 64.0,
                      "Y": 61.0
                    },
                    "Name": "b",
                    "ctype": "SpriteObjectData"
                  }
                ],
                "ActionTag": -387942163,
                "Size": {
                  "X": 157.0,
                  "Y": 211.0
                },
                "Name": "a0",
                "ctype": "SpriteObjectData"
              }
            ],
            "ActionTag": 1213394604,
            "Size": {
              "X": 66.0,
              "Y": 66.0
            },
            "VisibleForFrame": false,
            "Name": "row10",
            "ctype": "PanelObjectData"
          },
          {
            "FileData": {
              "Type": "Normal",
              "Path": "appCommon/fydp/common/transparent/transparent_1280x720.png",
              "Plist": ""
            },
            "BlendFunc": {
              "Src": 770,
              "Dst": 771
            },
            "AnchorPoint": {
              "ScaleX": 0.5,
              "ScaleY": 0.5
            },
            "Position": {
              "X": 638.72,
              "Y": 360.0
            },
            "Scale": {
              "ScaleX": 1.0,
              "ScaleY": 1.0
            },
            "CColor": {},
            "IconVisible": false,
            "PositionPercentXEnabled": true,
            "PositionPercentYEnabled": true,
            "PrePosition": {
              "X": 0.499,
              "Y": 0.5
            },
            "PreSize": {
              "X": 1.0,
              "Y": 1.0
            },
            "LeftMargin": -1.28,
            "RightMargin": 1.28,
            "Tag": 669,
            "Children": [
              {
                "FileData": {
                  "Type": "Normal",
                  "Path": "appCommon/fydp/common/bg_sea.png",
                  "Plist": ""
                },
                "BlendFunc": {
                  "Src": 770,
                  "Dst": 771
                },
                "AnchorPoint": {
                  "ScaleX": 0.5,
                  "ScaleY": 0.5
                },
                "Position": {
                  "X": 640.0,
                  "Y": 252.0
                },
                "Scale": {
                  "ScaleX": 1.0,
                  "ScaleY": 1.0
                },
                "CColor": {},
                "IconVisible": false,
                "PositionPercentXEnabled": true,
                "PositionPercentYEnabled": true,
                "PrePosition": {
                  "X": 0.5,
                  "Y": 0.35
                },
                "PreSize": {
                  "X": 0.3672,
                  "Y": 0.1472
                },
                "LeftMargin": 405.0,
                "RightMargin": 405.0,
                "TopMargin": 415.0,
                "BottomMargin": 199.0,
                "Tag": 670,
                "ActionTag": -1459059115,
                "Size": {
                  "X": 470.0,
                  "Y": 106.0
                },
                "Name": "bg_searchpai",
                "ctype": "SpriteObjectData"
              },
              {
                "FileData": {
                  "Type": "Normal",
                  "Path": "appCommon/fydp/common/back_searchpai.png",
                  "Plist": ""
                },
                "BlendFunc": {
                  "Src": 770,
                  "Dst": 771
                },
                "AnchorPoint": {
                  "ScaleX": 0.5,
                  "ScaleY": 0.5
                },
                "Position": {
                  "X": 471.04,
                  "Y": 252.0
                },
                "Scale": {
                  "ScaleX": 1.0,
                  "ScaleY": 1.0
                },
                "CColor": {},
                "IconVisible": false,
                "PositionPercentXEnabled": true,
                "PositionPercentYEnabled": true,
                "PrePosition": {
                  "X": 0.368,
                  "Y": 0.35
                },
                "PreSize": {
                  "X": 0.0391,
                  "Y": 0.0569
                },
                "LeftMargin": 446.04,
                "RightMargin": 783.96,
                "TopMargin": 447.5,
                "BottomMargin": 231.5,
                "Tag": 671,
                "ActionTag": -1662004966,
                "Size": {
                  "X": 50.0,
                  "Y": 41.0
                },
                "Name": "back_searchpai",
                "ctype": "SpriteObjectData"
              },
              {
                "FileData": {
                  "Type": "Normal",
                  "Path": "appCommon/fydp/common/next_searchpai.png",
                  "Plist": ""
                },
                "BlendFunc": {
                  "Src": 770,
                  "Dst": 771
                },
                "AnchorPoint": {
                  "ScaleX": 0.5,
                  "ScaleY": 0.5
                },
                "Position": {
                  "X": 697.984,
                  "Y": 252.0
                },
                "Scale": {
                  "ScaleX": 1.0,
                  "ScaleY": 1.0
                },
                "CColor": {},
                "IconVisible": false,
                "PositionPercentXEnabled": true,
                "PositionPercentYEnabled": true,
                "PrePosition": {
                  "X": 0.5453,
                  "Y": 0.35
                },
                "PreSize": {
                  "X": 0.0391,
                  "Y": 0.0569
                },
                "LeftMargin": 672.984,
                "RightMargin": 557.016,
                "TopMargin": 447.5,
                "BottomMargin": 231.5,
                "Tag": 672,
                "ActionTag": -1347874007,
                "Size": {
                  "X": 50.0,
                  "Y": 41.0
                },
                "Name": "next_searchpai",
                "ctype": "SpriteObjectData"
              },
              {
                "FileData": {
                  "Type": "Normal",
                  "Path": "appCommon/fydp/common/pause_searchpai.png",
                  "Plist": ""
                },
                "BlendFunc": {
                  "Src": 770,
                  "Dst": 771
                },
                "AnchorPoint": {
                  "ScaleX": 0.5,
                  "ScaleY": 0.5
                },
                "Position": {
                  "X": 584.064,
                  "Y": 252.0
                },
                "Scale": {
                  "ScaleX": 1.0,
                  "ScaleY": 1.0
                },
                "CColor": {},
                "IconVisible": false,
                "PositionPercentXEnabled": true,
                "PositionPercentYEnabled": true,
                "PrePosition": {
                  "X": 0.4563,
                  "Y": 0.35
                },
                "PreSize": {
                  "X": 0.0375,
                  "Y": 0.0778
                },
                "LeftMargin": 560.064,
                "RightMargin": 671.936,
                "TopMargin": 440.0,
                "BottomMargin": 224.0,
                "Tag": 673,
                "ActionTag": -980646347,
                "Size": {
                  "X": 48.0,
                  "Y": 56.0
                },
                "Name": "pause_searchpai",
                "ctype": "SpriteObjectData"
              },
              {
                "FileData": {
                  "Type": "Normal",
                  "Path": "appCommon/fydp/common/play_searchpai.png",
                  "Plist": ""
                },
                "BlendFunc": {
                  "Src": 770,
                  "Dst": 771
                },
                "AnchorPoint": {
                  "ScaleX": 0.5263,
                  "ScaleY": 0.4842
                },
                "Position": {
                  "X": 584.064,
                  "Y": 252.0
                },
                "Scale": {
                  "ScaleX": 1.0,
                  "ScaleY": 1.0
                },
                "CColor": {},
                "IconVisible": false,
                "PositionPercentXEnabled": true,
                "PositionPercentYEnabled": true,
                "PrePosition": {
                  "X": 0.4563,
                  "Y": 0.35
                },
                "PreSize": {
                  "X": 0.0375,
                  "Y": 0.075
                },
                "LeftMargin": 558.8016,
                "RightMargin": 673.1984,
                "TopMargin": 440.1468,
                "BottomMargin": 225.8532,
                "Tag": 674,
                "ActionTag": -585558174,
                "Size": {
                  "X": 48.0,
                  "Y": 54.0
                },
                "Name": "play_searchpai",
                "ctype": "SpriteObjectData"
              },
              {
                "FileData": {
                  "Type": "Normal",
                  "Path": "appCommon/fydp/common/btn_playback.png",
                  "Plist": ""
                },
                "BlendFunc": {
                  "Src": 770,
                  "Dst": 771
                },
                "AnchorPoint": {
                  "ScaleX": 0.5,
                  "ScaleY": 0.5
                },
                "Position": {
                  "X": 808.0,
                  "Y": 252.0
                },
                "Scale": {
                  "ScaleX": 1.0,
                  "ScaleY": 1.0
                },
                "CColor": {},
                "IconVisible": false,
                "PositionPercentYEnabled": true,
                "PrePosition": {
                  "X": 0.6313,
                  "Y": 0.35
                },
                "PreSize": {
                  "X": 0.0422,
                  "Y": 0.0694
                },
                "LeftMargin": 781.0,
                "RightMargin": 445.0,
                "TopMargin": 443.0,
                "BottomMargin": 227.0,
                "Tag": 675,
                "ActionTag": -56955923,
                "Size": {
                  "X": 54.0,
                  "Y": 50.0
                },
                "Name": "btn_close",
                "ctype": "SpriteObjectData"
              }
            ],
            "ActionTag": 1334564001,
            "Size": {
              "X": 1280.0,
              "Y": 720.0
            },
            "Name": "root",
            "ctype": "SpriteObjectData"
          }
        ],
        "Size": {
          "X": 1280.0,
          "Y": 720.0
        },
        "Name": "Layer",
        "ctype": "LayerObjectData"
      },
      "UsedResources": [
        "../../appCommon/fydp/common/back_searchpai.png",
        "../../appCommon/fydp/common/bg_sea.png",
        "../../appCommon/fydp/common/btn_playback.png",
        "../../appCommon/fydp/common/next_searchpai.png",
        "../../appCommon/fydp/common/pause_searchpai.png",
        "../../appCommon/fydp/common/play_searchpai.png",
        "../../appCommon/fydp/common/poker_b.plist",
        "../../appCommon/fydp/common/poker_b.png",
        "../../appCommon/fydp/common/transparent/transparent_1280x720.png",
        "../../Default/Sprite.png"
      ],
      "ctype": "GameFileData"
    }
  },
  "Type": "Layer"
}