{
  "ID": "495f4131-b7bb-49d7-8b75-b2a9b9b2c1ee",
  "Version": "2.3.4",
  "Name": "RoomJoin",
  "Content": {
    "Content": {
      "Animation": {
        "Duration": 0,
        "Speed": 1.0,
        "Timelines": [],
        "ctype": "TimelineActionData"
      },
      "AnimationList": [],
      "ObjectData": {
        "Tag": 49,
        "Children": [
          {
            "ClipAble": false,
            "BackColorAlpha": 102,
            "SingleColor": {
              "R": 150,
              "G": 200
            },
            "FirstColor": {
              "R": 150,
              "G": 200
            },
            "EndColor": {},
            "ColorVector": {
              "ScaleY": 1.0
            },
            "Scale9Width": 1,
            "Scale9Height": 1,
            "TouchEnable": true,
            "AnchorPoint": {
              "ScaleX": 0.5,
              "ScaleY": 0.5
            },
            "Position": {
              "X": 640.0,
              "Y": 360.0
            },
            "Scale": {
              "ScaleX": 1.0,
              "ScaleY": 1.0
            },
            "CColor": {},
            "IconVisible": false,
            "PositionPercentXEnabled": true,
            "PositionPercentYEnabled": true,
            "PrePosition": {
              "X": 0.5,
              "Y": 0.5
            },
            "PreSize": {
              "X": 1.0,
              "Y": 1.0
            },
            "Tag": 3013,
            "Children": [
              {
                "ClipAble": false,
                "BackColorAlpha": 127,
                "SingleColor": {
                  "R": 0,
                  "G": 0,
                  "B": 0
                },
                "FirstColor": {
                  "R": 150,
                  "G": 200
                },
                "EndColor": {},
                "ColorVector": {
                  "ScaleY": 1.0
                },
                "Scale9Width": 1,
                "Scale9Height": 1,
                "TouchEnable": true,
                "AnchorPoint": {},
                "Position": {
                  "X": 0.0,
                  "Y": 0.0
                },
                "Scale": {
                  "ScaleX": 1.0,
                  "ScaleY": 1.0
                },
                "CColor": {},
                "IconVisible": false,
                "PrePosition": {
                  "X": 0.0,
                  "Y": 0.0
                },
                "PreSize": {
                  "X": 1.0,
                  "Y": 1.0
                },
                "Tag": 106,
                "Children": [
                  {
                    "FileData": {
                      "Type": "Normal",
                      "Path": "image/ui/room2/bg_join.png",
                      "Plist": ""
                    },
                    "Scale9Enable": true,
                    "Scale9OriginX": 58,
                    "Scale9OriginY": 36,
                    "Scale9Width": 802,
                    "Scale9Height": 585,
                    "AnchorPoint": {
                      "ScaleX": 0.5,
                      "ScaleY": 0.5
                    },
                    "Position": {
                      "X": 640.0,
                      "Y": 324.0
                    },
                    "Scale": {
                      "ScaleX": 1.0,
                      "ScaleY": 1.0
                    },
                    "CColor": {},
                    "IconVisible": false,
                    "PositionPercentXEnabled": true,
                    "PositionPercentYEnabled": true,
                    "PrePosition": {
                      "X": 0.5,
                      "Y": 0.45
                    },
                    "PreSize": {
                      "X": 0.7172,
                      "Y": 0.9125
                    },
                    "LeftMargin": 181.0,
                    "RightMargin": 181.0,
                    "TopMargin": 67.5,
                    "BottomMargin": -4.5,
                    "Tag": 110,
                    "ActionTag": 705882505,
                    "Size": {
                      "X": 918.0,
                      "Y": 657.0
                    },
                    "Name": "Image_2",
                    "ctype": "ImageViewObjectData"
                  },
                  {
                    "FileData": {
                      "Type": "Normal",
                      "Path": "image/ui/room2/room_join_close.png",
                      "Plist": ""
                    },
                    "BlendFunc": {
                      "Src": 1,
                      "Dst": 771
                    },
                    "AnchorPoint": {
                      "ScaleX": 0.5,
                      "ScaleY": 0.5
                    },
                    "Position": {
                      "X": 1018.2294,
                      "Y": 620.1824
                    },
                    "Scale": {
                      "ScaleX": 1.0,
                      "ScaleY": 1.0
                    },
                    "CColor": {},
                    "IconVisible": false,
                    "PrePosition": {
                      "X": 0.7955,
                      "Y": 0.8614
                    },
                    "PreSize": {
                      "X": 0.0594,
                      "Y": 0.1056
                    },
                    "LeftMargin": 980.2294,
                    "RightMargin": 223.7706,
                    "TopMargin": 61.8176,
                    "BottomMargin": 582.1824,
                    "Tag": 159,
                    "ActionTag": 1976068336,
                    "Size": {
                      "X": 76.0,
                      "Y": 76.0
                    },
                    "Name": "btClose",
                    "ctype": "SpriteObjectData"
                  },
                  {
                    "FileData": {
                      "Type": "Normal",
                      "Path": "image/ui/title/title_joinroom.png",
                      "Plist": ""
                    },
                    "BlendFunc": {
                      "Src": 1,
                      "Dst": 771
                    },
                    "AnchorPoint": {
                      "ScaleX": 0.5,
                      "ScaleY": 0.5
                    },
                    "Position": {
                      "X": 649.6,
                      "Y": 612.0
                    },
                    "Scale": {
                      "ScaleX": 1.0,
                      "ScaleY": 1.0
                    },
                    "CColor": {},
                    "IconVisible": false,
                    "PositionPercentXEnabled": true,
                    "PositionPercentYEnabled": true,
                    "PrePosition": {
                      "X": 0.5075,
                      "Y": 0.85
                    },
                    "PreSize": {
                      "X": 0.1492,
                      "Y": 0.0736
                    },
                    "LeftMargin": 554.1,
                    "RightMargin": 534.9,
                    "TopMargin": 81.5,
                    "BottomMargin": 585.5,
                    "Tag": 109,
                    "ActionTag": -737697321,
                    "Size": {
                      "X": 191.0,
                      "Y": 53.0
                    },
                    "Name": "joinroom",
                    "ctype": "SpriteObjectData"
                  }
                ],
                "ActionTag": 1598020306,
                "Size": {
                  "X": 1280.0,
                  "Y": 720.0
                },
                "Name": "bgPanel",
                "ctype": "PanelObjectData"
              },
              {
                "FontSize": 28,
                "LabelText": "请输入房间号",
                "OutlineColor": {
                  "G": 0,
                  "B": 0
                },
                "ShadowColor": {
                  "R": 110,
                  "G": 110,
                  "B": 110
                },
                "ShadowOffsetX": 2.0,
                "ShadowOffsetY": -2.0,
                "AnchorPoint": {
                  "ScaleX": 0.5,
                  "ScaleY": 0.5
                },
                "Position": {
                  "X": 381.9998,
                  "Y": 506.9993
                },
                "Scale": {
                  "ScaleX": 1.0,
                  "ScaleY": 1.0
                },
                "CColor": {
                  "R": 164,
                  "G": 123,
                  "B": 99
                },
                "IconVisible": false,
                "PrePosition": {
                  "X": 0.2984,
                  "Y": 0.7042
                },
                "PreSize": {
                  "X": 0.1312,
                  "Y": 0.0444
                },
                "LeftMargin": 297.9998,
                "RightMargin": 814.0002,
                "TopMargin": 197.0007,
                "BottomMargin": 490.9993,
                "Tag": 169,
                "ActionTag": -1645721516,
                "Size": {
                  "X": 168.0,
                  "Y": 32.0
                },
                "Name": "txtinput",
                "ctype": "TextObjectData"
              },
              {
                "AnchorPoint": {},
                "Position": {
                  "X": 520.0,
                  "Y": 515.0
                },
                "Scale": {
                  "ScaleX": 1.0,
                  "ScaleY": 1.0
                },
                "CColor": {},
                "IconVisible": true,
                "PrePosition": {
                  "X": 0.4063,
                  "Y": 0.7153
                },
                "PreSize": {
                  "X": 0.0,
                  "Y": 0.0
                },
                "LeftMargin": 520.0,
                "RightMargin": 760.0,
                "TopMargin": 205.0,
                "BottomMargin": 515.0,
                "Tag": 161,
                "Children": [
                  {
                    "FileData": {
                      "Type": "Normal",
                      "Path": "image/ui/room2/room2_numbg.png",
                      "Plist": ""
                    },
                    "BlendFunc": {
                      "Src": 1,
                      "Dst": 771
                    },
                    "AnchorPoint": {
                      "ScaleX": 0.5,
                      "ScaleY": 0.5
                    },
                    "Position": {
                      "X": 0.0,
                      "Y": -14.3297
                    },
                    "Scale": {
                      "ScaleX": 1.0,
                      "ScaleY": 1.0
                    },
                    "CColor": {},
                    "IconVisible": false,
                    "PrePosition": {
                      "X": 0.0,
                      "Y": 0.0
                    },
                    "PreSize": {
                      "X": 0.0,
                      "Y": 0.0
                    },
                    "LeftMargin": -35.0,
                    "RightMargin": -35.0,
                    "TopMargin": -26.1703,
                    "BottomMargin": -54.8297,
                    "Tag": 164,
                    "Children": [
                      {
                        "FontSize": 60,
                        "LabelText": "0",
                        "FontResource": {
                          "Type": "Normal",
                          "Path": "image/fonts/FZZY.TTF",
                          "Plist": ""
                        },
                        "HorizontalAlignmentType": "HT_Center",
                        "VerticalAlignmentType": "VT_Center",
                        "OutlineColor": {
                          "G": 0,
                          "B": 0
                        },
                        "ShadowColor": {
                          "R": 110,
                          "G": 110,
                          "B": 110
                        },
                        "ShadowOffsetX": 2.0,
                        "ShadowOffsetY": -2.0,
                        "AnchorPoint": {
                          "ScaleX": 0.5,
                          "ScaleY": 0.5
                        },
                        "Position": {
                          "X": 35.0,
                          "Y": 40.5
                        },
                        "Scale": {
                          "ScaleX": 1.0,
                          "ScaleY": 1.0
                        },
                        "CColor": {},
                        "IconVisible": false,
                        "PositionPercentXEnabled": true,
                        "PositionPercentYEnabled": true,
                        "PrePosition": {
                          "X": 0.5,
                          "Y": 0.5
                        },
                        "PreSize": {
                          "X": 0.4857,
                          "Y": 0.8395
                        },
                        "LeftMargin": 18.0,
                        "RightMargin": 18.0,
                        "TopMargin": 6.5,
                        "BottomMargin": 6.5,
                        "Tag": 48,
                        "ActionTag": -389621953,
                        "Size": {
                          "X": 34.0,
                          "Y": 68.0
                        },
                        "Name": "t1",
                        "ctype": "TextObjectData"
                      }
                    ],
                    "ActionTag": 122864676,
                    "Size": {
                      "X": 70.0,
                      "Y": 81.0
                    },
                    "Name": "numbg_0",
                    "ctype": "SpriteObjectData"
                  },
                  {
                    "FileData": {
                      "Type": "Normal",
                      "Path": "image/ui/room2/room2_numbg.png",
                      "Plist": ""
                    },
                    "BlendFunc": {
                      "Src": 1,
                      "Dst": 771
                    },
                    "AnchorPoint": {
                      "ScaleX": 0.5,
                      "ScaleY": 0.5
                    },
                    "Position": {
                      "X": 95.0,
                      "Y": -14.3297
                    },
                    "Scale": {
                      "ScaleX": 1.0,
                      "ScaleY": 1.0
                    },
                    "CColor": {},
                    "IconVisible": false,
                    "PrePosition": {
                      "X": 0.0,
                      "Y": 0.0
                    },
                    "PreSize": {
                      "X": 0.0,
                      "Y": 0.0
                    },
                    "LeftMargin": 60.0,
                    "RightMargin": -130.0,
                    "TopMargin": -26.1703,
                    "BottomMargin": -54.8297,
                    "Tag": 165,
                    "Children": [
                      {
                        "FontSize": 60,
                        "LabelText": "0",
                        "FontResource": {
                          "Type": "Normal",
                          "Path": "image/fonts/FZZY.TTF",
                          "Plist": ""
                        },
                        "HorizontalAlignmentType": "HT_Center",
                        "VerticalAlignmentType": "VT_Center",
                        "OutlineColor": {
                          "G": 0,
                          "B": 0
                        },
                        "ShadowColor": {
                          "R": 110,
                          "G": 110,
                          "B": 110
                        },
                        "ShadowOffsetX": 2.0,
                        "ShadowOffsetY": -2.0,
                        "AnchorPoint": {
                          "ScaleX": 0.5,
                          "ScaleY": 0.5
                        },
                        "Position": {
                          "X": 35.0,
                          "Y": 40.5
                        },
                        "Scale": {
                          "ScaleX": 1.0,
                          "ScaleY": 1.0
                        },
                        "CColor": {},
                        "IconVisible": false,
                        "PositionPercentXEnabled": true,
                        "PositionPercentYEnabled": true,
                        "PrePosition": {
                          "X": 0.5,
                          "Y": 0.5
                        },
                        "PreSize": {
                          "X": 0.4857,
                          "Y": 0.8395
                        },
                        "LeftMargin": 18.0,
                        "RightMargin": 18.0,
                        "TopMargin": 6.5,
                        "BottomMargin": 6.5,
                        "Tag": 49,
                        "ActionTag": -1585319066,
                        "Size": {
                          "X": 34.0,
                          "Y": 68.0
                        },
                        "Name": "t2",
                        "ctype": "TextObjectData"
                      }
                    ],
                    "ActionTag": 634981708,
                    "Size": {
                      "X": 70.0,
                      "Y": 81.0
                    },
                    "Name": "numbg_1",
                    "ctype": "SpriteObjectData"
                  },
                  {
                    "FileData": {
                      "Type": "Normal",
                      "Path": "image/ui/room2/room2_numbg.png",
                      "Plist": ""
                    },
                    "BlendFunc": {
                      "Src": 1,
                      "Dst": 771
                    },
                    "AnchorPoint": {
                      "ScaleX": 0.5,
                      "ScaleY": 0.5
                    },
                    "Position": {
                      "X": 190.0,
                      "Y": -14.3297
                    },
                    "Scale": {
                      "ScaleX": 1.0,
                      "ScaleY": 1.0
                    },
                    "CColor": {},
                    "IconVisible": false,
                    "PrePosition": {
                      "X": 0.0,
                      "Y": 0.0
                    },
                    "PreSize": {
                      "X": 0.0,
                      "Y": 0.0
                    },
                    "LeftMargin": 155.0,
                    "RightMargin": -225.0,
                    "TopMargin": -26.1703,
                    "BottomMargin": -54.8297,
                    "Tag": 166,
                    "Children": [
                      {
                        "FontSize": 60,
                        "LabelText": "0",
                        "FontResource": {
                          "Type": "Normal",
                          "Path": "image/fonts/FZZY.TTF",
                          "Plist": ""
                        },
                        "HorizontalAlignmentType": "HT_Center",
                        "VerticalAlignmentType": "VT_Center",
                        "OutlineColor": {
                          "G": 0,
                          "B": 0
                        },
                        "ShadowColor": {
                          "R": 110,
                          "G": 110,
                          "B": 110
                        },
                        "ShadowOffsetX": 2.0,
                        "ShadowOffsetY": -2.0,
                        "AnchorPoint": {
                          "ScaleX": 0.5,
                          "ScaleY": 0.5
                        },
                        "Position": {
                          "X": 35.0,
                          "Y": 40.5
                        },
                        "Scale": {
                          "ScaleX": 1.0,
                          "ScaleY": 1.0
                        },
                        "CColor": {},
                        "IconVisible": false,
                        "PositionPercentXEnabled": true,
                        "PositionPercentYEnabled": true,
                        "PrePosition": {
                          "X": 0.5,
                          "Y": 0.5
                        },
                        "PreSize": {
                          "X": 0.4857,
                          "Y": 0.8395
                        },
                        "LeftMargin": 18.0,
                        "RightMargin": 18.0,
                        "TopMargin": 6.5,
                        "BottomMargin": 6.5,
                        "Tag": 50,
                        "ActionTag": -826648647,
                        "Size": {
                          "X": 34.0,
                          "Y": 68.0
                        },
                        "Name": "t3",
                        "ctype": "TextObjectData"
                      }
                    ],
                    "ActionTag": -1820754249,
                    "Size": {
                      "X": 70.0,
                      "Y": 81.0
                    },
                    "Name": "numbg_2",
                    "ctype": "SpriteObjectData"
                  },
                  {
                    "FileData": {
                      "Type": "Normal",
                      "Path": "image/ui/room2/room2_numbg.png",
                      "Plist": ""
                    },
                    "BlendFunc": {
                      "Src": 1,
                      "Dst": 771
                    },
                    "AnchorPoint": {
                      "ScaleX": 0.5,
                      "ScaleY": 0.5
                    },
                    "Position": {
                      "X": 285.0,
                      "Y": -14.3297
                    },
                    "Scale": {
                      "ScaleX": 1.0,
                      "ScaleY": 1.0
                    },
                    "CColor": {},
                    "IconVisible": false,
                    "PrePosition": {
                      "X": 0.0,
                      "Y": 0.0
                    },
                    "PreSize": {
                      "X": 0.0,
                      "Y": 0.0
                    },
                    "LeftMargin": 250.0,
                    "RightMargin": -320.0,
                    "TopMargin": -26.1703,
                    "BottomMargin": -54.8297,
                    "Tag": 167,
                    "Children": [
                      {
                        "FontSize": 60,
                        "LabelText": "0",
                        "FontResource": {
                          "Type": "Normal",
                          "Path": "image/fonts/FZZY.TTF",
                          "Plist": ""
                        },
                        "HorizontalAlignmentType": "HT_Center",
                        "VerticalAlignmentType": "VT_Center",
                        "OutlineColor": {
                          "G": 0,
                          "B": 0
                        },
                        "ShadowColor": {
                          "R": 110,
                          "G": 110,
                          "B": 110
                        },
                        "ShadowOffsetX": 2.0,
                        "ShadowOffsetY": -2.0,
                        "AnchorPoint": {
                          "ScaleX": 0.5,
                          "ScaleY": 0.5
                        },
                        "Position": {
                          "X": 35.0,
                          "Y": 40.5
                        },
                        "Scale": {
                          "ScaleX": 1.0,
                          "ScaleY": 1.0
                        },
                        "CColor": {},
                        "IconVisible": false,
                        "PositionPercentXEnabled": true,
                        "PositionPercentYEnabled": true,
                        "PrePosition": {
                          "X": 0.5,
                          "Y": 0.5
                        },
                        "PreSize": {
                          "X": 0.4857,
                          "Y": 0.8395
                        },
                        "LeftMargin": 18.0,
                        "RightMargin": 18.0,
                        "TopMargin": 6.5,
                        "BottomMargin": 6.5,
                        "Tag": 51,
                        "ActionTag": -719742429,
                        "Size": {
                          "X": 34.0,
                          "Y": 68.0
                        },
                        "Name": "t4",
                        "ctype": "TextObjectData"
                      }
                    ],
                    "ActionTag": 39973839,
                    "Size": {
                      "X": 70.0,
                      "Y": 81.0
                    },
                    "Name": "numbg_3",
                    "ctype": "SpriteObjectData"
                  },
                  {
                    "FileData": {
                      "Type": "Normal",
                      "Path": "image/ui/room2/room2_numbg.png",
                      "Plist": ""
                    },
                    "BlendFunc": {
                      "Src": 1,
                      "Dst": 771
                    },
                    "AnchorPoint": {
                      "ScaleX": 0.5,
                      "ScaleY": 0.5
                    },
                    "Position": {
                      "X": 380.0,
                      "Y": -14.3297
                    },
                    "Scale": {
                      "ScaleX": 1.0,
                      "ScaleY": 1.0
                    },
                    "CColor": {},
                    "IconVisible": false,
                    "PrePosition": {
                      "X": 0.0,
                      "Y": 0.0
                    },
                    "PreSize": {
                      "X": 0.0,
                      "Y": 0.0
                    },
                    "LeftMargin": 345.0,
                    "RightMargin": -415.0,
                    "TopMargin": -26.1703,
                    "BottomMargin": -54.8297,
                    "Tag": 168,
                    "Children": [
                      {
                        "FontSize": 60,
                        "LabelText": "0",
                        "FontResource": {
                          "Type": "Normal",
                          "Path": "image/fonts/FZZY.TTF",
                          "Plist": ""
                        },
                        "HorizontalAlignmentType": "HT_Center",
                        "VerticalAlignmentType": "VT_Center",
                        "OutlineColor": {
                          "G": 0,
                          "B": 0
                        },
                        "ShadowColor": {
                          "R": 110,
                          "G": 110,
                          "B": 110
                        },
                        "ShadowOffsetX": 2.0,
                        "ShadowOffsetY": -2.0,
                        "AnchorPoint": {
                          "ScaleX": 0.5,
                          "ScaleY": 0.5
                        },
                        "Position": {
                          "X": 35.0,
                          "Y": 40.5
                        },
                        "Scale": {
                          "ScaleX": 1.0,
                          "ScaleY": 1.0
                        },
                        "CColor": {},
                        "IconVisible": false,
                        "PositionPercentXEnabled": true,
                        "PositionPercentYEnabled": true,
                        "PrePosition": {
                          "X": 0.5,
                          "Y": 0.5
                        },
                        "PreSize": {
                          "X": 0.4857,
                          "Y": 0.8395
                        },
                        "LeftMargin": 18.0,
                        "RightMargin": 18.0,
                        "TopMargin": 6.5,
                        "BottomMargin": 6.5,
                        "Tag": 52,
                        "ActionTag": -1751635510,
                        "Size": {
                          "X": 34.0,
                          "Y": 68.0
                        },
                        "Name": "t5",
                        "ctype": "TextObjectData"
                      }
                    ],
                    "ActionTag": 1026666569,
                    "Size": {
                      "X": 70.0,
                      "Y": 81.0
                    },
                    "Name": "numbg_4",
                    "ctype": "SpriteObjectData"
                  },
                  {
                    "FileData": {
                      "Type": "Normal",
                      "Path": "image/ui/room2/room2_numbg.png",
                      "Plist": ""
                    },
                    "BlendFunc": {
                      "Src": 1,
                      "Dst": 771
                    },
                    "AnchorPoint": {
                      "ScaleX": 0.5,
                      "ScaleY": 0.5
                    },
                    "Position": {
                      "X": 475.0,
                      "Y": -14.3296
                    },
                    "Scale": {
                      "ScaleX": 1.0,
                      "ScaleY": 1.0
                    },
                    "CColor": {},
                    "IconVisible": false,
                    "PrePosition": {
                      "X": 0.0,
                      "Y": 0.0
                    },
                    "PreSize": {
                      "X": 0.0,
                      "Y": 0.0
                    },
                    "LeftMargin": 440.0,
                    "RightMargin": -510.0,
                    "TopMargin": -26.1704,
                    "BottomMargin": -54.8296,
                    "Tag": 163,
                    "Children": [
                      {
                        "FontSize": 60,
                        "LabelText": "0",
                        "FontResource": {
                          "Type": "Normal",
                          "Path": "image/fonts/FZZY.TTF",
                          "Plist": ""
                        },
                        "HorizontalAlignmentType": "HT_Center",
                        "VerticalAlignmentType": "VT_Center",
                        "OutlineColor": {
                          "G": 0,
                          "B": 0
                        },
                        "ShadowColor": {
                          "R": 110,
                          "G": 110,
                          "B": 110
                        },
                        "ShadowOffsetX": 2.0,
                        "ShadowOffsetY": -2.0,
                        "AnchorPoint": {
                          "ScaleX": 0.5,
                          "ScaleY": 0.5
                        },
                        "Position": {
                          "X": 35.0,
                          "Y": 40.5
                        },
                        "Scale": {
                          "ScaleX": 1.0,
                          "ScaleY": 1.0
                        },
                        "CColor": {},
                        "IconVisible": false,
                        "PositionPercentXEnabled": true,
                        "PositionPercentYEnabled": true,
                        "PrePosition": {
                          "X": 0.5,
                          "Y": 0.5
                        },
                        "PreSize": {
                          "X": 0.4857,
                          "Y": 0.8395
                        },
                        "LeftMargin": 18.0,
                        "RightMargin": 18.0,
                        "TopMargin": 6.5,
                        "BottomMargin": 6.5,
                        "Tag": 53,
                        "ActionTag": -1958693943,
                        "Size": {
                          "X": 34.0,
                          "Y": 68.0
                        },
                        "Name": "t6",
                        "ctype": "TextObjectData"
                      }
                    ],
                    "ActionTag": -706633052,
                    "Size": {
                      "X": 70.0,
                      "Y": 81.0
                    },
                    "Name": "numbg_5",
                    "ctype": "SpriteObjectData"
                  }
                ],
                "ActionTag": -1112773170,
                "Size": {
                  "X": 0.0,
                  "Y": 0.0
                },
                "Name": "num",
                "ctype": "SingleNodeObjectData"
              },
              {
                "AnchorPoint": {},
                "Position": {
                  "X": 162.0,
                  "Y": 29.191
                },
                "Scale": {
                  "ScaleX": 1.0,
                  "ScaleY": 1.0
                },
                "CColor": {},
                "IconVisible": true,
                "PrePosition": {
                  "X": 0.1266,
                  "Y": 0.0405
                },
                "PreSize": {
                  "X": 0.0,
                  "Y": 0.0
                },
                "LeftMargin": 162.0,
                "RightMargin": 1118.0,
                "TopMargin": 690.809,
                "BottomMargin": 29.191,
                "Tag": 162,
                "ActionTag": -1250163200,
                "Size": {
                  "X": 0.0,
                  "Y": 0.0
                },
                "Name": "jian",
                "ctype": "SingleNodeObjectData"
              },
              {
                "FileData": {
                  "Type": "Normal",
                  "Path": "image/ui/room2/btn_blue.png",
                  "Plist": ""
                },
                "BlendFunc": {
                  "Src": 1,
                  "Dst": 771
                },
                "AnchorPoint": {
                  "ScaleX": 0.5,
                  "ScaleY": 0.5
                },
                "Position": {
                  "X": 939.0,
                  "Y": 176.0
                },
                "Scale": {
                  "ScaleX": 1.0,
                  "ScaleY": 1.0
                },
                "CColor": {},
                "IconVisible": false,
                "PrePosition": {
                  "X": 0.7336,
                  "Y": 0.2444
                },
                "PreSize": {
                  "X": 0.2273,
                  "Y": 0.1444
                },
                "LeftMargin": 793.5,
                "RightMargin": 195.5,
                "TopMargin": 492.0,
                "BottomMargin": 124.0,
                "Tag": 619,
                "Children": [
                  {
                    "FileData": {
                      "Type": "Normal",
                      "Path": "image/ui/room2/btn_join_09.png",
                      "Plist": ""
                    },
                    "BlendFunc": {
                      "Src": 1,
                      "Dst": 771
                    },
                    "AnchorPoint": {
                      "ScaleX": 0.5,
                      "ScaleY": 0.5
                    },
                    "Position": {
                      "X": 146.0,
                      "Y": 60.0
                    },
                    "Scale": {
                      "ScaleX": 1.0,
                      "ScaleY": 1.0
                    },
                    "CColor": {},
                    "IconVisible": false,
                    "PrePosition": {
                      "X": 0.5017,
                      "Y": 0.5769
                    },
                    "PreSize": {
                      "X": 0.1065,
                      "Y": 0.4038
                    },
                    "LeftMargin": 130.5,
                    "RightMargin": 129.5,
                    "TopMargin": 23.0,
                    "BottomMargin": 39.0,
                    "Tag": 157,
                    "ActionTag": -1302328682,
                    "Size": {
                      "X": 31.0,
                      "Y": 42.0
                    },
                    "Name": "num_9",
                    "ctype": "SpriteObjectData"
                  }
                ],
                "ActionTag": 174566998,
                "Size": {
                  "X": 291.0,
                  "Y": 104.0
                },
                "Name": "bt9",
                "ctype": "SpriteObjectData"
              },
              {
                "FileData": {
                  "Type": "Normal",
                  "Path": "image/ui/room2/btn_blue.png",
                  "Plist": ""
                },
                "BlendFunc": {
                  "Src": 1,
                  "Dst": 771
                },
                "AnchorPoint": {
                  "ScaleX": 0.5,
                  "ScaleY": 0.5
                },
                "Position": {
                  "X": 642.0002,
                  "Y": 176.0
                },
                "Scale": {
                  "ScaleX": 1.0,
                  "ScaleY": 1.0
                },
                "CColor": {},
                "IconVisible": false,
                "PrePosition": {
                  "X": 0.5016,
                  "Y": 0.2444
                },
                "PreSize": {
                  "X": 0.2273,
                  "Y": 0.1444
                },
                "LeftMargin": 496.5002,
                "RightMargin": 492.4998,
                "TopMargin": 492.0,
                "BottomMargin": 124.0,
                "Tag": 621,
                "Children": [
                  {
                    "FileData": {
                      "Type": "Normal",
                      "Path": "image/ui/room2/btn_join_08.png",
                      "Plist": ""
                    },
                    "BlendFunc": {
                      "Src": 1,
                      "Dst": 771
                    },
                    "AnchorPoint": {
                      "ScaleX": 0.5,
                      "ScaleY": 0.5
                    },
                    "Position": {
                      "X": 146.0,
                      "Y": 60.0
                    },
                    "Scale": {
                      "ScaleX": 1.0,
                      "ScaleY": 1.0
                    },
                    "CColor": {},
                    "IconVisible": false,
                    "PrePosition": {
                      "X": 0.5017,
                      "Y": 0.5769
                    },
                    "PreSize": {
                      "X": 0.1065,
                      "Y": 0.4038
                    },
                    "LeftMargin": 130.5,
                    "RightMargin": 129.5,
                    "TopMargin": 23.0,
                    "BottomMargin": 39.0,
                    "Tag": 158,
                    "ActionTag": -1584637560,
                    "Size": {
                      "X": 31.0,
                      "Y": 42.0
                    },
                    "Name": "num_8",
                    "ctype": "SpriteObjectData"
                  }
                ],
                "ActionTag": 1190887445,
                "Size": {
                  "X": 291.0,
                  "Y": 104.0
                },
                "Name": "bt8",
                "ctype": "SpriteObjectData"
              },
              {
                "FileData": {
                  "Type": "Normal",
                  "Path": "image/ui/room2/btn_blue.png",
                  "Plist": ""
                },
                "BlendFunc": {
                  "Src": 1,
                  "Dst": 771
                },
                "AnchorPoint": {
                  "ScaleX": 0.5,
                  "ScaleY": 0.5
                },
                "Position": {
                  "X": 339.9,
                  "Y": 176.0
                },
                "Scale": {
                  "ScaleX": 1.0,
                  "ScaleY": 1.0
                },
                "CColor": {},
                "IconVisible": false,
                "PrePosition": {
                  "X": 0.2655,
                  "Y": 0.2444
                },
                "PreSize": {
                  "X": 0.2273,
                  "Y": 0.1444
                },
                "LeftMargin": 194.4,
                "RightMargin": 794.6,
                "TopMargin": 492.0,
                "BottomMargin": 124.0,
                "Tag": 623,
                "Children": [
                  {
                    "FileData": {
                      "Type": "Normal",
                      "Path": "image/ui/room2/btn_join_07.png",
                      "Plist": ""
                    },
                    "BlendFunc": {
                      "Src": 1,
                      "Dst": 771
                    },
                    "AnchorPoint": {
                      "ScaleX": 0.5,
                      "ScaleY": 0.5
                    },
                    "Position": {
                      "X": 146.0,
                      "Y": 60.0
                    },
                    "Scale": {
                      "ScaleX": 1.0,
                      "ScaleY": 1.0
                    },
                    "CColor": {},
                    "IconVisible": false,
                    "PrePosition": {
                      "X": 0.5017,
                      "Y": 0.5769
                    },
                    "PreSize": {
                      "X": 0.1065,
                      "Y": 0.4038
                    },
                    "LeftMargin": 130.5,
                    "RightMargin": 129.5,
                    "TopMargin": 23.0,
                    "BottomMargin": 39.0,
                    "Tag": 159,
                    "ActionTag": -234592834,
                    "Size": {
                      "X": 31.0,
                      "Y": 42.0
                    },
                    "Name": "num_7",
                    "ctype": "SpriteObjectData"
                  }
                ],
                "ActionTag": -1336827169,
                "Size": {
                  "X": 291.0,
                  "Y": 104.0
                },
                "Name": "bt7",
                "ctype": "SpriteObjectData"
              },
              {
                "FileData": {
                  "Type": "Normal",
                  "Path": "image/ui/room2/btn_blue.png",
                  "Plist": ""
                },
                "BlendFunc": {
                  "Src": 1,
                  "Dst": 771
                },
                "AnchorPoint": {
                  "ScaleX": 0.5,
                  "ScaleY": 0.5
                },
                "Position": {
                  "X": 939.0,
                  "Y": 283.0
                },
                "Scale": {
                  "ScaleX": 1.0,
                  "ScaleY": 1.0
                },
                "CColor": {},
                "IconVisible": false,
                "PrePosition": {
                  "X": 0.7336,
                  "Y": 0.3931
                },
                "PreSize": {
                  "X": 0.2273,
                  "Y": 0.1444
                },
                "LeftMargin": 793.5,
                "RightMargin": 195.5,
                "TopMargin": 385.0,
                "BottomMargin": 231.0,
                "Tag": 625,
                "Children": [
                  {
                    "FileData": {
                      "Type": "Normal",
                      "Path": "image/ui/room2/btn_join_06.png",
                      "Plist": ""
                    },
                    "BlendFunc": {
                      "Src": 1,
                      "Dst": 771
                    },
                    "AnchorPoint": {
                      "ScaleX": 0.5,
                      "ScaleY": 0.5
                    },
                    "Position": {
                      "X": 146.0,
                      "Y": 60.0
                    },
                    "Scale": {
                      "ScaleX": 1.0,
                      "ScaleY": 1.0
                    },
                    "CColor": {},
                    "IconVisible": false,
                    "PrePosition": {
                      "X": 0.5017,
                      "Y": 0.5769
                    },
                    "PreSize": {
                      "X": 0.1031,
                      "Y": 0.4038
                    },
                    "LeftMargin": 131.0,
                    "RightMargin": 130.0,
                    "TopMargin": 23.0,
                    "BottomMargin": 39.0,
                    "Tag": 160,
                    "ActionTag": 1139571099,
                    "Size": {
                      "X": 30.0,
                      "Y": 42.0
                    },
                    "Name": "num_6",
                    "ctype": "SpriteObjectData"
                  }
                ],
                "ActionTag": -1129732974,
                "Size": {
                  "X": 291.0,
                  "Y": 104.0
                },
                "Name": "bt6",
                "ctype": "SpriteObjectData"
              },
              {
                "FileData": {
                  "Type": "Normal",
                  "Path": "image/ui/room2/btn_blue.png",
                  "Plist": ""
                },
                "BlendFunc": {
                  "Src": 1,
                  "Dst": 771
                },
                "AnchorPoint": {
                  "ScaleX": 0.5,
                  "ScaleY": 0.5
                },
                "Position": {
                  "X": 642.0002,
                  "Y": 283.0
                },
                "Scale": {
                  "ScaleX": 1.0,
                  "ScaleY": 1.0
                },
                "CColor": {},
                "IconVisible": false,
                "PrePosition": {
                  "X": 0.5016,
                  "Y": 0.3931
                },
                "PreSize": {
                  "X": 0.2273,
                  "Y": 0.1444
                },
                "LeftMargin": 496.5002,
                "RightMargin": 492.4998,
                "TopMargin": 385.0,
                "BottomMargin": 231.0,
                "Tag": 627,
                "Children": [
                  {
                    "FileData": {
                      "Type": "Normal",
                      "Path": "image/ui/room2/btn_join_05.png",
                      "Plist": ""
                    },
                    "BlendFunc": {
                      "Src": 1,
                      "Dst": 771
                    },
                    "AnchorPoint": {
                      "ScaleX": 0.5,
                      "ScaleY": 0.5
                    },
                    "Position": {
                      "X": 146.0,
                      "Y": 60.0
                    },
                    "Scale": {
                      "ScaleX": 1.0,
                      "ScaleY": 1.0
                    },
                    "CColor": {},
                    "IconVisible": false,
                    "PrePosition": {
                      "X": 0.5017,
                      "Y": 0.5769
                    },
                    "PreSize": {
                      "X": 0.1065,
                      "Y": 0.4038
                    },
                    "LeftMargin": 130.5,
                    "RightMargin": 129.5,
                    "TopMargin": 23.0,
                    "BottomMargin": 39.0,
                    "Tag": 161,
                    "ActionTag": 1528519331,
                    "Size": {
                      "X": 31.0,
                      "Y": 42.0
                    },
                    "Name": "num_5",
                    "ctype": "SpriteObjectData"
                  }
                ],
                "ActionTag": 2082355890,
                "Size": {
                  "X": 291.0,
                  "Y": 104.0
                },
                "Name": "bt5",
                "ctype": "SpriteObjectData"
              },
              {
                "FileData": {
                  "Type": "Normal",
                  "Path": "image/ui/room2/btn_blue.png",
                  "Plist": ""
                },
                "BlendFunc": {
                  "Src": 1,
                  "Dst": 771
                },
                "AnchorPoint": {
                  "ScaleX": 0.5,
                  "ScaleY": 0.5
                },
                "Position": {
                  "X": 339.9,
                  "Y": 283.0
                },
                "Scale": {
                  "ScaleX": 1.0,
                  "ScaleY": 1.0
                },
                "CColor": {},
                "IconVisible": false,
                "PrePosition": {
                  "X": 0.2655,
                  "Y": 0.3931
                },
                "PreSize": {
                  "X": 0.2273,
                  "Y": 0.1444
                },
                "LeftMargin": 194.4,
                "RightMargin": 794.6,
                "TopMargin": 385.0,
                "BottomMargin": 231.0,
                "Tag": 629,
                "Children": [
                  {
                    "FileData": {
                      "Type": "Normal",
                      "Path": "image/ui/room2/btn_join_04.png",
                      "Plist": ""
                    },
                    "BlendFunc": {
                      "Src": 1,
                      "Dst": 771
                    },
                    "AnchorPoint": {
                      "ScaleX": 0.5,
                      "ScaleY": 0.5
                    },
                    "Position": {
                      "X": 146.0,
                      "Y": 60.0
                    },
                    "Scale": {
                      "ScaleX": 1.0,
                      "ScaleY": 1.0
                    },
                    "CColor": {},
                    "IconVisible": false,
                    "PrePosition": {
                      "X": 0.5017,
                      "Y": 0.5769
                    },
                    "PreSize": {
                      "X": 0.11,
                      "Y": 0.4038
                    },
                    "LeftMargin": 130.0,
                    "RightMargin": 129.0,
                    "TopMargin": 23.0,
                    "BottomMargin": 39.0,
                    "Tag": 162,
                    "ActionTag": 1793089635,
                    "Size": {
                      "X": 32.0,
                      "Y": 42.0
                    },
                    "Name": "num_4",
                    "ctype": "SpriteObjectData"
                  }
                ],
                "ActionTag": 1271829039,
                "Size": {
                  "X": 291.0,
                  "Y": 104.0
                },
                "Name": "bt4",
                "ctype": "SpriteObjectData"
              },
              {
                "FileData": {
                  "Type": "Normal",
                  "Path": "image/ui/room2/btn_blue.png",
                  "Plist": ""
                },
                "BlendFunc": {
                  "Src": 1,
                  "Dst": 771
                },
                "AnchorPoint": {
                  "ScaleX": 0.5,
                  "ScaleY": 0.5
                },
                "Position": {
                  "X": 939.0,
                  "Y": 390.0
                },
                "Scale": {
                  "ScaleX": 1.0,
                  "ScaleY": 1.0
                },
                "CColor": {},
                "IconVisible": false,
                "PrePosition": {
                  "X": 0.7336,
                  "Y": 0.5417
                },
                "PreSize": {
                  "X": 0.2273,
                  "Y": 0.1444
                },
                "LeftMargin": 793.5,
                "RightMargin": 195.5,
                "TopMargin": 278.0,
                "BottomMargin": 338.0,
                "Tag": 631,
                "Children": [
                  {
                    "FileData": {
                      "Type": "Normal",
                      "Path": "image/ui/room2/btn_join_03.png",
                      "Plist": ""
                    },
                    "BlendFunc": {
                      "Src": 1,
                      "Dst": 771
                    },
                    "AnchorPoint": {
                      "ScaleX": 0.5,
                      "ScaleY": 0.5
                    },
                    "Position": {
                      "X": 146.0,
                      "Y": 60.0
                    },
                    "Scale": {
                      "ScaleX": 1.0,
                      "ScaleY": 1.0
                    },
                    "CColor": {},
                    "IconVisible": false,
                    "PrePosition": {
                      "X": 0.5017,
                      "Y": 0.5769
                    },
                    "PreSize": {
                      "X": 0.1065,
                      "Y": 0.4038
                    },
                    "LeftMargin": 130.5,
                    "RightMargin": 129.5,
                    "TopMargin": 23.0,
                    "BottomMargin": 39.0,
                    "Tag": 163,
                    "ActionTag": 2006593405,
                    "Size": {
                      "X": 31.0,
                      "Y": 42.0
                    },
                    "Name": "num_3",
                    "ctype": "SpriteObjectData"
                  }
                ],
                "ActionTag": 1551941097,
                "Size": {
                  "X": 291.0,
                  "Y": 104.0
                },
                "Name": "bt3",
                "ctype": "SpriteObjectData"
              },
              {
                "FileData": {
                  "Type": "Normal",
                  "Path": "image/ui/room2/btn_blue.png",
                  "Plist": ""
                },
                "BlendFunc": {
                  "Src": 1,
                  "Dst": 771
                },
                "AnchorPoint": {
                  "ScaleX": 0.5,
                  "ScaleY": 0.5
                },
                "Position": {
                  "X": 642.048,
                  "Y": 390.0
                },
                "Scale": {
                  "ScaleX": 1.0,
                  "ScaleY": 1.0
                },
                "CColor": {},
                "IconVisible": false,
                "PositionPercentXEnabled": true,
                "PrePosition": {
                  "X": 0.5016,
                  "Y": 0.5417
                },
                "PreSize": {
                  "X": 0.2273,
                  "Y": 0.1444
                },
                "LeftMargin": 496.548,
                "RightMargin": 492.452,
                "TopMargin": 278.0,
                "BottomMargin": 338.0,
                "Tag": 633,
                "Children": [
                  {
                    "FileData": {
                      "Type": "Normal",
                      "Path": "image/ui/room2/btn_join_02.png",
                      "Plist": ""
                    },
                    "BlendFunc": {
                      "Src": 1,
                      "Dst": 771
                    },
                    "AnchorPoint": {
                      "ScaleX": 0.5,
                      "ScaleY": 0.5
                    },
                    "Position": {
                      "X": 146.0,
                      "Y": 60.0
                    },
                    "Scale": {
                      "ScaleX": 1.0,
                      "ScaleY": 1.0
                    },
                    "CColor": {},
                    "IconVisible": false,
                    "PrePosition": {
                      "X": 0.5017,
                      "Y": 0.5769
                    },
                    "PreSize": {
                      "X": 0.1065,
                      "Y": 0.4038
                    },
                    "LeftMargin": 130.5,
                    "RightMargin": 129.5,
                    "TopMargin": 23.0,
                    "BottomMargin": 39.0,
                    "Tag": 164,
                    "ActionTag": -125192996,
                    "Size": {
                      "X": 31.0,
                      "Y": 42.0
                    },
                    "Name": "num_2",
                    "ctype": "SpriteObjectData"
                  }
                ],
                "ActionTag": 538959201,
                "Size": {
                  "X": 291.0,
                  "Y": 104.0
                },
                "Name": "bt2",
                "ctype": "SpriteObjectData"
              },
              {
                "FileData": {
                  "Type": "Normal",
                  "Path": "image/ui/room2/btn_blue.png",
                  "Plist": ""
                },
                "BlendFunc": {
                  "Src": 1,
                  "Dst": 771
                },
                "AnchorPoint": {
                  "ScaleX": 0.5,
                  "ScaleY": 0.5
                },
                "Position": {
                  "X": 339.9,
                  "Y": 390.0
                },
                "Scale": {
                  "ScaleX": 1.0,
                  "ScaleY": 1.0
                },
                "CColor": {},
                "IconVisible": false,
                "PrePosition": {
                  "X": 0.2655,
                  "Y": 0.5417
                },
                "PreSize": {
                  "X": 0.2273,
                  "Y": 0.1444
                },
                "LeftMargin": 194.4,
                "RightMargin": 794.6,
                "TopMargin": 278.0,
                "BottomMargin": 338.0,
                "Tag": 635,
                "Children": [
                  {
                    "FileData": {
                      "Type": "Normal",
                      "Path": "image/ui/room2/btn_join_01.png",
                      "Plist": ""
                    },
                    "BlendFunc": {
                      "Src": 1,
                      "Dst": 771
                    },
                    "AnchorPoint": {
                      "ScaleX": 0.5,
                      "ScaleY": 0.5
                    },
                    "Position": {
                      "X": 146.0,
                      "Y": 60.0
                    },
                    "Scale": {
                      "ScaleX": 1.0,
                      "ScaleY": 1.0
                    },
                    "CColor": {},
                    "IconVisible": false,
                    "PrePosition": {
                      "X": 0.5017,
                      "Y": 0.5769
                    },
                    "PreSize": {
                      "X": 0.0687,
                      "Y": 0.4038
                    },
                    "LeftMargin": 136.0,
                    "RightMargin": 135.0,
                    "TopMargin": 23.0,
                    "BottomMargin": 39.0,
                    "Tag": 165,
                    "ActionTag": -1129134903,
                    "Size": {
                      "X": 20.0,
                      "Y": 42.0
                    },
                    "Name": "num_1",
                    "ctype": "SpriteObjectData"
                  }
                ],
                "ActionTag": 1475753902,
                "Size": {
                  "X": 291.0,
                  "Y": 104.0
                },
                "Name": "bt1",
                "ctype": "SpriteObjectData"
              },
              {
                "FileData": {
                  "Type": "Normal",
                  "Path": "image/ui/room2/btn_blue.png",
                  "Plist": ""
                },
                "BlendFunc": {
                  "Src": 1,
                  "Dst": 771
                },
                "AnchorPoint": {
                  "ScaleX": 0.5,
                  "ScaleY": 0.5
                },
                "Position": {
                  "X": 642.0002,
                  "Y": 68.0
                },
                "Scale": {
                  "ScaleX": 1.0,
                  "ScaleY": 1.0
                },
                "CColor": {},
                "IconVisible": false,
                "PrePosition": {
                  "X": 0.5016,
                  "Y": 0.0944
                },
                "PreSize": {
                  "X": 0.2273,
                  "Y": 0.1444
                },
                "LeftMargin": 496.5002,
                "RightMargin": 492.4998,
                "TopMargin": 600.0,
                "BottomMargin": 16.0,
                "Tag": 637,
                "Children": [
                  {
                    "FileData": {
                      "Type": "Normal",
                      "Path": "image/ui/room2/btn_join_00.png",
                      "Plist": ""
                    },
                    "BlendFunc": {
                      "Src": 1,
                      "Dst": 771
                    },
                    "AnchorPoint": {
                      "ScaleX": 0.5,
                      "ScaleY": 0.5
                    },
                    "Position": {
                      "X": 146.0,
                      "Y": 60.0
                    },
                    "Scale": {
                      "ScaleX": 1.0,
                      "ScaleY": 1.0
                    },
                    "CColor": {},
                    "IconVisible": false,
                    "PrePosition": {
                      "X": 0.5017,
                      "Y": 0.5769
                    },
                    "PreSize": {
                      "X": 0.1031,
                      "Y": 0.4038
                    },
                    "LeftMargin": 131.0,
                    "RightMargin": 130.0,
                    "TopMargin": 23.0,
                    "BottomMargin": 39.0,
                    "Tag": 166,
                    "ActionTag": -292148792,
                    "Size": {
                      "X": 30.0,
                      "Y": 42.0
                    },
                    "Name": "num_0",
                    "ctype": "SpriteObjectData"
                  }
                ],
                "ActionTag": -1144773783,
                "Size": {
                  "X": 291.0,
                  "Y": 104.0
                },
                "Name": "bt0",
                "ctype": "SpriteObjectData"
              },
              {
                "FileData": {
                  "Type": "Normal",
                  "Path": "image/ui/room2/btn_yellow.png",
                  "Plist": ""
                },
                "BlendFunc": {
                  "Src": 1,
                  "Dst": 771
                },
                "AnchorPoint": {
                  "ScaleX": 0.5,
                  "ScaleY": 0.5
                },
                "Position": {
                  "X": 339.9,
                  "Y": 68.0
                },
                "Scale": {
                  "ScaleX": 1.0,
                  "ScaleY": 1.0
                },
                "CColor": {},
                "IconVisible": false,
                "PrePosition": {
                  "X": 0.2655,
                  "Y": 0.0944
                },
                "PreSize": {
                  "X": 0.2273,
                  "Y": 0.1556
                },
                "LeftMargin": 194.4,
                "RightMargin": 794.6,
                "TopMargin": 596.0,
                "BottomMargin": 12.0,
                "Tag": 639,
                "Children": [
                  {
                    "FileData": {
                      "Type": "Normal",
                      "Path": "image/ui/room2/txt_reinput.png",
                      "Plist": ""
                    },
                    "BlendFunc": {
                      "Src": 1,
                      "Dst": 771
                    },
                    "AnchorPoint": {
                      "ScaleX": 0.5,
                      "ScaleY": 0.5
                    },
                    "Position": {
                      "X": 146.0,
                      "Y": 60.0
                    },
                    "Scale": {
                      "ScaleX": 1.0,
                      "ScaleY": 1.0
                    },
                    "CColor": {},
                    "IconVisible": false,
                    "PrePosition": {
                      "X": 0.5017,
                      "Y": 0.5357
                    },
                    "PreSize": {
                      "X": 0.3333,
                      "Y": 0.3929
                    },
                    "LeftMargin": 97.5,
                    "RightMargin": 96.5,
                    "TopMargin": 30.0,
                    "BottomMargin": 38.0,
                    "Tag": 168,
                    "ActionTag": 1328490119,
                    "Size": {
                      "X": 97.0,
                      "Y": 44.0
                    },
                    "Name": "reinput",
                    "ctype": "SpriteObjectData"
                  }
                ],
                "ActionTag": -1004516689,
                "Size": {
                  "X": 291.0,
                  "Y": 112.0
                },
                "Name": "bt10",
                "ctype": "SpriteObjectData"
              },
              {
                "FileData": {
                  "Type": "Normal",
                  "Path": "image/ui/room2/btn_yellow.png",
                  "Plist": ""
                },
                "BlendFunc": {
                  "Src": 1,
                  "Dst": 771
                },
                "AnchorPoint": {
                  "ScaleX": 0.5,
                  "ScaleY": 0.5
                },
                "Position": {
                  "X": 939.0,
                  "Y": 68.0
                },
                "Scale": {
                  "ScaleX": 1.0,
                  "ScaleY": 1.0
                },
                "CColor": {},
                "IconVisible": false,
                "PrePosition": {
                  "X": 0.7336,
                  "Y": 0.0944
                },
                "PreSize": {
                  "X": 0.2273,
                  "Y": 0.1556
                },
                "LeftMargin": 793.5,
                "RightMargin": 195.5,
                "TopMargin": 596.0,
                "BottomMargin": 12.0,
                "Tag": 641,
                "Children": [
                  {
                    "FileData": {
                      "Type": "Normal",
                      "Path": "image/ui/room2/txt_delete.png",
                      "Plist": ""
                    },
                    "BlendFunc": {
                      "Src": 1,
                      "Dst": 771
                    },
                    "AnchorPoint": {
                      "ScaleX": 0.5,
                      "ScaleY": 0.5
                    },
                    "Position": {
                      "X": 146.0,
                      "Y": 60.0
                    },
                    "Scale": {
                      "ScaleX": 1.0,
                      "ScaleY": 1.0
                    },
                    "CColor": {},
                    "IconVisible": false,
                    "PrePosition": {
                      "X": 0.5017,
                      "Y": 0.5357
                    },
                    "PreSize": {
                      "X": 0.3368,
                      "Y": 0.3839
                    },
                    "LeftMargin": 97.0,
                    "RightMargin": 96.0,
                    "TopMargin": 30.5,
                    "BottomMargin": 38.5,
                    "Tag": 167,
                    "ActionTag": -700678730,
                    "Size": {
                      "X": 98.0,
                      "Y": 43.0
                    },
                    "Name": "delete",
                    "ctype": "SpriteObjectData"
                  }
                ],
                "ActionTag": -1158874073,
                "Size": {
                  "X": 291.0,
                  "Y": 112.0
                },
                "Name": "bt11",
                "ctype": "SpriteObjectData"
              }
            ],
            "ActionTag": -1892442144,
            "Size": {
              "X": 1280.0,
              "Y": 720.0
            },
            "Name": "root",
            "ctype": "PanelObjectData"
          }
        ],
        "Size": {
          "X": 1280.0,
          "Y": 720.0
        },
        "Name": "Layer",
        "ctype": "LayerObjectData"
      },
      "UsedResources": [
        "../../image/fonts/FZZY.TTF",
        "../../image/ui/room2/bg_join.png",
        "../../image/ui/room2/btn_blue.png",
        "../../image/ui/room2/btn_join_00.png",
        "../../image/ui/room2/btn_join_01.png",
        "../../image/ui/room2/btn_join_02.png",
        "../../image/ui/room2/btn_join_03.png",
        "../../image/ui/room2/btn_join_04.png",
        "../../image/ui/room2/btn_join_05.png",
        "../../image/ui/room2/btn_join_06.png",
        "../../image/ui/room2/btn_join_07.png",
        "../../image/ui/room2/btn_join_08.png",
        "../../image/ui/room2/btn_join_09.png",
        "../../image/ui/room2/btn_yellow.png",
        "../../image/ui/room2/room_join_close.png",
        "../../image/ui/room2/room2_numbg.png",
        "../../image/ui/room2/txt_delete.png",
        "../../image/ui/room2/txt_reinput.png",
        "../../image/ui/title/title_joinroom.png"
      ],
      "ctype": "GameFileData"
    }
  },
  "Type": "Layer"
}