{
  "ID": "5da97d0b-a365-488e-9f1d-a35b7ce88e0d",
  "Version": "2.3.4",
  "Name": "SafeTipLayer",
  "Content": {
    "Content": {
      "Animation": {
        "Duration": 0,
        "Speed": 1.0,
        "Timelines": [],
        "ctype": "TimelineActionData"
      },
      "AnimationList": [],
      "ObjectData": {
        "Tag": 687,
        "Children": [
          {
            "ClipAble": false,
            "BackColorAlpha": 127,
            "ComboBoxIndex": 1,
            "SingleColor": {
              "R": 0,
              "G": 0,
              "B": 0
            },
            "FirstColor": {
              "R": 150,
              "G": 200
            },
            "EndColor": {},
            "ColorVector": {
              "ScaleY": 1.0
            },
            "Scale9Width": 1,
            "Scale9Height": 1,
            "TouchEnable": true,
            "AnchorPoint": {},
            "Position": {
              "X": 0.0,
              "Y": 0.0
            },
            "Scale": {
              "ScaleX": 1.0,
              "ScaleY": 1.0
            },
            "CColor": {},
            "IconVisible": false,
            "PrePosition": {
              "X": 0.0,
              "Y": 0.0
            },
            "PreSize": {
              "X": 1.0,
              "Y": 1.0
            },
            "Tag": 842,
            "Children": [
              {
                "FileData": {
                  "Type": "Normal",
                  "Path": "image/ui/common/messagebg2.png",
                  "Plist": ""
                },
                "BlendFunc": {
                  "Src": 1,
                  "Dst": 771
                },
                "AnchorPoint": {
                  "ScaleY": 0.5
                },
                "Position": {
                  "X": 640.0,
                  "Y": 351.4835
                },
                "Scale": {
                  "ScaleX": 1.1,
                  "ScaleY": 1.1
                },
                "CColor": {},
                "IconVisible": false,
                "PositionPercentXEnabled": true,
                "PrePosition": {
                  "X": 0.5,
                  "Y": 0.4882
                },
                "PreSize": {
                  "X": 0.3281,
                  "Y": 0.6597
                },
                "LeftMargin": 640.0,
                "RightMargin": 220.0,
                "TopMargin": 131.0165,
                "BottomMargin": 113.9835,
                "Tag": 165,
                "ActionTag": 1314726210,
                "Size": {
                  "X": 420.0,
                  "Y": 475.0
                },
                "Name": "bg_r",
                "ctype": "SpriteObjectData"
              },
              {
                "FileData": {
                  "Type": "Normal",
                  "Path": "image/ui/common/messagebg2.png",
                  "Plist": ""
                },
                "BlendFunc": {
                  "Src": 1,
                  "Dst": 771
                },
                "AnchorPoint": {
                  "ScaleY": 0.5
                },
                "Position": {
                  "X": 640.0,
                  "Y": 351.4835
                },
                "Scale": {
                  "ScaleX": 1.1,
                  "ScaleY": -1.1
                },
                "RotationSkewX": 180.0,
                "RotationSkewY": 180.0,
                "CColor": {},
                "IconVisible": false,
                "PositionPercentXEnabled": true,
                "PrePosition": {
                  "X": 0.5,
                  "Y": 0.4882
                },
                "PreSize": {
                  "X": 0.3281,
                  "Y": 0.6597
                },
                "LeftMargin": 640.0,
                "RightMargin": 220.0,
                "TopMargin": 131.0165,
                "BottomMargin": 113.9835,
                "Tag": 166,
                "ActionTag": -1827226356,
                "Size": {
                  "X": 420.0,
                  "Y": 475.0
                },
                "Name": "bg_l",
                "ctype": "SpriteObjectData"
              },
              {
                "FileData": {
                  "Type": "Normal",
                  "Path": "image/ui/common/commom_title_bg2.png",
                  "Plist": ""
                },
                "BlendFunc": {
                  "Src": 1,
                  "Dst": 771
                },
                "AnchorPoint": {
                  "ScaleX": 0.5,
                  "ScaleY": 0.5
                },
                "Position": {
                  "X": 640.0,
                  "Y": 580.6409
                },
                "Scale": {
                  "ScaleX": 1.0,
                  "ScaleY": 1.0
                },
                "CColor": {},
                "IconVisible": false,
                "PositionPercentXEnabled": true,
                "PrePosition": {
                  "X": 0.5,
                  "Y": 0.8064
                },
                "PreSize": {
                  "X": 0.3297,
                  "Y": 0.1181
                },
                "LeftMargin": 429.0,
                "RightMargin": 429.0,
                "TopMargin": 96.8591,
                "BottomMargin": 538.1409,
                "Tag": 163,
                "Children": [
                  {
                    "FileData": {
                      "Type": "Normal",
                      "Path": "image/ui/title/title_aqts.png",
                      "Plist": ""
                    },
                    "BlendFunc": {
                      "Src": 1,
                      "Dst": 771
                    },
                    "AnchorPoint": {
                      "ScaleX": 0.5,
                      "ScaleY": 0.5
                    },
                    "Position": {
                      "X": 211.0,
                      "Y": 42.5
                    },
                    "Scale": {
                      "ScaleX": 1.0,
                      "ScaleY": 1.0
                    },
                    "CColor": {},
                    "IconVisible": false,
                    "PositionPercentXEnabled": true,
                    "PositionPercentYEnabled": true,
                    "PrePosition": {
                      "X": 0.5,
                      "Y": 0.5
                    },
                    "PreSize": {
                      "X": 0.5355,
                      "Y": 1.3529
                    },
                    "LeftMargin": 98.0,
                    "RightMargin": 98.0,
                    "TopMargin": -15.0,
                    "BottomMargin": -15.0,
                    "Tag": 164,
                    "ActionTag": 1332860335,
                    "Size": {
                      "X": 226.0,
                      "Y": 115.0
                    },
                    "Name": "title_set",
                    "ctype": "SpriteObjectData"
                  }
                ],
                "ActionTag": 1999821102,
                "Size": {
                  "X": 422.0,
                  "Y": 85.0
                },
                "Name": "commom_title",
                "ctype": "SpriteObjectData"
              },
              {
                "FileData": {
                  "Type": "Normal",
                  "Path": "image/ui/room/safebg.png",
                  "Plist": ""
                },
                "Scale9OriginX": 192,
                "Scale9OriginY": 55,
                "Scale9Width": 67,
                "Scale9Height": 57,
                "AnchorPoint": {
                  "ScaleX": 0.5,
                  "ScaleY": 0.5
                },
                "Position": {
                  "X": 635.6891,
                  "Y": 362.5716
                },
                "Scale": {
                  "ScaleX": 1.0,
                  "ScaleY": 1.0
                },
                "CColor": {},
                "IconVisible": false,
                "PrePosition": {
                  "X": 0.4966,
                  "Y": 0.5036
                },
                "PreSize": {
                  "X": 0.3523,
                  "Y": 0.2319
                },
                "LeftMargin": 410.1891,
                "RightMargin": 418.8109,
                "TopMargin": 273.9284,
                "BottomMargin": 279.0716,
                "Tag": 735,
                "ActionTag": 2083739044,
                "Size": {
                  "X": 451.0,
                  "Y": 167.0
                },
                "Name": "innnerbg",
                "ctype": "ImageViewObjectData"
              },
              {
                "FileData": {
                  "Type": "Normal",
                  "Path": "image/ui/head/head_80x80.png",
                  "Plist": ""
                },
                "Scale9OriginX": 26,
                "Scale9OriginY": 26,
                "Scale9Width": 28,
                "Scale9Height": 28,
                "AnchorPoint": {
                  "ScaleX": 0.5,
                  "ScaleY": 0.5
                },
                "Position": {
                  "X": 637.1249,
                  "Y": 237.8895
                },
                "Scale": {
                  "ScaleX": 1.0,
                  "ScaleY": 1.0
                },
                "CColor": {},
                "IconVisible": false,
                "PrePosition": {
                  "X": 0.4978,
                  "Y": 0.3304
                },
                "PreSize": {
                  "X": 0.0625,
                  "Y": 0.1111
                },
                "LeftMargin": 597.1249,
                "RightMargin": 602.8751,
                "TopMargin": 442.1105,
                "BottomMargin": 197.8895,
                "Tag": 1128,
                "Children": [
                  {
                    "FileData": {
                      "Type": "Normal",
                      "Path": "image/ui/head/transparent_80x80.png",
                      "Plist": ""
                    },
                    "BlendFunc": {
                      "Src": 1,
                      "Dst": 771
                    },
                    "AnchorPoint": {
                      "ScaleX": 0.5,
                      "ScaleY": 0.5
                    },
                    "Position": {
                      "X": 40.0,
                      "Y": 40.0
                    },
                    "Scale": {
                      "ScaleX": 1.0,
                      "ScaleY": 1.0
                    },
                    "CColor": {},
                    "IconVisible": false,
                    "PositionPercentXEnabled": true,
                    "PositionPercentYEnabled": true,
                    "PrePosition": {
                      "X": 0.5,
                      "Y": 0.5
                    },
                    "PreSize": {
                      "X": 0.925,
                      "Y": 0.925
                    },
                    "LeftMargin": 3.0,
                    "RightMargin": 3.0,
                    "TopMargin": 3.0,
                    "BottomMargin": 3.0,
                    "Tag": 223,
                    "ActionTag": 895874446,
                    "Size": {
                      "X": 74.0,
                      "Y": 74.0
                    },
                    "Name": "_head",
                    "ctype": "SpriteObjectData"
                  }
                ],
                "ActionTag": 1393428461,
                "Size": {
                  "X": 80.0,
                  "Y": 80.0
                },
                "Name": "head0",
                "ctype": "ImageViewObjectData"
              },
              {
                "FileData": {
                  "Type": "Normal",
                  "Path": "image/ui/head/head_80x80.png",
                  "Plist": ""
                },
                "Scale9OriginX": 26,
                "Scale9OriginY": 26,
                "Scale9Width": 28,
                "Scale9Height": 28,
                "AnchorPoint": {
                  "ScaleX": 0.5,
                  "ScaleY": 0.5
                },
                "Position": {
                  "X": 632.878,
                  "Y": 495.9245
                },
                "Scale": {
                  "ScaleX": 1.0,
                  "ScaleY": 1.0
                },
                "CColor": {},
                "IconVisible": false,
                "PrePosition": {
                  "X": 0.4944,
                  "Y": 0.6888
                },
                "PreSize": {
                  "X": 0.0625,
                  "Y": 0.1111
                },
                "LeftMargin": 592.878,
                "RightMargin": 607.122,
                "TopMargin": 184.0754,
                "BottomMargin": 455.9245,
                "Tag": 1233,
                "Children": [
                  {
                    "FileData": {
                      "Type": "Normal",
                      "Path": "image/ui/head/transparent_80x80.png",
                      "Plist": ""
                    },
                    "BlendFunc": {
                      "Src": 1,
                      "Dst": 771
                    },
                    "AnchorPoint": {
                      "ScaleX": 0.5,
                      "ScaleY": 0.5
                    },
                    "Position": {
                      "X": 40.0,
                      "Y": 40.0
                    },
                    "Scale": {
                      "ScaleX": 1.0,
                      "ScaleY": 1.0
                    },
                    "CColor": {},
                    "IconVisible": false,
                    "PositionPercentXEnabled": true,
                    "PositionPercentYEnabled": true,
                    "PrePosition": {
                      "X": 0.5,
                      "Y": 0.5
                    },
                    "PreSize": {
                      "X": 0.925,
                      "Y": 0.925
                    },
                    "LeftMargin": 3.0,
                    "RightMargin": 3.0,
                    "TopMargin": 3.0,
                    "BottomMargin": 3.0,
                    "Tag": 231,
                    "ActionTag": -104295346,
                    "Size": {
                      "X": 74.0,
                      "Y": 74.0
                    },
                    "Name": "_head",
                    "ctype": "SpriteObjectData"
                  }
                ],
                "ActionTag": 737258873,
                "Size": {
                  "X": 80.0,
                  "Y": 80.0
                },
                "Name": "head2",
                "ctype": "ImageViewObjectData"
              },
              {
                "FileData": {
                  "Type": "Normal",
                  "Path": "image/ui/head/head_80x80.png",
                  "Plist": ""
                },
                "Scale9OriginX": 26,
                "Scale9OriginY": 26,
                "Scale9Width": 28,
                "Scale9Height": 28,
                "AnchorPoint": {
                  "ScaleX": 0.5,
                  "ScaleY": 0.5
                },
                "Position": {
                  "X": 908.6821,
                  "Y": 352.8115
                },
                "Scale": {
                  "ScaleX": 1.0,
                  "ScaleY": 1.0
                },
                "CColor": {},
                "IconVisible": false,
                "PrePosition": {
                  "X": 0.7099,
                  "Y": 0.49
                },
                "PreSize": {
                  "X": 0.0625,
                  "Y": 0.1111
                },
                "LeftMargin": 868.6821,
                "RightMargin": 331.3179,
                "TopMargin": 327.1885,
                "BottomMargin": 312.8115,
                "Tag": 1234,
                "Children": [
                  {
                    "FileData": {
                      "Type": "Normal",
                      "Path": "image/ui/head/transparent_80x80.png",
                      "Plist": ""
                    },
                    "BlendFunc": {
                      "Src": 1,
                      "Dst": 771
                    },
                    "AnchorPoint": {
                      "ScaleX": 0.5,
                      "ScaleY": 0.5
                    },
                    "Position": {
                      "X": 40.0,
                      "Y": 40.0
                    },
                    "Scale": {
                      "ScaleX": 1.0,
                      "ScaleY": 1.0
                    },
                    "CColor": {},
                    "IconVisible": false,
                    "PositionPercentXEnabled": true,
                    "PositionPercentYEnabled": true,
                    "PrePosition": {
                      "X": 0.5,
                      "Y": 0.5
                    },
                    "PreSize": {
                      "X": 0.925,
                      "Y": 0.925
                    },
                    "LeftMargin": 3.0,
                    "RightMargin": 3.0,
                    "TopMargin": 3.0,
                    "BottomMargin": 3.0,
                    "Tag": 232,
                    "ActionTag": 294931680,
                    "Size": {
                      "X": 74.0,
                      "Y": 74.0
                    },
                    "Name": "_head",
                    "ctype": "SpriteObjectData"
                  }
                ],
                "ActionTag": -1987519972,
                "Size": {
                  "X": 80.0,
                  "Y": 80.0
                },
                "Name": "head1",
                "ctype": "ImageViewObjectData"
              },
              {
                "FileData": {
                  "Type": "Normal",
                  "Path": "image/ui/head/head_80x80.png",
                  "Plist": ""
                },
                "Scale9OriginX": 26,
                "Scale9OriginY": 26,
                "Scale9Width": 28,
                "Scale9Height": 28,
                "AnchorPoint": {
                  "ScaleX": 0.5,
                  "ScaleY": 0.5
                },
                "Position": {
                  "X": 365.5773,
                  "Y": 358.5627
                },
                "Scale": {
                  "ScaleX": 1.0,
                  "ScaleY": 1.0
                },
                "CColor": {},
                "IconVisible": false,
                "PrePosition": {
                  "X": 0.2856,
                  "Y": 0.498
                },
                "PreSize": {
                  "X": 0.0625,
                  "Y": 0.1111
                },
                "LeftMargin": 325.5773,
                "RightMargin": 874.4227,
                "TopMargin": 321.4373,
                "BottomMargin": 318.5627,
                "Tag": 1235,
                "Children": [
                  {
                    "FileData": {
                      "Type": "Normal",
                      "Path": "image/ui/head/transparent_80x80.png",
                      "Plist": ""
                    },
                    "BlendFunc": {
                      "Src": 1,
                      "Dst": 771
                    },
                    "AnchorPoint": {
                      "ScaleX": 0.5,
                      "ScaleY": 0.5
                    },
                    "Position": {
                      "X": 40.0,
                      "Y": 40.0
                    },
                    "Scale": {
                      "ScaleX": 1.0,
                      "ScaleY": 1.0
                    },
                    "CColor": {},
                    "IconVisible": false,
                    "PositionPercentXEnabled": true,
                    "PositionPercentYEnabled": true,
                    "PrePosition": {
                      "X": 0.5,
                      "Y": 0.5
                    },
                    "PreSize": {
                      "X": 0.925,
                      "Y": 0.925
                    },
                    "LeftMargin": 3.0,
                    "RightMargin": 3.0,
                    "TopMargin": 3.0,
                    "BottomMargin": 3.0,
                    "Tag": 230,
                    "ActionTag": 316396210,
                    "Size": {
                      "X": 74.0,
                      "Y": 74.0
                    },
                    "Name": "_head",
                    "ctype": "SpriteObjectData"
                  }
                ],
                "ActionTag": 593545456,
                "Size": {
                  "X": 80.0,
                  "Y": 80.0
                },
                "Name": "head3",
                "ctype": "ImageViewObjectData"
              },
              {
                "FontSize": 22,
                "LabelText": "据我100000公里，IP相同",
                "FontResource": {
                  "Type": "Normal",
                  "Path": "image/fonts/FZZY.TTF",
                  "Plist": ""
                },
                "HorizontalAlignmentType": "HT_Center",
                "OutlineColor": {
                  "G": 0,
                  "B": 0
                },
                "ShadowColor": {
                  "R": 110,
                  "G": 110,
                  "B": 110
                },
                "ShadowOffsetX": 2.0,
                "ShadowOffsetY": -2.0,
                "AnchorPoint": {
                  "ScaleX": 0.5,
                  "ScaleY": 0.5
                },
                "Position": {
                  "X": 504.8009,
                  "Y": 397.0121
                },
                "Scale": {
                  "ScaleX": 1.0,
                  "ScaleY": 1.0
                },
                "RotationSkewX": -15.0002,
                "RotationSkewY": -15.0002,
                "CColor": {
                  "R": 197,
                  "G": 213
                },
                "IconVisible": false,
                "PrePosition": {
                  "X": 0.3944,
                  "Y": 0.5514
                },
                "PreSize": {
                  "X": 0.1867,
                  "Y": 0.0347
                },
                "LeftMargin": 385.3009,
                "RightMargin": 655.6991,
                "TopMargin": 310.4879,
                "BottomMargin": 384.5121,
                "Tag": 216,
                "ActionTag": -1436104865,
                "Size": {
                  "X": 239.0,
                  "Y": 25.0
                },
                "Name": "juli3to4",
                "ctype": "TextObjectData"
              },
              {
                "FontSize": 22,
                "LabelText": "据我100000公里，IP相同",
                "FontResource": {
                  "Type": "Normal",
                  "Path": "image/fonts/FZZY.TTF",
                  "Plist": ""
                },
                "HorizontalAlignmentType": "HT_Center",
                "OutlineColor": {
                  "G": 0,
                  "B": 0
                },
                "ShadowColor": {
                  "R": 110,
                  "G": 110,
                  "B": 110
                },
                "ShadowOffsetX": 2.0,
                "ShadowOffsetY": -2.0,
                "AnchorPoint": {
                  "ScaleX": 0.5,
                  "ScaleY": 0.5
                },
                "Position": {
                  "X": 529.1171,
                  "Y": 361.525
                },
                "Scale": {
                  "ScaleX": 1.0,
                  "ScaleY": 1.0
                },
                "CColor": {
                  "R": 197,
                  "G": 213
                },
                "IconVisible": false,
                "PrePosition": {
                  "X": 0.4134,
                  "Y": 0.5021
                },
                "PreSize": {
                  "X": 0.1867,
                  "Y": 0.0347
                },
                "LeftMargin": 409.6171,
                "RightMargin": 631.3829,
                "TopMargin": 345.975,
                "BottomMargin": 349.025,
                "Tag": 218,
                "ActionTag": -406632180,
                "Size": {
                  "X": 239.0,
                  "Y": 25.0
                },
                "Name": "juli2to4",
                "ctype": "TextObjectData"
              },
              {
                "FontSize": 22,
                "LabelText": "据我100000公里，IP相同",
                "FontResource": {
                  "Type": "Normal",
                  "Path": "image/fonts/FZZY.TTF",
                  "Plist": ""
                },
                "OutlineColor": {
                  "G": 0,
                  "B": 0
                },
                "ShadowColor": {
                  "R": 110,
                  "G": 110,
                  "B": 110
                },
                "ShadowOffsetX": 2.0,
                "ShadowOffsetY": -2.0,
                "AnchorPoint": {
                  "ScaleX": 0.5,
                  "ScaleY": 0.5
                },
                "Position": {
                  "X": 763.2739,
                  "Y": 361.3887
                },
                "Scale": {
                  "ScaleX": 1.0,
                  "ScaleY": 1.0
                },
                "CColor": {
                  "R": 197,
                  "G": 213
                },
                "IconVisible": false,
                "PrePosition": {
                  "X": 0.5963,
                  "Y": 0.5019
                },
                "PreSize": {
                  "X": 0.1867,
                  "Y": 0.0347
                },
                "LeftMargin": 643.7739,
                "RightMargin": 397.2261,
                "TopMargin": 346.1113,
                "BottomMargin": 348.8887,
                "Tag": 219,
                "ActionTag": 849067785,
                "Size": {
                  "X": 239.0,
                  "Y": 25.0
                },
                "Name": "juli1to3",
                "ctype": "TextObjectData"
              },
              {
                "FontSize": 22,
                "LabelText": "据我100000公里，IP相同",
                "FontResource": {
                  "Type": "Normal",
                  "Path": "image/fonts/FZZY.TTF",
                  "Plist": ""
                },
                "HorizontalAlignmentType": "HT_Center",
                "OutlineColor": {
                  "G": 0,
                  "B": 0
                },
                "ShadowColor": {
                  "R": 110,
                  "G": 110,
                  "B": 110
                },
                "ShadowOffsetX": 2.0,
                "ShadowOffsetY": -2.0,
                "AnchorPoint": {
                  "ScaleX": 0.5,
                  "ScaleY": 0.5
                },
                "Position": {
                  "X": 760.0515,
                  "Y": 299.9772
                },
                "Scale": {
                  "ScaleX": 1.0,
                  "ScaleY": 1.0
                },
                "RotationSkewX": -14.9981,
                "RotationSkewY": -14.9998,
                "CColor": {
                  "R": 197,
                  "G": 213
                },
                "IconVisible": false,
                "PrePosition": {
                  "X": 0.5938,
                  "Y": 0.4166
                },
                "PreSize": {
                  "X": 0.1867,
                  "Y": 0.0347
                },
                "LeftMargin": 640.5515,
                "RightMargin": 400.4485,
                "TopMargin": 407.5228,
                "BottomMargin": 287.4772,
                "Tag": 220,
                "ActionTag": 843247045,
                "Size": {
                  "X": 239.0,
                  "Y": 25.0
                },
                "Name": "juli1to2",
                "ctype": "TextObjectData"
              },
              {
                "FontSize": 22,
                "LabelText": "据我100000公里，IP相同",
                "FontResource": {
                  "Type": "Normal",
                  "Path": "image/fonts/FZZY.TTF",
                  "Plist": ""
                },
                "HorizontalAlignmentType": "HT_Center",
                "OutlineColor": {
                  "G": 0,
                  "B": 0
                },
                "ShadowColor": {
                  "R": 110,
                  "G": 110,
                  "B": 110
                },
                "ShadowOffsetX": 2.0,
                "ShadowOffsetY": -2.0,
                "AnchorPoint": {
                  "ScaleX": 0.5,
                  "ScaleY": 0.5
                },
                "Position": {
                  "X": 506.761,
                  "Y": 301.8991
                },
                "Scale": {
                  "ScaleX": 1.0,
                  "ScaleY": 1.0
                },
                "RotationSkewX": 15.0002,
                "RotationSkewY": 15.0002,
                "CColor": {
                  "R": 197,
                  "G": 213
                },
                "IconVisible": false,
                "PrePosition": {
                  "X": 0.3959,
                  "Y": 0.4193
                },
                "PreSize": {
                  "X": 0.1867,
                  "Y": 0.0347
                },
                "LeftMargin": 387.261,
                "RightMargin": 653.739,
                "TopMargin": 405.6009,
                "BottomMargin": 289.3991,
                "Tag": 221,
                "ActionTag": 1083192773,
                "Size": {
                  "X": 239.0,
                  "Y": 25.0
                },
                "Name": "juli4to1",
                "ctype": "TextObjectData"
              },
              {
                "FontSize": 22,
                "LabelText": "据我100000公里，IP相同",
                "FontResource": {
                  "Type": "Normal",
                  "Path": "image/fonts/FZZY.TTF",
                  "Plist": ""
                },
                "HorizontalAlignmentType": "HT_Center",
                "OutlineColor": {
                  "G": 0,
                  "B": 0
                },
                "ShadowColor": {
                  "R": 110,
                  "G": 110,
                  "B": 110
                },
                "ShadowOffsetX": 2.0,
                "ShadowOffsetY": -2.0,
                "AnchorPoint": {
                  "ScaleX": 0.4506,
                  "ScaleY": 0.6451
                },
                "Position": {
                  "X": 753.5226,
                  "Y": 405.2719
                },
                "Scale": {
                  "ScaleX": 1.0,
                  "ScaleY": 1.0
                },
                "RotationSkewX": 14.9981,
                "RotationSkewY": 14.9998,
                "CColor": {
                  "R": 197,
                  "G": 213
                },
                "IconVisible": false,
                "PrePosition": {
                  "X": 0.5887,
                  "Y": 0.5629
                },
                "PreSize": {
                  "X": 0.1867,
                  "Y": 0.0347
                },
                "LeftMargin": 645.8292,
                "RightMargin": 395.1708,
                "TopMargin": 305.8556,
                "BottomMargin": 389.1444,
                "Tag": 222,
                "ActionTag": -1811893703,
                "Size": {
                  "X": 239.0,
                  "Y": 25.0
                },
                "Name": "juli2to3",
                "ctype": "TextObjectData"
              },
              {
                "FileData": {
                  "Type": "Normal",
                  "Path": "image/ui/btn/btn_likai.png",
                  "Plist": ""
                },
                "BlendFunc": {
                  "Src": 1,
                  "Dst": 771
                },
                "AnchorPoint": {
                  "ScaleX": 0.5,
                  "ScaleY": 0.5
                },
                "Position": {
                  "X": 485.8034,
                  "Y": 148.539
                },
                "Scale": {
                  "ScaleX": 1.0,
                  "ScaleY": 1.0
                },
                "CColor": {},
                "IconVisible": false,
                "PositionPercentXEnabled": true,
                "PrePosition": {
                  "X": 0.3795,
                  "Y": 0.2063
                },
                "PreSize": {
                  "X": 0.1641,
                  "Y": 0.0847
                },
                "LeftMargin": 380.8034,
                "RightMargin": 689.1966,
                "TopMargin": 540.9609,
                "BottomMargin": 118.039,
                "Tag": 104,
                "ActionTag": -1021287176,
                "Size": {
                  "X": 210.0,
                  "Y": 61.0
                },
                "Name": "btn_cancel",
                "ctype": "SpriteObjectData"
              },
              {
                "FileData": {
                  "Type": "Normal",
                  "Path": "image/ui/btn/btn_jixu.png",
                  "Plist": ""
                },
                "BlendFunc": {
                  "Src": 1,
                  "Dst": 771
                },
                "AnchorPoint": {
                  "ScaleX": 0.5,
                  "ScaleY": 0.5
                },
                "Position": {
                  "X": 742.4391,
                  "Y": 148.539
                },
                "Scale": {
                  "ScaleX": 1.0,
                  "ScaleY": 1.0
                },
                "CColor": {},
                "IconVisible": false,
                "PositionPercentXEnabled": true,
                "PrePosition": {
                  "X": 0.58,
                  "Y": 0.2063
                },
                "PreSize": {
                  "X": 0.1641,
                  "Y": 0.0847
                },
                "LeftMargin": 637.4391,
                "RightMargin": 432.5609,
                "TopMargin": 540.9609,
                "BottomMargin": 118.039,
                "Tag": 102,
                "ActionTag": -1808952789,
                "Size": {
                  "X": 210.0,
                  "Y": 61.0
                },
                "Name": "btn_ok",
                "ctype": "SpriteObjectData"
              }
            ],
            "ActionTag": 1118630144,
            "Size": {
              "X": 1280.0,
              "Y": 720.0
            },
            "Name": "root",
            "ctype": "PanelObjectData"
          }
        ],
        "Size": {
          "X": 1280.0,
          "Y": 720.0
        },
        "Name": "Layer",
        "ctype": "LayerObjectData"
      },
      "UsedResources": [
        "../../image/fonts/FZZY.TTF",
        "../../image/ui/btn/btn_jixu.png",
        "../../image/ui/btn/btn_likai.png",
        "../../image/ui/common/commom_title_bg2.png",
        "../../image/ui/common/messagebg2.png",
        "../../image/ui/head/head_80x80.png",
        "../../image/ui/head/transparent_80x80.png",
        "../../image/ui/room/safebg.png",
        "../../image/ui/title/title_aqts.png"
      ],
      "ctype": "GameFileData"
    }
  },
  "Type": "Layer"
}