{
  "ID": "8981a256-c0fc-4bcf-af2d-5f92c1cb3a8d",
  "Version": "2.3.4",
  "Name": "ShareLayer",
  "Content": {
    "Content": {
      "Animation": {
        "Duration": 0,
        "Speed": 1.0,
        "Timelines": [],
        "ctype": "TimelineActionData"
      },
      "AnimationList": [],
      "ObjectData": {
        "Tag": 3955,
        "Children": [
          {
            "ClipAble": false,
            "BackColorAlpha": 127,
            "SingleColor": {
              "R": 0,
              "G": 0,
              "B": 0
            },
            "FirstColor": {
              "R": 150,
              "G": 200
            },
            "EndColor": {},
            "ColorVector": {
              "ScaleY": 1.0
            },
            "Scale9Width": 1,
            "Scale9Height": 1,
            "TouchEnable": true,
            "AnchorPoint": {},
            "Position": {
              "X": 0.0,
              "Y": 0.0
            },
            "Scale": {
              "ScaleX": 1.0,
              "ScaleY": 1.0
            },
            "CColor": {},
            "IconVisible": false,
            "PrePosition": {
              "X": 0.0,
              "Y": 0.0
            },
            "PreSize": {
              "X": 1.0,
              "Y": 1.0
            },
            "Tag": 3956,
            "Children": [
              {
                "ClipAble": false,
                "BackColorAlpha": 102,
                "SingleColor": {
                  "R": 150,
                  "G": 200
                },
                "FirstColor": {
                  "R": 150,
                  "G": 200
                },
                "EndColor": {},
                "ColorVector": {
                  "ScaleY": 1.0
                },
                "Scale9Width": 1,
                "Scale9Height": 1,
                "TouchEnable": true,
                "AnchorPoint": {
                  "ScaleX": 0.5,
                  "ScaleY": 0.5
                },
                "Position": {
                  "X": 637.994,
                  "Y": 347.2913
                },
                "Scale": {
                  "ScaleX": 1.0,
                  "ScaleY": 1.0
                },
                "CColor": {},
                "IconVisible": false,
                "PrePosition": {
                  "X": 0.4984,
                  "Y": 0.4823
                },
                "PreSize": {
                  "X": 0.6406,
                  "Y": 0.6667
                },
                "LeftMargin": 227.994,
                "RightMargin": 232.006,
                "TopMargin": 132.7087,
                "BottomMargin": 107.2913,
                "Tag": 372,
                "Children": [
                  {
                    "FileData": {
                      "Type": "Normal",
                      "Path": "image/ui/common/messagebg.png",
                      "Plist": ""
                    },
                    "Scale9OriginX": 138,
                    "Scale9OriginY": 156,
                    "Scale9Width": 144,
                    "Scale9Height": 163,
                    "AnchorPoint": {
                      "ScaleX": 1.0,
                      "ScaleY": 0.5
                    },
                    "Position": {
                      "X": -10.0002,
                      "Y": 222.0005
                    },
                    "Scale": {
                      "ScaleX": 1.0,
                      "ScaleY": -1.0
                    },
                    "RotationSkewX": 180.0,
                    "RotationSkewY": 180.0,
                    "CColor": {},
                    "IconVisible": false,
                    "PrePosition": {
                      "X": -0.0122,
                      "Y": 0.4625
                    },
                    "PreSize": {
                      "X": 0.5122,
                      "Y": 0.9896
                    },
                    "LeftMargin": -430.0002,
                    "RightMargin": 830.0002,
                    "TopMargin": 20.4995,
                    "BottomMargin": -15.4995,
                    "Tag": 228,
                    "ActionTag": 2106437252,
                    "Size": {
                      "X": 420.0,
                      "Y": 475.0
                    },
                    "VisibleForFrame": false,
                    "Name": "bg2",
                    "ctype": "ImageViewObjectData"
                  },
                  {
                    "FileData": {
                      "Type": "Normal",
                      "Path": "image/ui/common/shareTypes_bg.png",
                      "Plist": ""
                    },
                    "Scale9OriginX": 20,
                    "Scale9OriginY": 20,
                    "Scale9Width": 652,
                    "Scale9Height": 381,
                    "AnchorPoint": {
                      "ScaleX": 0.5,
                      "ScaleY": 0.5
                    },
                    "Position": {
                      "X": 410.0,
                      "Y": 240.0
                    },
                    "Scale": {
                      "ScaleX": 1.0,
                      "ScaleY": 1.0
                    },
                    "CColor": {},
                    "IconVisible": false,
                    "PositionPercentXEnabled": true,
                    "PositionPercentYEnabled": true,
                    "PrePosition": {
                      "X": 0.5,
                      "Y": 0.5
                    },
                    "PreSize": {
                      "X": 0.8439,
                      "Y": 0.8771
                    },
                    "LeftMargin": 64.0,
                    "RightMargin": 64.0,
                    "TopMargin": 29.5,
                    "BottomMargin": 29.5,
                    "Tag": 200,
                    "Children": [
                      {
                        "FileData": {
                          "Type": "Normal",
                          "Path": "image/ui/title/share_title.png",
                          "Plist": ""
                        },
                        "BlendFunc": {
                          "Src": 1,
                          "Dst": 771
                        },
                        "AnchorPoint": {
                          "ScaleX": 0.5,
                          "ScaleY": 0.5
                        },
                        "Position": {
                          "X": 346.0,
                          "Y": 380.163
                        },
                        "Scale": {
                          "ScaleX": 1.0,
                          "ScaleY": 1.0
                        },
                        "CColor": {},
                        "IconVisible": false,
                        "PositionPercentXEnabled": true,
                        "PositionPercentYEnabled": true,
                        "PrePosition": {
                          "X": 0.5,
                          "Y": 0.903
                        },
                        "PreSize": {
                          "X": 0.159,
                          "Y": 0.1259
                        },
                        "LeftMargin": 291.0,
                        "RightMargin": 291.0,
                        "TopMargin": 14.337,
                        "BottomMargin": 353.663,
                        "Tag": 201,
                        "ActionTag": 1752091270,
                        "Size": {
                          "X": 110.0,
                          "Y": 53.0
                        },
                        "Name": "title_set",
                        "ctype": "SpriteObjectData"
                      },
                      {
                        "FileData": {
                          "Type": "Normal",
                          "Path": "image/ui/common/commom_title_bg2.png",
                          "Plist": ""
                        },
                        "BlendFunc": {
                          "Src": 1,
                          "Dst": 771
                        },
                        "AnchorPoint": {
                          "ScaleX": 0.5,
                          "ScaleY": 0.5
                        },
                        "Position": {
                          "X": 0.0,
                          "Y": 442.0
                        },
                        "Scale": {
                          "ScaleX": 1.0,
                          "ScaleY": 1.0
                        },
                        "CColor": {},
                        "IconVisible": false,
                        "PositionPercentXEnabled": true,
                        "PrePosition": {
                          "X": 0.0,
                          "Y": 1.0499
                        },
                        "PreSize": {
                          "X": 0.6098,
                          "Y": 0.2019
                        },
                        "LeftMargin": -211.0,
                        "RightMargin": 481.0,
                        "TopMargin": -63.5,
                        "BottomMargin": 399.5,
                        "Tag": 376,
                        "Children": [
                          {
                            "FileData": {
                              "Type": "Normal",
                              "Path": "image/ui/title/share_title.png",
                              "Plist": ""
                            },
                            "BlendFunc": {
                              "Src": 1,
                              "Dst": 771
                            },
                            "AnchorPoint": {
                              "ScaleX": 0.5,
                              "ScaleY": 0.5
                            },
                            "Position": {
                              "X": 211.0,
                              "Y": 42.5
                            },
                            "Scale": {
                              "ScaleX": 1.0,
                              "ScaleY": 1.0
                            },
                            "CColor": {},
                            "IconVisible": false,
                            "PositionPercentXEnabled": true,
                            "PositionPercentYEnabled": true,
                            "PrePosition": {
                              "X": 0.5,
                              "Y": 0.5
                            },
                            "PreSize": {
                              "X": 0.2607,
                              "Y": 0.6235
                            },
                            "LeftMargin": 156.0,
                            "RightMargin": 156.0,
                            "TopMargin": 16.0,
                            "BottomMargin": 16.0,
                            "Tag": 482,
                            "ActionTag": 806608779,
                            "Size": {
                              "X": 110.0,
                              "Y": 53.0
                            },
                            "Name": "title_set_1",
                            "ctype": "SpriteObjectData"
                          }
                        ],
                        "ActionTag": -946336935,
                        "Size": {
                          "X": 422.0,
                          "Y": 85.0
                        },
                        "VisibleForFrame": false,
                        "Name": "commom_title_bg2_35",
                        "ctype": "SpriteObjectData"
                      },
                      {
                        "FileData": {
                          "Type": "Normal",
                          "Path": "image/ui/common/commom_bg3.png",
                          "Plist": ""
                        },
                        "Scale9Enable": true,
                        "Scale9OriginX": 20,
                        "Scale9OriginY": 20,
                        "Scale9Width": 10,
                        "Scale9Height": 11,
                        "AnchorPoint": {
                          "ScaleX": 0.5,
                          "ScaleY": 0.5
                        },
                        "Position": {
                          "X": -198.0015,
                          "Y": 199.4721
                        },
                        "Scale": {
                          "ScaleX": 1.0,
                          "ScaleY": 1.0
                        },
                        "CColor": {},
                        "IconVisible": false,
                        "PrePosition": {
                          "X": -0.2861,
                          "Y": 0.4738
                        },
                        "PreSize": {
                          "X": 0.3468,
                          "Y": 0.7601
                        },
                        "LeftMargin": -318.0015,
                        "RightMargin": 770.0015,
                        "TopMargin": 61.5279,
                        "BottomMargin": 39.4721,
                        "Tag": 230,
                        "ActionTag": -194615080,
                        "Size": {
                          "X": 240.0,
                          "Y": 320.0
                        },
                        "VisibleForFrame": false,
                        "Name": "Image_3",
                        "ctype": "ImageViewObjectData"
                      },
                      {
                        "FileData": {
                          "Type": "Normal",
                          "Path": "image/ui/common/commom_bg3.png",
                          "Plist": ""
                        },
                        "Scale9Enable": true,
                        "Scale9OriginX": 20,
                        "Scale9OriginY": 20,
                        "Scale9Width": 10,
                        "Scale9Height": 11,
                        "AnchorPoint": {
                          "ScaleX": 0.5,
                          "ScaleY": 0.5
                        },
                        "Position": {
                          "X": 206.9731,
                          "Y": 200.9465
                        },
                        "Scale": {
                          "ScaleX": 1.0,
                          "ScaleY": 1.0
                        },
                        "CColor": {},
                        "IconVisible": false,
                        "PrePosition": {
                          "X": 0.2991,
                          "Y": 0.4773
                        },
                        "PreSize": {
                          "X": 0.3468,
                          "Y": 0.7601
                        },
                        "LeftMargin": 86.9731,
                        "RightMargin": 365.0269,
                        "TopMargin": 60.0535,
                        "BottomMargin": 40.9465,
                        "Tag": 231,
                        "ActionTag": 1902159356,
                        "Size": {
                          "X": 240.0,
                          "Y": 320.0
                        },
                        "VisibleForFrame": false,
                        "Name": "Image_4",
                        "ctype": "ImageViewObjectData"
                      },
                      {
                        "FileData": {
                          "Type": "Normal",
                          "Path": "image/ui/hall/share_friend.png",
                          "Plist": ""
                        },
                        "BlendFunc": {
                          "Src": 1,
                          "Dst": 771
                        },
                        "AnchorPoint": {
                          "ScaleX": 0.5,
                          "ScaleY": 0.5
                        },
                        "Position": {
                          "X": 200.4343,
                          "Y": 130.2862
                        },
                        "Scale": {
                          "ScaleX": 1.0,
                          "ScaleY": 1.0
                        },
                        "CColor": {},
                        "IconVisible": false,
                        "PrePosition": {
                          "X": 0.2896,
                          "Y": 0.3095
                        },
                        "PreSize": {
                          "X": 0.2124,
                          "Y": 0.4062
                        },
                        "LeftMargin": 126.9343,
                        "RightMargin": 418.0657,
                        "TopMargin": 205.2138,
                        "BottomMargin": 44.7862,
                        "Tag": 3958,
                        "ActionTag": -125662754,
                        "Size": {
                          "X": 147.0,
                          "Y": 171.0
                        },
                        "Name": "share_friend",
                        "ctype": "SpriteObjectData"
                      },
                      {
                        "FileData": {
                          "Type": "Normal",
                          "Path": "image/ui/hall/share_pyq.png",
                          "Plist": ""
                        },
                        "BlendFunc": {
                          "Src": 1,
                          "Dst": 771
                        },
                        "AnchorPoint": {
                          "ScaleX": 0.5,
                          "ScaleY": 0.5
                        },
                        "Position": {
                          "X": 496.6793,
                          "Y": 130.761
                        },
                        "Scale": {
                          "ScaleX": 1.0,
                          "ScaleY": 1.0
                        },
                        "CColor": {},
                        "IconVisible": false,
                        "PrePosition": {
                          "X": 0.7177,
                          "Y": 0.3106
                        },
                        "PreSize": {
                          "X": 0.2124,
                          "Y": 0.4062
                        },
                        "LeftMargin": 423.1793,
                        "RightMargin": 121.8207,
                        "TopMargin": 204.739,
                        "BottomMargin": 45.261,
                        "Tag": 3959,
                        "ActionTag": -1699341461,
                        "Size": {
                          "X": 147.0,
                          "Y": 171.0
                        },
                        "Name": "share_round",
                        "ctype": "SpriteObjectData"
                      },
                      {
                        "FontSize": 32,
                        "LabelText": "朋友圈",
                        "FontResource": {
                          "Type": "Normal",
                          "Path": "image/fonts/FZZY.TTF",
                          "Plist": ""
                        },
                        "OutlineColor": {
                          "G": 0,
                          "B": 0
                        },
                        "ShadowColor": {
                          "R": 110,
                          "G": 110,
                          "B": 110
                        },
                        "ShadowOffsetX": 2.0,
                        "ShadowOffsetY": -2.0,
                        "AnchorPoint": {
                          "ScaleX": 0.5,
                          "ScaleY": 0.5
                        },
                        "Position": {
                          "X": 496.0221,
                          "Y": 262.7802
                        },
                        "Scale": {
                          "ScaleX": 1.0,
                          "ScaleY": 1.0
                        },
                        "CColor": {
                          "R": 175,
                          "G": 133,
                          "B": 108
                        },
                        "IconVisible": false,
                        "PrePosition": {
                          "X": 0.7168,
                          "Y": 0.6242
                        },
                        "PreSize": {
                          "X": 0.1416,
                          "Y": 0.0855
                        },
                        "LeftMargin": 447.0221,
                        "RightMargin": 146.9779,
                        "TopMargin": 140.2198,
                        "BottomMargin": 244.7802,
                        "Tag": 233,
                        "ActionTag": 1542081811,
                        "Size": {
                          "X": 98.0,
                          "Y": 36.0
                        },
                        "Name": "Text_4_0",
                        "ctype": "TextObjectData"
                      },
                      {
                        "FontSize": 32,
                        "LabelText": "好友/群",
                        "FontResource": {
                          "Type": "Normal",
                          "Path": "image/fonts/FZZY.TTF",
                          "Plist": ""
                        },
                        "OutlineColor": {
                          "G": 0,
                          "B": 0
                        },
                        "ShadowColor": {
                          "R": 110,
                          "G": 110,
                          "B": 110
                        },
                        "ShadowOffsetX": 2.0,
                        "ShadowOffsetY": -2.0,
                        "AnchorPoint": {
                          "ScaleX": 0.5,
                          "ScaleY": 0.5
                        },
                        "Position": {
                          "X": 201.0715,
                          "Y": 263.3063
                        },
                        "Scale": {
                          "ScaleX": 1.0,
                          "ScaleY": 1.0
                        },
                        "CColor": {
                          "R": 175,
                          "G": 133,
                          "B": 108
                        },
                        "IconVisible": false,
                        "PrePosition": {
                          "X": 0.2906,
                          "Y": 0.6254
                        },
                        "PreSize": {
                          "X": 0.1618,
                          "Y": 0.0855
                        },
                        "LeftMargin": 145.0715,
                        "RightMargin": 434.9285,
                        "TopMargin": 139.6937,
                        "BottomMargin": 245.3063,
                        "Tag": 232,
                        "ActionTag": -993146682,
                        "Size": {
                          "X": 112.0,
                          "Y": 36.0
                        },
                        "Name": "Text_4",
                        "ctype": "TextObjectData"
                      },
                      {
                        "FileData": {
                          "Type": "Normal",
                          "Path": "image/ui/common/commom_bg3.png",
                          "Plist": ""
                        },
                        "Scale9Enable": true,
                        "Scale9OriginX": 20,
                        "Scale9OriginY": 20,
                        "Scale9Width": 10,
                        "Scale9Height": 11,
                        "AnchorPoint": {
                          "ScaleX": 0.5,
                          "ScaleY": 0.5
                        },
                        "Position": {
                          "X": 260.9768,
                          "Y": 202.1151
                        },
                        "Scale": {
                          "ScaleX": 1.0,
                          "ScaleY": 1.0
                        },
                        "CColor": {},
                        "IconVisible": false,
                        "PrePosition": {
                          "X": 0.3771,
                          "Y": 0.4801
                        },
                        "PreSize": {
                          "X": 0.3468,
                          "Y": 0.7601
                        },
                        "LeftMargin": 140.9768,
                        "RightMargin": 311.0232,
                        "TopMargin": 58.8849,
                        "BottomMargin": 42.1151,
                        "Tag": 75,
                        "ActionTag": -829353240,
                        "Size": {
                          "X": 240.0,
                          "Y": 320.0
                        },
                        "VisibleForFrame": false,
                        "Name": "Image_3_0",
                        "ctype": "ImageViewObjectData"
                      },
                      {
                        "FileData": {
                          "Type": "Normal",
                          "Path": "image/ui/hall/btxianliao1.png",
                          "Plist": ""
                        },
                        "BlendFunc": {
                          "Src": 1,
                          "Dst": 771
                        },
                        "AnchorPoint": {
                          "ScaleX": 0.5,
                          "ScaleY": 0.5
                        },
                        "Position": {
                          "X": 259.8497,
                          "Y": 183.7109
                        },
                        "Scale": {
                          "ScaleX": 1.0,
                          "ScaleY": 1.0
                        },
                        "CColor": {},
                        "IconVisible": false,
                        "PrePosition": {
                          "X": 0.3755,
                          "Y": 0.4364
                        },
                        "PreSize": {
                          "X": 0.1879,
                          "Y": 0.3088
                        },
                        "LeftMargin": 194.8497,
                        "RightMargin": 367.1503,
                        "TopMargin": 172.2891,
                        "BottomMargin": 118.7109,
                        "Tag": 76,
                        "ActionTag": -1769302729,
                        "Size": {
                          "X": 130.0,
                          "Y": 130.0
                        },
                        "VisibleForFrame": false,
                        "Name": "share_xianLIao",
                        "ctype": "SpriteObjectData"
                      },
                      {
                        "FontSize": 28,
                        "LabelText": "闲聊",
                        "FontResource": {
                          "Type": "Normal",
                          "Path": "image/fonts/FZZY.TTF",
                          "Plist": ""
                        },
                        "OutlineColor": {
                          "G": 0,
                          "B": 0
                        },
                        "ShadowColor": {
                          "R": 110,
                          "G": 110,
                          "B": 110
                        },
                        "ShadowOffsetX": 2.0,
                        "ShadowOffsetY": -2.0,
                        "AnchorPoint": {
                          "ScaleX": 0.5,
                          "ScaleY": 0.5
                        },
                        "Position": {
                          "X": 263.4854,
                          "Y": 307.7285
                        },
                        "Scale": {
                          "ScaleX": 1.0,
                          "ScaleY": 1.0
                        },
                        "CColor": {
                          "R": 165,
                          "G": 192,
                          "B": 231
                        },
                        "IconVisible": false,
                        "PrePosition": {
                          "X": 0.3808,
                          "Y": 0.7309
                        },
                        "PreSize": {
                          "X": 0.0838,
                          "Y": 0.076
                        },
                        "LeftMargin": 234.4854,
                        "RightMargin": 399.5146,
                        "TopMargin": 97.2715,
                        "BottomMargin": 291.7285,
                        "Tag": 77,
                        "ActionTag": -1044492876,
                        "Size": {
                          "X": 58.0,
                          "Y": 32.0
                        },
                        "VisibleForFrame": false,
                        "Name": "Text_4_1",
                        "ctype": "TextObjectData"
                      }
                    ],
                    "ActionTag": 407003960,
                    "Size": {
                      "X": 692.0,
                      "Y": 421.0
                    },
                    "Name": "bg",
                    "ctype": "ImageViewObjectData"
                  },
                  {
                    "FileData": {
                      "Type": "Normal",
                      "Path": "image/ui/common/messagebg.png",
                      "Plist": ""
                    },
                    "Scale9OriginX": 35,
                    "Scale9OriginY": 40,
                    "Scale9Width": 350,
                    "Scale9Height": 395,
                    "AnchorPoint": {
                      "ScaleY": 0.5
                    },
                    "Position": {
                      "X": 410.0,
                      "Y": 222.0
                    },
                    "Scale": {
                      "ScaleX": 1.0,
                      "ScaleY": 1.0
                    },
                    "CColor": {},
                    "IconVisible": false,
                    "PositionPercentYEnabled": true,
                    "PrePosition": {
                      "X": 0.5,
                      "Y": 0.4625
                    },
                    "PreSize": {
                      "X": 0.5122,
                      "Y": 0.9896
                    },
                    "LeftMargin": 410.0,
                    "RightMargin": -10.0,
                    "TopMargin": 20.5,
                    "BottomMargin": -15.5,
                    "Tag": 3957,
                    "ActionTag": -818419237,
                    "Size": {
                      "X": 420.0,
                      "Y": 475.0
                    },
                    "VisibleForFrame": false,
                    "Name": "bg_r",
                    "ctype": "ImageViewObjectData"
                  },
                  {
                    "FileData": {
                      "Type": "Normal",
                      "Path": "appCommon/fydp/common/room_close.png",
                      "Plist": ""
                    },
                    "BlendFunc": {
                      "Src": 1,
                      "Dst": 771
                    },
                    "AnchorPoint": {
                      "ScaleX": 0.5,
                      "ScaleY": 0.5
                    },
                    "Position": {
                      "X": 687.7871,
                      "Y": 411.4725
                    },
                    "Scale": {
                      "ScaleX": 1.0,
                      "ScaleY": 1.0
                    },
                    "CColor": {},
                    "IconVisible": false,
                    "PrePosition": {
                      "X": 0.8388,
                      "Y": 0.8572
                    },
                    "PreSize": {
                      "X": 0.1049,
                      "Y": 0.175
                    },
                    "LeftMargin": 644.7871,
                    "RightMargin": 89.2129,
                    "TopMargin": 26.5275,
                    "BottomMargin": 369.4725,
                    "Tag": 782,
                    "ActionTag": -86827504,
                    "Size": {
                      "X": 86.0,
                      "Y": 84.0
                    },
                    "Name": "btn_close",
                    "ctype": "SpriteObjectData"
                  }
                ],
                "ActionTag": 35561657,
                "Size": {
                  "X": 820.0,
                  "Y": 480.0
                },
                "Name": "main",
                "ctype": "PanelObjectData"
              }
            ],
            "ActionTag": 1763397250,
            "Size": {
              "X": 1280.0,
              "Y": 720.0
            },
            "Name": "root",
            "ctype": "PanelObjectData"
          }
        ],
        "Size": {
          "X": 960.0,
          "Y": 640.0
        },
        "Name": "Scene",
        "ctype": "SingleNodeObjectData"
      },
      "UsedResources": [
        "../../appCommon/fydp/common/room_close.png",
        "../../image/fonts/FZZY.TTF",
        "../../image/ui/common/commom_bg3.png",
        "../../image/ui/common/commom_title_bg2.png",
        "../../image/ui/common/messagebg.png",
        "../../image/ui/common/shareTypes_bg.png",
        "../../image/ui/hall/btxianliao1.png",
        "../../image/ui/hall/share_friend.png",
        "../../image/ui/hall/share_pyq.png",
        "../../image/ui/title/share_title.png"
      ],
      "ctype": "GameFileData"
    }
  },
  "Type": "Scene"
}