{
  "ID": "965dd924-9f13-4a57-9917-ecbb476d0fae",
  "Version": "3.10.0.0",
  "Name": "verify",
  "Content": {
    "Content": {
      "Animation": {
        "Duration": 0,
        "Speed": 1.0,
        "Timelines": [],
        "ctype": "TimelineActionData"
      },
      "AnimationList": [],
      "ObjectData": {
        "Tag": 214,
        "Children": [
          {
            "ClipAble": false,
            "BackColorAlpha": 127,
            "ComboBoxIndex": 1,
            "SingleColor": {
              "R": 26,
              "G": 26,
              "B": 26
            },
            "FirstColor": {
              "R": 150,
              "G": 200
            },
            "EndColor": {},
            "ColorVector": {
              "ScaleY": 1.0
            },
            "Scale9Width": 1,
            "Scale9Height": 1,
            "TouchEnable": true,
            "AnchorPoint": {},
            "Position": {
              "X": 0.0,
              "Y": 0.0
            },
            "Scale": {
              "ScaleX": 1.0,
              "ScaleY": 1.0
            },
            "CColor": {},
            "IconVisible": false,
            "PrePosition": {
              "X": 0.0,
              "Y": 0.0
            },
            "PreSize": {
              "X": 0.0,
              "Y": 0.0
            },
            "RightMargin": -1280.0,
            "TopMargin": -720.0,
            "Tag": 215,
            "Children": [
              {
                "FileData": {
                  "Type": "Normal",
                  "Path": "image/ui/common/common_bg4.png",
                  "Plist": ""
                },
                "BlendFunc": {
                  "Src": 1,
                  "Dst": 771
                },
                "AnchorPoint": {
                  "ScaleY": 0.5
                },
                "Position": {
                  "X": 640.0,
                  "Y": 365.4
                },
                "Scale": {
                  "ScaleX": 1.0,
                  "ScaleY": 1.0
                },
                "CColor": {},
                "IconVisible": false,
                "PositionPercentXEnabled": true,
                "PositionPercentYEnabled": true,
                "PrePosition": {
                  "X": 0.5,
                  "Y": 0.5075
                },
                "PreSize": {
                  "X": 0.2422,
                  "Y": 0.4958
                },
                "LeftMargin": 640.0,
                "RightMargin": 330.0,
                "TopMargin": 176.1,
                "BottomMargin": 186.9,
                "Tag": 216,
                "Children": [
                  {
                    "FileData": {
                      "Type": "Normal",
                      "Path": "image/ui/common/common_bg4.png",
                      "Plist": ""
                    },
                    "BlendFunc": {
                      "Src": 1,
                      "Dst": 771
                    },
                    "AnchorPoint": {
                      "ScaleY": 0.5
                    },
                    "Position": {
                      "X": 0.0,
                      "Y": 178.5
                    },
                    "Scale": {
                      "ScaleX": 1.0,
                      "ScaleY": -1.0
                    },
                    "RotationSkewX": 180.0,
                    "RotationSkewY": 180.0,
                    "CColor": {},
                    "IconVisible": false,
                    "PositionPercentYEnabled": true,
                    "PrePosition": {
                      "X": 0.0,
                      "Y": 0.5
                    },
                    "PreSize": {
                      "X": 1.0,
                      "Y": 1.0
                    },
                    "Tag": 3649,
                    "ActionTag": 2069480068,
                    "Size": {
                      "X": 310.0,
                      "Y": 357.0
                    },
                    "Name": "common_bg4_28",
                    "ctype": "SpriteObjectData"
                  },
                  {
                    "FontSize": 36,
                    "LabelText": "姓  名",
                    "HorizontalAlignmentType": "HT_Center",
                    "VerticalAlignmentType": "VT_Center",
                    "OutlineColor": {
                      "G": 0,
                      "B": 0
                    },
                    "ShadowColor": {
                      "R": 110,
                      "G": 110,
                      "B": 110
                    },
                    "ShadowOffsetX": 2.0,
                    "ShadowOffsetY": -2.0,
                    "AnchorPoint": {
                      "ScaleX": 0.5,
                      "ScaleY": 0.5
                    },
                    "Position": {
                      "X": -223.262,
                      "Y": 254.4339
                    },
                    "Scale": {
                      "ScaleX": 1.0,
                      "ScaleY": 1.0
                    },
                    "CColor": {},
                    "IconVisible": false,
                    "PositionPercentXEnabled": true,
                    "PositionPercentYEnabled": true,
                    "PrePosition": {
                      "X": -0.7202,
                      "Y": 0.7127
                    },
                    "PreSize": {
                      "X": 0.3,
                      "Y": 0.1176
                    },
                    "LeftMargin": -269.762,
                    "RightMargin": 486.762,
                    "TopMargin": 81.5661,
                    "BottomMargin": 233.4339,
                    "Tag": 272,
                    "ActionTag": 95896069,
                    "Size": {
                      "X": 93.0,
                      "Y": 42.0
                    },
                    "Name": "Text_1",
                    "ctype": "TextObjectData"
                  },
                  {
                    "FontSize": 36,
                    "LabelText": "身份证",
                    "HorizontalAlignmentType": "HT_Center",
                    "VerticalAlignmentType": "VT_Center",
                    "OutlineColor": {
                      "G": 0,
                      "B": 0
                    },
                    "ShadowColor": {
                      "R": 110,
                      "G": 110,
                      "B": 110
                    },
                    "ShadowOffsetX": 2.0,
                    "ShadowOffsetY": -2.0,
                    "AnchorPoint": {
                      "ScaleX": 0.5,
                      "ScaleY": 0.5
                    },
                    "Position": {
                      "X": -223.262,
                      "Y": 155.0094
                    },
                    "Scale": {
                      "ScaleX": 1.0,
                      "ScaleY": 1.0
                    },
                    "CColor": {},
                    "IconVisible": false,
                    "PositionPercentXEnabled": true,
                    "PositionPercentYEnabled": true,
                    "PrePosition": {
                      "X": -0.7202,
                      "Y": 0.4342
                    },
                    "PreSize": {
                      "X": 0.3484,
                      "Y": 0.1176
                    },
                    "LeftMargin": -277.262,
                    "RightMargin": 479.262,
                    "TopMargin": 180.9906,
                    "BottomMargin": 134.0094,
                    "Tag": 273,
                    "ActionTag": -425608014,
                    "Size": {
                      "X": 108.0,
                      "Y": 42.0
                    },
                    "Name": "Text_1_0",
                    "ctype": "TextObjectData"
                  },
                  {
                    "FileData": {
                      "Type": "Normal",
                      "Path": "image/ui/Verified/di.png",
                      "Plist": ""
                    },
                    "BlendFunc": {
                      "Src": 1,
                      "Dst": 771
                    },
                    "AnchorPoint": {
                      "ScaleX": 0.5,
                      "ScaleY": 0.5
                    },
                    "Position": {
                      "X": 69.0436,
                      "Y": 257.5328
                    },
                    "Scale": {
                      "ScaleX": 1.0,
                      "ScaleY": 1.0
                    },
                    "CColor": {},
                    "IconVisible": false,
                    "PrePosition": {
                      "X": 0.2227,
                      "Y": 0.7214
                    },
                    "PreSize": {
                      "X": 1.3484,
                      "Y": 0.1597
                    },
                    "LeftMargin": -139.9564,
                    "RightMargin": 31.9564,
                    "TopMargin": 70.9672,
                    "BottomMargin": 229.0328,
                    "Tag": 275,
                    "ActionTag": -1702606477,
                    "Size": {
                      "X": 418.0,
                      "Y": 57.0
                    },
                    "Name": "Sprite_1",
                    "ctype": "SpriteObjectData"
                  },
                  {
                    "FileData": {
                      "Type": "Normal",
                      "Path": "image/ui/Verified/di.png",
                      "Plist": ""
                    },
                    "BlendFunc": {
                      "Src": 1,
                      "Dst": 771
                    },
                    "AnchorPoint": {
                      "ScaleX": 0.5,
                      "ScaleY": 0.5
                    },
                    "Position": {
                      "X": 69.0436,
                      "Y": 156.5332
                    },
                    "Scale": {
                      "ScaleX": 1.0,
                      "ScaleY": 1.0
                    },
                    "CColor": {},
                    "IconVisible": false,
                    "PrePosition": {
                      "X": 0.2227,
                      "Y": 0.4385
                    },
                    "PreSize": {
                      "X": 1.3484,
                      "Y": 0.1597
                    },
                    "LeftMargin": -139.9564,
                    "RightMargin": 31.9564,
                    "TopMargin": 171.9668,
                    "BottomMargin": 128.0332,
                    "Tag": 276,
                    "ActionTag": 2123267041,
                    "Size": {
                      "X": 418.0,
                      "Y": 57.0
                    },
                    "Name": "Sprite_2",
                    "ctype": "SpriteObjectData"
                  },
                  {
                    "FontSize": 30,
                    "IsCustomSize": true,
                    "LabelText": "",
                    "PlaceHolderText": "",
                    "MaxLengthEnable": true,
                    "MaxLengthText": 5,
                    "TouchEnable": true,
                    "AnchorPoint": {
                      "ScaleX": 0.5,
                      "ScaleY": 0.5
                    },
                    "Position": {
                      "X": 64.0441,
                      "Y": 255.5326
                    },
                    "Scale": {
                      "ScaleX": 1.0,
                      "ScaleY": 1.0
                    },
                    "CColor": {},
                    "IconVisible": false,
                    "PrePosition": {
                      "X": 0.2066,
                      "Y": 0.7158
                    },
                    "PreSize": {
                      "X": 1.3032,
                      "Y": 0.1036
                    },
                    "LeftMargin": -137.9559,
                    "RightMargin": 43.9559,
                    "TopMargin": 82.9674,
                    "BottomMargin": 237.0326,
                    "Tag": 274,
                    "ActionTag": -1645877900,
                    "Size": {
                      "X": 404.0,
                      "Y": 37.0
                    },
                    "Name": "TextField_1",
                    "ctype": "TextFieldObjectData"
                  },
                  {
                    "FontSize": 30,
                    "IsCustomSize": true,
                    "LabelText": "",
                    "PlaceHolderText": "",
                    "MaxLengthEnable": true,
                    "MaxLengthText": 18,
                    "TouchEnable": true,
                    "AnchorPoint": {
                      "ScaleX": 0.5,
                      "ScaleY": 0.5
                    },
                    "Position": {
                      "X": 65.0444,
                      "Y": 156.5327
                    },
                    "Scale": {
                      "ScaleX": 1.0,
                      "ScaleY": 1.0
                    },
                    "CColor": {},
                    "IconVisible": false,
                    "PrePosition": {
                      "X": 0.2098,
                      "Y": 0.4385
                    },
                    "PreSize": {
                      "X": 1.3032,
                      "Y": 0.1036
                    },
                    "LeftMargin": -136.9556,
                    "RightMargin": 42.9556,
                    "TopMargin": 181.9673,
                    "BottomMargin": 138.0327,
                    "CallBackType": "Click",
                    "CallBackName": "click",
                    "Tag": 278,
                    "ActionTag": -1782965761,
                    "Size": {
                      "X": 404.0,
                      "Y": 37.0
                    },
                    "Name": "TextField_2",
                    "ctype": "TextFieldObjectData"
                  },
                  {
                    "FileData": {
                      "Type": "Normal",
                      "Path": "image/ui/btn/btn_quxiao.png",
                      "Plist": ""
                    },
                    "BlendFunc": {
                      "Src": 1,
                      "Dst": 771
                    },
                    "AnchorPoint": {
                      "ScaleX": 0.5,
                      "ScaleY": 0.5
                    },
                    "Position": {
                      "X": -126.015,
                      "Y": 55.7277
                    },
                    "Scale": {
                      "ScaleX": 1.0,
                      "ScaleY": 1.0
                    },
                    "CColor": {},
                    "IconVisible": false,
                    "PositionPercentXEnabled": true,
                    "PositionPercentYEnabled": true,
                    "PrePosition": {
                      "X": -0.4065,
                      "Y": 0.1561
                    },
                    "PreSize": {
                      "X": 0.6774,
                      "Y": 0.1709
                    },
                    "LeftMargin": -231.015,
                    "RightMargin": 331.015,
                    "TopMargin": 270.7723,
                    "BottomMargin": 25.2277,
                    "Tag": 279,
                    "ActionTag": -512620947,
                    "Size": {
                      "X": 210.0,
                      "Y": 61.0
                    },
                    "Name": "btn_cancel",
                    "ctype": "SpriteObjectData"
                  },
                  {
                    "FileData": {
                      "Type": "Normal",
                      "Path": "appCommon/fydp/common/btn_queding.png",
                      "Plist": ""
                    },
                    "BlendFunc": {
                      "Src": 1,
                      "Dst": 771
                    },
                    "AnchorPoint": {
                      "ScaleX": 0.5,
                      "ScaleY": 0.5
                    },
                    "Position": {
                      "X": 100.006,
                      "Y": 55.7277
                    },
                    "Scale": {
                      "ScaleX": 1.0,
                      "ScaleY": 1.0
                    },
                    "CColor": {},
                    "IconVisible": false,
                    "PositionPercentXEnabled": true,
                    "PositionPercentYEnabled": true,
                    "PrePosition": {
                      "X": 0.3226,
                      "Y": 0.1561
                    },
                    "PreSize": {
                      "X": 0.6774,
                      "Y": 0.1709
                    },
                    "LeftMargin": -4.994,
                    "RightMargin": 104.994,
                    "TopMargin": 270.7723,
                    "BottomMargin": 25.2277,
                    "Tag": 280,
                    "ActionTag": 71375905,
                    "Size": {
                      "X": 210.0,
                      "Y": 61.0
                    },
                    "Name": "btn_sure",
                    "ctype": "SpriteObjectData"
                  },
                  {
                    "FileData": {
                      "Type": "Normal",
                      "Path": "image/ui/Verified/dui.png",
                      "Plist": ""
                    },
                    "BlendFunc": {
                      "Src": 1,
                      "Dst": 771
                    },
                    "AnchorPoint": {
                      "ScaleX": 0.5,
                      "ScaleY": 0.5
                    },
                    "Position": {
                      "X": 330.5887,
                      "Y": 257.1113
                    },
                    "Scale": {
                      "ScaleX": 1.0,
                      "ScaleY": 1.0
                    },
                    "CColor": {},
                    "IconVisible": false,
                    "PrePosition": {
                      "X": 1.0664,
                      "Y": 0.7202
                    },
                    "PreSize": {
                      "X": 0.1548,
                      "Y": 0.1232
                    },
                    "LeftMargin": 306.5887,
                    "RightMargin": -44.5887,
                    "TopMargin": 77.8887,
                    "BottomMargin": 235.1113,
                    "Tag": 146,
                    "ActionTag": 494839914,
                    "Size": {
                      "X": 48.0,
                      "Y": 44.0
                    },
                    "VisibleForFrame": false,
                    "Name": "detach_0",
                    "ctype": "SpriteObjectData"
                  },
                  {
                    "FileData": {
                      "Type": "Normal",
                      "Path": "image/ui/Verified/dui.png",
                      "Plist": ""
                    },
                    "BlendFunc": {
                      "Src": 1,
                      "Dst": 771
                    },
                    "AnchorPoint": {
                      "ScaleX": 0.5,
                      "ScaleY": 0.5
                    },
                    "Position": {
                      "X": 335.5895,
                      "Y": 156.1114
                    },
                    "Scale": {
                      "ScaleX": 1.0,
                      "ScaleY": 1.0
                    },
                    "CColor": {},
                    "IconVisible": false,
                    "PrePosition": {
                      "X": 1.0825,
                      "Y": 0.4373
                    },
                    "PreSize": {
                      "X": 0.1548,
                      "Y": 0.1232
                    },
                    "LeftMargin": 311.5895,
                    "RightMargin": -49.5895,
                    "TopMargin": 178.8886,
                    "BottomMargin": 134.1114,
                    "Tag": 147,
                    "ActionTag": -1001447247,
                    "Size": {
                      "X": 48.0,
                      "Y": 44.0
                    },
                    "VisibleForFrame": false,
                    "Name": "detach_1",
                    "ctype": "SpriteObjectData"
                  },
                  {
                    "FileData": {
                      "Type": "Normal",
                      "Path": "image/ui/Verified/cuo.png",
                      "Plist": ""
                    },
                    "BlendFunc": {
                      "Src": 1,
                      "Dst": 771
                    },
                    "AnchorPoint": {
                      "ScaleX": 0.5,
                      "ScaleY": 0.5
                    },
                    "Position": {
                      "X": 330.5887,
                      "Y": 257.1113
                    },
                    "Scale": {
                      "ScaleX": 1.0,
                      "ScaleY": 1.0
                    },
                    "CColor": {},
                    "IconVisible": false,
                    "PrePosition": {
                      "X": 1.0664,
                      "Y": 0.7202
                    },
                    "PreSize": {
                      "X": 0.1548,
                      "Y": 0.1232
                    },
                    "LeftMargin": 306.5887,
                    "RightMargin": -44.5887,
                    "TopMargin": 77.8887,
                    "BottomMargin": 235.1113,
                    "Tag": 148,
                    "ActionTag": -266323031,
                    "Size": {
                      "X": 48.0,
                      "Y": 44.0
                    },
                    "VisibleForFrame": false,
                    "Name": "detach_0_0",
                    "ctype": "SpriteObjectData"
                  },
                  {
                    "FileData": {
                      "Type": "Normal",
                      "Path": "image/ui/Verified/cuo.png",
                      "Plist": ""
                    },
                    "BlendFunc": {
                      "Src": 1,
                      "Dst": 771
                    },
                    "AnchorPoint": {
                      "ScaleX": 0.5,
                      "ScaleY": 0.5
                    },
                    "Position": {
                      "X": 335.5895,
                      "Y": 156.1114
                    },
                    "Scale": {
                      "ScaleX": 1.0,
                      "ScaleY": 1.0
                    },
                    "CColor": {},
                    "IconVisible": false,
                    "PrePosition": {
                      "X": 1.0825,
                      "Y": 0.4373
                    },
                    "PreSize": {
                      "X": 0.1548,
                      "Y": 0.1232
                    },
                    "LeftMargin": 311.5895,
                    "RightMargin": -49.5895,
                    "TopMargin": 178.8886,
                    "BottomMargin": 134.1114,
                    "Tag": 149,
                    "ActionTag": 1647468300,
                    "Size": {
                      "X": 48.0,
                      "Y": 44.0
                    },
                    "VisibleForFrame": false,
                    "Name": "detach_1_1",
                    "ctype": "SpriteObjectData"
                  },
                  {
                    "FileData": {
                      "Type": "Normal",
                      "Path": "appCommon/fydp/common/room_close.png",
                      "Plist": ""
                    },
                    "BlendFunc": {
                      "Src": 1,
                      "Dst": 771
                    },
                    "AnchorPoint": {
                      "ScaleX": 0.5,
                      "ScaleY": 0.5
                    },
                    "Position": {
                      "X": 290.0528,
                      "Y": 340.8112
                    },
                    "Scale": {
                      "ScaleX": 1.0,
                      "ScaleY": 1.0
                    },
                    "CColor": {},
                    "IconVisible": false,
                    "PrePosition": {
                      "X": 0.9357,
                      "Y": 0.9547
                    },
                    "PreSize": {
                      "X": 0.2968,
                      "Y": 0.2801
                    },
                    "LeftMargin": 244.0528,
                    "RightMargin": -26.0528,
                    "TopMargin": -33.8112,
                    "BottomMargin": 290.8112,
                    "Tag": 217,
                    "ActionTag": 1179450280,
                    "Size": {
                      "X": 92.0,
                      "Y": 100.0
                    },
                    "Name": "btn_back",
                    "ctype": "SpriteObjectData"
                  },
                  {
                    "FileData": {
                      "Type": "Normal",
                      "Path": "image/ui/Verified/zhaozi.png",
                      "Plist": ""
                    },
                    "BlendFunc": {
                      "Src": 1,
                      "Dst": 771
                    },
                    "AnchorPoint": {
                      "ScaleX": 0.5,
                      "ScaleY": 0.5
                    },
                    "Position": {
                      "X": 18.2769,
                      "Y": 387.6416
                    },
                    "Scale": {
                      "ScaleX": 1.0,
                      "ScaleY": 1.0
                    },
                    "CColor": {},
                    "IconVisible": false,
                    "PositionPercentXEnabled": true,
                    "PositionPercentYEnabled": true,
                    "PrePosition": {
                      "X": 0.059,
                      "Y": 1.0858
                    },
                    "PreSize": {
                      "X": 2.329,
                      "Y": 0.2941
                    },
                    "LeftMargin": -342.7231,
                    "RightMargin": -69.2769,
                    "TopMargin": -83.1416,
                    "BottomMargin": 335.1416,
                    "Tag": 281,
                    "Children": [
                      {
                        "IsCustomSize": true,
                        "FontSize": 40,
                        "LabelText": "身份证填写错误，请重新填写",
                        "HorizontalAlignmentType": "HT_Center",
                        "VerticalAlignmentType": "VT_Center",
                        "OutlineColor": {
                          "G": 0,
                          "B": 0
                        },
                        "ShadowColor": {
                          "R": 110,
                          "G": 110,
                          "B": 110
                        },
                        "ShadowOffsetX": 2.0,
                        "ShadowOffsetY": -2.0,
                        "AnchorPoint": {
                          "ScaleX": 0.5,
                          "ScaleY": 0.5
                        },
                        "Position": {
                          "X": 361.0,
                          "Y": 52.5
                        },
                        "Scale": {
                          "ScaleX": 1.0,
                          "ScaleY": 1.0
                        },
                        "CColor": {},
                        "IconVisible": false,
                        "PositionPercentXEnabled": true,
                        "PositionPercentYEnabled": true,
                        "PrePosition": {
                          "X": 0.5,
                          "Y": 0.5
                        },
                        "PreSize": {
                          "X": 0.7479,
                          "Y": 0.4762
                        },
                        "LeftMargin": 91.0,
                        "RightMargin": 91.0,
                        "TopMargin": 27.5,
                        "BottomMargin": 27.5,
                        "Tag": 282,
                        "ActionTag": -1813008488,
                        "Size": {
                          "X": 540.0,
                          "Y": 50.0
                        },
                        "Name": "Text_3",
                        "ctype": "TextObjectData"
                      }
                    ],
                    "ActionTag": 69334130,
                    "Size": {
                      "X": 722.0,
                      "Y": 105.0
                    },
                    "VisibleForFrame": false,
                    "Name": "tishiBg",
                    "ctype": "SpriteObjectData"
                  }
                ],
                "ActionTag": -600507613,
                "Size": {
                  "X": 310.0,
                  "Y": 357.0
                },
                "Name": "bg",
                "ctype": "SpriteObjectData"
              }
            ],
            "ActionTag": -1659105888,
            "Size": {
              "X": 1280.0,
              "Y": 720.0
            },
            "Name": "Panel_1",
            "ctype": "PanelObjectData"
          }
        ],
        "Size": {
          "X": 0.0,
          "Y": 0.0
        },
        "Name": "Scene",
        "ctype": "SingleNodeObjectData"
      },
      "UsedResources": [
        "../../appCommon/fydp/common/btn_queding.png",
        "../../appCommon/fydp/common/room_close.png",
        "../../image/ui/btn/btn_quxiao.png",
        "../../image/ui/common/common_bg4.png",
        "../../image/ui/Verified/cuo.png",
        "../../image/ui/Verified/di.png",
        "../../image/ui/Verified/dui.png",
        "../../image/ui/Verified/zhaozi.png"
      ],
      "ctype": "GameFileData"
    }
  },
  "Type": "Node"
}