{"skeleton":{"hash":"DZfdnj6vCvazpGUDNY3VgnIqEew","spine":"3.6.36","width":0,"height":0,"images":"./images/"},"bones":[{"name":"root","x":0.93,"y":0.93},{"name":"zong","parent":"root","x":-0.93,"y":-0.93},{"name":"bone","parent":"zong","scaleX":4,"scaleY":4},{"name":"mian","parent":"zong","scaleX":1.3,"scaleY":1.3},{"name":"zhuan","parent":"zong","y":1.31,"scaleX":1.5,"scaleY":1.5}],"slots":[{"name":"zhuomian_hancheng","bone":"root"},{"name":"heidi","bone":"bone","color":"ffffff56"},{"name":"MJ_touzi01","bone":"mian"},{"name":"MJ_touzi_zhuan01","bone":"zhuan"}],"skins":{"default":{"MJ_touzi01":{"MJ_touzi01":{"width":72,"height":73},"MJ_touzi02":{"width":72,"height":73},"MJ_touzi03":{"width":72,"height":73},"MJ_touzi04":{"width":72,"height":73},"MJ_touzi05":{"width":72,"height":73},"MJ_touzi06":{"width":72,"height":73}},"MJ_touzi_zhuan01":{"MJ_touzi_zhuan01":{"width":91,"height":84},"MJ_touzi_zhuan02":{"width":91,"height":84},"MJ_touzi_zhuan03":{"width":91,"height":84},"MJ_touzi_zhuan04":{"width":91,"height":84},"MJ_touzi_zhuan05":{"width":91,"height":84},"MJ_touzi_zhuan06":{"width":91,"height":84},"MJ_touzi_zhuan07":{"width":91,"height":84},"MJ_touzi_zhuan08":{"width":91,"height":84}},"heidi":{"yuandi":{"width":96,"height":96}}}},"animations":{"touzi1":{"slots":{"MJ_touzi01":{"attachment":[{"time":0.5333,"name":"MJ_touzi01"},{"time":1.3333,"name":"MJ_touzi01"}]},"MJ_touzi_zhuan01":{"attachment":[{"time":0,"name":"MJ_touzi_zhuan01"},{"time":0.0333,"name":"MJ_touzi_zhuan02"},{"time":0.0667,"name":"MJ_touzi_zhuan03"},{"time":0.1,"name":"MJ_touzi_zhuan04"},{"time":0.1333,"name":"MJ_touzi_zhuan05"},{"time":0.1667,"name":"MJ_touzi_zhuan06"},{"time":0.2,"name":"MJ_touzi_zhuan07"},{"time":0.2333,"name":"MJ_touzi_zhuan08"},{"time":0.2667,"name":"MJ_touzi_zhuan01"},{"time":0.3,"name":"MJ_touzi_zhuan02"},{"time":0.3333,"name":"MJ_touzi_zhuan03"},{"time":0.3667,"name":"MJ_touzi_zhuan04"},{"time":0.4,"name":"MJ_touzi_zhuan05"},{"time":0.4333,"name":"MJ_touzi_zhuan06"},{"time":0.4667,"name":"MJ_touzi_zhuan07"},{"time":0.5,"name":"MJ_touzi_zhuan08"},{"time":0.5333,"name":null}]},"heidi":{"attachment":[{"time":0,"name":"yuandi"}]}}},"touzi2":{"slots":{"MJ_touzi01":{"attachment":[{"time":0.5333,"name":"MJ_touzi02"},{"time":1.3333,"name":"MJ_touzi02"}]},"MJ_touzi_zhuan01":{"attachment":[{"time":0,"name":"MJ_touzi_zhuan01"},{"time":0.0333,"name":"MJ_touzi_zhuan02"},{"time":0.0667,"name":"MJ_touzi_zhuan03"},{"time":0.1,"name":"MJ_touzi_zhuan04"},{"time":0.1333,"name":"MJ_touzi_zhuan05"},{"time":0.1667,"name":"MJ_touzi_zhuan06"},{"time":0.2,"name":"MJ_touzi_zhuan07"},{"time":0.2333,"name":"MJ_touzi_zhuan08"},{"time":0.2667,"name":"MJ_touzi_zhuan01"},{"time":0.3,"name":"MJ_touzi_zhuan02"},{"time":0.3333,"name":"MJ_touzi_zhuan03"},{"time":0.3667,"name":"MJ_touzi_zhuan04"},{"time":0.4,"name":"MJ_touzi_zhuan05"},{"time":0.4333,"name":"MJ_touzi_zhuan06"},{"time":0.4667,"name":"MJ_touzi_zhuan07"},{"time":0.5,"name":"MJ_touzi_zhuan08"},{"time":0.5333,"name":null}]},"heidi":{"attachment":[{"time":0,"name":"yuandi"}]}}},"touzi3":{"slots":{"MJ_touzi01":{"attachment":[{"time":0.5333,"name":"MJ_touzi03"},{"time":1.3333,"name":"MJ_touzi03"}]},"MJ_touzi_zhuan01":{"attachment":[{"time":0,"name":"MJ_touzi_zhuan01"},{"time":0.0333,"name":"MJ_touzi_zhuan02"},{"time":0.0667,"name":"MJ_touzi_zhuan03"},{"time":0.1,"name":"MJ_touzi_zhuan04"},{"time":0.1333,"name":"MJ_touzi_zhuan05"},{"time":0.1667,"name":"MJ_touzi_zhuan06"},{"time":0.2,"name":"MJ_touzi_zhuan07"},{"time":0.2333,"name":"MJ_touzi_zhuan08"},{"time":0.2667,"name":"MJ_touzi_zhuan01"},{"time":0.3,"name":"MJ_touzi_zhuan02"},{"time":0.3333,"name":"MJ_touzi_zhuan03"},{"time":0.3667,"name":"MJ_touzi_zhuan04"},{"time":0.4,"name":"MJ_touzi_zhuan05"},{"time":0.4333,"name":"MJ_touzi_zhuan06"},{"time":0.4667,"name":"MJ_touzi_zhuan07"},{"time":0.5,"name":"MJ_touzi_zhuan08"},{"time":0.5333,"name":null}]},"heidi":{"attachment":[{"time":0,"name":"yuandi"}]}}},"touzi4":{"slots":{"MJ_touzi01":{"attachment":[{"time":0.5333,"name":"MJ_touzi04"},{"time":1.3333,"name":"MJ_touzi04"}]},"MJ_touzi_zhuan01":{"attachment":[{"time":0,"name":"MJ_touzi_zhuan01"},{"time":0.0333,"name":"MJ_touzi_zhuan02"},{"time":0.0667,"name":"MJ_touzi_zhuan03"},{"time":0.1,"name":"MJ_touzi_zhuan04"},{"time":0.1333,"name":"MJ_touzi_zhuan05"},{"time":0.1667,"name":"MJ_touzi_zhuan06"},{"time":0.2,"name":"MJ_touzi_zhuan07"},{"time":0.2333,"name":"MJ_touzi_zhuan08"},{"time":0.2667,"name":"MJ_touzi_zhuan01"},{"time":0.3,"name":"MJ_touzi_zhuan02"},{"time":0.3333,"name":"MJ_touzi_zhuan03"},{"time":0.3667,"name":"MJ_touzi_zhuan04"},{"time":0.4,"name":"MJ_touzi_zhuan05"},{"time":0.4333,"name":"MJ_touzi_zhuan06"},{"time":0.4667,"name":"MJ_touzi_zhuan07"},{"time":0.5,"name":"MJ_touzi_zhuan08"},{"time":0.5333,"name":null}]},"heidi":{"attachment":[{"time":0,"name":"yuandi"}]}}},"touzi5":{"slots":{"MJ_touzi01":{"attachment":[{"time":0.5333,"name":"MJ_touzi05"},{"time":1.3333,"name":"MJ_touzi05"}]},"MJ_touzi_zhuan01":{"attachment":[{"time":0,"name":"MJ_touzi_zhuan01"},{"time":0.0333,"name":"MJ_touzi_zhuan02"},{"time":0.0667,"name":"MJ_touzi_zhuan03"},{"time":0.1,"name":"MJ_touzi_zhuan04"},{"time":0.1333,"name":"MJ_touzi_zhuan05"},{"time":0.1667,"name":"MJ_touzi_zhuan06"},{"time":0.2,"name":"MJ_touzi_zhuan07"},{"time":0.2333,"name":"MJ_touzi_zhuan08"},{"time":0.2667,"name":"MJ_touzi_zhuan01"},{"time":0.3,"name":"MJ_touzi_zhuan02"},{"time":0.3333,"name":"MJ_touzi_zhuan03"},{"time":0.3667,"name":"MJ_touzi_zhuan04"},{"time":0.4,"name":"MJ_touzi_zhuan05"},{"time":0.4333,"name":"MJ_touzi_zhuan06"},{"time":0.4667,"name":"MJ_touzi_zhuan07"},{"time":0.5,"name":"MJ_touzi_zhuan08"},{"time":0.5333,"name":null}]},"heidi":{"attachment":[{"time":0,"name":"yuandi"}]}}},"touzi6":{"slots":{"MJ_touzi01":{"attachment":[{"time":0.5333,"name":"MJ_touzi06"},{"time":1.3333,"name":"MJ_touzi06"}]},"MJ_touzi_zhuan01":{"attachment":[{"time":0,"name":"MJ_touzi_zhuan01"},{"time":0.0333,"name":"MJ_touzi_zhuan02"},{"time":0.0667,"name":"MJ_touzi_zhuan03"},{"time":0.1,"name":"MJ_touzi_zhuan04"},{"time":0.1333,"name":"MJ_touzi_zhuan05"},{"time":0.1667,"name":"MJ_touzi_zhuan06"},{"time":0.2,"name":"MJ_touzi_zhuan07"},{"time":0.2333,"name":"MJ_touzi_zhuan08"},{"time":0.2667,"name":"MJ_touzi_zhuan01"},{"time":0.3,"name":"MJ_touzi_zhuan02"},{"time":0.3333,"name":"MJ_touzi_zhuan03"},{"time":0.3667,"name":"MJ_touzi_zhuan04"},{"time":0.4,"name":"MJ_touzi_zhuan05"},{"time":0.4333,"name":"MJ_touzi_zhuan06"},{"time":0.4667,"name":"MJ_touzi_zhuan07"},{"time":0.5,"name":"MJ_touzi_zhuan08"},{"time":0.5333,"name":null}]},"heidi":{"attachment":[{"time":0,"name":"yuandi"}]}}}}}