{"skeleton":{"hash":"TFxdRtyXG/XFLTB6ruUmEDgI16o","spine":"3.6.38","width":163.14,"height":42,"images":"./images/"},"bones":[{"name":"root"},{"name":"1","parent":"root","x":-38.86},{"name":"2","parent":"root"},{"name":"3","parent":"root","x":40.13},{"name":"4","parent":"root","x":67.06},{"name":"5","parent":"root","x":82.55},{"name":"6","parent":"root","x":97.28}],"slots":[{"name":"xuan","bone":"1","attachment":"xuan"},{"name":"ze","bone":"2","attachment":"ze"},{"name":"zhong","bone":"3","attachment":"zhong"},{"name":"Desktop","bone":"4","attachment":"Desktop"},{"name":"Desktop2","bone":"5","attachment":"Desktop"},{"name":"Desktop3","bone":"6","attachment":"Desktop"}],"skins":{"default":{"Desktop":{"Desktop":{"width":12,"height":11}},"Desktop2":{"Desktop":{"width":12,"height":11}},"Desktop3":{"Desktop":{"width":12,"height":11}},"xuan":{"xuan":{"width":42,"height":40}},"ze":{"ze":{"width":42,"height":42}},"zhong":{"zhong":{"width":40,"height":42}}}},"animations":{"animation":{"slots":{"Desktop":{"attachment":[{"time":0,"name":null},{"time":1.1667,"name":null},{"time":1.2,"name":"Desktop"}]},"Desktop2":{"attachment":[{"time":0,"name":null},{"time":1.5,"name":null},{"time":1.5333,"name":"Desktop"}]},"Desktop3":{"attachment":[{"time":0,"name":null},{"time":1.8333,"name":null},{"time":1.8667,"name":"Desktop"},{"time":2.2,"name":"Desktop"}]}},"bones":{"1":{"translate":[{"time":0,"x":0,"y":0},{"time":0.3,"x":0,"y":9.11},{"time":0.6,"x":0,"y":0}]},"2":{"translate":[{"time":0.3,"x":0,"y":0},{"time":0.6,"x":0,"y":8.23},{"time":0.9,"x":0,"y":0}]},"3":{"translate":[{"time":0.6,"x":0,"y":0,"curve":[0.25,0,0.75,1]},{"time":0.9,"x":0,"y":10.29,"curve":[0.25,0,0.75,1]},{"time":1.2,"x":0,"y":0}]}}}}}