{
  "ID": "83f6d5a4-24e2-48e7-a143-a24691b52284",
  "Version": "3.10.0.0",
  "Name": "CreateTabList",
  "Content": {
    "Content": {
      "Animation": {
        "Duration": 0,
        "Speed": 1.0,
        "Timelines": [],
        "ctype": "TimelineActionData"
      },
      "AnimationList": [],
      "ObjectData": {
        "Tag": 220,
        "Children": [
          {
            "IsBounceEnabled": true,
            "InnerNodeSize": {
              "Width": 260,
              "Height": 720
            },
            "ScrollDirectionType": "Vertical",
            "ClipAble": true,
            "SingleColor": {
              "G": 150,
              "B": 100
            },
            "FirstColor": {
              "G": 150,
              "B": 100
            },
            "EndColor": {},
            "ColorVector": {
              "ScaleY": 1.0
            },
            "Scale9Width": 1,
            "Scale9Height": 1,
            "TouchEnable": true,
            "AnchorPoint": {},
            "Position": {
              "X": 0.0002,
              "Y": 0.0
            },
            "Scale": {
              "ScaleX": 1.0,
              "ScaleY": 1.0
            },
            "CColor": {},
            "IconVisible": false,
            "PrePosition": {
              "X": 0.0,
              "Y": 0.0
            },
            "PreSize": {
              "X": 0.0,
              "Y": 0.0
            },
            "LeftMargin": 0.0002,
            "RightMargin": -260.0002,
            "TopMargin": -600.0,
            "Tag": 337,
            "Children": [
              {
                "FileData": {
                  "Type": "Normal",
                  "Path": "image/ui/room2/create_btn9.png",
                  "Plist": ""
                },
                "BlendFunc": {
                  "Src": 1,
                  "Dst": 771
                },
                "AnchorPoint": {
                  "ScaleX": 0.5,
                  "ScaleY": 0.5
                },
                "Position": {
                  "X": 129.8719,
                  "Y": 656.4182
                },
                "Scale": {
                  "ScaleX": 1.0,
                  "ScaleY": 1.0
                },
                "CColor": {},
                "IconVisible": false,
                "PrePosition": {
                  "X": 0.4995,
                  "Y": 0.9117
                },
                "PreSize": {
                  "X": 0.8923,
                  "Y": 0.1306
                },
                "LeftMargin": 13.8719,
                "RightMargin": 14.1281,
                "TopMargin": 16.5818,
                "BottomMargin": 609.4182,
                "Tag": 316,
                "Children": [
                  {
                    "FileData": {
                      "Type": "Normal",
                      "Path": "image/ui/room2/create_btn9_1.png",
                      "Plist": ""
                    },
                    "BlendFunc": {
                      "Src": 1,
                      "Dst": 771
                    },
                    "AnchorPoint": {
                      "ScaleX": 0.5,
                      "ScaleY": 0.5
                    },
                    "Position": {
                      "X": 125.6,
                      "Y": 47.0
                    },
                    "Scale": {
                      "ScaleX": 1.0,
                      "ScaleY": 1.0
                    },
                    "CColor": {},
                    "IconVisible": false,
                    "PrePosition": {
                      "X": 0.5414,
                      "Y": 0.5
                    },
                    "PreSize": {
                      "X": 1.0991,
                      "Y": 1.0319
                    },
                    "LeftMargin": -1.9,
                    "RightMargin": -21.1,
                    "TopMargin": -1.5,
                    "BottomMargin": -1.5,
                    "Tag": 495,
                    "ActionTag": 704221594,
                    "Size": {
                      "X": 255.0,
                      "Y": 97.0
                    },
                    "VisibleForFrame": false,
                    "Name": "foucs",
                    "ctype": "SpriteObjectData"
                  },
                  {
                    "FileData": {
                      "Type": "Normal",
                      "Path": "appCommon/fydp/common/notice_xm.png",
                      "Plist": ""
                    },
                    "BlendFunc": {
                      "Src": 1,
                      "Dst": 771
                    },
                    "AnchorPoint": {
                      "ScaleX": 0.5,
                      "ScaleY": 0.5
                    },
                    "Position": {
                      "X": 38.9999,
                      "Y": 60.9998
                    },
                    "Scale": {
                      "ScaleX": 1.0,
                      "ScaleY": 1.0
                    },
                    "CColor": {},
                    "IconVisible": false,
                    "PrePosition": {
                      "X": 0.1681,
                      "Y": 0.6489
                    },
                    "PreSize": {
                      "X": 0.4095,
                      "Y": 1.0106
                    },
                    "LeftMargin": -8.5001,
                    "RightMargin": 145.5001,
                    "TopMargin": -14.4998,
                    "BottomMargin": 13.4998,
                    "Tag": 317,
                    "ActionTag": 1813674812,
                    "Size": {
                      "X": 95.0,
                      "Y": 95.0
                    },
                    "VisibleForFrame": false,
                    "Name": "xm",
                    "ctype": "SpriteObjectData"
                  }
                ],
                "ActionTag": -672998543,
                "Size": {
                  "X": 232.0,
                  "Y": 94.0
                },
                "Name": "btn_7",
                "ctype": "SpriteObjectData"
              },
              {
                "FileData": {
                  "Type": "Normal",
                  "Path": "image/ui/room2/create_btn8.png",
                  "Plist": ""
                },
                "BlendFunc": {
                  "Src": 1,
                  "Dst": 771
                },
                "AnchorPoint": {
                  "ScaleX": 0.5,
                  "ScaleY": 0.5
                },
                "Position": {
                  "X": 129.8719,
                  "Y": 558.9283
                },
                "Scale": {
                  "ScaleX": 1.0,
                  "ScaleY": 1.0
                },
                "CColor": {},
                "IconVisible": false,
                "PrePosition": {
                  "X": 0.4995,
                  "Y": 0.7763
                },
                "PreSize": {
                  "X": 0.8923,
                  "Y": 0.1306
                },
                "LeftMargin": 13.8719,
                "RightMargin": 14.1281,
                "TopMargin": 114.0717,
                "BottomMargin": 511.9283,
                "Tag": 318,
                "Children": [
                  {
                    "FileData": {
                      "Type": "Normal",
                      "Path": "image/ui/room2/create_btn8_1.png",
                      "Plist": ""
                    },
                    "BlendFunc": {
                      "Src": 1,
                      "Dst": 771
                    },
                    "AnchorPoint": {
                      "ScaleX": 0.5,
                      "ScaleY": 0.5
                    },
                    "Position": {
                      "X": 125.6,
                      "Y": 47.0
                    },
                    "Scale": {
                      "ScaleX": 1.0,
                      "ScaleY": 1.0
                    },
                    "CColor": {},
                    "IconVisible": false,
                    "PrePosition": {
                      "X": 0.5414,
                      "Y": 0.5
                    },
                    "PreSize": {
                      "X": 1.0991,
                      "Y": 1.0319
                    },
                    "LeftMargin": -1.9,
                    "RightMargin": -21.1,
                    "TopMargin": -1.5,
                    "BottomMargin": -1.5,
                    "Tag": 497,
                    "ActionTag": 943837988,
                    "Size": {
                      "X": 255.0,
                      "Y": 97.0
                    },
                    "VisibleForFrame": false,
                    "Name": "foucs",
                    "ctype": "SpriteObjectData"
                  },
                  {
                    "FileData": {
                      "Type": "Normal",
                      "Path": "appCommon/fydp/common/notice_xm.png",
                      "Plist": ""
                    },
                    "BlendFunc": {
                      "Src": 1,
                      "Dst": 771
                    },
                    "AnchorPoint": {
                      "ScaleX": 0.5,
                      "ScaleY": 0.5
                    },
                    "Position": {
                      "X": 38.9999,
                      "Y": 60.9998
                    },
                    "Scale": {
                      "ScaleX": 1.0,
                      "ScaleY": 1.0
                    },
                    "CColor": {},
                    "IconVisible": false,
                    "PrePosition": {
                      "X": 0.1681,
                      "Y": 0.6489
                    },
                    "PreSize": {
                      "X": 0.4095,
                      "Y": 1.0106
                    },
                    "LeftMargin": -8.5001,
                    "RightMargin": 145.5001,
                    "TopMargin": -14.4998,
                    "BottomMargin": 13.4998,
                    "Tag": 319,
                    "ActionTag": 2114847305,
                    "Size": {
                      "X": 95.0,
                      "Y": 95.0
                    },
                    "VisibleForFrame": false,
                    "Name": "xm",
                    "ctype": "SpriteObjectData"
                  }
                ],
                "ActionTag": -53159595,
                "Size": {
                  "X": 232.0,
                  "Y": 94.0
                },
                "Name": "btn_8",
                "ctype": "SpriteObjectData"
              },
              {
                "FileData": {
                  "Type": "Normal",
                  "Path": "image/ui/room2/create_btn7.png",
                  "Plist": ""
                },
                "BlendFunc": {
                  "Src": 1,
                  "Dst": 771
                },
                "AnchorPoint": {
                  "ScaleX": 0.5,
                  "ScaleY": 0.5
                },
                "Position": {
                  "X": 129.8719,
                  "Y": 461.4385
                },
                "Scale": {
                  "ScaleX": 1.0,
                  "ScaleY": 1.0
                },
                "CColor": {},
                "IconVisible": false,
                "PrePosition": {
                  "X": 0.4995,
                  "Y": 0.6409
                },
                "PreSize": {
                  "X": 0.8923,
                  "Y": 0.1306
                },
                "LeftMargin": 13.8719,
                "RightMargin": 14.1281,
                "TopMargin": 211.5615,
                "BottomMargin": 414.4385,
                "Tag": 320,
                "Children": [
                  {
                    "FileData": {
                      "Type": "Normal",
                      "Path": "image/ui/room2/create_btn7_1.png",
                      "Plist": ""
                    },
                    "BlendFunc": {
                      "Src": 1,
                      "Dst": 771
                    },
                    "AnchorPoint": {
                      "ScaleX": 0.5,
                      "ScaleY": 0.5
                    },
                    "Position": {
                      "X": 125.6,
                      "Y": 47.0
                    },
                    "Scale": {
                      "ScaleX": 1.0,
                      "ScaleY": 1.0
                    },
                    "CColor": {},
                    "IconVisible": false,
                    "PrePosition": {
                      "X": 0.5414,
                      "Y": 0.5
                    },
                    "PreSize": {
                      "X": 1.0991,
                      "Y": 1.0319
                    },
                    "LeftMargin": -1.9,
                    "RightMargin": -21.1,
                    "TopMargin": -1.5,
                    "BottomMargin": -1.5,
                    "Tag": 498,
                    "ActionTag": 509255616,
                    "Size": {
                      "X": 255.0,
                      "Y": 97.0
                    },
                    "VisibleForFrame": false,
                    "Name": "foucs",
                    "ctype": "SpriteObjectData"
                  },
                  {
                    "FileData": {
                      "Type": "Normal",
                      "Path": "appCommon/fydp/common/notice_xm.png",
                      "Plist": ""
                    },
                    "BlendFunc": {
                      "Src": 1,
                      "Dst": 771
                    },
                    "AnchorPoint": {
                      "ScaleX": 0.5,
                      "ScaleY": 0.5
                    },
                    "Position": {
                      "X": 38.9999,
                      "Y": 60.9998
                    },
                    "Scale": {
                      "ScaleX": 1.0,
                      "ScaleY": 1.0
                    },
                    "CColor": {},
                    "IconVisible": false,
                    "PrePosition": {
                      "X": 0.1681,
                      "Y": 0.6489
                    },
                    "PreSize": {
                      "X": 0.4095,
                      "Y": 1.0106
                    },
                    "LeftMargin": -8.5001,
                    "RightMargin": 145.5001,
                    "TopMargin": -14.4998,
                    "BottomMargin": 13.4998,
                    "Tag": 321,
                    "ActionTag": -543746331,
                    "Size": {
                      "X": 95.0,
                      "Y": 95.0
                    },
                    "VisibleForFrame": false,
                    "Name": "xm",
                    "ctype": "SpriteObjectData"
                  }
                ],
                "ActionTag": -1301813978,
                "Size": {
                  "X": 232.0,
                  "Y": 94.0
                },
                "Name": "btn_9",
                "ctype": "SpriteObjectData"
              },
              {
                "FileData": {
                  "Type": "Normal",
                  "Path": "image/ui/room2/create_btn15.png",
                  "Plist": ""
                },
                "BlendFunc": {
                  "Src": 1,
                  "Dst": 771
                },
                "AnchorPoint": {
                  "ScaleX": 0.5,
                  "ScaleY": 0.5
                },
                "Position": {
                  "X": 129.8719,
                  "Y": 363.9487
                },
                "Scale": {
                  "ScaleX": 1.0,
                  "ScaleY": 1.0
                },
                "CColor": {},
                "IconVisible": false,
                "PrePosition": {
                  "X": 0.4995,
                  "Y": 0.5055
                },
                "PreSize": {
                  "X": 0.8923,
                  "Y": 0.1306
                },
                "LeftMargin": 13.8719,
                "RightMargin": 14.1281,
                "TopMargin": 309.0513,
                "BottomMargin": 316.9487,
                "Tag": 1473,
                "Children": [
                  {
                    "FileData": {
                      "Type": "Normal",
                      "Path": "image/ui/room2/create_btn15_1.png",
                      "Plist": ""
                    },
                    "BlendFunc": {
                      "Src": 1,
                      "Dst": 771
                    },
                    "AnchorPoint": {
                      "ScaleX": 0.5,
                      "ScaleY": 0.5
                    },
                    "Position": {
                      "X": 125.6,
                      "Y": 47.0
                    },
                    "Scale": {
                      "ScaleX": 1.0,
                      "ScaleY": 1.0
                    },
                    "CColor": {},
                    "IconVisible": false,
                    "PrePosition": {
                      "X": 0.5414,
                      "Y": 0.5
                    },
                    "PreSize": {
                      "X": 1.0991,
                      "Y": 1.0319
                    },
                    "LeftMargin": -1.9,
                    "RightMargin": -21.1,
                    "TopMargin": -1.5,
                    "BottomMargin": -1.5,
                    "Tag": 1474,
                    "ActionTag": -574615697,
                    "Size": {
                      "X": 255.0,
                      "Y": 97.0
                    },
                    "VisibleForFrame": false,
                    "Name": "foucs",
                    "ctype": "SpriteObjectData"
                  },
                  {
                    "FileData": {
                      "Type": "Normal",
                      "Path": "appCommon/fydp/common/notice_xm.png",
                      "Plist": ""
                    },
                    "BlendFunc": {
                      "Src": 1,
                      "Dst": 771
                    },
                    "AnchorPoint": {
                      "ScaleX": 0.5,
                      "ScaleY": 0.5
                    },
                    "Position": {
                      "X": 38.9999,
                      "Y": 60.9998
                    },
                    "Scale": {
                      "ScaleX": 1.0,
                      "ScaleY": 1.0
                    },
                    "CColor": {},
                    "IconVisible": false,
                    "PrePosition": {
                      "X": 0.1681,
                      "Y": 0.6489
                    },
                    "PreSize": {
                      "X": 0.4095,
                      "Y": 1.0106
                    },
                    "LeftMargin": -8.5001,
                    "RightMargin": 145.5001,
                    "TopMargin": -14.4998,
                    "BottomMargin": 13.4998,
                    "Tag": 1475,
                    "ActionTag": 674254473,
                    "Size": {
                      "X": 95.0,
                      "Y": 95.0
                    },
                    "VisibleForFrame": false,
                    "Name": "xm",
                    "ctype": "SpriteObjectData"
                  }
                ],
                "ActionTag": 2015429571,
                "Size": {
                  "X": 232.0,
                  "Y": 94.0
                },
                "Name": "btn_15",
                "ctype": "SpriteObjectData"
              },
              {
                "FileData": {
                  "Type": "Normal",
                  "Path": "image/ui/room2/create_btn16.png",
                  "Plist": ""
                },
                "BlendFunc": {
                  "Src": 1,
                  "Dst": 771
                },
                "AnchorPoint": {
                  "ScaleX": 0.5,
                  "ScaleY": 0.5
                },
                "Position": {
                  "X": 129.8719,
                  "Y": 266.4589
                },
                "Scale": {
                  "ScaleX": 1.0,
                  "ScaleY": 1.0
                },
                "CColor": {},
                "IconVisible": false,
                "PrePosition": {
                  "X": 0.4995,
                  "Y": 0.3701
                },
                "PreSize": {
                  "X": 0.8923,
                  "Y": 0.1306
                },
                "LeftMargin": 13.8719,
                "RightMargin": 14.1281,
                "TopMargin": 406.5411,
                "BottomMargin": 219.4589,
                "Tag": 1476,
                "Children": [
                  {
                    "FileData": {
                      "Type": "Normal",
                      "Path": "image/ui/room2/create_btn16_1.png",
                      "Plist": ""
                    },
                    "BlendFunc": {
                      "Src": 1,
                      "Dst": 771
                    },
                    "AnchorPoint": {
                      "ScaleX": 0.5,
                      "ScaleY": 0.5
                    },
                    "Position": {
                      "X": 125.6,
                      "Y": 47.0
                    },
                    "Scale": {
                      "ScaleX": 1.0,
                      "ScaleY": 1.0
                    },
                    "CColor": {},
                    "IconVisible": false,
                    "PrePosition": {
                      "X": 0.5414,
                      "Y": 0.5
                    },
                    "PreSize": {
                      "X": 1.0991,
                      "Y": 1.0319
                    },
                    "LeftMargin": -1.9,
                    "RightMargin": -21.1,
                    "TopMargin": -1.5,
                    "BottomMargin": -1.5,
                    "Tag": 1477,
                    "ActionTag": -697205845,
                    "Size": {
                      "X": 255.0,
                      "Y": 97.0
                    },
                    "VisibleForFrame": false,
                    "Name": "foucs",
                    "ctype": "SpriteObjectData"
                  },
                  {
                    "FileData": {
                      "Type": "Normal",
                      "Path": "appCommon/fydp/common/notice_xm.png",
                      "Plist": ""
                    },
                    "BlendFunc": {
                      "Src": 1,
                      "Dst": 771
                    },
                    "AnchorPoint": {
                      "ScaleX": 0.5,
                      "ScaleY": 0.5
                    },
                    "Position": {
                      "X": 38.9999,
                      "Y": 60.9998
                    },
                    "Scale": {
                      "ScaleX": 1.0,
                      "ScaleY": 1.0
                    },
                    "CColor": {},
                    "IconVisible": false,
                    "PrePosition": {
                      "X": 0.1681,
                      "Y": 0.6489
                    },
                    "PreSize": {
                      "X": 0.4095,
                      "Y": 1.0106
                    },
                    "LeftMargin": -8.5001,
                    "RightMargin": 145.5001,
                    "TopMargin": -14.4998,
                    "BottomMargin": 13.4998,
                    "Tag": 1478,
                    "ActionTag": 1789491865,
                    "Size": {
                      "X": 95.0,
                      "Y": 95.0
                    },
                    "VisibleForFrame": false,
                    "Name": "xm",
                    "ctype": "SpriteObjectData"
                  }
                ],
                "ActionTag": 1045615593,
                "Size": {
                  "X": 232.0,
                  "Y": 94.0
                },
                "Name": "btn_16",
                "ctype": "SpriteObjectData"
              },
              {
                "FileData": {
                  "Type": "Normal",
                  "Path": "image/ui/room2/create_btn17.png",
                  "Plist": ""
                },
                "BlendFunc": {
                  "Src": 1,
                  "Dst": 771
                },
                "AnchorPoint": {
                  "ScaleX": 0.5,
                  "ScaleY": 0.5
                },
                "Position": {
                  "X": 129.8719,
                  "Y": 168.9691
                },
                "Scale": {
                  "ScaleX": 1.0,
                  "ScaleY": 1.0
                },
                "CColor": {},
                "IconVisible": false,
                "PrePosition": {
                  "X": 0.4995,
                  "Y": 0.2347
                },
                "PreSize": {
                  "X": 0.8923,
                  "Y": 0.1306
                },
                "LeftMargin": 13.8719,
                "RightMargin": 14.1281,
                "TopMargin": 504.0309,
                "BottomMargin": 121.9691,
                "Tag": 1479,
                "Children": [
                  {
                    "FileData": {
                      "Type": "Normal",
                      "Path": "image/ui/room2/create_btn17_1.png",
                      "Plist": ""
                    },
                    "BlendFunc": {
                      "Src": 1,
                      "Dst": 771
                    },
                    "AnchorPoint": {
                      "ScaleX": 0.5,
                      "ScaleY": 0.5
                    },
                    "Position": {
                      "X": 125.6,
                      "Y": 47.0
                    },
                    "Scale": {
                      "ScaleX": 1.0,
                      "ScaleY": 1.0
                    },
                    "CColor": {},
                    "IconVisible": false,
                    "PrePosition": {
                      "X": 0.5414,
                      "Y": 0.5
                    },
                    "PreSize": {
                      "X": 1.0991,
                      "Y": 1.0319
                    },
                    "LeftMargin": -1.9,
                    "RightMargin": -21.1,
                    "TopMargin": -1.5,
                    "BottomMargin": -1.5,
                    "Tag": 1480,
                    "ActionTag": -465368655,
                    "Size": {
                      "X": 255.0,
                      "Y": 97.0
                    },
                    "VisibleForFrame": false,
                    "Name": "foucs",
                    "ctype": "SpriteObjectData"
                  },
                  {
                    "FileData": {
                      "Type": "Normal",
                      "Path": "appCommon/fydp/common/notice_xm.png",
                      "Plist": ""
                    },
                    "BlendFunc": {
                      "Src": 1,
                      "Dst": 771
                    },
                    "AnchorPoint": {
                      "ScaleX": 0.5,
                      "ScaleY": 0.5
                    },
                    "Position": {
                      "X": 38.9999,
                      "Y": 60.9998
                    },
                    "Scale": {
                      "ScaleX": 1.0,
                      "ScaleY": 1.0
                    },
                    "CColor": {},
                    "IconVisible": false,
                    "PrePosition": {
                      "X": 0.1681,
                      "Y": 0.6489
                    },
                    "PreSize": {
                      "X": 0.4095,
                      "Y": 1.0106
                    },
                    "LeftMargin": -8.5001,
                    "RightMargin": 145.5001,
                    "TopMargin": -14.4998,
                    "BottomMargin": 13.4998,
                    "Tag": 1481,
                    "ActionTag": -1417636176,
                    "Size": {
                      "X": 95.0,
                      "Y": 95.0
                    },
                    "VisibleForFrame": false,
                    "Name": "xm",
                    "ctype": "SpriteObjectData"
                  }
                ],
                "ActionTag": 995872162,
                "Size": {
                  "X": 232.0,
                  "Y": 94.0
                },
                "Name": "btn_17",
                "ctype": "SpriteObjectData"
              },
              {
                "FileData": {
                  "Type": "Normal",
                  "Path": "image/ui/room2/create_btn18.png",
                  "Plist": ""
                },
                "BlendFunc": {
                  "Src": 1,
                  "Dst": 771
                },
                "AnchorPoint": {
                  "ScaleX": 0.5,
                  "ScaleY": 0.5
                },
                "Position": {
                  "X": 129.872,
                  "Y": 71.4793
                },
                "Scale": {
                  "ScaleX": 1.0,
                  "ScaleY": 1.0
                },
                "CColor": {},
                "IconVisible": false,
                "PrePosition": {
                  "X": 0.4995,
                  "Y": 0.0993
                },
                "PreSize": {
                  "X": 0.8923,
                  "Y": 0.1306
                },
                "LeftMargin": 13.872,
                "RightMargin": 14.128,
                "TopMargin": 601.5207,
                "BottomMargin": 24.4793,
                "Tag": 21,
                "Children": [
                  {
                    "FileData": {
                      "Type": "Normal",
                      "Path": "image/ui/room2/create_btn18_1.png",
                      "Plist": ""
                    },
                    "BlendFunc": {
                      "Src": 1,
                      "Dst": 771
                    },
                    "AnchorPoint": {
                      "ScaleX": 0.5,
                      "ScaleY": 0.5
                    },
                    "Position": {
                      "X": 125.6,
                      "Y": 47.0
                    },
                    "Scale": {
                      "ScaleX": 1.0,
                      "ScaleY": 1.0
                    },
                    "CColor": {},
                    "IconVisible": false,
                    "PrePosition": {
                      "X": 0.5414,
                      "Y": 0.5
                    },
                    "PreSize": {
                      "X": 1.0991,
                      "Y": 1.0319
                    },
                    "LeftMargin": -1.9,
                    "RightMargin": -21.1,
                    "TopMargin": -1.5,
                    "BottomMargin": -1.5,
                    "Tag": 22,
                    "ActionTag": 1345801609,
                    "Size": {
                      "X": 255.0,
                      "Y": 97.0
                    },
                    "VisibleForFrame": false,
                    "Name": "foucs",
                    "ctype": "SpriteObjectData"
                  },
                  {
                    "FileData": {
                      "Type": "Normal",
                      "Path": "appCommon/fydp/common/notice_xm.png",
                      "Plist": ""
                    },
                    "BlendFunc": {
                      "Src": 1,
                      "Dst": 771
                    },
                    "AnchorPoint": {
                      "ScaleX": 0.5,
                      "ScaleY": 0.5
                    },
                    "Position": {
                      "X": 38.9999,
                      "Y": 60.9998
                    },
                    "Scale": {
                      "ScaleX": 1.0,
                      "ScaleY": 1.0
                    },
                    "CColor": {},
                    "IconVisible": false,
                    "PrePosition": {
                      "X": 0.1681,
                      "Y": 0.6489
                    },
                    "PreSize": {
                      "X": 0.4095,
                      "Y": 1.0106
                    },
                    "LeftMargin": -8.5001,
                    "RightMargin": 145.5001,
                    "TopMargin": -14.4998,
                    "BottomMargin": 13.4998,
                    "Tag": 23,
                    "ActionTag": 1630227935,
                    "Size": {
                      "X": 95.0,
                      "Y": 95.0
                    },
                    "VisibleForFrame": false,
                    "Name": "xm",
                    "ctype": "SpriteObjectData"
                  }
                ],
                "ActionTag": -1895396613,
                "Size": {
                  "X": 232.0,
                  "Y": 94.0
                },
                "Name": "btn_18",
                "ctype": "SpriteObjectData"
              }
            ],
            "ActionTag": 850086635,
            "Size": {
              "X": 260.0,
              "Y": 600.0
            },
            "Name": "tabList",
            "ctype": "ScrollViewObjectData"
          }
        ],
        "Size": {
          "X": 0.0,
          "Y": 0.0
        },
        "Name": "Node",
        "ctype": "SingleNodeObjectData"
      },
      "UsedResources": [
        "../../../appCommon/fydp/common/notice_xm.png",
        "../../../image/ui/room2/create_btn15.png",
        "../../../image/ui/room2/create_btn15_1.png",
        "../../../image/ui/room2/create_btn16.png",
        "../../../image/ui/room2/create_btn16_1.png",
        "../../../image/ui/room2/create_btn17.png",
        "../../../image/ui/room2/create_btn17_1.png",
        "../../../image/ui/room2/create_btn18.png",
        "../../../image/ui/room2/create_btn18_1.png",
        "../../../image/ui/room2/create_btn7.png",
        "../../../image/ui/room2/create_btn7_1.png",
        "../../../image/ui/room2/create_btn8.png",
        "../../../image/ui/room2/create_btn8_1.png",
        "../../../image/ui/room2/create_btn9.png",
        "../../../image/ui/room2/create_btn9_1.png"
      ],
      "ctype": "GameFileData"
    }
  },
  "Type": "Node"
}