{
  "ID": "b69bbce7-6386-4338-bedf-eb5ba6d4f6f9",
  "Version": "3.10.0.0",
  "Name": "JiesuanDetail_Sc",
  "Content": {
    "Content": {
      "Animation": {
        "Duration": 0,
        "Speed": 1.0,
        "Timelines": [],
        "ctype": "TimelineActionData"
      },
      "AnimationList": [],
      "ObjectData": {
        "Tag": 1054,
        "Children": [
          {
            "ClipAble": false,
            "BackColorAlpha": 153,
            "ComboBoxIndex": 1,
            "SingleColor": {
              "R": 0,
              "G": 0,
              "B": 0
            },
            "FirstColor": {
              "R": 150,
              "G": 200
            },
            "EndColor": {},
            "ColorVector": {
              "ScaleY": 1.0
            },
            "Scale9Width": 1,
            "Scale9Height": 1,
            "TouchEnable": true,
            "AnchorPoint": {},
            "Position": {
              "X": 0.0,
              "Y": 0.0
            },
            "Scale": {
              "ScaleX": 1.0,
              "ScaleY": 1.0
            },
            "CColor": {},
            "IconVisible": false,
            "PrePosition": {
              "X": 0.0,
              "Y": 0.0
            },
            "PreSize": {
              "X": 1.0,
              "Y": 1.0
            },
            "Tag": 1055,
            "Children": [
              {
                "ClipAble": false,
                "BackColorAlpha": 153,
                "ComboBoxIndex": 1,
                "SingleColor": {
                  "R": 0,
                  "G": 0,
                  "B": 0
                },
                "FirstColor": {
                  "R": 150,
                  "G": 200
                },
                "EndColor": {},
                "ColorVector": {
                  "ScaleY": 1.0
                },
                "Scale9Width": 1,
                "Scale9Height": 1,
                "TouchEnable": true,
                "AnchorPoint": {},
                "Position": {
                  "X": 0.0,
                  "Y": 0.0
                },
                "Scale": {
                  "ScaleX": 1.0,
                  "ScaleY": 1.0
                },
                "CColor": {},
                "IconVisible": false,
                "PrePosition": {
                  "X": 0.0,
                  "Y": 0.0
                },
                "PreSize": {
                  "X": 1.0,
                  "Y": 1.0
                },
                "Tag": 1056,
                "Children": [
                  {
                    "ClipAble": false,
                    "ComboBoxIndex": 1,
                    "SingleColor": {
                      "R": 150,
                      "G": 200
                    },
                    "FirstColor": {
                      "R": 150,
                      "G": 200
                    },
                    "EndColor": {},
                    "ColorVector": {
                      "ScaleY": 1.0
                    },
                    "Scale9Width": 1,
                    "Scale9Height": 1,
                    "TouchEnable": true,
                    "AnchorPoint": {},
                    "Position": {
                      "X": 40.0567,
                      "Y": 209.9425
                    },
                    "Scale": {
                      "ScaleX": 1.0,
                      "ScaleY": 1.0
                    },
                    "CColor": {},
                    "IconVisible": false,
                    "PrePosition": {
                      "X": 0.0313,
                      "Y": 0.2916
                    },
                    "PreSize": {
                      "X": 0.9375,
                      "Y": 0.5694
                    },
                    "LeftMargin": 40.0567,
                    "RightMargin": 39.9434,
                    "TopMargin": 100.0575,
                    "BottomMargin": 209.9425,
                    "Tag": 1057,
                    "ActionTag": -872208396,
                    "Size": {
                      "X": 1200.0,
                      "Y": 410.0
                    },
                    "Alpha": 0,
                    "Name": "tableview",
                    "ctype": "PanelObjectData"
                  },
                  {
                    "FileData": {
                      "Type": "Normal",
                      "Path": "submodules/majiang/image/ma_sc/jisuan/jiesuan_bg2.jpg",
                      "Plist": ""
                    },
                    "Scale9OriginX": 414,
                    "Scale9OriginY": 229,
                    "Scale9Width": 404,
                    "Scale9Height": 214,
                    "AnchorPoint": {
                      "ScaleX": 0.5,
                      "ScaleY": 0.5
                    },
                    "Position": {
                      "X": 640.0,
                      "Y": 361.0
                    },
                    "Scale": {
                      "ScaleX": 1.0,
                      "ScaleY": 1.0
                    },
                    "CColor": {},
                    "IconVisible": false,
                    "PrePosition": {
                      "X": 0.5,
                      "Y": 0.5014
                    },
                    "PreSize": {
                      "X": 0.9625,
                      "Y": 0.9333
                    },
                    "LeftMargin": 24.0,
                    "RightMargin": 24.0,
                    "TopMargin": 23.0,
                    "BottomMargin": 25.0,
                    "Tag": 1060,
                    "Children": [
                      {
                        "FileData": {
                          "Type": "Normal",
                          "Path": "submodules/majiang/image/ma_sc/jisuan/jiesuan_next.png",
                          "Plist": ""
                        },
                        "BlendFunc": {
                          "Src": 1,
                          "Dst": 771
                        },
                        "AnchorPoint": {
                          "ScaleX": 0.5,
                          "ScaleY": 0.5
                        },
                        "Position": {
                          "X": 1091.6909,
                          "Y": 50.2696
                        },
                        "Scale": {
                          "ScaleX": 1.0,
                          "ScaleY": 1.0
                        },
                        "CColor": {},
                        "IconVisible": false,
                        "PrePosition": {
                          "X": 0.8861,
                          "Y": 0.0748
                        },
                        "PreSize": {
                          "X": 0.1802,
                          "Y": 0.1101
                        },
                        "LeftMargin": 980.6909,
                        "RightMargin": 29.3091,
                        "TopMargin": 584.7304,
                        "BottomMargin": 13.2696,
                        "Tag": 2694,
                        "ActionTag": 1454564136,
                        "Size": {
                          "X": 222.0,
                          "Y": 74.0
                        },
                        "Name": "btn_next",
                        "ctype": "SpriteObjectData"
                      },
                      {
                        "FontSize": 28,
                        "LabelText": "___+1000___",
                        "HorizontalAlignmentType": "HT_Center",
                        "OutlineColor": {
                          "G": 0,
                          "B": 0
                        },
                        "ShadowColor": {
                          "R": 110,
                          "G": 110,
                          "B": 110
                        },
                        "ShadowOffsetX": 2.0,
                        "ShadowOffsetY": -2.0,
                        "AnchorPoint": {
                          "ScaleX": 0.5,
                          "ScaleY": 0.5
                        },
                        "Position": {
                          "X": 505.9919,
                          "Y": 154.1661
                        },
                        "Scale": {
                          "ScaleX": 1.0,
                          "ScaleY": 1.0
                        },
                        "CColor": {
                          "R": 26,
                          "G": 26,
                          "B": 26
                        },
                        "IconVisible": false,
                        "PrePosition": {
                          "X": 0.4107,
                          "Y": 0.2294
                        },
                        "PreSize": {
                          "X": 0.1404,
                          "Y": 0.0476
                        },
                        "LeftMargin": 419.4919,
                        "RightMargin": 639.5081,
                        "TopMargin": 501.8339,
                        "BottomMargin": 138.1661,
                        "Tag": 2940,
                        "ActionTag": -140412553,
                        "Size": {
                          "X": 173.0,
                          "Y": 32.0
                        },
                        "Name": "zongji_1",
                        "ctype": "TextObjectData"
                      },
                      {
                        "FontSize": 28,
                        "LabelText": "___+1000___",
                        "HorizontalAlignmentType": "HT_Center",
                        "OutlineColor": {
                          "G": 0,
                          "B": 0
                        },
                        "ShadowColor": {
                          "R": 110,
                          "G": 110,
                          "B": 110
                        },
                        "ShadowOffsetX": 2.0,
                        "ShadowOffsetY": -2.0,
                        "AnchorPoint": {
                          "ScaleX": 0.5,
                          "ScaleY": 0.5
                        },
                        "Position": {
                          "X": 711.6209,
                          "Y": 154.1661
                        },
                        "Scale": {
                          "ScaleX": 1.0,
                          "ScaleY": 1.0
                        },
                        "CColor": {
                          "R": 26,
                          "G": 26,
                          "B": 26
                        },
                        "IconVisible": false,
                        "PrePosition": {
                          "X": 0.5776,
                          "Y": 0.2294
                        },
                        "PreSize": {
                          "X": 0.1404,
                          "Y": 0.0476
                        },
                        "LeftMargin": 625.1209,
                        "RightMargin": 433.8791,
                        "TopMargin": 501.8339,
                        "BottomMargin": 138.1661,
                        "Tag": 2941,
                        "ActionTag": -1441090487,
                        "Size": {
                          "X": 173.0,
                          "Y": 32.0
                        },
                        "Name": "zongji_2",
                        "ctype": "TextObjectData"
                      },
                      {
                        "FontSize": 28,
                        "LabelText": "___+1000___",
                        "HorizontalAlignmentType": "HT_Center",
                        "OutlineColor": {
                          "G": 0,
                          "B": 0
                        },
                        "ShadowColor": {
                          "R": 110,
                          "G": 110,
                          "B": 110
                        },
                        "ShadowOffsetX": 2.0,
                        "ShadowOffsetY": -2.0,
                        "AnchorPoint": {
                          "ScaleX": 0.5,
                          "ScaleY": 0.5
                        },
                        "Position": {
                          "X": 924.9532,
                          "Y": 154.1661
                        },
                        "Scale": {
                          "ScaleX": 1.0,
                          "ScaleY": 1.0
                        },
                        "CColor": {
                          "R": 26,
                          "G": 26,
                          "B": 26
                        },
                        "IconVisible": false,
                        "PrePosition": {
                          "X": 0.7508,
                          "Y": 0.2294
                        },
                        "PreSize": {
                          "X": 0.1404,
                          "Y": 0.0476
                        },
                        "LeftMargin": 838.4532,
                        "RightMargin": 220.5468,
                        "TopMargin": 501.8339,
                        "BottomMargin": 138.1661,
                        "Tag": 2942,
                        "ActionTag": -573619859,
                        "Size": {
                          "X": 173.0,
                          "Y": 32.0
                        },
                        "Name": "zongji_3",
                        "ctype": "TextObjectData"
                      },
                      {
                        "FontSize": 28,
                        "LabelText": "___+1000___",
                        "HorizontalAlignmentType": "HT_Center",
                        "OutlineColor": {
                          "G": 0,
                          "B": 0
                        },
                        "ShadowColor": {
                          "R": 110,
                          "G": 110,
                          "B": 110
                        },
                        "ShadowOffsetX": 2.0,
                        "ShadowOffsetY": -2.0,
                        "AnchorPoint": {
                          "ScaleX": 0.5,
                          "ScaleY": 0.5
                        },
                        "Position": {
                          "X": 1107.1409,
                          "Y": 154.1661
                        },
                        "Scale": {
                          "ScaleX": 1.0,
                          "ScaleY": 1.0
                        },
                        "CColor": {
                          "R": 26,
                          "G": 26,
                          "B": 26
                        },
                        "IconVisible": false,
                        "PrePosition": {
                          "X": 0.8987,
                          "Y": 0.2294
                        },
                        "PreSize": {
                          "X": 0.1404,
                          "Y": 0.0476
                        },
                        "LeftMargin": 1020.6409,
                        "RightMargin": 38.3591,
                        "TopMargin": 501.8339,
                        "BottomMargin": 138.1661,
                        "Tag": 2943,
                        "ActionTag": -1560456408,
                        "Size": {
                          "X": 173.0,
                          "Y": 32.0
                        },
                        "Name": "zongji_4",
                        "ctype": "TextObjectData"
                      },
                      {
                        "FileData": {
                          "Type": "Normal",
                          "Path": "submodules/majiang/image/ma_sc/jisuan/jiesuan_back.png",
                          "Plist": ""
                        },
                        "BlendFunc": {
                          "Src": 1,
                          "Dst": 771
                        },
                        "AnchorPoint": {
                          "ScaleX": 0.5,
                          "ScaleY": 0.5
                        },
                        "Position": {
                          "X": 852.4862,
                          "Y": 51.0251
                        },
                        "Scale": {
                          "ScaleX": 1.0,
                          "ScaleY": 1.0
                        },
                        "CColor": {},
                        "IconVisible": false,
                        "PrePosition": {
                          "X": 0.692,
                          "Y": 0.0759
                        },
                        "PreSize": {
                          "X": 0.1826,
                          "Y": 0.1071
                        },
                        "LeftMargin": 739.9862,
                        "RightMargin": 267.0138,
                        "TopMargin": 584.9749,
                        "BottomMargin": 15.0251,
                        "Tag": 3088,
                        "ActionTag": 375065797,
                        "Size": {
                          "X": 225.0,
                          "Y": 72.0
                        },
                        "Name": "btn_back",
                        "ctype": "SpriteObjectData"
                      }
                    ],
                    "ActionTag": -305052584,
                    "Size": {
                      "X": 1232.0,
                      "Y": 672.0
                    },
                    "Name": "bg",
                    "ctype": "ImageViewObjectData"
                  }
                ],
                "ActionTag": -1828101687,
                "Size": {
                  "X": 1280.0,
                  "Y": 720.0
                },
                "Name": "panel",
                "ctype": "PanelObjectData"
              }
            ],
            "ActionTag": 1512944703,
            "Size": {
              "X": 1280.0,
              "Y": 720.0
            },
            "Name": "root",
            "ctype": "PanelObjectData"
          },
          {
            "FileData": {
              "Type": "Normal",
              "Path": "submodules/majiang/image/ma_sc/jisuan/jiesuan_szzj.png",
              "Plist": ""
            },
            "BlendFunc": {
              "Src": 1,
              "Dst": 771
            },
            "AnchorPoint": {
              "ScaleX": 0.5,
              "ScaleY": 0.5
            },
            "Position": {
              "X": 280.5739,
              "Y": 176.4658
            },
            "Scale": {
              "ScaleX": 1.0,
              "ScaleY": 1.0
            },
            "CColor": {},
            "IconVisible": false,
            "PrePosition": {
              "X": 0.2192,
              "Y": 0.2451
            },
            "PreSize": {
              "X": 0.1734,
              "Y": 0.0639
            },
            "LeftMargin": 169.5739,
            "RightMargin": 888.4261,
            "TopMargin": 520.5342,
            "BottomMargin": 153.4658,
            "Tag": 3078,
            "ActionTag": -2134395811,
            "Size": {
              "X": 222.0,
              "Y": 46.0
            },
            "Name": "jiesuan_szzj_3",
            "ctype": "SpriteObjectData"
          },
          {
            "FileData": {
              "Type": "Normal",
              "Path": "submodules/majiang/image/ma_sc/jisuan/jiesuan_cz.png",
              "Plist": ""
            },
            "BlendFunc": {
              "Src": 1,
              "Dst": 771
            },
            "AnchorPoint": {
              "ScaleX": 0.5,
              "ScaleY": 0.5
            },
            "Position": {
              "X": 151.1091,
              "Y": 657.1427
            },
            "Scale": {
              "ScaleX": 1.0,
              "ScaleY": 1.0
            },
            "CColor": {},
            "IconVisible": false,
            "PrePosition": {
              "X": 0.1181,
              "Y": 0.9127
            },
            "PreSize": {
              "X": 0.0484,
              "Y": 0.0458
            },
            "LeftMargin": 120.1091,
            "RightMargin": 1097.8909,
            "TopMargin": 46.3573,
            "BottomMargin": 640.6427,
            "Tag": 3079,
            "ActionTag": 1673489387,
            "Size": {
              "X": 62.0,
              "Y": 33.0
            },
            "Name": "jiesuan_cz_4",
            "ctype": "SpriteObjectData"
          },
          {
            "FileData": {
              "Type": "Normal",
              "Path": "submodules/majiang/image/ma_sc/jisuan/jiesuan_me.png",
              "Plist": ""
            },
            "BlendFunc": {
              "Src": 1,
              "Dst": 771
            },
            "AnchorPoint": {
              "ScaleX": 0.5833,
              "ScaleY": 0.4823
            },
            "Position": {
              "X": 532.1578,
              "Y": 659.1298
            },
            "Scale": {
              "ScaleX": 1.0,
              "ScaleY": 1.0
            },
            "CColor": {},
            "IconVisible": false,
            "PrePosition": {
              "X": 0.4157,
              "Y": 0.9155
            },
            "PreSize": {
              "X": 0.0258,
              "Y": 0.0556
            },
            "LeftMargin": 512.9089,
            "RightMargin": 734.0911,
            "TopMargin": 40.1622,
            "BottomMargin": 639.8378,
            "Tag": 3081,
            "ActionTag": -299687019,
            "Size": {
              "X": 33.0,
              "Y": 40.0
            },
            "Name": "jiesuan_me_6",
            "ctype": "SpriteObjectData"
          },
          {
            "FileData": {
              "Type": "Normal",
              "Path": "submodules/majiang/image/ma_sc/jisuan/jiesuan_sj.png",
              "Plist": ""
            },
            "BlendFunc": {
              "Src": 1,
              "Dst": 771
            },
            "AnchorPoint": {
              "ScaleX": 0.5,
              "ScaleY": 0.5
            },
            "Position": {
              "X": 735.621,
              "Y": 657.1427
            },
            "Scale": {
              "ScaleX": 1.0,
              "ScaleY": 1.0
            },
            "CColor": {},
            "IconVisible": false,
            "PrePosition": {
              "X": 0.5747,
              "Y": 0.9127
            },
            "PreSize": {
              "X": 0.0445,
              "Y": 0.0514
            },
            "LeftMargin": 707.121,
            "RightMargin": 515.879,
            "TopMargin": 44.3573,
            "BottomMargin": 638.6427,
            "Tag": 3082,
            "ActionTag": 2030889741,
            "Size": {
              "X": 57.0,
              "Y": 37.0
            },
            "Name": "jiesuan_sj_7",
            "ctype": "SpriteObjectData"
          },
          {
            "FileData": {
              "Type": "Normal",
              "Path": "submodules/majiang/image/ma_sc/jisuan/jiesuan_dj.png",
              "Plist": ""
            },
            "BlendFunc": {
              "Src": 1,
              "Dst": 771
            },
            "AnchorPoint": {
              "ScaleX": 0.5,
              "ScaleY": 0.5
            },
            "Position": {
              "X": 948.9531,
              "Y": 657.1427
            },
            "Scale": {
              "ScaleX": 1.0,
              "ScaleY": 1.0
            },
            "CColor": {},
            "IconVisible": false,
            "PrePosition": {
              "X": 0.7414,
              "Y": 0.9127
            },
            "PreSize": {
              "X": 0.0461,
              "Y": 0.0514
            },
            "LeftMargin": 919.4531,
            "RightMargin": 301.5469,
            "TopMargin": 44.3573,
            "BottomMargin": 638.6427,
            "Tag": 3083,
            "ActionTag": 683939198,
            "Size": {
              "X": 59.0,
              "Y": 37.0
            },
            "Name": "jiesuan_dj_8",
            "ctype": "SpriteObjectData"
          },
          {
            "FileData": {
              "Type": "Normal",
              "Path": "submodules/majiang/image/ma_sc/jisuan/jiesuan_xj.png",
              "Plist": ""
            },
            "BlendFunc": {
              "Src": 1,
              "Dst": 771
            },
            "AnchorPoint": {
              "ScaleX": 0.5,
              "ScaleY": 0.5
            },
            "Position": {
              "X": 1131.1409,
              "Y": 657.1426
            },
            "Scale": {
              "ScaleX": 1.0,
              "ScaleY": 1.0
            },
            "CColor": {},
            "IconVisible": false,
            "PrePosition": {
              "X": 0.8837,
              "Y": 0.9127
            },
            "PreSize": {
              "X": 0.0461,
              "Y": 0.0514
            },
            "LeftMargin": 1101.6409,
            "RightMargin": 119.3591,
            "TopMargin": 44.3574,
            "BottomMargin": 638.6426,
            "Tag": 3084,
            "ActionTag": 1928026861,
            "Size": {
              "X": 59.0,
              "Y": 37.0
            },
            "Name": "jiesuan_xj_9",
            "ctype": "SpriteObjectData"
          },
          {
            "FileData": {
              "Type": "Normal",
              "Path": "submodules/majiang/image/ma_sc/jisuan/jiesuan_beishu.png",
              "Plist": ""
            },
            "BlendFunc": {
              "Src": 1,
              "Dst": 771
            },
            "AnchorPoint": {
              "ScaleX": 0.5,
              "ScaleY": 0.5
            },
            "Position": {
              "X": 348.5248,
              "Y": 657.1427
            },
            "Scale": {
              "ScaleX": 1.0,
              "ScaleY": 1.0
            },
            "CColor": {},
            "IconVisible": false,
            "PrePosition": {
              "X": 0.2723,
              "Y": 0.9127
            },
            "PreSize": {
              "X": 0.0469,
              "Y": 0.0444
            },
            "LeftMargin": 318.5248,
            "RightMargin": 901.4752,
            "TopMargin": 46.8573,
            "BottomMargin": 641.1427,
            "Tag": 3087,
            "ActionTag": -2049629118,
            "Size": {
              "X": 60.0,
              "Y": 32.0
            },
            "Name": "jiesuan_fs2_12",
            "ctype": "SpriteObjectData"
          }
        ],
        "Size": {
          "X": 1280.0,
          "Y": 720.0
        },
        "Name": "Scene",
        "ctype": "SingleNodeObjectData"
      },
      "UsedResources": [
        "../image/ma_sc/jisuan/jiesuan_back.png",
        "../image/ma_sc/jisuan/jiesuan_beishu.png",
        "../image/ma_sc/jisuan/jiesuan_bg2.jpg",
        "../image/ma_sc/jisuan/jiesuan_cz.png",
        "../image/ma_sc/jisuan/jiesuan_dj.png",
        "../image/ma_sc/jisuan/jiesuan_me.png",
        "../image/ma_sc/jisuan/jiesuan_next.png",
        "../image/ma_sc/jisuan/jiesuan_sj.png",
        "../image/ma_sc/jisuan/jiesuan_szzj.png",
        "../image/ma_sc/jisuan/jiesuan_xj.png"
      ],
      "ctype": "GameFileData"
    }
  },
  "Type": "Scene"
}