{
  "ID": "813cc3eb-a3f0-40fb-a695-6a02eff6975f",
  "Version": "3.10.0.0",
  "Name": "KaigangReplayLayer",
  "Content": {
    "Content": {
      "Animation": {
        "Duration": 0,
        "Speed": 1.0,
        "Timelines": [],
        "ctype": "TimelineActionData"
      },
      "AnimationList": [],
      "ObjectData": {
        "Children": [
          {
            "ClipAble": false,
            "BackColorAlpha": 76,
            "ComboBoxIndex": 1,
            "SingleColor": {
              "R": 0,
              "G": 0,
              "B": 0
            },
            "FirstColor": {
              "R": 150,
              "G": 200
            },
            "EndColor": {},
            "ColorVector": {
              "ScaleY": 1.0
            },
            "Scale9Width": 1,
            "Scale9Height": 1,
            "TouchEnable": true,
            "AnchorPoint": {},
            "Position": {
              "X": 1.4005,
              "Y": 0.0
            },
            "Scale": {
              "ScaleX": 1.0,
              "ScaleY": 1.0
            },
            "CColor": {},
            "IconVisible": false,
            "PrePosition": {
              "X": 0.0011,
              "Y": 0.0
            },
            "PercentWidthEnable": true,
            "PercentHeightEnable": true,
            "PercentWidthEnabled": true,
            "PercentHeightEnabled": true,
            "PreSize": {
              "X": 1.0,
              "Y": 1.0
            },
            "LeftMargin": 1.4005,
            "RightMargin": -1.4005,
            "Tag": 197,
            "Children": [
              {
                "FileData": {
                  "Type": "Normal",
                  "Path": "appCommon/fydp/common/transparent/transparent_1280x720.png",
                  "Plist": ""
                },
                "BlendFunc": {
                  "Src": 770,
                  "Dst": 771
                },
                "AnchorPoint": {},
                "Position": {
                  "X": 0.0,
                  "Y": 12.888
                },
                "Scale": {
                  "ScaleX": 1.0,
                  "ScaleY": 1.0
                },
                "CColor": {},
                "IconVisible": false,
                "PositionPercentXEnabled": true,
                "PositionPercentYEnabled": true,
                "PrePosition": {
                  "X": 0.0,
                  "Y": 0.0179
                },
                "PreSize": {
                  "X": 1.0,
                  "Y": 1.0
                },
                "TopMargin": -12.888,
                "BottomMargin": 12.888,
                "Tag": 65,
                "ActionTag": -912358068,
                "Size": {
                  "X": 1280.0,
                  "Y": 720.0
                },
                "Name": "fake_root",
                "ctype": "SpriteObjectData"
              },
              {
                "FileData": {
                  "Type": "Normal",
                  "Path": "appCommon/fydp/common/player_info_bg.png",
                  "Plist": ""
                },
                "Scale9Enable": true,
                "Scale9OriginX": 116,
                "Scale9OriginY": 61,
                "Scale9Width": 296,
                "Scale9Height": 73,
                "AnchorPoint": {
                  "ScaleX": 0.5,
                  "ScaleY": 0.5
                },
                "Position": {
                  "X": 640.0,
                  "Y": 360.0
                },
                "Scale": {
                  "ScaleX": 1.0,
                  "ScaleY": 1.0
                },
                "CColor": {},
                "IconVisible": false,
                "PositionPercentXEnabled": true,
                "PositionPercentYEnabled": true,
                "PrePosition": {
                  "X": 0.5,
                  "Y": 0.5
                },
                "PreSize": {
                  "X": 0.7031,
                  "Y": 0.6944
                },
                "LeftMargin": 190.0,
                "RightMargin": 190.0,
                "TopMargin": 110.0,
                "BottomMargin": 110.0,
                "Tag": 802,
                "ActionTag": -564510340,
                "Size": {
                  "X": 900.0,
                  "Y": 500.0
                },
                "Name": "bg",
                "ctype": "ImageViewObjectData"
              },
              {
                "IsCustomSize": true,
                "FontSize": 32,
                "LabelText": "玩家【王小明】开杠8筒开出两张牌: 8筒, 8筒\n\n玩家【王小明】可吃, 可碰, 可杠, 可胡, 可抢杠胡, 玩家选择了: 抢杠胡\n\n玩家【王小明】可吃, 可碰, 可杠, 可胡, 可抢杠胡, 玩家选择了: 抢杠胡\n\n玩家【王小明】可吃, 可碰, 可杠, 可胡, 可抢杠胡, 玩家选择了: 抢杠胡\n\n玩家【王小明】可吃, 可碰, 可杠, 可胡, 可抢杠胡, 玩家选择了: 抢杠胡\n",
                "FontResource": {
                  "Type": "Normal",
                  "Path": "image/fonts/FZZY.TTF",
                  "Plist": ""
                },
                "OutlineColor": {
                  "R": 0,
                  "G": 0,
                  "B": 0
                },
                "ShadowColor": {
                  "R": 110,
                  "G": 110,
                  "B": 110
                },
                "ShadowOffsetX": 2.0,
                "ShadowOffsetY": -2.0,
                "AnchorPoint": {
                  "ScaleY": 1.0
                },
                "Position": {
                  "X": 272.512,
                  "Y": 579.8312
                },
                "Scale": {
                  "ScaleX": 0.8527,
                  "ScaleY": 0.8551
                },
                "CColor": {},
                "IconVisible": false,
                "PositionPercentXEnabled": true,
                "PrePosition": {
                  "X": 0.2129,
                  "Y": 0.8053
                },
                "PreSize": {
                  "X": 0.6741,
                  "Y": 0.7222
                },
                "LeftMargin": 272.512,
                "RightMargin": 144.7031,
                "TopMargin": 140.1688,
                "BottomMargin": 59.8312,
                "Tag": 234,
                "ActionTag": 564154279,
                "Size": {
                  "X": 862.7849,
                  "Y": 520.0
                },
                "Name": "lb_content",
                "ctype": "TextObjectData"
              }
            ],
            "ActionTag": -33404820,
            "Size": {
              "X": 1280.0,
              "Y": 720.0
            },
            "Name": "root",
            "ctype": "PanelObjectData"
          }
        ],
        "Size": {
          "X": 1280.0,
          "Y": 720.0
        },
        "Name": "Scene",
        "ctype": "SingleNodeObjectData"
      },
      "UsedResources": [
        "../../../appCommon/fydp/common/player_info_bg.png",
        "../../../appCommon/fydp/common/transparent/transparent_1280x720.png",
        "../../../image/fonts/FZZY.TTF"
      ],
      "ctype": "GameFileData"
    }
  },
  "Type": "Scene"
}