{
  "ID": "65cd7890-1bcc-4f28-8002-68a60fab91a8",
  "Version": "3.10.0.0",
  "Name": "Shenqingjiesan",
  "Content": {
    "Content": {
      "Animation": {
        "Duration": 0,
        "Speed": 1.0,
        "Timelines": [],
        "ctype": "TimelineActionData"
      },
      "AnimationList": [],
      "ObjectData": {
        "Children": [
          {
            "ClipAble": false,
            "BackColorAlpha": 153,
            "ComboBoxIndex": 1,
            "SingleColor": {
              "R": 0,
              "G": 0,
              "B": 0
            },
            "FirstColor": {
              "R": 150,
              "G": 200
            },
            "EndColor": {},
            "ColorVector": {
              "ScaleY": 1.0
            },
            "Scale9Width": 1,
            "Scale9Height": 1,
            "TouchEnable": true,
            "AnchorPoint": {},
            "Position": {
              "X": 1.4005,
              "Y": 0.0
            },
            "Scale": {
              "ScaleX": 1.0,
              "ScaleY": 1.0
            },
            "CColor": {},
            "IconVisible": false,
            "PrePosition": {
              "X": 0.0011,
              "Y": 0.0
            },
            "PercentWidthEnable": true,
            "PercentHeightEnable": true,
            "PercentWidthEnabled": true,
            "PercentHeightEnabled": true,
            "PreSize": {
              "X": 1.0,
              "Y": 1.0
            },
            "LeftMargin": 1.4005,
            "RightMargin": -1.4005,
            "Tag": 197,
            "Children": [
              {
                "FileData": {
                  "Type": "Normal",
                  "Path": "appCommon/fydp/common/transparent/transparent_1280x720.png",
                  "Plist": ""
                },
                "BlendFunc": {
                  "Src": 770,
                  "Dst": 771
                },
                "AnchorPoint": {},
                "Position": {
                  "X": 0.0,
                  "Y": 0.0
                },
                "Scale": {
                  "ScaleX": 1.0,
                  "ScaleY": 1.0
                },
                "CColor": {},
                "IconVisible": false,
                "PositionPercentXEnabled": true,
                "PositionPercentYEnabled": true,
                "PrePosition": {
                  "X": 0.0,
                  "Y": 0.0
                },
                "PreSize": {
                  "X": 1.0,
                  "Y": 1.0
                },
                "Tag": 65,
                "ActionTag": -912358068,
                "Size": {
                  "X": 1280.0,
                  "Y": 720.0
                },
                "Name": "fake_root",
                "ctype": "SpriteObjectData"
              },
              {
                "FileData": {
                  "Type": "Normal",
                  "Path": "submodules/majiang/image/Shenqingjiesan/mainTipBg.png",
                  "Plist": ""
                },
                "BlendFunc": {
                  "Src": 1,
                  "Dst": 771
                },
                "AnchorPoint": {
                  "ScaleX": 0.5,
                  "ScaleY": 0.5
                },
                "Position": {
                  "X": 640.0,
                  "Y": 360.0
                },
                "Scale": {
                  "ScaleX": 1.0,
                  "ScaleY": 1.0
                },
                "CColor": {},
                "IconVisible": false,
                "PositionPercentXEnabled": true,
                "PositionPercentYEnabled": true,
                "PrePosition": {
                  "X": 0.5,
                  "Y": 0.5
                },
                "PreSize": {
                  "X": 0.6187,
                  "Y": 0.6083
                },
                "LeftMargin": 244.0,
                "RightMargin": 244.0,
                "TopMargin": 141.0,
                "BottomMargin": 141.0,
                "Tag": 175,
                "Children": [
                  {
                    "FileData": {
                      "Type": "Normal",
                      "Path": "submodules/majiang/image/Shenqingjiesan/title_sqjs.png",
                      "Plist": ""
                    },
                    "BlendFunc": {
                      "Src": 1,
                      "Dst": 771
                    },
                    "AnchorPoint": {
                      "ScaleX": 0.5,
                      "ScaleY": 0.5
                    },
                    "Position": {
                      "X": 396.0,
                      "Y": 418.2325
                    },
                    "Scale": {
                      "ScaleX": 1.0,
                      "ScaleY": 1.0
                    },
                    "CColor": {},
                    "IconVisible": false,
                    "PositionPercentXEnabled": true,
                    "PrePosition": {
                      "X": 0.5,
                      "Y": 0.9549
                    },
                    "PreSize": {
                      "X": 0.2967,
                      "Y": 0.1073
                    },
                    "LeftMargin": 278.5,
                    "RightMargin": 278.5,
                    "TopMargin": -3.7325,
                    "BottomMargin": 394.7325,
                    "Tag": 1082,
                    "ActionTag": 916955039,
                    "Size": {
                      "X": 235.0,
                      "Y": 47.0
                    },
                    "Name": "title",
                    "ctype": "SpriteObjectData"
                  },
                  {
                    "IsCustomSize": true,
                    "FontSize": 30,
                    "LabelText": "玩家【王小明】申请解散房间, 请问是否同意?\n\n【王小明】 未选择\n【王小明】 未选择\n【王小明】 未选择\n【王小明】 未选择\n",
                    "FontResource": {
                      "Type": "Normal",
                      "Path": "image/fonts/FZZY.TTF",
                      "Plist": ""
                    },
                    "OutlineColor": {
                      "R": 0,
                      "G": 0,
                      "B": 0
                    },
                    "ShadowColor": {
                      "R": 110,
                      "G": 110,
                      "B": 110
                    },
                    "ShadowOffsetX": 2.0,
                    "ShadowOffsetY": -2.0,
                    "AnchorPoint": {
                      "ScaleX": 0.5,
                      "ScaleY": 1.0
                    },
                    "Position": {
                      "X": 390.456,
                      "Y": 382.065
                    },
                    "Scale": {
                      "ScaleX": 1.0,
                      "ScaleY": 1.0
                    },
                    "CColor": {
                      "R": 119,
                      "G": 78,
                      "B": 55
                    },
                    "IconVisible": false,
                    "PositionPercentXEnabled": true,
                    "PrePosition": {
                      "X": 0.493,
                      "Y": 0.8723
                    },
                    "PreSize": {
                      "X": 0.6313,
                      "Y": 0.5586
                    },
                    "LeftMargin": 140.456,
                    "RightMargin": 151.544,
                    "TopMargin": 55.935,
                    "BottomMargin": 137.3944,
                    "Tag": 234,
                    "ActionTag": 564154279,
                    "Size": {
                      "X": 500.0,
                      "Y": 244.6706
                    },
                    "Name": "lb_content",
                    "ctype": "TextObjectData"
                  },
                  {
                    "FileData": {
                      "Type": "Normal",
                      "Path": "submodules/majiang/image/Shenqingjiesan/btn_jujue.png",
                      "Plist": ""
                    },
                    "BlendFunc": {
                      "Src": 1,
                      "Dst": 771
                    },
                    "AnchorPoint": {
                      "ScaleX": 0.5,
                      "ScaleY": 0.5
                    },
                    "Position": {
                      "X": 536.3267,
                      "Y": 64.9226
                    },
                    "Scale": {
                      "ScaleX": 1.0,
                      "ScaleY": 1.0
                    },
                    "CColor": {},
                    "IconVisible": false,
                    "PrePosition": {
                      "X": 0.6772,
                      "Y": 0.1482
                    },
                    "PreSize": {
                      "X": 0.2311,
                      "Y": 0.1712
                    },
                    "LeftMargin": 444.8267,
                    "RightMargin": 164.1733,
                    "TopMargin": 335.5774,
                    "BottomMargin": 27.4226,
                    "Tag": 865,
                    "Children": [
                      {
                        "FontSize": 54,
                        "LabelText": "拒 绝",
                        "FontResource": {
                          "Type": "Normal",
                          "Path": "image/fonts/FZZY.TTF",
                          "Plist": ""
                        },
                        "OutlineSize": 2,
                        "OutlineColor": {
                          "R": 61,
                          "G": 55,
                          "B": 55
                        },
                        "OutlineEnabled": true,
                        "ShadowColor": {
                          "R": 110,
                          "G": 110,
                          "B": 110
                        },
                        "ShadowOffsetX": 2.0,
                        "ShadowOffsetY": -2.0,
                        "AnchorPoint": {
                          "ScaleX": 0.5,
                          "ScaleY": 0.5
                        },
                        "Position": {
                          "X": 91.5,
                          "Y": 41.3475
                        },
                        "Scale": {
                          "ScaleX": 0.7839,
                          "ScaleY": 0.7839
                        },
                        "CColor": {},
                        "IconVisible": false,
                        "PositionPercentXEnabled": true,
                        "PositionPercentYEnabled": true,
                        "PrePosition": {
                          "X": 0.5,
                          "Y": 0.5513
                        },
                        "PreSize": {
                          "X": 0.6885,
                          "Y": 0.8667
                        },
                        "LeftMargin": 28.5,
                        "RightMargin": 28.5,
                        "TopMargin": 1.1525,
                        "BottomMargin": 8.8475,
                        "Tag": 866,
                        "ActionTag": -535862004,
                        "Size": {
                          "X": 126.0,
                          "Y": 65.0
                        },
                        "VisibleForFrame": false,
                        "Name": "_",
                        "ctype": "TextObjectData"
                      }
                    ],
                    "ActionTag": -266574703,
                    "Size": {
                      "X": 183.0,
                      "Y": 75.0
                    },
                    "Name": "btn_cancel",
                    "ctype": "SpriteObjectData"
                  },
                  {
                    "FileData": {
                      "Type": "Normal",
                      "Path": "submodules/majiang/image/Shenqingjiesan/btn_tongyi.png",
                      "Plist": ""
                    },
                    "BlendFunc": {
                      "Src": 1,
                      "Dst": 771
                    },
                    "AnchorPoint": {
                      "ScaleX": 0.5,
                      "ScaleY": 0.5
                    },
                    "Position": {
                      "X": 241.9994,
                      "Y": 64.9226
                    },
                    "Scale": {
                      "ScaleX": 1.0,
                      "ScaleY": 1.0
                    },
                    "CColor": {},
                    "IconVisible": false,
                    "PrePosition": {
                      "X": 0.3056,
                      "Y": 0.1482
                    },
                    "PreSize": {
                      "X": 0.2311,
                      "Y": 0.1712
                    },
                    "LeftMargin": 150.4994,
                    "RightMargin": 458.5006,
                    "TopMargin": 335.5774,
                    "BottomMargin": 27.4226,
                    "Tag": 867,
                    "Children": [
                      {
                        "FontSize": 54,
                        "LabelText": "同 意",
                        "FontResource": {
                          "Type": "Normal",
                          "Path": "image/fonts/FZZY.TTF",
                          "Plist": ""
                        },
                        "OutlineSize": 2,
                        "OutlineColor": {
                          "R": 61,
                          "G": 55,
                          "B": 55
                        },
                        "OutlineEnabled": true,
                        "ShadowColor": {
                          "R": 110,
                          "G": 110,
                          "B": 110
                        },
                        "ShadowOffsetX": 2.0,
                        "ShadowOffsetY": -2.0,
                        "AnchorPoint": {
                          "ScaleX": 0.5,
                          "ScaleY": 0.5
                        },
                        "Position": {
                          "X": 91.5,
                          "Y": 41.3475
                        },
                        "Scale": {
                          "ScaleX": 0.7839,
                          "ScaleY": 0.7839
                        },
                        "CColor": {},
                        "IconVisible": false,
                        "PositionPercentXEnabled": true,
                        "PositionPercentYEnabled": true,
                        "PrePosition": {
                          "X": 0.5,
                          "Y": 0.5513
                        },
                        "PreSize": {
                          "X": 0.6885,
                          "Y": 0.8667
                        },
                        "LeftMargin": 28.5,
                        "RightMargin": 28.5,
                        "TopMargin": 1.1525,
                        "BottomMargin": 8.8475,
                        "Tag": 868,
                        "ActionTag": 1449791603,
                        "Size": {
                          "X": 126.0,
                          "Y": 65.0
                        },
                        "VisibleForFrame": false,
                        "Name": "_",
                        "ctype": "TextObjectData"
                      }
                    ],
                    "ActionTag": 1702922070,
                    "Size": {
                      "X": 183.0,
                      "Y": 75.0
                    },
                    "Name": "btn_ok",
                    "ctype": "SpriteObjectData"
                  },
                  {
                    "FileData": {
                      "Type": "Normal",
                      "Path": "submodules/majiang/image/Shenqingjiesan/daojishi_bg.png",
                      "Plist": ""
                    },
                    "BlendFunc": {
                      "Src": 1,
                      "Dst": 771
                    },
                    "AnchorPoint": {
                      "ScaleX": 0.5,
                      "ScaleY": 0.5
                    },
                    "Position": {
                      "X": 680.0,
                      "Y": 290.0
                    },
                    "Scale": {
                      "ScaleX": 1.0,
                      "ScaleY": 1.0
                    },
                    "CColor": {},
                    "IconVisible": false,
                    "PrePosition": {
                      "X": 0.8586,
                      "Y": 0.6621
                    },
                    "PreSize": {
                      "X": 0.1023,
                      "Y": 0.2169
                    },
                    "LeftMargin": 639.5,
                    "RightMargin": 71.5,
                    "TopMargin": 100.5,
                    "BottomMargin": 242.5,
                    "Tag": 61,
                    "ActionTag": 1345082708,
                    "Size": {
                      "X": 81.0,
                      "Y": 95.0
                    },
                    "Name": "daojishizhong_1",
                    "ctype": "SpriteObjectData"
                  },
                  {
                    "CharWidth": 23,
                    "CharHeight": 32,
                    "LabelText": "600",
                    "StartChar": "0",
                    "LabelAtlasFileImage_CNB": {
                      "Type": "Normal",
                      "Path": "appCommon/fydp/common/fonts/final_result_happybean_number.png",
                      "Plist": ""
                    },
                    "AnchorPoint": {
                      "ScaleX": 0.5,
                      "ScaleY": 0.5
                    },
                    "Position": {
                      "X": 680.0,
                      "Y": 290.0
                    },
                    "Scale": {
                      "ScaleX": 0.82,
                      "ScaleY": 0.82
                    },
                    "CColor": {},
                    "IconVisible": false,
                    "PrePosition": {
                      "X": 0.8586,
                      "Y": 0.6621
                    },
                    "PreSize": {
                      "X": 0.0871,
                      "Y": 0.0731
                    },
                    "LeftMargin": 645.5,
                    "RightMargin": 77.5,
                    "TopMargin": 132.0,
                    "BottomMargin": 274.0,
                    "Tag": 1067,
                    "ActionTag": -1526082198,
                    "Size": {
                      "X": 69.0,
                      "Y": 32.0
                    },
                    "Name": "lb_sec",
                    "ctype": "TextAtlasObjectData"
                  }
                ],
                "ActionTag": 759360622,
                "Size": {
                  "X": 792.0,
                  "Y": 438.0
                },
                "Name": "panel",
                "ctype": "SpriteObjectData"
              }
            ],
            "ActionTag": -33404820,
            "Size": {
              "X": 1280.0,
              "Y": 720.0
            },
            "Name": "root",
            "ctype": "PanelObjectData"
          }
        ],
        "Size": {
          "X": 1280.0,
          "Y": 720.0
        },
        "Name": "Scene",
        "ctype": "SingleNodeObjectData"
      },
      "UsedResources": [
        "../../../appCommon/fydp/common/fonts/final_result_happybean_number.png",
        "../../../appCommon/fydp/common/transparent/transparent_1280x720.png",
        "../../../image/fonts/FZZY.TTF",
        "../image/Shenqingjiesan/btn_jujue.png",
        "../image/Shenqingjiesan/btn_tongyi.png",
        "../image/Shenqingjiesan/daojishi_bg.png",
        "../image/Shenqingjiesan/mainTipBg.png",
        "../image/Shenqingjiesan/title_sqjs.png"
      ],
      "ctype": "GameFileData"
    }
  },
  "Type": "Scene"
}