{
  "ID": "77f6867b-9d4c-4592-8e75-1e4aa7770aad",
  "Version": "3.10.0.0",
  "Name": "Zhaniao",
  "Content": {
    "Content": {
      "Animation": {
        "Duration": 0,
        "Speed": 1.0,
        "Timelines": [],
        "ctype": "TimelineActionData"
      },
      "AnimationList": [],
      "ObjectData": {
        "Children": [
          {
            "ClipAble": false,
            "BackColorAlpha": 102,
            "ComboBoxIndex": 1,
            "SingleColor": {
              "R": 0,
              "G": 0,
              "B": 0
            },
            "FirstColor": {
              "R": 150,
              "G": 200
            },
            "EndColor": {},
            "ColorVector": {
              "ScaleY": 1.0
            },
            "Scale9Width": 1,
            "Scale9Height": 1,
            "TouchEnable": true,
            "AnchorPoint": {},
            "Position": {
              "X": 0.0,
              "Y": 0.0
            },
            "Scale": {
              "ScaleX": 1.0,
              "ScaleY": 1.0
            },
            "CColor": {},
            "IconVisible": false,
            "PositionPercentXEnabled": true,
            "PositionPercentYEnabled": true,
            "PrePosition": {
              "X": 0.0,
              "Y": 0.0
            },
            "PercentWidthEnable": true,
            "PercentHeightEnable": true,
            "PercentWidthEnabled": true,
            "PercentHeightEnabled": true,
            "PreSize": {
              "X": 1.0,
              "Y": 1.0
            },
            "Tag": 282,
            "Children": [
              {
                "FlipX": true,
                "FileData": {
                  "Type": "Normal",
                  "Path": "submodules/majiang/image/common/tishibg1.png",
                  "Plist": ""
                },
                "Scale9Enable": true,
                "Scale9OriginX": 138,
                "Scale9OriginY": 156,
                "Scale9Width": 144,
                "Scale9Height": 103,
                "AnchorPoint": {
                  "ScaleY": 0.5
                },
                "Position": {
                  "X": 640.0,
                  "Y": 360.2654
                },
                "Scale": {
                  "ScaleX": 1.0,
                  "ScaleY": 1.0
                },
                "CColor": {},
                "IconVisible": false,
                "PositionPercentXEnabled": true,
                "PositionPercentYEnabled": true,
                "PrePosition": {
                  "X": 0.5,
                  "Y": 0.5004
                },
                "PreSize": {
                  "X": 0.3281,
                  "Y": 0.5764
                },
                "LeftMargin": 640.0,
                "RightMargin": 220.0,
                "TopMargin": 152.2346,
                "BottomMargin": 152.7654,
                "Tag": 4169,
                "ActionTag": -830660466,
                "Size": {
                  "X": 420.0,
                  "Y": 415.0
                },
                "Name": "Image_1_0",
                "ctype": "ImageViewObjectData"
              },
              {
                "FileData": {
                  "Type": "Normal",
                  "Path": "submodules/majiang/image/common/tishibg1.png",
                  "Plist": ""
                },
                "Scale9Enable": true,
                "Scale9OriginX": 138,
                "Scale9OriginY": 156,
                "Scale9Width": 144,
                "Scale9Height": 103,
                "AnchorPoint": {
                  "ScaleY": 0.5
                },
                "Position": {
                  "X": 640.0,
                  "Y": 360.2654
                },
                "Scale": {
                  "ScaleX": 1.0,
                  "ScaleY": 1.0
                },
                "CColor": {},
                "IconVisible": false,
                "PositionPercentXEnabled": true,
                "PositionPercentYEnabled": true,
                "PrePosition": {
                  "X": 0.5,
                  "Y": 0.5004
                },
                "PreSize": {
                  "X": 0.3281,
                  "Y": 0.5764
                },
                "LeftMargin": 640.0,
                "RightMargin": 220.0,
                "TopMargin": 152.2346,
                "BottomMargin": 152.7654,
                "Tag": 4170,
                "ActionTag": 1115000878,
                "Size": {
                  "X": 420.0,
                  "Y": 415.0
                },
                "Name": "Image_1",
                "ctype": "ImageViewObjectData"
              },
              {
                "FileData": {
                  "Type": "PlistSubImage",
                  "Path": "p2s18.png",
                  "Plist": "submodules/majiang/image/pai.plist"
                },
                "BlendFunc": {
                  "Src": 1,
                  "Dst": 771
                },
                "AnchorPoint": {
                  "ScaleX": 0.5,
                  "ScaleY": 0.5
                },
                "Position": {
                  "X": 406.0013,
                  "Y": 323.0
                },
                "Scale": {
                  "ScaleX": 1.0,
                  "ScaleY": 1.0
                },
                "CColor": {},
                "IconVisible": false,
                "PrePosition": {
                  "X": 0.3172,
                  "Y": 0.4486
                },
                "PreSize": {
                  "X": 0.0484,
                  "Y": 0.1236
                },
                "LeftMargin": 375.0013,
                "RightMargin": 842.9987,
                "TopMargin": 352.5,
                "BottomMargin": 278.5,
                "Tag": 283,
                "ActionTag": -336397519,
                "Size": {
                  "X": 62.0,
                  "Y": 89.0
                },
                "Name": "0",
                "ctype": "SpriteObjectData"
              },
              {
                "FileData": {
                  "Type": "PlistSubImage",
                  "Path": "p2s18.png",
                  "Plist": "submodules/majiang/image/pai.plist"
                },
                "BlendFunc": {
                  "Src": 1,
                  "Dst": 771
                },
                "AnchorPoint": {
                  "ScaleX": 0.5,
                  "ScaleY": 0.5
                },
                "Position": {
                  "X": 501.0013,
                  "Y": 323.0
                },
                "Scale": {
                  "ScaleX": 1.0,
                  "ScaleY": 1.0
                },
                "CColor": {},
                "IconVisible": false,
                "PrePosition": {
                  "X": 0.3914,
                  "Y": 0.4486
                },
                "PreSize": {
                  "X": 0.0484,
                  "Y": 0.1236
                },
                "LeftMargin": 470.0013,
                "RightMargin": 747.9987,
                "TopMargin": 352.5,
                "BottomMargin": 278.5,
                "Tag": 285,
                "ActionTag": -8021436,
                "Size": {
                  "X": 62.0,
                  "Y": 89.0
                },
                "Name": "1",
                "ctype": "SpriteObjectData"
              },
              {
                "FileData": {
                  "Type": "PlistSubImage",
                  "Path": "p2s18.png",
                  "Plist": "submodules/majiang/image/pai.plist"
                },
                "BlendFunc": {
                  "Src": 1,
                  "Dst": 771
                },
                "AnchorPoint": {
                  "ScaleX": 0.5,
                  "ScaleY": 0.5
                },
                "Position": {
                  "X": 596.0014,
                  "Y": 323.0
                },
                "Scale": {
                  "ScaleX": 1.0,
                  "ScaleY": 1.0
                },
                "CColor": {},
                "IconVisible": false,
                "PrePosition": {
                  "X": 0.4656,
                  "Y": 0.4486
                },
                "PreSize": {
                  "X": 0.0484,
                  "Y": 0.1236
                },
                "LeftMargin": 565.0014,
                "RightMargin": 652.9986,
                "TopMargin": 352.5,
                "BottomMargin": 278.5,
                "Tag": 284,
                "ActionTag": 1490082060,
                "Size": {
                  "X": 62.0,
                  "Y": 89.0
                },
                "Name": "2",
                "ctype": "SpriteObjectData"
              },
              {
                "FileData": {
                  "Type": "PlistSubImage",
                  "Path": "p2s18.png",
                  "Plist": "submodules/majiang/image/pai.plist"
                },
                "BlendFunc": {
                  "Src": 1,
                  "Dst": 771
                },
                "AnchorPoint": {
                  "ScaleX": 0.5,
                  "ScaleY": 0.5
                },
                "Position": {
                  "X": 691.001,
                  "Y": 323.0
                },
                "Scale": {
                  "ScaleX": 1.0,
                  "ScaleY": 1.0
                },
                "CColor": {},
                "IconVisible": false,
                "PrePosition": {
                  "X": 0.5398,
                  "Y": 0.4486
                },
                "PreSize": {
                  "X": 0.0484,
                  "Y": 0.1236
                },
                "LeftMargin": 660.001,
                "RightMargin": 557.999,
                "TopMargin": 352.5,
                "BottomMargin": 278.5,
                "Tag": 322,
                "ActionTag": -1941810250,
                "Size": {
                  "X": 62.0,
                  "Y": 89.0
                },
                "Name": "3",
                "ctype": "SpriteObjectData"
              },
              {
                "FileData": {
                  "Type": "PlistSubImage",
                  "Path": "p2s18.png",
                  "Plist": "submodules/majiang/image/pai.plist"
                },
                "BlendFunc": {
                  "Src": 1,
                  "Dst": 771
                },
                "AnchorPoint": {
                  "ScaleX": 0.5,
                  "ScaleY": 0.5
                },
                "Position": {
                  "X": 786.0018,
                  "Y": 323.0
                },
                "Scale": {
                  "ScaleX": 1.0,
                  "ScaleY": 1.0
                },
                "CColor": {},
                "IconVisible": false,
                "PrePosition": {
                  "X": 0.6141,
                  "Y": 0.4486
                },
                "PreSize": {
                  "X": 0.0484,
                  "Y": 0.1236
                },
                "LeftMargin": 755.0018,
                "RightMargin": 462.9982,
                "TopMargin": 352.5,
                "BottomMargin": 278.5,
                "Tag": 323,
                "ActionTag": -1400482609,
                "Size": {
                  "X": 62.0,
                  "Y": 89.0
                },
                "Name": "4",
                "ctype": "SpriteObjectData"
              },
              {
                "FileData": {
                  "Type": "PlistSubImage",
                  "Path": "p2s18.png",
                  "Plist": "submodules/majiang/image/pai.plist"
                },
                "BlendFunc": {
                  "Src": 1,
                  "Dst": 771
                },
                "AnchorPoint": {
                  "ScaleX": 0.5,
                  "ScaleY": 0.5
                },
                "Position": {
                  "X": 881.0016,
                  "Y": 323.0
                },
                "Scale": {
                  "ScaleX": 1.0,
                  "ScaleY": 1.0
                },
                "CColor": {},
                "IconVisible": false,
                "PrePosition": {
                  "X": 0.6883,
                  "Y": 0.4486
                },
                "PreSize": {
                  "X": 0.0484,
                  "Y": 0.1236
                },
                "LeftMargin": 850.0016,
                "RightMargin": 367.9984,
                "TopMargin": 352.5,
                "BottomMargin": 278.5,
                "Tag": 324,
                "ActionTag": -199119684,
                "Size": {
                  "X": 62.0,
                  "Y": 89.0
                },
                "Name": "5",
                "ctype": "SpriteObjectData"
              },
              {
                "FontSize": 40,
                "LabelText": "__玩家王小明王小明正在抓鸟__",
                "FontResource": {
                  "Type": "Normal",
                  "Path": "image/fonts/FZZY.TTF",
                  "Plist": ""
                },
                "HorizontalAlignmentType": "HT_Center",
                "VerticalAlignmentType": "VT_Center",
                "OutlineColor": {
                  "R": 0,
                  "G": 0,
                  "B": 0
                },
                "ShadowColor": {
                  "R": 110,
                  "G": 110,
                  "B": 110
                },
                "ShadowOffsetX": 2.0,
                "ShadowOffsetY": -2.0,
                "AnchorPoint": {
                  "ScaleX": 0.5,
                  "ScaleY": 0.5
                },
                "Position": {
                  "X": 640.0,
                  "Y": 442.3591
                },
                "Scale": {
                  "ScaleX": 1.0,
                  "ScaleY": 1.0
                },
                "CColor": {},
                "IconVisible": false,
                "PositionPercentXEnabled": true,
                "PrePosition": {
                  "X": 0.5,
                  "Y": 0.6144
                },
                "PercentWidthEnable": true,
                "PercentWidthEnabled": true,
                "PreSize": {
                  "X": 0.4414,
                  "Y": 0.0625
                },
                "LeftMargin": 357.5,
                "RightMargin": 357.5,
                "TopMargin": 255.1409,
                "BottomMargin": 419.8591,
                "Tag": 93,
                "ActionTag": -1782992018,
                "Size": {
                  "X": 565.0,
                  "Y": 45.0
                },
                "Name": "lb_title",
                "ctype": "TextObjectData"
              },
              {
                "FileData": {
                  "Type": "Normal",
                  "Path": "submodules/majiang/image/Zhaniao/XXX.png",
                  "Plist": ""
                },
                "BlendFunc": {
                  "Src": 1,
                  "Dst": 771
                },
                "AnchorPoint": {
                  "ScaleX": 0.5,
                  "ScaleY": 0.5
                },
                "Position": {
                  "X": 921.0723,
                  "Y": 468.535
                },
                "Scale": {
                  "ScaleX": 0.8,
                  "ScaleY": 0.8
                },
                "CColor": {},
                "IconVisible": false,
                "PrePosition": {
                  "X": 0.7196,
                  "Y": 0.6507
                },
                "PreSize": {
                  "X": 0.0492,
                  "Y": 0.0819
                },
                "LeftMargin": 889.5723,
                "RightMargin": 327.4277,
                "TopMargin": 221.965,
                "BottomMargin": 439.035,
                "Tag": 293,
                "ActionTag": -412986429,
                "Size": {
                  "X": 63.0,
                  "Y": 59.0
                },
                "VisibleForFrame": false,
                "Name": "btn_close",
                "ctype": "SpriteObjectData"
              }
            ],
            "ActionTag": 919516530,
            "Size": {
              "X": 1280.0,
              "Y": 720.0
            },
            "Name": "root",
            "ctype": "PanelObjectData"
          }
        ],
        "Size": {
          "X": 1280.0,
          "Y": 720.0
        },
        "Name": "Scene",
        "ctype": "SingleNodeObjectData"
      },
      "UsedResources": [
        "../../../image/fonts/FZZY.TTF",
        "../image/common/tishibg1.png",
        "../image/pai.plist",
        "../image/pai.png",
        "../image/Zhaniao/XXX.png"
      ],
      "ctype": "GameFileData"
    }
  },
  "Type": "Scene"
}