{
  "ID": "fff28316-66fd-4bb1-adc7-e21abccfca14",
  "Version": "3.10.0.0",
  "Name": "KaigangLayer",
  "Content": {
    "Content": {
      "Animation": {
        "Duration": 0,
        "Speed": 1.0,
        "Timelines": [],
        "ctype": "TimelineActionData"
      },
      "AnimationList": [],
      "ObjectData": {
        "Children": [
          {
            "ClipAble": false,
            "BackColorAlpha": 76,
            "ComboBoxIndex": 1,
            "SingleColor": {
              "R": 0,
              "G": 0,
              "B": 0
            },
            "FirstColor": {
              "R": 150,
              "G": 200
            },
            "EndColor": {},
            "ColorVector": {
              "ScaleY": 1.0
            },
            "Scale9Width": 1,
            "Scale9Height": 1,
            "TouchEnable": true,
            "AnchorPoint": {},
            "Position": {
              "X": 1.4005,
              "Y": 0.0
            },
            "Scale": {
              "ScaleX": 1.0,
              "ScaleY": 1.0
            },
            "CColor": {},
            "IconVisible": false,
            "PrePosition": {
              "X": 0.0011,
              "Y": 0.0
            },
            "PercentWidthEnable": true,
            "PercentHeightEnable": true,
            "PercentWidthEnabled": true,
            "PercentHeightEnabled": true,
            "PreSize": {
              "X": 1.0,
              "Y": 1.0
            },
            "LeftMargin": 1.4005,
            "RightMargin": -1.4005,
            "Tag": 197,
            "Children": [
              {
                "FileData": {
                  "Type": "Normal",
                  "Path": "image/ui/transparent/transparent_1280x720.png",
                  "Plist": ""
                },
                "BlendFunc": {
                  "Src": 770,
                  "Dst": 771
                },
                "AnchorPoint": {},
                "Position": {
                  "X": 0.0,
                  "Y": 12.888
                },
                "Scale": {
                  "ScaleX": 1.0,
                  "ScaleY": 1.0
                },
                "CColor": {},
                "IconVisible": false,
                "PositionPercentXEnabled": true,
                "PositionPercentYEnabled": true,
                "PrePosition": {
                  "X": 0.0,
                  "Y": 0.0179
                },
                "PreSize": {
                  "X": 1.0,
                  "Y": 1.0
                },
                "TopMargin": -12.888,
                "BottomMargin": 12.888,
                "Tag": 65,
                "ActionTag": -912358068,
                "Size": {
                  "X": 1280.0,
                  "Y": 720.0
                },
                "Name": "fake_root",
                "ctype": "SpriteObjectData"
              },
              {
                "ClipAble": false,
                "BackColorAlpha": 102,
                "SingleColor": {
                  "R": 150,
                  "G": 200
                },
                "FirstColor": {
                  "R": 150,
                  "G": 200
                },
                "EndColor": {},
                "ColorVector": {
                  "ScaleY": 1.0
                },
                "TouchEnable": true,
                "AnchorPoint": {},
                "Position": {
                  "X": 0.0,
                  "Y": 0.0
                },
                "Scale": {
                  "ScaleX": 1.0,
                  "ScaleY": 1.0
                },
                "CColor": {},
                "IconVisible": false,
                "PrePosition": {
                  "X": 0.0,
                  "Y": 0.0
                },
                "PercentWidthEnable": true,
                "PercentHeightEnable": true,
                "PercentWidthEnabled": true,
                "PercentHeightEnabled": true,
                "PreSize": {
                  "X": 1.0,
                  "Y": 1.0
                },
                "Tag": 3807,
                "Children": [
                  {
                    "FileData": {
                      "Type": "Normal",
                      "Path": "image/ui/majiang/tishi/tishibg1.png",
                      "Plist": ""
                    },
                    "Scale9Enable": true,
                    "Scale9OriginX": 138,
                    "Scale9OriginY": 156,
                    "Scale9Width": 144,
                    "Scale9Height": 103,
                    "AnchorPoint": {
                      "ScaleY": 0.5
                    },
                    "Position": {
                      "X": 640.0,
                      "Y": 360.2654
                    },
                    "Scale": {
                      "ScaleX": 1.0,
                      "ScaleY": 1.0
                    },
                    "CColor": {},
                    "IconVisible": false,
                    "PositionPercentXEnabled": true,
                    "PositionPercentYEnabled": true,
                    "PrePosition": {
                      "X": 0.5,
                      "Y": 0.5004
                    },
                    "PreSize": {
                      "X": 0.3281,
                      "Y": 0.7639
                    },
                    "LeftMargin": 640.0,
                    "RightMargin": 220.0,
                    "TopMargin": 84.7346,
                    "BottomMargin": 85.2654,
                    "Tag": 3808,
                    "ActionTag": -709025571,
                    "Size": {
                      "X": 420.0,
                      "Y": 550.0
                    },
                    "Name": "Image_1",
                    "ctype": "ImageViewObjectData"
                  },
                  {
                    "FlipX": true,
                    "FileData": {
                      "Type": "Normal",
                      "Path": "image/ui/majiang/tishi/tishibg1.png",
                      "Plist": ""
                    },
                    "Scale9Enable": true,
                    "Scale9OriginX": 138,
                    "Scale9OriginY": 156,
                    "Scale9Width": 144,
                    "Scale9Height": 103,
                    "AnchorPoint": {
                      "ScaleY": 0.5
                    },
                    "Position": {
                      "X": 640.0,
                      "Y": 360.2654
                    },
                    "Scale": {
                      "ScaleX": 1.0,
                      "ScaleY": 1.0
                    },
                    "CColor": {},
                    "IconVisible": false,
                    "PositionPercentXEnabled": true,
                    "PositionPercentYEnabled": true,
                    "PrePosition": {
                      "X": 0.5,
                      "Y": 0.5004
                    },
                    "PreSize": {
                      "X": 0.3281,
                      "Y": 0.7639
                    },
                    "LeftMargin": 640.0,
                    "RightMargin": 220.0,
                    "TopMargin": 84.7346,
                    "BottomMargin": 85.2654,
                    "Tag": 3809,
                    "ActionTag": 1418523339,
                    "Size": {
                      "X": 420.0,
                      "Y": 550.0
                    },
                    "Name": "Image_1_0",
                    "ctype": "ImageViewObjectData"
                  },
                  {
                    "IsCustomSize": true,
                    "FontSize": 32,
                    "LabelText": "玩家【王小明】开杠出两张牌: 8筒, 8筒\n请选择你可以进行的操作\n",
                    "FontResource": {
                      "Type": "Normal",
                      "Path": "image/fonts/FZZY.TTF",
                      "Plist": ""
                    },
                    "OutlineColor": {
                      "R": 0,
                      "G": 0,
                      "B": 0
                    },
                    "ShadowColor": {
                      "R": 110,
                      "G": 110,
                      "B": 110
                    },
                    "ShadowOffsetX": 2.0,
                    "ShadowOffsetY": -2.0,
                    "AnchorPoint": {
                      "ScaleY": 1.0
                    },
                    "Position": {
                      "X": 263.417,
                      "Y": 550.88
                    },
                    "Scale": {
                      "ScaleX": 0.8527,
                      "ScaleY": 0.8551
                    },
                    "CColor": {},
                    "IconVisible": false,
                    "PositionPercentXEnabled": true,
                    "PrePosition": {
                      "X": 0.2058,
                      "Y": 0.7651
                    },
                    "PreSize": {
                      "X": 0.6497,
                      "Y": 0.3398
                    },
                    "LeftMargin": 263.417,
                    "RightMargin": 185.0037,
                    "TopMargin": 169.12,
                    "BottomMargin": 306.21,
                    "Tag": 234,
                    "ActionTag": 564154279,
                    "Size": {
                      "X": 831.5793,
                      "Y": 244.67
                    },
                    "Name": "lb_content",
                    "ctype": "TextObjectData"
                  },
                  {
                    "FileData": {
                      "Type": "Normal",
                      "Path": "image/ui/majiang/maScene/kaigang_bk.png",
                      "Plist": ""
                    },
                    "Scale9Enable": true,
                    "Scale9OriginX": 16,
                    "Scale9OriginY": 21,
                    "Scale9Width": 18,
                    "Scale9Height": 22,
                    "AnchorPoint": {
                      "ScaleX": 0.5,
                      "ScaleY": 0.5
                    },
                    "Position": {
                      "X": 640.0,
                      "Y": 287.0699
                    },
                    "Scale": {
                      "ScaleX": 1.0,
                      "ScaleY": 1.0
                    },
                    "CColor": {},
                    "IconVisible": false,
                    "PositionPercentXEnabled": true,
                    "PrePosition": {
                      "X": 0.5,
                      "Y": 0.3987
                    },
                    "PreSize": {
                      "X": 0.5938,
                      "Y": 0.1528
                    },
                    "LeftMargin": 260.0,
                    "RightMargin": 260.0,
                    "TopMargin": 377.9301,
                    "BottomMargin": 232.0699,
                    "Tag": 1070,
                    "ActionTag": -686177883,
                    "Size": {
                      "X": 760.0,
                      "Y": 110.0
                    },
                    "Name": "line1",
                    "ctype": "ImageViewObjectData"
                  },
                  {
                    "FileData": {
                      "Type": "Normal",
                      "Path": "image/ui/majiang/maScene/kaigang_bk.png",
                      "Plist": ""
                    },
                    "Scale9Enable": true,
                    "Scale9OriginX": 16,
                    "Scale9OriginY": 21,
                    "Scale9Width": 18,
                    "Scale9Height": 22,
                    "AnchorPoint": {
                      "ScaleX": 0.5,
                      "ScaleY": 0.5
                    },
                    "Position": {
                      "X": 640.0,
                      "Y": 415.6317
                    },
                    "Scale": {
                      "ScaleX": 1.0,
                      "ScaleY": 1.0
                    },
                    "CColor": {},
                    "IconVisible": false,
                    "PositionPercentXEnabled": true,
                    "PrePosition": {
                      "X": 0.5,
                      "Y": 0.5773
                    },
                    "PreSize": {
                      "X": 0.5938,
                      "Y": 0.1528
                    },
                    "LeftMargin": 260.0,
                    "RightMargin": 260.0,
                    "TopMargin": 249.3683,
                    "BottomMargin": 360.6317,
                    "Tag": 1069,
                    "ActionTag": 702276974,
                    "Size": {
                      "X": 760.0,
                      "Y": 110.0
                    },
                    "Name": "line2",
                    "ctype": "ImageViewObjectData"
                  },
                  {
                    "FileData": {
                      "Type": "PlistSubImage",
                      "Path": "p2s15.png",
                      "Plist": "image/ui/majiang/pai.plist"
                    },
                    "BlendFunc": {
                      "Src": 1,
                      "Dst": 771
                    },
                    "AnchorPoint": {
                      "ScaleX": 0.5,
                      "ScaleY": 0.5
                    },
                    "Position": {
                      "X": 332.6447,
                      "Y": 411.1313
                    },
                    "Scale": {
                      "ScaleX": 0.88,
                      "ScaleY": 0.88
                    },
                    "CColor": {},
                    "IconVisible": false,
                    "PrePosition": {
                      "X": 0.2599,
                      "Y": 0.571
                    },
                    "PreSize": {
                      "X": 0.0484,
                      "Y": 0.1236
                    },
                    "LeftMargin": 301.6447,
                    "RightMargin": 916.3553,
                    "TopMargin": 264.3687,
                    "BottomMargin": 366.6313,
                    "Tag": 25,
                    "ActionTag": -238392171,
                    "Size": {
                      "X": 62.0,
                      "Y": 89.0
                    },
                    "Name": "a0",
                    "ctype": "SpriteObjectData"
                  },
                  {
                    "FileData": {
                      "Type": "Normal",
                      "Path": "image/ui/majiang/maScene/chi3.png",
                      "Plist": ""
                    },
                    "BlendFunc": {
                      "Src": 1,
                      "Dst": 771
                    },
                    "AnchorPoint": {
                      "ScaleX": 0.5,
                      "ScaleY": 0.5
                    },
                    "Position": {
                      "X": 429.5583,
                      "Y": 411.1309
                    },
                    "Scale": {
                      "ScaleX": 0.88,
                      "ScaleY": 0.88
                    },
                    "CColor": {},
                    "IconVisible": false,
                    "PrePosition": {
                      "X": 0.3356,
                      "Y": 0.571
                    },
                    "PreSize": {
                      "X": 0.0672,
                      "Y": 0.1361
                    },
                    "LeftMargin": 386.5583,
                    "RightMargin": 807.4417,
                    "TopMargin": 259.8691,
                    "BottomMargin": 362.1309,
                    "Tag": 26,
                    "ActionTag": 723167631,
                    "Size": {
                      "X": 86.0,
                      "Y": 98.0
                    },
                    "Name": "chi_0",
                    "ctype": "SpriteObjectData"
                  },
                  {
                    "FileData": {
                      "Type": "Normal",
                      "Path": "image/ui/majiang/maScene/peng3.png",
                      "Plist": ""
                    },
                    "BlendFunc": {
                      "Src": 1,
                      "Dst": 771
                    },
                    "AnchorPoint": {
                      "ScaleX": 0.5,
                      "ScaleY": 0.5
                    },
                    "Position": {
                      "X": 545.3147,
                      "Y": 411.1304
                    },
                    "Scale": {
                      "ScaleX": 0.88,
                      "ScaleY": 0.88
                    },
                    "CColor": {},
                    "IconVisible": false,
                    "PrePosition": {
                      "X": 0.426,
                      "Y": 0.571
                    },
                    "PreSize": {
                      "X": 0.0711,
                      "Y": 0.1264
                    },
                    "LeftMargin": 499.8147,
                    "RightMargin": 689.1853,
                    "TopMargin": 263.3696,
                    "BottomMargin": 365.6304,
                    "Tag": 27,
                    "ActionTag": 1849792451,
                    "Size": {
                      "X": 91.0,
                      "Y": 91.0
                    },
                    "Name": "peng_0",
                    "ctype": "SpriteObjectData"
                  },
                  {
                    "FileData": {
                      "Type": "Normal",
                      "Path": "image/ui/majiang/maScene/gang3.png",
                      "Plist": ""
                    },
                    "BlendFunc": {
                      "Src": 1,
                      "Dst": 771
                    },
                    "AnchorPoint": {
                      "ScaleX": 0.5,
                      "ScaleY": 0.5
                    },
                    "Position": {
                      "X": 661.0695,
                      "Y": 411.1309
                    },
                    "Scale": {
                      "ScaleX": 0.88,
                      "ScaleY": 0.88
                    },
                    "CColor": {},
                    "IconVisible": false,
                    "PrePosition": {
                      "X": 0.5165,
                      "Y": 0.571
                    },
                    "PreSize": {
                      "X": 0.0672,
                      "Y": 0.1347
                    },
                    "LeftMargin": 618.0695,
                    "RightMargin": 575.9305,
                    "TopMargin": 260.3691,
                    "BottomMargin": 362.6309,
                    "Tag": 28,
                    "ActionTag": 1489601746,
                    "Size": {
                      "X": 86.0,
                      "Y": 97.0
                    },
                    "Name": "gang_0",
                    "ctype": "SpriteObjectData"
                  },
                  {
                    "FileData": {
                      "Type": "Normal",
                      "Path": "image/ui/majiang/maScene/bu3.png",
                      "Plist": ""
                    },
                    "BlendFunc": {
                      "Src": 1,
                      "Dst": 771
                    },
                    "AnchorPoint": {
                      "ScaleX": 0.5,
                      "ScaleY": 0.5
                    },
                    "Position": {
                      "X": 776.8252,
                      "Y": 411.1295
                    },
                    "Scale": {
                      "ScaleX": 0.88,
                      "ScaleY": 0.88
                    },
                    "CColor": {},
                    "IconVisible": false,
                    "PrePosition": {
                      "X": 0.6069,
                      "Y": 0.571
                    },
                    "PreSize": {
                      "X": 0.0672,
                      "Y": 0.1417
                    },
                    "LeftMargin": 733.8252,
                    "RightMargin": 460.1748,
                    "TopMargin": 257.8705,
                    "BottomMargin": 360.1295,
                    "Tag": 30,
                    "ActionTag": 1989451286,
                    "Size": {
                      "X": 86.0,
                      "Y": 102.0
                    },
                    "Name": "bu_0",
                    "ctype": "SpriteObjectData"
                  },
                  {
                    "FileData": {
                      "Type": "Normal",
                      "Path": "image/ui/majiang/maScene/hu3.png",
                      "Plist": ""
                    },
                    "BlendFunc": {
                      "Src": 1,
                      "Dst": 771
                    },
                    "AnchorPoint": {
                      "ScaleX": 0.5,
                      "ScaleY": 0.5
                    },
                    "Position": {
                      "X": 892.5873,
                      "Y": 411.1309
                    },
                    "Scale": {
                      "ScaleX": 0.88,
                      "ScaleY": 0.88
                    },
                    "CColor": {},
                    "IconVisible": false,
                    "PrePosition": {
                      "X": 0.6973,
                      "Y": 0.571
                    },
                    "PreSize": {
                      "X": 0.0625,
                      "Y": 0.1347
                    },
                    "LeftMargin": 852.5873,
                    "RightMargin": 347.4127,
                    "TopMargin": 260.3691,
                    "BottomMargin": 362.6309,
                    "Tag": 29,
                    "ActionTag": -1749165291,
                    "Size": {
                      "X": 80.0,
                      "Y": 97.0
                    },
                    "Name": "hu_0",
                    "ctype": "SpriteObjectData"
                  },
                  {
                    "FileData": {
                      "Type": "PlistSubImage",
                      "Path": "p2s15.png",
                      "Plist": "image/ui/majiang/pai.plist"
                    },
                    "BlendFunc": {
                      "Src": 1,
                      "Dst": 771
                    },
                    "AnchorPoint": {
                      "ScaleX": 0.5,
                      "ScaleY": 0.5
                    },
                    "Position": {
                      "X": 332.6447,
                      "Y": 286.6908
                    },
                    "Scale": {
                      "ScaleX": 0.88,
                      "ScaleY": 0.88
                    },
                    "CColor": {},
                    "IconVisible": false,
                    "PrePosition": {
                      "X": 0.2599,
                      "Y": 0.3982
                    },
                    "PreSize": {
                      "X": 0.0484,
                      "Y": 0.1236
                    },
                    "LeftMargin": 301.6447,
                    "RightMargin": 916.3553,
                    "TopMargin": 388.8092,
                    "BottomMargin": 242.1908,
                    "Tag": 31,
                    "ActionTag": 967330649,
                    "Size": {
                      "X": 62.0,
                      "Y": 89.0
                    },
                    "Name": "a1",
                    "ctype": "SpriteObjectData"
                  },
                  {
                    "FileData": {
                      "Type": "Normal",
                      "Path": "image/ui/majiang/maScene/chi3.png",
                      "Plist": ""
                    },
                    "BlendFunc": {
                      "Src": 1,
                      "Dst": 771
                    },
                    "AnchorPoint": {
                      "ScaleX": 0.5,
                      "ScaleY": 0.5
                    },
                    "Position": {
                      "X": 429.5583,
                      "Y": 286.6913
                    },
                    "Scale": {
                      "ScaleX": 0.88,
                      "ScaleY": 0.88
                    },
                    "CColor": {},
                    "IconVisible": false,
                    "PrePosition": {
                      "X": 0.3356,
                      "Y": 0.3982
                    },
                    "PreSize": {
                      "X": 0.0672,
                      "Y": 0.1361
                    },
                    "LeftMargin": 386.5583,
                    "RightMargin": 807.4417,
                    "TopMargin": 384.3087,
                    "BottomMargin": 237.6913,
                    "Tag": 32,
                    "ActionTag": -828907159,
                    "Size": {
                      "X": 86.0,
                      "Y": 98.0
                    },
                    "Name": "chi_1",
                    "ctype": "SpriteObjectData"
                  },
                  {
                    "FileData": {
                      "Type": "Normal",
                      "Path": "image/ui/majiang/maScene/peng3.png",
                      "Plist": ""
                    },
                    "BlendFunc": {
                      "Src": 1,
                      "Dst": 771
                    },
                    "AnchorPoint": {
                      "ScaleX": 0.5,
                      "ScaleY": 0.5
                    },
                    "Position": {
                      "X": 545.3149,
                      "Y": 286.6908
                    },
                    "Scale": {
                      "ScaleX": 0.88,
                      "ScaleY": 0.88
                    },
                    "CColor": {},
                    "IconVisible": false,
                    "PrePosition": {
                      "X": 0.426,
                      "Y": 0.3982
                    },
                    "PreSize": {
                      "X": 0.0711,
                      "Y": 0.1264
                    },
                    "LeftMargin": 499.8149,
                    "RightMargin": 689.1851,
                    "TopMargin": 387.8092,
                    "BottomMargin": 241.1908,
                    "Tag": 33,
                    "ActionTag": 149940823,
                    "Size": {
                      "X": 91.0,
                      "Y": 91.0
                    },
                    "Name": "peng_1",
                    "ctype": "SpriteObjectData"
                  },
                  {
                    "FileData": {
                      "Type": "Normal",
                      "Path": "image/ui/majiang/maScene/gang3.png",
                      "Plist": ""
                    },
                    "BlendFunc": {
                      "Src": 1,
                      "Dst": 771
                    },
                    "AnchorPoint": {
                      "ScaleX": 0.5,
                      "ScaleY": 0.5
                    },
                    "Position": {
                      "X": 661.0695,
                      "Y": 286.6917
                    },
                    "Scale": {
                      "ScaleX": 0.88,
                      "ScaleY": 0.88
                    },
                    "CColor": {},
                    "IconVisible": false,
                    "PrePosition": {
                      "X": 0.5165,
                      "Y": 0.3982
                    },
                    "PreSize": {
                      "X": 0.0672,
                      "Y": 0.1347
                    },
                    "LeftMargin": 618.0695,
                    "RightMargin": 575.9305,
                    "TopMargin": 384.8083,
                    "BottomMargin": 238.1917,
                    "Tag": 34,
                    "ActionTag": -1927792860,
                    "Size": {
                      "X": 86.0,
                      "Y": 97.0
                    },
                    "Name": "gang_1",
                    "ctype": "SpriteObjectData"
                  },
                  {
                    "FileData": {
                      "Type": "Normal",
                      "Path": "image/ui/majiang/maScene/bu3.png",
                      "Plist": ""
                    },
                    "BlendFunc": {
                      "Src": 1,
                      "Dst": 771
                    },
                    "AnchorPoint": {
                      "ScaleX": 0.5,
                      "ScaleY": 0.5
                    },
                    "Position": {
                      "X": 776.8252,
                      "Y": 286.6909
                    },
                    "Scale": {
                      "ScaleX": 0.88,
                      "ScaleY": 0.88
                    },
                    "CColor": {},
                    "IconVisible": false,
                    "PrePosition": {
                      "X": 0.6069,
                      "Y": 0.3982
                    },
                    "PreSize": {
                      "X": 0.0672,
                      "Y": 0.1417
                    },
                    "LeftMargin": 733.8252,
                    "RightMargin": 460.1748,
                    "TopMargin": 382.3091,
                    "BottomMargin": 235.6909,
                    "Tag": 35,
                    "ActionTag": 1245091923,
                    "Size": {
                      "X": 86.0,
                      "Y": 102.0
                    },
                    "Name": "bu_1",
                    "ctype": "SpriteObjectData"
                  },
                  {
                    "FileData": {
                      "Type": "Normal",
                      "Path": "image/ui/majiang/maScene/hu3.png",
                      "Plist": ""
                    },
                    "BlendFunc": {
                      "Src": 1,
                      "Dst": 771
                    },
                    "AnchorPoint": {
                      "ScaleX": 0.5,
                      "ScaleY": 0.5
                    },
                    "Position": {
                      "X": 892.5873,
                      "Y": 286.6917
                    },
                    "Scale": {
                      "ScaleX": 0.88,
                      "ScaleY": 0.88
                    },
                    "CColor": {},
                    "IconVisible": false,
                    "PrePosition": {
                      "X": 0.6973,
                      "Y": 0.3982
                    },
                    "PreSize": {
                      "X": 0.0625,
                      "Y": 0.1347
                    },
                    "LeftMargin": 852.5873,
                    "RightMargin": 347.4127,
                    "TopMargin": 384.8083,
                    "BottomMargin": 238.1917,
                    "Tag": 36,
                    "ActionTag": 1684986698,
                    "Size": {
                      "X": 80.0,
                      "Y": 97.0
                    },
                    "Name": "hu_1",
                    "ctype": "SpriteObjectData"
                  },
                  {
                    "FileData": {
                      "Type": "Normal",
                      "Path": "image/ui/majiang/tishi/btn_qiangganghu.png",
                      "Plist": ""
                    },
                    "BlendFunc": {
                      "Src": 1,
                      "Dst": 771
                    },
                    "AnchorPoint": {
                      "ScaleX": 0.5,
                      "ScaleY": 0.5
                    },
                    "Position": {
                      "X": 447.9996,
                      "Y": 177.3245
                    },
                    "Scale": {
                      "ScaleX": 1.0,
                      "ScaleY": 1.0
                    },
                    "CColor": {},
                    "IconVisible": false,
                    "PositionPercentXEnabled": true,
                    "PrePosition": {
                      "X": 0.35,
                      "Y": 0.2463
                    },
                    "PreSize": {
                      "X": 0.1641,
                      "Y": 0.0847
                    },
                    "LeftMargin": 342.9996,
                    "RightMargin": 727.0004,
                    "TopMargin": 512.1755,
                    "BottomMargin": 146.8245,
                    "Tag": 33,
                    "Children": [
                      {
                        "FontSize": 40,
                        "LabelText": "抢杠胡",
                        "FontResource": {
                          "Type": "Normal",
                          "Path": "image/fonts/FZZY.TTF",
                          "Plist": ""
                        },
                        "OutlineSize": 2,
                        "OutlineColor": {
                          "R": 0,
                          "G": 0,
                          "B": 0
                        },
                        "OutlineEnabled": true,
                        "ShadowColor": {
                          "R": 110,
                          "G": 110,
                          "B": 110
                        },
                        "ShadowOffsetX": 2.0,
                        "ShadowOffsetY": -2.0,
                        "AnchorPoint": {
                          "ScaleX": 0.5,
                          "ScaleY": 0.5
                        },
                        "Position": {
                          "X": 105.0,
                          "Y": 32.33
                        },
                        "Scale": {
                          "ScaleX": 1.0,
                          "ScaleY": 1.0
                        },
                        "CColor": {},
                        "IconVisible": false,
                        "PositionPercentXEnabled": true,
                        "PositionPercentYEnabled": true,
                        "PrePosition": {
                          "X": 0.5,
                          "Y": 0.53
                        },
                        "PreSize": {
                          "X": 0.5857,
                          "Y": 0.8033
                        },
                        "LeftMargin": 43.5,
                        "RightMargin": 43.5,
                        "TopMargin": 4.17,
                        "BottomMargin": 7.83,
                        "Tag": 34,
                        "ActionTag": 216403245,
                        "Size": {
                          "X": 123.0,
                          "Y": 49.0
                        },
                        "VisibleForFrame": false,
                        "Name": "_",
                        "ctype": "TextObjectData"
                      }
                    ],
                    "ActionTag": -1370058805,
                    "Size": {
                      "X": 210.0,
                      "Y": 61.0
                    },
                    "Name": "btn_qgh",
                    "ctype": "SpriteObjectData"
                  },
                  {
                    "FileData": {
                      "Type": "Normal",
                      "Path": "image/ui/majiang/tishi/btn_guo.png",
                      "Plist": ""
                    },
                    "BlendFunc": {
                      "Src": 1,
                      "Dst": 771
                    },
                    "AnchorPoint": {
                      "ScaleX": 0.5,
                      "ScaleY": 0.5
                    },
                    "Position": {
                      "X": 831.9991,
                      "Y": 178.8246
                    },
                    "Scale": {
                      "ScaleX": 1.0,
                      "ScaleY": 1.0
                    },
                    "CColor": {},
                    "IconVisible": false,
                    "PositionPercentXEnabled": true,
                    "PrePosition": {
                      "X": 0.65,
                      "Y": 0.2484
                    },
                    "PreSize": {
                      "X": 0.1641,
                      "Y": 0.0847
                    },
                    "LeftMargin": 726.9991,
                    "RightMargin": 343.0009,
                    "TopMargin": 510.6754,
                    "BottomMargin": 148.3246,
                    "Tag": 35,
                    "Children": [
                      {
                        "FontSize": 45,
                        "LabelText": "过",
                        "FontResource": {
                          "Type": "Normal",
                          "Path": "image/fonts/FZZY.TTF",
                          "Plist": ""
                        },
                        "OutlineSize": 2,
                        "OutlineColor": {
                          "R": 61,
                          "G": 55,
                          "B": 55
                        },
                        "OutlineEnabled": true,
                        "ShadowColor": {
                          "R": 110,
                          "G": 110,
                          "B": 110
                        },
                        "ShadowOffsetX": 2.0,
                        "ShadowOffsetY": -2.0,
                        "AnchorPoint": {
                          "ScaleX": 0.5,
                          "ScaleY": 0.5
                        },
                        "Position": {
                          "X": 105.0,
                          "Y": 32.33
                        },
                        "Scale": {
                          "ScaleX": 1.0,
                          "ScaleY": 1.0
                        },
                        "CColor": {},
                        "IconVisible": false,
                        "PositionPercentXEnabled": true,
                        "PositionPercentYEnabled": true,
                        "PrePosition": {
                          "X": 0.5,
                          "Y": 0.53
                        },
                        "PreSize": {
                          "X": 0.2333,
                          "Y": 0.9016
                        },
                        "LeftMargin": 80.5,
                        "RightMargin": 80.5,
                        "TopMargin": 1.17,
                        "BottomMargin": 4.83,
                        "Tag": 36,
                        "ActionTag": -193432666,
                        "Size": {
                          "X": 49.0,
                          "Y": 55.0
                        },
                        "VisibleForFrame": false,
                        "Name": "_",
                        "ctype": "TextObjectData"
                      }
                    ],
                    "ActionTag": -93477286,
                    "Size": {
                      "X": 210.0,
                      "Y": 61.0
                    },
                    "Name": "guo",
                    "ctype": "SpriteObjectData"
                  }
                ],
                "ActionTag": 1079932998,
                "Size": {
                  "X": 1280.0,
                  "Y": 720.0
                },
                "Name": "panel",
                "ctype": "PanelObjectData"
              }
            ],
            "ActionTag": -33404820,
            "Size": {
              "X": 1280.0,
              "Y": 720.0
            },
            "Name": "root",
            "ctype": "PanelObjectData"
          }
        ],
        "Size": {
          "X": 1280.0,
          "Y": 720.0
        },
        "Name": "Scene",
        "ctype": "SingleNodeObjectData"
      },
      "UsedResources": [
        "../../image/fonts/FZZY.TTF",
        "../../image/ui/majiang/maScene/bu3.png",
        "../../image/ui/majiang/maScene/chi3.png",
        "../../image/ui/majiang/maScene/gang3.png",
        "../../image/ui/majiang/maScene/hu3.png",
        "../../image/ui/majiang/maScene/kaigang_bk.png",
        "../../image/ui/majiang/maScene/peng3.png",
        "../../image/ui/majiang/pai.plist",
        "../../image/ui/majiang/pai.png",
        "../../image/ui/majiang/tishi/btn_guo.png",
        "../../image/ui/majiang/tishi/btn_qiangganghu.png",
        "../../image/ui/majiang/tishi/tishibg1.png",
        "../../image/ui/transparent/transparent_1280x720.png"
      ],
      "ctype": "GameFileData"
    }
  },
  "Type": "Scene"
}