{
  "ID": "32713e94-f1ba-4b44-9997-810f94d5562c",
  "Version": "3.10.0.0",
  "Name": "MJ_baojingdeng",
  "Content": {
    "Content": {
      "Animation": {
        "Duration": 45,
        "Speed": 1.0,
        "ActivedAnimationName": "action",
        "Timelines": [
          {
            "ActionTag": 1689531097,
            "Property": "Scale",
            "Frames": [
              {
                "X": 0.6,
                "Y": 0.6,
                "FrameIndex": 0,
                "EasingData": {
                  "Type": 0
                },
                "ctype": "ScaleValueFrameData"
              }
            ],
            "ctype": "TimelineData"
          },
          {
            "ActionTag": 1689531097,
            "Property": "CColor",
            "Frames": [
              {
                "Alpha": 255,
                "Color": {
                  "R": 164,
                  "G": 164,
                  "B": 164
                },
                "FrameIndex": 0,
                "EasingData": {
                  "Type": 0
                },
                "ctype": "ColorFrameData"
              }
            ],
            "ctype": "TimelineData"
          },
          {
            "ActionTag": -1333826016,
            "Property": "Scale",
            "Frames": [
              {
                "X": 0.6,
                "Y": 0.6,
                "FrameIndex": 19,
                "EasingData": {
                  "Type": 0
                },
                "ctype": "ScaleValueFrameData"
              },
              {
                "X": 0.6,
                "Y": 0.6,
                "FrameIndex": 20,
                "EasingData": {
                  "Points": [
                    {
                      "X": 0.0,
                      "Y": 0.0
                    },
                    {
                      "X": 0.11,
                      "Y": 0.5
                    },
                    {
                      "X": 1.0,
                      "Y": 1.0
                    },
                    {
                      "X": 1.0,
                      "Y": 1.0
                    }
                  ],
                  "Type": -1
                },
                "ctype": "ScaleValueFrameData"
              },
              {
                "X": 0.6,
                "Y": 0.6,
                "FrameIndex": 45,
                "EasingData": {
                  "Type": 0
                },
                "ctype": "ScaleValueFrameData"
              }
            ],
            "ctype": "TimelineData"
          },
          {
            "ActionTag": -1333826016,
            "Property": "CColor",
            "Frames": [
              {
                "Alpha": 255,
                "Color": {
                  "R": 164,
                  "G": 164,
                  "B": 164
                },
                "FrameIndex": 19,
                "EasingData": {
                  "Type": 0
                },
                "ctype": "ColorFrameData"
              },
              {
                "Alpha": 255,
                "Color": {},
                "FrameIndex": 20,
                "EasingData": {
                  "Points": [
                    {
                      "X": 0.0,
                      "Y": 0.0
                    },
                    {
                      "X": 0.11,
                      "Y": 0.5
                    },
                    {
                      "X": 1.0,
                      "Y": 1.0
                    },
                    {
                      "X": 1.0,
                      "Y": 1.0
                    }
                  ],
                  "Type": -1
                },
                "ctype": "ColorFrameData"
              },
              {
                "Alpha": 255,
                "Color": {},
                "FrameIndex": 45,
                "EasingData": {
                  "Type": 0
                },
                "ctype": "ColorFrameData"
              }
            ],
            "ctype": "TimelineData"
          },
          {
            "ActionTag": -1333826016,
            "Property": "Position",
            "Frames": [
              {
                "X": 0.0,
                "Y": 0.0,
                "FrameIndex": 19,
                "EasingData": {
                  "Type": 0
                },
                "ctype": "PointFrameData"
              },
              {
                "X": 0.0,
                "Y": 0.0,
                "FrameIndex": 20,
                "EasingData": {
                  "Points": [
                    {
                      "X": 0.0,
                      "Y": 0.0
                    },
                    {
                      "X": 0.11,
                      "Y": 0.5
                    },
                    {
                      "X": 1.0,
                      "Y": 1.0
                    },
                    {
                      "X": 1.0,
                      "Y": 1.0
                    }
                  ],
                  "Type": -1
                },
                "ctype": "PointFrameData"
              },
              {
                "X": 0.0,
                "Y": 0.0,
                "FrameIndex": 45,
                "EasingData": {
                  "Type": 0
                },
                "ctype": "PointFrameData"
              }
            ],
            "ctype": "TimelineData"
          },
          {
            "ActionTag": -1333826016,
            "Property": "RotationSkew",
            "Frames": [
              {
                "X": 0.0,
                "Y": 0.0,
                "FrameIndex": 19,
                "EasingData": {
                  "Type": 0
                },
                "ctype": "ScaleValueFrameData"
              },
              {
                "X": 0.0,
                "Y": 0.0,
                "FrameIndex": 45,
                "EasingData": {
                  "Type": 0
                },
                "ctype": "ScaleValueFrameData"
              }
            ],
            "ctype": "TimelineData"
          },
          {
            "ActionTag": -1333826016,
            "Property": "Alpha",
            "Frames": [
              {
                "Value": 255,
                "FrameIndex": 19,
                "EasingData": {
                  "Type": 0
                },
                "ctype": "IntFrameData"
              },
              {
                "Value": 255,
                "FrameIndex": 20,
                "EasingData": {
                  "Points": [
                    {
                      "X": 0.0,
                      "Y": 0.0
                    },
                    {
                      "X": 0.11,
                      "Y": 0.5
                    },
                    {
                      "X": 1.0,
                      "Y": 1.0
                    },
                    {
                      "X": 1.0,
                      "Y": 1.0
                    }
                  ],
                  "Type": -1
                },
                "ctype": "IntFrameData"
              },
              {
                "Value": 0,
                "FrameIndex": 45,
                "EasingData": {
                  "Type": 0
                },
                "ctype": "IntFrameData"
              }
            ],
            "ctype": "TimelineData"
          },
          {
            "ActionTag": -1333826016,
            "Property": "BlendFunc",
            "Frames": [
              {
                "Src": 770,
                "Dst": 1,
                "FrameIndex": 19,
                "Tween": false,
                "ctype": "BlendFuncFrameData"
              },
              {
                "Src": 1,
                "Dst": 771,
                "FrameIndex": 20,
                "Tween": false,
                "ctype": "BlendFuncFrameData"
              }
            ],
            "ctype": "TimelineData"
          },
          {
            "ActionTag": -1333826016,
            "Property": "VisibleForFrame",
            "Frames": [
              {
                "Value": false,
                "FrameIndex": 19,
                "Tween": false,
                "ctype": "BoolFrameData"
              },
              {
                "Value": true,
                "FrameIndex": 20,
                "Tween": false,
                "ctype": "BoolFrameData"
              }
            ],
            "ctype": "TimelineData"
          },
          {
            "ActionTag": 271596101,
            "Property": "Position",
            "Frames": [
              {
                "X": 0.0,
                "Y": 0.0,
                "FrameIndex": 0,
                "EasingData": {
                  "Points": [
                    {
                      "X": 0.0,
                      "Y": 0.0
                    },
                    {
                      "X": 0.0,
                      "Y": 0.0
                    },
                    {
                      "X": 1.0,
                      "Y": 1.0
                    },
                    {
                      "X": 1.0,
                      "Y": 1.0
                    }
                  ],
                  "Type": -1
                },
                "ctype": "PointFrameData"
              },
              {
                "X": 0.0,
                "Y": 0.0,
                "FrameIndex": 20,
                "EasingData": {
                  "Points": [
                    {
                      "X": 0.0,
                      "Y": 0.0
                    },
                    {
                      "X": 0.3,
                      "Y": 0.84
                    },
                    {
                      "X": 1.0,
                      "Y": 1.0
                    },
                    {
                      "X": 1.0,
                      "Y": 1.0
                    }
                  ],
                  "Type": -1
                },
                "ctype": "PointFrameData"
              },
              {
                "X": 0.0,
                "Y": 0.0,
                "FrameIndex": 45,
                "EasingData": {
                  "Type": 0
                },
                "ctype": "PointFrameData"
              }
            ],
            "ctype": "TimelineData"
          },
          {
            "ActionTag": 271596101,
            "Property": "Scale",
            "Frames": [
              {
                "X": 0.6,
                "Y": 0.6,
                "FrameIndex": 0,
                "EasingData": {
                  "Points": [
                    {
                      "X": 0.0,
                      "Y": 0.0
                    },
                    {
                      "X": 0.0,
                      "Y": 0.0
                    },
                    {
                      "X": 1.0,
                      "Y": 1.0
                    },
                    {
                      "X": 1.0,
                      "Y": 1.0
                    }
                  ],
                  "Type": -1
                },
                "ctype": "ScaleValueFrameData"
              },
              {
                "X": 0.6,
                "Y": 0.6,
                "FrameIndex": 20,
                "EasingData": {
                  "Points": [
                    {
                      "X": 0.0,
                      "Y": 0.0
                    },
                    {
                      "X": 0.3,
                      "Y": 0.84
                    },
                    {
                      "X": 1.0,
                      "Y": 1.0
                    },
                    {
                      "X": 1.0,
                      "Y": 1.0
                    }
                  ],
                  "Type": -1
                },
                "ctype": "ScaleValueFrameData"
              },
              {
                "X": 0.6,
                "Y": 0.6,
                "FrameIndex": 45,
                "EasingData": {
                  "Type": 0
                },
                "ctype": "ScaleValueFrameData"
              }
            ],
            "ctype": "TimelineData"
          },
          {
            "ActionTag": 271596101,
            "Property": "RotationSkew",
            "Frames": [
              {
                "X": -90.0,
                "Y": -90.0,
                "FrameIndex": 0,
                "EasingData": {
                  "Points": [
                    {
                      "X": 0.0,
                      "Y": 0.0
                    },
                    {
                      "X": 0.0,
                      "Y": 0.0
                    },
                    {
                      "X": 1.0,
                      "Y": 1.0
                    },
                    {
                      "X": 1.0,
                      "Y": 1.0
                    }
                  ],
                  "Type": -1
                },
                "ctype": "ScaleValueFrameData"
              },
              {
                "X": -90.0,
                "Y": -90.0,
                "FrameIndex": 20,
                "EasingData": {
                  "Points": [
                    {
                      "X": 0.0,
                      "Y": 0.0
                    },
                    {
                      "X": 0.3,
                      "Y": 0.84
                    },
                    {
                      "X": 1.0,
                      "Y": 1.0
                    },
                    {
                      "X": 1.0,
                      "Y": 1.0
                    }
                  ],
                  "Type": -1
                },
                "ctype": "ScaleValueFrameData"
              },
              {
                "X": -90.0,
                "Y": -90.0,
                "FrameIndex": 45,
                "EasingData": {
                  "Type": 0
                },
                "ctype": "ScaleValueFrameData"
              }
            ],
            "ctype": "TimelineData"
          },
          {
            "ActionTag": 271596101,
            "Property": "Alpha",
            "Frames": [
              {
                "Value": 198,
                "FrameIndex": 0,
                "EasingData": {
                  "Points": [
                    {
                      "X": 0.0,
                      "Y": 0.0
                    },
                    {
                      "X": 0.0,
                      "Y": 0.0
                    },
                    {
                      "X": 1.0,
                      "Y": 1.0
                    },
                    {
                      "X": 1.0,
                      "Y": 1.0
                    }
                  ],
                  "Type": -1
                },
                "ctype": "IntFrameData"
              },
              {
                "Value": 0,
                "FrameIndex": 20,
                "EasingData": {
                  "Points": [
                    {
                      "X": 0.0,
                      "Y": 0.0
                    },
                    {
                      "X": 0.3,
                      "Y": 0.84
                    },
                    {
                      "X": 1.0,
                      "Y": 1.0
                    },
                    {
                      "X": 1.0,
                      "Y": 1.0
                    }
                  ],
                  "Type": -1
                },
                "ctype": "IntFrameData"
              },
              {
                "Value": 204,
                "FrameIndex": 45,
                "EasingData": {
                  "Type": 0
                },
                "ctype": "IntFrameData"
              }
            ],
            "ctype": "TimelineData"
          },
          {
            "ActionTag": 271596101,
            "Property": "CColor",
            "Frames": [
              {
                "Alpha": 255,
                "Color": {
                  "G": 116,
                  "B": 116
                },
                "FrameIndex": 0,
                "EasingData": {
                  "Points": [
                    {
                      "X": 0.0,
                      "Y": 0.0
                    },
                    {
                      "X": 0.0,
                      "Y": 0.0
                    },
                    {
                      "X": 1.0,
                      "Y": 1.0
                    },
                    {
                      "X": 1.0,
                      "Y": 1.0
                    }
                  ],
                  "Type": -1
                },
                "ctype": "ColorFrameData"
              },
              {
                "Alpha": 255,
                "Color": {
                  "G": 116,
                  "B": 116
                },
                "FrameIndex": 20,
                "EasingData": {
                  "Points": [
                    {
                      "X": 0.0,
                      "Y": 0.0
                    },
                    {
                      "X": 0.3,
                      "Y": 0.84
                    },
                    {
                      "X": 1.0,
                      "Y": 1.0
                    },
                    {
                      "X": 1.0,
                      "Y": 1.0
                    }
                  ],
                  "Type": -1
                },
                "ctype": "ColorFrameData"
              },
              {
                "Alpha": 255,
                "Color": {
                  "G": 116,
                  "B": 116
                },
                "FrameIndex": 45,
                "EasingData": {
                  "Type": 0
                },
                "ctype": "ColorFrameData"
              }
            ],
            "ctype": "TimelineData"
          },
          {
            "ActionTag": 271596101,
            "Property": "AnchorPoint",
            "Frames": [
              {
                "X": 0.5201,
                "Y": 0.4837,
                "FrameIndex": 0,
                "EasingData": {
                  "Points": [
                    {
                      "X": 0.0,
                      "Y": 0.0
                    },
                    {
                      "X": 0.0,
                      "Y": 0.0
                    },
                    {
                      "X": 1.0,
                      "Y": 1.0
                    },
                    {
                      "X": 1.0,
                      "Y": 1.0
                    }
                  ],
                  "Type": -1
                },
                "ctype": "ScaleValueFrameData"
              },
              {
                "X": 0.5201,
                "Y": 0.4837,
                "FrameIndex": 20,
                "EasingData": {
                  "Points": [
                    {
                      "X": 0.0,
                      "Y": 0.0
                    },
                    {
                      "X": 0.3,
                      "Y": 0.84
                    },
                    {
                      "X": 1.0,
                      "Y": 1.0
                    },
                    {
                      "X": 1.0,
                      "Y": 1.0
                    }
                  ],
                  "Type": -1
                },
                "ctype": "ScaleValueFrameData"
              },
              {
                "X": 0.5201,
                "Y": 0.4837,
                "FrameIndex": 45,
                "EasingData": {
                  "Type": 0
                },
                "ctype": "ScaleValueFrameData"
              }
            ],
            "ctype": "TimelineData"
          },
          {
            "ActionTag": 271596101,
            "Property": "FileData",
            "Frames": [
              {
                "TextureFile": {
                  "Type": "Normal",
                  "Path": "image/ui/anim/warning/MJ_baojingdeng_guang.png",
                  "Plist": ""
                },
                "FrameIndex": 0,
                "Tween": false,
                "ctype": "TextureFrameData"
              }
            ],
            "ctype": "TimelineData"
          },
          {
            "ActionTag": 271596101,
            "Property": "BlendFunc",
            "Frames": [
              {
                "Src": 1,
                "Dst": 771,
                "FrameIndex": 0,
                "Tween": false,
                "ctype": "BlendFuncFrameData"
              }
            ],
            "ctype": "TimelineData"
          },
          {
            "ActionTag": 889365915,
            "Property": "Position",
            "Frames": [
              {
                "X": 0.0,
                "Y": 0.0,
                "FrameIndex": 0,
                "EasingData": {
                  "Points": [
                    {
                      "X": 0.0,
                      "Y": 0.0
                    },
                    {
                      "X": 0.15,
                      "Y": 0.7
                    },
                    {
                      "X": 1.0,
                      "Y": 1.0
                    },
                    {
                      "X": 1.0,
                      "Y": 1.0
                    }
                  ],
                  "Type": -1
                },
                "ctype": "PointFrameData"
              },
              {
                "X": 0.0,
                "Y": 0.0,
                "FrameIndex": 20,
                "EasingData": {
                  "Points": [
                    {
                      "X": 0.0,
                      "Y": 0.0
                    },
                    {
                      "X": 0.65,
                      "Y": 0.21
                    },
                    {
                      "X": 1.0,
                      "Y": 1.0
                    },
                    {
                      "X": 1.0,
                      "Y": 1.0
                    }
                  ],
                  "Type": -1
                },
                "ctype": "PointFrameData"
              },
              {
                "X": 0.0,
                "Y": 0.0,
                "FrameIndex": 45,
                "EasingData": {
                  "Type": 0
                },
                "ctype": "PointFrameData"
              }
            ],
            "ctype": "TimelineData"
          },
          {
            "ActionTag": 889365915,
            "Property": "Scale",
            "Frames": [
              {
                "X": 0.6,
                "Y": 0.6,
                "FrameIndex": 0,
                "EasingData": {
                  "Points": [
                    {
                      "X": 0.0,
                      "Y": 0.0
                    },
                    {
                      "X": 0.15,
                      "Y": 0.7
                    },
                    {
                      "X": 1.0,
                      "Y": 1.0
                    },
                    {
                      "X": 1.0,
                      "Y": 1.0
                    }
                  ],
                  "Type": -1
                },
                "ctype": "ScaleValueFrameData"
              },
              {
                "X": 0.6,
                "Y": 0.6,
                "FrameIndex": 20,
                "EasingData": {
                  "Points": [
                    {
                      "X": 0.0,
                      "Y": 0.0
                    },
                    {
                      "X": 0.65,
                      "Y": 0.21
                    },
                    {
                      "X": 1.0,
                      "Y": 1.0
                    },
                    {
                      "X": 1.0,
                      "Y": 1.0
                    }
                  ],
                  "Type": -1
                },
                "ctype": "ScaleValueFrameData"
              },
              {
                "X": 0.6,
                "Y": 0.6,
                "FrameIndex": 45,
                "EasingData": {
                  "Type": 0
                },
                "ctype": "ScaleValueFrameData"
              }
            ],
            "ctype": "TimelineData"
          },
          {
            "ActionTag": 889365915,
            "Property": "RotationSkew",
            "Frames": [
              {
                "X": 0.0,
                "Y": 0.0,
                "FrameIndex": 20,
                "EasingData": {
                  "Points": [
                    {
                      "X": 0.0,
                      "Y": 0.0
                    },
                    {
                      "X": 0.65,
                      "Y": 0.21
                    },
                    {
                      "X": 1.0,
                      "Y": 1.0
                    },
                    {
                      "X": 1.0,
                      "Y": 1.0
                    }
                  ],
                  "Type": -1
                },
                "ctype": "ScaleValueFrameData"
              },
              {
                "X": 0.0,
                "Y": 0.0,
                "FrameIndex": 45,
                "EasingData": {
                  "Type": 0
                },
                "ctype": "ScaleValueFrameData"
              }
            ],
            "ctype": "TimelineData"
          },
          {
            "ActionTag": 889365915,
            "Property": "CColor",
            "Frames": [
              {
                "Alpha": 255,
                "Color": {
                  "R": 164,
                  "G": 164,
                  "B": 164
                },
                "FrameIndex": 0,
                "EasingData": {
                  "Points": [
                    {
                      "X": 0.0,
                      "Y": 0.0
                    },
                    {
                      "X": 0.15,
                      "Y": 0.7
                    },
                    {
                      "X": 1.0,
                      "Y": 1.0
                    },
                    {
                      "X": 1.0,
                      "Y": 1.0
                    }
                  ],
                  "Type": -1
                },
                "ctype": "ColorFrameData"
              },
              {
                "Alpha": 255,
                "Color": {
                  "R": 164,
                  "G": 164,
                  "B": 164
                },
                "FrameIndex": 20,
                "EasingData": {
                  "Points": [
                    {
                      "X": 0.0,
                      "Y": 0.0
                    },
                    {
                      "X": 0.65,
                      "Y": 0.21
                    },
                    {
                      "X": 1.0,
                      "Y": 1.0
                    },
                    {
                      "X": 1.0,
                      "Y": 1.0
                    }
                  ],
                  "Type": -1
                },
                "ctype": "ColorFrameData"
              },
              {
                "Alpha": 255,
                "Color": {
                  "R": 164,
                  "G": 164,
                  "B": 164
                },
                "FrameIndex": 45,
                "EasingData": {
                  "Type": 0
                },
                "ctype": "ColorFrameData"
              }
            ],
            "ctype": "TimelineData"
          },
          {
            "ActionTag": 889365915,
            "Property": "BlendFunc",
            "Frames": [
              {
                "Src": 770,
                "Dst": 1,
                "FrameIndex": 0,
                "Tween": false,
                "ctype": "BlendFuncFrameData"
              },
              {
                "Src": 770,
                "Dst": 1,
                "FrameIndex": 20,
                "Tween": false,
                "ctype": "BlendFuncFrameData"
              },
              {
                "Src": 770,
                "Dst": 1,
                "FrameIndex": 45,
                "Tween": false,
                "ctype": "BlendFuncFrameData"
              }
            ],
            "ctype": "TimelineData"
          },
          {
            "ActionTag": 889365915,
            "Property": "Alpha",
            "Frames": [
              {
                "Value": 204,
                "FrameIndex": 0,
                "EasingData": {
                  "Points": [
                    {
                      "X": 0.0,
                      "Y": 0.0
                    },
                    {
                      "X": 0.15,
                      "Y": 0.7
                    },
                    {
                      "X": 1.0,
                      "Y": 1.0
                    },
                    {
                      "X": 1.0,
                      "Y": 1.0
                    }
                  ],
                  "Type": -1
                },
                "ctype": "IntFrameData"
              },
              {
                "Value": 0,
                "FrameIndex": 20,
                "EasingData": {
                  "Points": [
                    {
                      "X": 0.0,
                      "Y": 0.0
                    },
                    {
                      "X": 0.65,
                      "Y": 0.21
                    },
                    {
                      "X": 1.0,
                      "Y": 1.0
                    },
                    {
                      "X": 1.0,
                      "Y": 1.0
                    }
                  ],
                  "Type": -1
                },
                "ctype": "IntFrameData"
              },
              {
                "Value": 204,
                "FrameIndex": 45,
                "EasingData": {
                  "Type": 0
                },
                "ctype": "IntFrameData"
              }
            ],
            "ctype": "TimelineData"
          }
        ],
        "ctype": "TimelineActionData"
      },
      "AnimationList": [
        {
          "StartIndex": 0,
          "EndIndex": 45,
          "Name": "action",
          "ctype": "AnimationInfoData"
        }
      ],
      "ObjectData": {
        "Tag": 15,
        "Children": [
          {
            "AnchorPoint": {},
            "Position": {
              "X": 0.0,
              "Y": 0.0
            },
            "Scale": {
              "ScaleX": 1.0,
              "ScaleY": 1.0
            },
            "CColor": {},
            "IconVisible": true,
            "PrePosition": {
              "X": 0.0,
              "Y": 0.0
            },
            "PreSize": {
              "X": 0.0,
              "Y": 0.0
            },
            "Tag": 14,
            "Children": [
              {
                "FileData": {
                  "Type": "Normal",
                  "Path": "image/ui/anim/warning/MJ_baojingdeng02.png",
                  "Plist": ""
                },
                "BlendFunc": {
                  "Src": 1,
                  "Dst": 771
                },
                "AnchorPoint": {
                  "ScaleX": 0.5,
                  "ScaleY": 0.5
                },
                "Position": {
                  "X": 0.0,
                  "Y": 0.0
                },
                "Scale": {
                  "ScaleX": 0.6,
                  "ScaleY": 0.6
                },
                "CColor": {
                  "R": 164,
                  "G": 164,
                  "B": 164
                },
                "IconVisible": false,
                "PrePosition": {
                  "X": 0.0,
                  "Y": 0.0
                },
                "PreSize": {
                  "X": 0.0,
                  "Y": 0.0
                },
                "LeftMargin": -35.0,
                "RightMargin": -35.0,
                "TopMargin": -48.0,
                "BottomMargin": -48.0,
                "Tag": 15,
                "ActionTag": 1689531097,
                "Size": {
                  "X": 70.0,
                  "Y": 96.0
                },
                "Name": "MJ_baojingdeng_1",
                "ctype": "SpriteObjectData"
              },
              {
                "FileData": {
                  "Type": "Normal",
                  "Path": "image/ui/anim/warning/MJ_baojingdeng02.png",
                  "Plist": ""
                },
                "BlendFunc": {
                  "Src": 770,
                  "Dst": 1
                },
                "AnchorPoint": {
                  "ScaleX": 0.5,
                  "ScaleY": 0.5
                },
                "Position": {
                  "X": 0.0,
                  "Y": 0.0
                },
                "Scale": {
                  "ScaleX": 0.6,
                  "ScaleY": 0.6
                },
                "CColor": {
                  "R": 164,
                  "G": 164,
                  "B": 164
                },
                "IconVisible": false,
                "PrePosition": {
                  "X": 0.0,
                  "Y": 0.0
                },
                "PreSize": {
                  "X": 0.0,
                  "Y": 0.0
                },
                "LeftMargin": -35.0,
                "RightMargin": -35.0,
                "TopMargin": -48.0,
                "BottomMargin": -48.0,
                "Tag": 16,
                "ActionTag": -1333826016,
                "Size": {
                  "X": 70.0,
                  "Y": 96.0
                },
                "VisibleForFrame": false,
                "Name": "MJ_baojingdeng_1_1",
                "ctype": "SpriteObjectData"
              },
              {
                "FileData": {
                  "Type": "Normal",
                  "Path": "image/ui/anim/warning/MJ_baojingdeng_guang.png",
                  "Plist": ""
                },
                "BlendFunc": {
                  "Src": 1,
                  "Dst": 771
                },
                "AnchorPoint": {
                  "ScaleX": 0.5201,
                  "ScaleY": 0.4837
                },
                "Position": {
                  "X": 0.0,
                  "Y": 0.0
                },
                "Scale": {
                  "ScaleX": 0.6,
                  "ScaleY": 0.6
                },
                "RotationSkewX": -90.0,
                "RotationSkewY": -90.0,
                "CColor": {
                  "G": 116,
                  "B": 116
                },
                "IconVisible": false,
                "PrePosition": {
                  "X": 0.0,
                  "Y": 0.0
                },
                "PreSize": {
                  "X": 0.0,
                  "Y": 0.0
                },
                "LeftMargin": -78.015,
                "RightMargin": -71.985,
                "TopMargin": -77.9613,
                "BottomMargin": -73.0387,
                "Tag": 17,
                "ActionTag": 271596101,
                "Size": {
                  "X": 150.0,
                  "Y": 151.0
                },
                "Alpha": 198,
                "Name": "MJ_baojingdeng_guang_2",
                "ctype": "SpriteObjectData"
              },
              {
                "FileData": {
                  "Type": "Normal",
                  "Path": "image/ui/anim/warning/MJ_baojingdeng02.png",
                  "Plist": ""
                },
                "BlendFunc": {
                  "Src": 770,
                  "Dst": 1
                },
                "AnchorPoint": {
                  "ScaleX": 0.5,
                  "ScaleY": 0.5
                },
                "Position": {
                  "X": 0.0,
                  "Y": 0.0
                },
                "Scale": {
                  "ScaleX": 0.6,
                  "ScaleY": 0.6
                },
                "CColor": {
                  "R": 164,
                  "G": 164,
                  "B": 164
                },
                "IconVisible": false,
                "PrePosition": {
                  "X": 0.0,
                  "Y": 0.0
                },
                "PreSize": {
                  "X": 0.0,
                  "Y": 0.0
                },
                "LeftMargin": -35.0,
                "RightMargin": -35.0,
                "TopMargin": -48.0,
                "BottomMargin": -48.0,
                "Tag": 18,
                "ActionTag": 889365915,
                "Size": {
                  "X": 70.0,
                  "Y": 96.0
                },
                "Alpha": 204,
                "Name": "MJ_baojingdeng_1_0",
                "ctype": "SpriteObjectData"
              }
            ],
            "ActionTag": 2023254822,
            "Size": {
              "X": 0.0,
              "Y": 0.0
            },
            "Name": "Node_1_1",
            "ctype": "SingleNodeObjectData"
          }
        ],
        "Size": {
          "X": 0.0,
          "Y": 0.0
        },
        "Name": "Node",
        "ctype": "SingleNodeObjectData"
      },
      "UsedResources": [
        "../../image/ui/anim/warning/MJ_baojingdeng_guang.png",
        "../../image/ui/anim/warning/MJ_baojingdeng02.png"
      ],
      "ctype": "GameFileData"
    }
  },
  "Type": "Node"
}