{
  "ID": "f685c306-4fab-4824-abe0-6a1919d9228d",
  "Version": "3.10.0.0",
  "Name": "ShareTypeLayer",
  "Content": {
    "Content": {
      "Animation": {
        "Duration": 0,
        "Speed": 1.0,
        "Timelines": [],
        "ctype": "TimelineActionData"
      },
      "AnimationList": [],
      "ObjectData": {
        "Tag": 323,
        "Children": [
          {
            "ClipAble": false,
            "BackColorAlpha": 127,
            "ComboBoxIndex": 1,
            "SingleColor": {
              "R": 0,
              "G": 0,
              "B": 0
            },
            "FirstColor": {
              "R": 150,
              "G": 200
            },
            "EndColor": {},
            "ColorVector": {
              "ScaleY": 1.0
            },
            "Scale9Width": 1,
            "Scale9Height": 1,
            "TouchEnable": true,
            "AnchorPoint": {},
            "Position": {
              "X": 0.0,
              "Y": 0.0
            },
            "Scale": {
              "ScaleX": 1.0,
              "ScaleY": 1.0
            },
            "CColor": {},
            "IconVisible": false,
            "PositionPercentXEnabled": true,
            "PositionPercentYEnabled": true,
            "PrePosition": {
              "X": 0.0,
              "Y": 0.0
            },
            "PercentWidthEnable": true,
            "PercentHeightEnable": true,
            "PercentWidthEnabled": true,
            "PercentHeightEnabled": true,
            "PreSize": {
              "X": 1.0,
              "Y": 1.0
            },
            "Tag": 37,
            "Children": [
              {
                "FileData": {
                  "Type": "Normal",
                  "Path": "image/ui/room/share_bg.png",
                  "Plist": ""
                },
                "Scale9Enable": true,
                "Scale9OriginX": 35,
                "Scale9OriginY": 40,
                "Scale9Width": 470,
                "Scale9Height": 227,
                "TouchEnable": true,
                "AnchorPoint": {
                  "ScaleX": 0.5,
                  "ScaleY": 0.5
                },
                "Position": {
                  "X": 642.176,
                  "Y": 360.0
                },
                "Scale": {
                  "ScaleX": 1.0,
                  "ScaleY": 1.0
                },
                "CColor": {},
                "IconVisible": false,
                "PositionPercentXEnabled": true,
                "PositionPercentYEnabled": true,
                "PrePosition": {
                  "X": 0.5017,
                  "Y": 0.5
                },
                "PreSize": {
                  "X": 0.4219,
                  "Y": 0.4264
                },
                "LeftMargin": 372.176,
                "RightMargin": 367.824,
                "TopMargin": 206.5,
                "BottomMargin": 206.5,
                "Tag": 720,
                "Children": [
                  {
                    "FontSize": 20,
                    "LabelText": "qq",
                    "OutlineColor": {
                      "R": 26,
                      "G": 26,
                      "B": 26
                    },
                    "ShadowColor": {
                      "R": 110,
                      "G": 110,
                      "B": 110
                    },
                    "ShadowOffsetX": 2.0,
                    "ShadowOffsetY": -2.0,
                    "AnchorPoint": {
                      "ScaleX": 0.4798,
                      "ScaleY": 0.56
                    },
                    "Position": {
                      "X": 754.1113,
                      "Y": 750.1044
                    },
                    "Scale": {
                      "ScaleX": 1.0,
                      "ScaleY": 1.0
                    },
                    "CColor": {},
                    "IconVisible": false,
                    "PrePosition": {
                      "X": 1.3965,
                      "Y": 2.4433
                    },
                    "PreSize": {
                      "X": 0.0426,
                      "Y": 0.0749
                    },
                    "LeftMargin": 743.0759,
                    "RightMargin": -226.0759,
                    "TopMargin": -453.2244,
                    "BottomMargin": 737.2244,
                    "Tag": 724,
                    "ActionTag": -1495824879,
                    "Size": {
                      "X": 23.0,
                      "Y": 23.0
                    },
                    "Name": "Text_2",
                    "ctype": "TextObjectData"
                  },
                  {
                    "FontSize": 20,
                    "LabelText": "微信",
                    "OutlineColor": {
                      "R": 26,
                      "G": 26,
                      "B": 26
                    },
                    "ShadowColor": {
                      "R": 110,
                      "G": 110,
                      "B": 110
                    },
                    "ShadowOffsetX": 2.0,
                    "ShadowOffsetY": -2.0,
                    "AnchorPoint": {
                      "ScaleX": 0.5,
                      "ScaleY": 0.5
                    },
                    "Position": {
                      "X": 247.4924,
                      "Y": 58.63
                    },
                    "Scale": {
                      "ScaleX": 1.0,
                      "ScaleY": 1.0
                    },
                    "CColor": {},
                    "IconVisible": false,
                    "PrePosition": {
                      "X": 0.4583,
                      "Y": 0.191
                    },
                    "PreSize": {
                      "X": 0.0741,
                      "Y": 0.0749
                    },
                    "LeftMargin": 227.4924,
                    "RightMargin": 272.5076,
                    "TopMargin": 236.87,
                    "BottomMargin": 47.13,
                    "Tag": 725,
                    "ActionTag": 527359997,
                    "Size": {
                      "X": 40.0,
                      "Y": 23.0
                    },
                    "VisibleForFrame": false,
                    "Name": "Text_2_0",
                    "ctype": "TextObjectData"
                  },
                  {
                    "FontSize": 20,
                    "LabelText": "钉钉",
                    "OutlineColor": {
                      "R": 26,
                      "G": 26,
                      "B": 26
                    },
                    "ShadowColor": {
                      "R": 110,
                      "G": 110,
                      "B": 110
                    },
                    "ShadowOffsetX": 2.0,
                    "ShadowOffsetY": -2.0,
                    "AnchorPoint": {
                      "ScaleX": 0.4798,
                      "ScaleY": 0.56
                    },
                    "Position": {
                      "X": 551.812,
                      "Y": 761.7996
                    },
                    "Scale": {
                      "ScaleX": 1.0,
                      "ScaleY": 1.0
                    },
                    "CColor": {},
                    "IconVisible": false,
                    "PrePosition": {
                      "X": 1.0219,
                      "Y": 2.4814
                    },
                    "PreSize": {
                      "X": 0.0741,
                      "Y": 0.0749
                    },
                    "LeftMargin": 532.62,
                    "RightMargin": -32.62,
                    "TopMargin": -464.9196,
                    "BottomMargin": 748.9196,
                    "Tag": 417,
                    "ActionTag": -2074452402,
                    "Size": {
                      "X": 40.0,
                      "Y": 23.0
                    },
                    "Name": "Text_2_1",
                    "ctype": "TextObjectData"
                  },
                  {
                    "FontSize": 20,
                    "LabelText": "闲聊",
                    "OutlineColor": {
                      "R": 26,
                      "G": 26,
                      "B": 26
                    },
                    "ShadowColor": {
                      "R": 110,
                      "G": 110,
                      "B": 110
                    },
                    "ShadowOffsetX": 2.0,
                    "ShadowOffsetY": -2.0,
                    "AnchorPoint": {
                      "ScaleX": 0.4798,
                      "ScaleY": 0.56
                    },
                    "Position": {
                      "X": 977.4081,
                      "Y": 791.9777
                    },
                    "Scale": {
                      "ScaleX": 1.0,
                      "ScaleY": 1.0
                    },
                    "CColor": {},
                    "IconVisible": false,
                    "PrePosition": {
                      "X": 1.81,
                      "Y": 2.5797
                    },
                    "PreSize": {
                      "X": 0.0741,
                      "Y": 0.0749
                    },
                    "LeftMargin": 958.2161,
                    "RightMargin": -458.2161,
                    "TopMargin": -495.0977,
                    "BottomMargin": 779.0977,
                    "Tag": 418,
                    "ActionTag": -2109794817,
                    "Size": {
                      "X": 40.0,
                      "Y": 23.0
                    },
                    "Name": "Text_2_1_0",
                    "ctype": "TextObjectData"
                  },
                  {
                    "FontSize": 20,
                    "LabelText": "复制",
                    "OutlineColor": {
                      "R": 26,
                      "G": 26,
                      "B": 26
                    },
                    "ShadowColor": {
                      "R": 110,
                      "G": 110,
                      "B": 110
                    },
                    "ShadowOffsetX": 2.0,
                    "ShadowOffsetY": -2.0,
                    "AnchorPoint": {
                      "ScaleX": 0.4798,
                      "ScaleY": 0.56
                    },
                    "Position": {
                      "X": 203.2,
                      "Y": 59.0021
                    },
                    "Scale": {
                      "ScaleX": 1.0,
                      "ScaleY": 1.0
                    },
                    "CColor": {},
                    "IconVisible": false,
                    "PrePosition": {
                      "X": 0.3763,
                      "Y": 0.1922
                    },
                    "PreSize": {
                      "X": 0.0741,
                      "Y": 0.0749
                    },
                    "LeftMargin": 184.008,
                    "RightMargin": 315.992,
                    "TopMargin": 237.8779,
                    "BottomMargin": 46.1221,
                    "Tag": 38,
                    "ActionTag": 517696956,
                    "Size": {
                      "X": 40.0,
                      "Y": 23.0
                    },
                    "VisibleForFrame": false,
                    "Name": "Text_2_1_1",
                    "ctype": "TextObjectData"
                  },
                  {
                    "FileData": {
                      "Type": "Normal",
                      "Path": "image/ui/majiang/fenxiang/btn_winxin.png",
                      "Plist": ""
                    },
                    "BlendFunc": {
                      "Src": 1,
                      "Dst": 771
                    },
                    "AnchorPoint": {
                      "ScaleX": 0.5,
                      "ScaleY": 0.5
                    },
                    "Position": {
                      "X": 270.0,
                      "Y": 136.8651
                    },
                    "Scale": {
                      "ScaleX": 1.0,
                      "ScaleY": 1.0
                    },
                    "CColor": {},
                    "IconVisible": false,
                    "PositionPercentXEnabled": true,
                    "PrePosition": {
                      "X": 0.5,
                      "Y": 0.4458
                    },
                    "PreSize": {
                      "X": 0.1926,
                      "Y": 0.3388
                    },
                    "LeftMargin": 218.0,
                    "RightMargin": 218.0,
                    "TopMargin": 118.1349,
                    "BottomMargin": 84.8651,
                    "Tag": 37,
                    "ActionTag": -1755349402,
                    "Size": {
                      "X": 104.0,
                      "Y": 104.0
                    },
                    "Name": "btn_winxin",
                    "ctype": "SpriteObjectData"
                  },
                  {
                    "FileData": {
                      "Type": "Normal",
                      "Path": "image/ui/majiang/fenxiang/btn_qq_info.png",
                      "Plist": ""
                    },
                    "BlendFunc": {
                      "Src": 1,
                      "Dst": 771
                    },
                    "AnchorPoint": {
                      "ScaleX": 0.5,
                      "ScaleY": 0.5
                    },
                    "Position": {
                      "X": 757.146,
                      "Y": 816.8104
                    },
                    "Scale": {
                      "ScaleX": 1.0,
                      "ScaleY": 1.0
                    },
                    "CColor": {},
                    "IconVisible": false,
                    "PrePosition": {
                      "X": 1.4021,
                      "Y": 2.6606
                    },
                    "PreSize": {
                      "X": 0.1926,
                      "Y": 0.3388
                    },
                    "LeftMargin": 705.146,
                    "RightMargin": -269.146,
                    "TopMargin": -561.8104,
                    "BottomMargin": 764.8104,
                    "Tag": 36,
                    "ActionTag": -1222432882,
                    "Size": {
                      "X": 104.0,
                      "Y": 104.0
                    },
                    "Name": "btn_qq",
                    "ctype": "SpriteObjectData"
                  },
                  {
                    "FileData": {
                      "Type": "Normal",
                      "Path": "image/ui/majiang/fenxiang/btn_dingding.png",
                      "Plist": ""
                    },
                    "BlendFunc": {
                      "Src": 1,
                      "Dst": 771
                    },
                    "AnchorPoint": {
                      "ScaleX": 0.5,
                      "ScaleY": 0.5
                    },
                    "Position": {
                      "X": 551.813,
                      "Y": 829.4523
                    },
                    "Scale": {
                      "ScaleX": 1.0,
                      "ScaleY": 1.0
                    },
                    "CColor": {},
                    "IconVisible": false,
                    "PrePosition": {
                      "X": 1.0219,
                      "Y": 2.7018
                    },
                    "PreSize": {
                      "X": 0.1926,
                      "Y": 0.3388
                    },
                    "LeftMargin": 499.813,
                    "RightMargin": -63.813,
                    "TopMargin": -574.4523,
                    "BottomMargin": 777.4523,
                    "Tag": 35,
                    "ActionTag": 933573599,
                    "Size": {
                      "X": 104.0,
                      "Y": 104.0
                    },
                    "Name": "btn_dingding",
                    "ctype": "SpriteObjectData"
                  },
                  {
                    "FileData": {
                      "Type": "Default",
                      "Path": "Default/Sprite.png",
                      "Plist": ""
                    },
                    "BlendFunc": {
                      "Src": 770,
                      "Dst": 771
                    },
                    "AnchorPoint": {
                      "ScaleX": 0.5,
                      "ScaleY": 0.5
                    },
                    "Position": {
                      "X": 203.2,
                      "Y": 126.6541
                    },
                    "Scale": {
                      "ScaleX": 1.0,
                      "ScaleY": 1.0
                    },
                    "CColor": {},
                    "IconVisible": false,
                    "PrePosition": {
                      "X": 0.3763,
                      "Y": 0.4126
                    },
                    "PreSize": {
                      "X": 0.0852,
                      "Y": 0.1498
                    },
                    "LeftMargin": 180.2,
                    "RightMargin": 313.8,
                    "TopMargin": 157.3459,
                    "BottomMargin": 103.6541,
                    "Tag": 34,
                    "ActionTag": -20927673,
                    "Size": {
                      "X": 46.0,
                      "Y": 46.0
                    },
                    "VisibleForFrame": false,
                    "Name": "btn_copy",
                    "ctype": "SpriteObjectData"
                  },
                  {
                    "FileData": {
                      "Type": "Normal",
                      "Path": "image/ui/majiang/fenxiang/btn_xianliao.png",
                      "Plist": ""
                    },
                    "BlendFunc": {
                      "Src": 1,
                      "Dst": 771
                    },
                    "AnchorPoint": {
                      "ScaleX": 0.5,
                      "ScaleY": 0.5
                    },
                    "Position": {
                      "X": 977.4095,
                      "Y": 859.6306
                    },
                    "Scale": {
                      "ScaleX": 1.0,
                      "ScaleY": 1.0
                    },
                    "CColor": {},
                    "IconVisible": false,
                    "PrePosition": {
                      "X": 1.81,
                      "Y": 2.8001
                    },
                    "PreSize": {
                      "X": 0.1926,
                      "Y": 0.3388
                    },
                    "LeftMargin": 925.4095,
                    "RightMargin": -489.4094,
                    "TopMargin": -604.6306,
                    "BottomMargin": 807.6306,
                    "Tag": 33,
                    "ActionTag": -1331271111,
                    "Size": {
                      "X": 104.0,
                      "Y": 104.0
                    },
                    "Name": "btn_xianliao",
                    "ctype": "SpriteObjectData"
                  },
                  {
                    "FileData": {
                      "Type": "Default",
                      "Path": "Default/Sprite.png",
                      "Plist": ""
                    },
                    "BlendFunc": {
                      "Src": 1,
                      "Dst": 771
                    },
                    "AnchorPoint": {
                      "ScaleX": 0.5,
                      "ScaleY": 0.5
                    },
                    "Position": {
                      "X": 292.2213,
                      "Y": 609.4465
                    },
                    "Scale": {
                      "ScaleX": 1.0,
                      "ScaleY": 1.0
                    },
                    "CColor": {},
                    "IconVisible": false,
                    "PositionPercentXEnabled": true,
                    "PrePosition": {
                      "X": 0.5412,
                      "Y": 1.9852
                    },
                    "PreSize": {
                      "X": 0.0852,
                      "Y": 0.1498
                    },
                    "LeftMargin": 269.2213,
                    "RightMargin": 224.7787,
                    "TopMargin": -325.4465,
                    "BottomMargin": 586.4465,
                    "Tag": 759,
                    "ActionTag": -2024413607,
                    "Size": {
                      "X": 46.0,
                      "Y": 46.0
                    },
                    "Name": "btn_winxinqian",
                    "ctype": "SpriteObjectData"
                  },
                  {
                    "FileData": {
                      "Type": "Normal",
                      "Path": "image/ui/room2/createclose.png",
                      "Plist": ""
                    },
                    "BlendFunc": {
                      "Src": 1,
                      "Dst": 771
                    },
                    "AnchorPoint": {
                      "ScaleX": 0.5,
                      "ScaleY": 0.5
                    },
                    "Position": {
                      "X": 515.7229,
                      "Y": 293.0659
                    },
                    "Scale": {
                      "ScaleX": 1.0,
                      "ScaleY": 1.0
                    },
                    "CColor": {},
                    "IconVisible": false,
                    "PositionPercentXEnabled": true,
                    "PrePosition": {
                      "X": 0.955,
                      "Y": 0.9546
                    },
                    "PreSize": {
                      "X": 0.1593,
                      "Y": 0.2899
                    },
                    "LeftMargin": 472.7229,
                    "RightMargin": -18.7229,
                    "TopMargin": -30.5659,
                    "BottomMargin": 248.5659,
                    "Tag": 760,
                    "ActionTag": -590958554,
                    "Size": {
                      "X": 86.0,
                      "Y": 89.0
                    },
                    "Name": "btn_close",
                    "ctype": "SpriteObjectData"
                  }
                ],
                "ActionTag": -439553706,
                "Size": {
                  "X": 540.0,
                  "Y": 307.0
                },
                "Name": "bg",
                "ctype": "ImageViewObjectData"
              }
            ],
            "ActionTag": 1112948100,
            "Size": {
              "X": 1280.0,
              "Y": 720.0
            },
            "Name": "root",
            "ctype": "PanelObjectData"
          }
        ],
        "Size": {
          "X": 1280.0,
          "Y": 720.0
        },
        "Name": "Layer",
        "ctype": "LayerObjectData"
      },
      "UsedResources": [
        "../../Default/Sprite.png",
        "../../image/ui/majiang/fenxiang/btn_dingding.png",
        "../../image/ui/majiang/fenxiang/btn_qq_info.png",
        "../../image/ui/majiang/fenxiang/btn_winxin.png",
        "../../image/ui/majiang/fenxiang/btn_xianliao.png",
        "../../image/ui/room/share_bg.png",
        "../../image/ui/room2/createclose.png"
      ],
      "ctype": "GameFileData"
    }
  },
  "Type": "Layer"
}