{
  "ID": "73fca55e-118b-42d4-9ac3-4f78f5a1f5a7",
  "Version": "3.10.0.0",
  "Name": "ThrowDice",
  "Content": {
    "Content": {
      "Animation": {
        "Duration": 0,
        "Speed": 1.0,
        "Timelines": [],
        "ctype": "TimelineActionData"
      },
      "AnimationList": [],
      "ObjectData": {
        "Children": [
          {
            "ClipAble": false,
            "BackColorAlpha": 102,
            "ComboBoxIndex": 1,
            "SingleColor": {
              "R": 0,
              "G": 0,
              "B": 0
            },
            "FirstColor": {
              "R": 150,
              "G": 200
            },
            "EndColor": {},
            "ColorVector": {
              "ScaleY": 1.0
            },
            "Scale9Width": 1,
            "Scale9Height": 1,
            "TouchEnable": true,
            "AnchorPoint": {},
            "Position": {
              "X": 0.0,
              "Y": 0.0
            },
            "Scale": {
              "ScaleX": 1.0,
              "ScaleY": 1.0
            },
            "CColor": {},
            "IconVisible": false,
            "PositionPercentXEnabled": true,
            "PositionPercentYEnabled": true,
            "PrePosition": {
              "X": 0.0,
              "Y": 0.0
            },
            "PercentWidthEnable": true,
            "PercentHeightEnable": true,
            "PercentWidthEnabled": true,
            "PercentHeightEnabled": true,
            "PreSize": {
              "X": 1.0,
              "Y": 1.0
            },
            "Tag": 282,
            "Children": [
              {
                "FileData": {
                  "Type": "Normal",
                  "Path": "image/ui/room/player_info_bg.png",
                  "Plist": ""
                },
                "Scale9Enable": true,
                "Scale9OriginX": 116,
                "Scale9OriginY": 61,
                "Scale9Width": 296,
                "Scale9Height": 73,
                "AnchorPoint": {
                  "ScaleX": 0.5,
                  "ScaleY": 0.5
                },
                "Position": {
                  "X": 640.0,
                  "Y": 360.0
                },
                "Scale": {
                  "ScaleX": 1.0,
                  "ScaleY": 1.0
                },
                "CColor": {},
                "IconVisible": false,
                "PositionPercentXEnabled": true,
                "PositionPercentYEnabled": true,
                "PrePosition": {
                  "X": 0.5,
                  "Y": 0.5
                },
                "PreSize": {
                  "X": 0.25,
                  "Y": 0.5556
                },
                "LeftMargin": 480.0,
                "RightMargin": 480.0,
                "TopMargin": 160.0,
                "BottomMargin": 160.0,
                "Tag": 1096,
                "ActionTag": -1581172135,
                "Size": {
                  "X": 320.0,
                  "Y": 400.0
                },
                "Name": "bg",
                "ctype": "ImageViewObjectData"
              },
              {
                "FileData": {
                  "Type": "PlistSubImage",
                  "Path": "dice_Action_3.png",
                  "Plist": "image/ui/majiang/dice.plist"
                },
                "BlendFunc": {
                  "Src": 1,
                  "Dst": 771
                },
                "AnchorPoint": {
                  "ScaleX": 0.5,
                  "ScaleY": 0.5
                },
                "Position": {
                  "X": 567.04,
                  "Y": 426.0
                },
                "Scale": {
                  "ScaleX": 1.0,
                  "ScaleY": 1.0
                },
                "CColor": {},
                "IconVisible": false,
                "PositionPercentXEnabled": true,
                "PrePosition": {
                  "X": 0.443,
                  "Y": 0.5917
                },
                "PreSize": {
                  "X": 0.0781,
                  "Y": 0.1389
                },
                "LeftMargin": 517.04,
                "RightMargin": 662.96,
                "TopMargin": 244.0,
                "BottomMargin": 376.0,
                "Tag": 35,
                "ActionTag": -1285860949,
                "Size": {
                  "X": 100.0,
                  "Y": 100.0
                },
                "Name": "dice",
                "ctype": "SpriteObjectData"
              },
              {
                "FileData": {
                  "Type": "PlistSubImage",
                  "Path": "dice_Action_3.png",
                  "Plist": "image/ui/majiang/dice.plist"
                },
                "BlendFunc": {
                  "Src": 1,
                  "Dst": 771
                },
                "AnchorPoint": {
                  "ScaleX": 0.5,
                  "ScaleY": 0.5
                },
                "Position": {
                  "X": 720.64,
                  "Y": 426.0
                },
                "Scale": {
                  "ScaleX": 1.0,
                  "ScaleY": 1.0
                },
                "CColor": {},
                "IconVisible": false,
                "PositionPercentXEnabled": true,
                "PrePosition": {
                  "X": 0.563,
                  "Y": 0.5917
                },
                "PreSize": {
                  "X": 0.0781,
                  "Y": 0.1389
                },
                "LeftMargin": 670.64,
                "RightMargin": 509.36,
                "TopMargin": 244.0,
                "BottomMargin": 376.0,
                "Tag": 178,
                "ActionTag": 1730522866,
                "Size": {
                  "X": 100.0,
                  "Y": 100.0
                },
                "Name": "dice1",
                "ctype": "SpriteObjectData"
              },
              {
                "IsCustomSize": true,
                "FontSize": 36,
                "LabelText": "请选择要吃的牌型",
                "FontResource": {
                  "Type": "Normal",
                  "Path": "image/fonts/FZZY.TTF",
                  "Plist": ""
                },
                "HorizontalAlignmentType": "HT_Center",
                "VerticalAlignmentType": "VT_Center",
                "OutlineColor": {
                  "R": 0,
                  "G": 0,
                  "B": 0
                },
                "ShadowColor": {
                  "R": 110,
                  "G": 110,
                  "B": 110
                },
                "ShadowOffsetX": 2.0,
                "ShadowOffsetY": -2.0,
                "AnchorPoint": {
                  "ScaleX": 0.5,
                  "ScaleY": 0.5
                },
                "Position": {
                  "X": 640.0,
                  "Y": 231.2552
                },
                "Scale": {
                  "ScaleX": 1.0,
                  "ScaleY": 1.0
                },
                "CColor": {},
                "IconVisible": false,
                "PositionPercentXEnabled": true,
                "PrePosition": {
                  "X": 0.5,
                  "Y": 0.3212
                },
                "PercentWidthEnable": true,
                "PercentWidthEnabled": true,
                "PreSize": {
                  "X": 0.3455,
                  "Y": 0.0709
                },
                "LeftMargin": 418.88,
                "RightMargin": 418.88,
                "TopMargin": 463.2128,
                "BottomMargin": 205.7232,
                "Tag": 93,
                "ActionTag": -1782992018,
                "Size": {
                  "X": 442.24,
                  "Y": 51.064
                },
                "Name": "lb_title",
                "ctype": "TextObjectData"
              },
              {
                "FileData": {
                  "Type": "PlistSubImage",
                  "Path": "p2s26.png",
                  "Plist": "image/ui/majiang/pai.plist"
                },
                "BlendFunc": {
                  "Src": 1,
                  "Dst": 771
                },
                "AnchorPoint": {
                  "ScaleX": 0.5,
                  "ScaleY": 0.5
                },
                "Position": {
                  "X": 598.0001,
                  "Y": 308.0
                },
                "Scale": {
                  "ScaleX": 1.0,
                  "ScaleY": 1.0
                },
                "CColor": {},
                "IconVisible": false,
                "PrePosition": {
                  "X": 0.4672,
                  "Y": 0.4278
                },
                "PreSize": {
                  "X": 0.0484,
                  "Y": 0.1236
                },
                "LeftMargin": 567.0001,
                "RightMargin": 650.9999,
                "TopMargin": 367.5,
                "BottomMargin": 263.5,
                "Tag": 46,
                "ActionTag": 182642582,
                "Size": {
                  "X": 62.0,
                  "Y": 89.0
                },
                "VisibleForFrame": false,
                "Name": "a0",
                "ctype": "SpriteObjectData"
              },
              {
                "FileData": {
                  "Type": "PlistSubImage",
                  "Path": "p2s26.png",
                  "Plist": "image/ui/majiang/pai.plist"
                },
                "BlendFunc": {
                  "Src": 1,
                  "Dst": 771
                },
                "AnchorPoint": {
                  "ScaleX": 0.5,
                  "ScaleY": 0.5
                },
                "Position": {
                  "X": 687.0003,
                  "Y": 307.9999
                },
                "Scale": {
                  "ScaleX": 1.0,
                  "ScaleY": 1.0
                },
                "CColor": {},
                "IconVisible": false,
                "PrePosition": {
                  "X": 0.5367,
                  "Y": 0.4278
                },
                "PreSize": {
                  "X": 0.0484,
                  "Y": 0.1236
                },
                "LeftMargin": 656.0003,
                "RightMargin": 561.9997,
                "TopMargin": 367.5001,
                "BottomMargin": 263.4999,
                "Tag": 47,
                "ActionTag": -1225885846,
                "Size": {
                  "X": 62.0,
                  "Y": 89.0
                },
                "VisibleForFrame": false,
                "Name": "a1",
                "ctype": "SpriteObjectData"
              }
            ],
            "ActionTag": 919516530,
            "Size": {
              "X": 1280.0,
              "Y": 720.0
            },
            "Name": "root",
            "ctype": "PanelObjectData"
          }
        ],
        "Size": {
          "X": 1280.0,
          "Y": 720.0
        },
        "Name": "Scene",
        "ctype": "SingleNodeObjectData"
      },
      "UsedResources": [
        "../../image/fonts/FZZY.TTF",
        "../../image/ui/majiang/dice.plist",
        "../../image/ui/majiang/dice.png",
        "../../image/ui/majiang/pai.plist",
        "../../image/ui/majiang/pai.png",
        "../../image/ui/room/player_info_bg.png"
      ],
      "ctype": "GameFileData"
    }
  },
  "Type": "Scene"
}