{
  "ID": "8a943f2d-044b-4177-b6fe-5d5d6a980433",
  "Version": "3.10.0.0",
  "Name": "CreateWanfa",
  "Content": {
    "Content": {
      "Animation": {
        "Duration": 0,
        "Speed": 1.0,
        "Timelines": [],
        "ctype": "TimelineActionData"
      },
      "AnimationList": [],
      "ObjectData": {
        "Tag": 44,
        "Children": [
          {
            "FontSize": 33,
            "LabelText": "付费方式：",
            "FontResource": {
              "Type": "Normal",
              "Path": "image/fonts/FZZY.TTF",
              "Plist": ""
            },
            "OutlineColor": {
              "R": 203,
              "G": 188,
              "B": 119
            },
            "ShadowColor": {
              "R": 110,
              "G": 110,
              "B": 110
            },
            "ShadowOffsetX": 2.0,
            "ShadowOffsetY": -2.0,
            "AnchorPoint": {
              "ScaleY": 0.5
            },
            "Position": {
              "X": 300.0,
              "Y": 580.0
            },
            "Scale": {
              "ScaleX": 1.0,
              "ScaleY": 1.0
            },
            "CColor": {
              "R": 140,
              "G": 112,
              "B": 71
            },
            "IconVisible": false,
            "PrePosition": {
              "X": 0.0,
              "Y": 0.0
            },
            "PreSize": {
              "X": 0.0,
              "Y": 0.0
            },
            "LeftMargin": 300.0,
            "RightMargin": -446.0,
            "TopMargin": -599.0,
            "BottomMargin": 561.0,
            "Tag": 48,
            "ActionTag": -1080949291,
            "Size": {
              "X": 146.0,
              "Y": 38.0
            },
            "Name": "word_fufei",
            "ctype": "TextObjectData"
          },
          {
            "FontSize": 33,
            "LabelText": "局数选择：",
            "FontResource": {
              "Type": "Normal",
              "Path": "image/fonts/FZZY.TTF",
              "Plist": ""
            },
            "OutlineColor": {
              "R": 203,
              "G": 188,
              "B": 119
            },
            "ShadowColor": {
              "R": 110,
              "G": 110,
              "B": 110
            },
            "ShadowOffsetX": 2.0,
            "ShadowOffsetY": -2.0,
            "AnchorPoint": {
              "ScaleY": 0.5
            },
            "Position": {
              "X": 300.0,
              "Y": 525.0
            },
            "Scale": {
              "ScaleX": 1.0,
              "ScaleY": 1.0
            },
            "CColor": {
              "R": 140,
              "G": 112,
              "B": 71
            },
            "IconVisible": false,
            "PrePosition": {
              "X": 0.0,
              "Y": 0.0
            },
            "PreSize": {
              "X": 0.0,
              "Y": 0.0
            },
            "LeftMargin": 300.0,
            "RightMargin": -446.0,
            "TopMargin": -544.0,
            "BottomMargin": 506.0,
            "Tag": 47,
            "ActionTag": 1811939745,
            "Size": {
              "X": 146.0,
              "Y": 38.0
            },
            "Name": "word_jushu",
            "ctype": "TextObjectData"
          },
          {
            "FontSize": 33,
            "LabelText": "倍       数：",
            "FontResource": {
              "Type": "Normal",
              "Path": "image/fonts/FZZY.TTF",
              "Plist": ""
            },
            "OutlineColor": {
              "R": 203,
              "G": 188,
              "B": 119
            },
            "ShadowColor": {
              "R": 110,
              "G": 110,
              "B": 110
            },
            "ShadowOffsetX": 2.0,
            "ShadowOffsetY": -2.0,
            "AnchorPoint": {
              "ScaleY": 0.5
            },
            "Position": {
              "X": 299.0,
              "Y": 470.0
            },
            "Scale": {
              "ScaleX": 1.0,
              "ScaleY": 1.0
            },
            "CColor": {
              "R": 140,
              "G": 112,
              "B": 71
            },
            "IconVisible": false,
            "PrePosition": {
              "X": 0.0,
              "Y": 0.0
            },
            "PreSize": {
              "X": 0.0,
              "Y": 0.0
            },
            "LeftMargin": 299.0,
            "RightMargin": -435.0,
            "TopMargin": -489.0,
            "BottomMargin": 451.0,
            "Tag": 46,
            "ActionTag": 209825279,
            "Size": {
              "X": 136.0,
              "Y": 38.0
            },
            "Name": "word_bs",
            "ctype": "TextObjectData"
          },
          {
            "FontSize": 33,
            "LabelText": "底       分：",
            "FontResource": {
              "Type": "Normal",
              "Path": "image/fonts/FZZY.TTF",
              "Plist": ""
            },
            "OutlineColor": {
              "R": 203,
              "G": 188,
              "B": 119
            },
            "ShadowColor": {
              "R": 110,
              "G": 110,
              "B": 110
            },
            "ShadowOffsetX": 2.0,
            "ShadowOffsetY": -2.0,
            "AnchorPoint": {
              "ScaleY": 0.5
            },
            "Position": {
              "X": 296.4198,
              "Y": 305.0
            },
            "Scale": {
              "ScaleX": 1.0,
              "ScaleY": 1.0
            },
            "CColor": {
              "R": 140,
              "G": 112,
              "B": 71
            },
            "IconVisible": false,
            "PrePosition": {
              "X": 0.0,
              "Y": 0.0
            },
            "PreSize": {
              "X": 0.0,
              "Y": 0.0
            },
            "LeftMargin": 296.4198,
            "RightMargin": -432.4198,
            "TopMargin": -324.0,
            "BottomMargin": 286.0,
            "Tag": 45,
            "ActionTag": 764156903,
            "Size": {
              "X": 136.0,
              "Y": 38.0
            },
            "Name": "word_df",
            "ctype": "TextObjectData"
          },
          {
            "FontSize": 33,
            "LabelText": "最大抢庄：",
            "FontResource": {
              "Type": "Normal",
              "Path": "image/fonts/FZZY.TTF",
              "Plist": ""
            },
            "OutlineColor": {
              "R": 203,
              "G": 188,
              "B": 119
            },
            "ShadowColor": {
              "R": 110,
              "G": 110,
              "B": 110
            },
            "ShadowOffsetX": 2.0,
            "ShadowOffsetY": -2.0,
            "AnchorPoint": {
              "ScaleY": 0.5
            },
            "Position": {
              "X": 300.0,
              "Y": 250.0
            },
            "Scale": {
              "ScaleX": 1.0,
              "ScaleY": 1.0
            },
            "CColor": {
              "R": 140,
              "G": 112,
              "B": 71
            },
            "IconVisible": false,
            "PrePosition": {
              "X": 0.0,
              "Y": 0.0
            },
            "PreSize": {
              "X": 0.0,
              "Y": 0.0
            },
            "LeftMargin": 300.0,
            "RightMargin": -446.0,
            "TopMargin": -269.0,
            "BottomMargin": 231.0,
            "Tag": 6,
            "ActionTag": -358177214,
            "Size": {
              "X": 146.0,
              "Y": 38.0
            },
            "Name": "word_zdqz",
            "ctype": "TextObjectData"
          },
          {
            "FontSize": 33,
            "LabelText": "特殊牌型：",
            "FontResource": {
              "Type": "Normal",
              "Path": "image/fonts/FZZY.TTF",
              "Plist": ""
            },
            "OutlineColor": {
              "R": 203,
              "G": 188,
              "B": 119
            },
            "ShadowColor": {
              "R": 110,
              "G": 110,
              "B": 110
            },
            "ShadowOffsetX": 2.0,
            "ShadowOffsetY": -2.0,
            "AnchorPoint": {
              "ScaleY": 0.5
            },
            "Position": {
              "X": 296.4198,
              "Y": 414.9999
            },
            "Scale": {
              "ScaleX": 1.0,
              "ScaleY": 1.0
            },
            "CColor": {
              "R": 140,
              "G": 112,
              "B": 71
            },
            "IconVisible": false,
            "PrePosition": {
              "X": 0.0,
              "Y": 0.0
            },
            "PreSize": {
              "X": 0.0,
              "Y": 0.0
            },
            "LeftMargin": 296.4198,
            "RightMargin": -442.4198,
            "TopMargin": -433.9999,
            "BottomMargin": 395.9999,
            "Tag": 30,
            "ActionTag": 484374813,
            "Size": {
              "X": 146.0,
              "Y": 38.0
            },
            "Name": "word_px",
            "ctype": "TextObjectData"
          },
          {
            "FontSize": 33,
            "LabelText": "推注选项：",
            "FontResource": {
              "Type": "Normal",
              "Path": "image/fonts/FZZY.TTF",
              "Plist": ""
            },
            "OutlineColor": {
              "R": 203,
              "G": 188,
              "B": 119
            },
            "ShadowColor": {
              "R": 110,
              "G": 110,
              "B": 110
            },
            "ShadowOffsetX": 2.0,
            "ShadowOffsetY": -2.0,
            "AnchorPoint": {
              "ScaleY": 0.5
            },
            "Position": {
              "X": 300.0,
              "Y": 195.0
            },
            "Scale": {
              "ScaleX": 1.0,
              "ScaleY": 1.0
            },
            "CColor": {
              "R": 140,
              "G": 112,
              "B": 71
            },
            "IconVisible": false,
            "PrePosition": {
              "X": 0.0,
              "Y": 0.0
            },
            "PreSize": {
              "X": 0.0,
              "Y": 0.0
            },
            "LeftMargin": 300.0,
            "RightMargin": -446.0,
            "TopMargin": -214.0,
            "BottomMargin": 176.0,
            "Tag": 31,
            "ActionTag": -843958124,
            "Size": {
              "X": 146.0,
              "Y": 38.0
            },
            "Name": "word_tzxx",
            "ctype": "TextObjectData"
          },
          {
            "FontSize": 33,
            "LabelText": "高级选项：",
            "FontResource": {
              "Type": "Normal",
              "Path": "image/fonts/FZZY.TTF",
              "Plist": ""
            },
            "OutlineColor": {
              "R": 203,
              "G": 188,
              "B": 119
            },
            "ShadowColor": {
              "R": 110,
              "G": 110,
              "B": 110
            },
            "ShadowOffsetX": 2.0,
            "ShadowOffsetY": -2.0,
            "AnchorPoint": {
              "ScaleY": 0.5
            },
            "Position": {
              "X": 300.0,
              "Y": 140.0
            },
            "Scale": {
              "ScaleX": 1.0,
              "ScaleY": 1.0
            },
            "CColor": {
              "R": 140,
              "G": 112,
              "B": 71
            },
            "IconVisible": false,
            "PrePosition": {
              "X": 0.0,
              "Y": 0.0
            },
            "PreSize": {
              "X": 0.0,
              "Y": 0.0
            },
            "LeftMargin": 300.0,
            "RightMargin": -446.0,
            "TopMargin": -159.0,
            "BottomMargin": 121.0,
            "Tag": 32,
            "ActionTag": -883497143,
            "Size": {
              "X": 146.0,
              "Y": 38.0
            },
            "Name": "word_gfxx",
            "ctype": "TextObjectData"
          },
          {
            "FontSize": 33,
            "LabelText": "高级选项：",
            "FontResource": {
              "Type": "Normal",
              "Path": "image/fonts/FZZY.TTF",
              "Plist": ""
            },
            "OutlineColor": {
              "R": 203,
              "G": 188,
              "B": 119
            },
            "ShadowColor": {
              "R": 110,
              "G": 110,
              "B": 110
            },
            "ShadowOffsetX": 2.0,
            "ShadowOffsetY": -2.0,
            "AnchorPoint": {
              "ScaleY": 0.5
            },
            "Position": {
              "X": 300.0,
              "Y": 250.0
            },
            "Scale": {
              "ScaleX": 1.0,
              "ScaleY": 1.0
            },
            "CColor": {
              "R": 140,
              "G": 112,
              "B": 71
            },
            "IconVisible": false,
            "PrePosition": {
              "X": 0.0,
              "Y": 0.0
            },
            "PreSize": {
              "X": 0.0,
              "Y": 0.0
            },
            "LeftMargin": 300.0,
            "RightMargin": -446.0,
            "TopMargin": -269.0,
            "BottomMargin": 231.0,
            "Tag": 33,
            "ActionTag": 641791009,
            "Size": {
              "X": 146.0,
              "Y": 38.0
            },
            "Name": "word_gfxx_1",
            "ctype": "TextObjectData"
          },
          {
            "FontSize": 33,
            "LabelText": "高级选项：",
            "FontResource": {
              "Type": "Normal",
              "Path": "image/fonts/FZZY.TTF",
              "Plist": ""
            },
            "OutlineColor": {
              "R": 203,
              "G": 188,
              "B": 119
            },
            "ShadowColor": {
              "R": 110,
              "G": 110,
              "B": 110
            },
            "ShadowOffsetX": 2.0,
            "ShadowOffsetY": -2.0,
            "AnchorPoint": {
              "ScaleY": 0.5
            },
            "Position": {
              "X": 300.0,
              "Y": 195.0
            },
            "Scale": {
              "ScaleX": 1.0,
              "ScaleY": 1.0
            },
            "CColor": {
              "R": 140,
              "G": 112,
              "B": 71
            },
            "IconVisible": false,
            "PrePosition": {
              "X": 0.0,
              "Y": 0.0
            },
            "PreSize": {
              "X": 0.0,
              "Y": 0.0
            },
            "LeftMargin": 300.0,
            "RightMargin": -446.0,
            "TopMargin": -214.0,
            "BottomMargin": 176.0,
            "Tag": 60,
            "ActionTag": -1710718142,
            "Size": {
              "X": 146.0,
              "Y": 38.0
            },
            "Name": "word_gfxx_2",
            "ctype": "TextObjectData"
          },
          {
            "FontSize": 33,
            "LabelText": "高级选项：",
            "FontResource": {
              "Type": "Normal",
              "Path": "image/fonts/FZZY.TTF",
              "Plist": ""
            },
            "OutlineColor": {
              "R": 203,
              "G": 188,
              "B": 119
            },
            "ShadowColor": {
              "R": 110,
              "G": 110,
              "B": 110
            },
            "ShadowOffsetX": 2.0,
            "ShadowOffsetY": -2.0,
            "AnchorPoint": {
              "ScaleY": 0.5
            },
            "Position": {
              "X": 296.4198,
              "Y": 359.9999
            },
            "Scale": {
              "ScaleX": 1.0,
              "ScaleY": 1.0
            },
            "CColor": {
              "R": 140,
              "G": 112,
              "B": 71
            },
            "IconVisible": false,
            "PrePosition": {
              "X": 0.0,
              "Y": 0.0
            },
            "PreSize": {
              "X": 0.0,
              "Y": 0.0
            },
            "LeftMargin": 296.4198,
            "RightMargin": -442.4198,
            "TopMargin": -378.9999,
            "BottomMargin": 340.9999,
            "Tag": 1050,
            "ActionTag": 644076834,
            "Size": {
              "X": 146.0,
              "Y": 38.0
            },
            "Name": "word_gfxx_3",
            "ctype": "TextObjectData"
          },
          {
            "FontSize": 33,
            "LabelText": "推注选项：",
            "FontResource": {
              "Type": "Normal",
              "Path": "image/fonts/FZZY.TTF",
              "Plist": ""
            },
            "OutlineColor": {
              "R": 203,
              "G": 188,
              "B": 119
            },
            "ShadowColor": {
              "R": 110,
              "G": 110,
              "B": 110
            },
            "ShadowOffsetX": 2.0,
            "ShadowOffsetY": -2.0,
            "AnchorPoint": {
              "ScaleY": 0.5
            },
            "Position": {
              "X": 300.0,
              "Y": 250.0
            },
            "Scale": {
              "ScaleX": 1.0,
              "ScaleY": 1.0
            },
            "CColor": {
              "R": 140,
              "G": 112,
              "B": 71
            },
            "IconVisible": false,
            "PrePosition": {
              "X": 0.0,
              "Y": 0.0
            },
            "PreSize": {
              "X": 0.0,
              "Y": 0.0
            },
            "LeftMargin": 300.0,
            "RightMargin": -446.0,
            "TopMargin": -269.0,
            "BottomMargin": 231.0,
            "Tag": 61,
            "ActionTag": -860253699,
            "Size": {
              "X": 146.0,
              "Y": 38.0
            },
            "Name": "word_tzxx_1",
            "ctype": "TextObjectData"
          },
          {
            "FontSize": 33,
            "LabelText": "底分选项：",
            "FontResource": {
              "Type": "Normal",
              "Path": "image/fonts/FZZY.TTF",
              "Plist": ""
            },
            "OutlineColor": {
              "R": 203,
              "G": 188,
              "B": 119
            },
            "ShadowColor": {
              "R": 110,
              "G": 110,
              "B": 110
            },
            "ShadowOffsetX": 2.0,
            "ShadowOffsetY": -2.0,
            "AnchorPoint": {
              "ScaleY": 0.5
            },
            "Position": {
              "X": 300.0,
              "Y": 86.0
            },
            "Scale": {
              "ScaleX": 1.0,
              "ScaleY": 1.0
            },
            "CColor": {
              "R": 140,
              "G": 112,
              "B": 71
            },
            "IconVisible": false,
            "PrePosition": {
              "X": 0.0,
              "Y": 0.0
            },
            "PreSize": {
              "X": 0.0,
              "Y": 0.0
            },
            "LeftMargin": 300.0,
            "RightMargin": -446.0,
            "TopMargin": -105.0,
            "BottomMargin": 67.0,
            "Tag": 268,
            "ActionTag": -753829528,
            "Size": {
              "X": 146.0,
              "Y": 38.0
            },
            "Name": "word_gddf",
            "ctype": "TextObjectData"
          }
        ],
        "Size": {
          "X": 0.0,
          "Y": 0.0
        },
        "Name": "Node",
        "ctype": "SingleNodeObjectData"
      },
      "UsedResources": [
        "../../../image/fonts/FZZY.TTF"
      ],
      "ctype": "GameFileData"
    }
  },
  "Type": "Node"
}