{
  "ID": "175f618b-e27a-481b-8c1b-d038a059808d",
  "Version": "3.10.0.0",
  "Name": "ReplaceCardLayer",
  "Content": {
    "Content": {
      "Animation": {
        "Duration": 0,
        "Speed": 1.0,
        "Timelines": [],
        "ctype": "TimelineActionData"
      },
      "AnimationList": [],
      "ObjectData": {
        "Children": [
          {
            "ClipAble": false,
            "BackColorAlpha": 76,
            "ComboBoxIndex": 1,
            "SingleColor": {
              "R": 0,
              "G": 0,
              "B": 0
            },
            "FirstColor": {
              "R": 150,
              "G": 200
            },
            "EndColor": {},
            "ColorVector": {
              "ScaleY": 1.0
            },
            "Scale9Width": 1,
            "Scale9Height": 1,
            "TouchEnable": true,
            "AnchorPoint": {},
            "Position": {
              "X": 0.0,
              "Y": 0.0
            },
            "Scale": {
              "ScaleX": 1.0,
              "ScaleY": 1.0
            },
            "CColor": {},
            "IconVisible": false,
            "PrePosition": {
              "X": 0.0,
              "Y": 0.0
            },
            "PreSize": {
              "X": 1.0,
              "Y": 1.0
            },
            "Tag": 3,
            "Children": [
              {
                "ClipAble": false,
                "BackColorAlpha": 76,
                "ComboBoxIndex": 1,
                "SingleColor": {
                  "R": 0,
                  "G": 0,
                  "B": 0
                },
                "FirstColor": {
                  "R": 150,
                  "G": 200
                },
                "EndColor": {},
                "ColorVector": {
                  "ScaleY": 1.0
                },
                "Scale9Width": 1,
                "Scale9Height": 1,
                "AnchorPoint": {},
                "Position": {
                  "X": 0.0,
                  "Y": 0.0
                },
                "Scale": {
                  "ScaleX": 1.0,
                  "ScaleY": 1.0
                },
                "CColor": {},
                "IconVisible": false,
                "PrePosition": {
                  "X": 0.0,
                  "Y": 0.0
                },
                "PreSize": {
                  "X": 1.0,
                  "Y": 1.0
                },
                "Tag": 25,
                "Children": [
                  {
                    "FontSize": 40,
                    "LabelText": "请选择要替换的牌",
                    "FontResource": {
                      "Type": "Normal",
                      "Path": "image/fonts/FZZY.TTF",
                      "Plist": ""
                    },
                    "HorizontalAlignmentType": "HT_Center",
                    "VerticalAlignmentType": "VT_Center",
                    "OutlineColor": {
                      "G": 0,
                      "B": 0
                    },
                    "ShadowColor": {
                      "R": 110,
                      "G": 110,
                      "B": 110
                    },
                    "ShadowOffsetX": 2.0,
                    "ShadowOffsetY": -2.0,
                    "AnchorPoint": {
                      "ScaleX": 0.5,
                      "ScaleY": 0.5
                    },
                    "Position": {
                      "X": 640.0,
                      "Y": 596.5818
                    },
                    "Scale": {
                      "ScaleX": 1.0,
                      "ScaleY": 1.0
                    },
                    "CColor": {},
                    "IconVisible": false,
                    "PositionPercentXEnabled": true,
                    "PrePosition": {
                      "X": 0.5,
                      "Y": 0.8286
                    },
                    "PreSize": {
                      "X": 0.2523,
                      "Y": 0.0625
                    },
                    "LeftMargin": 478.5,
                    "RightMargin": 478.5,
                    "TopMargin": 100.9182,
                    "BottomMargin": 574.0818,
                    "Tag": 2,
                    "ActionTag": 645753492,
                    "Size": {
                      "X": 323.0,
                      "Y": 45.0
                    },
                    "Name": "title",
                    "ctype": "TextObjectData"
                  },
                  {
                    "FontSize": 50,
                    "LabelText": "10",
                    "FontResource": {
                      "Type": "Normal",
                      "Path": "image/fonts/FZZY.TTF",
                      "Plist": ""
                    },
                    "HorizontalAlignmentType": "HT_Center",
                    "VerticalAlignmentType": "VT_Center",
                    "OutlineColor": {
                      "G": 0,
                      "B": 0
                    },
                    "ShadowColor": {
                      "R": 110,
                      "G": 110,
                      "B": 110
                    },
                    "ShadowOffsetX": 2.0,
                    "ShadowOffsetY": -2.0,
                    "AnchorPoint": {
                      "ScaleX": 0.5,
                      "ScaleY": 0.5
                    },
                    "Position": {
                      "X": 640.0,
                      "Y": 525.7638
                    },
                    "Scale": {
                      "ScaleX": 1.0,
                      "ScaleY": 1.0
                    },
                    "CColor": {},
                    "IconVisible": false,
                    "PositionPercentXEnabled": true,
                    "PrePosition": {
                      "X": 0.5,
                      "Y": 0.7302
                    },
                    "PreSize": {
                      "X": 0.0367,
                      "Y": 0.0792
                    },
                    "LeftMargin": 616.5,
                    "RightMargin": 616.5,
                    "TopMargin": 165.7362,
                    "BottomMargin": 497.2638,
                    "Tag": 4,
                    "ActionTag": -281409528,
                    "Size": {
                      "X": 47.0,
                      "Y": 57.0
                    },
                    "Name": "time",
                    "ctype": "TextObjectData"
                  },
                  {
                    "FileData": {
                      "Type": "PlistSubImage",
                      "Path": "poker_0.png",
                      "Plist": "submodules/niuniu/image/poker.plist"
                    },
                    "BlendFunc": {
                      "Src": 1,
                      "Dst": 771
                    },
                    "AnchorPoint": {
                      "ScaleX": 0.5,
                      "ScaleY": 0.5
                    },
                    "Position": {
                      "X": 1450.0,
                      "Y": 213.8348
                    },
                    "Scale": {
                      "ScaleX": 1.5,
                      "ScaleY": 1.5
                    },
                    "RotationSkewX": -20.0,
                    "RotationSkewY": -20.0,
                    "CColor": {},
                    "IconVisible": false,
                    "PrePosition": {
                      "X": 1.1328,
                      "Y": 0.297
                    },
                    "PreSize": {
                      "X": 0.1211,
                      "Y": 0.3
                    },
                    "LeftMargin": 1372.5,
                    "RightMargin": -247.5,
                    "TopMargin": 398.1652,
                    "BottomMargin": 105.8348,
                    "Tag": 8,
                    "Children": [
                      {
                        "FileData": {
                          "Type": "Normal",
                          "Path": "submodules/niuniu/image/ReplaceCardLayer/light.png",
                          "Plist": ""
                        },
                        "BlendFunc": {
                          "Src": 1,
                          "Dst": 771
                        },
                        "AnchorPoint": {
                          "ScaleX": 0.5,
                          "ScaleY": 0.5
                        },
                        "Position": {
                          "X": 77.5,
                          "Y": 108.0
                        },
                        "Scale": {
                          "ScaleX": 0.68,
                          "ScaleY": 0.68
                        },
                        "CColor": {},
                        "IconVisible": false,
                        "PositionPercentXEnabled": true,
                        "PositionPercentYEnabled": true,
                        "PrePosition": {
                          "X": 0.5,
                          "Y": 0.5
                        },
                        "PreSize": {
                          "X": 1.6,
                          "Y": 1.5648
                        },
                        "LeftMargin": -46.5,
                        "RightMargin": -46.5,
                        "TopMargin": -61.0,
                        "BottomMargin": -61.0,
                        "Tag": 21,
                        "ActionTag": 276897013,
                        "Size": {
                          "X": 248.0,
                          "Y": 338.0
                        },
                        "Name": "light",
                        "ctype": "SpriteObjectData"
                      },
                      {
                        "FileData": {
                          "Type": "Normal",
                          "Path": "submodules/niuniu/image/ReplaceCardLayer/replace.png",
                          "Plist": ""
                        },
                        "BlendFunc": {
                          "Src": 1,
                          "Dst": 771
                        },
                        "AnchorPoint": {
                          "ScaleX": 0.5,
                          "ScaleY": 0.5
                        },
                        "Position": {
                          "X": 77.5,
                          "Y": 108.0
                        },
                        "Scale": {
                          "ScaleX": 0.68,
                          "ScaleY": 0.68
                        },
                        "CColor": {},
                        "IconVisible": false,
                        "PositionPercentXEnabled": true,
                        "PositionPercentYEnabled": true,
                        "PrePosition": {
                          "X": 0.5,
                          "Y": 0.5
                        },
                        "PreSize": {
                          "X": 1.2968,
                          "Y": 1.3472
                        },
                        "LeftMargin": -23.0,
                        "RightMargin": -23.0,
                        "TopMargin": -37.5,
                        "BottomMargin": -37.5,
                        "Tag": 22,
                        "ActionTag": 1508051355,
                        "Size": {
                          "X": 201.0,
                          "Y": 291.0
                        },
                        "Name": "replace",
                        "ctype": "SpriteObjectData"
                      }
                    ],
                    "ActionTag": -1694767601,
                    "Size": {
                      "X": 155.0,
                      "Y": 216.0
                    },
                    "Name": "card4",
                    "ctype": "SpriteObjectData"
                  },
                  {
                    "FileData": {
                      "Type": "PlistSubImage",
                      "Path": "poker_0.png",
                      "Plist": "submodules/niuniu/image/poker.plist"
                    },
                    "BlendFunc": {
                      "Src": 1,
                      "Dst": 771
                    },
                    "AnchorPoint": {
                      "ScaleX": 0.5,
                      "ScaleY": 0.5
                    },
                    "Position": {
                      "X": 1450.0,
                      "Y": 213.8348
                    },
                    "Scale": {
                      "ScaleX": 1.5,
                      "ScaleY": 1.5
                    },
                    "RotationSkewX": -20.0,
                    "RotationSkewY": -20.0,
                    "CColor": {},
                    "IconVisible": false,
                    "PrePosition": {
                      "X": 1.1328,
                      "Y": 0.297
                    },
                    "PreSize": {
                      "X": 0.1211,
                      "Y": 0.3
                    },
                    "LeftMargin": 1372.5,
                    "RightMargin": -247.5,
                    "TopMargin": 398.1652,
                    "BottomMargin": 105.8348,
                    "Tag": 7,
                    "Children": [
                      {
                        "FileData": {
                          "Type": "Normal",
                          "Path": "submodules/niuniu/image/ReplaceCardLayer/light.png",
                          "Plist": ""
                        },
                        "BlendFunc": {
                          "Src": 1,
                          "Dst": 771
                        },
                        "AnchorPoint": {
                          "ScaleX": 0.5,
                          "ScaleY": 0.5
                        },
                        "Position": {
                          "X": 77.5,
                          "Y": 108.0
                        },
                        "Scale": {
                          "ScaleX": 0.68,
                          "ScaleY": 0.68
                        },
                        "CColor": {},
                        "IconVisible": false,
                        "PositionPercentXEnabled": true,
                        "PositionPercentYEnabled": true,
                        "PrePosition": {
                          "X": 0.5,
                          "Y": 0.5
                        },
                        "PreSize": {
                          "X": 1.6,
                          "Y": 1.5648
                        },
                        "LeftMargin": -46.5,
                        "RightMargin": -46.5,
                        "TopMargin": -61.0,
                        "BottomMargin": -61.0,
                        "Tag": 19,
                        "ActionTag": 996768265,
                        "Size": {
                          "X": 248.0,
                          "Y": 338.0
                        },
                        "Name": "light",
                        "ctype": "SpriteObjectData"
                      },
                      {
                        "FileData": {
                          "Type": "Normal",
                          "Path": "submodules/niuniu/image/ReplaceCardLayer/replace.png",
                          "Plist": ""
                        },
                        "BlendFunc": {
                          "Src": 1,
                          "Dst": 771
                        },
                        "AnchorPoint": {
                          "ScaleX": 0.5,
                          "ScaleY": 0.5
                        },
                        "Position": {
                          "X": 77.5,
                          "Y": 108.0
                        },
                        "Scale": {
                          "ScaleX": 0.68,
                          "ScaleY": 0.68
                        },
                        "CColor": {},
                        "IconVisible": false,
                        "PositionPercentXEnabled": true,
                        "PositionPercentYEnabled": true,
                        "PrePosition": {
                          "X": 0.5,
                          "Y": 0.5
                        },
                        "PreSize": {
                          "X": 1.2968,
                          "Y": 1.3472
                        },
                        "LeftMargin": -23.0,
                        "RightMargin": -23.0,
                        "TopMargin": -37.5,
                        "BottomMargin": -37.5,
                        "Tag": 20,
                        "ActionTag": 1412191405,
                        "Size": {
                          "X": 201.0,
                          "Y": 291.0
                        },
                        "Name": "replace",
                        "ctype": "SpriteObjectData"
                      }
                    ],
                    "ActionTag": -68009016,
                    "Size": {
                      "X": 155.0,
                      "Y": 216.0
                    },
                    "Name": "card3",
                    "ctype": "SpriteObjectData"
                  },
                  {
                    "FileData": {
                      "Type": "PlistSubImage",
                      "Path": "poker_0.png",
                      "Plist": "submodules/niuniu/image/poker.plist"
                    },
                    "BlendFunc": {
                      "Src": 1,
                      "Dst": 771
                    },
                    "AnchorPoint": {
                      "ScaleX": 0.5,
                      "ScaleY": 0.5
                    },
                    "Position": {
                      "X": 1450.0,
                      "Y": 213.8348
                    },
                    "Scale": {
                      "ScaleX": 1.5,
                      "ScaleY": 1.5
                    },
                    "RotationSkewX": -20.0,
                    "RotationSkewY": -20.0,
                    "CColor": {},
                    "IconVisible": false,
                    "PrePosition": {
                      "X": 1.1328,
                      "Y": 0.297
                    },
                    "PreSize": {
                      "X": 0.1211,
                      "Y": 0.3
                    },
                    "LeftMargin": 1372.5,
                    "RightMargin": -247.5,
                    "TopMargin": 398.1652,
                    "BottomMargin": 105.8348,
                    "Tag": 6,
                    "Children": [
                      {
                        "FileData": {
                          "Type": "Normal",
                          "Path": "submodules/niuniu/image/ReplaceCardLayer/light.png",
                          "Plist": ""
                        },
                        "BlendFunc": {
                          "Src": 1,
                          "Dst": 771
                        },
                        "AnchorPoint": {
                          "ScaleX": 0.5,
                          "ScaleY": 0.5
                        },
                        "Position": {
                          "X": 77.5,
                          "Y": 108.0
                        },
                        "Scale": {
                          "ScaleX": 0.68,
                          "ScaleY": 0.68
                        },
                        "CColor": {},
                        "IconVisible": false,
                        "PositionPercentXEnabled": true,
                        "PositionPercentYEnabled": true,
                        "PrePosition": {
                          "X": 0.5,
                          "Y": 0.5
                        },
                        "PreSize": {
                          "X": 1.6,
                          "Y": 1.5648
                        },
                        "LeftMargin": -46.5,
                        "RightMargin": -46.5,
                        "TopMargin": -61.0,
                        "BottomMargin": -61.0,
                        "Tag": 17,
                        "ActionTag": 573373100,
                        "Size": {
                          "X": 248.0,
                          "Y": 338.0
                        },
                        "Name": "light",
                        "ctype": "SpriteObjectData"
                      },
                      {
                        "FileData": {
                          "Type": "Normal",
                          "Path": "submodules/niuniu/image/ReplaceCardLayer/replace.png",
                          "Plist": ""
                        },
                        "BlendFunc": {
                          "Src": 1,
                          "Dst": 771
                        },
                        "AnchorPoint": {
                          "ScaleX": 0.5,
                          "ScaleY": 0.5
                        },
                        "Position": {
                          "X": 77.5,
                          "Y": 108.0
                        },
                        "Scale": {
                          "ScaleX": 0.68,
                          "ScaleY": 0.68
                        },
                        "CColor": {},
                        "IconVisible": false,
                        "PositionPercentXEnabled": true,
                        "PositionPercentYEnabled": true,
                        "PrePosition": {
                          "X": 0.5,
                          "Y": 0.5
                        },
                        "PreSize": {
                          "X": 1.2968,
                          "Y": 1.3472
                        },
                        "LeftMargin": -23.0,
                        "RightMargin": -23.0,
                        "TopMargin": -37.5,
                        "BottomMargin": -37.5,
                        "Tag": 18,
                        "ActionTag": 143097247,
                        "Size": {
                          "X": 201.0,
                          "Y": 291.0
                        },
                        "Name": "replace",
                        "ctype": "SpriteObjectData"
                      }
                    ],
                    "ActionTag": 324372584,
                    "Size": {
                      "X": 155.0,
                      "Y": 216.0
                    },
                    "Name": "card2",
                    "ctype": "SpriteObjectData"
                  },
                  {
                    "FileData": {
                      "Type": "PlistSubImage",
                      "Path": "poker_0.png",
                      "Plist": "submodules/niuniu/image/poker.plist"
                    },
                    "BlendFunc": {
                      "Src": 1,
                      "Dst": 771
                    },
                    "AnchorPoint": {
                      "ScaleX": 0.5,
                      "ScaleY": 0.5
                    },
                    "Position": {
                      "X": 1450.0,
                      "Y": 213.8348
                    },
                    "Scale": {
                      "ScaleX": 1.5,
                      "ScaleY": 1.5
                    },
                    "RotationSkewX": -20.0,
                    "RotationSkewY": -20.0,
                    "CColor": {},
                    "IconVisible": false,
                    "PrePosition": {
                      "X": 1.1328,
                      "Y": 0.297
                    },
                    "PreSize": {
                      "X": 0.1211,
                      "Y": 0.3
                    },
                    "LeftMargin": 1372.5,
                    "RightMargin": -247.5,
                    "TopMargin": 398.1652,
                    "BottomMargin": 105.8348,
                    "Tag": 5,
                    "Children": [
                      {
                        "FileData": {
                          "Type": "Normal",
                          "Path": "submodules/niuniu/image/ReplaceCardLayer/light.png",
                          "Plist": ""
                        },
                        "BlendFunc": {
                          "Src": 1,
                          "Dst": 771
                        },
                        "AnchorPoint": {
                          "ScaleX": 0.5,
                          "ScaleY": 0.5
                        },
                        "Position": {
                          "X": 77.5,
                          "Y": 108.0
                        },
                        "Scale": {
                          "ScaleX": 0.68,
                          "ScaleY": 0.68
                        },
                        "CColor": {},
                        "IconVisible": false,
                        "PositionPercentXEnabled": true,
                        "PositionPercentYEnabled": true,
                        "PrePosition": {
                          "X": 0.5,
                          "Y": 0.5
                        },
                        "PreSize": {
                          "X": 1.6,
                          "Y": 1.5648
                        },
                        "LeftMargin": -46.5,
                        "RightMargin": -46.5,
                        "TopMargin": -61.0,
                        "BottomMargin": -61.0,
                        "Tag": 15,
                        "ActionTag": -1820718018,
                        "Size": {
                          "X": 248.0,
                          "Y": 338.0
                        },
                        "Name": "light",
                        "ctype": "SpriteObjectData"
                      },
                      {
                        "FileData": {
                          "Type": "Normal",
                          "Path": "submodules/niuniu/image/ReplaceCardLayer/replace.png",
                          "Plist": ""
                        },
                        "BlendFunc": {
                          "Src": 1,
                          "Dst": 771
                        },
                        "AnchorPoint": {
                          "ScaleX": 0.5,
                          "ScaleY": 0.5
                        },
                        "Position": {
                          "X": 77.5,
                          "Y": 108.0
                        },
                        "Scale": {
                          "ScaleX": 0.68,
                          "ScaleY": 0.68
                        },
                        "CColor": {},
                        "IconVisible": false,
                        "PositionPercentXEnabled": true,
                        "PositionPercentYEnabled": true,
                        "PrePosition": {
                          "X": 0.5,
                          "Y": 0.5
                        },
                        "PreSize": {
                          "X": 1.2968,
                          "Y": 1.3472
                        },
                        "LeftMargin": -23.0,
                        "RightMargin": -23.0,
                        "TopMargin": -37.5,
                        "BottomMargin": -37.5,
                        "Tag": 16,
                        "ActionTag": 780179349,
                        "Size": {
                          "X": 201.0,
                          "Y": 291.0
                        },
                        "Name": "replace",
                        "ctype": "SpriteObjectData"
                      }
                    ],
                    "ActionTag": 996207062,
                    "Size": {
                      "X": 155.0,
                      "Y": 216.0
                    },
                    "Name": "card1",
                    "ctype": "SpriteObjectData"
                  },
                  {
                    "FileData": {
                      "Type": "PlistSubImage",
                      "Path": "poker_0.png",
                      "Plist": "submodules/niuniu/image/poker.plist"
                    },
                    "BlendFunc": {
                      "Src": 1,
                      "Dst": 771
                    },
                    "AnchorPoint": {
                      "ScaleX": 0.5,
                      "ScaleY": 0.5
                    },
                    "Position": {
                      "X": 1450.0,
                      "Y": 213.8348
                    },
                    "Scale": {
                      "ScaleX": 1.5,
                      "ScaleY": 1.5
                    },
                    "RotationSkewX": -20.0,
                    "RotationSkewY": -20.0,
                    "CColor": {},
                    "IconVisible": false,
                    "PrePosition": {
                      "X": 1.1328,
                      "Y": 0.297
                    },
                    "PreSize": {
                      "X": 0.1211,
                      "Y": 0.3
                    },
                    "LeftMargin": 1372.5,
                    "RightMargin": -247.5,
                    "TopMargin": 398.1652,
                    "BottomMargin": 105.8348,
                    "Tag": 11,
                    "Children": [
                      {
                        "FileData": {
                          "Type": "Normal",
                          "Path": "submodules/niuniu/image/ReplaceCardLayer/light.png",
                          "Plist": ""
                        },
                        "BlendFunc": {
                          "Src": 1,
                          "Dst": 771
                        },
                        "AnchorPoint": {
                          "ScaleX": 0.5,
                          "ScaleY": 0.5
                        },
                        "Position": {
                          "X": 77.5,
                          "Y": 108.0
                        },
                        "Scale": {
                          "ScaleX": 0.68,
                          "ScaleY": 0.68
                        },
                        "CColor": {},
                        "IconVisible": false,
                        "PositionPercentXEnabled": true,
                        "PositionPercentYEnabled": true,
                        "PrePosition": {
                          "X": 0.5,
                          "Y": 0.5
                        },
                        "PreSize": {
                          "X": 1.6,
                          "Y": 1.5648
                        },
                        "LeftMargin": -46.5,
                        "RightMargin": -46.5,
                        "TopMargin": -61.0,
                        "BottomMargin": -61.0,
                        "Tag": 13,
                        "ActionTag": 531878409,
                        "Size": {
                          "X": 248.0,
                          "Y": 338.0
                        },
                        "Name": "light",
                        "ctype": "SpriteObjectData"
                      },
                      {
                        "FileData": {
                          "Type": "Normal",
                          "Path": "submodules/niuniu/image/ReplaceCardLayer/replace.png",
                          "Plist": ""
                        },
                        "BlendFunc": {
                          "Src": 1,
                          "Dst": 771
                        },
                        "AnchorPoint": {
                          "ScaleX": 0.5,
                          "ScaleY": 0.5
                        },
                        "Position": {
                          "X": 77.5,
                          "Y": 108.0
                        },
                        "Scale": {
                          "ScaleX": 0.68,
                          "ScaleY": 0.68
                        },
                        "CColor": {},
                        "IconVisible": false,
                        "PositionPercentXEnabled": true,
                        "PositionPercentYEnabled": true,
                        "PrePosition": {
                          "X": 0.5,
                          "Y": 0.5
                        },
                        "PreSize": {
                          "X": 1.2968,
                          "Y": 1.3472
                        },
                        "LeftMargin": -23.0,
                        "RightMargin": -23.0,
                        "TopMargin": -37.5,
                        "BottomMargin": -37.5,
                        "Tag": 14,
                        "ActionTag": -742523412,
                        "Size": {
                          "X": 201.0,
                          "Y": 291.0
                        },
                        "Name": "replace",
                        "ctype": "SpriteObjectData"
                      }
                    ],
                    "ActionTag": 1005089396,
                    "Size": {
                      "X": 155.0,
                      "Y": 216.0
                    },
                    "Name": "card5",
                    "ctype": "SpriteObjectData"
                  },
                  {
                    "FileData": {
                      "Type": "Normal",
                      "Path": "appCommon/fydp/common/btn_queding.png",
                      "Plist": ""
                    },
                    "BlendFunc": {
                      "Src": 1,
                      "Dst": 771
                    },
                    "AnchorPoint": {
                      "ScaleX": 0.5,
                      "ScaleY": 0.5
                    },
                    "Position": {
                      "X": 640.0,
                      "Y": 85.3085
                    },
                    "Scale": {
                      "ScaleX": 1.0,
                      "ScaleY": 1.0
                    },
                    "CColor": {},
                    "IconVisible": false,
                    "PositionPercentXEnabled": true,
                    "PrePosition": {
                      "X": 0.5,
                      "Y": 0.1185
                    },
                    "PreSize": {
                      "X": 0.1641,
                      "Y": 0.0847
                    },
                    "LeftMargin": 535.0,
                    "RightMargin": 535.0,
                    "TopMargin": 604.1915,
                    "BottomMargin": 54.8085,
                    "Tag": 10,
                    "ActionTag": 1908776301,
                    "Size": {
                      "X": 210.0,
                      "Y": 61.0
                    },
                    "Name": "btn_ok",
                    "ctype": "SpriteObjectData"
                  },
                  {
                    "FileData": {
                      "Type": "Normal",
                      "Path": "appCommon/fydp/common/room_close.png",
                      "Plist": ""
                    },
                    "BlendFunc": {
                      "Src": 1,
                      "Dst": 771
                    },
                    "AnchorPoint": {
                      "ScaleX": 0.5,
                      "ScaleY": 0.5
                    },
                    "Position": {
                      "X": 1220.7767,
                      "Y": 656.2243
                    },
                    "Scale": {
                      "ScaleX": 1.0,
                      "ScaleY": 1.0
                    },
                    "CColor": {},
                    "IconVisible": false,
                    "PrePosition": {
                      "X": 0.9537,
                      "Y": 0.9114
                    },
                    "PreSize": {
                      "X": 0.0719,
                      "Y": 0.1389
                    },
                    "LeftMargin": 1174.7767,
                    "RightMargin": 13.2233,
                    "TopMargin": 13.7757,
                    "BottomMargin": 606.2243,
                    "Tag": 24,
                    "ActionTag": -1803410660,
                    "Size": {
                      "X": 92.0,
                      "Y": 100.0
                    },
                    "Name": "close",
                    "ctype": "SpriteObjectData"
                  }
                ],
                "ActionTag": 1990998506,
                "Size": {
                  "X": 1280.0,
                  "Y": 720.0
                },
                "Name": "mask",
                "ctype": "PanelObjectData"
              }
            ],
            "ActionTag": -1374872983,
            "Size": {
              "X": 1280.0,
              "Y": 720.0
            },
            "Name": "root",
            "ctype": "PanelObjectData"
          }
        ],
        "Size": {
          "X": 1280.0,
          "Y": 720.0
        },
        "Name": "Layer",
        "ctype": "LayerObjectData"
      },
      "UsedResources": [
        "../../../appCommon/fydp/common/btn_queding.png",
        "../../../appCommon/fydp/common/room_close.png",
        "../../../image/fonts/FZZY.TTF",
        "../image/poker.plist",
        "../image/poker.png",
        "../image/ReplaceCardLayer/light.png",
        "../image/ReplaceCardLayer/replace.png"
      ],
      "ctype": "GameFileData"
    }
  },
  "Type": "Layer"
}