{
  "ID": "bfb2cdea-bee1-4431-a090-c45bc84d22ca",
  "Version": "3.10.0.0",
  "Name": "CreateWanfa",
  "Content": {
    "Content": {
      "Animation": {
        "Duration": 0,
        "Speed": 1.0,
        "Timelines": [],
        "ctype": "TimelineActionData"
      },
      "AnimationList": [],
      "ObjectData": {
        "Tag": 44,
        "Children": [
          {
            "FontSize": 33,
            "LabelText": "付费方式：",
            "FontResource": {
              "Type": "Normal",
              "Path": "image/fonts/FZZY.TTF",
              "Plist": ""
            },
            "OutlineColor": {
              "R": 203,
              "G": 188,
              "B": 119
            },
            "ShadowColor": {
              "R": 110,
              "G": 110,
              "B": 110
            },
            "ShadowOffsetX": 2.0,
            "ShadowOffsetY": -2.0,
            "AnchorPoint": {
              "ScaleY": 0.5
            },
            "Position": {
              "X": 300.0,
              "Y": 580.0
            },
            "Scale": {
              "ScaleX": 1.0,
              "ScaleY": 1.0
            },
            "CColor": {
              "R": 140,
              "G": 112,
              "B": 71
            },
            "IconVisible": false,
            "PrePosition": {
              "X": 0.0,
              "Y": 0.0
            },
            "PreSize": {
              "X": 0.0,
              "Y": 0.0
            },
            "LeftMargin": 300.0,
            "RightMargin": -446.0,
            "TopMargin": -599.0,
            "BottomMargin": 561.0,
            "Tag": 48,
            "ActionTag": -1080949291,
            "Size": {
              "X": 146.0,
              "Y": 38.0
            },
            "Name": "word_fufei",
            "ctype": "TextObjectData"
          },
          {
            "FontSize": 33,
            "LabelText": "局数选择：",
            "FontResource": {
              "Type": "Normal",
              "Path": "image/fonts/FZZY.TTF",
              "Plist": ""
            },
            "OutlineColor": {
              "R": 203,
              "G": 188,
              "B": 119
            },
            "ShadowColor": {
              "R": 110,
              "G": 110,
              "B": 110
            },
            "ShadowOffsetX": 2.0,
            "ShadowOffsetY": -2.0,
            "AnchorPoint": {
              "ScaleY": 0.5
            },
            "Position": {
              "X": 300.0,
              "Y": 525.0
            },
            "Scale": {
              "ScaleX": 1.0,
              "ScaleY": 1.0
            },
            "CColor": {
              "R": 140,
              "G": 112,
              "B": 71
            },
            "IconVisible": false,
            "PrePosition": {
              "X": 0.0,
              "Y": 0.0
            },
            "PreSize": {
              "X": 0.0,
              "Y": 0.0
            },
            "LeftMargin": 300.0,
            "RightMargin": -446.0,
            "TopMargin": -544.0,
            "BottomMargin": 506.0,
            "Tag": 47,
            "ActionTag": 1811939745,
            "Size": {
              "X": 146.0,
              "Y": 38.0
            },
            "Name": "word_jushu",
            "ctype": "TextObjectData"
          },
          {
            "FontSize": 33,
            "LabelText": "玩       法：",
            "FontResource": {
              "Type": "Normal",
              "Path": "image/fonts/FZZY.TTF",
              "Plist": ""
            },
            "OutlineColor": {
              "R": 203,
              "G": 188,
              "B": 119
            },
            "ShadowColor": {
              "R": 110,
              "G": 110,
              "B": 110
            },
            "ShadowOffsetX": 2.0,
            "ShadowOffsetY": -2.0,
            "AnchorPoint": {
              "ScaleY": 0.5
            },
            "Position": {
              "X": 300.0,
              "Y": 470.0
            },
            "Scale": {
              "ScaleX": 1.0,
              "ScaleY": 1.0
            },
            "CColor": {
              "R": 140,
              "G": 112,
              "B": 71
            },
            "IconVisible": false,
            "PrePosition": {
              "X": 0.0,
              "Y": 0.0
            },
            "PreSize": {
              "X": 0.0,
              "Y": 0.0
            },
            "LeftMargin": 300.0,
            "RightMargin": -436.0,
            "TopMargin": -489.0,
            "BottomMargin": 451.0,
            "Tag": 46,
            "ActionTag": 209825279,
            "Size": {
              "X": 136.0,
              "Y": 38.0
            },
            "Name": "word_wf",
            "ctype": "TextObjectData"
          }
        ],
        "Size": {
          "X": 0.0,
          "Y": 0.0
        },
        "Name": "Node",
        "ctype": "SingleNodeObjectData"
      },
      "UsedResources": [
        "../../../image/fonts/FZZY.TTF"
      ],
      "ctype": "GameFileData"
    }
  },
  "Type": "Node"
}