{
  "ID": "4b6f42d5-2583-4736-9ecb-e85ff682a3f5",
  "Version": "3.10.0.0",
  "Name": "QiepaiLayer",
  "Content": {
    "Content": {
      "Animation": {
        "Duration": 0,
        "Speed": 1.0,
        "Timelines": [],
        "ctype": "TimelineActionData"
      },
      "AnimationList": [],
      "ObjectData": {
        "Children": [
          {
            "FileData": {
              "Type": "Normal",
              "Path": "submodules/pdk/image/common/word_zbqp.png",
              "Plist": ""
            },
            "BlendFunc": {
              "Src": 1,
              "Dst": 771
            },
            "AnchorPoint": {
              "ScaleX": 0.5,
              "ScaleY": 0.5
            },
            "Position": {
              "X": 244.741,
              "Y": 545.2767
            },
            "Scale": {
              "ScaleX": 1.0,
              "ScaleY": 1.0
            },
            "CColor": {},
            "IconVisible": false,
            "PrePosition": {
              "X": 0.1912,
              "Y": 0.7573
            },
            "PreSize": {
              "X": 0.0953,
              "Y": 0.0583
            },
            "LeftMargin": 183.741,
            "RightMargin": 974.259,
            "TopMargin": 153.7233,
            "BottomMargin": 524.2767,
            "Tag": 212,
            "ActionTag": 300989493,
            "Size": {
              "X": 122.0,
              "Y": 42.0
            },
            "VisibleForFrame": false,
            "Name": "word_zbqp3",
            "ctype": "SpriteObjectData"
          },
          {
            "FileData": {
              "Type": "Normal",
              "Path": "submodules/pdk/image/common/word_zbqp.png",
              "Plist": ""
            },
            "BlendFunc": {
              "Src": 1,
              "Dst": 771
            },
            "AnchorPoint": {
              "ScaleX": 0.5,
              "ScaleY": 0.5
            },
            "Position": {
              "X": 999.0378,
              "Y": 545.2767
            },
            "Scale": {
              "ScaleX": 1.0,
              "ScaleY": 1.0
            },
            "CColor": {},
            "IconVisible": false,
            "PrePosition": {
              "X": 0.7805,
              "Y": 0.7573
            },
            "PreSize": {
              "X": 0.0953,
              "Y": 0.0583
            },
            "LeftMargin": 938.0378,
            "RightMargin": 219.9622,
            "TopMargin": 153.7233,
            "BottomMargin": 524.2767,
            "Tag": 214,
            "ActionTag": -1714272899,
            "Size": {
              "X": 122.0,
              "Y": 42.0
            },
            "VisibleForFrame": false,
            "Name": "word_zbqp1",
            "ctype": "SpriteObjectData"
          },
          {
            "FileData": {
              "Type": "Normal",
              "Path": "submodules/pdk/image/common/word_zbqp.png",
              "Plist": ""
            },
            "BlendFunc": {
              "Src": 1,
              "Dst": 771
            },
            "AnchorPoint": {
              "ScaleX": 0.5,
              "ScaleY": 0.5
            },
            "Position": {
              "X": 249.6299,
              "Y": 200.9052
            },
            "Scale": {
              "ScaleX": 1.0,
              "ScaleY": 1.0
            },
            "CColor": {},
            "IconVisible": false,
            "PrePosition": {
              "X": 0.195,
              "Y": 0.279
            },
            "PreSize": {
              "X": 0.0953,
              "Y": 0.0583
            },
            "LeftMargin": 188.6299,
            "RightMargin": 969.3701,
            "TopMargin": 498.0948,
            "BottomMargin": 179.9052,
            "Tag": 213,
            "ActionTag": 265718575,
            "Size": {
              "X": 122.0,
              "Y": 42.0
            },
            "VisibleForFrame": false,
            "Name": "word_zbqp2",
            "ctype": "SpriteObjectData"
          },
          {
            "ClipAble": false,
            "BackColorAlpha": 85,
            "ComboBoxIndex": 1,
            "SingleColor": {
              "R": 0,
              "G": 0,
              "B": 0
            },
            "FirstColor": {
              "R": 150,
              "G": 200
            },
            "EndColor": {},
            "ColorVector": {
              "ScaleY": 1.0
            },
            "Scale9Width": 1,
            "Scale9Height": 1,
            "TouchEnable": true,
            "AnchorPoint": {},
            "Position": {
              "X": -13.4582,
              "Y": -33.3646
            },
            "Scale": {
              "ScaleX": 1.0,
              "ScaleY": 1.0
            },
            "CColor": {},
            "IconVisible": false,
            "PrePosition": {
              "X": -0.0105,
              "Y": -0.0463
            },
            "PreSize": {
              "X": 1.0156,
              "Y": 1.1111
            },
            "LeftMargin": -13.4582,
            "RightMargin": -6.5417,
            "TopMargin": -46.6354,
            "BottomMargin": -33.3646,
            "Tag": 3,
            "ActionTag": -979740311,
            "Size": {
              "X": 1300.0,
              "Y": 800.0
            },
            "Name": "root",
            "ctype": "PanelObjectData"
          },
          {
            "LabelText": "88",
            "LabelBMFontFile_CNB": {
              "Type": "Normal",
              "Path": "image/fonts/huangzi.fnt",
              "Plist": ""
            },
            "AnchorPoint": {
              "ScaleX": 0.5,
              "ScaleY": 0.5
            },
            "Position": {
              "X": 640.0,
              "Y": 217.0
            },
            "Scale": {
              "ScaleX": 1.0,
              "ScaleY": 1.0
            },
            "CColor": {},
            "IconVisible": false,
            "PrePosition": {
              "X": 0.5,
              "Y": 0.3014
            },
            "PreSize": {
              "X": 0.0516,
              "Y": 0.0444
            },
            "LeftMargin": 607.0,
            "RightMargin": 607.0,
            "TopMargin": 487.0,
            "BottomMargin": 201.0,
            "Tag": 201,
            "ActionTag": 660970776,
            "Size": {
              "X": 66.0,
              "Y": 32.0
            },
            "Name": "sec",
            "ctype": "TextBMFontObjectData"
          },
          {
            "BackGroundData": {
              "Type": "Default",
              "Path": "Default/Slider_Back.png",
              "Plist": ""
            },
            "ProgressBarData": {
              "Type": "Default",
              "Path": "Default/Slider_PressBar.png",
              "Plist": ""
            },
            "BallNormalData": {
              "Type": "Default",
              "Path": "Default/SliderNode_Normal.png",
              "Plist": ""
            },
            "BallPressedData": {
              "Type": "Default",
              "Path": "Default/SliderNode_Press.png",
              "Plist": ""
            },
            "BallDisabledData": {
              "Type": "Default",
              "Path": "Default/SliderNode_Disable.png",
              "Plist": ""
            },
            "PercentInfo": 50,
            "TouchEnable": true,
            "AnchorPoint": {
              "ScaleX": 0.5,
              "ScaleY": 0.5
            },
            "Position": {
              "X": 662.3954,
              "Y": -116.528
            },
            "Scale": {
              "ScaleX": 4.5,
              "ScaleY": 4.5
            },
            "CColor": {},
            "IconVisible": false,
            "PrePosition": {
              "X": 0.5175,
              "Y": -0.1618
            },
            "PreSize": {
              "X": 0.1563,
              "Y": 0.0194
            },
            "LeftMargin": 562.3954,
            "RightMargin": 517.6046,
            "TopMargin": 829.528,
            "BottomMargin": -123.528,
            "Tag": 202,
            "ActionTag": -1144864262,
            "Size": {
              "X": 200.0,
              "Y": 14.0
            },
            "Name": "slider",
            "ctype": "SliderObjectData"
          },
          {
            "FileData": {
              "Type": "Normal",
              "Path": "submodules/pdk/image/PkScene/btn_cheng.png",
              "Plist": ""
            },
            "BlendFunc": {
              "Src": 1,
              "Dst": 771
            },
            "AnchorPoint": {
              "ScaleX": 0.5,
              "ScaleY": 0.5
            },
            "Position": {
              "X": 640.0,
              "Y": 138.2774
            },
            "Scale": {
              "ScaleX": 1.0,
              "ScaleY": 1.0
            },
            "CColor": {},
            "IconVisible": false,
            "PrePosition": {
              "X": 0.5,
              "Y": 0.1921
            },
            "PreSize": {
              "X": 0.1156,
              "Y": 0.1028
            },
            "LeftMargin": 566.0,
            "RightMargin": 566.0,
            "TopMargin": 544.7226,
            "BottomMargin": 101.2774,
            "Tag": 268,
            "Children": [
              {
                "FontSize": 32,
                "LabelText": " 切牌 ",
                "OutlineSize": 2,
                "OutlineColor": {
                  "R": 152,
                  "G": 78,
                  "B": 24
                },
                "OutlineEnabled": true,
                "ShadowColor": {
                  "R": 110,
                  "G": 110,
                  "B": 110
                },
                "ShadowOffsetX": 2.0,
                "ShadowOffsetY": -2.0,
                "AnchorPoint": {
                  "ScaleX": 0.5,
                  "ScaleY": 0.5
                },
                "Position": {
                  "X": 76.3043,
                  "Y": 38.2014
                },
                "Scale": {
                  "ScaleX": 1.0,
                  "ScaleY": 1.0
                },
                "CColor": {},
                "IconVisible": false,
                "PrePosition": {
                  "X": 0.5156,
                  "Y": 0.5162
                },
                "PreSize": {
                  "X": 0.5541,
                  "Y": 0.5
                },
                "LeftMargin": 35.3043,
                "RightMargin": 30.6957,
                "TopMargin": 17.2986,
                "BottomMargin": 19.7014,
                "Tag": 269,
                "ActionTag": 1362284709,
                "Size": {
                  "X": 82.0,
                  "Y": 37.0
                },
                "Name": "Text_2",
                "ctype": "TextObjectData"
              }
            ],
            "ActionTag": -963818541,
            "Size": {
              "X": 148.0,
              "Y": 74.0
            },
            "Name": "btn_qie",
            "ctype": "SpriteObjectData"
          },
          {
            "FileData": {
              "Type": "Normal",
              "Path": "submodules/pdk/image/common/word_qiepai.png",
              "Plist": ""
            },
            "BlendFunc": {
              "Src": 1,
              "Dst": 771
            },
            "AnchorPoint": {
              "ScaleX": 0.5,
              "ScaleY": 0.5
            },
            "Position": {
              "X": 640.0,
              "Y": 591.5163
            },
            "Scale": {
              "ScaleX": 1.0,
              "ScaleY": 1.0
            },
            "CColor": {},
            "IconVisible": false,
            "PrePosition": {
              "X": 0.5,
              "Y": 0.8216
            },
            "PreSize": {
              "X": 0.1078,
              "Y": 0.0944
            },
            "LeftMargin": 521.5,
            "RightMargin": 521.5,
            "TopMargin": 102.9837,
            "BottomMargin": 566.0163,
            "Tag": 265,
            "ActionTag": 1460615844,
            "Size": {
              "X": 237.0,
              "Y": 51.0
            },
            "Name": "qiepai_tips1",
            "ctype": "SpriteObjectData"
          },
          {
            "FileData": {
              "Type": "Normal",
              "Path": "submodules/pdk/image/common/qiepai_bg.png",
              "Plist": ""
            },
            "BlendFunc": {
              "Src": 1,
              "Dst": 771
            },
            "AnchorPoint": {
              "ScaleX": 0.5,
              "ScaleY": 0.5
            },
            "Position": {
              "X": 679.1852,
              "Y": -268.0755
            },
            "Scale": {
              "ScaleX": 1.0,
              "ScaleY": 1.0
            },
            "CColor": {},
            "IconVisible": false,
            "PrePosition": {
              "X": 0.5306,
              "Y": -0.3723
            },
            "PreSize": {
              "X": 0.3336,
              "Y": 0.1028
            },
            "LeftMargin": 465.6852,
            "RightMargin": 387.3148,
            "TopMargin": 951.0754,
            "BottomMargin": -305.0755,
            "Tag": 267,
            "ActionTag": -1963182363,
            "Size": {
              "X": 427.0,
              "Y": 74.0
            },
            "Name": "qiepai_bg",
            "ctype": "SpriteObjectData"
          },
          {
            "FontSize": 30,
            "LabelText": "请选择要切的牌00000000",
            "HorizontalAlignmentType": "HT_Center",
            "VerticalAlignmentType": "VT_Center",
            "OutlineColor": {},
            "ShadowColor": {},
            "ShadowOffsetX": 1.0,
            "ShadowOffsetY": -1.0,
            "ShadowEnabled": true,
            "AnchorPoint": {
              "ScaleX": 0.5,
              "ScaleY": 0.5
            },
            "Position": {
              "X": 679.1842,
              "Y": -269.7651
            },
            "Scale": {
              "ScaleX": 1.0,
              "ScaleY": 1.0
            },
            "CColor": {},
            "IconVisible": false,
            "PrePosition": {
              "X": 0.5306,
              "Y": -0.3747
            },
            "PreSize": {
              "X": 0.2688,
              "Y": 0.0472
            },
            "LeftMargin": 507.1842,
            "RightMargin": 428.8158,
            "TopMargin": 972.7651,
            "BottomMargin": -286.7651,
            "Tag": 266,
            "ActionTag": 1315203027,
            "Size": {
              "X": 344.0,
              "Y": 34.0
            },
            "Name": "tipsLable",
            "ctype": "TextObjectData"
          },
          {
            "FileData": {
              "Type": "Normal",
              "Path": "submodules/pdk/image/common/pai_back3.png",
              "Plist": ""
            },
            "BlendFunc": {
              "Src": 1,
              "Dst": 771
            },
            "AnchorPoint": {
              "ScaleX": 0.5,
              "ScaleY": 0.5
            },
            "Position": {
              "X": 277.4006,
              "Y": -300.8643
            },
            "Scale": {
              "ScaleX": 1.0,
              "ScaleY": 1.0
            },
            "CColor": {},
            "IconVisible": false,
            "PrePosition": {
              "X": 0.2167,
              "Y": -0.4179
            },
            "PreSize": {
              "X": 0.1109,
              "Y": 0.2667
            },
            "LeftMargin": 206.4006,
            "RightMargin": 931.5994,
            "TopMargin": 924.8643,
            "BottomMargin": -396.8643,
            "Tag": 270,
            "ActionTag": 1542913970,
            "Size": {
              "X": 142.0,
              "Y": 192.0
            },
            "Name": "pai_back3_145",
            "ctype": "SpriteObjectData"
          },
          {
            "FileData": {
              "Type": "Normal",
              "Path": "submodules/pdk/image/common/icon_huadongbg.png",
              "Plist": ""
            },
            "BlendFunc": {
              "Src": 1,
              "Dst": 771
            },
            "AnchorPoint": {
              "ScaleX": 0.5,
              "ScaleY": 0.5
            },
            "Position": {
              "X": 568.8938,
              "Y": 291.2393
            },
            "Scale": {
              "ScaleX": 1.0,
              "ScaleY": 1.0
            },
            "CColor": {},
            "IconVisible": false,
            "PrePosition": {
              "X": 0.4444,
              "Y": 0.4045
            },
            "PreSize": {
              "X": 0.7984,
              "Y": 0.025
            },
            "LeftMargin": 57.8938,
            "RightMargin": 200.1062,
            "TopMargin": 419.7607,
            "BottomMargin": 282.2393,
            "Tag": 208,
            "Children": [
              {
                "FileData": {
                  "Type": "Normal",
                  "Path": "submodules/pdk/image/common/icon_jiantou.png",
                  "Plist": ""
                },
                "BlendFunc": {
                  "Src": 1,
                  "Dst": 771
                },
                "AnchorPoint": {
                  "ScaleX": 0.5,
                  "ScaleY": 0.5
                },
                "Position": {
                  "X": 517.8545,
                  "Y": 7.7956
                },
                "Scale": {
                  "ScaleX": 1.0,
                  "ScaleY": 1.0
                },
                "CColor": {},
                "IconVisible": false,
                "PrePosition": {
                  "X": 0.5067,
                  "Y": 0.4331
                },
                "PreSize": {
                  "X": 0.0509,
                  "Y": 3.3333
                },
                "LeftMargin": 491.8545,
                "RightMargin": 478.1455,
                "TopMargin": -19.7956,
                "BottomMargin": -22.2044,
                "Tag": 209,
                "ActionTag": 1483214281,
                "Size": {
                  "X": 52.0,
                  "Y": 60.0
                },
                "Name": "icon_jiantou",
                "ctype": "SpriteObjectData"
              }
            ],
            "ActionTag": -423595885,
            "Size": {
              "X": 1022.0,
              "Y": 18.0
            },
            "Name": "huadong",
            "ctype": "SpriteObjectData"
          },
          {
            "AnchorPoint": {},
            "Position": {
              "X": 640.0,
              "Y": 420.4615
            },
            "Scale": {
              "ScaleX": 1.0,
              "ScaleY": 1.0
            },
            "CColor": {},
            "IconVisible": true,
            "PrePosition": {
              "X": 0.5,
              "Y": 0.584
            },
            "PreSize": {
              "X": 0.0,
              "Y": 0.0
            },
            "LeftMargin": 640.0,
            "RightMargin": 640.0,
            "TopMargin": 299.5385,
            "BottomMargin": 420.4615,
            "Tag": 210,
            "ActionTag": -256069586,
            "Size": {
              "X": 0.0,
              "Y": 0.0
            },
            "Name": "paisNode",
            "ctype": "SingleNodeObjectData"
          },
          {
            "FileData": {
              "Type": "Normal",
              "Path": "submodules/pdk/image/common/word_wait.png",
              "Plist": ""
            },
            "BlendFunc": {
              "Src": 1,
              "Dst": 771
            },
            "AnchorPoint": {
              "ScaleX": 0.5,
              "ScaleY": 0.5
            },
            "Position": {
              "X": 640.0,
              "Y": 590.8322
            },
            "Scale": {
              "ScaleX": 1.0,
              "ScaleY": 1.0
            },
            "CColor": {},
            "IconVisible": false,
            "PrePosition": {
              "X": 0.5,
              "Y": 0.8206
            },
            "PreSize": {
              "X": 0.243,
              "Y": 0.0708
            },
            "LeftMargin": 484.5,
            "RightMargin": 484.5,
            "TopMargin": 103.6678,
            "BottomMargin": 565.3322,
            "Tag": 211,
            "ActionTag": -129588883,
            "Size": {
              "X": 311.0,
              "Y": 51.0
            },
            "Name": "qiepai_tips2",
            "ctype": "SpriteObjectData"
          }
        ],
        "Size": {
          "X": 1280.0,
          "Y": 720.0
        },
        "Name": "Layer",
        "ctype": "LayerObjectData"
      },
      "UsedResources": [
        "../../../Default/Slider_Back.png",
        "../../../Default/Slider_PressBar.png",
        "../../../Default/SliderNode_Disable.png",
        "../../../Default/SliderNode_Normal.png",
        "../../../Default/SliderNode_Press.png",
        "../../../image/fonts/huangzi.fnt",
        "../../../image/fonts/huangzi_0.png",
        "../image/common/icon_huadongbg.png",
        "../image/common/icon_jiantou.png",
        "../image/common/pai_back3.png",
        "../image/common/qiepai_bg.png",
        "../image/common/word_qiepai.png",
        "../image/common/word_wait.png",
        "../image/common/word_zbqp.png",
        "../image/PkScene/btn_cheng.png"
      ],
      "ctype": "GameFileData"
    }
  },
  "Type": "Layer"
}