{"skeleton":{"hash":"7igMUpSdmV1KVN3DaW2+q1HxGwc","spine":"3.6.36","width":1280,"height":720,"images":"./images/"},"bones":[{"name":"root"},{"name":"lihe_zong","parent":"root"},{"name":"lihe","parent":"lihe_zong"},{"name":"ship_zong","parent":"root"},{"name":"ship","parent":"ship_zong","x":19.61,"y":-19.69},{"name":"shuibo","parent":"ship_zong","x":126.28,"y":6.2,"scaleX":2,"scaleY":2},{"name":"shuihua","parent":"ship","x":-89.48,"y":-37.61},{"name":"shuiwen","parent":"ship_zong","x":57.5,"y":-57.73,"scaleX":2,"scaleY":2},{"name":"xing1","parent":"lihe_zong","y":5.05,"scaleX":0.389,"scaleY":0.389},{"name":"xing2","parent":"lihe_zong","x":36.56,"y":27.7,"scaleX":0.318,"scaleY":0.318},{"name":"xing3","parent":"lihe_zong","x":-27.15,"y":42.66,"scaleX":0.548,"scaleY":0.548},{"name":"xing4","parent":"lihe_zong","x":-16.62,"y":-26.04,"scaleX":0.355,"scaleY":0.355},{"name":"xing5","parent":"lihe_zong","x":19.39,"y":-43.21,"scaleX":0.33,"scaleY":0.33},{"name":"xing6","parent":"lihe_zong","x":-44.32,"y":9.97,"scaleX":0.338,"scaleY":0.338},{"name":"xing7","parent":"lihe_zong","x":41,"y":-6.09,"scaleX":0.458,"scaleY":0.458},{"name":"yinying","parent":"ship_zong","x":105.89,"y":-41.09,"scaleX":2,"scaleY":2}],"slots":[{"name":"zhuomian","bone":"root"},{"name":"yinying01","bone":"yinying"},{"name":"chuandi","bone":"ship"},{"name":"shuibo01","bone":"shuibo"},{"name":"ship","bone":"ship"},{"name":"shuiwen01","bone":"shuiwen"},{"name":"shuihua01","bone":"shuihua"},{"name":"lihe","bone":"lihe"},{"name":"star0282","bone":"xing1","blend":"additive"},{"name":"star282","bone":"xing2","blend":"additive"},{"name":"star283","bone":"xing3","blend":"additive"},{"name":"star284","bone":"xing4","blend":"additive"},{"name":"star285","bone":"xing5","blend":"additive"},{"name":"star286","bone":"xing6","blend":"additive"},{"name":"star287","bone":"xing7","blend":"additive"}],"skins":{"default":{"chuandi":{"chuandi":{"color":"ddeaffc2","x":2.85,"y":-42.95,"width":244,"height":58}},"lihe":{"lihe":{"y":0.63,"width":100,"height":112}},"ship":{"ship":{"x":-19.61,"y":19.69,"width":294,"height":145}},"shuibo01":{"shuibo01":{"width":258,"height":113},"shuibo02":{"width":258,"height":113},"shuibo03":{"width":258,"height":113},"shuibo04":{"width":258,"height":113},"shuibo05":{"width":258,"height":113},"shuibo06":{"width":258,"height":113},"shuibo07":{"width":258,"height":113},"shuibo08":{"width":258,"height":113}},"shuihua01":{"shuihua01":{"width":116,"height":48},"shuihua02":{"width":116,"height":48},"shuihua03":{"width":116,"height":48},"shuihua04":{"width":116,"height":48}},"shuiwen01":{"shuiwen01":{"width":100,"height":31},"shuiwen02":{"width":100,"height":31},"shuiwen03":{"width":100,"height":31},"shuiwen04":{"width":100,"height":31}},"star0282":{"star0282":{"width":52,"height":52}},"star282":{"star0282":{"width":52,"height":52}},"star283":{"star0282":{"width":52,"height":52}},"star284":{"star0282":{"width":52,"height":52}},"star285":{"star0282":{"width":52,"height":52}},"star286":{"star0282":{"width":52,"height":52}},"star287":{"star0282":{"width":52,"height":52}},"yinying01":{"yinying01":{"width":200,"height":60},"yinying02":{"width":200,"height":60},"yinying03":{"width":200,"height":60},"yinying04":{"width":200,"height":60},"yinying05":{"width":200,"height":60},"yinying06":{"width":200,"height":60},"yinying07":{"width":200,"height":60},"yinying08":{"width":200,"height":60}}}},"animations":{"ship1":{"slots":{"lihe":{"color":[{"time":0,"color":"ffffff00"},{"time":0.1,"color":"fffffffe","curve":"stepped"},{"time":0.7333,"color":"fffffffe"},{"time":0.9,"color":"ffffff00"}],"attachment":[{"time":0,"name":"lihe"}]},"star0282":{"color":[{"time":0.1,"color":"fffffffe","curve":"stepped"},{"time":0.2667,"color":"fffffffe"},{"time":0.3,"color":"ffffff04"}],"attachment":[{"time":0.1,"name":"star0282"},{"time":0.3,"name":null}]},"star282":{"color":[{"time":0.3,"color":"fffffffe","curve":"stepped"},{"time":0.4,"color":"fffffffe"},{"time":0.6,"color":"ffffff04"}],"attachment":[{"time":0.3,"name":"star0282"},{"time":0.6,"name":null}]},"star283":{"color":[{"time":0.5,"color":"fffffffe","curve":"stepped"},{"time":0.7,"color":"fffffffe"},{"time":0.7667,"color":"ffffff04"}],"attachment":[{"time":0.5,"name":"star0282"},{"time":0.7667,"name":null}]},"star284":{"color":[{"time":0.3667,"color":"fffffffe","curve":"stepped"},{"time":0.6,"color":"fffffffe"},{"time":0.6667,"color":"ffffff04"}],"attachment":[{"time":0.3667,"name":"star0282"},{"time":0.6667,"name":null}]},"star285":{"color":[{"time":0.1333,"color":"fffffffe","curve":"stepped"},{"time":0.3,"color":"fffffffe"},{"time":0.3667,"color":"ffffff04"}],"attachment":[{"time":0.1333,"name":"star0282"},{"time":0.3667,"name":null}]},"star286":{"color":[{"time":0.3,"color":"fffffffe","curve":"stepped"},{"time":0.5333,"color":"fffffffe"},{"time":0.6,"color":"ffffff04"}],"attachment":[{"time":0.3,"name":"star0282"},{"time":0.6,"name":null}]},"star287":{"color":[{"time":0.5333,"color":"fffffffe","curve":"stepped"},{"time":0.7667,"color":"fffffffe"},{"time":0.8333,"color":"ffffff04"}],"attachment":[{"time":0.5333,"name":"star0282"},{"time":0.8333,"name":null}]}},"bones":{"lihe":{"translate":[{"time":0,"x":0,"y":-136.99,"curve":[0,1,0.636,1]},{"time":0.1667,"x":0,"y":-11.65,"curve":[0.526,0.15,1,0.44]},{"time":0.9,"x":0,"y":-7.05}]},"xing1":{"translate":[{"time":0.1,"x":0,"y":0}],"scale":[{"time":0.1,"x":0.655,"y":0.655},{"time":0.2,"x":1.338,"y":1.338},{"time":0.3,"x":0.767,"y":0.767}]},"xing2":{"translate":[{"time":0.3,"x":0,"y":0}],"scale":[{"time":0.3,"x":0.655,"y":0.655},{"time":0.6,"x":0.767,"y":0.767}]},"xing3":{"translate":[{"time":0.5,"x":0,"y":0}],"scale":[{"time":0.5,"x":0.655,"y":0.655},{"time":0.6333,"x":1.338,"y":1.338},{"time":0.7667,"x":0.767,"y":0.767}]},"xing4":{"translate":[{"time":0.3667,"x":0,"y":0}],"scale":[{"time":0.3667,"x":0.655,"y":0.655},{"time":0.5,"x":1.338,"y":1.338},{"time":0.6667,"x":0.767,"y":0.767}]},"xing5":{"translate":[{"time":0.1333,"x":0,"y":0}],"scale":[{"time":0.1333,"x":0.655,"y":0.655},{"time":0.2667,"x":1.338,"y":1.338},{"time":0.3667,"x":0.767,"y":0.767}]},"xing6":{"translate":[{"time":0.3,"x":0,"y":0}],"scale":[{"time":0.3,"x":0.655,"y":0.655},{"time":0.4333,"x":1.338,"y":1.338},{"time":0.6,"x":0.767,"y":0.767}]},"xing7":{"translate":[{"time":0.5333,"x":0,"y":0}],"scale":[{"time":0.5333,"x":0.655,"y":0.655},{"time":0.6667,"x":1.338,"y":1.338},{"time":0.8333,"x":0.767,"y":0.767}]}}},"ship2":{"slots":{"chuandi":{"color":[{"time":0,"color":"ffffff00"},{"time":0.2667,"color":"fffffffe","curve":"stepped"},{"time":2,"color":"fffffffe"},{"time":2.1333,"color":"ffffff00"}],"attachment":[{"time":0,"name":"chuandi"}]},"ship":{"color":[{"time":0,"color":"ffffff00"},{"time":0.2667,"color":"fffffffe","curve":"stepped"},{"time":2,"color":"fffffffe"},{"time":2.1333,"color":"ffffff00"}],"attachment":[{"time":0,"name":"ship"}]},"shuibo01":{"color":[{"time":0,"color":"ffffff00"},{"time":0.2667,"color":"fffffffe","curve":"stepped"},{"time":2,"color":"fffffffe"},{"time":2.1333,"color":"ffffff00"}],"attachment":[{"time":0,"name":"shuibo01"},{"time":0.0667,"name":"shuibo02"},{"time":0.1333,"name":"shuibo03"},{"time":0.2,"name":"shuibo04"},{"time":0.2667,"name":"shuibo05"},{"time":0.3333,"name":"shuibo06"},{"time":0.4,"name":"shuibo07"},{"time":0.4667,"name":"shuibo08"},{"time":0.5333,"name":"shuibo01"},{"time":0.6,"name":"shuibo02"},{"time":0.6667,"name":"shuibo03"},{"time":0.7333,"name":"shuibo04"},{"time":0.8,"name":"shuibo05"},{"time":0.8667,"name":"shuibo06"},{"time":0.9333,"name":"shuibo07"},{"time":1,"name":"shuibo08"},{"time":1.0667,"name":"shuibo01"},{"time":1.1333,"name":"shuibo02"},{"time":1.2,"name":"shuibo03"},{"time":1.2667,"name":"shuibo04"},{"time":1.3333,"name":"shuibo05"},{"time":1.4,"name":"shuibo06"},{"time":1.4667,"name":"shuibo07"},{"time":1.5333,"name":"shuibo08"},{"time":1.6,"name":"shuibo01"},{"time":1.6667,"name":"shuibo02"},{"time":1.7333,"name":"shuibo03"},{"time":1.8,"name":"shuibo04"},{"time":1.8667,"name":"shuibo05"},{"time":1.9333,"name":"shuibo06"},{"time":2,"name":"shuibo07"},{"time":2.0667,"name":"shuibo08"},{"time":2.1333,"name":"shuibo08"}]},"shuihua01":{"color":[{"time":0,"color":"ffffff00"},{"time":0.2667,"color":"fffffffe","curve":"stepped"},{"time":2,"color":"fffffffe"},{"time":2.1333,"color":"ffffff00"}],"attachment":[{"time":0,"name":"shuihua01"},{"time":0.0667,"name":"shuihua02"},{"time":0.1333,"name":"shuihua03"},{"time":0.2,"name":"shuihua04"},{"time":0.2667,"name":"shuihua01"},{"time":0.3333,"name":"shuihua02"},{"time":0.4,"name":"shuihua03"},{"time":0.4667,"name":"shuihua04"},{"time":0.5333,"name":"shuihua01"},{"time":0.6,"name":"shuihua02"},{"time":0.6667,"name":"shuihua03"},{"time":0.7333,"name":"shuihua04"},{"time":0.8,"name":"shuihua01"},{"time":0.8667,"name":"shuihua02"},{"time":0.9333,"name":"shuihua03"},{"time":1,"name":"shuihua04"},{"time":1.0667,"name":"shuihua01"},{"time":1.1333,"name":"shuihua02"},{"time":1.2,"name":"shuihua03"},{"time":1.2667,"name":"shuihua04"},{"time":1.3333,"name":"shuihua01"},{"time":1.4,"name":"shuihua02"},{"time":1.4667,"name":"shuihua03"},{"time":1.5333,"name":"shuihua04"},{"time":1.6,"name":"shuihua01"},{"time":1.6667,"name":"shuihua02"},{"time":1.7333,"name":"shuihua03"},{"time":1.8,"name":"shuihua04"},{"time":1.8667,"name":"shuihua01"},{"time":1.9333,"name":"shuihua02"},{"time":2,"name":"shuihua03"},{"time":2.0667,"name":"shuihua04"}]},"shuiwen01":{"color":[{"time":0,"color":"ffffff00"},{"time":0.2667,"color":"fffffffe","curve":"stepped"},{"time":2,"color":"fffffffe"},{"time":2.1333,"color":"ffffff00"}],"attachment":[{"time":0,"name":"shuiwen01"},{"time":0.1,"name":"shuiwen02"},{"time":0.2,"name":"shuiwen03"},{"time":0.3,"name":"shuiwen04"},{"time":0.4,"name":"shuiwen01"},{"time":0.5,"name":"shuiwen02"},{"time":0.6,"name":"shuiwen03"},{"time":0.7,"name":"shuiwen04"},{"time":0.8,"name":"shuiwen01"},{"time":0.9,"name":"shuiwen02"},{"time":1,"name":"shuiwen03"},{"time":1.1,"name":"shuiwen04"},{"time":1.2,"name":"shuiwen01"},{"time":1.3,"name":"shuiwen02"},{"time":1.4,"name":"shuiwen03"},{"time":1.5,"name":"shuiwen04"},{"time":1.6,"name":"shuiwen01"},{"time":1.7,"name":"shuiwen02"},{"time":1.8,"name":"shuiwen03"},{"time":1.9,"name":"shuiwen04"},{"time":2,"name":"shuiwen01"},{"time":2.1,"name":"shuiwen02"}]},"yinying01":{"color":[{"time":0,"color":"ffffff00"},{"time":0.1667,"color":"fffffffe","curve":"stepped"},{"time":2,"color":"fffffffe"},{"time":2.1333,"color":"ffffff00"}],"attachment":[{"time":0,"name":"yinying01"},{"time":0.0667,"name":"yinying02"},{"time":0.1333,"name":"yinying03"},{"time":0.2,"name":"yinying04"},{"time":0.2667,"name":"yinying05"},{"time":0.3333,"name":"yinying06"},{"time":0.4,"name":"yinying07"},{"time":0.4667,"name":"yinying08"},{"time":0.5333,"name":"yinying01"},{"time":0.6,"name":"yinying02"},{"time":0.6667,"name":"yinying03"},{"time":0.7333,"name":"yinying04"},{"time":0.8,"name":"yinying05"},{"time":0.8667,"name":"yinying06"},{"time":0.9333,"name":"yinying07"},{"time":1,"name":"yinying08"},{"time":1.0667,"name":"yinying01"},{"time":1.1333,"name":"yinying02"},{"time":1.2,"name":"yinying03"},{"time":1.2667,"name":"yinying04"},{"time":1.3333,"name":"yinying05"},{"time":1.4,"name":"yinying06"},{"time":1.4667,"name":"yinying07"},{"time":1.5333,"name":"yinying08"},{"time":1.6,"name":"yinying01"},{"time":1.6667,"name":"yinying02"},{"time":1.7333,"name":"yinying03"},{"time":1.8,"name":"yinying04"},{"time":1.8667,"name":"yinying05"},{"time":1.9333,"name":"yinying06"},{"time":2,"name":"yinying07"},{"time":2.0667,"name":"yinying08"},{"time":2.1333,"name":"yinying08"}]}},"bones":{"ship":{"translate":[{"time":0,"x":0,"y":0},{"time":0.2667,"x":0,"y":1.69},{"time":0.5333,"x":0,"y":0},{"time":0.8,"x":0,"y":1.69},{"time":1.0667,"x":0,"y":0},{"time":1.3333,"x":0,"y":1.69},{"time":1.6,"x":0,"y":0},{"time":1.8667,"x":0,"y":1.69},{"time":2.1333,"x":0,"y":0}]},"ship_zong":{"translate":[{"time":0,"x":227.39,"y":56.73},{"time":2.1333,"x":0,"y":0}],"scale":[{"time":0,"x":0.5,"y":0.5},{"time":2.1333,"x":1,"y":1}]}}}}}