{
  "ID": "b1eec15c-ef12-4ab6-968f-1f70186e3778",
  "Version": "3.10.0.0",
  "Name": "ClubInfoLayer",
  "Content": {
    "Content": {
      "Animation": {
        "Duration": 0,
        "Speed": 1.0,
        "Timelines": [],
        "ctype": "TimelineActionData"
      },
      "AnimationList": [],
      "ObjectData": {
        "Tag": 316,
        "Children": [
          {
            "FileData": {
              "Type": "Normal",
              "Path": "image/ui/club/club_item_bg2.png",
              "Plist": ""
            },
            "BlendFunc": {
              "Src": 1,
              "Dst": 771
            },
            "AnchorPoint": {},
            "Position": {
              "X": 3.363,
              "Y": 2.5935
            },
            "Scale": {
              "ScaleX": 1.0,
              "ScaleY": 1.0
            },
            "CColor": {},
            "IconVisible": false,
            "PrePosition": {
              "X": 0.0075,
              "Y": 0.0055
            },
            "PreSize": {
              "X": 0.7867,
              "Y": 0.9979
            },
            "LeftMargin": 3.363,
            "RightMargin": 92.637,
            "TopMargin": -1.5935,
            "BottomMargin": 2.5935,
            "Tag": 322,
            "ActionTag": -38528247,
            "Size": {
              "X": 354.0,
              "Y": 469.0
            },
            "Name": "club_bg",
            "ctype": "SpriteObjectData"
          },
          {
            "FileData": {
              "Type": "Normal",
              "Path": "appCommon/fydp/common/transparent/transparent_64x64.png",
              "Plist": ""
            },
            "BlendFunc": {
              "Src": 1,
              "Dst": 771
            },
            "AnchorPoint": {
              "ScaleX": 0.5,
              "ScaleY": 0.5
            },
            "Position": {
              "X": 88.0291,
              "Y": 237.8003
            },
            "Scale": {
              "ScaleX": 1.36,
              "ScaleY": 1.36
            },
            "CColor": {},
            "IconVisible": false,
            "PrePosition": {
              "X": 0.1956,
              "Y": 0.506
            },
            "PreSize": {
              "X": 0.1422,
              "Y": 0.1362
            },
            "LeftMargin": 56.0291,
            "RightMargin": 329.9709,
            "TopMargin": 200.1997,
            "BottomMargin": 205.8003,
            "Tag": 318,
            "ActionTag": -1841236678,
            "Size": {
              "X": 64.0,
              "Y": 64.0
            },
            "Name": "head",
            "ctype": "SpriteObjectData"
          },
          {
            "FontSize": 24,
            "LabelText": "999999",
            "FontResource": {
              "Type": "Normal",
              "Path": "image/fonts/FZZY.TTF",
              "Plist": ""
            },
            "OutlineColor": {
              "G": 0,
              "B": 0
            },
            "ShadowColor": {
              "R": 110,
              "G": 110,
              "B": 110
            },
            "ShadowOffsetX": 2.0,
            "ShadowOffsetY": -2.0,
            "AnchorPoint": {
              "ScaleY": 0.5
            },
            "Position": {
              "X": 230.8695,
              "Y": 216.4171
            },
            "Scale": {
              "ScaleX": 1.0,
              "ScaleY": 1.0
            },
            "CColor": {
              "R": 85,
              "G": 117,
              "B": 142
            },
            "IconVisible": false,
            "PrePosition": {
              "X": 0.513,
              "Y": 0.4605
            },
            "PreSize": {
              "X": 0.1778,
              "Y": 0.0574
            },
            "LeftMargin": 230.8695,
            "RightMargin": 139.1305,
            "TopMargin": 240.0829,
            "BottomMargin": 202.9171,
            "Tag": 320,
            "ActionTag": -716821749,
            "Size": {
              "X": 80.0,
              "Y": 27.0
            },
            "Name": "lb_id",
            "ctype": "TextObjectData"
          },
          {
            "FontSize": 24,
            "LabelText": "群主群主群主  ",
            "FontResource": {
              "Type": "Normal",
              "Path": "image/fonts/FZZY.TTF",
              "Plist": ""
            },
            "OutlineColor": {
              "G": 0,
              "B": 0
            },
            "ShadowColor": {
              "R": 110,
              "G": 110,
              "B": 110
            },
            "ShadowOffsetX": 2.0,
            "ShadowOffsetY": -2.0,
            "AnchorPoint": {
              "ScaleY": 0.5
            },
            "Position": {
              "X": 209.8559,
              "Y": 266.3739
            },
            "Scale": {
              "ScaleX": 1.0,
              "ScaleY": 1.0
            },
            "CColor": {
              "R": 85,
              "G": 117,
              "B": 142
            },
            "IconVisible": false,
            "PrePosition": {
              "X": 0.4663,
              "Y": 0.5668
            },
            "PreSize": {
              "X": 0.3333,
              "Y": 0.0574
            },
            "LeftMargin": 209.8559,
            "RightMargin": 90.1441,
            "TopMargin": 190.1261,
            "BottomMargin": 252.8739,
            "Tag": 321,
            "ActionTag": -1735828677,
            "Size": {
              "X": 150.0,
              "Y": 27.0
            },
            "Name": "lb_qz",
            "ctype": "TextObjectData"
          },
          {
            "FileData": {
              "Type": "Normal",
              "Path": "image/ui/club/club_item_img.png",
              "Plist": ""
            },
            "BlendFunc": {
              "Src": 1,
              "Dst": 771
            },
            "AnchorPoint": {
              "ScaleX": 0.5,
              "ScaleY": 0.5
            },
            "Position": {
              "X": 187.9195,
              "Y": 327.1845
            },
            "Scale": {
              "ScaleX": 1.0,
              "ScaleY": 1.0
            },
            "CColor": {},
            "IconVisible": false,
            "PrePosition": {
              "X": 0.4176,
              "Y": 0.6961
            },
            "PreSize": {
              "X": 0.6222,
              "Y": 0.1064
            },
            "LeftMargin": 47.9195,
            "RightMargin": 122.0805,
            "TopMargin": 117.8155,
            "BottomMargin": 302.1845,
            "Tag": 82,
            "ActionTag": -219499363,
            "Size": {
              "X": 280.0,
              "Y": 50.0
            },
            "Name": "club_item_img_18",
            "ctype": "SpriteObjectData"
          },
          {
            "FileData": {
              "Type": "Normal",
              "Path": "image/ui/club/club_item_word0.png",
              "Plist": ""
            },
            "BlendFunc": {
              "Src": 1,
              "Dst": 771
            },
            "AnchorPoint": {
              "ScaleX": 0.5,
              "ScaleY": 0.5
            },
            "Position": {
              "X": 180.2014,
              "Y": 427.5199
            },
            "Scale": {
              "ScaleX": 1.0,
              "ScaleY": 1.0
            },
            "CColor": {},
            "IconVisible": false,
            "PrePosition": {
              "X": 0.4004,
              "Y": 0.9096
            },
            "PreSize": {
              "X": 0.3022,
              "Y": 0.1447
            },
            "LeftMargin": 112.2014,
            "RightMargin": 201.7986,
            "TopMargin": 8.4801,
            "BottomMargin": 393.5199,
            "Tag": 83,
            "ActionTag": 1698915869,
            "Size": {
              "X": 136.0,
              "Y": 68.0
            },
            "Name": "club_item_word0_19",
            "ctype": "SpriteObjectData"
          },
          {
            "FileData": {
              "Type": "Normal",
              "Path": "image/ui/club/club_item_word1.png",
              "Plist": ""
            },
            "BlendFunc": {
              "Src": 1,
              "Dst": 771
            },
            "AnchorPoint": {
              "ScaleX": 0.5,
              "ScaleY": 0.5
            },
            "Position": {
              "X": 169.4633,
              "Y": 265.4397
            },
            "Scale": {
              "ScaleX": 1.0,
              "ScaleY": 1.0
            },
            "CColor": {},
            "IconVisible": false,
            "PrePosition": {
              "X": 0.3766,
              "Y": 0.5648
            },
            "PreSize": {
              "X": 0.1578,
              "Y": 0.0447
            },
            "LeftMargin": 133.9633,
            "RightMargin": 245.0367,
            "TopMargin": 194.0603,
            "BottomMargin": 254.9397,
            "Tag": 84,
            "ActionTag": 536391471,
            "Size": {
              "X": 71.0,
              "Y": 21.0
            },
            "Name": "club_item_word1_20",
            "ctype": "SpriteObjectData"
          },
          {
            "FileData": {
              "Type": "Normal",
              "Path": "image/ui/club/club_item_word2.png",
              "Plist": ""
            },
            "BlendFunc": {
              "Src": 1,
              "Dst": 771
            },
            "AnchorPoint": {
              "ScaleX": 0.5,
              "ScaleY": 0.5
            },
            "Position": {
              "X": 179.4632,
              "Y": 216.4171
            },
            "Scale": {
              "ScaleX": 1.0,
              "ScaleY": 1.0
            },
            "CColor": {},
            "IconVisible": false,
            "PrePosition": {
              "X": 0.3988,
              "Y": 0.4605
            },
            "PreSize": {
              "X": 0.2022,
              "Y": 0.0447
            },
            "LeftMargin": 133.9632,
            "RightMargin": 225.0368,
            "TopMargin": 243.0829,
            "BottomMargin": 205.9171,
            "Tag": 85,
            "ActionTag": -995024524,
            "Size": {
              "X": 91.0,
              "Y": 21.0
            },
            "Name": "club_item_word2_21",
            "ctype": "SpriteObjectData"
          },
          {
            "FileData": {
              "Type": "Normal",
              "Path": "image/ui/club/club_item_word4.png",
              "Plist": ""
            },
            "BlendFunc": {
              "Src": 1,
              "Dst": 771
            },
            "AnchorPoint": {
              "ScaleX": 0.5,
              "ScaleY": 0.5
            },
            "Position": {
              "X": 89.1045,
              "Y": 155.9933
            },
            "Scale": {
              "ScaleX": 1.0,
              "ScaleY": 1.0
            },
            "CColor": {},
            "IconVisible": false,
            "PrePosition": {
              "X": 0.198,
              "Y": 0.3319
            },
            "PreSize": {
              "X": 0.16,
              "Y": 0.0468
            },
            "LeftMargin": 53.1045,
            "RightMargin": 324.8955,
            "TopMargin": 303.0067,
            "BottomMargin": 144.9933,
            "Tag": 87,
            "ActionTag": 755262065,
            "Size": {
              "X": 72.0,
              "Y": 22.0
            },
            "Name": "club_item_word4_23",
            "ctype": "SpriteObjectData"
          },
          {
            "FileData": {
              "Type": "Normal",
              "Path": "image/ui/club/btn_in_club.png",
              "Plist": ""
            },
            "BlendFunc": {
              "Src": 1,
              "Dst": 771
            },
            "AnchorPoint": {
              "ScaleX": 0.5,
              "ScaleY": 0.5
            },
            "Position": {
              "X": 180.2016,
              "Y": 70.2098
            },
            "Scale": {
              "ScaleX": 1.0,
              "ScaleY": 1.0
            },
            "CColor": {},
            "IconVisible": false,
            "PrePosition": {
              "X": 0.4004,
              "Y": 0.1494
            },
            "PreSize": {
              "X": 0.6978,
              "Y": 0.1745
            },
            "LeftMargin": 23.2016,
            "RightMargin": 112.7984,
            "TopMargin": 358.7902,
            "BottomMargin": 29.2098,
            "Tag": 88,
            "ActionTag": 12647655,
            "Size": {
              "X": 314.0,
              "Y": 82.0
            },
            "Name": "btn_in_club",
            "ctype": "SpriteObjectData"
          },
          {
            "FontSize": 28,
            "LabelText": "俱乐部名称俱乐部名称",
            "FontResource": {
              "Type": "Normal",
              "Path": "image/fonts/FZZY.TTF",
              "Plist": ""
            },
            "HorizontalAlignmentType": "HT_Center",
            "VerticalAlignmentType": "VT_Center",
            "OutlineColor": {
              "G": 0,
              "B": 0
            },
            "ShadowColor": {
              "R": 110,
              "G": 110,
              "B": 110
            },
            "ShadowOffsetX": 2.0,
            "ShadowOffsetY": -2.0,
            "AnchorPoint": {
              "ScaleX": 0.5,
              "ScaleY": 0.5
            },
            "Position": {
              "X": 189.97,
              "Y": 326.5754
            },
            "Scale": {
              "ScaleX": 1.0,
              "ScaleY": 1.0
            },
            "CColor": {},
            "IconVisible": false,
            "PrePosition": {
              "X": 0.4222,
              "Y": 0.6948
            },
            "PreSize": {
              "X": 0.6289,
              "Y": 0.0681
            },
            "LeftMargin": 48.47,
            "RightMargin": 118.53,
            "TopMargin": 127.4246,
            "BottomMargin": 310.5754,
            "Tag": 319,
            "ActionTag": 1788342615,
            "Size": {
              "X": 283.0,
              "Y": 32.0
            },
            "Name": "lb_name",
            "ctype": "TextObjectData"
          },
          {
            "FontSize": 24,
            "LabelText": "群主:  ",
            "FontResource": {
              "Type": "Normal",
              "Path": "image/fonts/FZZY.TTF",
              "Plist": ""
            },
            "OutlineColor": {
              "G": 0,
              "B": 0
            },
            "ShadowColor": {
              "R": 110,
              "G": 110,
              "B": 110
            },
            "ShadowOffsetX": 2.0,
            "ShadowOffsetY": -2.0,
            "AnchorPoint": {
              "ScaleY": 0.5
            },
            "Position": {
              "X": 133.9364,
              "Y": 155.9932
            },
            "Scale": {
              "ScaleX": 1.0,
              "ScaleY": 1.0
            },
            "CColor": {
              "R": 85,
              "G": 117,
              "B": 142
            },
            "IconVisible": false,
            "PrePosition": {
              "X": 0.2976,
              "Y": 0.3319
            },
            "PreSize": {
              "X": 0.1333,
              "Y": 0.0574
            },
            "LeftMargin": 133.9364,
            "RightMargin": 256.0636,
            "TopMargin": 300.5068,
            "BottomMargin": 142.4932,
            "Tag": 198,
            "ActionTag": -1563419749,
            "Size": {
              "X": 60.0,
              "Y": 27.0
            },
            "Name": "lb_players",
            "ctype": "TextObjectData"
          },
          {
            "FontSize": 28,
            "LabelText": "群主:  ",
            "OutlineColor": {
              "G": 0,
              "B": 0
            },
            "ShadowColor": {
              "R": 110,
              "G": 110,
              "B": 110
            },
            "ShadowOffsetX": 2.0,
            "ShadowOffsetY": -2.0,
            "AnchorPoint": {
              "ScaleY": 0.5
            },
            "Position": {
              "X": 147.5754,
              "Y": -299.731
            },
            "Scale": {
              "ScaleX": 1.0,
              "ScaleY": 1.0
            },
            "CColor": {
              "R": 85,
              "G": 117,
              "B": 142
            },
            "IconVisible": false,
            "PrePosition": {
              "X": 0.3279,
              "Y": -0.6377
            },
            "PreSize": {
              "X": 0.1778,
              "Y": 0.0681
            },
            "LeftMargin": 147.5754,
            "RightMargin": 222.4246,
            "TopMargin": 753.731,
            "BottomMargin": -315.731,
            "Tag": 199,
            "ActionTag": -293831088,
            "Size": {
              "X": 80.0,
              "Y": 32.0
            },
            "Name": "lb_count",
            "ctype": "TextObjectData"
          }
        ],
        "Size": {
          "X": 450.0,
          "Y": 470.0
        },
        "Name": "Layer",
        "ctype": "LayerObjectData"
      },
      "UsedResources": [
        "../../appCommon/fydp/common/transparent/transparent_64x64.png",
        "../../image/fonts/FZZY.TTF",
        "../../image/ui/club/btn_in_club.png",
        "../../image/ui/club/club_item_bg2.png",
        "../../image/ui/club/club_item_img.png",
        "../../image/ui/club/club_item_word0.png",
        "../../image/ui/club/club_item_word1.png",
        "../../image/ui/club/club_item_word2.png",
        "../../image/ui/club/club_item_word4.png"
      ],
      "ctype": "GameFileData"
    }
  },
  "Type": "Layer"
}