{
  "ID": "ef6c4352-858c-405d-8f03-4fa0b7e26fed",
  "Version": "3.10.0.0",
  "Name": "ClubNoticeLayer",
  "Content": {
    "Content": {
      "Animation": {
        "Duration": 0,
        "Speed": 1.0,
        "Timelines": [],
        "ctype": "TimelineActionData"
      },
      "AnimationList": [],
      "ObjectData": {
        "Tag": 197,
        "Children": [
          {
            "ClipAble": false,
            "BackColorAlpha": 127,
            "ComboBoxIndex": 1,
            "SingleColor": {
              "R": 0,
              "G": 0,
              "B": 0
            },
            "FirstColor": {
              "R": 150,
              "G": 200
            },
            "EndColor": {},
            "ColorVector": {
              "ScaleY": 1.0
            },
            "Scale9Width": 1,
            "Scale9Height": 1,
            "TouchEnable": true,
            "AnchorPoint": {},
            "Position": {
              "X": 0.0,
              "Y": 0.0
            },
            "Scale": {
              "ScaleX": 1.0,
              "ScaleY": 1.0
            },
            "CColor": {},
            "IconVisible": false,
            "PrePosition": {
              "X": 0.0,
              "Y": 0.0
            },
            "PreSize": {
              "X": 1.0,
              "Y": 1.0
            },
            "Tag": 233,
            "ActionTag": 680691165,
            "Size": {
              "X": 1280.0,
              "Y": 720.0
            },
            "Name": "black",
            "ctype": "PanelObjectData"
          },
          {
            "FileData": {
              "Type": "Normal",
              "Path": "image/ui/club/view_show_bg.png",
              "Plist": ""
            },
            "BlendFunc": {
              "Src": 1,
              "Dst": 771
            },
            "AnchorPoint": {
              "ScaleX": 0.5,
              "ScaleY": 0.5
            },
            "Position": {
              "X": 640.0,
              "Y": 377.4361
            },
            "Scale": {
              "ScaleX": 1.0,
              "ScaleY": 1.0
            },
            "CColor": {},
            "IconVisible": false,
            "PositionPercentXEnabled": true,
            "PrePosition": {
              "X": 0.5,
              "Y": 0.5242
            },
            "PreSize": {
              "X": 0.5328,
              "Y": 0.6111
            },
            "LeftMargin": 299.0,
            "RightMargin": 299.0,
            "TopMargin": 122.564,
            "BottomMargin": 157.4361,
            "Tag": 438,
            "ActionTag": 1809220305,
            "Size": {
              "X": 682.0,
              "Y": 440.0
            },
            "Name": "view_show_bg_2",
            "ctype": "SpriteObjectData"
          },
          {
            "IsCustomSize": true,
            "FontSize": 34,
            "LabelText": "亲爱的玩家，建议您选择微信登录。游客模式下的游戏数据在更换设备时将无法找回，确定登录吗",
            "FontResource": {
              "Type": "Normal",
              "Path": "image/fonts/FZZY.TTF",
              "Plist": ""
            },
            "HorizontalAlignmentType": "HT_Center",
            "VerticalAlignmentType": "VT_Center",
            "OutlineColor": {
              "R": 173,
              "G": 115,
              "B": 60
            },
            "ShadowColor": {
              "R": 110,
              "G": 110,
              "B": 110
            },
            "ShadowOffsetX": 2.0,
            "ShadowOffsetY": -2.0,
            "AnchorPoint": {
              "ScaleX": 0.5,
              "ScaleY": 1.0
            },
            "Position": {
              "X": 640.0,
              "Y": 460.9422
            },
            "Scale": {
              "ScaleX": 1.0,
              "ScaleY": 1.0
            },
            "CColor": {
              "R": 119,
              "G": 78,
              "B": 55
            },
            "IconVisible": false,
            "PositionPercentXEnabled": true,
            "PrePosition": {
              "X": 0.5,
              "Y": 0.6402
            },
            "PreSize": {
              "X": 0.3906,
              "Y": 0.2778
            },
            "LeftMargin": 390.0,
            "RightMargin": 390.0,
            "TopMargin": 259.0578,
            "BottomMargin": 260.9422,
            "Tag": 385,
            "ActionTag": 1586284696,
            "Size": {
              "X": 500.0,
              "Y": 200.0
            },
            "Name": "lb_content",
            "ctype": "TextObjectData"
          },
          {
            "FileData": {
              "Type": "Normal",
              "Path": "image/ui/club/btn_close2.png",
              "Plist": ""
            },
            "BlendFunc": {
              "Src": 1,
              "Dst": 771
            },
            "AnchorPoint": {
              "ScaleX": 0.5,
              "ScaleY": 0.5
            },
            "Position": {
              "X": 962.3525,
              "Y": 520.2444
            },
            "Scale": {
              "ScaleX": 1.0,
              "ScaleY": 1.0
            },
            "CColor": {},
            "IconVisible": false,
            "PrePosition": {
              "X": 0.7518,
              "Y": 0.7226
            },
            "PreSize": {
              "X": 0.05,
              "Y": 0.0889
            },
            "LeftMargin": 930.3525,
            "RightMargin": 285.6475,
            "TopMargin": 167.7556,
            "BottomMargin": 488.2444,
            "Tag": 439,
            "ActionTag": -1266171990,
            "Size": {
              "X": 64.0,
              "Y": 64.0
            },
            "Name": "btn_back",
            "ctype": "SpriteObjectData"
          },
          {
            "FileData": {
              "Type": "Normal",
              "Path": "image/ui/club/word_gonggao.png",
              "Plist": ""
            },
            "BlendFunc": {
              "Src": 1,
              "Dst": 771
            },
            "AnchorPoint": {
              "ScaleX": 0.5,
              "ScaleY": 0.5
            },
            "Position": {
              "X": 641.2119,
              "Y": 549.4445
            },
            "Scale": {
              "ScaleX": 1.0,
              "ScaleY": 1.0
            },
            "CColor": {},
            "IconVisible": false,
            "PrePosition": {
              "X": 0.5009,
              "Y": 0.7631
            },
            "PreSize": {
              "X": 0.093,
              "Y": 0.0986
            },
            "LeftMargin": 581.7119,
            "RightMargin": 579.2881,
            "TopMargin": 135.0555,
            "BottomMargin": 513.9445,
            "Tag": 440,
            "ActionTag": 974683198,
            "Size": {
              "X": 119.0,
              "Y": 71.0
            },
            "Name": "word_gonggao_3",
            "ctype": "SpriteObjectData"
          }
        ],
        "Size": {
          "X": 1280.0,
          "Y": 720.0
        },
        "Name": "Layer",
        "ctype": "LayerObjectData"
      },
      "UsedResources": [
        "../../image/fonts/FZZY.TTF",
        "../../image/ui/club/btn_close2.png",
        "../../image/ui/club/view_show_bg.png",
        "../../image/ui/club/word_gonggao.png"
      ],
      "ctype": "GameFileData"
    }
  },
  "Type": "Layer"
}