{
  "ID": "4f81d910-f7e9-4447-aa13-f46f6956f683",
  "Version": "3.10.0.0",
  "Name": "ClubMemberLayer",
  "Content": {
    "Content": {
      "Animation": {
        "Duration": 0,
        "Speed": 1.0,
        "Timelines": [],
        "ctype": "TimelineActionData"
      },
      "AnimationList": [],
      "ObjectData": {
        "Tag": 133,
        "Children": [
          {
            "ClipAble": false,
            "BackColorAlpha": 182,
            "ComboBoxIndex": 1,
            "SingleColor": {
              "R": 0,
              "G": 0,
              "B": 0
            },
            "FirstColor": {
              "R": 150,
              "G": 200
            },
            "EndColor": {},
            "ColorVector": {
              "ScaleY": 1.0
            },
            "Scale9Width": 1,
            "Scale9Height": 1,
            "TouchEnable": true,
            "AnchorPoint": {},
            "Position": {
              "X": 0.0,
              "Y": -400.0
            },
            "Scale": {
              "ScaleX": 1.0,
              "ScaleY": 1.0
            },
            "CColor": {},
            "IconVisible": false,
            "PrePosition": {
              "X": 0.0,
              "Y": -0.5556
            },
            "PreSize": {
              "X": 1.0,
              "Y": 1.6667
            },
            "TopMargin": -80.0,
            "BottomMargin": -400.0,
            "Tag": 207,
            "ActionTag": 349353458,
            "Size": {
              "X": 1280.0,
              "Y": 1200.0
            },
            "Name": "root",
            "ctype": "PanelObjectData"
          },
          {
            "FileData": {
              "Type": "Normal",
              "Path": "image/ui/club/club_msg_bg.png",
              "Plist": ""
            },
            "BlendFunc": {
              "Src": 1,
              "Dst": 771
            },
            "AnchorPoint": {
              "ScaleX": 0.5,
              "ScaleY": 0.5
            },
            "Position": {
              "X": 638.4292,
              "Y": 357.5298
            },
            "Scale": {
              "ScaleX": 1.0,
              "ScaleY": 1.0
            },
            "CColor": {},
            "IconVisible": false,
            "PrePosition": {
              "X": 0.4988,
              "Y": 0.4966
            },
            "PreSize": {
              "X": 0.982,
              "Y": 0.9875
            },
            "LeftMargin": 9.9292,
            "RightMargin": 13.0708,
            "TopMargin": 6.9702,
            "BottomMargin": 2.0298,
            "Tag": 184,
            "ActionTag": 934897184,
            "Size": {
              "X": 1257.0,
              "Y": 711.0
            },
            "Name": "club_msg_bg_2",
            "ctype": "SpriteObjectData"
          },
          {
            "FileData": {
              "Type": "Normal",
              "Path": "image/ui/club/btn_close2.png",
              "Plist": ""
            },
            "BlendFunc": {
              "Src": 1,
              "Dst": 771
            },
            "AnchorPoint": {
              "ScaleX": 0.5,
              "ScaleY": 0.5
            },
            "Position": {
              "X": 1239.6661,
              "Y": 646.7262
            },
            "Scale": {
              "ScaleX": 1.0,
              "ScaleY": 1.0
            },
            "CColor": {},
            "IconVisible": false,
            "PrePosition": {
              "X": 0.9685,
              "Y": 0.8982
            },
            "PreSize": {
              "X": 0.05,
              "Y": 0.0889
            },
            "LeftMargin": 1207.6661,
            "RightMargin": 8.3339,
            "TopMargin": 41.2738,
            "BottomMargin": 614.7262,
            "Tag": 182,
            "ActionTag": 2019257894,
            "Size": {
              "X": 64.0,
              "Y": 64.0
            },
            "Name": "btn_close",
            "ctype": "SpriteObjectData"
          },
          {
            "FileData": {
              "Type": "Normal",
              "Path": "image/ui/club/word_cylb.png",
              "Plist": ""
            },
            "BlendFunc": {
              "Src": 1,
              "Dst": 771
            },
            "AnchorPoint": {
              "ScaleX": 0.5,
              "ScaleY": 0.5
            },
            "Position": {
              "X": 640.3433,
              "Y": 668.3204
            },
            "Scale": {
              "ScaleX": 1.0,
              "ScaleY": 1.0
            },
            "CColor": {},
            "IconVisible": false,
            "PrePosition": {
              "X": 0.5003,
              "Y": 0.9282
            },
            "PreSize": {
              "X": 0.1563,
              "Y": 0.1042
            },
            "LeftMargin": 540.3433,
            "RightMargin": 539.6567,
            "TopMargin": 14.1796,
            "BottomMargin": 630.8204,
            "Tag": 138,
            "ActionTag": 1095894046,
            "Size": {
              "X": 200.0,
              "Y": 75.0
            },
            "Name": "word_cylb_4",
            "ctype": "SpriteObjectData"
          },
          {
            "FileData": {
              "Type": "Normal",
              "Path": "image/ui/club/msg_9_bg.png",
              "Plist": ""
            },
            "Scale9Enable": true,
            "Scale9OriginX": 16,
            "Scale9OriginY": 16,
            "Scale9Width": 18,
            "Scale9Height": 18,
            "AnchorPoint": {
              "ScaleX": 0.5,
              "ScaleY": 0.5
            },
            "Position": {
              "X": 637.73,
              "Y": 290.1497
            },
            "Scale": {
              "ScaleX": 1.0,
              "ScaleY": 1.0
            },
            "CColor": {},
            "IconVisible": false,
            "PrePosition": {
              "X": 0.4982,
              "Y": 0.403
            },
            "PreSize": {
              "X": 0.9375,
              "Y": 0.7042
            },
            "LeftMargin": 37.73,
            "RightMargin": 42.27,
            "TopMargin": 176.3503,
            "BottomMargin": 36.6497,
            "Tag": 185,
            "ActionTag": -1983755360,
            "Size": {
              "X": 1200.0,
              "Y": 507.0
            },
            "Name": "Image_1",
            "ctype": "ImageViewObjectData"
          },
          {
            "FileData": {
              "Type": "Normal",
              "Path": "image/ui/club/setting_set_bg.png",
              "Plist": ""
            },
            "BlendFunc": {
              "Src": 1,
              "Dst": 771
            },
            "AnchorPoint": {
              "ScaleX": 0.5,
              "ScaleY": 0.5
            },
            "Position": {
              "X": 637.8695,
              "Y": 520.0195
            },
            "Scale": {
              "ScaleX": 1.0,
              "ScaleY": 1.0
            },
            "CColor": {},
            "IconVisible": false,
            "PrePosition": {
              "X": 0.4983,
              "Y": 0.7222
            },
            "PreSize": {
              "X": 0.9,
              "Y": 0.0653
            },
            "LeftMargin": 61.8695,
            "RightMargin": 66.1305,
            "TopMargin": 176.4805,
            "BottomMargin": 496.5195,
            "Tag": 180,
            "ActionTag": -1315370441,
            "Size": {
              "X": 1152.0,
              "Y": 47.0
            },
            "Name": "setting_set_bg_6",
            "ctype": "SpriteObjectData"
          },
          {
            "InnerNodeSize": {
              "Width": 1152,
              "Height": 454
            },
            "ScrollDirectionType": "Vertical",
            "ClipAble": true,
            "BackColorAlpha": 0,
            "ComboBoxIndex": 1,
            "SingleColor": {
              "G": 150,
              "B": 100
            },
            "FirstColor": {
              "G": 150,
              "B": 100
            },
            "EndColor": {},
            "ColorVector": {
              "ScaleY": 1.0
            },
            "Scale9Width": 1,
            "Scale9Height": 1,
            "TouchEnable": true,
            "AnchorPoint": {},
            "Position": {
              "X": 62.9196,
              "Y": 44.2699
            },
            "Scale": {
              "ScaleX": 1.0,
              "ScaleY": 1.0
            },
            "CColor": {},
            "IconVisible": false,
            "PrePosition": {
              "X": 0.0492,
              "Y": 0.0615
            },
            "PreSize": {
              "X": 0.9,
              "Y": 0.6306
            },
            "LeftMargin": 62.9196,
            "RightMargin": 65.0803,
            "TopMargin": 221.7301,
            "BottomMargin": 44.2699,
            "Tag": 208,
            "ActionTag": -1873096051,
            "Size": {
              "X": 1152.0,
              "Y": 454.0
            },
            "Name": "scrolView",
            "ctype": "ScrollViewObjectData"
          },
          {
            "FontSize": 26,
            "LabelText": "身份     ",
            "HorizontalAlignmentType": "HT_Center",
            "OutlineColor": {
              "G": 0,
              "B": 0
            },
            "ShadowColor": {
              "R": 110,
              "G": 110,
              "B": 110
            },
            "ShadowOffsetX": 2.0,
            "ShadowOffsetY": -2.0,
            "AnchorPoint": {
              "ScaleX": 0.5,
              "ScaleY": 0.5
            },
            "Position": {
              "X": 814.4655,
              "Y": 516.8137
            },
            "Scale": {
              "ScaleX": 1.0,
              "ScaleY": 1.0
            },
            "CColor": {
              "R": 223,
              "G": 241
            },
            "IconVisible": false,
            "PrePosition": {
              "X": 0.6363,
              "Y": 0.7178
            },
            "PreSize": {
              "X": 0.0695,
              "Y": 0.0431
            },
            "LeftMargin": 769.9655,
            "RightMargin": 421.0345,
            "TopMargin": 187.6863,
            "BottomMargin": 501.3137,
            "Tag": 187,
            "ActionTag": 2130844129,
            "Size": {
              "X": 89.0,
              "Y": 31.0
            },
            "Name": "lb_shenfen",
            "ctype": "TextObjectData"
          },
          {
            "FontSize": 26,
            "LabelText": " 游戏ID ",
            "OutlineColor": {
              "G": 0,
              "B": 0
            },
            "ShadowColor": {
              "R": 110,
              "G": 110,
              "B": 110
            },
            "ShadowOffsetX": 2.0,
            "ShadowOffsetY": -2.0,
            "AnchorPoint": {
              "ScaleX": 0.5,
              "ScaleY": 0.5
            },
            "Position": {
              "X": 555.3698,
              "Y": 516.8137
            },
            "Scale": {
              "ScaleX": 1.0,
              "ScaleY": 1.0
            },
            "CColor": {
              "R": 223,
              "G": 241
            },
            "IconVisible": false,
            "PrePosition": {
              "X": 0.4339,
              "Y": 0.7178
            },
            "PreSize": {
              "X": 0.0727,
              "Y": 0.0431
            },
            "LeftMargin": 508.8698,
            "RightMargin": 678.1302,
            "TopMargin": 187.6863,
            "BottomMargin": 501.3137,
            "Tag": 188,
            "ActionTag": -1729332617,
            "Size": {
              "X": 93.0,
              "Y": 31.0
            },
            "Name": "lb_id",
            "ctype": "TextObjectData"
          },
          {
            "FontSize": 26,
            "LabelText": " 玩家昵称 ",
            "OutlineColor": {
              "G": 0,
              "B": 0
            },
            "ShadowColor": {
              "R": 110,
              "G": 110,
              "B": 110
            },
            "ShadowOffsetX": 2.0,
            "ShadowOffsetY": -2.0,
            "AnchorPoint": {
              "ScaleY": 0.5
            },
            "Position": {
              "X": 206.8796,
              "Y": 516.8137
            },
            "Scale": {
              "ScaleX": 1.0,
              "ScaleY": 1.0
            },
            "CColor": {
              "R": 223,
              "G": 241
            },
            "IconVisible": false,
            "PrePosition": {
              "X": 0.1616,
              "Y": 0.7178
            },
            "PreSize": {
              "X": 0.093,
              "Y": 0.0431
            },
            "LeftMargin": 206.8796,
            "RightMargin": 954.1204,
            "TopMargin": 187.6863,
            "BottomMargin": 501.3137,
            "Tag": 189,
            "ActionTag": -1374761548,
            "Size": {
              "X": 119.0,
              "Y": 31.0
            },
            "Name": "lb_name",
            "ctype": "TextObjectData"
          },
          {
            "FontSize": 26,
            "LabelText": " 操作 ",
            "OutlineColor": {
              "G": 0,
              "B": 0
            },
            "ShadowColor": {
              "R": 110,
              "G": 110,
              "B": 110
            },
            "ShadowOffsetX": 2.0,
            "ShadowOffsetY": -2.0,
            "AnchorPoint": {
              "ScaleY": 0.5
            },
            "Position": {
              "X": 1010.557,
              "Y": 517.1345
            },
            "Scale": {
              "ScaleX": 1.0,
              "ScaleY": 1.0
            },
            "CColor": {
              "R": 223,
              "G": 241
            },
            "IconVisible": false,
            "PrePosition": {
              "X": 0.7895,
              "Y": 0.7182
            },
            "PreSize": {
              "X": 0.0523,
              "Y": 0.0431
            },
            "LeftMargin": 1010.557,
            "RightMargin": 202.443,
            "TopMargin": 187.3655,
            "BottomMargin": 501.6345,
            "Tag": 190,
            "ActionTag": 359038943,
            "Size": {
              "X": 67.0,
              "Y": 31.0
            },
            "Name": "lb_shenfen_0",
            "ctype": "TextObjectData"
          },
          {
            "AnchorPoint": {},
            "Position": {
              "X": 1039.9399,
              "Y": 148.0
            },
            "Scale": {
              "ScaleX": 1.0,
              "ScaleY": 1.0
            },
            "CColor": {},
            "IconVisible": true,
            "PrePosition": {
              "X": 0.8125,
              "Y": 0.2056
            },
            "PreSize": {
              "X": 0.0,
              "Y": 0.0
            },
            "LeftMargin": 1039.9399,
            "RightMargin": 240.0601,
            "TopMargin": 572.0,
            "BottomMargin": 148.0,
            "Tag": 315,
            "Children": [
              {
                "ClipAble": false,
                "BackColorAlpha": 182,
                "SingleColor": {
                  "R": 0,
                  "G": 0,
                  "B": 0
                },
                "FirstColor": {
                  "R": 150,
                  "G": 200
                },
                "EndColor": {},
                "ColorVector": {
                  "ScaleY": 1.0
                },
                "Scale9Width": 1,
                "Scale9Height": 1,
                "AnchorPoint": {},
                "Position": {
                  "X": -1031.1899,
                  "Y": -956.588
                },
                "Scale": {
                  "ScaleX": 1.0,
                  "ScaleY": 1.0
                },
                "CColor": {},
                "IconVisible": false,
                "PrePosition": {
                  "X": 0.0,
                  "Y": 0.0
                },
                "PreSize": {
                  "X": 0.0,
                  "Y": 0.0
                },
                "LeftMargin": -1031.1899,
                "RightMargin": -248.8101,
                "TopMargin": -993.412,
                "BottomMargin": -956.588,
                "Tag": 342,
                "ActionTag": 1085131380,
                "Size": {
                  "X": 1280.0,
                  "Y": 1950.0
                },
                "Name": "root",
                "ctype": "PanelObjectData"
              },
              {
                "FileData": {
                  "Type": "Normal",
                  "Path": "image/ui/club/setting_bg.png",
                  "Plist": ""
                },
                "BlendFunc": {
                  "Src": 1,
                  "Dst": 771
                },
                "AnchorPoint": {
                  "ScaleX": 0.5,
                  "ScaleY": 0.5
                },
                "Position": {
                  "X": -120.8978,
                  "Y": -2.9468
                },
                "Scale": {
                  "ScaleX": 1.0,
                  "ScaleY": 0.67
                },
                "CColor": {},
                "IconVisible": false,
                "PrePosition": {
                  "X": 0.0,
                  "Y": 0.0
                },
                "PreSize": {
                  "X": 0.0,
                  "Y": 0.0
                },
                "LeftMargin": -231.3978,
                "RightMargin": 10.3978,
                "TopMargin": -123.0532,
                "BottomMargin": -128.9468,
                "Tag": 179,
                "ActionTag": 154420059,
                "Size": {
                  "X": 221.0,
                  "Y": 252.0
                },
                "Name": "setting_bg_5",
                "ctype": "SpriteObjectData"
              },
              {
                "FileData": {
                  "Type": "Normal",
                  "Path": "image/ui/club/btn_setGM.png",
                  "Plist": ""
                },
                "BlendFunc": {
                  "Src": 1,
                  "Dst": 771
                },
                "AnchorPoint": {
                  "ScaleX": 0.5,
                  "ScaleY": 0.5
                },
                "Position": {
                  "X": -132.5468,
                  "Y": 35.1074
                },
                "Scale": {
                  "ScaleX": 1.0,
                  "ScaleY": 1.0
                },
                "CColor": {},
                "IconVisible": false,
                "PrePosition": {
                  "X": 0.0,
                  "Y": 0.0
                },
                "PreSize": {
                  "X": 0.0,
                  "Y": 0.0
                },
                "LeftMargin": -214.0468,
                "RightMargin": 51.0468,
                "TopMargin": -65.1074,
                "BottomMargin": 5.1074,
                "Tag": 178,
                "ActionTag": 315911458,
                "Size": {
                  "X": 163.0,
                  "Y": 60.0
                },
                "Name": "grade",
                "ctype": "SpriteObjectData"
              },
              {
                "FileData": {
                  "Type": "Normal",
                  "Path": "image/ui/club/btn_exit_club.png",
                  "Plist": ""
                },
                "BlendFunc": {
                  "Src": 1,
                  "Dst": 771
                },
                "AnchorPoint": {
                  "ScaleX": 0.5,
                  "ScaleY": 0.5
                },
                "Position": {
                  "X": 480.9078,
                  "Y": 61.7612
                },
                "Scale": {
                  "ScaleX": 1.0,
                  "ScaleY": 1.0
                },
                "CColor": {},
                "IconVisible": false,
                "PrePosition": {
                  "X": 0.0,
                  "Y": 0.0
                },
                "PreSize": {
                  "X": 0.0,
                  "Y": 0.0
                },
                "LeftMargin": 399.4078,
                "RightMargin": -562.4078,
                "TopMargin": -91.7612,
                "BottomMargin": 31.7612,
                "Tag": 466,
                "ActionTag": 1544010314,
                "Size": {
                  "X": 163.0,
                  "Y": 60.0
                },
                "Name": "btn_exit",
                "ctype": "SpriteObjectData"
              },
              {
                "FileData": {
                  "Type": "Normal",
                  "Path": "image/ui/club/btn_remove.png",
                  "Plist": ""
                },
                "BlendFunc": {
                  "Src": 1,
                  "Dst": 771
                },
                "AnchorPoint": {
                  "ScaleX": 0.5,
                  "ScaleY": 0.5
                },
                "Position": {
                  "X": -132.3818,
                  "Y": -36.6152
                },
                "Scale": {
                  "ScaleX": 1.0,
                  "ScaleY": 1.0
                },
                "CColor": {},
                "IconVisible": false,
                "PrePosition": {
                  "X": 0.0,
                  "Y": 0.0
                },
                "PreSize": {
                  "X": 0.0,
                  "Y": 0.0
                },
                "LeftMargin": -213.8818,
                "RightMargin": 50.8818,
                "TopMargin": 6.6152,
                "BottomMargin": -66.6152,
                "Tag": 177,
                "ActionTag": -1527214340,
                "Size": {
                  "X": 163.0,
                  "Y": 60.0
                },
                "Name": "remove",
                "ctype": "SpriteObjectData"
              }
            ],
            "ActionTag": -406557329,
            "Size": {
              "X": 0.0,
              "Y": 0.0
            },
            "Name": "setting",
            "ctype": "SingleNodeObjectData"
          },
          {
            "FileData": {
              "Type": "Normal",
              "Path": "image/ui/club/btn_find.png",
              "Plist": ""
            },
            "BlendFunc": {
              "Src": 1,
              "Dst": 771
            },
            "AnchorPoint": {
              "ScaleX": 0.5,
              "ScaleY": 0.5
            },
            "Position": {
              "X": 892.6533,
              "Y": 586.5693
            },
            "Scale": {
              "ScaleX": 1.0,
              "ScaleY": 1.0
            },
            "CColor": {},
            "IconVisible": false,
            "PrePosition": {
              "X": 0.6974,
              "Y": 0.8147
            },
            "PreSize": {
              "X": 0.1695,
              "Y": 0.1028
            },
            "LeftMargin": 784.1533,
            "RightMargin": 278.8467,
            "TopMargin": 96.4307,
            "BottomMargin": 549.5693,
            "Tag": 363,
            "ActionTag": 389532742,
            "Size": {
              "X": 217.0,
              "Y": 74.0
            },
            "Name": "btn_find",
            "ctype": "SpriteObjectData"
          },
          {
            "FileData": {
              "Type": "Normal",
              "Path": "image/ui/club/input_bg2.png",
              "Plist": ""
            },
            "BlendFunc": {
              "Src": 1,
              "Dst": 771
            },
            "AnchorPoint": {
              "ScaleX": 0.5,
              "ScaleY": 0.5
            },
            "Position": {
              "X": 501.2455,
              "Y": 587.025
            },
            "Scale": {
              "ScaleX": 1.0,
              "ScaleY": 1.0
            },
            "CColor": {},
            "IconVisible": false,
            "PrePosition": {
              "X": 0.3916,
              "Y": 0.8153
            },
            "PreSize": {
              "X": 0.3938,
              "Y": 0.0833
            },
            "LeftMargin": 249.2455,
            "RightMargin": 526.7545,
            "TopMargin": 102.975,
            "BottomMargin": 557.025,
            "Tag": 378,
            "ActionTag": -644943639,
            "Size": {
              "X": 504.0,
              "Y": 60.0
            },
            "Name": "Sprite_2",
            "ctype": "SpriteObjectData"
          },
          {
            "FontSize": 30,
            "IsCustomSize": true,
            "LabelText": "",
            "PlaceHolderText": "请输入玩家昵称或者玩家ID",
            "MaxLengthEnable": true,
            "MaxLengthText": 18,
            "TouchEnable": true,
            "AnchorPoint": {
              "ScaleX": 0.5,
              "ScaleY": 0.5
            },
            "Position": {
              "X": 501.2433,
              "Y": 587.0262
            },
            "Scale": {
              "ScaleX": 1.0,
              "ScaleY": 1.0
            },
            "CColor": {},
            "IconVisible": false,
            "PrePosition": {
              "X": 0.3916,
              "Y": 0.8153
            },
            "PreSize": {
              "X": 0.3773,
              "Y": 0.0764
            },
            "LeftMargin": 259.7433,
            "RightMargin": 537.2567,
            "TopMargin": 105.4738,
            "BottomMargin": 559.5262,
            "CallBackType": "Click",
            "CallBackName": "click",
            "Tag": 377,
            "ActionTag": 795322541,
            "Size": {
              "X": 483.0,
              "Y": 55.0
            },
            "Name": "input",
            "ctype": "TextFieldObjectData"
          }
        ],
        "Size": {
          "X": 1280.0,
          "Y": 720.0
        },
        "Name": "Layer",
        "ctype": "LayerObjectData"
      },
      "UsedResources": [
        "../../image/ui/club/btn_close2.png",
        "../../image/ui/club/btn_exit_club.png",
        "../../image/ui/club/btn_find.png",
        "../../image/ui/club/btn_remove.png",
        "../../image/ui/club/btn_setGM.png",
        "../../image/ui/club/club_msg_bg.png",
        "../../image/ui/club/input_bg2.png",
        "../../image/ui/club/msg_9_bg.png",
        "../../image/ui/club/setting_bg.png",
        "../../image/ui/club/setting_set_bg.png",
        "../../image/ui/club/word_cylb.png"
      ],
      "ctype": "GameFileData"
    }
  },
  "Type": "Layer"
}