{
  "ID": "d19deb9a-c077-47ed-9f1e-b5dae1f60f05",
  "Version": "3.10.0.0",
  "Name": "ClubTableItem",
  "Content": {
    "Content": {
      "Animation": {
        "Duration": 0,
        "Speed": 1.0,
        "Timelines": [],
        "ctype": "TimelineActionData"
      },
      "AnimationList": [],
      "ObjectData": {
        "Tag": 316,
        "Children": [
          {
            "FileData": {
              "Type": "Normal",
              "Path": "image/ui/club/table_for_4.png",
              "Plist": ""
            },
            "BlendFunc": {
              "Src": 1,
              "Dst": 771
            },
            "AnchorPoint": {
              "ScaleX": 0.5,
              "ScaleY": 0.5
            },
            "Position": {
              "X": 165.2648,
              "Y": 109.475
            },
            "Scale": {
              "ScaleX": 1.0,
              "ScaleY": 1.0
            },
            "CColor": {},
            "IconVisible": false,
            "PrePosition": {
              "X": 0.5509,
              "Y": 0.4211
            },
            "PreSize": {
              "X": 0.69,
              "Y": 0.8308
            },
            "LeftMargin": 61.7648,
            "RightMargin": 31.2352,
            "TopMargin": 42.525,
            "BottomMargin": 1.475,
            "Tag": 122,
            "Children": [
              {
                "FileData": {
                  "Type": "Normal",
                  "Path": "image/ui/club/icon_wait.png",
                  "Plist": ""
                },
                "BlendFunc": {
                  "Src": 1,
                  "Dst": 771
                },
                "AnchorPoint": {
                  "ScaleX": 0.5,
                  "ScaleY": 0.5
                },
                "Position": {
                  "X": 103.842,
                  "Y": 127.9342
                },
                "Scale": {
                  "ScaleX": 1.0,
                  "ScaleY": 1.0
                },
                "CColor": {},
                "IconVisible": false,
                "PrePosition": {
                  "X": 0.5017,
                  "Y": 0.5923
                },
                "PreSize": {
                  "X": 0.4058,
                  "Y": 0.25
                },
                "LeftMargin": 61.842,
                "RightMargin": 61.158,
                "TopMargin": 61.0658,
                "BottomMargin": 100.9342,
                "Tag": 123,
                "ActionTag": -961503919,
                "Size": {
                  "X": 84.0,
                  "Y": 54.0
                },
                "Name": "state",
                "ctype": "SpriteObjectData"
              },
              {
                "FileData": {
                  "Type": "Normal",
                  "Path": "appCommon/fydp/common/transparent/transparent.png",
                  "Plist": ""
                },
                "BlendFunc": {
                  "Src": 1,
                  "Dst": 771
                },
                "AnchorPoint": {
                  "ScaleX": 0.5,
                  "ScaleY": 0.5
                },
                "Position": {
                  "X": 41.8536,
                  "Y": 68.7616
                },
                "Scale": {
                  "ScaleX": 1.0,
                  "ScaleY": 1.0
                },
                "CColor": {},
                "IconVisible": false,
                "PrePosition": {
                  "X": 0.2022,
                  "Y": 0.3183
                },
                "PreSize": {
                  "X": 0.0048,
                  "Y": 0.0046
                },
                "LeftMargin": 41.3536,
                "RightMargin": 164.6464,
                "TopMargin": 146.7384,
                "BottomMargin": 68.2616,
                "Tag": 133,
                "Children": [
                  {
                    "FileData": {
                      "Type": "Normal",
                      "Path": "appCommon/fydp/common/transparent/transparent_64x64.png",
                      "Plist": ""
                    },
                    "BlendFunc": {
                      "Src": 1,
                      "Dst": 771
                    },
                    "AnchorPoint": {
                      "ScaleX": 0.5,
                      "ScaleY": 0.5
                    },
                    "Position": {
                      "X": 0.9859,
                      "Y": -0.0687
                    },
                    "Scale": {
                      "ScaleX": 0.77,
                      "ScaleY": 0.77
                    },
                    "CColor": {},
                    "IconVisible": false,
                    "PrePosition": {
                      "X": 0.9859,
                      "Y": -0.0687
                    },
                    "PreSize": {
                      "X": 64.0,
                      "Y": 64.0
                    },
                    "LeftMargin": -31.0141,
                    "RightMargin": -31.9859,
                    "TopMargin": -30.9313,
                    "BottomMargin": -32.0687,
                    "Tag": 134,
                    "ActionTag": -1705828082,
                    "Size": {
                      "X": 64.0,
                      "Y": 64.0
                    },
                    "Name": "head",
                    "ctype": "SpriteObjectData"
                  },
                  {
                    "FileData": {
                      "Type": "Normal",
                      "Path": "image/ui/club/head_bg2.png",
                      "Plist": ""
                    },
                    "BlendFunc": {
                      "Src": 1,
                      "Dst": 771
                    },
                    "AnchorPoint": {
                      "ScaleX": 0.5,
                      "ScaleY": 0.5
                    },
                    "Position": {
                      "X": 0.6178,
                      "Y": -9.6404
                    },
                    "Scale": {
                      "ScaleX": 1.0,
                      "ScaleY": 1.0
                    },
                    "CColor": {},
                    "IconVisible": false,
                    "PrePosition": {
                      "X": 0.6178,
                      "Y": -9.6404
                    },
                    "PreSize": {
                      "X": 100.0,
                      "Y": 73.0
                    },
                    "LeftMargin": -49.3822,
                    "RightMargin": -49.6178,
                    "TopMargin": -25.8596,
                    "BottomMargin": -46.1404,
                    "Tag": 374,
                    "ActionTag": 1300973595,
                    "Size": {
                      "X": 100.0,
                      "Y": 73.0
                    },
                    "Name": "head_bg2_3",
                    "ctype": "SpriteObjectData"
                  },
                  {
                    "FontSize": 18,
                    "LabelText": " 玩家名字啊 ",
                    "HorizontalAlignmentType": "HT_Center",
                    "VerticalAlignmentType": "VT_Center",
                    "OutlineColor": {
                      "G": 0,
                      "B": 0
                    },
                    "ShadowColor": {
                      "R": 110,
                      "G": 110,
                      "B": 110
                    },
                    "ShadowOffsetX": 2.0,
                    "ShadowOffsetY": -2.0,
                    "AnchorPoint": {
                      "ScaleX": 0.5,
                      "ScaleY": 0.5
                    },
                    "Position": {
                      "X": 0.6181,
                      "Y": -36.2726
                    },
                    "Scale": {
                      "ScaleX": 1.0,
                      "ScaleY": 1.0
                    },
                    "CColor": {
                      "R": 221,
                      "G": 217,
                      "B": 191
                    },
                    "IconVisible": false,
                    "PrePosition": {
                      "X": 0.6181,
                      "Y": -36.2726
                    },
                    "PreSize": {
                      "X": 101.0,
                      "Y": 21.0
                    },
                    "LeftMargin": -49.8819,
                    "RightMargin": -50.1181,
                    "TopMargin": 26.7726,
                    "BottomMargin": -46.7726,
                    "Tag": 375,
                    "ActionTag": 2028692308,
                    "Size": {
                      "X": 101.0,
                      "Y": 21.0
                    },
                    "Name": "lb_name",
                    "ctype": "TextObjectData"
                  }
                ],
                "ActionTag": -1116881392,
                "Size": {
                  "X": 1.0,
                  "Y": 1.0
                },
                "Name": "row4",
                "ctype": "SpriteObjectData"
              },
              {
                "FileData": {
                  "Type": "Normal",
                  "Path": "appCommon/fydp/common/transparent/transparent.png",
                  "Plist": ""
                },
                "BlendFunc": {
                  "Src": 1,
                  "Dst": 771
                },
                "AnchorPoint": {
                  "ScaleX": 0.5,
                  "ScaleY": 0.5
                },
                "Position": {
                  "X": 163.85,
                  "Y": 68.76
                },
                "Scale": {
                  "ScaleX": 1.0,
                  "ScaleY": 1.0
                },
                "CColor": {},
                "IconVisible": false,
                "PrePosition": {
                  "X": 0.7915,
                  "Y": 0.3183
                },
                "PreSize": {
                  "X": 0.0048,
                  "Y": 0.0046
                },
                "LeftMargin": 163.35,
                "RightMargin": 42.65,
                "TopMargin": 146.74,
                "BottomMargin": 68.26,
                "Tag": 376,
                "Children": [
                  {
                    "FileData": {
                      "Type": "Normal",
                      "Path": "appCommon/fydp/common/transparent/transparent_64x64.png",
                      "Plist": ""
                    },
                    "BlendFunc": {
                      "Src": 1,
                      "Dst": 771
                    },
                    "AnchorPoint": {
                      "ScaleX": 0.5,
                      "ScaleY": 0.5
                    },
                    "Position": {
                      "X": 0.9859,
                      "Y": -0.0687
                    },
                    "Scale": {
                      "ScaleX": 0.77,
                      "ScaleY": 0.77
                    },
                    "CColor": {},
                    "IconVisible": false,
                    "PrePosition": {
                      "X": 0.9859,
                      "Y": -0.0687
                    },
                    "PreSize": {
                      "X": 64.0,
                      "Y": 64.0
                    },
                    "LeftMargin": -31.0141,
                    "RightMargin": -31.9859,
                    "TopMargin": -30.9313,
                    "BottomMargin": -32.0687,
                    "Tag": 377,
                    "ActionTag": -2121597888,
                    "Size": {
                      "X": 64.0,
                      "Y": 64.0
                    },
                    "Name": "head",
                    "ctype": "SpriteObjectData"
                  },
                  {
                    "FileData": {
                      "Type": "Normal",
                      "Path": "image/ui/club/head_bg2.png",
                      "Plist": ""
                    },
                    "BlendFunc": {
                      "Src": 1,
                      "Dst": 771
                    },
                    "AnchorPoint": {
                      "ScaleX": 0.5,
                      "ScaleY": 0.5
                    },
                    "Position": {
                      "X": 0.6178,
                      "Y": -9.6404
                    },
                    "Scale": {
                      "ScaleX": 1.0,
                      "ScaleY": 1.0
                    },
                    "CColor": {},
                    "IconVisible": false,
                    "PrePosition": {
                      "X": 0.6178,
                      "Y": -9.6404
                    },
                    "PreSize": {
                      "X": 100.0,
                      "Y": 73.0
                    },
                    "LeftMargin": -49.3822,
                    "RightMargin": -49.6178,
                    "TopMargin": -25.8596,
                    "BottomMargin": -46.1404,
                    "Tag": 378,
                    "ActionTag": -2110945310,
                    "Size": {
                      "X": 100.0,
                      "Y": 73.0
                    },
                    "Name": "head_bg2_3",
                    "ctype": "SpriteObjectData"
                  },
                  {
                    "FontSize": 18,
                    "LabelText": " 玩家名字啊 ",
                    "HorizontalAlignmentType": "HT_Center",
                    "VerticalAlignmentType": "VT_Center",
                    "OutlineColor": {
                      "G": 0,
                      "B": 0
                    },
                    "ShadowColor": {
                      "R": 110,
                      "G": 110,
                      "B": 110
                    },
                    "ShadowOffsetX": 2.0,
                    "ShadowOffsetY": -2.0,
                    "AnchorPoint": {
                      "ScaleX": 0.5,
                      "ScaleY": 0.5
                    },
                    "Position": {
                      "X": 0.6181,
                      "Y": -36.2726
                    },
                    "Scale": {
                      "ScaleX": 1.0,
                      "ScaleY": 1.0
                    },
                    "CColor": {
                      "R": 221,
                      "G": 217,
                      "B": 191
                    },
                    "IconVisible": false,
                    "PrePosition": {
                      "X": 0.6181,
                      "Y": -36.2726
                    },
                    "PreSize": {
                      "X": 101.0,
                      "Y": 21.0
                    },
                    "LeftMargin": -49.8819,
                    "RightMargin": -50.1181,
                    "TopMargin": 26.7726,
                    "BottomMargin": -46.7726,
                    "Tag": 379,
                    "ActionTag": 2079946487,
                    "Size": {
                      "X": 101.0,
                      "Y": 21.0
                    },
                    "Name": "lb_name",
                    "ctype": "TextObjectData"
                  }
                ],
                "ActionTag": -2082437746,
                "Size": {
                  "X": 1.0,
                  "Y": 1.0
                },
                "Name": "row3",
                "ctype": "SpriteObjectData"
              },
              {
                "FileData": {
                  "Type": "Normal",
                  "Path": "appCommon/fydp/common/transparent/transparent.png",
                  "Plist": ""
                },
                "BlendFunc": {
                  "Src": 1,
                  "Dst": 771
                },
                "AnchorPoint": {
                  "ScaleX": 0.5,
                  "ScaleY": 0.5
                },
                "Position": {
                  "X": 163.85,
                  "Y": 191.76
                },
                "Scale": {
                  "ScaleX": 1.0,
                  "ScaleY": 1.0
                },
                "CColor": {},
                "IconVisible": false,
                "PrePosition": {
                  "X": 0.7915,
                  "Y": 0.8878
                },
                "PreSize": {
                  "X": 0.0048,
                  "Y": 0.0046
                },
                "LeftMargin": 163.35,
                "RightMargin": 42.65,
                "TopMargin": 23.74,
                "BottomMargin": 191.26,
                "Tag": 380,
                "Children": [
                  {
                    "FileData": {
                      "Type": "Normal",
                      "Path": "appCommon/fydp/common/transparent/transparent_64x64.png",
                      "Plist": ""
                    },
                    "BlendFunc": {
                      "Src": 1,
                      "Dst": 771
                    },
                    "AnchorPoint": {
                      "ScaleX": 0.5,
                      "ScaleY": 0.5
                    },
                    "Position": {
                      "X": 0.9859,
                      "Y": -0.0687
                    },
                    "Scale": {
                      "ScaleX": 0.77,
                      "ScaleY": 0.77
                    },
                    "CColor": {},
                    "IconVisible": false,
                    "PrePosition": {
                      "X": 0.9859,
                      "Y": -0.0687
                    },
                    "PreSize": {
                      "X": 64.0,
                      "Y": 64.0
                    },
                    "LeftMargin": -31.0141,
                    "RightMargin": -31.9859,
                    "TopMargin": -30.9313,
                    "BottomMargin": -32.0687,
                    "Tag": 381,
                    "ActionTag": -104168135,
                    "Size": {
                      "X": 64.0,
                      "Y": 64.0
                    },
                    "Name": "head",
                    "ctype": "SpriteObjectData"
                  },
                  {
                    "FileData": {
                      "Type": "Normal",
                      "Path": "image/ui/club/head_bg2.png",
                      "Plist": ""
                    },
                    "BlendFunc": {
                      "Src": 1,
                      "Dst": 771
                    },
                    "AnchorPoint": {
                      "ScaleX": 0.5,
                      "ScaleY": 0.5
                    },
                    "Position": {
                      "X": 0.6178,
                      "Y": -9.6404
                    },
                    "Scale": {
                      "ScaleX": 1.0,
                      "ScaleY": 1.0
                    },
                    "CColor": {},
                    "IconVisible": false,
                    "PrePosition": {
                      "X": 0.6178,
                      "Y": -9.6404
                    },
                    "PreSize": {
                      "X": 100.0,
                      "Y": 73.0
                    },
                    "LeftMargin": -49.3822,
                    "RightMargin": -49.6178,
                    "TopMargin": -25.8596,
                    "BottomMargin": -46.1404,
                    "Tag": 382,
                    "ActionTag": 627902966,
                    "Size": {
                      "X": 100.0,
                      "Y": 73.0
                    },
                    "Name": "head_bg2_3",
                    "ctype": "SpriteObjectData"
                  },
                  {
                    "FontSize": 18,
                    "LabelText": " 玩家名字啊 ",
                    "HorizontalAlignmentType": "HT_Center",
                    "VerticalAlignmentType": "VT_Center",
                    "OutlineColor": {
                      "G": 0,
                      "B": 0
                    },
                    "ShadowColor": {
                      "R": 110,
                      "G": 110,
                      "B": 110
                    },
                    "ShadowOffsetX": 2.0,
                    "ShadowOffsetY": -2.0,
                    "AnchorPoint": {
                      "ScaleX": 0.5,
                      "ScaleY": 0.5
                    },
                    "Position": {
                      "X": 0.6181,
                      "Y": -36.2726
                    },
                    "Scale": {
                      "ScaleX": 1.0,
                      "ScaleY": 1.0
                    },
                    "CColor": {
                      "R": 221,
                      "G": 217,
                      "B": 191
                    },
                    "IconVisible": false,
                    "PrePosition": {
                      "X": 0.6181,
                      "Y": -36.2726
                    },
                    "PreSize": {
                      "X": 101.0,
                      "Y": 21.0
                    },
                    "LeftMargin": -49.8819,
                    "RightMargin": -50.1181,
                    "TopMargin": 26.7726,
                    "BottomMargin": -46.7726,
                    "Tag": 383,
                    "ActionTag": 1046038982,
                    "Size": {
                      "X": 101.0,
                      "Y": 21.0
                    },
                    "Name": "lb_name",
                    "ctype": "TextObjectData"
                  }
                ],
                "ActionTag": -1688529127,
                "Size": {
                  "X": 1.0,
                  "Y": 1.0
                },
                "Name": "row2",
                "ctype": "SpriteObjectData"
              },
              {
                "FileData": {
                  "Type": "Normal",
                  "Path": "appCommon/fydp/common/transparent/transparent.png",
                  "Plist": ""
                },
                "BlendFunc": {
                  "Src": 1,
                  "Dst": 771
                },
                "AnchorPoint": {
                  "ScaleX": 0.5,
                  "ScaleY": 0.5
                },
                "Position": {
                  "X": 41.85,
                  "Y": 189.76
                },
                "Scale": {
                  "ScaleX": 1.0,
                  "ScaleY": 1.0
                },
                "CColor": {},
                "IconVisible": false,
                "PrePosition": {
                  "X": 0.2022,
                  "Y": 0.8785
                },
                "PreSize": {
                  "X": 0.0048,
                  "Y": 0.0046
                },
                "LeftMargin": 41.35,
                "RightMargin": 164.65,
                "TopMargin": 25.74,
                "BottomMargin": 189.26,
                "Tag": 384,
                "Children": [
                  {
                    "FileData": {
                      "Type": "Normal",
                      "Path": "appCommon/fydp/common/transparent/transparent_64x64.png",
                      "Plist": ""
                    },
                    "BlendFunc": {
                      "Src": 1,
                      "Dst": 771
                    },
                    "AnchorPoint": {
                      "ScaleX": 0.5,
                      "ScaleY": 0.5
                    },
                    "Position": {
                      "X": 0.9859,
                      "Y": -0.0687
                    },
                    "Scale": {
                      "ScaleX": 0.77,
                      "ScaleY": 0.77
                    },
                    "CColor": {},
                    "IconVisible": false,
                    "PrePosition": {
                      "X": 0.9859,
                      "Y": -0.0687
                    },
                    "PreSize": {
                      "X": 64.0,
                      "Y": 64.0
                    },
                    "LeftMargin": -31.0141,
                    "RightMargin": -31.9859,
                    "TopMargin": -30.9313,
                    "BottomMargin": -32.0687,
                    "Tag": 385,
                    "ActionTag": -1926587500,
                    "Size": {
                      "X": 64.0,
                      "Y": 64.0
                    },
                    "Name": "head",
                    "ctype": "SpriteObjectData"
                  },
                  {
                    "FileData": {
                      "Type": "Normal",
                      "Path": "image/ui/club/head_bg2.png",
                      "Plist": ""
                    },
                    "BlendFunc": {
                      "Src": 1,
                      "Dst": 771
                    },
                    "AnchorPoint": {
                      "ScaleX": 0.5,
                      "ScaleY": 0.5
                    },
                    "Position": {
                      "X": 0.6178,
                      "Y": -9.6404
                    },
                    "Scale": {
                      "ScaleX": 1.0,
                      "ScaleY": 1.0
                    },
                    "CColor": {},
                    "IconVisible": false,
                    "PrePosition": {
                      "X": 0.6178,
                      "Y": -9.6404
                    },
                    "PreSize": {
                      "X": 100.0,
                      "Y": 73.0
                    },
                    "LeftMargin": -49.3822,
                    "RightMargin": -49.6178,
                    "TopMargin": -25.8596,
                    "BottomMargin": -46.1404,
                    "Tag": 386,
                    "ActionTag": 594507585,
                    "Size": {
                      "X": 100.0,
                      "Y": 73.0
                    },
                    "Name": "head_bg2_3",
                    "ctype": "SpriteObjectData"
                  },
                  {
                    "FontSize": 18,
                    "LabelText": " 玩家名字啊 ",
                    "HorizontalAlignmentType": "HT_Center",
                    "VerticalAlignmentType": "VT_Center",
                    "OutlineColor": {
                      "G": 0,
                      "B": 0
                    },
                    "ShadowColor": {
                      "R": 110,
                      "G": 110,
                      "B": 110
                    },
                    "ShadowOffsetX": 2.0,
                    "ShadowOffsetY": -2.0,
                    "AnchorPoint": {
                      "ScaleX": 0.5,
                      "ScaleY": 0.5
                    },
                    "Position": {
                      "X": 0.6181,
                      "Y": -36.2726
                    },
                    "Scale": {
                      "ScaleX": 1.0,
                      "ScaleY": 1.0
                    },
                    "CColor": {
                      "R": 221,
                      "G": 217,
                      "B": 191
                    },
                    "IconVisible": false,
                    "PrePosition": {
                      "X": 0.6181,
                      "Y": -36.2726
                    },
                    "PreSize": {
                      "X": 101.0,
                      "Y": 21.0
                    },
                    "LeftMargin": -49.8819,
                    "RightMargin": -50.1181,
                    "TopMargin": 26.7726,
                    "BottomMargin": -46.7726,
                    "Tag": 387,
                    "ActionTag": -1642951955,
                    "Size": {
                      "X": 101.0,
                      "Y": 21.0
                    },
                    "Name": "lb_name",
                    "ctype": "TextObjectData"
                  }
                ],
                "ActionTag": -271900605,
                "Size": {
                  "X": 1.0,
                  "Y": 1.0
                },
                "Name": "row1",
                "ctype": "SpriteObjectData"
              },
              {
                "FontSize": 18,
                "LabelText": " 房号:xxxxxxx ",
                "HorizontalAlignmentType": "HT_Center",
                "VerticalAlignmentType": "VT_Center",
                "OutlineColor": {
                  "G": 0,
                  "B": 0
                },
                "ShadowColor": {
                  "R": 110,
                  "G": 110,
                  "B": 110
                },
                "ShadowOffsetX": 2.0,
                "ShadowOffsetY": -2.0,
                "AnchorPoint": {
                  "ScaleX": 0.5,
                  "ScaleY": 0.5
                },
                "Position": {
                  "X": 104.6722,
                  "Y": 101.8027
                },
                "Scale": {
                  "ScaleX": 1.0,
                  "ScaleY": 1.0
                },
                "CColor": {},
                "IconVisible": false,
                "PrePosition": {
                  "X": 0.5057,
                  "Y": 0.4713
                },
                "PreSize": {
                  "X": 0.5556,
                  "Y": 0.0972
                },
                "LeftMargin": 47.1722,
                "RightMargin": 44.8278,
                "TopMargin": 103.6973,
                "BottomMargin": 91.3027,
                "Tag": 48,
                "ActionTag": 661141511,
                "Size": {
                  "X": 115.0,
                  "Y": 21.0
                },
                "Name": "lb_num",
                "ctype": "TextObjectData"
              }
            ],
            "ActionTag": 2008898282,
            "Size": {
              "X": 207.0,
              "Y": 216.0
            },
            "Name": "table",
            "ctype": "SpriteObjectData"
          },
          {
            "FileData": {
              "Type": "Normal",
              "Path": "image/ui/club/icon_start.png",
              "Plist": ""
            },
            "BlendFunc": {
              "Src": 1,
              "Dst": 771
            },
            "AnchorPoint": {
              "ScaleX": 0.5,
              "ScaleY": 0.5
            },
            "Position": {
              "X": 192.0,
              "Y": -424.0
            },
            "Scale": {
              "ScaleX": 1.0,
              "ScaleY": 1.0
            },
            "CColor": {},
            "IconVisible": false,
            "PrePosition": {
              "X": 0.64,
              "Y": -1.6308
            },
            "PreSize": {
              "X": 0.41,
              "Y": 0.2462
            },
            "LeftMargin": 130.5,
            "RightMargin": 46.5,
            "TopMargin": 652.0,
            "BottomMargin": -456.0,
            "Tag": 13,
            "ActionTag": -1153263025,
            "Size": {
              "X": 123.0,
              "Y": 64.0
            },
            "Name": "icon_start_1",
            "ctype": "SpriteObjectData"
          }
        ],
        "Size": {
          "X": 300.0,
          "Y": 260.0
        },
        "Name": "Layer",
        "ctype": "LayerObjectData"
      },
      "UsedResources": [
        "../../appCommon/fydp/common/transparent/transparent.png",
        "../../appCommon/fydp/common/transparent/transparent_64x64.png",
        "../../image/ui/club/head_bg2.png",
        "../../image/ui/club/icon_start.png",
        "../../image/ui/club/icon_wait.png",
        "../../image/ui/club/table_for_4.png"
      ],
      "ctype": "GameFileData"
    }
  },
  "Type": "Layer"
}