{
  "ID": "403491a5-d272-48b4-8c0c-b205a6639d5a",
  "Version": "3.10.0.0",
  "Name": "ClubShowTimeLayer",
  "Content": {
    "Content": {
      "Animation": {
        "Duration": 0,
        "Speed": 1.0,
        "Timelines": [],
        "ctype": "TimelineActionData"
      },
      "AnimationList": [],
      "ObjectData": {
        "Tag": 115,
        "Children": [
          {
            "ClipAble": false,
            "BackColorAlpha": 126,
            "ComboBoxIndex": 1,
            "SingleColor": {
              "R": 0,
              "G": 0,
              "B": 0
            },
            "FirstColor": {
              "R": 150,
              "G": 200
            },
            "EndColor": {},
            "ColorVector": {
              "ScaleY": 1.0
            },
            "Scale9Width": 1,
            "Scale9Height": 1,
            "TouchEnable": true,
            "AnchorPoint": {},
            "Position": {
              "X": 0.0,
              "Y": 0.0
            },
            "Scale": {
              "ScaleX": 1.0,
              "ScaleY": 1.0
            },
            "CColor": {},
            "IconVisible": false,
            "PrePosition": {
              "X": 0.0,
              "Y": 0.0
            },
            "PreSize": {
              "X": 1.0,
              "Y": 1.0
            },
            "Tag": 116,
            "ActionTag": 1966991642,
            "Size": {
              "X": 1280.0,
              "Y": 720.0
            },
            "Name": "Panel_1",
            "ctype": "PanelObjectData"
          },
          {
            "FileData": {
              "Type": "Normal",
              "Path": "image/ui/club/view_show_bg.png",
              "Plist": ""
            },
            "BlendFunc": {
              "Src": 1,
              "Dst": 771
            },
            "AnchorPoint": {
              "ScaleX": 0.5,
              "ScaleY": 0.5
            },
            "Position": {
              "X": 640.0,
              "Y": 360.0
            },
            "Scale": {
              "ScaleX": 1.28,
              "ScaleY": 1.35
            },
            "CColor": {},
            "IconVisible": false,
            "PositionPercentXEnabled": true,
            "PositionPercentYEnabled": true,
            "PrePosition": {
              "X": 0.5,
              "Y": 0.5
            },
            "PreSize": {
              "X": 0.5328,
              "Y": 0.6111
            },
            "LeftMargin": 299.0,
            "RightMargin": 299.0,
            "TopMargin": 140.0,
            "BottomMargin": 140.0,
            "Tag": 117,
            "ActionTag": 2068706765,
            "Size": {
              "X": 682.0,
              "Y": 440.0
            },
            "Name": "Sprite_1",
            "ctype": "SpriteObjectData"
          },
          {
            "FileData": {
              "Type": "Normal",
              "Path": "image/ui/club/yysj.png",
              "Plist": ""
            },
            "BlendFunc": {
              "Src": 1,
              "Dst": 771
            },
            "AnchorPoint": {
              "ScaleX": 0.5,
              "ScaleY": 0.5
            },
            "Position": {
              "X": 645.9343,
              "Y": 597.2861
            },
            "Scale": {
              "ScaleX": 1.0,
              "ScaleY": 1.0
            },
            "CColor": {},
            "IconVisible": false,
            "PrePosition": {
              "X": 0.5046,
              "Y": 0.8296
            },
            "PreSize": {
              "X": 0.1437,
              "Y": 0.0986
            },
            "LeftMargin": 553.9343,
            "RightMargin": 542.0657,
            "TopMargin": 87.2139,
            "BottomMargin": 561.7861,
            "Tag": 151,
            "ActionTag": -913687107,
            "Size": {
              "X": 184.0,
              "Y": 71.0
            },
            "Name": "Sprite_13",
            "ctype": "SpriteObjectData"
          },
          {
            "FileData": {
              "Type": "Normal",
              "Path": "image/ui/club/colbg.png",
              "Plist": ""
            },
            "BlendFunc": {
              "Src": 1,
              "Dst": 771
            },
            "AnchorPoint": {
              "ScaleX": 0.5,
              "ScaleY": 0.5
            },
            "Position": {
              "X": 580.9991,
              "Y": 384.0
            },
            "Scale": {
              "ScaleX": 1.0,
              "ScaleY": 1.0
            },
            "CColor": {},
            "IconVisible": false,
            "PrePosition": {
              "X": 0.4539,
              "Y": 0.5333
            },
            "PreSize": {
              "X": 0.0359,
              "Y": 0.0458
            },
            "LeftMargin": 557.9991,
            "RightMargin": 676.0009,
            "TopMargin": 319.5,
            "BottomMargin": 367.5,
            "Tag": 152,
            "Children": [
              {
                "FontSize": 30,
                "LabelText": "时",
                "OutlineColor": {
                  "G": 0,
                  "B": 0
                },
                "ShadowColor": {
                  "R": 110,
                  "G": 110,
                  "B": 110
                },
                "ShadowOffsetX": 2.0,
                "ShadowOffsetY": -2.0,
                "AnchorPoint": {
                  "ScaleX": 0.5,
                  "ScaleY": 0.5
                },
                "Position": {
                  "X": 23.0,
                  "Y": 16.5
                },
                "Scale": {
                  "ScaleX": 1.0,
                  "ScaleY": 1.0
                },
                "CColor": {},
                "IconVisible": false,
                "PositionPercentXEnabled": true,
                "PositionPercentYEnabled": true,
                "PrePosition": {
                  "X": 0.5,
                  "Y": 0.5
                },
                "PreSize": {
                  "X": 0.6522,
                  "Y": 1.0303
                },
                "LeftMargin": 8.0,
                "RightMargin": 8.0,
                "TopMargin": -0.5,
                "BottomMargin": -0.5,
                "Tag": 153,
                "ActionTag": 308634153,
                "Size": {
                  "X": 30.0,
                  "Y": 34.0
                },
                "Name": "Text_5",
                "ctype": "TextObjectData"
              }
            ],
            "ActionTag": -445655703,
            "Size": {
              "X": 46.0,
              "Y": 33.0
            },
            "Name": "Sprite_14",
            "ctype": "SpriteObjectData"
          },
          {
            "FileData": {
              "Type": "Normal",
              "Path": "image/ui/club/colbg.png",
              "Plist": ""
            },
            "BlendFunc": {
              "Src": 1,
              "Dst": 771
            },
            "AnchorPoint": {
              "ScaleX": 0.5,
              "ScaleY": 0.5
            },
            "Position": {
              "X": 769.0,
              "Y": 384.0
            },
            "Scale": {
              "ScaleX": 1.0,
              "ScaleY": 1.0
            },
            "CColor": {},
            "IconVisible": false,
            "PrePosition": {
              "X": 0.6008,
              "Y": 0.5333
            },
            "PreSize": {
              "X": 0.0359,
              "Y": 0.0458
            },
            "LeftMargin": 746.0,
            "RightMargin": 488.0,
            "TopMargin": 319.5,
            "BottomMargin": 367.5,
            "Tag": 154,
            "Children": [
              {
                "FontSize": 30,
                "LabelText": "分",
                "OutlineColor": {
                  "G": 0,
                  "B": 0
                },
                "ShadowColor": {
                  "R": 110,
                  "G": 110,
                  "B": 110
                },
                "ShadowOffsetX": 2.0,
                "ShadowOffsetY": -2.0,
                "AnchorPoint": {
                  "ScaleX": 0.5,
                  "ScaleY": 0.5
                },
                "Position": {
                  "X": 23.0,
                  "Y": 16.5
                },
                "Scale": {
                  "ScaleX": 1.0,
                  "ScaleY": 1.0
                },
                "CColor": {},
                "IconVisible": false,
                "PositionPercentXEnabled": true,
                "PositionPercentYEnabled": true,
                "PrePosition": {
                  "X": 0.5,
                  "Y": 0.5
                },
                "PreSize": {
                  "X": 0.6522,
                  "Y": 1.0303
                },
                "LeftMargin": 8.0,
                "RightMargin": 8.0,
                "TopMargin": -0.5,
                "BottomMargin": -0.5,
                "Tag": 155,
                "ActionTag": 14112767,
                "Size": {
                  "X": 30.0,
                  "Y": 34.0
                },
                "Name": "Text_5",
                "ctype": "TextObjectData"
              }
            ],
            "ActionTag": 252978479,
            "Size": {
              "X": 46.0,
              "Y": 33.0
            },
            "Name": "Sprite_14_0",
            "ctype": "SpriteObjectData"
          },
          {
            "FileData": {
              "Type": "Normal",
              "Path": "image/ui/club/colbg.png",
              "Plist": ""
            },
            "BlendFunc": {
              "Src": 1,
              "Dst": 771
            },
            "AnchorPoint": {
              "ScaleX": 0.5,
              "ScaleY": 0.5
            },
            "Position": {
              "X": 769.0,
              "Y": 270.0
            },
            "Scale": {
              "ScaleX": 1.0,
              "ScaleY": 1.0
            },
            "CColor": {},
            "IconVisible": false,
            "PrePosition": {
              "X": 0.6008,
              "Y": 0.375
            },
            "PreSize": {
              "X": 0.0359,
              "Y": 0.0458
            },
            "LeftMargin": 746.0,
            "RightMargin": 488.0,
            "TopMargin": 433.5,
            "BottomMargin": 253.5,
            "Tag": 158,
            "Children": [
              {
                "FontSize": 30,
                "LabelText": "分",
                "OutlineColor": {
                  "G": 0,
                  "B": 0
                },
                "ShadowColor": {
                  "R": 110,
                  "G": 110,
                  "B": 110
                },
                "ShadowOffsetX": 2.0,
                "ShadowOffsetY": -2.0,
                "AnchorPoint": {
                  "ScaleX": 0.5,
                  "ScaleY": 0.5
                },
                "Position": {
                  "X": 23.0,
                  "Y": 16.5
                },
                "Scale": {
                  "ScaleX": 1.0,
                  "ScaleY": 1.0
                },
                "CColor": {},
                "IconVisible": false,
                "PositionPercentXEnabled": true,
                "PositionPercentYEnabled": true,
                "PrePosition": {
                  "X": 0.5,
                  "Y": 0.5
                },
                "PreSize": {
                  "X": 0.6522,
                  "Y": 1.0303
                },
                "LeftMargin": 8.0,
                "RightMargin": 8.0,
                "TopMargin": -0.5,
                "BottomMargin": -0.5,
                "Tag": 159,
                "ActionTag": -409505348,
                "Size": {
                  "X": 30.0,
                  "Y": 34.0
                },
                "Name": "Text_5",
                "ctype": "TextObjectData"
              }
            ],
            "ActionTag": 833193574,
            "Size": {
              "X": 46.0,
              "Y": 33.0
            },
            "Name": "Sprite_14_0_1",
            "ctype": "SpriteObjectData"
          },
          {
            "FileData": {
              "Type": "Normal",
              "Path": "image/ui/club/colbg.png",
              "Plist": ""
            },
            "BlendFunc": {
              "Src": 1,
              "Dst": 771
            },
            "AnchorPoint": {
              "ScaleX": 0.5,
              "ScaleY": 0.5
            },
            "Position": {
              "X": 581.0,
              "Y": 270.0
            },
            "Scale": {
              "ScaleX": 1.0,
              "ScaleY": 1.0
            },
            "CColor": {},
            "IconVisible": false,
            "PrePosition": {
              "X": 0.4539,
              "Y": 0.375
            },
            "PreSize": {
              "X": 0.0359,
              "Y": 0.0458
            },
            "LeftMargin": 558.0,
            "RightMargin": 676.0,
            "TopMargin": 433.5,
            "BottomMargin": 253.5,
            "Tag": 156,
            "Children": [
              {
                "FontSize": 30,
                "LabelText": "时",
                "OutlineColor": {
                  "G": 0,
                  "B": 0
                },
                "ShadowColor": {
                  "R": 110,
                  "G": 110,
                  "B": 110
                },
                "ShadowOffsetX": 2.0,
                "ShadowOffsetY": -2.0,
                "AnchorPoint": {
                  "ScaleX": 0.5,
                  "ScaleY": 0.5
                },
                "Position": {
                  "X": 23.0,
                  "Y": 16.5
                },
                "Scale": {
                  "ScaleX": 1.0,
                  "ScaleY": 1.0
                },
                "CColor": {},
                "IconVisible": false,
                "PositionPercentXEnabled": true,
                "PositionPercentYEnabled": true,
                "PrePosition": {
                  "X": 0.5,
                  "Y": 0.5
                },
                "PreSize": {
                  "X": 0.6522,
                  "Y": 1.0303
                },
                "LeftMargin": 8.0,
                "RightMargin": 8.0,
                "TopMargin": -0.5,
                "BottomMargin": -0.5,
                "Tag": 157,
                "ActionTag": 1175062884,
                "Size": {
                  "X": 30.0,
                  "Y": 34.0
                },
                "Name": "Text_5",
                "ctype": "TextObjectData"
              }
            ],
            "ActionTag": -1544230252,
            "Size": {
              "X": 46.0,
              "Y": 33.0
            },
            "Name": "Sprite_14_0_0",
            "ctype": "SpriteObjectData"
          },
          {
            "FileData": {
              "Type": "Default",
              "Path": "Default/Sprite.png",
              "Plist": ""
            },
            "BlendFunc": {
              "Src": 1,
              "Dst": 771
            },
            "AnchorPoint": {
              "ScaleX": 0.5,
              "ScaleY": 0.5
            },
            "Position": {
              "X": 503.0,
              "Y": 384.0
            },
            "Scale": {
              "ScaleX": 1.0,
              "ScaleY": 1.0
            },
            "CColor": {},
            "IconVisible": false,
            "PrePosition": {
              "X": 0.393,
              "Y": 0.5333
            },
            "PreSize": {
              "X": 0.0359,
              "Y": 0.0639
            },
            "LeftMargin": 480.0,
            "RightMargin": 754.0,
            "TopMargin": 313.0,
            "BottomMargin": 361.0,
            "Tag": 169,
            "ActionTag": 348692781,
            "Size": {
              "X": 46.0,
              "Y": 46.0
            },
            "VisibleForFrame": false,
            "Name": "tky0",
            "ctype": "SpriteObjectData"
          },
          {
            "FileData": {
              "Type": "Default",
              "Path": "Default/Sprite.png",
              "Plist": ""
            },
            "BlendFunc": {
              "Src": 1,
              "Dst": 771
            },
            "AnchorPoint": {
              "ScaleX": 0.5,
              "ScaleY": 0.5
            },
            "Position": {
              "X": 675.0,
              "Y": 384.0
            },
            "Scale": {
              "ScaleX": 1.0,
              "ScaleY": 1.0
            },
            "CColor": {},
            "IconVisible": false,
            "PrePosition": {
              "X": 0.5273,
              "Y": 0.5333
            },
            "PreSize": {
              "X": 0.0359,
              "Y": 0.0639
            },
            "LeftMargin": 652.0,
            "RightMargin": 582.0,
            "TopMargin": 313.0,
            "BottomMargin": 361.0,
            "Tag": 165,
            "ActionTag": 1113571694,
            "Size": {
              "X": 46.0,
              "Y": 46.0
            },
            "VisibleForFrame": false,
            "Name": "tky1",
            "ctype": "SpriteObjectData"
          },
          {
            "FileData": {
              "Type": "Default",
              "Path": "Default/Sprite.png",
              "Plist": ""
            },
            "BlendFunc": {
              "Src": 1,
              "Dst": 771
            },
            "AnchorPoint": {
              "ScaleX": 0.5,
              "ScaleY": 0.5
            },
            "Position": {
              "X": 503.0,
              "Y": 270.0
            },
            "Scale": {
              "ScaleX": 1.0,
              "ScaleY": 1.0
            },
            "CColor": {},
            "IconVisible": false,
            "PrePosition": {
              "X": 0.393,
              "Y": 0.375
            },
            "PreSize": {
              "X": 0.0359,
              "Y": 0.0639
            },
            "LeftMargin": 480.0,
            "RightMargin": 754.0,
            "TopMargin": 427.0,
            "BottomMargin": 247.0,
            "Tag": 170,
            "ActionTag": -26091616,
            "Size": {
              "X": 46.0,
              "Y": 46.0
            },
            "VisibleForFrame": false,
            "Name": "tdy0",
            "ctype": "SpriteObjectData"
          },
          {
            "FileData": {
              "Type": "Default",
              "Path": "Default/Sprite.png",
              "Plist": ""
            },
            "BlendFunc": {
              "Src": 1,
              "Dst": 771
            },
            "AnchorPoint": {
              "ScaleX": 0.5,
              "ScaleY": 0.5
            },
            "Position": {
              "X": 675.0,
              "Y": 270.0
            },
            "Scale": {
              "ScaleX": 1.0,
              "ScaleY": 1.0
            },
            "CColor": {},
            "IconVisible": false,
            "PrePosition": {
              "X": 0.5273,
              "Y": 0.375
            },
            "PreSize": {
              "X": 0.0359,
              "Y": 0.0639
            },
            "LeftMargin": 652.0,
            "RightMargin": 582.0,
            "TopMargin": 427.0,
            "BottomMargin": 247.0,
            "Tag": 171,
            "ActionTag": 459525287,
            "Size": {
              "X": 46.0,
              "Y": 46.0
            },
            "VisibleForFrame": false,
            "Name": "tdy1",
            "ctype": "SpriteObjectData"
          },
          {
            "FontSize": 36,
            "LabelText": "开放时间",
            "OutlineColor": {
              "G": 0,
              "B": 0
            },
            "ShadowColor": {
              "R": 110,
              "G": 110,
              "B": 110
            },
            "ShadowOffsetX": 2.0,
            "ShadowOffsetY": -2.0,
            "AnchorPoint": {
              "ScaleX": 0.5,
              "ScaleY": 0.5
            },
            "Position": {
              "X": 337.0,
              "Y": 486.0
            },
            "Scale": {
              "ScaleX": 1.0,
              "ScaleY": 1.0
            },
            "CColor": {
              "R": 219,
              "G": 110,
              "B": 45
            },
            "IconVisible": false,
            "PrePosition": {
              "X": 0.2633,
              "Y": 0.675
            },
            "PreSize": {
              "X": 0.1125,
              "Y": 0.0583
            },
            "LeftMargin": 265.0,
            "RightMargin": 871.0,
            "TopMargin": 213.0,
            "BottomMargin": 465.0,
            "Tag": 160,
            "ActionTag": -279046324,
            "Size": {
              "X": 144.0,
              "Y": 42.0
            },
            "Name": "Text_9",
            "ctype": "TextObjectData"
          },
          {
            "FontSize": 36,
            "LabelText": "开业时间",
            "OutlineColor": {
              "G": 0,
              "B": 0
            },
            "ShadowColor": {
              "R": 110,
              "G": 110,
              "B": 110
            },
            "ShadowOffsetX": 2.0,
            "ShadowOffsetY": -2.0,
            "AnchorPoint": {
              "ScaleX": 0.5,
              "ScaleY": 0.5
            },
            "Position": {
              "X": 337.0002,
              "Y": 384.0
            },
            "Scale": {
              "ScaleX": 1.0,
              "ScaleY": 1.0
            },
            "CColor": {
              "R": 54,
              "G": 129,
              "B": 202
            },
            "IconVisible": false,
            "PrePosition": {
              "X": 0.2633,
              "Y": 0.5333
            },
            "PreSize": {
              "X": 0.1125,
              "Y": 0.0583
            },
            "LeftMargin": 265.0002,
            "RightMargin": 870.9998,
            "TopMargin": 315.0,
            "BottomMargin": 363.0,
            "Tag": 161,
            "ActionTag": 1072009553,
            "Size": {
              "X": 144.0,
              "Y": 42.0
            },
            "Name": "Text_9_0",
            "ctype": "TextObjectData"
          },
          {
            "FontSize": 36,
            "LabelText": "打烊时间",
            "OutlineColor": {
              "G": 0,
              "B": 0
            },
            "ShadowColor": {
              "R": 110,
              "G": 110,
              "B": 110
            },
            "ShadowOffsetX": 2.0,
            "ShadowOffsetY": -2.0,
            "AnchorPoint": {
              "ScaleX": 0.5,
              "ScaleY": 0.5
            },
            "Position": {
              "X": 337.0,
              "Y": 270.0
            },
            "Scale": {
              "ScaleX": 1.0,
              "ScaleY": 1.0
            },
            "CColor": {
              "R": 54,
              "G": 129,
              "B": 202
            },
            "IconVisible": false,
            "PrePosition": {
              "X": 0.2633,
              "Y": 0.375
            },
            "PreSize": {
              "X": 0.1125,
              "Y": 0.0583
            },
            "LeftMargin": 265.0,
            "RightMargin": 871.0,
            "TopMargin": 429.0,
            "BottomMargin": 249.0,
            "Tag": 162,
            "ActionTag": 1369574719,
            "Size": {
              "X": 144.0,
              "Y": 42.0
            },
            "Name": "Text_9_0_0",
            "ctype": "TextObjectData"
          },
          {
            "FileData": {
              "Type": "Normal",
              "Path": "image/ui/club/btn_ok.png",
              "Plist": ""
            },
            "BlendFunc": {
              "Src": 1,
              "Dst": 771
            },
            "AnchorPoint": {
              "ScaleX": 0.5,
              "ScaleY": 0.5
            },
            "Position": {
              "X": 640.0,
              "Y": 153.9975
            },
            "Scale": {
              "ScaleX": 1.0,
              "ScaleY": 1.0
            },
            "CColor": {},
            "IconVisible": false,
            "PositionPercentXEnabled": true,
            "PrePosition": {
              "X": 0.5,
              "Y": 0.2139
            },
            "PreSize": {
              "X": 0.1758,
              "Y": 0.0931
            },
            "LeftMargin": 527.5,
            "RightMargin": 527.5,
            "TopMargin": 532.5025,
            "BottomMargin": 120.4975,
            "Tag": 150,
            "ActionTag": 1980558504,
            "Size": {
              "X": 225.0,
              "Y": 67.0
            },
            "Name": "btn_queding",
            "ctype": "SpriteObjectData"
          },
          {
            "FileData": {
              "Type": "Normal",
              "Path": "image/ui/club/ctxiugai.png",
              "Plist": ""
            },
            "BlendFunc": {
              "Src": 1,
              "Dst": 771
            },
            "AnchorPoint": {
              "ScaleX": 0.5,
              "ScaleY": 0.5
            },
            "Position": {
              "X": 937.0001,
              "Y": 271.0
            },
            "Scale": {
              "ScaleX": 1.0,
              "ScaleY": 1.0
            },
            "CColor": {},
            "IconVisible": false,
            "PrePosition": {
              "X": 0.732,
              "Y": 0.3764
            },
            "PreSize": {
              "X": 0.1273,
              "Y": 0.0833
            },
            "LeftMargin": 855.5001,
            "RightMargin": 261.4999,
            "TopMargin": 419.0,
            "BottomMargin": 241.0,
            "Tag": 163,
            "ActionTag": 363486753,
            "Size": {
              "X": 163.0,
              "Y": 60.0
            },
            "Name": "btn_xiugai",
            "ctype": "SpriteObjectData"
          },
          {
            "FileData": {
              "Type": "Normal",
              "Path": "image/ui/club/ctqueren.png",
              "Plist": ""
            },
            "BlendFunc": {
              "Src": 1,
              "Dst": 771
            },
            "AnchorPoint": {
              "ScaleX": 0.5,
              "ScaleY": 0.5
            },
            "Position": {
              "X": 937.0,
              "Y": 271.0
            },
            "Scale": {
              "ScaleX": 1.0,
              "ScaleY": 1.0
            },
            "CColor": {},
            "IconVisible": false,
            "PrePosition": {
              "X": 0.732,
              "Y": 0.3764
            },
            "PreSize": {
              "X": 0.1273,
              "Y": 0.0833
            },
            "LeftMargin": 855.5,
            "RightMargin": 261.5,
            "TopMargin": 419.0,
            "BottomMargin": 241.0,
            "Tag": 164,
            "ActionTag": -789626066,
            "Size": {
              "X": 163.0,
              "Y": 60.0
            },
            "VisibleForFrame": false,
            "Name": "btn_queren",
            "ctype": "SpriteObjectData"
          },
          {
            "FileData": {
              "Type": "Normal",
              "Path": "image/ui/club/btn_close2.png",
              "Plist": ""
            },
            "BlendFunc": {
              "Src": 1,
              "Dst": 771
            },
            "AnchorPoint": {
              "ScaleX": 0.5,
              "ScaleY": 0.5
            },
            "Position": {
              "X": 1049.1473,
              "Y": 557.0214
            },
            "Scale": {
              "ScaleX": 1.0,
              "ScaleY": 1.0
            },
            "CColor": {},
            "IconVisible": false,
            "PrePosition": {
              "X": 0.8196,
              "Y": 0.7736
            },
            "PreSize": {
              "X": 0.05,
              "Y": 0.0889
            },
            "LeftMargin": 1017.1473,
            "RightMargin": 198.8527,
            "TopMargin": 130.9786,
            "BottomMargin": 525.0214,
            "Tag": 184,
            "ActionTag": -164411684,
            "Size": {
              "X": 64.0,
              "Y": 64.0
            },
            "Name": "btn_close",
            "ctype": "SpriteObjectData"
          },
          {
            "FileData": {
              "Type": "Normal",
              "Path": "image/ui/club/guan.png",
              "Plist": ""
            },
            "BlendFunc": {
              "Src": 1,
              "Dst": 771
            },
            "AnchorPoint": {
              "ScaleX": 0.5,
              "ScaleY": 0.5
            },
            "Position": {
              "X": 492.0,
              "Y": 486.0
            },
            "Scale": {
              "ScaleX": 1.0,
              "ScaleY": 1.0
            },
            "CColor": {},
            "IconVisible": false,
            "PrePosition": {
              "X": 0.3844,
              "Y": 0.675
            },
            "PreSize": {
              "X": 0.0875,
              "Y": 0.0639
            },
            "LeftMargin": 436.0,
            "RightMargin": 732.0,
            "TopMargin": 211.0,
            "BottomMargin": 463.0,
            "Tag": 186,
            "Children": [
              {
                "FileData": {
                  "Type": "Normal",
                  "Path": "image/ui/club/kgll.png",
                  "Plist": ""
                },
                "BlendFunc": {
                  "Src": 1,
                  "Dst": 771
                },
                "AnchorPoint": {
                  "ScaleX": 0.5,
                  "ScaleY": 0.5
                },
                "Position": {
                  "X": 19.0,
                  "Y": 20.4777
                },
                "Scale": {
                  "ScaleX": 1.0,
                  "ScaleY": 1.0
                },
                "CColor": {},
                "IconVisible": false,
                "PrePosition": {
                  "X": 0.1696,
                  "Y": 0.4452
                },
                "PreSize": {
                  "X": 1.0,
                  "Y": 1.0
                },
                "LeftMargin": -37.0,
                "RightMargin": 37.0,
                "TopMargin": 2.5223,
                "BottomMargin": -2.5223,
                "Tag": 188,
                "ActionTag": 467206775,
                "Size": {
                  "X": 46.0,
                  "Y": 47.0
                },
                "Name": "Sprite_36",
                "ctype": "SpriteObjectData"
              }
            ],
            "ActionTag": -107484974,
            "Size": {
              "X": 112.0,
              "Y": 46.0
            },
            "Name": "btn_guan",
            "ctype": "SpriteObjectData"
          },
          {
            "FileData": {
              "Type": "Normal",
              "Path": "image/ui/club/kai.png",
              "Plist": ""
            },
            "BlendFunc": {
              "Src": 1,
              "Dst": 771
            },
            "AnchorPoint": {
              "ScaleX": 0.5,
              "ScaleY": 0.5
            },
            "Position": {
              "X": 492.0,
              "Y": 486.0
            },
            "Scale": {
              "ScaleX": 1.0,
              "ScaleY": 1.0
            },
            "CColor": {},
            "IconVisible": false,
            "PrePosition": {
              "X": 0.3844,
              "Y": 0.675
            },
            "PreSize": {
              "X": 0.0359,
              "Y": 0.0639
            },
            "LeftMargin": 469.0,
            "RightMargin": 765.0,
            "TopMargin": 211.0,
            "BottomMargin": 463.0,
            "Tag": 187,
            "Children": [
              {
                "FileData": {
                  "Type": "Normal",
                  "Path": "image/ui/club/kgll.png",
                  "Plist": ""
                },
                "BlendFunc": {
                  "Src": 1,
                  "Dst": 771
                },
                "AnchorPoint": {
                  "ScaleX": 0.5,
                  "ScaleY": 0.5
                },
                "Position": {
                  "X": 93.9999,
                  "Y": 21.0001
                },
                "Scale": {
                  "ScaleX": 1.0,
                  "ScaleY": 1.0
                },
                "CColor": {},
                "IconVisible": false,
                "PrePosition": {
                  "X": 2.0435,
                  "Y": 0.4565
                },
                "PreSize": {
                  "X": 1.0,
                  "Y": 1.0
                },
                "LeftMargin": 70.9999,
                "RightMargin": -70.9999,
                "TopMargin": 1.9999,
                "BottomMargin": -1.9999,
                "Tag": 189,
                "ActionTag": -675472081,
                "Size": {
                  "X": 46.0,
                  "Y": 47.0
                },
                "Name": "Sprite_37",
                "ctype": "SpriteObjectData"
              }
            ],
            "ActionTag": -464520447,
            "Size": {
              "X": 112.0,
              "Y": 46.0
            },
            "VisibleForFrame": false,
            "Name": "btn_kai",
            "ctype": "SpriteObjectData"
          },
          {
            "FileData": {
              "Type": "Normal",
              "Path": "image/ui/club/cwenhao.png",
              "Plist": ""
            },
            "BlendFunc": {
              "Src": 1,
              "Dst": 771
            },
            "AnchorPoint": {
              "ScaleX": 0.5,
              "ScaleY": 0.5
            },
            "Position": {
              "X": 964.3144,
              "Y": 557.4552
            },
            "Scale": {
              "ScaleX": 1.0,
              "ScaleY": 1.0
            },
            "CColor": {},
            "IconVisible": false,
            "PrePosition": {
              "X": 0.7534,
              "Y": 0.7742
            },
            "PreSize": {
              "X": 0.0508,
              "Y": 0.0931
            },
            "LeftMargin": 931.8144,
            "RightMargin": 283.1856,
            "TopMargin": 129.0448,
            "BottomMargin": 523.9552,
            "Tag": 32,
            "ActionTag": 941303355,
            "Size": {
              "X": 65.0,
              "Y": 67.0
            },
            "Name": "btn_help",
            "ctype": "SpriteObjectData"
          }
        ],
        "Size": {
          "X": 1280.0,
          "Y": 720.0
        },
        "Name": "Layer",
        "ctype": "LayerObjectData"
      },
      "UsedResources": [
        "../../Default/Sprite.png",
        "../../image/ui/club/btn_close2.png",
        "../../image/ui/club/btn_ok.png",
        "../../image/ui/club/colbg.png",
        "../../image/ui/club/ctqueren.png",
        "../../image/ui/club/ctxiugai.png",
        "../../image/ui/club/cwenhao.png",
        "../../image/ui/club/guan.png",
        "../../image/ui/club/kai.png",
        "../../image/ui/club/kgll.png",
        "../../image/ui/club/view_show_bg.png",
        "../../image/ui/club/yysj.png"
      ],
      "ctype": "GameFileData"
    }
  },
  "Type": "Layer"
}